<?xml version='1.0' encoding='utf-8'?>
<gpx version="1.1" creator="OpenTrack rally2gpx source authoring" xmlns="http://www.topografix.com/GPX/1/1"><metadata><name>SS 1+4 - Orara East</name><link href="https://www.rally-maps.com/Rally-Australia-2018" /><desc>Complete source route; Rally-Maps spline tangents expanded before GPX export. No source elevation is supplied.</desc></metadata><trk><trkseg><trkpt lat="-30.134882602" lon="153.093290612" /><trkpt lat="-30.134884661" lon="153.093297930" /><trkpt lat="-30.134886667" lon="153.093305402" /><trkpt lat="-30.134888628" lon="153.093313034" /><trkpt lat="-30.134890551" lon="153.093320830" /><trkpt lat="-30.134892445" lon="153.093328796" /><trkpt lat="-30.134894316" lon="153.093336936" /><trkpt lat="-30.134896172" lon="153.093345255" /><trkpt lat="-30.134898022" lon="153.093353759" /><trkpt lat="-30.134899872" lon="153.093362451" /><trkpt lat="-30.134901731" lon="153.093371337" /><trkpt lat="-30.134903605" lon="153.093380423" /><trkpt lat="-30.134905503" lon="153.093389712" /><trkpt lat="-30.134907433" lon="153.093399210" /><trkpt lat="-30.134909401" lon="153.093408921" /><trkpt lat="-30.134911416" lon="153.093418852" /><trkpt lat="-30.134913484" lon="153.093429005" /><trkpt lat="-30.134915615" lon="153.093439388" /><trkpt lat="-30.134917815" lon="153.093450003" /><trkpt lat="-30.134920092" lon="153.093460857" /><trkpt lat="-30.134922453" lon="153.093471954" /><trkpt lat="-30.134924907" lon="153.093483299" /><trkpt lat="-30.134927461" lon="153.093494897" /><trkpt lat="-30.134930123" lon="153.093506753" /><trkpt lat="-30.134932900" lon="153.093518872" /><trkpt lat="-30.134935799" lon="153.093531259" /><trkpt lat="-30.134938829" lon="153.093543919" /><trkpt lat="-30.134941997" lon="153.093556856" /><trkpt lat="-30.134945311" lon="153.093570076" /><trkpt lat="-30.134948779" lon="153.093583583" /><trkpt lat="-30.134952407" lon="153.093597383" /><trkpt lat="-30.134954715" lon="153.093606133" /><trkpt lat="-30.134957263" lon="153.093615947" /><trkpt lat="-30.134960042" lon="153.093626780" /><trkpt lat="-30.134963043" lon="153.093638587" /><trkpt lat="-30.134966253" lon="153.093651324" /><trkpt lat="-30.134969664" lon="153.093664946" /><trkpt lat="-30.134973264" lon="153.093679410" /><trkpt lat="-30.134977044" lon="153.093694670" /><trkpt lat="-30.134980993" lon="153.093710682" /><trkpt lat="-30.134985101" lon="153.093727403" /><trkpt lat="-30.134989358" lon="153.093744787" /><trkpt lat="-30.134993753" lon="153.093762790" /><trkpt lat="-30.134998276" lon="153.093781367" /><trkpt lat="-30.135002917" lon="153.093800475" /><trkpt lat="-30.135007666" lon="153.093820069" /><trkpt lat="-30.135012512" lon="153.093840105" /><trkpt lat="-30.135017445" lon="153.093860537" /><trkpt lat="-30.135022454" lon="153.093881322" /><trkpt lat="-30.135027530" lon="153.093902416" /><trkpt lat="-30.135032662" lon="153.093923773" /><trkpt lat="-30.135037840" lon="153.093945350" /><trkpt lat="-30.135043054" lon="153.093967101" /><trkpt lat="-30.135048293" lon="153.093988984" /><trkpt lat="-30.135053546" lon="153.094010953" /><trkpt lat="-30.135058805" lon="153.094032963" /><trkpt lat="-30.135064058" lon="153.094054971" /><trkpt lat="-30.135069295" lon="153.094076932" /><trkpt lat="-30.135074506" lon="153.094098802" /><trkpt lat="-30.135079681" lon="153.094120536" /><trkpt lat="-30.135084809" lon="153.094142090" /><trkpt lat="-30.135089880" lon="153.094163419" /><trkpt lat="-30.135094883" lon="153.094184479" /><trkpt lat="-30.135099810" lon="153.094205226" /><trkpt lat="-30.135104648" lon="153.094225616" /><trkpt lat="-30.135109388" lon="153.094245602" /><trkpt lat="-30.135114020" lon="153.094265143" /><trkpt lat="-30.135118533" lon="153.094284192" /><trkpt lat="-30.135122917" lon="153.094302706" /><trkpt lat="-30.135127162" lon="153.094320641" /><trkpt lat="-30.135131258" lon="153.094337951" /><trkpt lat="-30.135135194" lon="153.094354592" /><trkpt lat="-30.135138959" lon="153.094370520" /><trkpt lat="-30.135142544" lon="153.094385691" /><trkpt lat="-30.135145939" lon="153.094400061" /><trkpt lat="-30.135149133" lon="153.094413584" /><trkpt lat="-30.135152115" lon="153.094426216" /><trkpt lat="-30.135154876" lon="153.094437914" /><trkpt lat="-30.135157405" lon="153.094448632" /><trkpt lat="-30.135159692" lon="153.094458326" /><trkpt lat="-30.135161727" lon="153.094466952" /><trkpt lat="-30.135163499" lon="153.094474465" /><trkpt lat="-30.135165022" lon="153.094480984" /><trkpt lat="-30.135166753" lon="153.094488518" /><trkpt lat="-30.135168686" lon="153.094497032" /><trkpt lat="-30.135170815" lon="153.094506494" /><trkpt lat="-30.135173132" lon="153.094516870" /><trkpt lat="-30.135175630" lon="153.094528127" /><trkpt lat="-30.135178304" lon="153.094540231" /><trkpt lat="-30.135181145" lon="153.094553149" /><trkpt lat="-30.135184147" lon="153.094566848" /><trkpt lat="-30.135187304" lon="153.094581294" /><trkpt lat="-30.135190608" lon="153.094596453" /><trkpt lat="-30.135194053" lon="153.094612293" /><trkpt lat="-30.135197631" lon="153.094628780" /><trkpt lat="-30.135201336" lon="153.094645880" /><trkpt lat="-30.135205161" lon="153.094663560" /><trkpt lat="-30.135209100" lon="153.094681788" /><trkpt lat="-30.135213145" lon="153.094700528" /><trkpt lat="-30.135217289" lon="153.094719748" /><trkpt lat="-30.135221526" lon="153.094739415" /><trkpt lat="-30.135225849" lon="153.094759495" /><trkpt lat="-30.135230251" lon="153.094779955" /><trkpt lat="-30.135234725" lon="153.094800761" /><trkpt lat="-30.135239264" lon="153.094821880" /><trkpt lat="-30.135243862" lon="153.094843278" /><trkpt lat="-30.135248511" lon="153.094864923" /><trkpt lat="-30.135253205" lon="153.094886780" /><trkpt lat="-30.135257937" lon="153.094908817" /><trkpt lat="-30.135262700" lon="153.094931000" /><trkpt lat="-30.135267488" lon="153.094953295" /><trkpt lat="-30.135272292" lon="153.094975669" /><trkpt lat="-30.135277108" lon="153.094998089" /><trkpt lat="-30.135281927" lon="153.095020521" /><trkpt lat="-30.135286743" lon="153.095042932" /><trkpt lat="-30.135291549" lon="153.095065289" /><trkpt lat="-30.135296338" lon="153.095087557" /><trkpt lat="-30.135301104" lon="153.095109705" /><trkpt lat="-30.135305839" lon="153.095131697" /><trkpt lat="-30.135310537" lon="153.095153502" /><trkpt lat="-30.135315191" lon="153.095175085" /><trkpt lat="-30.135319793" lon="153.095196414" /><trkpt lat="-30.135324338" lon="153.095217454" /><trkpt lat="-30.135328818" lon="153.095238172" /><trkpt lat="-30.135333227" lon="153.095258535" /><trkpt lat="-30.135337557" lon="153.095278510" /><trkpt lat="-30.135341802" lon="153.095298062" /><trkpt lat="-30.135345955" lon="153.095317160" /><trkpt lat="-30.135350009" lon="153.095335769" /><trkpt lat="-30.135353958" lon="153.095353855" /><trkpt lat="-30.135357794" lon="153.095371386" /><trkpt lat="-30.135361510" lon="153.095388329" /><trkpt lat="-30.135365100" lon="153.095404649" /><trkpt lat="-30.135368557" lon="153.095420313" /><trkpt lat="-30.135371874" lon="153.095435288" /><trkpt lat="-30.135375045" lon="153.095449541" /><trkpt lat="-30.135378061" lon="153.095463037" /><trkpt lat="-30.135380918" lon="153.095475745" /><trkpt lat="-30.135383607" lon="153.095487630" /><trkpt lat="-30.135386121" lon="153.095498658" /><trkpt lat="-30.135388455" lon="153.095508797" /><trkpt lat="-30.135390678" lon="153.095518417" /><trkpt lat="-30.135393076" lon="153.095528830" /><trkpt lat="-30.135395643" lon="153.095540009" /><trkpt lat="-30.135398375" lon="153.095551927" /><trkpt lat="-30.135401264" lon="153.095564557" /><trkpt lat="-30.135404305" lon="153.095577872" /><trkpt lat="-30.135407491" lon="153.095591847" /><trkpt lat="-30.135410818" lon="153.095606452" /><trkpt lat="-30.135414278" lon="153.095621663" /><trkpt lat="-30.135417866" lon="153.095637452" /><trkpt lat="-30.135421576" lon="153.095653792" /><trkpt lat="-30.135425402" lon="153.095670656" /><trkpt lat="-30.135429338" lon="153.095688018" /><trkpt lat="-30.135433378" lon="153.095705850" /><trkpt lat="-30.135437515" lon="153.095724127" /><trkpt lat="-30.135441745" lon="153.095742820" /><trkpt lat="-30.135446061" lon="153.095761903" /><trkpt lat="-30.135450457" lon="153.095781350" /><trkpt lat="-30.135454926" lon="153.095801133" /><trkpt lat="-30.135459464" lon="153.095821225" /><trkpt lat="-30.135464064" lon="153.095841601" /><trkpt lat="-30.135468720" lon="153.095862232" /><trkpt lat="-30.135473427" lon="153.095883092" /><trkpt lat="-30.135478177" lon="153.095904155" /><trkpt lat="-30.135482966" lon="153.095925392" /><trkpt lat="-30.135487787" lon="153.095946779" /><trkpt lat="-30.135492634" lon="153.095968287" /><trkpt lat="-30.135497501" lon="153.095989890" /><trkpt lat="-30.135502383" lon="153.096011561" /><trkpt lat="-30.135507273" lon="153.096033272" /><trkpt lat="-30.135512166" lon="153.096054999" /><trkpt lat="-30.135517055" lon="153.096076712" /><trkpt lat="-30.135521934" lon="153.096098387" /><trkpt lat="-30.135526798" lon="153.096119995" /><trkpt lat="-30.135531640" lon="153.096141510" /><trkpt lat="-30.135536454" lon="153.096162905" /><trkpt lat="-30.135541235" lon="153.096184153" /><trkpt lat="-30.135545977" lon="153.096205227" /><trkpt lat="-30.135550673" lon="153.096226101" /><trkpt lat="-30.135555318" lon="153.096246748" /><trkpt lat="-30.135559905" lon="153.096267141" /><trkpt lat="-30.135564429" lon="153.096287252" /><trkpt lat="-30.135568884" lon="153.096307056" /><trkpt lat="-30.135573263" lon="153.096326525" /><trkpt lat="-30.135577561" lon="153.096345633" /><trkpt lat="-30.135581772" lon="153.096364352" /><trkpt lat="-30.135585889" lon="153.096382656" /><trkpt lat="-30.135589908" lon="153.096400517" /><trkpt lat="-30.135593821" lon="153.096417910" /><trkpt lat="-30.135597623" lon="153.096434807" /><trkpt lat="-30.135601307" lon="153.096451182" /><trkpt lat="-30.135604869" lon="153.096467007" /><trkpt lat="-30.135608301" lon="153.096482256" /><trkpt lat="-30.135611599" lon="153.096496901" /><trkpt lat="-30.135614755" lon="153.096510917" /><trkpt lat="-30.135617764" lon="153.096524275" /><trkpt lat="-30.135620620" lon="153.096536950" /><trkpt lat="-30.135623318" lon="153.096548915" /><trkpt lat="-30.135625850" lon="153.096560142" /><trkpt lat="-30.135628211" lon="153.096570605" /><trkpt lat="-30.135630396" lon="153.096580277" /><trkpt lat="-30.135632397" lon="153.096589130" /><trkpt lat="-30.135635864" lon="153.096604574" /><trkpt lat="-30.135639303" lon="153.096620140" /><trkpt lat="-30.135642708" lon="153.096635828" /><trkpt lat="-30.135646076" lon="153.096651637" /><trkpt lat="-30.135649402" lon="153.096667569" /><trkpt lat="-30.135652681" lon="153.096683623" /><trkpt lat="-30.135655909" lon="153.096699800" /><trkpt lat="-30.135659080" lon="153.096716101" /><trkpt lat="-30.135662191" lon="153.096732524" /><trkpt lat="-30.135665236" lon="153.096749071" /><trkpt lat="-30.135668212" lon="153.096765741" /><trkpt lat="-30.135671113" lon="153.096782536" /><trkpt lat="-30.135673934" lon="153.096799454" /><trkpt lat="-30.135676672" lon="153.096816497" /><trkpt lat="-30.135679322" lon="153.096833665" /><trkpt lat="-30.135681878" lon="153.096850957" /><trkpt lat="-30.135684336" lon="153.096868375" /><trkpt lat="-30.135686693" lon="153.096885918" /><trkpt lat="-30.135688942" lon="153.096903586" /><trkpt lat="-30.135691080" lon="153.096921380" /><trkpt lat="-30.135693101" lon="153.096939300" /><trkpt lat="-30.135695002" lon="153.096957346" /><trkpt lat="-30.135696777" lon="153.096975519" /><trkpt lat="-30.135698422" lon="153.096993818" /><trkpt lat="-30.135699932" lon="153.097012244" /><trkpt lat="-30.135701303" lon="153.097030798" /><trkpt lat="-30.135702530" lon="153.097049479" /><trkpt lat="-30.135703609" lon="153.097068287" /><trkpt lat="-30.135704534" lon="153.097087223" /><trkpt lat="-30.135705301" lon="153.097106287" /><trkpt lat="-30.135705906" lon="153.097125480" /><trkpt lat="-30.135706344" lon="153.097144801" /><trkpt lat="-30.135706610" lon="153.097164250" /><trkpt lat="-30.135706700" lon="153.097183829" /><trkpt lat="-30.135706687" lon="153.097198428" /><trkpt lat="-30.135706649" lon="153.097213185" /><trkpt lat="-30.135706588" lon="153.097228101" /><trkpt lat="-30.135706504" lon="153.097243174" /><trkpt lat="-30.135706401" lon="153.097258403" /><trkpt lat="-30.135706277" lon="153.097273788" /><trkpt lat="-30.135706137" lon="153.097289327" /><trkpt lat="-30.135705980" lon="153.097305021" /><trkpt lat="-30.135705808" lon="153.097320867" /><trkpt lat="-30.135705622" lon="153.097336866" /><trkpt lat="-30.135705425" lon="153.097353016" /><trkpt lat="-30.135705217" lon="153.097369317" /><trkpt lat="-30.135705000" lon="153.097385768" /><trkpt lat="-30.135704775" lon="153.097402368" /><trkpt lat="-30.135704544" lon="153.097419116" /><trkpt lat="-30.135704308" lon="153.097436011" /><trkpt lat="-30.135704069" lon="153.097453053" /><trkpt lat="-30.135703827" lon="153.097470240" /><trkpt lat="-30.135703585" lon="153.097487572" /><trkpt lat="-30.135703344" lon="153.097505048" /><trkpt lat="-30.135703105" lon="153.097522667" /><trkpt lat="-30.135702870" lon="153.097540429" /><trkpt lat="-30.135702640" lon="153.097558332" /><trkpt lat="-30.135702417" lon="153.097576376" /><trkpt lat="-30.135702201" lon="153.097594560" /><trkpt lat="-30.135701995" lon="153.097612883" /><trkpt lat="-30.135701800" lon="153.097631344" /><trkpt lat="-30.135701618" lon="153.097649943" /><trkpt lat="-30.135701448" lon="153.097668678" /><trkpt lat="-30.135701295" lon="153.097687548" /><trkpt lat="-30.135701157" lon="153.097706554" /><trkpt lat="-30.135701038" lon="153.097725694" /><trkpt lat="-30.135700938" lon="153.097744967" /><trkpt lat="-30.135700859" lon="153.097764372" /><trkpt lat="-30.135700802" lon="153.097783909" /><trkpt lat="-30.135700770" lon="153.097803577" /><trkpt lat="-30.135700762" lon="153.097823375" /><trkpt lat="-30.135700781" lon="153.097843302" /><trkpt lat="-30.135700827" lon="153.097863357" /><trkpt lat="-30.135700904" lon="153.097883540" /><trkpt lat="-30.135701011" lon="153.097903849" /><trkpt lat="-30.135701150" lon="153.097924285" /><trkpt lat="-30.135701324" lon="153.097944845" /><trkpt lat="-30.135701532" lon="153.097965529" /><trkpt lat="-30.135701777" lon="153.097986337" /><trkpt lat="-30.135702060" lon="153.098007267" /><trkpt lat="-30.135702349" lon="153.098032402" /><trkpt lat="-30.135702485" lon="153.098056993" /><trkpt lat="-30.135702476" lon="153.098081053" /><trkpt lat="-30.135702325" lon="153.098104593" /><trkpt lat="-30.135702039" lon="153.098127627" /><trkpt lat="-30.135701623" lon="153.098150167" /><trkpt lat="-30.135701083" lon="153.098172224" /><trkpt lat="-30.135700423" lon="153.098193811" /><trkpt lat="-30.135699651" lon="153.098214940" /><trkpt lat="-30.135698770" lon="153.098235623" /><trkpt lat="-30.135697787" lon="153.098255874" /><trkpt lat="-30.135696707" lon="153.098275703" /><trkpt lat="-30.135695536" lon="153.098295123" /><trkpt lat="-30.135694278" lon="153.098314146" /><trkpt lat="-30.135692940" lon="153.098332786" /><trkpt lat="-30.135691527" lon="153.098351053" /><trkpt lat="-30.135690045" lon="153.098368960" /><trkpt lat="-30.135688499" lon="153.098386519" /><trkpt lat="-30.135686894" lon="153.098403743" /><trkpt lat="-30.135685236" lon="153.098420644" /><trkpt lat="-30.135683530" lon="153.098437234" /><trkpt lat="-30.135681783" lon="153.098453525" /><trkpt lat="-30.135679999" lon="153.098469529" /><trkpt lat="-30.135678184" lon="153.098485260" /><trkpt lat="-30.135676344" lon="153.098500728" /><trkpt lat="-30.135674483" lon="153.098515946" /><trkpt lat="-30.135672608" lon="153.098530927" /><trkpt lat="-30.135670723" lon="153.098545683" /><trkpt lat="-30.135668836" lon="153.098560226" /><trkpt lat="-30.135666950" lon="153.098574568" /><trkpt lat="-30.135665071" lon="153.098588721" /><trkpt lat="-30.135663205" lon="153.098602698" /><trkpt lat="-30.135661358" lon="153.098616511" /><trkpt lat="-30.135659535" lon="153.098630172" /><trkpt lat="-30.135657741" lon="153.098643694" /><trkpt lat="-30.135655982" lon="153.098657088" /><trkpt lat="-30.135654263" lon="153.098670367" /><trkpt lat="-30.135652590" lon="153.098683543" /><trkpt lat="-30.135650981" lon="153.098696195" /><trkpt lat="-30.135649289" lon="153.098709200" /><trkpt lat="-30.135647516" lon="153.098722551" /><trkpt lat="-30.135645666" lon="153.098736237" /><trkpt lat="-30.135643742" lon="153.098750252" /><trkpt lat="-30.135641747" lon="153.098764586" /><trkpt lat="-30.135639685" lon="153.098779231" /><trkpt lat="-30.135637558" lon="153.098794179" /><trkpt lat="-30.135635371" lon="153.098809419" /><trkpt lat="-30.135633126" lon="153.098824946" /><trkpt lat="-30.135630827" lon="153.098840748" /><trkpt lat="-30.135628477" lon="153.098856819" /><trkpt lat="-30.135626079" lon="153.098873149" /><trkpt lat="-30.135623636" lon="153.098889730" /><trkpt lat="-30.135621152" lon="153.098906554" /><trkpt lat="-30.135618630" lon="153.098923611" /><trkpt lat="-30.135616073" lon="153.098940894" /><trkpt lat="-30.135613484" lon="153.098958393" /><trkpt lat="-30.135610868" lon="153.098976101" /><trkpt lat="-30.135608226" lon="153.098994008" /><trkpt lat="-30.135605563" lon="153.099012107" /><trkpt lat="-30.135602881" lon="153.099030388" /><trkpt lat="-30.135600183" lon="153.099048843" /><trkpt lat="-30.135597474" lon="153.099067463" /><trkpt lat="-30.135594757" lon="153.099086241" /><trkpt lat="-30.135592033" lon="153.099105167" /><trkpt lat="-30.135589308" lon="153.099124232" /><trkpt lat="-30.135586583" lon="153.099143429" /><trkpt lat="-30.135583863" lon="153.099162749" /><trkpt lat="-30.135581151" lon="153.099182182" /><trkpt lat="-30.135578450" lon="153.099201722" /><trkpt lat="-30.135575762" lon="153.099221358" /><trkpt lat="-30.135573092" lon="153.099241083" /><trkpt lat="-30.135570443" lon="153.099260888" /><trkpt lat="-30.135567817" lon="153.099280764" /><trkpt lat="-30.135565219" lon="153.099300703" /><trkpt lat="-30.135562651" lon="153.099320696" /><trkpt lat="-30.135560117" lon="153.099340736" /><trkpt lat="-30.135557620" lon="153.099360812" /><trkpt lat="-30.135555163" lon="153.099380917" /><trkpt lat="-30.135552726" lon="153.099401372" /><trkpt lat="-30.135550408" lon="153.099421482" /><trkpt lat="-30.135548205" lon="153.099441264" /><trkpt lat="-30.135546115" lon="153.099460734" /><trkpt lat="-30.135544133" lon="153.099479909" /><trkpt lat="-30.135542257" lon="153.099498804" /><trkpt lat="-30.135540482" lon="153.099517437" /><trkpt lat="-30.135538806" lon="153.099535823" /><trkpt lat="-30.135537225" lon="153.099553979" /><trkpt lat="-30.135535735" lon="153.099571921" /><trkpt lat="-30.135534332" lon="153.099589666" /><trkpt lat="-30.135533015" lon="153.099607229" /><trkpt lat="-30.135531778" lon="153.099624628" /><trkpt lat="-30.135530619" lon="153.099641878" /><trkpt lat="-30.135529533" lon="153.099658996" /><trkpt lat="-30.135528519" lon="153.099675998" /><trkpt lat="-30.135527571" lon="153.099692900" /><trkpt lat="-30.135526687" lon="153.099709720" /><trkpt lat="-30.135525863" lon="153.099726472" /><trkpt lat="-30.135525095" lon="153.099743174" /><trkpt lat="-30.135524381" lon="153.099759842" /><trkpt lat="-30.135523717" lon="153.099776493" /><trkpt lat="-30.135523098" lon="153.099793141" /><trkpt lat="-30.135522523" lon="153.099809805" /><trkpt lat="-30.135521987" lon="153.099826499" /><trkpt lat="-30.135521486" lon="153.099843242" /><trkpt lat="-30.135521018" lon="153.099860048" /><trkpt lat="-30.135520579" lon="153.099876934" /><trkpt lat="-30.135520165" lon="153.099893917" /><trkpt lat="-30.135519773" lon="153.099911012" /><trkpt lat="-30.135519399" lon="153.099928237" /><trkpt lat="-30.135519041" lon="153.099945608" /><trkpt lat="-30.135518694" lon="153.099963140" /><trkpt lat="-30.135518355" lon="153.099980850" /><trkpt lat="-30.135518020" lon="153.099998755" /><trkpt lat="-30.135517687" lon="153.100016871" /><trkpt lat="-30.135517351" lon="153.100035214" /><trkpt lat="-30.135517009" lon="153.100053801" /><trkpt lat="-30.135516658" lon="153.100072647" /><trkpt lat="-30.135516231" lon="153.100092836" /><trkpt lat="-30.135515719" lon="153.100112309" /><trkpt lat="-30.135515114" lon="153.100131114" /><trkpt lat="-30.135514408" lon="153.100149300" /><trkpt lat="-30.135513594" lon="153.100166916" /><trkpt lat="-30.135512665" lon="153.100184010" /><trkpt lat="-30.135511611" lon="153.100200631" /><trkpt lat="-30.135510427" lon="153.100216829" /><trkpt lat="-30.135509104" lon="153.100232651" /><trkpt lat="-30.135507635" lon="153.100248146" /><trkpt lat="-30.135506011" lon="153.100263363" /><trkpt lat="-30.135504227" lon="153.100278351" /><trkpt lat="-30.135502273" lon="153.100293159" /><trkpt lat="-30.135500143" lon="153.100307834" /><trkpt lat="-30.135497828" lon="153.100322427" /><trkpt lat="-30.135495321" lon="153.100336985" /><trkpt lat="-30.135492614" lon="153.100351557" /><trkpt lat="-30.135489701" lon="153.100366193" /><trkpt lat="-30.135486573" lon="153.100380940" /><trkpt lat="-30.135483222" lon="153.100395848" /><trkpt lat="-30.135479641" lon="153.100410965" /><trkpt lat="-30.135475823" lon="153.100426340" /><trkpt lat="-30.135471759" lon="153.100442021" /><trkpt lat="-30.135467443" lon="153.100458058" /><trkpt lat="-30.135462866" lon="153.100474499" /><trkpt lat="-30.135458021" lon="153.100491393" /><trkpt lat="-30.135452900" lon="153.100508788" /><trkpt lat="-30.135447496" lon="153.100526733" /><trkpt lat="-30.135441802" lon="153.100545277" /><trkpt lat="-30.135435808" lon="153.100564469" /><trkpt lat="-30.135429509" lon="153.100584357" /><trkpt lat="-30.135422895" lon="153.100604991" /><trkpt lat="-30.135415961" lon="153.100626418" /><trkpt lat="-30.135408697" lon="153.100648687" /><trkpt lat="-30.135401097" lon="153.100671848" /><trkpt lat="-30.135393153" lon="153.100695949" /><trkpt lat="-30.135386926" lon="153.100714713" /><trkpt lat="-30.135380682" lon="153.100733344" /><trkpt lat="-30.135374423" lon="153.100751842" /><trkpt lat="-30.135368150" lon="153.100770212" /><trkpt lat="-30.135361864" lon="153.100788455" /><trkpt lat="-30.135355566" lon="153.100806574" /><trkpt lat="-30.135349258" lon="153.100824572" /><trkpt lat="-30.135342940" lon="153.100842450" /><trkpt lat="-30.135336613" lon="153.100860213" /><trkpt lat="-30.135330280" lon="153.100877862" /><trkpt lat="-30.135323940" lon="153.100895399" /><trkpt lat="-30.135317596" lon="153.100912829" /><trkpt lat="-30.135311247" lon="153.100930152" /><trkpt lat="-30.135304896" lon="153.100947371" /><trkpt lat="-30.135298544" lon="153.100964490" /><trkpt lat="-30.135292191" lon="153.100981511" /><trkpt lat="-30.135285839" lon="153.100998435" /><trkpt lat="-30.135279490" lon="153.101015267" /><trkpt lat="-30.135273143" lon="153.101032008" /><trkpt lat="-30.135266800" lon="153.101048661" /><trkpt lat="-30.135260463" lon="153.101065228" /><trkpt lat="-30.135254133" lon="153.101081713" /><trkpt lat="-30.135247810" lon="153.101098117" /><trkpt lat="-30.135241496" lon="153.101114444" /><trkpt lat="-30.135235192" lon="153.101130695" /><trkpt lat="-30.135228900" lon="153.101146873" /><trkpt lat="-30.135222619" lon="153.101162982" /><trkpt lat="-30.135216353" lon="153.101179023" /><trkpt lat="-30.135210100" lon="153.101194999" /><trkpt lat="-30.135203864" lon="153.101210912" /><trkpt lat="-30.135197644" lon="153.101226766" /><trkpt lat="-30.135191443" lon="153.101242563" /><trkpt lat="-30.135185261" lon="153.101258305" /><trkpt lat="-30.135179099" lon="153.101273995" /><trkpt lat="-30.135172958" lon="153.101289635" /><trkpt lat="-30.135166841" lon="153.101305228" /><trkpt lat="-30.135160747" lon="153.101320777" /><trkpt lat="-30.135154678" lon="153.101336284" /><trkpt lat="-30.135148635" lon="153.101351751" /><trkpt lat="-30.135142619" lon="153.101367182" /><trkpt lat="-30.135136632" lon="153.101382579" /><trkpt lat="-30.135130675" lon="153.101397944" /><trkpt lat="-30.135124748" lon="153.101413281" /><trkpt lat="-30.135118853" lon="153.101428590" /><trkpt lat="-30.135112991" lon="153.101443876" /><trkpt lat="-30.135107163" lon="153.101459141" /><trkpt lat="-30.135101370" lon="153.101474386" /><trkpt lat="-30.135095855" lon="153.101488930" /><trkpt lat="-30.135090170" lon="153.101503900" /><trkpt lat="-30.135084324" lon="153.101519274" /><trkpt lat="-30.135078324" lon="153.101535031" /><trkpt lat="-30.135072178" lon="153.101551148" /><trkpt lat="-30.135065895" lon="153.101567604" /><trkpt lat="-30.135059481" lon="153.101584377" /><trkpt lat="-30.135052946" lon="153.101601445" /><trkpt lat="-30.135046296" lon="153.101618785" /><trkpt lat="-30.135039539" lon="153.101636377" /><trkpt lat="-30.135032685" lon="153.101654198" /><trkpt lat="-30.135025739" lon="153.101672225" /><trkpt lat="-30.135018711" lon="153.101690438" /><trkpt lat="-30.135011607" lon="153.101708815" /><trkpt lat="-30.135004437" lon="153.101727332" /><trkpt lat="-30.134997207" lon="153.101745969" /><trkpt lat="-30.134989927" lon="153.101764704" /><trkpt lat="-30.134982602" lon="153.101783514" /><trkpt lat="-30.134975242" lon="153.101802378" /><trkpt lat="-30.134967855" lon="153.101821274" /><trkpt lat="-30.134960447" lon="153.101840179" /><trkpt lat="-30.134953028" lon="153.101859073" /><trkpt lat="-30.134945604" lon="153.101877932" /><trkpt lat="-30.134938184" lon="153.101896736" /><trkpt lat="-30.134930776" lon="153.101915461" /><trkpt lat="-30.134923387" lon="153.101934087" /><trkpt lat="-30.134916025" lon="153.101952591" /><trkpt lat="-30.134908699" lon="153.101970952" /><trkpt lat="-30.134901416" lon="153.101989147" /><trkpt lat="-30.134894184" lon="153.102007154" /><trkpt lat="-30.134887011" lon="153.102024952" /><trkpt lat="-30.134879904" lon="153.102042519" /><trkpt lat="-30.134872872" lon="153.102059833" /><trkpt lat="-30.134865922" lon="153.102076871" /><trkpt lat="-30.134859063" lon="153.102093612" /><trkpt lat="-30.134852302" lon="153.102110035" /><trkpt lat="-30.134845647" lon="153.102126116" /><trkpt lat="-30.134839105" lon="153.102141835" /><trkpt lat="-30.134832686" lon="153.102157168" /><trkpt lat="-30.134826396" lon="153.102172095" /><trkpt lat="-30.134820244" lon="153.102186594" /><trkpt lat="-30.134814237" lon="153.102200642" /><trkpt lat="-30.134808383" lon="153.102214217" /><trkpt lat="-30.134802691" lon="153.102227298" /><trkpt lat="-30.134797167" lon="153.102239863" /><trkpt lat="-30.134791820" lon="153.102251889" /><trkpt lat="-30.134786658" lon="153.102263356" /><trkpt lat="-30.134781689" lon="153.102274240" /><trkpt lat="-30.134776920" lon="153.102284520" /><trkpt lat="-30.134772359" lon="153.102294175" /><trkpt lat="-30.134765956" lon="153.102307171" /><trkpt lat="-30.134759126" lon="153.102320228" /><trkpt lat="-30.134751881" lon="153.102333343" /><trkpt lat="-30.134744236" lon="153.102346510" /><trkpt lat="-30.134736202" lon="153.102359725" /><trkpt lat="-30.134727793" lon="153.102372985" /><trkpt lat="-30.134719020" lon="153.102386284" /><trkpt lat="-30.134709898" lon="153.102399618" /><trkpt lat="-30.134700438" lon="153.102412983" /><trkpt lat="-30.134690654" lon="153.102426375" /><trkpt lat="-30.134680558" lon="153.102439790" /><trkpt lat="-30.134670164" lon="153.102453222" /><trkpt lat="-30.134659483" lon="153.102466668" /><trkpt lat="-30.134648529" lon="153.102480123" /><trkpt lat="-30.134637314" lon="153.102493583" /><trkpt lat="-30.134625851" lon="153.102507043" /><trkpt lat="-30.134614154" lon="153.102520500" /><trkpt lat="-30.134602234" lon="153.102533949" /><trkpt lat="-30.134590105" lon="153.102547385" /><trkpt lat="-30.134577779" lon="153.102560805" /><trkpt lat="-30.134565269" lon="153.102574204" /><trkpt lat="-30.134552589" lon="153.102587577" /><trkpt lat="-30.134539750" lon="153.102600920" /><trkpt lat="-30.134526765" lon="153.102614229" /><trkpt lat="-30.134513648" lon="153.102627500" /><trkpt lat="-30.134500411" lon="153.102640728" /><trkpt lat="-30.134487067" lon="153.102653909" /><trkpt lat="-30.134473628" lon="153.102667038" /><trkpt lat="-30.134460108" lon="153.102680112" /><trkpt lat="-30.134446519" lon="153.102693125" /><trkpt lat="-30.134432874" lon="153.102706074" /><trkpt lat="-30.134419186" lon="153.102718954" /><trkpt lat="-30.134405467" lon="153.102731761" /><trkpt lat="-30.134391731" lon="153.102744491" /><trkpt lat="-30.134377990" lon="153.102757139" /><trkpt lat="-30.134364257" lon="153.102769700" /><trkpt lat="-30.134352083" lon="153.102780737" /><trkpt lat="-30.134339672" lon="153.102791863" /><trkpt lat="-30.134327033" lon="153.102803069" /><trkpt lat="-30.134314177" lon="153.102814348" /><trkpt lat="-30.134301115" lon="153.102825694" /><trkpt lat="-30.134287857" lon="153.102837097" /><trkpt lat="-30.134274413" lon="153.102848552" /><trkpt lat="-30.134260795" lon="153.102860050" /><trkpt lat="-30.134247012" lon="153.102871584" /><trkpt lat="-30.134233076" lon="153.102883147" /><trkpt lat="-30.134218996" lon="153.102894730" /><trkpt lat="-30.134204783" lon="153.102906327" /><trkpt lat="-30.134190448" lon="153.102917930" /><trkpt lat="-30.134176001" lon="153.102929532" /><trkpt lat="-30.134161452" lon="153.102941125" /><trkpt lat="-30.134146813" lon="153.102952701" /><trkpt lat="-30.134132093" lon="153.102964254" /><trkpt lat="-30.134117303" lon="153.102975775" /><trkpt lat="-30.134102454" lon="153.102987258" /><trkpt lat="-30.134087556" lon="153.102998695" /><trkpt lat="-30.134072620" lon="153.103010077" /><trkpt lat="-30.134057656" lon="153.103021399" /><trkpt lat="-30.134042675" lon="153.103032652" /><trkpt lat="-30.134027686" lon="153.103043828" /><trkpt lat="-30.134012701" lon="153.103054922" /><trkpt lat="-30.133997731" lon="153.103065924" /><trkpt lat="-30.133982785" lon="153.103076827" /><trkpt lat="-30.133967874" lon="153.103087625" /><trkpt lat="-30.133953009" lon="153.103098309" /><trkpt lat="-30.133938200" lon="153.103108872" /><trkpt lat="-30.133923458" lon="153.103119307" /><trkpt lat="-30.133908792" lon="153.103129605" /><trkpt lat="-30.133894215" lon="153.103139761" /><trkpt lat="-30.133879735" lon="153.103149765" /><trkpt lat="-30.133865364" lon="153.103159612" /><trkpt lat="-30.133851113" lon="153.103169292" /><trkpt lat="-30.133836991" lon="153.103178799" /><trkpt lat="-30.133823009" lon="153.103188126" /><trkpt lat="-30.133809178" lon="153.103197264" /><trkpt lat="-30.133795507" lon="153.103206207" /><trkpt lat="-30.133782009" lon="153.103214946" /><trkpt lat="-30.133768485" lon="153.103223673" /><trkpt lat="-30.133754737" lon="153.103232575" /><trkpt lat="-30.133740777" lon="153.103241643" /><trkpt lat="-30.133726615" lon="153.103250865" /><trkpt lat="-30.133712262" lon="153.103260232" /><trkpt lat="-30.133697727" lon="153.103269732" /><trkpt lat="-30.133683023" lon="153.103279356" /><trkpt lat="-30.133668158" lon="153.103289092" /><trkpt lat="-30.133653145" lon="153.103298931" /><trkpt lat="-30.133637993" lon="153.103308861" /><trkpt lat="-30.133622714" lon="153.103318873" /><trkpt lat="-30.133607317" lon="153.103328956" /><trkpt lat="-30.133591814" lon="153.103339099" /><trkpt lat="-30.133576214" lon="153.103349292" /><trkpt lat="-30.133560530" lon="153.103359524" /><trkpt lat="-30.133544770" lon="153.103369785" /><trkpt lat="-30.133528946" lon="153.103380065" /><trkpt lat="-30.133513068" lon="153.103390353" /><trkpt lat="-30.133497148" lon="153.103400638" /><trkpt lat="-30.133481194" lon="153.103410910" /><trkpt lat="-30.133465219" lon="153.103421159" /><trkpt lat="-30.133449233" lon="153.103431373" /><trkpt lat="-30.133433246" lon="153.103441544" /><trkpt lat="-30.133417269" lon="153.103451659" /><trkpt lat="-30.133401313" lon="153.103461709" /><trkpt lat="-30.133385387" lon="153.103471683" /><trkpt lat="-30.133369504" lon="153.103481571" /><trkpt lat="-30.133353673" lon="153.103491362" /><trkpt lat="-30.133337904" lon="153.103501045" /><trkpt lat="-30.133322209" lon="153.103510611" /><trkpt lat="-30.133306599" lon="153.103520048" /><trkpt lat="-30.133291083" lon="153.103529347" /><trkpt lat="-30.133275672" lon="153.103538496" /><trkpt lat="-30.133260377" lon="153.103547486" /><trkpt lat="-30.133245209" lon="153.103556305" /><trkpt lat="-30.133230178" lon="153.103564944" /><trkpt lat="-30.133215294" lon="153.103573391" /><trkpt lat="-30.133200569" lon="153.103581637" /><trkpt lat="-30.133186013" lon="153.103589671" /><trkpt lat="-30.133171636" lon="153.103597482" /><trkpt lat="-30.133157449" lon="153.103605060" /><trkpt lat="-30.133142171" lon="153.103613187" /><trkpt lat="-30.133126745" lon="153.103621471" /><trkpt lat="-30.133111185" lon="153.103629903" /><trkpt lat="-30.133095506" lon="153.103638474" /><trkpt lat="-30.133079720" lon="153.103647175" /><trkpt lat="-30.133063841" lon="153.103655997" /><trkpt lat="-30.133047882" lon="153.103664933" /><trkpt lat="-30.133031857" lon="153.103673973" /><trkpt lat="-30.133015780" lon="153.103683108" /><trkpt lat="-30.132999664" lon="153.103692330" /><trkpt lat="-30.132983522" lon="153.103701630" /><trkpt lat="-30.132967369" lon="153.103711000" /><trkpt lat="-30.132951217" lon="153.103720431" /><trkpt lat="-30.132935081" lon="153.103729913" /><trkpt lat="-30.132918973" lon="153.103739439" /><trkpt lat="-30.132902907" lon="153.103749000" /><trkpt lat="-30.132886897" lon="153.103758587" /><trkpt lat="-30.132870957" lon="153.103768192" /><trkpt lat="-30.132855099" lon="153.103777805" /><trkpt lat="-30.132839338" lon="153.103787418" /><trkpt lat="-30.132823687" lon="153.103797022" /><trkpt lat="-30.132808159" lon="153.103806609" /><trkpt lat="-30.132792768" lon="153.103816170" /><trkpt lat="-30.132777527" lon="153.103825696" /><trkpt lat="-30.132762451" lon="153.103835179" /><trkpt lat="-30.132747552" lon="153.103844609" /><trkpt lat="-30.132732845" lon="153.103853979" /><trkpt lat="-30.132718342" lon="153.103863279" /><trkpt lat="-30.132704057" lon="153.103872501" /><trkpt lat="-30.132690004" lon="153.103881637" /><trkpt lat="-30.132676196" lon="153.103890676" /><trkpt lat="-30.132662647" lon="153.103899612" /><trkpt lat="-30.132649370" lon="153.103908435" /><trkpt lat="-30.132636379" lon="153.103917136" /><trkpt lat="-30.132623688" lon="153.103925706" /><trkpt lat="-30.132611309" lon="153.103934138" /><trkpt lat="-30.132599257" lon="153.103942422" /><trkpt lat="-30.132587545" lon="153.103950550" /><trkpt lat="-30.132573482" lon="153.103960595" /><trkpt lat="-30.132559580" lon="153.103970996" /><trkpt lat="-30.132545843" lon="153.103981738" /><trkpt lat="-30.132532272" lon="153.103992807" /><trkpt lat="-30.132518870" lon="153.104004192" /><trkpt lat="-30.132505638" lon="153.104015877" /><trkpt lat="-30.132492580" lon="153.104027849" /><trkpt lat="-30.132479698" lon="153.104040096" /><trkpt lat="-30.132466994" lon="153.104052602" /><trkpt lat="-30.132454470" lon="153.104065356" /><trkpt lat="-30.132442128" lon="153.104078343" /><trkpt lat="-30.132429972" lon="153.104091550" /><trkpt lat="-30.132418003" lon="153.104104963" /><trkpt lat="-30.132406224" lon="153.104118569" /><trkpt lat="-30.132394637" lon="153.104132354" /><trkpt lat="-30.132383244" lon="153.104146306" /><trkpt lat="-30.132372048" lon="153.104160409" /><trkpt lat="-30.132361050" lon="153.104174652" /><trkpt lat="-30.132350255" lon="153.104189019" /><trkpt lat="-30.132339662" lon="153.104203499" /><trkpt lat="-30.132329276" lon="153.104218077" /><trkpt lat="-30.132319099" lon="153.104232740" /><trkpt lat="-30.132309132" lon="153.104247474" /><trkpt lat="-30.132299378" lon="153.104262265" /><trkpt lat="-30.132289839" lon="153.104277101" /><trkpt lat="-30.132280518" lon="153.104291968" /><trkpt lat="-30.132271417" lon="153.104306853" /><trkpt lat="-30.132262539" lon="153.104321741" /><trkpt lat="-30.132253885" lon="153.104336619" /><trkpt lat="-30.132245459" lon="153.104351474" /><trkpt lat="-30.132237262" lon="153.104366292" /><trkpt lat="-30.132229849" lon="153.104380375" /><trkpt lat="-30.132222786" lon="153.104394816" /><trkpt lat="-30.132216057" lon="153.104409598" /><trkpt lat="-30.132209650" lon="153.104424702" /><trkpt lat="-30.132203548" lon="153.104440111" /><trkpt lat="-30.132197739" lon="153.104455809" /><trkpt lat="-30.132192208" lon="153.104471778" /><trkpt lat="-30.132186940" lon="153.104488000" /><trkpt lat="-30.132181922" lon="153.104504459" /><trkpt lat="-30.132177138" lon="153.104521136" /><trkpt lat="-30.132172575" lon="153.104538015" /><trkpt lat="-30.132168218" lon="153.104555078" /><trkpt lat="-30.132164054" lon="153.104572307" /><trkpt lat="-30.132160067" lon="153.104589686" /><trkpt lat="-30.132156244" lon="153.104607197" /><trkpt lat="-30.132152570" lon="153.104624823" /><trkpt lat="-30.132149031" lon="153.104642546" /><trkpt lat="-30.132145613" lon="153.104660349" /><trkpt lat="-30.132142301" lon="153.104678215" /><trkpt lat="-30.132139082" lon="153.104696126" /><trkpt lat="-30.132135940" lon="153.104714065" /><trkpt lat="-30.132132861" lon="153.104732014" /><trkpt lat="-30.132129832" lon="153.104749957" /><trkpt lat="-30.132126838" lon="153.104767876" /><trkpt lat="-30.132123864" lon="153.104785753" /><trkpt lat="-30.132120897" lon="153.104803571" /><trkpt lat="-30.132117922" lon="153.104821313" /><trkpt lat="-30.132114924" lon="153.104838962" /><trkpt lat="-30.132111890" lon="153.104856500" /><trkpt lat="-30.132108806" lon="153.104873909" /><trkpt lat="-30.132105656" lon="153.104891173" /><trkpt lat="-30.132102427" lon="153.104908274" /><trkpt lat="-30.132099105" lon="153.104925195" /><trkpt lat="-30.132096840" lon="153.104936478" /><trkpt lat="-30.132094416" lon="153.104948534" /><trkpt lat="-30.132091840" lon="153.104961331" /><trkpt lat="-30.132089119" lon="153.104974837" /><trkpt lat="-30.132086261" lon="153.104989020" /><trkpt lat="-30.132083272" lon="153.105003849" /><trkpt lat="-30.132080159" lon="153.105019291" /><trkpt lat="-30.132076930" lon="153.105035315" /><trkpt lat="-30.132073590" lon="153.105051889" /><trkpt lat="-30.132070149" lon="153.105068981" /><trkpt lat="-30.132066611" lon="153.105086560" /><trkpt lat="-30.132062986" lon="153.105104593" /><trkpt lat="-30.132059278" lon="153.105123050" /><trkpt lat="-30.132055496" lon="153.105141897" /><trkpt lat="-30.132051647" lon="153.105161104" /><trkpt lat="-30.132047737" lon="153.105180639" /><trkpt lat="-30.132043774" lon="153.105200469" /><trkpt lat="-30.132039764" lon="153.105220563" /><trkpt lat="-30.132035715" lon="153.105240890" /><trkpt lat="-30.132031634" lon="153.105261417" /><trkpt lat="-30.132027528" lon="153.105282112" /><trkpt lat="-30.132023403" lon="153.105302944" /><trkpt lat="-30.132019267" lon="153.105323882" /><trkpt lat="-30.132015127" lon="153.105344893" /><trkpt lat="-30.132010989" lon="153.105365945" /><trkpt lat="-30.132006862" lon="153.105387007" /><trkpt lat="-30.132002751" lon="153.105408047" /><trkpt lat="-30.131998664" lon="153.105429033" /><trkpt lat="-30.131994609" lon="153.105449933" /><trkpt lat="-30.131990591" lon="153.105470716" /><trkpt lat="-30.131986618" lon="153.105491349" /><trkpt lat="-30.131982697" lon="153.105511802" /><trkpt lat="-30.131978836" lon="153.105532042" /><trkpt lat="-30.131975040" lon="153.105552037" /><trkpt lat="-30.131971318" lon="153.105571756" /><trkpt lat="-30.131967675" lon="153.105591167" /><trkpt lat="-30.131964120" lon="153.105610237" /><trkpt lat="-30.131960660" lon="153.105628937" /><trkpt lat="-30.131957300" lon="153.105647232" /><trkpt lat="-30.131954049" lon="153.105665092" /><trkpt lat="-30.131950913" lon="153.105682486" /><trkpt lat="-30.131947899" lon="153.105699380" /><trkpt lat="-30.131945015" lon="153.105715744" /><trkpt lat="-30.131942267" lon="153.105731545" /><trkpt lat="-30.131939663" lon="153.105746752" /><trkpt lat="-30.131937209" lon="153.105761333" /><trkpt lat="-30.131934912" lon="153.105775256" /><trkpt lat="-30.131932780" lon="153.105788489" /><trkpt lat="-30.131930820" lon="153.105801002" /><trkpt lat="-30.131929038" lon="153.105812761" /><trkpt lat="-30.131927442" lon="153.105823735" /><trkpt lat="-30.131925303" lon="153.105841113" /><trkpt lat="-30.131923970" lon="153.105857329" /><trkpt lat="-30.131923415" lon="153.105872420" /><trkpt lat="-30.131923608" lon="153.105886422" /><trkpt lat="-30.131924521" lon="153.105899371" /><trkpt lat="-30.131926124" lon="153.105911304" /><trkpt lat="-30.131928390" lon="153.105922257" /><trkpt lat="-30.131931288" lon="153.105932266" /><trkpt lat="-30.131934791" lon="153.105941369" /><trkpt lat="-30.131938869" lon="153.105949600" /><trkpt lat="-30.131943493" lon="153.105956997" /><trkpt lat="-30.131948635" lon="153.105963596" /><trkpt lat="-30.131954266" lon="153.105969433" /><trkpt lat="-30.131960356" lon="153.105974545" /><trkpt lat="-30.131966878" lon="153.105978968" /><trkpt lat="-30.131973801" lon="153.105982738" /><trkpt lat="-30.131981098" lon="153.105985892" /><trkpt lat="-30.131988739" lon="153.105988465" /><trkpt lat="-30.131996696" lon="153.105990496" /><trkpt lat="-30.132004939" lon="153.105992019" /><trkpt lat="-30.132013440" lon="153.105993071" /><trkpt lat="-30.132022170" lon="153.105993688" /><trkpt lat="-30.132031099" lon="153.105993908" /><trkpt lat="-30.132040200" lon="153.105993765" /><trkpt lat="-30.132049444" lon="153.105993298" /><trkpt lat="-30.132058800" lon="153.105992541" /><trkpt lat="-30.132068242" lon="153.105991531" /><trkpt lat="-30.132077739" lon="153.105990305" /><trkpt lat="-30.132087262" lon="153.105988899" /><trkpt lat="-30.132096784" lon="153.105987350" /><trkpt lat="-30.132104895" lon="153.105985890" /><trkpt lat="-30.132113384" lon="153.105984195" /><trkpt lat="-30.132122263" lon="153.105982270" /><trkpt lat="-30.132131544" lon="153.105980119" /><trkpt lat="-30.132141239" lon="153.105977748" /><trkpt lat="-30.132151359" lon="153.105975161" /><trkpt lat="-30.132161916" lon="153.105972363" /><trkpt lat="-30.132172923" lon="153.105969357" /><trkpt lat="-30.132184392" lon="153.105966150" /><trkpt lat="-30.132196333" lon="153.105962746" /><trkpt lat="-30.132208759" lon="153.105959148" /><trkpt lat="-30.132221682" lon="153.105955363" /><trkpt lat="-30.132235114" lon="153.105951395" /><trkpt lat="-30.132249067" lon="153.105947247" /><trkpt lat="-30.132263551" lon="153.105942926" /><trkpt lat="-30.132278580" lon="153.105938436" /><trkpt lat="-30.132294166" lon="153.105933781" /><trkpt lat="-30.132310319" lon="153.105928966" /><trkpt lat="-30.132327053" lon="153.105923996" /><trkpt lat="-30.132344378" lon="153.105918876" /><trkpt lat="-30.132362306" lon="153.105913609" /><trkpt lat="-30.132380851" lon="153.105908202" /><trkpt lat="-30.132400023" lon="153.105902657" /><trkpt lat="-30.132419834" lon="153.105896981" /><trkpt lat="-30.132440296" lon="153.105891178" /><trkpt lat="-30.132461421" lon="153.105885253" /><trkpt lat="-30.132483222" lon="153.105879209" /><trkpt lat="-30.132505709" lon="153.105873053" /><trkpt lat="-30.132528894" lon="153.105866788" /><trkpt lat="-30.132552791" lon="153.105860420" /><trkpt lat="-30.132577409" lon="153.105853952" /><trkpt lat="-30.132602762" lon="153.105847390" /><trkpt lat="-30.132628861" lon="153.105840738" /><trkpt lat="-30.132655718" lon="153.105834001" /><trkpt lat="-30.132683345" lon="153.105827184" /><trkpt lat="-30.132711754" lon="153.105820291" /><trkpt lat="-30.132731131" lon="153.105816001" /><trkpt lat="-30.132750136" lon="153.105812531" /><trkpt lat="-30.132768774" lon="153.105809859" /><trkpt lat="-30.132787049" lon="153.105807966" /><trkpt lat="-30.132804968" lon="153.105806832" /><trkpt lat="-30.132822534" lon="153.105806437" /><trkpt lat="-30.132839753" lon="153.105806759" /><trkpt lat="-30.132856630" lon="153.105807780" /><trkpt lat="-30.132873170" lon="153.105809478" /><trkpt lat="-30.132889377" lon="153.105811834" /><trkpt lat="-30.132905257" lon="153.105814828" /><trkpt lat="-30.132920814" lon="153.105818438" /><trkpt lat="-30.132936055" lon="153.105822645" /><trkpt lat="-30.132950982" lon="153.105827429" /><trkpt lat="-30.132965603" lon="153.105832770" /><trkpt lat="-30.132979921" lon="153.105838646" /><trkpt lat="-30.132993941" lon="153.105845039" /><trkpt lat="-30.133007669" lon="153.105851927" /><trkpt lat="-30.133021109" lon="153.105859291" /><trkpt lat="-30.133034267" lon="153.105867111" /><trkpt lat="-30.133047147" lon="153.105875365" /><trkpt lat="-30.133059755" lon="153.105884034" /><trkpt lat="-30.133072095" lon="153.105893098" /><trkpt lat="-30.133084172" lon="153.105902536" /><trkpt lat="-30.133095991" lon="153.105912329" /><trkpt lat="-30.133107558" lon="153.105922455" /><trkpt lat="-30.133118877" lon="153.105932896" /><trkpt lat="-30.133129953" lon="153.105943629" /><trkpt lat="-30.133140792" lon="153.105954637" /><trkpt lat="-30.133151397" lon="153.105965897" /><trkpt lat="-30.133161775" lon="153.105977390" /><trkpt lat="-30.133171930" lon="153.105989096" /><trkpt lat="-30.133181867" lon="153.106000994" /><trkpt lat="-30.133191591" lon="153.106013064" /><trkpt lat="-30.133201107" lon="153.106025286" /><trkpt lat="-30.133210420" lon="153.106037640" /><trkpt lat="-30.133219535" lon="153.106050106" /><trkpt lat="-30.133228457" lon="153.106062663" /><trkpt lat="-30.133237190" lon="153.106075291" /><trkpt lat="-30.133245741" lon="153.106087969" /><trkpt lat="-30.133254114" lon="153.106100679" /><trkpt lat="-30.133262313" lon="153.106113399" /><trkpt lat="-30.133270344" lon="153.106126109" /><trkpt lat="-30.133278212" lon="153.106138789" /><trkpt lat="-30.133285922" lon="153.106151418" /><trkpt lat="-30.133293479" lon="153.106163977" /><trkpt lat="-30.133300887" lon="153.106176446" /><trkpt lat="-30.133308152" lon="153.106188803" /><trkpt lat="-30.133315278" lon="153.106201030" /><trkpt lat="-30.133322271" lon="153.106213105" /><trkpt lat="-30.133329136" lon="153.106225008" /><trkpt lat="-30.133335877" lon="153.106236720" /><trkpt lat="-30.133342500" lon="153.106248219" /><trkpt lat="-30.133351453" lon="153.106263775" /><trkpt lat="-30.133360467" lon="153.106279478" /><trkpt lat="-30.133369546" lon="153.106295309" /><trkpt lat="-30.133378692" lon="153.106311246" /><trkpt lat="-30.133387907" lon="153.106327268" /><trkpt lat="-30.133397193" lon="153.106343355" /><trkpt lat="-30.133406553" lon="153.106359486" /><trkpt lat="-30.133415989" lon="153.106375640" /><trkpt lat="-30.133425503" lon="153.106391796" /><trkpt lat="-30.133435099" lon="153.106407933" /><trkpt lat="-30.133444777" lon="153.106424030" /><trkpt lat="-30.133454541" lon="153.106440066" /><trkpt lat="-30.133464392" lon="153.106456021" /><trkpt lat="-30.133474334" lon="153.106471874" /><trkpt lat="-30.133484368" lon="153.106487603" /><trkpt lat="-30.133494497" lon="153.106503188" /><trkpt lat="-30.133504723" lon="153.106518609" /><trkpt lat="-30.133515048" lon="153.106533843" /><trkpt lat="-30.133525475" lon="153.106548871" /><trkpt lat="-30.133536006" lon="153.106563671" /><trkpt lat="-30.133546644" lon="153.106578222" /><trkpt lat="-30.133557390" lon="153.106592504" /><trkpt lat="-30.133568247" lon="153.106606496" /><trkpt lat="-30.133579218" lon="153.106620177" /><trkpt lat="-30.133590304" lon="153.106633525" /><trkpt lat="-30.133601509" lon="153.106646521" /><trkpt lat="-30.133612833" lon="153.106659143" /><trkpt lat="-30.133624281" lon="153.106671371" /><trkpt lat="-30.133635854" lon="153.106683183" /><trkpt lat="-30.133647554" lon="153.106694558" /><trkpt lat="-30.133659383" lon="153.106705476" /><trkpt lat="-30.133671345" lon="153.106715917" /><trkpt lat="-30.133683441" lon="153.106725858" /><trkpt lat="-30.133695674" lon="153.106735279" /><trkpt lat="-30.133708045" lon="153.106744160" /><trkpt lat="-30.133720559" lon="153.106752478" /><trkpt lat="-30.133733215" lon="153.106760215" /><trkpt lat="-30.133746018" lon="153.106767348" /><trkpt lat="-30.133758969" lon="153.106773857" /><trkpt lat="-30.133775895" lon="153.106781558" /><trkpt lat="-30.133792800" lon="153.106788583" /><trkpt lat="-30.133809681" lon="153.106794952" /><trkpt lat="-30.133826532" lon="153.106800687" /><trkpt lat="-30.133843349" lon="153.106805807" /><trkpt lat="-30.133860128" lon="153.106810335" /><trkpt lat="-30.133876863" lon="153.106814290" /><trkpt lat="-30.133893550" lon="153.106817694" /><trkpt lat="-30.133910185" lon="153.106820567" /><trkpt lat="-30.133926763" lon="153.106822931" /><trkpt lat="-30.133943278" lon="153.106824806" /><trkpt lat="-30.133959727" lon="153.106826213" /><trkpt lat="-30.133976105" lon="153.106827174" /><trkpt lat="-30.133992408" lon="153.106827708" /><trkpt lat="-30.134008629" lon="153.106827836" /><trkpt lat="-30.134024766" lon="153.106827580" /><trkpt lat="-30.134040813" lon="153.106826961" /><trkpt lat="-30.134056766" lon="153.106825999" /><trkpt lat="-30.134072620" lon="153.106824715" /><trkpt lat="-30.134088370" lon="153.106823130" /><trkpt lat="-30.134104012" lon="153.106821265" /><trkpt lat="-30.134119540" lon="153.106819140" /><trkpt lat="-30.134134952" lon="153.106816778" /><trkpt lat="-30.134150241" lon="153.106814197" /><trkpt lat="-30.134165404" lon="153.106811420" /><trkpt lat="-30.134180435" lon="153.106808467" /><trkpt lat="-30.134195329" lon="153.106805359" /><trkpt lat="-30.134210084" lon="153.106802117" /><trkpt lat="-30.134224692" lon="153.106798762" /><trkpt lat="-30.134239151" lon="153.106795314" /><trkpt lat="-30.134253465" lon="153.106791819" /><trkpt lat="-30.134267645" lon="153.106788309" /><trkpt lat="-30.134281699" lon="153.106784787" /><trkpt lat="-30.134295632" lon="153.106781256" /><trkpt lat="-30.134309451" lon="153.106777719" /><trkpt lat="-30.134323162" lon="153.106774179" /><trkpt lat="-30.134336770" lon="153.106770639" /><trkpt lat="-30.134350283" lon="153.106767101" /><trkpt lat="-30.134363706" lon="153.106763570" /><trkpt lat="-30.134377045" lon="153.106760048" /><trkpt lat="-30.134390307" lon="153.106756538" /><trkpt lat="-30.134403498" lon="153.106753043" /><trkpt lat="-30.134416624" lon="153.106749565" /><trkpt lat="-30.134429691" lon="153.106746109" /><trkpt lat="-30.134442706" lon="153.106742676" /><trkpt lat="-30.134455674" lon="153.106739270" /><trkpt lat="-30.134468602" lon="153.106735894" /><trkpt lat="-30.134481496" lon="153.106732551" /><trkpt lat="-30.134494362" lon="153.106729243" /><trkpt lat="-30.134507206" lon="153.106725974" /><trkpt lat="-30.134520035" lon="153.106722747" /><trkpt lat="-30.134532855" lon="153.106719565" /><trkpt lat="-30.134545672" lon="153.106716430" /><trkpt lat="-30.134558492" lon="153.106713346" /><trkpt lat="-30.134571321" lon="153.106710316" /><trkpt lat="-30.134584165" lon="153.106707342" /><trkpt lat="-30.134597031" lon="153.106704428" /><trkpt lat="-30.134609925" lon="153.106701576" /><trkpt lat="-30.134622853" lon="153.106698790" /><trkpt lat="-30.134635821" lon="153.106696073" /><trkpt lat="-30.134648070" lon="153.106693524" /><trkpt lat="-30.134658906" lon="153.106691232" /><trkpt lat="-30.134668437" lon="153.106689177" /><trkpt lat="-30.134676768" lon="153.106687343" /><trkpt lat="-30.134684005" lon="153.106685712" /><trkpt lat="-30.134690256" lon="153.106684267" /><trkpt lat="-30.134695627" lon="153.106682989" /><trkpt lat="-30.134700224" lon="153.106681861" /><trkpt lat="-30.134704153" lon="153.106680865" /><trkpt lat="-30.134707522" lon="153.106679984" /><trkpt lat="-30.134710435" lon="153.106679201" /><trkpt lat="-30.134713000" lon="153.106678496" /><trkpt lat="-30.134715324" lon="153.106677854" /><trkpt lat="-30.134717512" lon="153.106677256" /><trkpt lat="-30.134719670" lon="153.106676684" /><trkpt lat="-30.134721906" lon="153.106676122" /><trkpt lat="-30.134724326" lon="153.106675550" /><trkpt lat="-30.134727036" lon="153.106674953" /><trkpt lat="-30.134730143" lon="153.106674311" /><trkpt lat="-30.134733752" lon="153.106673608" /><trkpt lat="-30.134737971" lon="153.106672825" /><trkpt lat="-30.134742905" lon="153.106671946" /><trkpt lat="-30.134748662" lon="153.106670952" /><trkpt lat="-30.134755347" lon="153.106669826" /><trkpt lat="-30.134763067" lon="153.106668550" /><trkpt lat="-30.134771929" lon="153.106667107" /><trkpt lat="-30.134782038" lon="153.106665479" /><trkpt lat="-30.134793502" lon="153.106663648" /><trkpt lat="-30.134806426" lon="153.106661597" /><trkpt lat="-30.134820917" lon="153.106659308" /><trkpt lat="-30.134836326" lon="153.106656902" /><trkpt lat="-30.134851919" lon="153.106654502" /><trkpt lat="-30.134867678" lon="153.106652092" /><trkpt lat="-30.134883582" lon="153.106649654" /><trkpt lat="-30.134899611" lon="153.106647174" /><trkpt lat="-30.134915745" lon="153.106644633" /><trkpt lat="-30.134931966" lon="153.106642017" /><trkpt lat="-30.134948252" lon="153.106639308" /><trkpt lat="-30.134964584" lon="153.106636490" /><trkpt lat="-30.134980942" lon="153.106633546" /><trkpt lat="-30.134997306" lon="153.106630462" /><trkpt lat="-30.135013657" lon="153.106627219" /><trkpt lat="-30.135029975" lon="153.106623802" /><trkpt lat="-30.135046239" lon="153.106620194" /><trkpt lat="-30.135062431" lon="153.106616379" /><trkpt lat="-30.135078530" lon="153.106612340" /><trkpt lat="-30.135094516" lon="153.106608062" /><trkpt lat="-30.135110369" lon="153.106603527" /><trkpt lat="-30.135126071" lon="153.106598719" /><trkpt lat="-30.135141600" lon="153.106593623" /><trkpt lat="-30.135156938" lon="153.106588221" /><trkpt lat="-30.135172064" lon="153.106582497" /><trkpt lat="-30.135186958" lon="153.106576436" /><trkpt lat="-30.135201600" lon="153.106570019" /><trkpt lat="-30.135215972" lon="153.106563232" /><trkpt lat="-30.135230053" lon="153.106556057" /><trkpt lat="-30.135243822" lon="153.106548479" /><trkpt lat="-30.135257261" lon="153.106540481" /><trkpt lat="-30.135270350" lon="153.106532046" /><trkpt lat="-30.135283068" lon="153.106523158" /><trkpt lat="-30.135295468" lon="153.106514057" /><trkpt lat="-30.135307622" lon="153.106504983" /><trkpt lat="-30.135319538" lon="153.106495922" /><trkpt lat="-30.135331226" lon="153.106486859" /><trkpt lat="-30.135342693" lon="153.106477779" /><trkpt lat="-30.135353949" lon="153.106468667" /><trkpt lat="-30.135365003" lon="153.106459509" /><trkpt lat="-30.135375862" lon="153.106450290" /><trkpt lat="-30.135386537" lon="153.106440995" /><trkpt lat="-30.135397035" lon="153.106431610" /><trkpt lat="-30.135407366" lon="153.106422119" /><trkpt lat="-30.135417538" lon="153.106412509" /><trkpt lat="-30.135427560" lon="153.106402763" /><trkpt lat="-30.135437441" lon="153.106392869" /><trkpt lat="-30.135447190" lon="153.106382810" /><trkpt lat="-30.135456814" lon="153.106372573" /><trkpt lat="-30.135466324" lon="153.106362142" /><trkpt lat="-30.135475727" lon="153.106351503" /><trkpt lat="-30.135485033" lon="153.106340640" /><trkpt lat="-30.135494251" lon="153.106329541" /><trkpt lat="-30.135503388" lon="153.106318188" /><trkpt lat="-30.135512455" lon="153.106306569" /><trkpt lat="-30.135521459" lon="153.106294667" /><trkpt lat="-30.135530409" lon="153.106282469" /><trkpt lat="-30.135539314" lon="153.106269960" /><trkpt lat="-30.135548183" lon="153.106257125" /><trkpt lat="-30.135557025" lon="153.106243949" /><trkpt lat="-30.135565849" lon="153.106230417" /><trkpt lat="-30.135574662" lon="153.106216516" /><trkpt lat="-30.135583475" lon="153.106202229" /><trkpt lat="-30.135591569" lon="153.106189010" /><trkpt lat="-30.135599823" lon="153.106175689" /><trkpt lat="-30.135608234" lon="153.106162268" /><trkpt lat="-30.135616799" lon="153.106148750" /><trkpt lat="-30.135625515" lon="153.106135137" /><trkpt lat="-30.135634379" lon="153.106121431" /><trkpt lat="-30.135643389" lon="153.106107634" /><trkpt lat="-30.135652541" lon="153.106093749" /><trkpt lat="-30.135661833" lon="153.106079778" /><trkpt lat="-30.135671261" lon="153.106065723" /><trkpt lat="-30.135680823" lon="153.106051587" /><trkpt lat="-30.135690516" lon="153.106037372" /><trkpt lat="-30.135700337" lon="153.106023080" /><trkpt lat="-30.135710284" lon="153.106008714" /><trkpt lat="-30.135720352" lon="153.105994275" /><trkpt lat="-30.135730540" lon="153.105979766" /><trkpt lat="-30.135740844" lon="153.105965190" /><trkpt lat="-30.135751262" lon="153.105950548" /><trkpt lat="-30.135761790" lon="153.105935844" /><trkpt lat="-30.135772427" lon="153.105921078" /><trkpt lat="-30.135783168" lon="153.105906254" /><trkpt lat="-30.135794011" lon="153.105891374" /><trkpt lat="-30.135804954" lon="153.105876440" /><trkpt lat="-30.135815992" lon="153.105861454" /><trkpt lat="-30.135827124" lon="153.105846419" /><trkpt lat="-30.135838347" lon="153.105831337" /><trkpt lat="-30.135849657" lon="153.105816210" /><trkpt lat="-30.135861052" lon="153.105801041" /><trkpt lat="-30.135872528" lon="153.105785832" /><trkpt lat="-30.135884084" lon="153.105770585" /><trkpt lat="-30.135895716" lon="153.105755302" /><trkpt lat="-30.135907420" lon="153.105739986" /><trkpt lat="-30.135919195" lon="153.105724639" /><trkpt lat="-30.135930629" lon="153.105709873" /><trkpt lat="-30.135942016" lon="153.105695391" /><trkpt lat="-30.135953368" lon="153.105681184" /><trkpt lat="-30.135964697" lon="153.105667242" /><trkpt lat="-30.135976018" lon="153.105653556" /><trkpt lat="-30.135987342" lon="153.105640117" /><trkpt lat="-30.135998683" lon="153.105626917" /><trkpt lat="-30.136010052" lon="153.105613946" /><trkpt lat="-30.136021463" lon="153.105601195" /><trkpt lat="-30.136032929" lon="153.105588655" /><trkpt lat="-30.136044462" lon="153.105576318" /><trkpt lat="-30.136056075" lon="153.105564174" /><trkpt lat="-30.136067781" lon="153.105552215" /><trkpt lat="-30.136079593" lon="153.105540430" /><trkpt lat="-30.136091522" lon="153.105528812" /><trkpt lat="-30.136103583" lon="153.105517351" /><trkpt lat="-30.136115788" lon="153.105506039" /><trkpt lat="-30.136128149" lon="153.105494865" /><trkpt lat="-30.136140679" lon="153.105483822" /><trkpt lat="-30.136153391" lon="153.105472900" /><trkpt lat="-30.136166298" lon="153.105462090" /><trkpt lat="-30.136179413" lon="153.105451383" /><trkpt lat="-30.136192747" lon="153.105440771" /><trkpt lat="-30.136206315" lon="153.105430243" /><trkpt lat="-30.136220129" lon="153.105419792" /><trkpt lat="-30.136234201" lon="153.105409408" /><trkpt lat="-30.136248544" lon="153.105399082" /><trkpt lat="-30.136263171" lon="153.105388805" /><trkpt lat="-30.136278095" lon="153.105378569" /><trkpt lat="-30.136293329" lon="153.105368363" /><trkpt lat="-30.136308885" lon="153.105358179" /><trkpt lat="-30.136324775" lon="153.105348009" /><trkpt lat="-30.136341014" lon="153.105337843" /><trkpt lat="-30.136357613" lon="153.105327672" /><trkpt lat="-30.136372407" lon="153.105318862" /><trkpt lat="-30.136387513" lon="153.105310176" /><trkpt lat="-30.136402912" lon="153.105301616" /><trkpt lat="-30.136418586" lon="153.105293181" /><trkpt lat="-30.136434517" lon="153.105284872" /><trkpt lat="-30.136450685" lon="153.105276688" /><trkpt lat="-30.136467072" lon="153.105268632" /><trkpt lat="-30.136483659" lon="153.105260702" /><trkpt lat="-30.136500429" lon="153.105252900" /><trkpt lat="-30.136517361" lon="153.105245226" /><trkpt lat="-30.136534439" lon="153.105237680" /><trkpt lat="-30.136551642" lon="153.105230263" /><trkpt lat="-30.136568953" lon="153.105222974" /><trkpt lat="-30.136586353" lon="153.105215816" /><trkpt lat="-30.136603822" lon="153.105208787" /><trkpt lat="-30.136621344" lon="153.105201889" /><trkpt lat="-30.136638899" lon="153.105195121" /><trkpt lat="-30.136656468" lon="153.105188485" /><trkpt lat="-30.136674033" lon="153.105181980" /><trkpt lat="-30.136691575" lon="153.105175607" /><trkpt lat="-30.136709076" lon="153.105169367" /><trkpt lat="-30.136726517" lon="153.105163260" /><trkpt lat="-30.136743879" lon="153.105157286" /><trkpt lat="-30.136761145" lon="153.105151446" /><trkpt lat="-30.136778294" lon="153.105145739" /><trkpt lat="-30.136795309" lon="153.105140168" /><trkpt lat="-30.136812172" lon="153.105134731" /><trkpt lat="-30.136828863" lon="153.105129430" /><trkpt lat="-30.136845363" lon="153.105124265" /><trkpt lat="-30.136861656" lon="153.105119236" /><trkpt lat="-30.136877720" lon="153.105114343" /><trkpt lat="-30.136893539" lon="153.105109588" /><trkpt lat="-30.136909093" lon="153.105104970" /><trkpt lat="-30.136924365" lon="153.105100490" /><trkpt lat="-30.136939334" lon="153.105096149" /><trkpt lat="-30.136953984" lon="153.105091946" /><trkpt lat="-30.136968294" lon="153.105087882" /><trkpt lat="-30.136982247" lon="153.105083958" /><trkpt lat="-30.136995824" lon="153.105080174" /><trkpt lat="-30.137006770" lon="153.105077169" /><trkpt lat="-30.137018291" lon="153.105074068" /><trkpt lat="-30.137030368" lon="153.105070873" /><trkpt lat="-30.137042980" lon="153.105067590" /><trkpt lat="-30.137056108" lon="153.105064222" /><trkpt lat="-30.137069731" lon="153.105060772" /><trkpt lat="-30.137083829" lon="153.105057244" /><trkpt lat="-30.137098382" lon="153.105053642" /><trkpt lat="-30.137113371" lon="153.105049969" /><trkpt lat="-30.137128775" lon="153.105046229" /><trkpt lat="-30.137144573" lon="153.105042426" /><trkpt lat="-30.137160747" lon="153.105038563" /><trkpt lat="-30.137177276" lon="153.105034644" /><trkpt lat="-30.137194140" lon="153.105030674" /><trkpt lat="-30.137211318" lon="153.105026654" /><trkpt lat="-30.137228792" lon="153.105022590" /><trkpt lat="-30.137246540" lon="153.105018484" /><trkpt lat="-30.137264543" lon="153.105014341" /><trkpt lat="-30.137282780" lon="153.105010164" /><trkpt lat="-30.137301232" lon="153.105005956" /><trkpt lat="-30.137319879" lon="153.105001723" /><trkpt lat="-30.137338700" lon="153.104997466" /><trkpt lat="-30.137357676" lon="153.104993190" /><trkpt lat="-30.137376786" lon="153.104988898" /><trkpt lat="-30.137396010" lon="153.104984595" /><trkpt lat="-30.137415329" lon="153.104980283" /><trkpt lat="-30.137434722" lon="153.104975967" /><trkpt lat="-30.137454169" lon="153.104971649" /><trkpt lat="-30.137473650" lon="153.104967335" /><trkpt lat="-30.137493146" lon="153.104963027" /><trkpt lat="-30.137512635" lon="153.104958729" /><trkpt lat="-30.137532099" lon="153.104954445" /><trkpt lat="-30.137551517" lon="153.104950179" /><trkpt lat="-30.137570868" lon="153.104945934" /><trkpt lat="-30.137590133" lon="153.104941713" /><trkpt lat="-30.137609292" lon="153.104937521" /><trkpt lat="-30.137628325" lon="153.104933361" /><trkpt lat="-30.137647212" lon="153.104929237" /><trkpt lat="-30.137665932" lon="153.104925152" /><trkpt lat="-30.137684466" lon="153.104921111" /><trkpt lat="-30.137702793" lon="153.104917116" /><trkpt lat="-30.137720894" lon="153.104913172" /><trkpt lat="-30.137738749" lon="153.104909282" /><trkpt lat="-30.137756336" lon="153.104905450" /><trkpt lat="-30.137773638" lon="153.104901679" /><trkpt lat="-30.137790632" lon="153.104897974" /><trkpt lat="-30.137807300" lon="153.104894337" /><trkpt lat="-30.137823621" lon="153.104890773" /><trkpt lat="-30.137839575" lon="153.104887286" /><trkpt lat="-30.137856858" lon="153.104883484" /><trkpt lat="-30.137874365" lon="153.104879591" /><trkpt lat="-30.137892082" lon="153.104875614" /><trkpt lat="-30.137909992" lon="153.104871557" /><trkpt lat="-30.137928080" lon="153.104867425" /><trkpt lat="-30.137946330" lon="153.104863223" /><trkpt lat="-30.137964726" lon="153.104858956" /><trkpt lat="-30.137983252" lon="153.104854630" /><trkpt lat="-30.138001893" lon="153.104850250" /><trkpt lat="-30.138020633" lon="153.104845820" /><trkpt lat="-30.138039456" lon="153.104841346" /><trkpt lat="-30.138058347" lon="153.104836833" /><trkpt lat="-30.138077289" lon="153.104832286" /><trkpt lat="-30.138096268" lon="153.104827710" /><trkpt lat="-30.138115266" lon="153.104823111" /><trkpt lat="-30.138134270" lon="153.104818493" /><trkpt lat="-30.138153262" lon="153.104813862" /><trkpt lat="-30.138172227" lon="153.104809223" /><trkpt lat="-30.138191150" lon="153.104804580" /><trkpt lat="-30.138210015" lon="153.104799939" /><trkpt lat="-30.138228805" lon="153.104795305" /><trkpt lat="-30.138247505" lon="153.104790684" /><trkpt lat="-30.138266100" lon="153.104786079" /><trkpt lat="-30.138284574" lon="153.104781498" /><trkpt lat="-30.138302911" lon="153.104776943" /><trkpt lat="-30.138321095" lon="153.104772422" /><trkpt lat="-30.138339110" lon="153.104767938" /><trkpt lat="-30.138356941" lon="153.104763497" /><trkpt lat="-30.138374573" lon="153.104759104" /><trkpt lat="-30.138391988" lon="153.104754765" /><trkpt lat="-30.138409173" lon="153.104750483" /><trkpt lat="-30.138426110" lon="153.104746265" /><trkpt lat="-30.138442784" lon="153.104742116" /><trkpt lat="-30.138459180" lon="153.104738040" /><trkpt lat="-30.138475281" lon="153.104734043" /><trkpt lat="-30.138491073" lon="153.104730130" /><trkpt lat="-30.138506538" lon="153.104726305" /><trkpt lat="-30.138521662" lon="153.104722575" /><trkpt lat="-30.138536429" lon="153.104718945" /><trkpt lat="-30.138550823" lon="153.104715418" /><trkpt lat="-30.138564828" lon="153.104712001" /><trkpt lat="-30.138578429" lon="153.104708699" /><trkpt lat="-30.138591609" lon="153.104705516" /><trkpt lat="-30.138604354" lon="153.104702459" /><trkpt lat="-30.138616647" lon="153.104699531" /><trkpt lat="-30.138634604" lon="153.104695245" /><trkpt lat="-30.138652303" lon="153.104690977" /><trkpt lat="-30.138669767" lon="153.104686739" /><trkpt lat="-30.138687018" lon="153.104682544" /><trkpt lat="-30.138704078" lon="153.104678404" /><trkpt lat="-30.138720970" lon="153.104674331" /><trkpt lat="-30.138737715" lon="153.104670336" /><trkpt lat="-30.138754337" lon="153.104666433" /><trkpt lat="-30.138770856" lon="153.104662632" /><trkpt lat="-30.138787297" lon="153.104658947" /><trkpt lat="-30.138803680" lon="153.104655389" /><trkpt lat="-30.138820028" lon="153.104651971" /><trkpt lat="-30.138836364" lon="153.104648704" /><trkpt lat="-30.138852709" lon="153.104645600" /><trkpt lat="-30.138869086" lon="153.104642672" /><trkpt lat="-30.138885517" lon="153.104639932" /><trkpt lat="-30.138902024" lon="153.104637392" /><trkpt lat="-30.138918631" lon="153.104635063" /><trkpt lat="-30.138935358" lon="153.104632959" /><trkpt lat="-30.138952228" lon="153.104631091" /><trkpt lat="-30.138969263" lon="153.104629471" /><trkpt lat="-30.138986487" lon="153.104628111" /><trkpt lat="-30.139003920" lon="153.104627024" /><trkpt lat="-30.139021586" lon="153.104626222" /><trkpt lat="-30.139039506" lon="153.104625716" /><trkpt lat="-30.139057702" lon="153.104625518" /><trkpt lat="-30.139076198" lon="153.104625642" /><trkpt lat="-30.139095015" lon="153.104626098" /><trkpt lat="-30.139114176" lon="153.104626900" /><trkpt lat="-30.139133702" lon="153.104628058" /><trkpt lat="-30.139151463" lon="153.104629317" /><trkpt lat="-30.139168912" lon="153.104630666" /><trkpt lat="-30.139186068" lon="153.104632123" /><trkpt lat="-30.139202951" lon="153.104633703" /><trkpt lat="-30.139219581" lon="153.104635423" /><trkpt lat="-30.139235977" lon="153.104637300" /><trkpt lat="-30.139252160" lon="153.104639350" /><trkpt lat="-30.139268148" lon="153.104641590" /><trkpt lat="-30.139283962" lon="153.104644036" /><trkpt lat="-30.139299621" lon="153.104646706" /><trkpt lat="-30.139315146" lon="153.104649615" /><trkpt lat="-30.139330556" lon="153.104652780" /><trkpt lat="-30.139345870" lon="153.104656218" /><trkpt lat="-30.139361109" lon="153.104659946" /><trkpt lat="-30.139376292" lon="153.104663979" /><trkpt lat="-30.139391440" lon="153.104668334" /><trkpt lat="-30.139406570" lon="153.104673029" /><trkpt lat="-30.139421705" lon="153.104678079" /><trkpt lat="-30.139436862" lon="153.104683501" /><trkpt lat="-30.139452063" lon="153.104689312" /><trkpt lat="-30.139467326" lon="153.104695528" /><trkpt lat="-30.139482672" lon="153.104702167" /><trkpt lat="-30.139498120" lon="153.104709243" /><trkpt lat="-30.139513690" lon="153.104716775" /><trkpt lat="-30.139529402" lon="153.104724778" /><trkpt lat="-30.139545275" lon="153.104733269" /><trkpt lat="-30.139561330" lon="153.104742265" /><trkpt lat="-30.139577585" lon="153.104751782" /><trkpt lat="-30.139594061" lon="153.104761837" /><trkpt lat="-30.139610778" lon="153.104772446" /><trkpt lat="-30.139627755" lon="153.104783626" /><trkpt lat="-30.139645012" lon="153.104795394" /><trkpt lat="-30.139662569" lon="153.104807766" /><trkpt lat="-30.139676375" lon="153.104817838" /><trkpt lat="-30.139689959" lon="153.104828126" /><trkpt lat="-30.139703324" lon="153.104838630" /><trkpt lat="-30.139716471" lon="153.104849347" /><trkpt lat="-30.139729403" lon="153.104860276" /><trkpt lat="-30.139742122" lon="153.104871415" /><trkpt lat="-30.139754631" lon="153.104882762" /><trkpt lat="-30.139766931" lon="153.104894316" /><trkpt lat="-30.139779025" lon="153.104906075" /><trkpt lat="-30.139790915" lon="153.104918037" /><trkpt lat="-30.139802602" lon="153.104930200" /><trkpt lat="-30.139814091" lon="153.104942563" /><trkpt lat="-30.139825382" lon="153.104955124" /><trkpt lat="-30.139836477" lon="153.104967881" /><trkpt lat="-30.139847380" lon="153.104980833" /><trkpt lat="-30.139858091" lon="153.104993978" /><trkpt lat="-30.139868615" lon="153.105007314" /><trkpt lat="-30.139878952" lon="153.105020839" /><trkpt lat="-30.139889104" lon="153.105034551" /><trkpt lat="-30.139899075" lon="153.105048450" /><trkpt lat="-30.139908866" lon="153.105062533" /><trkpt lat="-30.139918480" lon="153.105076798" /><trkpt lat="-30.139927918" lon="153.105091244" /><trkpt lat="-30.139937183" lon="153.105105869" /><trkpt lat="-30.139946277" lon="153.105120671" /><trkpt lat="-30.139955203" lon="153.105135649" /><trkpt lat="-30.139963962" lon="153.105150801" /><trkpt lat="-30.139972556" lon="153.105166125" /><trkpt lat="-30.139980989" lon="153.105181619" /><trkpt lat="-30.139989262" lon="153.105197282" /><trkpt lat="-30.139997378" lon="153.105213112" /><trkpt lat="-30.140005338" lon="153.105229107" /><trkpt lat="-30.140013144" lon="153.105245265" /><trkpt lat="-30.140020800" lon="153.105261586" /><trkpt lat="-30.140028307" lon="153.105278066" /><trkpt lat="-30.140035668" lon="153.105294705" /><trkpt lat="-30.140042884" lon="153.105311500" /><trkpt lat="-30.140049958" lon="153.105328451" /><trkpt lat="-30.140056892" lon="153.105345554" /><trkpt lat="-30.140063688" lon="153.105362809" /><trkpt lat="-30.140070349" lon="153.105380213" /><trkpt lat="-30.140076877" lon="153.105397766" /><trkpt lat="-30.140081305" lon="153.105410198" /><trkpt lat="-30.140085693" lon="153.105423209" /><trkpt lat="-30.140090041" lon="153.105436778" /><trkpt lat="-30.140094346" lon="153.105450884" /><trkpt lat="-30.140098610" lon="153.105465507" /><trkpt lat="-30.140102831" lon="153.105480627" /><trkpt lat="-30.140107010" lon="153.105496221" /><trkpt lat="-30.140111146" lon="153.105512271" /><trkpt lat="-30.140115238" lon="153.105528755" /><trkpt lat="-30.140119287" lon="153.105545652" /><trkpt lat="-30.140123291" lon="153.105562942" /><trkpt lat="-30.140127251" lon="153.105580605" /><trkpt lat="-30.140131165" lon="153.105598619" /><trkpt lat="-30.140135035" lon="153.105616964" /><trkpt lat="-30.140138858" lon="153.105635620" /><trkpt lat="-30.140142635" lon="153.105654565" /><trkpt lat="-30.140146366" lon="153.105673779" /><trkpt lat="-30.140150049" lon="153.105693242" /><trkpt lat="-30.140153685" lon="153.105712932" /><trkpt lat="-30.140157273" lon="153.105732830" /><trkpt lat="-30.140160814" lon="153.105752914" /><trkpt lat="-30.140164305" lon="153.105773164" /><trkpt lat="-30.140167747" lon="153.105793559" /><trkpt lat="-30.140171141" lon="153.105814079" /><trkpt lat="-30.140174484" lon="153.105834702" /><trkpt lat="-30.140177777" lon="153.105855409" /><trkpt lat="-30.140181020" lon="153.105876178" /><trkpt lat="-30.140184211" lon="153.105896990" /><trkpt lat="-30.140187351" lon="153.105917823" /><trkpt lat="-30.140190440" lon="153.105938656" /><trkpt lat="-30.140193476" lon="153.105959470" /><trkpt lat="-30.140196460" lon="153.105980242" /><trkpt lat="-30.140199390" lon="153.106000954" /><trkpt lat="-30.140202268" lon="153.106021584" /><trkpt lat="-30.140205091" lon="153.106042111" /><trkpt lat="-30.140207861" lon="153.106062515" /><trkpt lat="-30.140210576" lon="153.106082775" /><trkpt lat="-30.140213236" lon="153.106102871" /><trkpt lat="-30.140215840" lon="153.106122782" /><trkpt lat="-30.140218389" lon="153.106142487" /><trkpt lat="-30.140220882" lon="153.106161965" /><trkpt lat="-30.140223318" lon="153.106181197" /><trkpt lat="-30.140225698" lon="153.106200161" /><trkpt lat="-30.140228020" lon="153.106218836" /><trkpt lat="-30.140230284" lon="153.106237203" /><trkpt lat="-30.140232490" lon="153.106255240" /><trkpt lat="-30.140234638" lon="153.106272926" /><trkpt lat="-30.140236727" lon="153.106290242" /><trkpt lat="-30.140238756" lon="153.106307166" /><trkpt lat="-30.140240726" lon="153.106323678" /><trkpt lat="-30.140242636" lon="153.106339758" /><trkpt lat="-30.140244485" lon="153.106355383" /><trkpt lat="-30.140246273" lon="153.106370535" /><trkpt lat="-30.140248000" lon="153.106385192" /><trkpt lat="-30.140249666" lon="153.106399334" /><trkpt lat="-30.140251269" lon="153.106412939" /><trkpt lat="-30.140252810" lon="153.106425988" /><trkpt lat="-30.140254288" lon="153.106438459" /><trkpt lat="-30.140255703" lon="153.106450333" /><trkpt lat="-30.140257054" lon="153.106461588" /><trkpt lat="-30.140258341" lon="153.106472203" /><trkpt lat="-30.140259288" lon="153.106479996" /><trkpt lat="-30.140260328" lon="153.106488592" /><trkpt lat="-30.140261457" lon="153.106497971" /><trkpt lat="-30.140262675" lon="153.106508113" /><trkpt lat="-30.140263977" lon="153.106518997" /><trkpt lat="-30.140265362" lon="153.106530603" /><trkpt lat="-30.140266828" lon="153.106542911" /><trkpt lat="-30.140268371" lon="153.106555900" /><trkpt lat="-30.140269991" lon="153.106569549" /><trkpt lat="-30.140271683" lon="153.106583840" /><trkpt lat="-30.140273447" lon="153.106598750" /><trkpt lat="-30.140275279" lon="153.106614260" /><trkpt lat="-30.140277178" lon="153.106630349" /><trkpt lat="-30.140279141" lon="153.106646997" /><trkpt lat="-30.140281165" lon="153.106664184" /><trkpt lat="-30.140283248" lon="153.106681889" /><trkpt lat="-30.140285388" lon="153.106700092" /><trkpt lat="-30.140287583" lon="153.106718772" /><trkpt lat="-30.140289829" lon="153.106737909" /><trkpt lat="-30.140292126" lon="153.106757482" /><trkpt lat="-30.140294470" lon="153.106777472" /><trkpt lat="-30.140296858" lon="153.106797858" /><trkpt lat="-30.140299290" lon="153.106818619" /><trkpt lat="-30.140301762" lon="153.106839736" /><trkpt lat="-30.140304271" lon="153.106861187" /><trkpt lat="-30.140306817" lon="153.106882953" /><trkpt lat="-30.140309395" lon="153.106905012" /><trkpt lat="-30.140312004" lon="153.106927345" /><trkpt lat="-30.140314642" lon="153.106949931" /><trkpt lat="-30.140317306" lon="153.106972750" /><trkpt lat="-30.140319993" lon="153.106995782" /><trkpt lat="-30.140322702" lon="153.107019006" /><trkpt lat="-30.140325431" lon="153.107042401" /><trkpt lat="-30.140328175" lon="153.107065947" /><trkpt lat="-30.140330934" lon="153.107089625" /><trkpt lat="-30.140333705" lon="153.107113413" /><trkpt lat="-30.140336486" lon="153.107137291" /><trkpt lat="-30.140339273" lon="153.107161239" /><trkpt lat="-30.140342066" lon="153.107185236" /><trkpt lat="-30.140344861" lon="153.107209263" /><trkpt lat="-30.140347656" lon="153.107233298" /><trkpt lat="-30.140350449" lon="153.107257321" /><trkpt lat="-30.140353238" lon="153.107281312" /><trkpt lat="-30.140356019" lon="153.107305251" /><trkpt lat="-30.140358791" lon="153.107329116" /><trkpt lat="-30.140361551" lon="153.107352889" /><trkpt lat="-30.140364298" lon="153.107376548" /><trkpt lat="-30.140367028" lon="153.107400072" /><trkpt lat="-30.140369739" lon="153.107423443" /><trkpt lat="-30.140372429" lon="153.107446638" /><trkpt lat="-30.140375095" lon="153.107469639" /><trkpt lat="-30.140377736" lon="153.107492423" /><trkpt lat="-30.140380349" lon="153.107514972" /><trkpt lat="-30.140382930" lon="153.107537265" /><trkpt lat="-30.140385479" lon="153.107559281" /><trkpt lat="-30.140387993" lon="153.107580999" /><trkpt lat="-30.140390469" lon="153.107602401" /><trkpt lat="-30.140392905" lon="153.107623464" /><trkpt lat="-30.140395298" lon="153.107644169" /><trkpt lat="-30.140397647" lon="153.107664496" /><trkpt lat="-30.140399949" lon="153.107684423" /><trkpt lat="-30.140402201" lon="153.107703932" /><trkpt lat="-30.140404401" lon="153.107723000" /><trkpt lat="-30.140406547" lon="153.107741608" /><trkpt lat="-30.140408637" lon="153.107759736" /><trkpt lat="-30.140410667" lon="153.107777363" /><trkpt lat="-30.140412637" lon="153.107794469" /><trkpt lat="-30.140414542" lon="153.107811033" /><trkpt lat="-30.140416382" lon="153.107827035" /><trkpt lat="-30.140418153" lon="153.107842454" /><trkpt lat="-30.140419854" lon="153.107857271" /><trkpt lat="-30.140421481" lon="153.107871465" /><trkpt lat="-30.140423033" lon="153.107885015" /><trkpt lat="-30.140424507" lon="153.107897901" /><trkpt lat="-30.140425901" lon="153.107910102" /><trkpt lat="-30.140427212" lon="153.107921599" /><trkpt lat="-30.140428439" lon="153.107932371" /><trkpt lat="-30.140429578" lon="153.107942398" /><trkpt lat="-30.140430627" lon="153.107951658" /><trkpt lat="-30.140431585" lon="153.107960133" /><trkpt lat="-30.140432448" lon="153.107967801" /><trkpt lat="-30.140433214" lon="153.107974641" /><trkpt lat="-30.140433882" lon="153.107980635" /><trkpt lat="-30.140434448" lon="153.107985760" /><trkpt lat="-30.140434910" lon="153.107989998" /><trkpt lat="-30.140435623" lon="153.107996658" /><trkpt lat="-30.140436447" lon="153.108004464" /><trkpt lat="-30.140437378" lon="153.108013374" /><trkpt lat="-30.140438413" lon="153.108023344" /><trkpt lat="-30.140439548" lon="153.108034332" /><trkpt lat="-30.140440779" lon="153.108046296" /><trkpt lat="-30.140442102" lon="153.108059194" /><trkpt lat="-30.140443514" lon="153.108072981" /><trkpt lat="-30.140445012" lon="153.108087617" /><trkpt lat="-30.140446591" lon="153.108103058" /><trkpt lat="-30.140448248" lon="153.108119262" /><trkpt lat="-30.140449979" lon="153.108136185" /><trkpt lat="-30.140451781" lon="153.108153787" /><trkpt lat="-30.140453649" lon="153.108172023" /><trkpt lat="-30.140455581" lon="153.108190852" /><trkpt lat="-30.140457572" lon="153.108210231" /><trkpt lat="-30.140459620" lon="153.108230117" /><trkpt lat="-30.140461719" lon="153.108250467" /><trkpt lat="-30.140463867" lon="153.108271240" /><trkpt lat="-30.140466059" lon="153.108292392" /><trkpt lat="-30.140468293" lon="153.108313881" /><trkpt lat="-30.140470565" lon="153.108335665" /><trkpt lat="-30.140472870" lon="153.108357700" /><trkpt lat="-30.140475206" lon="153.108379944" /><trkpt lat="-30.140477567" lon="153.108402355" /><trkpt lat="-30.140479952" lon="153.108424891" /><trkpt lat="-30.140482356" lon="153.108447507" /><trkpt lat="-30.140484776" lon="153.108470162" /><trkpt lat="-30.140487207" lon="153.108492814" /><trkpt lat="-30.140489647" lon="153.108515419" /><trkpt lat="-30.140492091" lon="153.108537936" /><trkpt lat="-30.140494535" lon="153.108560321" /><trkpt lat="-30.140496977" lon="153.108582532" /><trkpt lat="-30.140499413" lon="153.108604526" /><trkpt lat="-30.140501838" lon="153.108626262" /><trkpt lat="-30.140504250" lon="153.108647695" /><trkpt lat="-30.140506644" lon="153.108668784" /><trkpt lat="-30.140509016" lon="153.108689486" /><trkpt lat="-30.140511364" lon="153.108709759" /><trkpt lat="-30.140513684" lon="153.108729559" /><trkpt lat="-30.140515971" lon="153.108748845" /><trkpt lat="-30.140518222" lon="153.108767574" /><trkpt lat="-30.140520434" lon="153.108785702" /><trkpt lat="-30.140522603" lon="153.108803188" /><trkpt lat="-30.140524725" lon="153.108819990" /><trkpt lat="-30.140526796" lon="153.108836063" /><trkpt lat="-30.140528813" lon="153.108851367" /><trkpt lat="-30.140530772" lon="153.108865857" /><trkpt lat="-30.140532670" lon="153.108879493" /><trkpt lat="-30.140534503" lon="153.108892230" /><trkpt lat="-30.140536266" lon="153.108904027" /><trkpt lat="-30.140537957" lon="153.108914841" /><trkpt lat="-30.140539572" lon="153.108924629" /><trkpt lat="-30.140542218" lon="153.108940719" /><trkpt lat="-30.140544588" lon="153.108956273" /><trkpt lat="-30.140546684" lon="153.108971305" /><trkpt lat="-30.140548504" lon="153.108985829" /><trkpt lat="-30.140550051" lon="153.108999858" /><trkpt lat="-30.140551323" lon="153.109013407" /><trkpt lat="-30.140552322" lon="153.109026489" /><trkpt lat="-30.140553047" lon="153.109039117" /><trkpt lat="-30.140553499" lon="153.109051306" /><trkpt lat="-30.140553679" lon="153.109063068" /><trkpt lat="-30.140553586" lon="153.109074418" /><trkpt lat="-30.140553222" lon="153.109085369" /><trkpt lat="-30.140552586" lon="153.109095935" /><trkpt lat="-30.140551678" lon="153.109106129" /><trkpt lat="-30.140550500" lon="153.109115966" /><trkpt lat="-30.140549051" lon="153.109125458" /><trkpt lat="-30.140547331" lon="153.109134619" /><trkpt lat="-30.140545342" lon="153.109143464" /><trkpt lat="-30.140543083" lon="153.109152006" /><trkpt lat="-30.140540555" lon="153.109160258" /><trkpt lat="-30.140537758" lon="153.109168234" /><trkpt lat="-30.140534692" lon="153.109175947" /><trkpt lat="-30.140531358" lon="153.109183412" /><trkpt lat="-30.140527756" lon="153.109190642" /><trkpt lat="-30.140523887" lon="153.109197651" /><trkpt lat="-30.140519750" lon="153.109204452" /><trkpt lat="-30.140515347" lon="153.109211059" /><trkpt lat="-30.140510677" lon="153.109217486" /><trkpt lat="-30.140505741" lon="153.109223746" /><trkpt lat="-30.140500538" lon="153.109229853" /><trkpt lat="-30.140494845" lon="153.109235855" /><trkpt lat="-30.140488459" lon="153.109241786" /><trkpt lat="-30.140481416" lon="153.109247636" /><trkpt lat="-30.140473751" lon="153.109253397" /><trkpt lat="-30.140465500" lon="153.109259059" /><trkpt lat="-30.140456698" lon="153.109264615" /><trkpt lat="-30.140447380" lon="153.109270054" /><trkpt lat="-30.140437581" lon="153.109275368" /><trkpt lat="-30.140427338" lon="153.109280547" /><trkpt lat="-30.140416685" lon="153.109285584" /><trkpt lat="-30.140405658" lon="153.109290469" /><trkpt lat="-30.140394292" lon="153.109295193" /><trkpt lat="-30.140382623" lon="153.109299747" /><trkpt lat="-30.140370686" lon="153.109304122" /><trkpt lat="-30.140358516" lon="153.109308309" /><trkpt lat="-30.140346150" lon="153.109312300" /><trkpt lat="-30.140333621" lon="153.109316085" /><trkpt lat="-30.140320966" lon="153.109319656" /><trkpt lat="-30.140308220" lon="153.109323003" /><trkpt lat="-30.140295419" lon="153.109326117" /><trkpt lat="-30.140282597" lon="153.109328990" /><trkpt lat="-30.140269791" lon="153.109331613" /><trkpt lat="-30.140257035" lon="153.109333976" /><trkpt lat="-30.140244365" lon="153.109336072" /><trkpt lat="-30.140231816" lon="153.109337890" /><trkpt lat="-30.140219424" lon="153.109339422" /><trkpt lat="-30.140207225" lon="153.109340658" /><trkpt lat="-30.140195253" lon="153.109341591" /><trkpt lat="-30.140183543" lon="153.109342211" /><trkpt lat="-30.140172133" lon="153.109342509" /><trkpt lat="-30.140160398" lon="153.109342588" /><trkpt lat="-30.140147736" lon="153.109342561" /><trkpt lat="-30.140134209" lon="153.109342435" /><trkpt lat="-30.140119879" lon="153.109342217" /><trkpt lat="-30.140104808" lon="153.109341912" /><trkpt lat="-30.140089058" lon="153.109341528" /><trkpt lat="-30.140072691" lon="153.109341072" /><trkpt lat="-30.140055769" lon="153.109340549" /><trkpt lat="-30.140038354" lon="153.109339966" /><trkpt lat="-30.140020509" lon="153.109339331" /><trkpt lat="-30.140002295" lon="153.109338649" /><trkpt lat="-30.139983775" lon="153.109337927" /><trkpt lat="-30.139965010" lon="153.109337172" /><trkpt lat="-30.139946064" lon="153.109336391" /><trkpt lat="-30.139926997" lon="153.109335589" /><trkpt lat="-30.139907872" lon="153.109334774" /><trkpt lat="-30.139888752" lon="153.109333952" /><trkpt lat="-30.139869697" lon="153.109333130" /><trkpt lat="-30.139850771" lon="153.109332315" /><trkpt lat="-30.139832036" lon="153.109331512" /><trkpt lat="-30.139813552" lon="153.109330729" /><trkpt lat="-30.139795384" lon="153.109329972" /><trkpt lat="-30.139777592" lon="153.109329248" /><trkpt lat="-30.139760239" lon="153.109328563" /><trkpt lat="-30.139743387" lon="153.109327925" /><trkpt lat="-30.139727098" lon="153.109327338" /><trkpt lat="-30.139711434" lon="153.109326811" /><trkpt lat="-30.139696457" lon="153.109326350" /><trkpt lat="-30.139682229" lon="153.109325961" /><trkpt lat="-30.139668813" lon="153.109325651" /><trkpt lat="-30.139656074" lon="153.109325702" /><trkpt lat="-30.139643835" lon="153.109326375" /><trkpt lat="-30.139632093" lon="153.109327652" /><trkpt lat="-30.139620845" lon="153.109329512" /><trkpt lat="-30.139610088" lon="153.109331935" /><trkpt lat="-30.139599820" lon="153.109334900" /><trkpt lat="-30.139590037" lon="153.109338387" /><trkpt lat="-30.139580736" lon="153.109342376" /><trkpt lat="-30.139571916" lon="153.109346846" /><trkpt lat="-30.139563573" lon="153.109351778" /><trkpt lat="-30.139555704" lon="153.109357151" /><trkpt lat="-30.139548306" lon="153.109362945" /><trkpt lat="-30.139541377" lon="153.109369139" /><trkpt lat="-30.139534914" lon="153.109375714" /><trkpt lat="-30.139528913" lon="153.109382648" /><trkpt lat="-30.139523373" lon="153.109389923" /><trkpt lat="-30.139518290" lon="153.109397517" /><trkpt lat="-30.139513661" lon="153.109405410" /><trkpt lat="-30.139509484" lon="153.109413582" /><trkpt lat="-30.139505755" lon="153.109422012" /><trkpt lat="-30.139502472" lon="153.109430681" /><trkpt lat="-30.139499633" lon="153.109439569" /><trkpt lat="-30.139497233" lon="153.109448654" /><trkpt lat="-30.139495271" lon="153.109457916" /><trkpt lat="-30.139493744" lon="153.109467337" /><trkpt lat="-30.139492648" lon="153.109476894" /><trkpt lat="-30.139491981" lon="153.109486568" /><trkpt lat="-30.139491740" lon="153.109496338" /><trkpt lat="-30.139491922" lon="153.109506185" /><trkpt lat="-30.139492525" lon="153.109516088" /><trkpt lat="-30.139493526" lon="153.109526480" /><trkpt lat="-30.139494896" lon="153.109537768" /><trkpt lat="-30.139496620" lon="153.109549895" /><trkpt lat="-30.139498682" lon="153.109562805" /><trkpt lat="-30.139501068" lon="153.109576440" /><trkpt lat="-30.139503763" lon="153.109590743" /><trkpt lat="-30.139506751" lon="153.109605658" /><trkpt lat="-30.139510018" lon="153.109621128" /><trkpt lat="-30.139513548" lon="153.109637095" /><trkpt lat="-30.139517328" lon="153.109653502" /><trkpt lat="-30.139521340" lon="153.109670293" /><trkpt lat="-30.139525572" lon="153.109687410" /><trkpt lat="-30.139530006" lon="153.109704796" /><trkpt lat="-30.139534630" lon="153.109722395" /><trkpt lat="-30.139539427" lon="153.109740149" /><trkpt lat="-30.139544382" lon="153.109758002" /><trkpt lat="-30.139549481" lon="153.109775895" /><trkpt lat="-30.139554709" lon="153.109793773" /><trkpt lat="-30.139560049" lon="153.109811579" /><trkpt lat="-30.139565489" lon="153.109829255" /><trkpt lat="-30.139571011" lon="153.109846744" /><trkpt lat="-30.139576603" lon="153.109863989" /><trkpt lat="-30.139582247" lon="153.109880934" /><trkpt lat="-30.139587930" lon="153.109897521" /><trkpt lat="-30.139593636" lon="153.109913693" /><trkpt lat="-30.139599351" lon="153.109929394" /><trkpt lat="-30.139605059" lon="153.109944565" /><trkpt lat="-30.139610745" lon="153.109959151" /><trkpt lat="-30.139616395" lon="153.109973095" /><trkpt lat="-30.139621993" lon="153.109986338" /><trkpt lat="-30.139627848" lon="153.109999396" /><trkpt lat="-30.139634256" lon="153.110012806" /><trkpt lat="-30.139641185" lon="153.110026544" /><trkpt lat="-30.139648599" lon="153.110040586" /><trkpt lat="-30.139656464" lon="153.110054908" /><trkpt lat="-30.139664747" lon="153.110069487" /><trkpt lat="-30.139673414" lon="153.110084297" /><trkpt lat="-30.139682430" lon="153.110099317" /><trkpt lat="-30.139691761" lon="153.110114521" /><trkpt lat="-30.139701374" lon="153.110129886" /><trkpt lat="-30.139711234" lon="153.110145388" /><trkpt lat="-30.139721308" lon="153.110161004" /><trkpt lat="-30.139731561" lon="153.110176708" /><trkpt lat="-30.139741959" lon="153.110192479" /><trkpt lat="-30.139752469" lon="153.110208291" /><trkpt lat="-30.139763056" lon="153.110224121" /><trkpt lat="-30.139773687" lon="153.110239945" /><trkpt lat="-30.139784326" lon="153.110255739" /><trkpt lat="-30.139794941" lon="153.110271480" /><trkpt lat="-30.139805497" lon="153.110287143" /><trkpt lat="-30.139815961" lon="153.110302705" /><trkpt lat="-30.139826297" lon="153.110318141" /><trkpt lat="-30.139836473" lon="153.110333429" /><trkpt lat="-30.139846454" lon="153.110348544" /><trkpt lat="-30.139856206" lon="153.110363462" /><trkpt lat="-30.139865695" lon="153.110378159" /><trkpt lat="-30.139874887" lon="153.110392612" /><trkpt lat="-30.139883749" lon="153.110406797" /><trkpt lat="-30.139892245" lon="153.110420690" /><trkpt lat="-30.139900343" lon="153.110434267" /><trkpt lat="-30.139907814" lon="153.110447905" /><trkpt lat="-30.139914462" lon="153.110461974" /><trkpt lat="-30.139920300" lon="153.110476439" /><trkpt lat="-30.139925340" lon="153.110491268" /><trkpt lat="-30.139929595" lon="153.110506426" /><trkpt lat="-30.139933076" lon="153.110521879" /><trkpt lat="-30.139935797" lon="153.110537592" /><trkpt lat="-30.139937769" lon="153.110553533" /><trkpt lat="-30.139939005" lon="153.110569668" /><trkpt lat="-30.139939518" lon="153.110585961" /><trkpt lat="-30.139939319" lon="153.110602379" /><trkpt lat="-30.139938421" lon="153.110618889" /><trkpt lat="-30.139936836" lon="153.110635456" /><trkpt lat="-30.139934578" lon="153.110652046" /><trkpt lat="-30.139931657" lon="153.110668625" /><trkpt lat="-30.139928087" lon="153.110685159" /><trkpt lat="-30.139923880" lon="153.110701615" /><trkpt lat="-30.139919048" lon="153.110717959" /><trkpt lat="-30.139913603" lon="153.110734155" /><trkpt lat="-30.139907559" lon="153.110750171" /><trkpt lat="-30.139900927" lon="153.110765973" /><trkpt lat="-30.139893720" lon="153.110781526" /><trkpt lat="-30.139885950" lon="153.110796796" /><trkpt lat="-30.139877629" lon="153.110811750" /><trkpt lat="-30.139868771" lon="153.110826354" /><trkpt lat="-30.139859386" lon="153.110840573" /><trkpt lat="-30.139849488" lon="153.110854373" /><trkpt lat="-30.139839089" lon="153.110867721" /><trkpt lat="-30.139828202" lon="153.110880583" /><trkpt lat="-30.139816838" lon="153.110892925" /><trkpt lat="-30.139805680" lon="153.110904334" /><trkpt lat="-30.139793980" lon="153.110915922" /><trkpt lat="-30.139781783" lon="153.110927672" /><trkpt lat="-30.139769131" lon="153.110939570" /><trkpt lat="-30.139756067" lon="153.110951602" /><trkpt lat="-30.139742636" lon="153.110963751" /><trkpt lat="-30.139728880" lon="153.110976003" /><trkpt lat="-30.139714843" lon="153.110988343" /><trkpt lat="-30.139700568" lon="153.111000756" /><trkpt lat="-30.139686098" lon="153.111013227" /><trkpt lat="-30.139671477" lon="153.111025740" /><trkpt lat="-30.139656748" lon="153.111038282" /><trkpt lat="-30.139641954" lon="153.111050836" /><trkpt lat="-30.139627139" lon="153.111063389" /><trkpt lat="-30.139612346" lon="153.111075924" /><trkpt lat="-30.139597619" lon="153.111088427" /><trkpt lat="-30.139583000" lon="153.111100883" /><trkpt lat="-30.139568533" lon="153.111113276" /><trkpt lat="-30.139554262" lon="153.111125593" /><trkpt lat="-30.139540229" lon="153.111137817" /><trkpt lat="-30.139526479" lon="153.111149935" /><trkpt lat="-30.139513054" lon="153.111161930" /><trkpt lat="-30.139499998" lon="153.111173787" /><trkpt lat="-30.139487353" lon="153.111185493" /><trkpt lat="-30.139475164" lon="153.111197032" /><trkpt lat="-30.139463474" lon="153.111208388" /><trkpt lat="-30.139452326" lon="153.111219547" /><trkpt lat="-30.139441764" lon="153.111230494" /><trkpt lat="-30.139431830" lon="153.111241213" /><trkpt lat="-30.139422568" lon="153.111251691" /><trkpt lat="-30.139414022" lon="153.111261911" /><trkpt lat="-30.139406234" lon="153.111271859" /><trkpt lat="-30.139398310" lon="153.111282533" /><trkpt lat="-30.139389829" lon="153.111294253" /><trkpt lat="-30.139380835" lon="153.111306937" /><trkpt lat="-30.139371374" lon="153.111320505" /><trkpt lat="-30.139361488" lon="153.111334874" /><trkpt lat="-30.139351221" lon="153.111349963" /><trkpt lat="-30.139340617" lon="153.111365690" /><trkpt lat="-30.139329721" lon="153.111381973" /><trkpt lat="-30.139318575" lon="153.111398730" /><trkpt lat="-30.139307223" lon="153.111415881" /><trkpt lat="-30.139295711" lon="153.111433342" /><trkpt lat="-30.139284080" lon="153.111451033" /><trkpt lat="-30.139272376" lon="153.111468872" /><trkpt lat="-30.139260642" lon="153.111486777" /><trkpt lat="-30.139248922" lon="153.111504666" /><trkpt lat="-30.139237259" lon="153.111522458" /><trkpt lat="-30.139225698" lon="153.111540071" /><trkpt lat="-30.139214283" lon="153.111557423" /><trkpt lat="-30.139203057" lon="153.111574433" /><trkpt lat="-30.139192063" lon="153.111591019" /><trkpt lat="-30.139181347" lon="153.111607099" /><trkpt lat="-30.139170952" lon="153.111622591" /><trkpt lat="-30.139160921" lon="153.111637415" /><trkpt lat="-30.139151299" lon="153.111651487" /><trkpt lat="-30.139142129" lon="153.111664727" /><trkpt lat="-30.139133455" lon="153.111677052" /><trkpt lat="-30.139125321" lon="153.111688382" /><trkpt lat="-30.139117771" lon="153.111698634" /><trkpt lat="-30.139110849" lon="153.111707727" /><trkpt lat="-30.139104599" lon="153.111715578" /><trkpt lat="-30.139099063" lon="153.111722107" /><trkpt lat="-30.139093314" lon="153.111728516" /><trkpt lat="-30.139086767" lon="153.111735647" /><trkpt lat="-30.139079467" lon="153.111743462" /><trkpt lat="-30.139071459" lon="153.111751923" /><trkpt lat="-30.139062787" lon="153.111760993" /><trkpt lat="-30.139053497" lon="153.111770634" /><trkpt lat="-30.139043633" lon="153.111780807" /><trkpt lat="-30.139033240" lon="153.111791476" /><trkpt lat="-30.139022363" lon="153.111802602" /><trkpt lat="-30.139011047" lon="153.111814147" /><trkpt lat="-30.138999337" lon="153.111826073" /><trkpt lat="-30.138987277" lon="153.111838344" /><trkpt lat="-30.138974913" lon="153.111850919" /><trkpt lat="-30.138962288" lon="153.111863763" /><trkpt lat="-30.138949449" lon="153.111876837" /><trkpt lat="-30.138936440" lon="153.111890103" /><trkpt lat="-30.138923305" lon="153.111903524" /><trkpt lat="-30.138910090" lon="153.111917061" /><trkpt lat="-30.138896839" lon="153.111930677" /><trkpt lat="-30.138883598" lon="153.111944333" /><trkpt lat="-30.138870411" lon="153.111957993" /><trkpt lat="-30.138857323" lon="153.111971618" /><trkpt lat="-30.138844378" lon="153.111985169" /><trkpt lat="-30.138831622" lon="153.111998611" /><trkpt lat="-30.138819100" lon="153.112011904" /><trkpt lat="-30.138806856" lon="153.112025011" /><trkpt lat="-30.138794936" lon="153.112037893" /><trkpt lat="-30.138783383" lon="153.112050514" /><trkpt lat="-30.138772243" lon="153.112062835" /><trkpt lat="-30.138761561" lon="153.112074818" /><trkpt lat="-30.138751282" lon="153.112086510" /><trkpt lat="-30.138741314" lon="153.112097996" /><trkpt lat="-30.138731646" lon="153.112109298" /><trkpt lat="-30.138722268" lon="153.112120436" /><trkpt lat="-30.138713169" lon="153.112131432" /><trkpt lat="-30.138704338" lon="153.112142306" /><trkpt lat="-30.138695766" lon="153.112153080" /><trkpt lat="-30.138687441" lon="153.112163775" /><trkpt lat="-30.138679352" lon="153.112174412" /><trkpt lat="-30.138671490" lon="153.112185012" /><trkpt lat="-30.138663843" lon="153.112195596" /><trkpt lat="-30.138656400" lon="153.112206185" /><trkpt lat="-30.138649152" lon="153.112216800" /><trkpt lat="-30.138642088" lon="153.112227462" /><trkpt lat="-30.138635197" lon="153.112238193" /><trkpt lat="-30.138628468" lon="153.112249013" /><trkpt lat="-30.138621890" lon="153.112259944" /><trkpt lat="-30.138615454" lon="153.112271006" /><trkpt lat="-30.138609149" lon="153.112282221" /><trkpt lat="-30.138602963" lon="153.112293609" /><trkpt lat="-30.138596887" lon="153.112305193" /><trkpt lat="-30.138590909" lon="153.112316992" /><trkpt lat="-30.138585019" lon="153.112329028" /><trkpt lat="-30.138579207" lon="153.112341322" /><trkpt lat="-30.138573462" lon="153.112353895" /><trkpt lat="-30.138567773" lon="153.112366769" /><trkpt lat="-30.138562129" lon="153.112379963" /><trkpt lat="-30.138556521" lon="153.112393500" /><trkpt lat="-30.138550936" lon="153.112407400" /><trkpt lat="-30.138545366" lon="153.112421685" /><trkpt lat="-30.138539761" lon="153.112436351" /><trkpt lat="-30.138534084" lon="153.112451364" /><trkpt lat="-30.138528342" lon="153.112466697" /><trkpt lat="-30.138522541" lon="153.112482325" /><trkpt lat="-30.138516686" lon="153.112498221" /><trkpt lat="-30.138510785" lon="153.112514361" /><trkpt lat="-30.138504843" lon="153.112530716" /><trkpt lat="-30.138498867" lon="153.112547262" /><trkpt lat="-30.138492862" lon="153.112563973" /><trkpt lat="-30.138486836" lon="153.112580821" /><trkpt lat="-30.138480794" lon="153.112597783" /><trkpt lat="-30.138474743" lon="153.112614830" /><trkpt lat="-30.138468688" lon="153.112631938" /><trkpt lat="-30.138462636" lon="153.112649080" /><trkpt lat="-30.138456594" lon="153.112666230" /><trkpt lat="-30.138450567" lon="153.112683362" /><trkpt lat="-30.138444562" lon="153.112700450" /><trkpt lat="-30.138438585" lon="153.112717468" /><trkpt lat="-30.138432642" lon="153.112734391" /><trkpt lat="-30.138426739" lon="153.112751191" /><trkpt lat="-30.138420883" lon="153.112767843" /><trkpt lat="-30.138415079" lon="153.112784321" /><trkpt lat="-30.138409335" lon="153.112800599" /><trkpt lat="-30.138403656" lon="153.112816650" /><trkpt lat="-30.138398049" lon="153.112832450" /><trkpt lat="-30.138392519" lon="153.112847971" /><trkpt lat="-30.138387073" lon="153.112863187" /><trkpt lat="-30.138381717" lon="153.112878074" /><trkpt lat="-30.138376458" lon="153.112892604" /><trkpt lat="-30.138371302" lon="153.112906751" /><trkpt lat="-30.138365854" lon="153.112920848" /><trkpt lat="-30.138359740" lon="153.112935224" /><trkpt lat="-30.138352990" lon="153.112949847" /><trkpt lat="-30.138345638" lon="153.112964686" /><trkpt lat="-30.138337715" lon="153.112979709" /><trkpt lat="-30.138329254" lon="153.112994885" /><trkpt lat="-30.138320287" lon="153.113010183" /><trkpt lat="-30.138310846" lon="153.113025571" /><trkpt lat="-30.138300963" lon="153.113041018" /><trkpt lat="-30.138290670" lon="153.113056492" /><trkpt lat="-30.138280000" lon="153.113071962" /><trkpt lat="-30.138268984" lon="153.113087397" /><trkpt lat="-30.138257656" lon="153.113102765" /><trkpt lat="-30.138246047" lon="153.113118035" /><trkpt lat="-30.138234189" lon="153.113133175" /><trkpt lat="-30.138222114" lon="153.113148155" /><trkpt lat="-30.138209856" lon="153.113162942" /><trkpt lat="-30.138197445" lon="153.113177506" /><trkpt lat="-30.138184914" lon="153.113191814" /><trkpt lat="-30.138172295" lon="153.113205836" /><trkpt lat="-30.138159621" lon="153.113219540" /><trkpt lat="-30.138146924" lon="153.113232894" /><trkpt lat="-30.138134235" lon="153.113245868" /><trkpt lat="-30.138121587" lon="153.113258430" /><trkpt lat="-30.138109013" lon="153.113270549" /><trkpt lat="-30.138096543" lon="153.113282192" /><trkpt lat="-30.138084212" lon="153.113293330" /><trkpt lat="-30.138072050" lon="153.113303929" /><trkpt lat="-30.138060090" lon="153.113313960" /><trkpt lat="-30.138048364" lon="153.113323390" /><trkpt lat="-30.138038867" lon="153.113330804" /><trkpt lat="-30.138028709" lon="153.113338631" /><trkpt lat="-30.138017923" lon="153.113346846" /><trkpt lat="-30.138006540" lon="153.113355424" /><trkpt lat="-30.137994594" lon="153.113364342" /><trkpt lat="-30.137982116" lon="153.113373574" /><trkpt lat="-30.137969137" lon="153.113383097" /><trkpt lat="-30.137955692" lon="153.113392885" /><trkpt lat="-30.137941811" lon="153.113402915" /><trkpt lat="-30.137927526" lon="153.113413161" /><trkpt lat="-30.137912870" lon="153.113423600" /><trkpt lat="-30.137897876" lon="153.113434207" /><trkpt lat="-30.137882574" lon="153.113444957" /><trkpt lat="-30.137866997" lon="153.113455826" /><trkpt lat="-30.137851178" lon="153.113466790" /><trkpt lat="-30.137835149" lon="153.113477824" /><trkpt lat="-30.137818941" lon="153.113488903" /><trkpt lat="-30.137802586" lon="153.113500003" /><trkpt lat="-30.137786118" lon="153.113511100" /><trkpt lat="-30.137769568" lon="153.113522169" /><trkpt lat="-30.137752968" lon="153.113533186" /><trkpt lat="-30.137736351" lon="153.113544126" /><trkpt lat="-30.137719747" lon="153.113554965" /><trkpt lat="-30.137703191" lon="153.113565678" /><trkpt lat="-30.137686713" lon="153.113576240" /><trkpt lat="-30.137670346" lon="153.113586628" /><trkpt lat="-30.137654123" lon="153.113596817" /><trkpt lat="-30.137638074" lon="153.113606783" /><trkpt lat="-30.137622233" lon="153.113616500" /><trkpt lat="-30.137606631" lon="153.113625944" /><trkpt lat="-30.137591301" lon="153.113635092" /><trkpt lat="-30.137576275" lon="153.113643918" /><trkpt lat="-30.137561585" lon="153.113652398" /><trkpt lat="-30.137547263" lon="153.113660508" /><trkpt lat="-30.137533340" lon="153.113668222" /><trkpt lat="-30.137519851" lon="153.113675518" /><trkpt lat="-30.137506825" lon="153.113682369" /><trkpt lat="-30.137494297" lon="153.113688752" /><trkpt lat="-30.137481157" lon="153.113695336" /><trkpt lat="-30.137467654" lon="153.113702116" /><trkpt lat="-30.137453806" lon="153.113709084" /><trkpt lat="-30.137439631" lon="153.113716228" /><trkpt lat="-30.137425148" lon="153.113723540" /><trkpt lat="-30.137410375" lon="153.113731010" /><trkpt lat="-30.137395331" lon="153.113738627" /><trkpt lat="-30.137380035" lon="153.113746383" /><trkpt lat="-30.137364505" lon="153.113754268" /><trkpt lat="-30.137348760" lon="153.113762271" /><trkpt lat="-30.137332818" lon="153.113770383" /><trkpt lat="-30.137316697" lon="153.113778594" /><trkpt lat="-30.137300417" lon="153.113786895" /><trkpt lat="-30.137283996" lon="153.113795276" /><trkpt lat="-30.137267452" lon="153.113803727" /><trkpt lat="-30.137250805" lon="153.113812238" /><trkpt lat="-30.137234072" lon="153.113820799" /><trkpt lat="-30.137217272" lon="153.113829402" /><trkpt lat="-30.137200423" lon="153.113838035" /><trkpt lat="-30.137183545" lon="153.113846690" /><trkpt lat="-30.137166656" lon="153.113855356" /><trkpt lat="-30.137149774" lon="153.113864024" /><trkpt lat="-30.137132918" lon="153.113872684" /><trkpt lat="-30.137116106" lon="153.113881326" /><trkpt lat="-30.137099358" lon="153.113889941" /><trkpt lat="-30.137082690" lon="153.113898519" /><trkpt lat="-30.137066124" lon="153.113907050" /><trkpt lat="-30.137049675" lon="153.113915524" /><trkpt lat="-30.137033364" lon="153.113923932" /><trkpt lat="-30.137017209" lon="153.113932264" /><trkpt lat="-30.137001228" lon="153.113940510" /><trkpt lat="-30.136985440" lon="153.113948660" /><trkpt lat="-30.136969863" lon="153.113956705" /><trkpt lat="-30.136954517" lon="153.113964634" /><trkpt lat="-30.136939419" lon="153.113972439" /><trkpt lat="-30.136924588" lon="153.113980109" /><trkpt lat="-30.136907072" lon="153.113988971" /><trkpt lat="-30.136889771" lon="153.113997323" /><trkpt lat="-30.136872670" lon="153.114005174" /><trkpt lat="-30.136855751" lon="153.114012534" /><trkpt lat="-30.136838997" lon="153.114019411" /><trkpt lat="-30.136822394" lon="153.114025814" /><trkpt lat="-30.136805923" lon="153.114031752" /><trkpt lat="-30.136789569" lon="153.114037234" /><trkpt lat="-30.136773315" lon="153.114042269" /><trkpt lat="-30.136757144" lon="153.114046866" /><trkpt lat="-30.136741040" lon="153.114051034" /><trkpt lat="-30.136724987" lon="153.114054782" /><trkpt lat="-30.136708968" lon="153.114058118" /><trkpt lat="-30.136692966" lon="153.114061052" /><trkpt lat="-30.136676966" lon="153.114063593" /><trkpt lat="-30.136660949" lon="153.114065749" /><trkpt lat="-30.136644901" lon="153.114067530" /><trkpt lat="-30.136628805" lon="153.114068944" /><trkpt lat="-30.136612643" lon="153.114070000" /><trkpt lat="-30.136596400" lon="153.114070708" /><trkpt lat="-30.136580060" lon="153.114071076" /><trkpt lat="-30.136563604" lon="153.114071113" /><trkpt lat="-30.136547018" lon="153.114070829" /><trkpt lat="-30.136530284" lon="153.114070231" /><trkpt lat="-30.136513387" lon="153.114069330" /><trkpt lat="-30.136496309" lon="153.114068133" /><trkpt lat="-30.136479034" lon="153.114066651" /><trkpt lat="-30.136461546" lon="153.114064891" /><trkpt lat="-30.136443827" lon="153.114062863" /><trkpt lat="-30.136425863" lon="153.114060575" /><trkpt lat="-30.136407781" lon="153.114058151" /><trkpt lat="-30.136389724" lon="153.114055706" /><trkpt lat="-30.136371695" lon="153.114053242" /><trkpt lat="-30.136353694" lon="153.114050758" /><trkpt lat="-30.136335725" lon="153.114048257" /><trkpt lat="-30.136317788" lon="153.114045739" /><trkpt lat="-30.136299887" lon="153.114043205" /><trkpt lat="-30.136282024" lon="153.114040655" /><trkpt lat="-30.136264200" lon="153.114038090" /><trkpt lat="-30.136246417" lon="153.114035511" /><trkpt lat="-30.136228679" lon="153.114032920" /><trkpt lat="-30.136210986" lon="153.114030316" /><trkpt lat="-30.136193341" lon="153.114027701" /><trkpt lat="-30.136175746" lon="153.114025075" /><trkpt lat="-30.136158202" lon="153.114022440" /><trkpt lat="-30.136140713" lon="153.114019795" /><trkpt lat="-30.136123281" lon="153.114017143" /><trkpt lat="-30.136105906" lon="153.114014483" /><trkpt lat="-30.136088592" lon="153.114011816" /><trkpt lat="-30.136071340" lon="153.114009144" /><trkpt lat="-30.136054153" lon="153.114006468" /><trkpt lat="-30.136037033" lon="153.114003787" /><trkpt lat="-30.136019981" lon="153.114001103" /><trkpt lat="-30.136003000" lon="153.113998416" /><trkpt lat="-30.135986093" lon="153.113995728" /><trkpt lat="-30.135969260" lon="153.113993039" /><trkpt lat="-30.135952504" lon="153.113990350" /><trkpt lat="-30.135935827" lon="153.113987662" /><trkpt lat="-30.135919232" lon="153.113984976" /><trkpt lat="-30.135902720" lon="153.113982292" /><trkpt lat="-30.135886114" lon="153.113979621" /><trkpt lat="-30.135869249" lon="153.113976978" /><trkpt lat="-30.135852144" lon="153.113974374" /><trkpt lat="-30.135834818" lon="153.113971821" /><trkpt lat="-30.135817289" lon="153.113969328" /><trkpt lat="-30.135799578" lon="153.113966907" /><trkpt lat="-30.135781702" lon="153.113964568" /><trkpt lat="-30.135763682" lon="153.113962322" /><trkpt lat="-30.135745536" lon="153.113960180" /><trkpt lat="-30.135727284" lon="153.113958152" /><trkpt lat="-30.135708943" lon="153.113956250" /><trkpt lat="-30.135690534" lon="153.113954483" /><trkpt lat="-30.135672076" lon="153.113952863" /><trkpt lat="-30.135653587" lon="153.113951400" /><trkpt lat="-30.135635087" lon="153.113950106" /><trkpt lat="-30.135616595" lon="153.113948990" /><trkpt lat="-30.135598129" lon="153.113948064" /><trkpt lat="-30.135579709" lon="153.113947338" /><trkpt lat="-30.135561354" lon="153.113946823" /><trkpt lat="-30.135543084" lon="153.113946529" /><trkpt lat="-30.135524916" lon="153.113946469" /><trkpt lat="-30.135506871" lon="153.113946651" /><trkpt lat="-30.135488966" lon="153.113947087" /><trkpt lat="-30.135471222" lon="153.113947788" /><trkpt lat="-30.135453658" lon="153.113948765" /><trkpt lat="-30.135436292" lon="153.113950027" /><trkpt lat="-30.135419143" lon="153.113951586" /><trkpt lat="-30.135402231" lon="153.113953453" /><trkpt lat="-30.135385575" lon="153.113955638" /><trkpt lat="-30.135369193" lon="153.113958152" /><trkpt lat="-30.135353042" lon="153.113961115" /><trkpt lat="-30.135337057" lon="153.113964619" /><trkpt lat="-30.135321228" lon="153.113968638" /><trkpt lat="-30.135305545" lon="153.113973142" /><trkpt lat="-30.135289997" lon="153.113978105" /><trkpt lat="-30.135274575" lon="153.113983499" /><trkpt lat="-30.135259268" lon="153.113989295" /><trkpt lat="-30.135244066" lon="153.113995466" /><trkpt lat="-30.135228959" lon="153.114001984" /><trkpt lat="-30.135213936" lon="153.114008821" /><trkpt lat="-30.135198987" lon="153.114015949" /><trkpt lat="-30.135184103" lon="153.114023341" /><trkpt lat="-30.135169272" lon="153.114030968" /><trkpt lat="-30.135154485" lon="153.114038803" /><trkpt lat="-30.135139732" lon="153.114046818" /><trkpt lat="-30.135125001" lon="153.114054984" /><trkpt lat="-30.135110284" lon="153.114063275" /><trkpt lat="-30.135095569" lon="153.114071662" /><trkpt lat="-30.135080847" lon="153.114080118" /><trkpt lat="-30.135066107" lon="153.114088614" /><trkpt lat="-30.135051339" lon="153.114097123" /><trkpt lat="-30.135036533" lon="153.114105617" /><trkpt lat="-30.135021679" lon="153.114114068" /><trkpt lat="-30.135006767" lon="153.114122448" /><trkpt lat="-30.134991785" lon="153.114130729" /><trkpt lat="-30.134976725" lon="153.114138884" /><trkpt lat="-30.134961575" lon="153.114146884" /><trkpt lat="-30.134946326" lon="153.114154703" /><trkpt lat="-30.134930967" lon="153.114162311" /><trkpt lat="-30.134915488" lon="153.114169681" /><trkpt lat="-30.134900160" lon="153.114176916" /><trkpt lat="-30.134885246" lon="153.114184146" /><trkpt lat="-30.134870728" lon="153.114191383" /><trkpt lat="-30.134856587" lon="153.114198639" /><trkpt lat="-30.134842805" lon="153.114205928" /><trkpt lat="-30.134829363" lon="153.114213261" /><trkpt lat="-30.134816243" lon="153.114220652" /><trkpt lat="-30.134803425" lon="153.114228112" /><trkpt lat="-30.134790893" lon="153.114235655" /><trkpt lat="-30.134778626" lon="153.114243292" /><trkpt lat="-30.134766607" lon="153.114251037" /><trkpt lat="-30.134754817" lon="153.114258902" /><trkpt lat="-30.134743237" lon="153.114266899" /><trkpt lat="-30.134731849" lon="153.114275040" /><trkpt lat="-30.134720634" lon="153.114283339" /><trkpt lat="-30.134709574" lon="153.114291808" /><trkpt lat="-30.134698649" lon="153.114300459" /><trkpt lat="-30.134687843" lon="153.114309306" /><trkpt lat="-30.134677135" lon="153.114318359" /><trkpt lat="-30.134666508" lon="153.114327633" /><trkpt lat="-30.134655942" lon="153.114337139" /><trkpt lat="-30.134645420" lon="153.114346890" /><trkpt lat="-30.134634923" lon="153.114356898" /><trkpt lat="-30.134624431" lon="153.114367177" /><trkpt lat="-30.134613928" lon="153.114377738" /><trkpt lat="-30.134603393" lon="153.114388594" /><trkpt lat="-30.134592809" lon="153.114399758" /><trkpt lat="-30.134582157" lon="153.114411241" /><trkpt lat="-30.134571419" lon="153.114423058" /><trkpt lat="-30.134560575" lon="153.114435219" /><trkpt lat="-30.134550203" lon="153.114446806" /><trkpt lat="-30.134539538" lon="153.114458429" /><trkpt lat="-30.134528590" lon="153.114470084" /><trkpt lat="-30.134517369" lon="153.114481767" /><trkpt lat="-30.134505885" lon="153.114493473" /><trkpt lat="-30.134494151" lon="153.114505197" /><trkpt lat="-30.134482175" lon="153.114516935" /><trkpt lat="-30.134469968" lon="153.114528682" /><trkpt lat="-30.134457542" lon="153.114540434" /><trkpt lat="-30.134444906" lon="153.114552187" /><trkpt lat="-30.134432071" lon="153.114563935" /><trkpt lat="-30.134419047" lon="153.114575674" /><trkpt lat="-30.134405845" lon="153.114587400" /><trkpt lat="-30.134392476" lon="153.114599108" /><trkpt lat="-30.134378950" lon="153.114610794" /><trkpt lat="-30.134365278" lon="153.114622453" /><trkpt lat="-30.134351470" lon="153.114634081" /><trkpt lat="-30.134337536" lon="153.114645672" /><trkpt lat="-30.134323487" lon="153.114657223" /><trkpt lat="-30.134309334" lon="153.114668729" /><trkpt lat="-30.134295087" lon="153.114680186" /><trkpt lat="-30.134280757" lon="153.114691588" /><trkpt lat="-30.134266354" lon="153.114702932" /><trkpt lat="-30.134251889" lon="153.114714212" /><trkpt lat="-30.134237372" lon="153.114725425" /><trkpt lat="-30.134222813" lon="153.114736566" /><trkpt lat="-30.134208224" lon="153.114747630" /><trkpt lat="-30.134193615" lon="153.114758613" /><trkpt lat="-30.134178996" lon="153.114769510" /><trkpt lat="-30.134164377" lon="153.114780316" /><trkpt lat="-30.134149770" lon="153.114791028" /><trkpt lat="-30.134135185" lon="153.114801641" /><trkpt lat="-30.134120975" lon="153.114811974" /><trkpt lat="-30.134106613" lon="153.114822483" /><trkpt lat="-30.134092116" lon="153.114833157" /><trkpt lat="-30.134077498" lon="153.114843981" /><trkpt lat="-30.134062775" lon="153.114854945" /><trkpt lat="-30.134047962" lon="153.114866036" /><trkpt lat="-30.134033076" lon="153.114877242" /><trkpt lat="-30.134018132" lon="153.114888549" /><trkpt lat="-30.134003144" lon="153.114899947" /><trkpt lat="-30.133988130" lon="153.114911422" /><trkpt lat="-30.133973104" lon="153.114922963" /><trkpt lat="-30.133958082" lon="153.114934556" /><trkpt lat="-30.133943080" lon="153.114946190" /><trkpt lat="-30.133928112" lon="153.114957853" /><trkpt lat="-30.133913195" lon="153.114969531" /><trkpt lat="-30.133898345" lon="153.114981213" /><trkpt lat="-30.133883576" lon="153.114992887" /><trkpt lat="-30.133868904" lon="153.115004539" /><trkpt lat="-30.133854345" lon="153.115016158" /><trkpt lat="-30.133839914" lon="153.115027732" /><trkpt lat="-30.133825627" lon="153.115039248" /><trkpt lat="-30.133811500" lon="153.115050694" /><trkpt lat="-30.133797548" lon="153.115062057" /><trkpt lat="-30.133783786" lon="153.115073325" /><trkpt lat="-30.133770230" lon="153.115084486" /><trkpt lat="-30.133756896" lon="153.115095528" /><trkpt lat="-30.133743799" lon="153.115106438" /><trkpt lat="-30.133730955" lon="153.115117204" /><trkpt lat="-30.133718379" lon="153.115127813" /><trkpt lat="-30.133706087" lon="153.115138253" /><trkpt lat="-30.133694094" lon="153.115148513" /><trkpt lat="-30.133682417" lon="153.115158579" /><trkpt lat="-30.133671069" lon="153.115168440" /><trkpt lat="-30.133663303" lon="153.115175242" /><trkpt lat="-30.133654780" lon="153.115182753" /><trkpt lat="-30.133645533" lon="153.115190943" /><trkpt lat="-30.133635598" lon="153.115199779" /><trkpt lat="-30.133625007" lon="153.115209231" /><trkpt lat="-30.133613793" lon="153.115219267" /><trkpt lat="-30.133601992" lon="153.115229857" /><trkpt lat="-30.133589636" lon="153.115240969" /><trkpt lat="-30.133576760" lon="153.115252571" /><trkpt lat="-30.133563397" lon="153.115264634" /><trkpt lat="-30.133549580" lon="153.115277126" /><trkpt lat="-30.133535344" lon="153.115290015" /><trkpt lat="-30.133520723" lon="153.115303270" /><trkpt lat="-30.133505749" lon="153.115316861" /><trkpt lat="-30.133490457" lon="153.115330756" /><trkpt lat="-30.133474881" lon="153.115344924" /><trkpt lat="-30.133459054" lon="153.115359333" /><trkpt lat="-30.133443010" lon="153.115373954" /><trkpt lat="-30.133426783" lon="153.115388753" /><trkpt lat="-30.133410406" lon="153.115403701" /><trkpt lat="-30.133393913" lon="153.115418767" /><trkpt lat="-30.133377338" lon="153.115433918" /><trkpt lat="-30.133360715" lon="153.115449124" /><trkpt lat="-30.133344078" lon="153.115464354" /><trkpt lat="-30.133327459" lon="153.115479576" /><trkpt lat="-30.133310893" lon="153.115494759" /><trkpt lat="-30.133294414" lon="153.115509873" /><trkpt lat="-30.133278056" lon="153.115524886" /><trkpt lat="-30.133261851" lon="153.115539767" /><trkpt lat="-30.133245835" lon="153.115554484" /><trkpt lat="-30.133230039" lon="153.115569008" /><trkpt lat="-30.133214500" lon="153.115583305" /><trkpt lat="-30.133199249" lon="153.115597346" /><trkpt lat="-30.133184321" lon="153.115611099" /><trkpt lat="-30.133169750" lon="153.115624533" /><trkpt lat="-30.133155568" lon="153.115637617" /><trkpt lat="-30.133141811" lon="153.115650319" /><trkpt lat="-30.133128512" lon="153.115662609" /><trkpt lat="-30.133115704" lon="153.115674455" /><trkpt lat="-30.133103421" lon="153.115685827" /><trkpt lat="-30.133091698" lon="153.115696692" /><trkpt lat="-30.133080567" lon="153.115707021" /><trkpt lat="-30.133070062" lon="153.115716781" /><trkpt lat="-30.133060218" lon="153.115725941" /><trkpt lat="-30.133051067" lon="153.115734471" /><trkpt lat="-30.133042644" lon="153.115742340" /><trkpt lat="-30.133034983" lon="153.115749515" /><trkpt lat="-30.133028117" lon="153.115755966" /><trkpt lat="-30.133022079" lon="153.115761662" /><trkpt lat="-30.133016904" lon="153.115766572" /><trkpt lat="-30.133008494" lon="153.115774400" /><trkpt lat="-30.132999082" lon="153.115782829" /><trkpt lat="-30.132988737" lon="153.115791809" /><trkpt lat="-30.132977526" lon="153.115801289" /><trkpt lat="-30.132965519" lon="153.115811219" /><trkpt lat="-30.132952784" lon="153.115821547" /><trkpt lat="-30.132939388" lon="153.115832224" /><trkpt lat="-30.132925400" lon="153.115843198" /><trkpt lat="-30.132910888" lon="153.115854420" /><trkpt lat="-30.132895920" lon="153.115865838" /><trkpt lat="-30.132880565" lon="153.115877401" /><trkpt lat="-30.132864891" lon="153.115889060" /><trkpt lat="-30.132848965" lon="153.115900764" /><trkpt lat="-30.132832857" lon="153.115912461" /><trkpt lat="-30.132816634" lon="153.115924102" /><trkpt lat="-30.132800365" lon="153.115935635" /><trkpt lat="-30.132784118" lon="153.115947011" /><trkpt lat="-30.132767960" lon="153.115958178" /><trkpt lat="-30.132751961" lon="153.115969086" /><trkpt lat="-30.132736188" lon="153.115979684" /><trkpt lat="-30.132720710" lon="153.115989922" /><trkpt lat="-30.132705595" lon="153.115999748" /><trkpt lat="-30.132690911" lon="153.116009114" /><trkpt lat="-30.132676727" lon="153.116017966" /><trkpt lat="-30.132663110" lon="153.116026256" /><trkpt lat="-30.132650128" lon="153.116033933" /><trkpt lat="-30.132637851" lon="153.116040945" /><trkpt lat="-30.132626346" lon="153.116047243" /><trkpt lat="-30.132615681" lon="153.116052775" /><trkpt lat="-30.132605925" lon="153.116057492" /><trkpt lat="-30.132596517" lon="153.116061651" /><trkpt lat="-30.132586858" lon="153.116065573" /><trkpt lat="-30.132576963" lon="153.116069300" /><trkpt lat="-30.132566845" lon="153.116072875" /><trkpt lat="-30.132556517" lon="153.116076341" /><trkpt lat="-30.132545993" lon="153.116079740" /><trkpt lat="-30.132535286" lon="153.116083114" /><trkpt lat="-30.132524410" lon="153.116086506" /><trkpt lat="-30.132513377" lon="153.116089958" /><trkpt lat="-30.132502203" lon="153.116093513" /><trkpt lat="-30.132490899" lon="153.116097214" /><trkpt lat="-30.132479479" lon="153.116101102" /><trkpt lat="-30.132467958" lon="153.116105220" /><trkpt lat="-30.132456347" lon="153.116109611" /><trkpt lat="-30.132444662" lon="153.116114317" /><trkpt lat="-30.132432914" lon="153.116119381" /><trkpt lat="-30.132421118" lon="153.116124845" /><trkpt lat="-30.132409287" lon="153.116130751" /><trkpt lat="-30.132397435" lon="153.116137143" /><trkpt lat="-30.132385574" lon="153.116144062" /><trkpt lat="-30.132373719" lon="153.116151551" /><trkpt lat="-30.132361882" lon="153.116159652" /><trkpt lat="-30.132350078" lon="153.116168408" /><trkpt lat="-30.132338320" lon="153.116177862" /><trkpt lat="-30.132326620" lon="153.116188056" /><trkpt lat="-30.132314993" lon="153.116199032" /><trkpt lat="-30.132303452" lon="153.116210833" /><trkpt lat="-30.132292010" lon="153.116223501" /><trkpt lat="-30.132280682" lon="153.116237079" /><trkpt lat="-30.132269479" lon="153.116251609" /><trkpt lat="-30.132261144" lon="153.116262977" /><trkpt lat="-30.132252836" lon="153.116274548" /><trkpt lat="-30.132244547" lon="153.116286320" /><trkpt lat="-30.132236272" lon="153.116298292" /><trkpt lat="-30.132228003" lon="153.116310460" /><trkpt lat="-30.132219734" lon="153.116322823" /><trkpt lat="-30.132211457" lon="153.116335379" /><trkpt lat="-30.132203165" lon="153.116348124" /><trkpt lat="-30.132194852" lon="153.116361057" /><trkpt lat="-30.132186511" lon="153.116374176" /><trkpt lat="-30.132178134" lon="153.116387478" /><trkpt lat="-30.132169716" lon="153.116400961" /><trkpt lat="-30.132161248" lon="153.116414623" /><trkpt lat="-30.132152724" lon="153.116428462" /><trkpt lat="-30.132144138" lon="153.116442475" /><trkpt lat="-30.132135481" lon="153.116456660" /><trkpt lat="-30.132126748" lon="153.116471015" /><trkpt lat="-30.132117931" lon="153.116485537" /><trkpt lat="-30.132109024" lon="153.116500226" /><trkpt lat="-30.132100019" lon="153.116515077" /><trkpt lat="-30.132090910" lon="153.116530089" /><trkpt lat="-30.132081689" lon="153.116545260" /><trkpt lat="-30.132072350" lon="153.116560587" /><trkpt lat="-30.132062886" lon="153.116576069" /><trkpt lat="-30.132053290" lon="153.116591702" /><trkpt lat="-30.132043555" lon="153.116607486" /><trkpt lat="-30.132033675" lon="153.116623416" /><trkpt lat="-30.132023641" lon="153.116639492" /><trkpt lat="-30.132013448" lon="153.116655712" /><trkpt lat="-30.132003088" lon="153.116672071" /><trkpt lat="-30.131992554" lon="153.116688570" /><trkpt lat="-30.131981840" lon="153.116705204" /><trkpt lat="-30.131970939" lon="153.116721973" /><trkpt lat="-30.131959843" lon="153.116738873" /><trkpt lat="-30.131948546" lon="153.116755903" /><trkpt lat="-30.131937042" lon="153.116773060" /><trkpt lat="-30.131925322" lon="153.116790343" /><trkpt lat="-30.131913380" lon="153.116807748" /><trkpt lat="-30.131901209" lon="153.116825274" /><trkpt lat="-30.131888802" lon="153.116842918" /><trkpt lat="-30.131874261" lon="153.116863345" /><trkpt lat="-30.131860094" lon="153.116882985" /><trkpt lat="-30.131846276" lon="153.116901854" /><trkpt lat="-30.131832779" lon="153.116919968" /><trkpt lat="-30.131819578" lon="153.116937342" /><trkpt lat="-30.131806645" lon="153.116953994" /><trkpt lat="-30.131793955" lon="153.116969939" /><trkpt lat="-30.131781480" lon="153.116985193" /><trkpt lat="-30.131769196" lon="153.116999773" /><trkpt lat="-30.131757075" lon="153.117013695" /><trkpt lat="-30.131745090" lon="153.117026975" /><trkpt lat="-30.131733216" lon="153.117039629" /><trkpt lat="-30.131721426" lon="153.117051673" /><trkpt lat="-30.131709693" lon="153.117063123" /><trkpt lat="-30.131697991" lon="153.117073996" /><trkpt lat="-30.131686294" lon="153.117084307" /><trkpt lat="-30.131674575" lon="153.117094074" /><trkpt lat="-30.131662808" lon="153.117103311" /><trkpt lat="-30.131650967" lon="153.117112036" /><trkpt lat="-30.131639024" lon="153.117120264" /><trkpt lat="-30.131626955" lon="153.117128011" /><trkpt lat="-30.131614731" lon="153.117135294" /><trkpt lat="-30.131602327" lon="153.117142128" /><trkpt lat="-30.131589716" lon="153.117148531" /><trkpt lat="-30.131576872" lon="153.117154517" /><trkpt lat="-30.131563769" lon="153.117160104" /><trkpt lat="-30.131550380" lon="153.117165307" /><trkpt lat="-30.131536678" lon="153.117170143" /><trkpt lat="-30.131522638" lon="153.117174627" /><trkpt lat="-30.131508232" lon="153.117178776" /><trkpt lat="-30.131493435" lon="153.117182606" /><trkpt lat="-30.131478220" lon="153.117186133" /><trkpt lat="-30.131462560" lon="153.117189374" /><trkpt lat="-30.131446429" lon="153.117192344" /><trkpt lat="-30.131428376" lon="153.117195049" /><trkpt lat="-30.131411311" lon="153.117196748" /><trkpt lat="-30.131395204" lon="153.117197472" /><trkpt lat="-30.131380021" lon="153.117197252" /><trkpt lat="-30.131365731" lon="153.117196119" /><trkpt lat="-30.131352302" lon="153.117194103" /><trkpt lat="-30.131339702" lon="153.117191237" /><trkpt lat="-30.131327898" lon="153.117187550" /><trkpt lat="-30.131316860" lon="153.117183074" /><trkpt lat="-30.131306555" lon="153.117177840" /><trkpt lat="-30.131296951" lon="153.117171879" /><trkpt lat="-30.131288016" lon="153.117165221" /><trkpt lat="-30.131279718" lon="153.117157899" /><trkpt lat="-30.131272026" lon="153.117149942" /><trkpt lat="-30.131264906" lon="153.117141382" /><trkpt lat="-30.131258328" lon="153.117132250" /><trkpt lat="-30.131252260" lon="153.117122576" /><trkpt lat="-30.131246668" lon="153.117112392" /><trkpt lat="-30.131241522" lon="153.117101730" /><trkpt lat="-30.131236790" lon="153.117090619" /><trkpt lat="-30.131232439" lon="153.117079090" /><trkpt lat="-30.131228437" lon="153.117067176" /><trkpt lat="-30.131224753" lon="153.117054906" /><trkpt lat="-30.131221355" lon="153.117042312" /><trkpt lat="-30.131218210" lon="153.117029424" /><trkpt lat="-30.131215287" lon="153.117016275" /><trkpt lat="-30.131212553" lon="153.117002894" /><trkpt lat="-30.131209978" lon="153.116989313" /><trkpt lat="-30.131207528" lon="153.116975562" /><trkpt lat="-30.131205172" lon="153.116961674" /><trkpt lat="-30.131202940" lon="153.116947695" /><trkpt lat="-30.131200868" lon="153.116933668" /><trkpt lat="-30.131198927" lon="153.116919617" /><trkpt lat="-30.131197091" lon="153.116905566" /><trkpt lat="-30.131195334" lon="153.116891539" /><trkpt lat="-30.131193629" lon="153.116877560" /><trkpt lat="-30.131191948" lon="153.116863652" /><trkpt lat="-30.131190265" lon="153.116849840" /><trkpt lat="-30.131188553" lon="153.116836146" /><trkpt lat="-30.131186785" lon="153.116822596" /><trkpt lat="-30.131184935" lon="153.116809213" /><trkpt lat="-30.131182976" lon="153.116796021" /><trkpt lat="-30.131180881" lon="153.116783043" /><trkpt lat="-30.131178623" lon="153.116770303" /><trkpt lat="-30.131176175" lon="153.116757826" /><trkpt lat="-30.131173510" lon="153.116745635" /><trkpt lat="-30.131170602" lon="153.116733754" /><trkpt lat="-30.131167424" lon="153.116722206" /><trkpt lat="-30.131163949" lon="153.116711016" /><trkpt lat="-30.131160151" lon="153.116700208" /><trkpt lat="-30.131156002" lon="153.116689805" /><trkpt lat="-30.131151475" lon="153.116679831" /><trkpt lat="-30.131146545" lon="153.116670310" /><trkpt lat="-30.131141183" lon="153.116661266" /><trkpt lat="-30.131135364" lon="153.116652723" /><trkpt lat="-30.131129060" lon="153.116644704" /><trkpt lat="-30.131122244" lon="153.116637234" /><trkpt lat="-30.131114891" lon="153.116630336" /><trkpt lat="-30.131106972" lon="153.116624033" /><trkpt lat="-30.131098462" lon="153.116618351" /><trkpt lat="-30.131089736" lon="153.116613555" /><trkpt lat="-30.131081178" lon="153.116609881" /><trkpt lat="-30.131072768" lon="153.116607306" /><trkpt lat="-30.131064488" lon="153.116605807" /><trkpt lat="-30.131056319" lon="153.116605362" /><trkpt lat="-30.131048243" lon="153.116605949" /><trkpt lat="-30.131040241" lon="153.116607543" /><trkpt lat="-30.131032295" lon="153.116610124" /><trkpt lat="-30.131024386" lon="153.116613668" /><trkpt lat="-30.131016496" lon="153.116618152" /><trkpt lat="-30.131008606" lon="153.116623555" /><trkpt lat="-30.131000697" lon="153.116629852" /><trkpt lat="-30.130992751" lon="153.116637023" /><trkpt lat="-30.130984749" lon="153.116645043" /><trkpt lat="-30.130976673" lon="153.116653890" /><trkpt lat="-30.130968504" lon="153.116663542" /><trkpt lat="-30.130960224" lon="153.116673977" /><trkpt lat="-30.130951814" lon="153.116685170" /><trkpt lat="-30.130943256" lon="153.116697101" /><trkpt lat="-30.130934530" lon="153.116709745" /><trkpt lat="-30.130925619" lon="153.116723081" /><trkpt lat="-30.130916504" lon="153.116737085" /><trkpt lat="-30.130907166" lon="153.116751736" /><trkpt lat="-30.130897587" lon="153.116767010" /><trkpt lat="-30.130887748" lon="153.116782885" /><trkpt lat="-30.130877630" lon="153.116799338" /><trkpt lat="-30.130867216" lon="153.116816346" /><trkpt lat="-30.130856486" lon="153.116833888" /><trkpt lat="-30.130845422" lon="153.116851939" /><trkpt lat="-30.130834006" lon="153.116870479" /><trkpt lat="-30.130822408" lon="153.116888538" /><trkpt lat="-30.130810821" lon="153.116905190" /><trkpt lat="-30.130799255" lon="153.116920476" /><trkpt lat="-30.130787722" lon="153.116934433" /><trkpt lat="-30.130776233" lon="153.116947100" /><trkpt lat="-30.130764801" lon="153.116958518" /><trkpt lat="-30.130753435" lon="153.116968726" /><trkpt lat="-30.130742149" lon="153.116977761" /><trkpt lat="-30.130730952" lon="153.116985664" /><trkpt lat="-30.130719857" lon="153.116992474" /><trkpt lat="-30.130708875" lon="153.116998230" /><trkpt lat="-30.130698018" lon="153.117002971" /><trkpt lat="-30.130687296" lon="153.117006736" /><trkpt lat="-30.130676722" lon="153.117009565" /><trkpt lat="-30.130666306" lon="153.117011496" /><trkpt lat="-30.130656060" lon="153.117012568" /><trkpt lat="-30.130645996" lon="153.117012822" /><trkpt lat="-30.130636125" lon="153.117012296" /><trkpt lat="-30.130626459" lon="153.117011028" /><trkpt lat="-30.130617008" lon="153.117009059" /><trkpt lat="-30.130607784" lon="153.117006428" /><trkpt lat="-30.130598799" lon="153.117003173" /><trkpt lat="-30.130590064" lon="153.116999334" /><trkpt lat="-30.130581591" lon="153.116994950" /><trkpt lat="-30.130573391" lon="153.116990060" /><trkpt lat="-30.130565475" lon="153.116984704" /><trkpt lat="-30.130557854" lon="153.116978920" /><trkpt lat="-30.130550541" lon="153.116972747" /><trkpt lat="-30.130543547" lon="153.116966225" /><trkpt lat="-30.130536883" lon="153.116959394" /><trkpt lat="-30.130530430" lon="153.116952443" /><trkpt lat="-30.130524051" lon="153.116945556" /><trkpt lat="-30.130517726" lon="153.116938762" /><trkpt lat="-30.130511434" lon="153.116932090" /><trkpt lat="-30.130505157" lon="153.116925568" /><trkpt lat="-30.130498875" lon="153.116919225" /><trkpt lat="-30.130492568" lon="153.116913089" /><trkpt lat="-30.130486217" lon="153.116907190" /><trkpt lat="-30.130479802" lon="153.116901555" /><trkpt lat="-30.130473303" lon="153.116896213" /><trkpt lat="-30.130466701" lon="153.116891193" /><trkpt lat="-30.130459977" lon="153.116886523" /><trkpt lat="-30.130453110" lon="153.116882233" /><trkpt lat="-30.130446081" lon="153.116878350" /><trkpt lat="-30.130438871" lon="153.116874904" /><trkpt lat="-30.130431460" lon="153.116871923" /><trkpt lat="-30.130423828" lon="153.116869435" /><trkpt lat="-30.130415956" lon="153.116867469" /><trkpt lat="-30.130407824" lon="153.116866054" /><trkpt lat="-30.130399413" lon="153.116865218" /><trkpt lat="-30.130390703" lon="153.116864991" /><trkpt lat="-30.130381674" lon="153.116865400" /><trkpt lat="-30.130372307" lon="153.116866474" /><trkpt lat="-30.130362582" lon="153.116868241" /><trkpt lat="-30.130352480" lon="153.116870732" /><trkpt lat="-30.130341981" lon="153.116873973" /><trkpt lat="-30.130331065" lon="153.116877994" /><trkpt lat="-30.130319713" lon="153.116882823" /><trkpt lat="-30.130307906" lon="153.116888489" /><trkpt lat="-30.130295623" lon="153.116895021" /><trkpt lat="-30.130283124" lon="153.116902084" /><trkpt lat="-30.130270664" lon="153.116909324" /><trkpt lat="-30.130258223" lon="153.116916741" /><trkpt lat="-30.130245779" lon="153.116924333" /><trkpt lat="-30.130233311" lon="153.116932100" /><trkpt lat="-30.130220796" lon="153.116940039" /><trkpt lat="-30.130208212" lon="153.116948150" /><trkpt lat="-30.130195540" lon="153.116956431" /><trkpt lat="-30.130182755" lon="153.116964881" /><trkpt lat="-30.130169838" lon="153.116973500" /><trkpt lat="-30.130156766" lon="153.116982286" /><trkpt lat="-30.130143518" lon="153.116991237" /><trkpt lat="-30.130130072" lon="153.117000353" /><trkpt lat="-30.130116406" lon="153.117009632" /><trkpt lat="-30.130102499" lon="153.117019073" /><trkpt lat="-30.130088329" lon="153.117028675" /><trkpt lat="-30.130073875" lon="153.117038437" /><trkpt lat="-30.130059114" lon="153.117048357" /><trkpt lat="-30.130044026" lon="153.117058435" /><trkpt lat="-30.130028587" lon="153.117068669" /><trkpt lat="-30.130012778" lon="153.117079058" /><trkpt lat="-30.129996576" lon="153.117089600" /><trkpt lat="-30.129979960" lon="153.117100296" /><trkpt lat="-30.129962907" lon="153.117111142" /><trkpt lat="-30.129945396" lon="153.117122139" /><trkpt lat="-30.129927406" lon="153.117133285" /><trkpt lat="-30.129908915" lon="153.117144579" /><trkpt lat="-30.129889902" lon="153.117156019" /><trkpt lat="-30.129870344" lon="153.117167605" /><trkpt lat="-30.129850220" lon="153.117179335" /><trkpt lat="-30.129832254" lon="153.117189635" /><trkpt lat="-30.129814381" lon="153.117199711" /><trkpt lat="-30.129796604" lon="153.117209562" /><trkpt lat="-30.129778922" lon="153.117219191" /><trkpt lat="-30.129761337" lon="153.117228598" /><trkpt lat="-30.129743849" lon="153.117237783" /><trkpt lat="-30.129726460" lon="153.117246749" /><trkpt lat="-30.129709170" lon="153.117255496" /><trkpt lat="-30.129691980" lon="153.117264025" /><trkpt lat="-30.129674891" lon="153.117272337" /><trkpt lat="-30.129657905" lon="153.117280434" /><trkpt lat="-30.129641021" lon="153.117288315" /><trkpt lat="-30.129624241" lon="153.117295983" /><trkpt lat="-30.129607566" lon="153.117303437" /><trkpt lat="-30.129590996" lon="153.117310680" /><trkpt lat="-30.129574533" lon="153.117317712" /><trkpt lat="-30.129558178" lon="153.117324534" /><trkpt lat="-30.129541931" lon="153.117331148" /><trkpt lat="-30.129525793" lon="153.117337553" /><trkpt lat="-30.129509765" lon="153.117343752" /><trkpt lat="-30.129493848" lon="153.117349745" /><trkpt lat="-30.129478044" lon="153.117355533" /><trkpt lat="-30.129462352" lon="153.117361117" /><trkpt lat="-30.129446774" lon="153.117366499" /><trkpt lat="-30.129431311" lon="153.117371679" /><trkpt lat="-30.129415963" lon="153.117376658" /><trkpt lat="-30.129400732" lon="153.117381437" /><trkpt lat="-30.129385618" lon="153.117386018" /><trkpt lat="-30.129370623" lon="153.117390400" /><trkpt lat="-30.129355747" lon="153.117394587" /><trkpt lat="-30.129340991" lon="153.117398577" /><trkpt lat="-30.129326356" lon="153.117402373" /><trkpt lat="-30.129311843" lon="153.117405975" /><trkpt lat="-30.129297453" lon="153.117409384" /><trkpt lat="-30.129281635" lon="153.117413506" /><trkpt lat="-30.129266673" lon="153.117418325" /><trkpt lat="-30.129252587" lon="153.117423787" /><trkpt lat="-30.129239399" lon="153.117429840" /><trkpt lat="-30.129227128" lon="153.117436430" /><trkpt lat="-30.129215795" lon="153.117443502" /><trkpt lat="-30.129205421" lon="153.117451003" /><trkpt lat="-30.129196026" lon="153.117458880" /><trkpt lat="-30.129187632" lon="153.117467078" /><trkpt lat="-30.129180259" lon="153.117475545" /><trkpt lat="-30.129173926" lon="153.117484227" /><trkpt lat="-30.129168656" lon="153.117493069" /><trkpt lat="-30.129164468" lon="153.117502019" /><trkpt lat="-30.129161384" lon="153.117511022" /><trkpt lat="-30.129159423" lon="153.117520025" /><trkpt lat="-30.129158607" lon="153.117528975" /><trkpt lat="-30.129158956" lon="153.117537817" /><trkpt lat="-30.129160490" lon="153.117546499" /><trkpt lat="-30.129163231" lon="153.117554965" /><trkpt lat="-30.129167199" lon="153.117563164" /><trkpt lat="-30.129172414" lon="153.117571041" /><trkpt lat="-30.129178897" lon="153.117578542" /><trkpt lat="-30.129186670" lon="153.117585614" /><trkpt lat="-30.129195751" lon="153.117592203" /><trkpt lat="-30.129206163" lon="153.117598256" /><trkpt lat="-30.129217926" lon="153.117603719" /><trkpt lat="-30.129231059" lon="153.117608538" /><trkpt lat="-30.129245585" lon="153.117612660" /><trkpt lat="-30.129261523" lon="153.117616030" /><trkpt lat="-30.129278894" lon="153.117618596" /><trkpt lat="-30.129296769" lon="153.117620717" /><trkpt lat="-30.129314230" lon="153.117622791" /><trkpt lat="-30.129331318" lon="153.117624822" /><trkpt lat="-30.129348071" lon="153.117626812" /><trkpt lat="-30.129364529" lon="153.117628765" /><trkpt lat="-30.129380732" lon="153.117630684" /><trkpt lat="-30.129396718" lon="153.117632573" /><trkpt lat="-30.129412528" lon="153.117634436" /><trkpt lat="-30.129428201" lon="153.117636274" /><trkpt lat="-30.129443777" lon="153.117638093" /><trkpt lat="-30.129459294" lon="153.117639894" /><trkpt lat="-30.129474792" lon="153.117641683" /><trkpt lat="-30.129490311" lon="153.117643461" /><trkpt lat="-30.129505891" lon="153.117645232" /><trkpt lat="-30.129521570" lon="153.117647000" /><trkpt lat="-30.129537388" lon="153.117648769" /><trkpt lat="-30.129553385" lon="153.117650540" /><trkpt lat="-30.129569600" lon="153.117652318" /><trkpt lat="-30.129586073" lon="153.117654106" /><trkpt lat="-30.129602843" lon="153.117655908" /><trkpt lat="-30.129619949" lon="153.117657727" /><trkpt lat="-30.129637431" lon="153.117659565" /><trkpt lat="-30.129655329" lon="153.117661428" /><trkpt lat="-30.129673682" lon="153.117663317" /><trkpt lat="-30.129692529" lon="153.117665236" /><trkpt lat="-30.129711910" lon="153.117667189" /><trkpt lat="-30.129731864" lon="153.117669179" /><trkpt lat="-30.129752432" lon="153.117671209" /><trkpt lat="-30.129773651" lon="153.117673284" /><trkpt lat="-30.129795562" lon="153.117675405" /><trkpt lat="-30.129806425" lon="153.117676466" /><trkpt lat="-30.129817794" lon="153.117677608" /><trkpt lat="-30.129829654" lon="153.117678830" /><trkpt lat="-30.129841992" lon="153.117680133" /><trkpt lat="-30.129854792" lon="153.117681517" /><trkpt lat="-30.129868040" lon="153.117682982" /><trkpt lat="-30.129881721" lon="153.117684529" /><trkpt lat="-30.129895821" lon="153.117686158" /><trkpt lat="-30.129910326" lon="153.117687869" /><trkpt lat="-30.129925220" lon="153.117689662" /><trkpt lat="-30.129940490" lon="153.117691538" /><trkpt lat="-30.129956121" lon="153.117693497" /><trkpt lat="-30.129972098" lon="153.117695540" /><trkpt lat="-30.129988407" lon="153.117697666" /><trkpt lat="-30.130005033" lon="153.117699876" /><trkpt lat="-30.130021962" lon="153.117702170" /><trkpt lat="-30.130039180" lon="153.117704549" /><trkpt lat="-30.130056670" lon="153.117707013" /><trkpt lat="-30.130074420" lon="153.117709562" /><trkpt lat="-30.130092415" lon="153.117712197" /><trkpt lat="-30.130110640" lon="153.117714917" /><trkpt lat="-30.130129080" lon="153.117717723" /><trkpt lat="-30.130147722" lon="153.117720616" /><trkpt lat="-30.130166550" lon="153.117723595" /><trkpt lat="-30.130185550" lon="153.117726662" /><trkpt lat="-30.130204708" lon="153.117729815" /><trkpt lat="-30.130224009" lon="153.117733056" /><trkpt lat="-30.130243438" lon="153.117736385" /><trkpt lat="-30.130262981" lon="153.117739803" /><trkpt lat="-30.130282623" lon="153.117743308" /><trkpt lat="-30.130302351" lon="153.117746903" /><trkpt lat="-30.130322149" lon="153.117750586" /><trkpt lat="-30.130342002" lon="153.117754359" /><trkpt lat="-30.130361897" lon="153.117758221" /><trkpt lat="-30.130381819" lon="153.117762174" /><trkpt lat="-30.130401753" lon="153.117766216" /><trkpt lat="-30.130421685" lon="153.117770350" /><trkpt lat="-30.130441600" lon="153.117774574" /><trkpt lat="-30.130461484" lon="153.117778889" /><trkpt lat="-30.130481322" lon="153.117783295" /><trkpt lat="-30.130501100" lon="153.117787794" /><trkpt lat="-30.130520803" lon="153.117792384" /><trkpt lat="-30.130540417" lon="153.117797067" /><trkpt lat="-30.130559926" lon="153.117801842" /><trkpt lat="-30.130579317" lon="153.117806711" /><trkpt lat="-30.130598576" lon="153.117811672" /><trkpt lat="-30.130617687" lon="153.117816727" /><trkpt lat="-30.130636635" lon="153.117821876" /><trkpt lat="-30.130655408" lon="153.117827120" /><trkpt lat="-30.130673989" lon="153.117832457" /><trkpt lat="-30.130692365" lon="153.117837889" /><trkpt lat="-30.130710520" lon="153.117843417" /><trkpt lat="-30.130728442" lon="153.117849039" /><trkpt lat="-30.130746113" lon="153.117854758" /><trkpt lat="-30.130763522" lon="153.117860572" /><trkpt lat="-30.130780652" lon="153.117866482" /><trkpt lat="-30.130797489" lon="153.117872489" /><trkpt lat="-30.130814020" lon="153.117878593" /><trkpt lat="-30.130830228" lon="153.117884794" /><trkpt lat="-30.130846100" lon="153.117891092" /><trkpt lat="-30.130861622" lon="153.117897488" /><trkpt lat="-30.130876778" lon="153.117903982" /><trkpt lat="-30.130891554" lon="153.117910575" /><trkpt lat="-30.130908749" lon="153.117918601" /><trkpt lat="-30.130925665" lon="153.117926886" /><trkpt lat="-30.130942303" lon="153.117935427" /><trkpt lat="-30.130958658" lon="153.117944220" /><trkpt lat="-30.130974731" lon="153.117953260" /><trkpt lat="-30.130990519" lon="153.117962543" /><trkpt lat="-30.131006021" lon="153.117972065" /><trkpt lat="-30.131021234" lon="153.117981822" /><trkpt lat="-30.131036158" lon="153.117991810" /><trkpt lat="-30.131050789" lon="153.118002024" /><trkpt lat="-30.131065128" lon="153.118012462" /><trkpt lat="-30.131079171" lon="153.118023117" /><trkpt lat="-30.131092917" lon="153.118033987" /><trkpt lat="-30.131106365" lon="153.118045068" /><trkpt lat="-30.131119512" lon="153.118056354" /><trkpt lat="-30.131132357" lon="153.118067842" /><trkpt lat="-30.131144898" lon="153.118079529" /><trkpt lat="-30.131157134" lon="153.118091409" /><trkpt lat="-30.131169062" lon="153.118103479" /><trkpt lat="-30.131180681" lon="153.118115734" /><trkpt lat="-30.131191990" lon="153.118128171" /><trkpt lat="-30.131202986" lon="153.118140785" /><trkpt lat="-30.131213667" lon="153.118153572" /><trkpt lat="-30.131224033" lon="153.118166529" /><trkpt lat="-30.131234081" lon="153.118179650" /><trkpt lat="-30.131243809" lon="153.118192932" /><trkpt lat="-30.131253216" lon="153.118206371" /><trkpt lat="-30.131262301" lon="153.118219963" /><trkpt lat="-30.131271060" lon="153.118233703" /><trkpt lat="-30.131279494" lon="153.118247588" /><trkpt lat="-30.131287599" lon="153.118261612" /><trkpt lat="-30.131295374" lon="153.118275773" /><trkpt lat="-30.131302817" lon="153.118290066" /><trkpt lat="-30.131309927" lon="153.118304487" /><trkpt lat="-30.131316702" lon="153.118319032" /><trkpt lat="-30.131323141" lon="153.118333697" /><trkpt lat="-30.131329240" lon="153.118348477" /><trkpt lat="-30.131335000" lon="153.118363368" /><trkpt lat="-30.131340417" lon="153.118378367" /><trkpt lat="-30.131345490" lon="153.118393469" /><trkpt lat="-30.131350218" lon="153.118408671" /><trkpt lat="-30.131354599" lon="153.118423967" /><trkpt lat="-30.131358631" lon="153.118439354" /><trkpt lat="-30.131362312" lon="153.118454828" /><trkpt lat="-30.131365640" lon="153.118470385" /><trkpt lat="-30.131368615" lon="153.118486020" /><trkpt lat="-30.131371233" lon="153.118501730" /><trkpt lat="-30.131373494" lon="153.118517509" /><trkpt lat="-30.131375395" lon="153.118533356" /><trkpt lat="-30.131376935" lon="153.118549264" /><trkpt lat="-30.131378113" lon="153.118565230" /><trkpt lat="-30.131378926" lon="153.118581250" /><trkpt lat="-30.131379372" lon="153.118597320" /><trkpt lat="-30.131379786" lon="153.118617729" /><trkpt lat="-30.131380354" lon="153.118637379" /><trkpt lat="-30.131381077" lon="153.118656315" /><trkpt lat="-30.131381961" lon="153.118674583" /><trkpt lat="-30.131383008" lon="153.118692229" /><trkpt lat="-30.131384222" lon="153.118709296" /><trkpt lat="-30.131385608" lon="153.118725831" /><trkpt lat="-30.131387167" lon="153.118741879" /><trkpt lat="-30.131388905" lon="153.118757485" /><trkpt lat="-30.131390825" lon="153.118772695" /><trkpt lat="-30.131392929" lon="153.118787554" /><trkpt lat="-30.131395223" lon="153.118802106" /><trkpt lat="-30.131397710" lon="153.118816399" /><trkpt lat="-30.131400393" lon="153.118830475" /><trkpt lat="-30.131403276" lon="153.118844382" /><trkpt lat="-30.131406362" lon="153.118858164" /><trkpt lat="-30.131409656" lon="153.118871867" /><trkpt lat="-30.131413160" lon="153.118885536" /><trkpt lat="-30.131416879" lon="153.118899215" /><trkpt lat="-30.131420816" lon="153.118912952" /><trkpt lat="-30.131424975" lon="153.118926790" /><trkpt lat="-30.131429359" lon="153.118940775" /><trkpt lat="-30.131433972" lon="153.118954953" /><trkpt lat="-30.131438818" lon="153.118969368" /><trkpt lat="-30.131443900" lon="153.118984067" /><trkpt lat="-30.131449222" lon="153.118999093" /><trkpt lat="-30.131454788" lon="153.119014494" /><trkpt lat="-30.131460601" lon="153.119030313" /><trkpt lat="-30.131466664" lon="153.119046596" /><trkpt lat="-30.131472982" lon="153.119063389" /><trkpt lat="-30.131479558" lon="153.119080737" /><trkpt lat="-30.131486396" lon="153.119098685" /><trkpt lat="-30.131493499" lon="153.119117278" /><trkpt lat="-30.131500872" lon="153.119136562" /><trkpt lat="-30.131508517" lon="153.119156582" /><trkpt lat="-30.131516438" lon="153.119177383" /><trkpt lat="-30.131524639" lon="153.119199011" /><trkpt lat="-30.131533123" lon="153.119221510" /><trkpt lat="-30.131541895" lon="153.119244927" /><trkpt lat="-30.131550958" lon="153.119269307" /><trkpt lat="-30.131560315" lon="153.119294694" /><trkpt lat="-30.131568918" lon="153.119317746" /><trkpt lat="-30.131577419" lon="153.119339718" /><trkpt lat="-30.131585834" lon="153.119360646" /><trkpt lat="-30.131594180" lon="153.119380563" /><trkpt lat="-30.131602473" lon="153.119399504" /><trkpt lat="-30.131610729" lon="153.119417504" /><trkpt lat="-30.131618966" lon="153.119434599" /><trkpt lat="-30.131627200" lon="153.119450821" /><trkpt lat="-30.131635448" lon="153.119466207" /><trkpt lat="-30.131643726" lon="153.119480791" /><trkpt lat="-30.131652050" lon="153.119494607" /><trkpt lat="-30.131660438" lon="153.119507690" /><trkpt lat="-30.131668906" lon="153.119520076" /><trkpt lat="-30.131677471" lon="153.119531798" /><trkpt lat="-30.131686149" lon="153.119542891" /><trkpt lat="-30.131694957" lon="153.119553390" /><trkpt lat="-30.131703911" lon="153.119563330" /><trkpt lat="-30.131713028" lon="153.119572746" /><trkpt lat="-30.131722324" lon="153.119581671" /><trkpt lat="-30.131731817" lon="153.119590141" /><trkpt lat="-30.131741523" lon="153.119598191" /><trkpt lat="-30.131751458" lon="153.119605855" /><trkpt lat="-30.131761639" lon="153.119613168" /><trkpt lat="-30.131772083" lon="153.119620164" /><trkpt lat="-30.131782806" lon="153.119626879" /><trkpt lat="-30.131793824" lon="153.119633346" /><trkpt lat="-30.131805155" lon="153.119639601" /><trkpt lat="-30.131816816" lon="153.119645679" /><trkpt lat="-30.131828821" lon="153.119651613" /><trkpt lat="-30.131841189" lon="153.119657440" /><trkpt lat="-30.131853936" lon="153.119663192" /><trkpt lat="-30.131867079" lon="153.119668906" /><trkpt lat="-30.131880633" lon="153.119674616" /><trkpt lat="-30.131894616" lon="153.119680356" /><trkpt lat="-30.131909044" lon="153.119686161" /><trkpt lat="-30.131923934" lon="153.119692066" /><trkpt lat="-30.131939302" lon="153.119698106" /><trkpt lat="-30.131955166" lon="153.119704315" /><trkpt lat="-30.131971541" lon="153.119710728" /><trkpt lat="-30.131988444" lon="153.119717380" /><trkpt lat="-30.132005892" lon="153.119724305" /><trkpt lat="-30.132023902" lon="153.119731538" /><trkpt lat="-30.132042490" lon="153.119739114" /><trkpt lat="-30.132061672" lon="153.119747067" /><trkpt lat="-30.132081465" lon="153.119755433" /><trkpt lat="-30.132101548" lon="153.119764070" /><trkpt lat="-30.132120697" lon="153.119772445" /><trkpt lat="-30.132138949" lon="153.119780588" /><trkpt lat="-30.132156339" lon="153.119788529" /><trkpt lat="-30.132172902" lon="153.119796297" /><trkpt lat="-30.132188676" lon="153.119803923" /><trkpt lat="-30.132203696" lon="153.119811436" /><trkpt lat="-30.132217998" lon="153.119818866" /><trkpt lat="-30.132231617" lon="153.119826244" /><trkpt lat="-30.132244590" lon="153.119833599" /><trkpt lat="-30.132256952" lon="153.119840961" /><trkpt lat="-30.132268740" lon="153.119848359" /><trkpt lat="-30.132279989" lon="153.119855825" /><trkpt lat="-30.132290735" lon="153.119863387" /><trkpt lat="-30.132301014" lon="153.119871076" /><trkpt lat="-30.132310862" lon="153.119878921" /><trkpt lat="-30.132320316" lon="153.119886952" /><trkpt lat="-30.132329410" lon="153.119895200" /><trkpt lat="-30.132338180" lon="153.119903694" /><trkpt lat="-30.132346663" lon="153.119912464" /><trkpt lat="-30.132354895" lon="153.119921541" /><trkpt lat="-30.132362911" lon="153.119930953" /><trkpt lat="-30.132370747" lon="153.119940730" /><trkpt lat="-30.132378440" lon="153.119950904" /><trkpt lat="-30.132386024" lon="153.119961502" /><trkpt lat="-30.132393536" lon="153.119972557" /><trkpt lat="-30.132401013" lon="153.119984097" /><trkpt lat="-30.132408489" lon="153.119996151" /><trkpt lat="-30.132416001" lon="153.120008751" /><trkpt lat="-30.132423584" lon="153.120021927" /><trkpt lat="-30.132431274" lon="153.120035707" /><trkpt lat="-30.132439108" lon="153.120050121" /><trkpt lat="-30.132447122" lon="153.120065201" /><trkpt lat="-30.132455350" lon="153.120080975" /><trkpt lat="-30.132463830" lon="153.120097474" /><trkpt lat="-30.132472596" lon="153.120114727" /><trkpt lat="-30.132481685" lon="153.120132764" /><trkpt lat="-30.132491133" lon="153.120151616" /><trkpt lat="-30.132500976" lon="153.120171312" /><trkpt lat="-30.132511249" lon="153.120191881" /><trkpt lat="-30.132521988" lon="153.120213355" /><trkpt lat="-30.132533230" lon="153.120235762" /><trkpt lat="-30.132545010" lon="153.120259133" /><trkpt lat="-30.132557364" lon="153.120283498" /><trkpt lat="-30.132567356" lon="153.120302892" /><trkpt lat="-30.132577447" lon="153.120321990" /><trkpt lat="-30.132587636" lon="153.120340795" /><trkpt lat="-30.132597920" lon="153.120359309" /><trkpt lat="-30.132608298" lon="153.120377533" /><trkpt lat="-30.132618768" lon="153.120395471" /><trkpt lat="-30.132629329" lon="153.120413123" /><trkpt lat="-30.132639979" lon="153.120430491" /><trkpt lat="-30.132650716" lon="153.120447579" /><trkpt lat="-30.132661539" lon="153.120464387" /><trkpt lat="-30.132672445" lon="153.120480919" /><trkpt lat="-30.132683434" lon="153.120497175" /><trkpt lat="-30.132694502" lon="153.120513157" /><trkpt lat="-30.132705650" lon="153.120528869" /><trkpt lat="-30.132716875" lon="153.120544311" /><trkpt lat="-30.132728175" lon="153.120559486" /><trkpt lat="-30.132739548" lon="153.120574396" /><trkpt lat="-30.132750994" lon="153.120589043" /><trkpt lat="-30.132762509" lon="153.120603428" /><trkpt lat="-30.132774094" lon="153.120617554" /><trkpt lat="-30.132785745" lon="153.120631423" /><trkpt lat="-30.132797461" lon="153.120645037" /><trkpt lat="-30.132809241" lon="153.120658398" /><trkpt lat="-30.132821082" lon="153.120671507" /><trkpt lat="-30.132832984" lon="153.120684367" /><trkpt lat="-30.132844943" lon="153.120696980" /><trkpt lat="-30.132856960" lon="153.120709348" /><trkpt lat="-30.132869031" lon="153.120721473" /><trkpt lat="-30.132881156" lon="153.120733356" /><trkpt lat="-30.132893332" lon="153.120745000" /><trkpt lat="-30.132905558" lon="153.120756407" /><trkpt lat="-30.132917833" lon="153.120767579" /><trkpt lat="-30.132930153" lon="153.120778518" /><trkpt lat="-30.132942519" lon="153.120789225" /><trkpt lat="-30.132954928" lon="153.120799704" /><trkpt lat="-30.132967378" lon="153.120809955" /><trkpt lat="-30.132979867" lon="153.120819981" /><trkpt lat="-30.132992395" lon="153.120829783" /><trkpt lat="-30.133004959" lon="153.120839365" /><trkpt lat="-30.133017557" lon="153.120848727" /><trkpt lat="-30.133030189" lon="153.120857873" /><trkpt lat="-30.133042851" lon="153.120866803" /><trkpt lat="-30.133055543" lon="153.120875520" /><trkpt lat="-30.133068263" lon="153.120884025" /><trkpt lat="-30.133081009" lon="153.120892322" /><trkpt lat="-30.133093780" lon="153.120900411" /><trkpt lat="-30.133106573" lon="153.120908296" /><trkpt lat="-30.133119387" lon="153.120915977" /><trkpt lat="-30.133132220" lon="153.120923457" /><trkpt lat="-30.133145071" lon="153.120930737" /><trkpt lat="-30.133157938" lon="153.120937821" /><trkpt lat="-30.133170820" lon="153.120944709" /><trkpt lat="-30.133183713" lon="153.120951405" /><trkpt lat="-30.133196618" lon="153.120957909" /><trkpt lat="-30.133209532" lon="153.120964224" /><trkpt lat="-30.133222453" lon="153.120970352" /><trkpt lat="-30.133234278" lon="153.120975858" /><trkpt lat="-30.133246403" lon="153.120981472" /><trkpt lat="-30.133258819" lon="153.120987192" /><trkpt lat="-30.133271517" lon="153.120993017" /><trkpt lat="-30.133284490" lon="153.120998944" /><trkpt lat="-30.133297731" lon="153.121004972" /><trkpt lat="-30.133311230" lon="153.121011097" /><trkpt lat="-30.133324979" lon="153.121017318" /><trkpt lat="-30.133338972" lon="153.121023633" /><trkpt lat="-30.133353199" lon="153.121030040" /><trkpt lat="-30.133367653" lon="153.121036536" /><trkpt lat="-30.133382325" lon="153.121043120" /><trkpt lat="-30.133397208" lon="153.121049790" /><trkpt lat="-30.133412294" lon="153.121056543" /><trkpt lat="-30.133427574" lon="153.121063378" /><trkpt lat="-30.133443040" lon="153.121070291" /><trkpt lat="-30.133458685" lon="153.121077283" /><trkpt lat="-30.133474501" lon="153.121084349" /><trkpt lat="-30.133490478" lon="153.121091488" /><trkpt lat="-30.133506610" lon="153.121098698" /><trkpt lat="-30.133522889" lon="153.121105978" /><trkpt lat="-30.133539306" lon="153.121113324" /><trkpt lat="-30.133555853" lon="153.121120735" /><trkpt lat="-30.133572522" lon="153.121128208" /><trkpt lat="-30.133589305" lon="153.121135742" /><trkpt lat="-30.133606194" lon="153.121143335" /><trkpt lat="-30.133623182" lon="153.121150984" /><trkpt lat="-30.133640260" lon="153.121158688" /><trkpt lat="-30.133657419" lon="153.121166443" /><trkpt lat="-30.133674653" lon="153.121174249" /><trkpt lat="-30.133691953" lon="153.121182103" /><trkpt lat="-30.133709310" lon="153.121190004" /><trkpt lat="-30.133726718" lon="153.121197948" /><trkpt lat="-30.133744167" lon="153.121205934" /><trkpt lat="-30.133761650" lon="153.121213960" /><trkpt lat="-30.133779159" lon="153.121222023" /><trkpt lat="-30.133796686" lon="153.121230123" /><trkpt lat="-30.133814222" lon="153.121238255" /><trkpt lat="-30.133831760" lon="153.121246420" /><trkpt lat="-30.133849292" lon="153.121254613" /><trkpt lat="-30.133866810" lon="153.121262835" /><trkpt lat="-30.133884305" lon="153.121271081" /><trkpt lat="-30.133901769" lon="153.121279350" /><trkpt lat="-30.133919195" lon="153.121287641" /><trkpt lat="-30.133936575" lon="153.121295951" /><trkpt lat="-30.133953900" lon="153.121304277" /><trkpt lat="-30.133971162" lon="153.121312619" /><trkpt lat="-30.133988354" lon="153.121320973" /><trkpt lat="-30.134005467" lon="153.121329338" /><trkpt lat="-30.134022493" lon="153.121337712" /><trkpt lat="-30.134039425" lon="153.121346092" /><trkpt lat="-30.134056254" lon="153.121354477" /><trkpt lat="-30.134072972" lon="153.121362864" /><trkpt lat="-30.134089571" lon="153.121371251" /><trkpt lat="-30.134106044" lon="153.121379637" /><trkpt lat="-30.134122382" lon="153.121388018" /><trkpt lat="-30.134138576" lon="153.121396394" /><trkpt lat="-30.134154620" lon="153.121404762" /><trkpt lat="-30.134170504" lon="153.121413120" /><trkpt lat="-30.134186222" lon="153.121421465" /><trkpt lat="-30.134201765" lon="153.121429797" /><trkpt lat="-30.134217124" lon="153.121438112" /><trkpt lat="-30.134234026" lon="153.121447550" /><trkpt lat="-30.134250326" lon="153.121457139" /><trkpt lat="-30.134266038" lon="153.121466880" /><trkpt lat="-30.134281176" lon="153.121476775" /><trkpt lat="-30.134295754" lon="153.121486827" /><trkpt lat="-30.134309787" lon="153.121497036" /><trkpt lat="-30.134323288" lon="153.121507404" /><trkpt lat="-30.134336273" lon="153.121517934" /><trkpt lat="-30.134348755" lon="153.121528626" /><trkpt lat="-30.134360748" lon="153.121539483" /><trkpt lat="-30.134372267" lon="153.121550507" /><trkpt lat="-30.134383325" lon="153.121561699" /><trkpt lat="-30.134393938" lon="153.121573060" /><trkpt lat="-30.134404120" lon="153.121584593" /><trkpt lat="-30.134413883" lon="153.121596300" /><trkpt lat="-30.134423244" lon="153.121608181" /><trkpt lat="-30.134432215" lon="153.121620239" /><trkpt lat="-30.134440812" lon="153.121632476" /><trkpt lat="-30.134449048" lon="153.121644893" /><trkpt lat="-30.134456938" lon="153.121657493" /><trkpt lat="-30.134464496" lon="153.121670276" /><trkpt lat="-30.134471736" lon="153.121683244" /><trkpt lat="-30.134478672" lon="153.121696400" /><trkpt lat="-30.134485319" lon="153.121709745" /><trkpt lat="-30.134491690" lon="153.121723280" /><trkpt lat="-30.134497801" lon="153.121737008" /><trkpt lat="-30.134503665" lon="153.121750931" /><trkpt lat="-30.134509296" lon="153.121765049" /><trkpt lat="-30.134514708" lon="153.121779365" /><trkpt lat="-30.134519917" lon="153.121793880" /><trkpt lat="-30.134524936" lon="153.121808597" /><trkpt lat="-30.134529779" lon="153.121823516" /><trkpt lat="-30.134534461" lon="153.121838641" /><trkpt lat="-30.134538995" lon="153.121853971" /><trkpt lat="-30.134543396" lon="153.121869510" /><trkpt lat="-30.134547679" lon="153.121885259" /><trkpt lat="-30.134551857" lon="153.121901219" /><trkpt lat="-30.134555945" lon="153.121917393" /><trkpt lat="-30.134559956" lon="153.121933782" /><trkpt lat="-30.134563906" lon="153.121950387" /><trkpt lat="-30.134567808" lon="153.121967212" /><trkpt lat="-30.134571676" lon="153.121984256" /><trkpt lat="-30.134575526" lon="153.122001523" /><trkpt lat="-30.134579370" lon="153.122019014" /><trkpt lat="-30.134583223" lon="153.122036730" /><trkpt lat="-30.134587100" lon="153.122054673" /><trkpt lat="-30.134591015" lon="153.122072846" /><trkpt lat="-30.134594981" lon="153.122091249" /><trkpt lat="-30.134599014" lon="153.122109885" /><trkpt lat="-30.134603126" lon="153.122128755" /><trkpt lat="-30.134607334" lon="153.122147861" /><trkpt lat="-30.134611650" lon="153.122167205" /><trkpt lat="-30.134616089" lon="153.122186789" /><trkpt lat="-30.134620665" lon="153.122206614" /><trkpt lat="-30.134625393" lon="153.122226681" /><trkpt lat="-30.134630552" lon="153.122248228" /><trkpt lat="-30.134635662" lon="153.122269331" /><trkpt lat="-30.134640730" lon="153.122290004" /><trkpt lat="-30.134645763" lon="153.122310261" /><trkpt lat="-30.134650768" lon="153.122330117" /><trkpt lat="-30.134655752" lon="153.122349585" /><trkpt lat="-30.134660721" lon="153.122368680" /><trkpt lat="-30.134665682" lon="153.122387415" /><trkpt lat="-30.134670642" lon="153.122405806" /><trkpt lat="-30.134675607" lon="153.122423864" /><trkpt lat="-30.134680585" lon="153.122441606" /><trkpt lat="-30.134685583" lon="153.122459045" /><trkpt lat="-30.134690606" lon="153.122476195" /><trkpt lat="-30.134695663" lon="153.122493069" /><trkpt lat="-30.134700759" lon="153.122509683" /><trkpt lat="-30.134705901" lon="153.122526051" /><trkpt lat="-30.134711097" lon="153.122542185" /><trkpt lat="-30.134716353" lon="153.122558101" /><trkpt lat="-30.134721676" lon="153.122573812" /><trkpt lat="-30.134727072" lon="153.122589333" /><trkpt lat="-30.134732548" lon="153.122604677" /><trkpt lat="-30.134738112" lon="153.122619859" /><trkpt lat="-30.134743770" lon="153.122634893" /><trkpt lat="-30.134749528" lon="153.122649793" /><trkpt lat="-30.134755394" lon="153.122664572" /><trkpt lat="-30.134761375" lon="153.122679246" /><trkpt lat="-30.134767476" lon="153.122693827" /><trkpt lat="-30.134773705" lon="153.122708331" /><trkpt lat="-30.134780069" lon="153.122722771" /><trkpt lat="-30.134786575" lon="153.122737161" /><trkpt lat="-30.134793229" lon="153.122751515" /><trkpt lat="-30.134800038" lon="153.122765848" /><trkpt lat="-30.134807008" lon="153.122780173" /><trkpt lat="-30.134814148" lon="153.122794505" /><trkpt lat="-30.134821462" lon="153.122808858" /><trkpt lat="-30.134828959" lon="153.122823245" /><trkpt lat="-30.134836645" lon="153.122837681" /><trkpt lat="-30.134844527" lon="153.122852180" /><trkpt lat="-30.134852612" lon="153.122866755" /><trkpt lat="-30.134860905" lon="153.122881422" /><trkpt lat="-30.134869415" lon="153.122896194" /><trkpt lat="-30.134878148" lon="153.122911085" /><trkpt lat="-30.134887111" lon="153.122926109" /><trkpt lat="-30.134896310" lon="153.122941281" /><trkpt lat="-30.134905752" lon="153.122956614" /><trkpt lat="-30.134915445" lon="153.122972122" /><trkpt lat="-30.134925394" lon="153.122987820" /><trkpt lat="-30.134935607" lon="153.123003722" /><trkpt lat="-30.134946091" lon="153.123019841" /><trkpt lat="-30.134956851" lon="153.123036192" /><trkpt lat="-30.134967896" lon="153.123052788" /><trkpt lat="-30.134978412" lon="153.123068652" /><trkpt lat="-30.134988826" lon="153.123084645" /><trkpt lat="-30.134999136" lon="153.123100762" /><trkpt lat="-30.135009343" lon="153.123116994" /><trkpt lat="-30.135019447" lon="153.123133334" /><trkpt lat="-30.135029448" lon="153.123149775" /><trkpt lat="-30.135039346" lon="153.123166308" /><trkpt lat="-30.135049140" lon="153.123182927" /><trkpt lat="-30.135058830" lon="153.123199623" /><trkpt lat="-30.135068418" lon="153.123216389" /><trkpt lat="-30.135077901" lon="153.123233218" /><trkpt lat="-30.135087281" lon="153.123250102" /><trkpt lat="-30.135096557" lon="153.123267033" /><trkpt lat="-30.135105730" lon="153.123284003" /><trkpt lat="-30.135114798" lon="153.123301006" /><trkpt lat="-30.135123762" lon="153.123318034" /><trkpt lat="-30.135132622" lon="153.123335079" /><trkpt lat="-30.135141378" lon="153.123352133" /><trkpt lat="-30.135150030" lon="153.123369189" /><trkpt lat="-30.135158577" lon="153.123386240" /><trkpt lat="-30.135167020" lon="153.123403277" /><trkpt lat="-30.135175359" lon="153.123420293" /><trkpt lat="-30.135183592" lon="153.123437281" /><trkpt lat="-30.135191721" lon="153.123454233" /><trkpt lat="-30.135199746" lon="153.123471142" /><trkpt lat="-30.135207665" lon="153.123487999" /><trkpt lat="-30.135215480" lon="153.123504798" /><trkpt lat="-30.135223189" lon="153.123521531" /><trkpt lat="-30.135230794" lon="153.123538190" /><trkpt lat="-30.135238293" lon="153.123554767" /><trkpt lat="-30.135245687" lon="153.123571256" /><trkpt lat="-30.135252976" lon="153.123587648" /><trkpt lat="-30.135260159" lon="153.123603936" /><trkpt lat="-30.135267237" lon="153.123620112" /><trkpt lat="-30.135274209" lon="153.123636169" /><trkpt lat="-30.135281076" lon="153.123652099" /><trkpt lat="-30.135287837" lon="153.123667895" /><trkpt lat="-30.135294492" lon="153.123683549" /><trkpt lat="-30.135301041" lon="153.123699053" /><trkpt lat="-30.135307484" lon="153.123714401" /><trkpt lat="-30.135313821" lon="153.123729583" /><trkpt lat="-30.135320052" lon="153.123744594" /><trkpt lat="-30.135326177" lon="153.123759424" /><trkpt lat="-30.135332195" lon="153.123774068" /><trkpt lat="-30.135338107" lon="153.123788516" /><trkpt lat="-30.135343912" lon="153.123802762" /><trkpt lat="-30.135349611" lon="153.123816797" /><trkpt lat="-30.135355204" lon="153.123830615" /><trkpt lat="-30.135360689" lon="153.123844208" /><trkpt lat="-30.135366068" lon="153.123857568" /><trkpt lat="-30.135371340" lon="153.123870688" /><trkpt lat="-30.135376505" lon="153.123883559" /><trkpt lat="-30.135381562" lon="153.123896175" /><trkpt lat="-30.135386513" lon="153.123908528" /><trkpt lat="-30.135391523" lon="153.123920938" /><trkpt lat="-30.135396752" lon="153.123933722" /><trkpt lat="-30.135402191" lon="153.123946868" /><trkpt lat="-30.135407829" lon="153.123960362" /><trkpt lat="-30.135413656" lon="153.123974192" /><trkpt lat="-30.135419663" lon="153.123988347" /><trkpt lat="-30.135425840" lon="153.124002813" /><trkpt lat="-30.135432177" lon="153.124017578" /><trkpt lat="-30.135438663" lon="153.124032630" /><trkpt lat="-30.135445290" lon="153.124047956" /><trkpt lat="-30.135452046" lon="153.124063544" /><trkpt lat="-30.135458923" lon="153.124079380" /><trkpt lat="-30.135465910" lon="153.124095454" /><trkpt lat="-30.135472998" lon="153.124111751" /><trkpt lat="-30.135480176" lon="153.124128261" /><trkpt lat="-30.135487434" lon="153.124144969" /><trkpt lat="-30.135494764" lon="153.124161865" /><trkpt lat="-30.135502154" lon="153.124178935" /><trkpt lat="-30.135509595" lon="153.124196167" /><trkpt lat="-30.135517077" lon="153.124213548" /><trkpt lat="-30.135524590" lon="153.124231066" /><trkpt lat="-30.135532124" lon="153.124248708" /><trkpt lat="-30.135539670" lon="153.124266463" /><trkpt lat="-30.135547217" lon="153.124284317" /><trkpt lat="-30.135554756" lon="153.124302258" /><trkpt lat="-30.135562276" lon="153.124320274" /><trkpt lat="-30.135569768" lon="153.124338352" /><trkpt lat="-30.135577222" lon="153.124356480" /><trkpt lat="-30.135584628" lon="153.124374645" /><trkpt lat="-30.135591975" lon="153.124392834" /><trkpt lat="-30.135599255" lon="153.124411036" /><trkpt lat="-30.135606457" lon="153.124429238" /><trkpt lat="-30.135613572" lon="153.124447427" /><trkpt lat="-30.135620588" lon="153.124465591" /><trkpt lat="-30.135627498" lon="153.124483717" /><trkpt lat="-30.135634290" lon="153.124501793" /><trkpt lat="-30.135640954" lon="153.124519807" /><trkpt lat="-30.135647482" lon="153.124537745" /><trkpt lat="-30.135653862" lon="153.124555597" /><trkpt lat="-30.135660086" lon="153.124573348" /><trkpt lat="-30.135666142" lon="153.124590986" /><trkpt lat="-30.135672022" lon="153.124608500" /><trkpt lat="-30.135677715" lon="153.124625877" /><trkpt lat="-30.135683211" lon="153.124643103" /><trkpt lat="-30.135688501" lon="153.124660168" /><trkpt lat="-30.135693575" lon="153.124677057" /><trkpt lat="-30.135698422" lon="153.124693760" /><trkpt lat="-30.135703034" lon="153.124710262" /><trkpt lat="-30.135707399" lon="153.124726553" /><trkpt lat="-30.135711508" lon="153.124742619" /><trkpt lat="-30.135715351" lon="153.124758447" /><trkpt lat="-30.135718919" lon="153.124774027" /><trkpt lat="-30.135722200" lon="153.124789344" /><trkpt lat="-30.135725187" lon="153.124804386" /><trkpt lat="-30.135728489" lon="153.124822185" /><trkpt lat="-30.135731595" lon="153.124839826" /><trkpt lat="-30.135734509" lon="153.124857319" /><trkpt lat="-30.135737237" lon="153.124874675" /><trkpt lat="-30.135739783" lon="153.124891905" /><trkpt lat="-30.135742153" lon="153.124909020" /><trkpt lat="-30.135744351" lon="153.124926030" /><trkpt lat="-30.135746383" lon="153.124942946" /><trkpt lat="-30.135748253" lon="153.124959779" /><trkpt lat="-30.135749966" lon="153.124976539" /><trkpt lat="-30.135751528" lon="153.124993237" /><trkpt lat="-30.135752943" lon="153.125009884" /><trkpt lat="-30.135754217" lon="153.125026490" /><trkpt lat="-30.135755354" lon="153.125043066" /><trkpt lat="-30.135756359" lon="153.125059623" /><trkpt lat="-30.135757237" lon="153.125076171" /><trkpt lat="-30.135757994" lon="153.125092721" /><trkpt lat="-30.135758633" lon="153.125109284" /><trkpt lat="-30.135759162" lon="153.125125871" /><trkpt lat="-30.135759583" lon="153.125142491" /><trkpt lat="-30.135759902" lon="153.125159157" /><trkpt lat="-30.135760125" lon="153.125175878" /><trkpt lat="-30.135760256" lon="153.125192665" /><trkpt lat="-30.135760300" lon="153.125209529" /><trkpt lat="-30.135760262" lon="153.125226481" /><trkpt lat="-30.135760147" lon="153.125243531" /><trkpt lat="-30.135759960" lon="153.125260689" /><trkpt lat="-30.135759707" lon="153.125277968" /><trkpt lat="-30.135759391" lon="153.125295376" /><trkpt lat="-30.135759019" lon="153.125312926" /><trkpt lat="-30.135758594" lon="153.125330627" /><trkpt lat="-30.135758123" lon="153.125348490" /><trkpt lat="-30.135757609" lon="153.125366527" /><trkpt lat="-30.135757059" lon="153.125384747" /><trkpt lat="-30.135756476" lon="153.125403162" /><trkpt lat="-30.135755866" lon="153.125421782" /><trkpt lat="-30.135755234" lon="153.125440617" /><trkpt lat="-30.135754586" lon="153.125459679" /><trkpt lat="-30.135753925" lon="153.125478978" /><trkpt lat="-30.135753256" lon="153.125498524" /><trkpt lat="-30.135752586" lon="153.125518330" /><trkpt lat="-30.135751919" lon="153.125538404" /><trkpt lat="-30.135751259" lon="153.125558758" /><trkpt lat="-30.135750612" lon="153.125579403" /><trkpt lat="-30.135749983" lon="153.125600349" /><trkpt lat="-30.135749618" lon="153.125616786" /><trkpt lat="-30.135749480" lon="153.125633351" /><trkpt lat="-30.135749565" lon="153.125650040" /><trkpt lat="-30.135749868" lon="153.125666847" /><trkpt lat="-30.135750384" lon="153.125683767" /><trkpt lat="-30.135751109" lon="153.125700794" /><trkpt lat="-30.135752039" lon="153.125717924" /><trkpt lat="-30.135753168" lon="153.125735150" /><trkpt lat="-30.135754492" lon="153.125752469" /><trkpt lat="-30.135756007" lon="153.125769874" /><trkpt lat="-30.135757708" lon="153.125787360" /><trkpt lat="-30.135759591" lon="153.125804922" /><trkpt lat="-30.135761650" lon="153.125822554" /><trkpt lat="-30.135763882" lon="153.125840252" /><trkpt lat="-30.135766281" lon="153.125858010" /><trkpt lat="-30.135768844" lon="153.125875822" /><trkpt lat="-30.135771565" lon="153.125893684" /><trkpt lat="-30.135774441" lon="153.125911591" /><trkpt lat="-30.135777465" lon="153.125929536" /><trkpt lat="-30.135780635" lon="153.125947515" /><trkpt lat="-30.135783946" lon="153.125965522" /><trkpt lat="-30.135787392" lon="153.125983553" /><trkpt lat="-30.135790969" lon="153.126001601" /><trkpt lat="-30.135794673" lon="153.126019661" /><trkpt lat="-30.135798499" lon="153.126037729" /><trkpt lat="-30.135802443" lon="153.126055799" /><trkpt lat="-30.135806500" lon="153.126073866" /><trkpt lat="-30.135810665" lon="153.126091924" /><trkpt lat="-30.135814934" lon="153.126109968" /><trkpt lat="-30.135819302" lon="153.126127994" /><trkpt lat="-30.135823765" lon="153.126145994" /><trkpt lat="-30.135828318" lon="153.126163965" /><trkpt lat="-30.135832957" lon="153.126181901" /><trkpt lat="-30.135837677" lon="153.126199797" /><trkpt lat="-30.135842473" lon="153.126217647" /><trkpt lat="-30.135847341" lon="153.126235447" /><trkpt lat="-30.135852277" lon="153.126253190" /><trkpt lat="-30.135857275" lon="153.126270872" /><trkpt lat="-30.135862332" lon="153.126288487" /><trkpt lat="-30.135867442" lon="153.126306031" /><trkpt lat="-30.135872601" lon="153.126323497" /><trkpt lat="-30.135877805" lon="153.126340881" /><trkpt lat="-30.135883048" lon="153.126358177" /><trkpt lat="-30.135888327" lon="153.126375379" /><trkpt lat="-30.135893637" lon="153.126392484" /><trkpt lat="-30.135898974" lon="153.126409485" /><trkpt lat="-30.135904331" lon="153.126426377" /><trkpt lat="-30.135909706" lon="153.126443155" /><trkpt lat="-30.135915094" lon="153.126459814" /><trkpt lat="-30.135920489" lon="153.126476347" /><trkpt lat="-30.135925888" lon="153.126492751" /><trkpt lat="-30.135931286" lon="153.126509020" /><trkpt lat="-30.135936678" lon="153.126525148" /><trkpt lat="-30.135942060" lon="153.126541130" /><trkpt lat="-30.135947427" lon="153.126556961" /><trkpt lat="-30.135952774" lon="153.126572636" /><trkpt lat="-30.135958098" lon="153.126588149" /><trkpt lat="-30.135963393" lon="153.126603495" /><trkpt lat="-30.135971265" lon="153.126626596" /><trkpt lat="-30.135978772" lon="153.126649317" /><trkpt lat="-30.135985924" lon="153.126671665" /><trkpt lat="-30.135992731" lon="153.126693646" /><trkpt lat="-30.135999203" lon="153.126715267" /><trkpt lat="-30.136005351" lon="153.126736532" /><trkpt lat="-30.136011184" lon="153.126757449" /><trkpt lat="-30.136016712" lon="153.126778024" /><trkpt lat="-30.136021947" lon="153.126798263" /><trkpt lat="-30.136026897" lon="153.126818172" /><trkpt lat="-30.136031573" lon="153.126837757" /><trkpt lat="-30.136035985" lon="153.126857026" /><trkpt lat="-30.136040144" lon="153.126875983" /><trkpt lat="-30.136044058" lon="153.126894635" /><trkpt lat="-30.136047739" lon="153.126912989" /><trkpt lat="-30.136051196" lon="153.126931050" /><trkpt lat="-30.136054440" lon="153.126948825" /><trkpt lat="-30.136057480" lon="153.126966321" /><trkpt lat="-30.136060328" lon="153.126983542" /><trkpt lat="-30.136062992" lon="153.127000496" /><trkpt lat="-30.136065483" lon="153.127017189" /><trkpt lat="-30.136067811" lon="153.127033627" /><trkpt lat="-30.136069986" lon="153.127049816" /><trkpt lat="-30.136072019" lon="153.127065762" /><trkpt lat="-30.136073919" lon="153.127081472" /><trkpt lat="-30.136075696" lon="153.127096952" /><trkpt lat="-30.136077361" lon="153.127112208" /><trkpt lat="-30.136078924" lon="153.127127247" /><trkpt lat="-30.136080395" lon="153.127142074" /><trkpt lat="-30.136081784" lon="153.127156696" /><trkpt lat="-30.136083100" lon="153.127171119" /><trkpt lat="-30.136084355" lon="153.127185349" /><trkpt lat="-30.136085558" lon="153.127199392" /><trkpt lat="-30.136086720" lon="153.127213255" /><trkpt lat="-30.136087850" lon="153.127226945" /><trkpt lat="-30.136088958" lon="153.127240466" /><trkpt lat="-30.136090055" lon="153.127253826" /><trkpt lat="-30.136091151" lon="153.127267030" /><trkpt lat="-30.136092310" lon="153.127280345" /><trkpt lat="-30.136093592" lon="153.127294024" /><trkpt lat="-30.136095007" lon="153.127308050" /><trkpt lat="-30.136096564" lon="153.127322407" /><trkpt lat="-30.136098271" lon="153.127337080" /><trkpt lat="-30.136100137" lon="153.127352053" /><trkpt lat="-30.136102170" lon="153.127367309" /><trkpt lat="-30.136104379" lon="153.127382834" /><trkpt lat="-30.136106773" lon="153.127398611" /><trkpt lat="-30.136109360" lon="153.127414624" /><trkpt lat="-30.136112149" lon="153.127430858" /><trkpt lat="-30.136115148" lon="153.127447296" /><trkpt lat="-30.136118367" lon="153.127463923" /><trkpt lat="-30.136121813" lon="153.127480724" /><trkpt lat="-30.136125496" lon="153.127497681" /><trkpt lat="-30.136129424" lon="153.127514780" /><trkpt lat="-30.136133606" lon="153.127532005" /><trkpt lat="-30.136138049" lon="153.127549339" /><trkpt lat="-30.136142764" lon="153.127566767" /><trkpt lat="-30.136147758" lon="153.127584273" /><trkpt lat="-30.136153041" lon="153.127601841" /><trkpt lat="-30.136158620" lon="153.127619456" /><trkpt lat="-30.136164504" lon="153.127637101" /><trkpt lat="-30.136170703" lon="153.127654760" /><trkpt lat="-30.136177224" lon="153.127672419" /><trkpt lat="-30.136184076" lon="153.127690060" /><trkpt lat="-30.136191268" lon="153.127707669" /><trkpt lat="-30.136198809" lon="153.127725229" /><trkpt lat="-30.136206707" lon="153.127742724" /><trkpt lat="-30.136214971" lon="153.127760140" /><trkpt lat="-30.136223609" lon="153.127777458" /><trkpt lat="-30.136232630" lon="153.127794665" /><trkpt lat="-30.136242043" lon="153.127811744" /><trkpt lat="-30.136251855" lon="153.127828680" /><trkpt lat="-30.136262077" lon="153.127845455" /><trkpt lat="-30.136272717" lon="153.127862056" /><trkpt lat="-30.136283782" lon="153.127878465" /><trkpt lat="-30.136295282" lon="153.127894667" /><trkpt lat="-30.136305880" lon="153.127909219" /><trkpt lat="-30.136316465" lon="153.127923755" /><trkpt lat="-30.136327035" lon="153.127938276" /><trkpt lat="-30.136337587" lon="153.127952784" /><trkpt lat="-30.136348122" lon="153.127967279" /><trkpt lat="-30.136358636" lon="153.127981764" /><trkpt lat="-30.136369128" lon="153.127996238" /><trkpt lat="-30.136379597" lon="153.128010704" /><trkpt lat="-30.136390041" lon="153.128025163" /><trkpt lat="-30.136400457" lon="153.128039616" /><trkpt lat="-30.136410845" lon="153.128054064" /><trkpt lat="-30.136421203" lon="153.128068509" /><trkpt lat="-30.136431528" lon="153.128082951" /><trkpt lat="-30.136441820" lon="153.128097393" /><trkpt lat="-30.136452076" lon="153.128111834" /><trkpt lat="-30.136462296" lon="153.128126278" /><trkpt lat="-30.136472476" lon="153.128140724" /><trkpt lat="-30.136482616" lon="153.128155174" /><trkpt lat="-30.136492713" lon="153.128169630" /><trkpt lat="-30.136502767" lon="153.128184092" /><trkpt lat="-30.136512775" lon="153.128198562" /><trkpt lat="-30.136522735" lon="153.128213041" /><trkpt lat="-30.136532647" lon="153.128227531" /><trkpt lat="-30.136542508" lon="153.128242032" /><trkpt lat="-30.136552316" lon="153.128256546" /><trkpt lat="-30.136562070" lon="153.128271074" /><trkpt lat="-30.136571769" lon="153.128285618" /><trkpt lat="-30.136581410" lon="153.128300178" /><trkpt lat="-30.136590991" lon="153.128314757" /><trkpt lat="-30.136600512" lon="153.128329354" /><trkpt lat="-30.136609970" lon="153.128343972" /><trkpt lat="-30.136619364" lon="153.128358612" /><trkpt lat="-30.136628692" lon="153.128373274" /><trkpt lat="-30.136637952" lon="153.128387961" /><trkpt lat="-30.136647142" lon="153.128402674" /><trkpt lat="-30.136656262" lon="153.128417413" /><trkpt lat="-30.136665308" lon="153.128432180" /><trkpt lat="-30.136674281" lon="153.128446976" /><trkpt lat="-30.136683177" lon="153.128461803" /><trkpt lat="-30.136691995" lon="153.128476662" /><trkpt lat="-30.136700733" lon="153.128491554" /><trkpt lat="-30.136709390" lon="153.128506480" /><trkpt lat="-30.136718124" lon="153.128521360" /><trkpt lat="-30.136727090" lon="153.128536111" /><trkpt lat="-30.136736284" lon="153.128550731" /><trkpt lat="-30.136745703" lon="153.128565220" /><trkpt lat="-30.136755342" lon="153.128579575" /><trkpt lat="-30.136765197" lon="153.128593797" /><trkpt lat="-30.136775264" lon="153.128607883" /><trkpt lat="-30.136785539" lon="153.128621832" /><trkpt lat="-30.136796017" lon="153.128635643" /><trkpt lat="-30.136806695" lon="153.128649314" /><trkpt lat="-30.136817568" lon="153.128662845" /><trkpt lat="-30.136828632" lon="153.128676234" /><trkpt lat="-30.136839884" lon="153.128689479" /><trkpt lat="-30.136851318" lon="153.128702580" /><trkpt lat="-30.136862932" lon="153.128715534" /><trkpt lat="-30.136874720" lon="153.128728342" /><trkpt lat="-30.136886678" lon="153.128741000" /><trkpt lat="-30.136898803" lon="153.128753509" /><trkpt lat="-30.136911091" lon="153.128765867" /><trkpt lat="-30.136923536" lon="153.128778072" /><trkpt lat="-30.136936136" lon="153.128790124" /><trkpt lat="-30.136948885" lon="153.128802020" /><trkpt lat="-30.136961781" lon="153.128813760" /><trkpt lat="-30.136974818" lon="153.128825343" /><trkpt lat="-30.136987992" lon="153.128836766" /><trkpt lat="-30.137001300" lon="153.128848029" /><trkpt lat="-30.137014737" lon="153.128859130" /><trkpt lat="-30.137028299" lon="153.128870069" /><trkpt lat="-30.137041982" lon="153.128880843" /><trkpt lat="-30.137055782" lon="153.128891452" /><trkpt lat="-30.137069695" lon="153.128901893" /><trkpt lat="-30.137083716" lon="153.128912167" /><trkpt lat="-30.137097842" lon="153.128922272" /><trkpt lat="-30.137112068" lon="153.128932205" /><trkpt lat="-30.137126390" lon="153.128941967" /><trkpt lat="-30.137140804" lon="153.128951555" /><trkpt lat="-30.137155306" lon="153.128960969" /><trkpt lat="-30.137169892" lon="153.128970206" /><trkpt lat="-30.137184558" lon="153.128979267" /><trkpt lat="-30.137199299" lon="153.128988148" /><trkpt lat="-30.137214112" lon="153.128996850" /><trkpt lat="-30.137228991" lon="153.129005371" /><trkpt lat="-30.137240966" lon="153.129012140" /><trkpt lat="-30.137253248" lon="153.129019085" /><trkpt lat="-30.137265827" lon="153.129026202" /><trkpt lat="-30.137278689" lon="153.129033486" /><trkpt lat="-30.137291824" lon="153.129040933" /><trkpt lat="-30.137305220" lon="153.129048540" /><trkpt lat="-30.137318865" lon="153.129056303" /><trkpt lat="-30.137332748" lon="153.129064218" /><trkpt lat="-30.137346856" lon="153.129072281" /><trkpt lat="-30.137361179" lon="153.129080487" /><trkpt lat="-30.137375704" lon="153.129088833" /><trkpt lat="-30.137390420" lon="153.129097315" /><trkpt lat="-30.137405315" lon="153.129105929" /><trkpt lat="-30.137420378" lon="153.129114671" /><trkpt lat="-30.137435596" lon="153.129123537" /><trkpt lat="-30.137450959" lon="153.129132523" /><trkpt lat="-30.137466454" lon="153.129141625" /><trkpt lat="-30.137482070" lon="153.129150839" /><trkpt lat="-30.137497795" lon="153.129160162" /><trkpt lat="-30.137513618" lon="153.129169588" /><trkpt lat="-30.137529526" lon="153.129179115" /><trkpt lat="-30.137545508" lon="153.129188738" /><trkpt lat="-30.137561553" lon="153.129198454" /><trkpt lat="-30.137577649" lon="153.129208257" /><trkpt lat="-30.137593784" lon="153.129218145" /><trkpt lat="-30.137609946" lon="153.129228114" /><trkpt lat="-30.137626124" lon="153.129238159" /><trkpt lat="-30.137642306" lon="153.129248276" /><trkpt lat="-30.137658480" lon="153.129258462" /><trkpt lat="-30.137674635" lon="153.129268713" /><trkpt lat="-30.137690759" lon="153.129279024" /><trkpt lat="-30.137706841" lon="153.129289392" /><trkpt lat="-30.137722868" lon="153.129299813" /><trkpt lat="-30.137738829" lon="153.129310282" /><trkpt lat="-30.137754713" lon="153.129320796" /><trkpt lat="-30.137770507" lon="153.129331351" /><trkpt lat="-30.137786200" lon="153.129341943" /><trkpt lat="-30.137801781" lon="153.129352567" /><trkpt lat="-30.137817237" lon="153.129363221" /><trkpt lat="-30.137832557" lon="153.129373899" /><trkpt lat="-30.137847730" lon="153.129384598" /><trkpt lat="-30.137862743" lon="153.129395315" /><trkpt lat="-30.137877585" lon="153.129406044" /><trkpt lat="-30.137892245" lon="153.129416783" /><trkpt lat="-30.137906710" lon="153.129427527" /><trkpt lat="-30.137920969" lon="153.129438272" /><trkpt lat="-30.137935011" lon="153.129449014" /><trkpt lat="-30.137948823" lon="153.129459749" /><trkpt lat="-30.137962394" lon="153.129470474" /><trkpt lat="-30.137975712" lon="153.129481184" /><trkpt lat="-30.137988765" lon="153.129491875" /><trkpt lat="-30.138001543" lon="153.129502544" /><trkpt lat="-30.138014033" lon="153.129513186" /><trkpt lat="-30.138025880" lon="153.129523619" /><trkpt lat="-30.138037635" lon="153.129534428" /><trkpt lat="-30.138049297" lon="153.129545600" /><trkpt lat="-30.138060866" lon="153.129557123" /><trkpt lat="-30.138072343" lon="153.129568985" /><trkpt lat="-30.138083728" lon="153.129581173" /><trkpt lat="-30.138095020" lon="153.129593674" /><trkpt lat="-30.138106220" lon="153.129606478" /><trkpt lat="-30.138117327" lon="153.129619570" /><trkpt lat="-30.138128342" lon="153.129632939" /><trkpt lat="-30.138139265" lon="153.129646572" /><trkpt lat="-30.138150095" lon="153.129660457" /><trkpt lat="-30.138160833" lon="153.129674582" /><trkpt lat="-30.138171478" lon="153.129688934" /><trkpt lat="-30.138182032" lon="153.129703501" /><trkpt lat="-30.138192493" lon="153.129718271" /><trkpt lat="-30.138202861" lon="153.129733231" /><trkpt lat="-30.138213138" lon="153.129748368" /><trkpt lat="-30.138223322" lon="153.129763671" /><trkpt lat="-30.138233415" lon="153.129779127" /><trkpt lat="-30.138243415" lon="153.129794723" /><trkpt lat="-30.138253322" lon="153.129810448" /><trkpt lat="-30.138263138" lon="153.129826289" /><trkpt lat="-30.138272862" lon="153.129842233" /><trkpt lat="-30.138282493" lon="153.129858268" /><trkpt lat="-30.138292033" lon="153.129874382" /><trkpt lat="-30.138301480" lon="153.129890563" /><trkpt lat="-30.138310836" lon="153.129906798" /><trkpt lat="-30.138320099" lon="153.129923074" /><trkpt lat="-30.138329270" lon="153.129939380" /><trkpt lat="-30.138338350" lon="153.129955703" /><trkpt lat="-30.138347337" lon="153.129972030" /><trkpt lat="-30.138356233" lon="153.129988349" /><trkpt lat="-30.138365037" lon="153.130004649" /><trkpt lat="-30.138373748" lon="153.130020916" /><trkpt lat="-30.138382368" lon="153.130037138" /><trkpt lat="-30.138390896" lon="153.130053302" /><trkpt lat="-30.138399332" lon="153.130069397" /><trkpt lat="-30.138407677" lon="153.130085410" /><trkpt lat="-30.138415929" lon="153.130101329" /><trkpt lat="-30.138424090" lon="153.130117141" /><trkpt lat="-30.138432159" lon="153.130132834" /><trkpt lat="-30.138440137" lon="153.130148395" /><trkpt lat="-30.138448022" lon="153.130163812" /><trkpt lat="-30.138455816" lon="153.130179074" /><trkpt lat="-30.138463518" lon="153.130194166" /><trkpt lat="-30.138471129" lon="153.130209078" /><trkpt lat="-30.138478648" lon="153.130223796" /><trkpt lat="-30.138486075" lon="153.130238309" /><trkpt lat="-30.138493411" lon="153.130252604" /><trkpt lat="-30.138500655" lon="153.130266668" /><trkpt lat="-30.138507808" lon="153.130280489" /><trkpt lat="-30.138514869" lon="153.130294055" /><trkpt lat="-30.138521838" lon="153.130307354" /><trkpt lat="-30.138528716" lon="153.130320373" /><trkpt lat="-30.138541207" lon="153.130343165" /><trkpt lat="-30.138553635" lon="153.130364380" /><trkpt lat="-30.138566009" lon="153.130384084" /><trkpt lat="-30.138578340" lon="153.130402343" /><trkpt lat="-30.138590637" lon="153.130419225" /><trkpt lat="-30.138602912" lon="153.130434797" /><trkpt lat="-30.138615173" lon="153.130449124" /><trkpt lat="-30.138627431" lon="153.130462274" /><trkpt lat="-30.138639697" lon="153.130474313" /><trkpt lat="-30.138651979" lon="153.130485309" /><trkpt lat="-30.138664288" lon="153.130495327" /><trkpt lat="-30.138676635" lon="153.130504434" /><trkpt lat="-30.138689028" lon="153.130512698" /><trkpt lat="-30.138701479" lon="153.130520184" /><trkpt lat="-30.138713997" lon="153.130526960" /><trkpt lat="-30.138726592" lon="153.130533093" /><trkpt lat="-30.138739275" lon="153.130538648" /><trkpt lat="-30.138752055" lon="153.130543693" /><trkpt lat="-30.138764943" lon="153.130548294" /><trkpt lat="-30.138777948" lon="153.130552519" /><trkpt lat="-30.138791081" lon="153.130556433" /><trkpt lat="-30.138804351" lon="153.130560104" /><trkpt lat="-30.138817769" lon="153.130563598" /><trkpt lat="-30.138831345" lon="153.130566982" /><trkpt lat="-30.138845088" lon="153.130570322" /><trkpt lat="-30.138859010" lon="153.130573686" /><trkpt lat="-30.138873119" lon="153.130577140" /><trkpt lat="-30.138887426" lon="153.130580750" /><trkpt lat="-30.138901941" lon="153.130584585" /><trkpt lat="-30.138916674" lon="153.130588709" /><trkpt lat="-30.138928782" lon="153.130592262" /><trkpt lat="-30.138941637" lon="153.130596138" /><trkpt lat="-30.138955195" lon="153.130600325" /><trkpt lat="-30.138969412" lon="153.130604811" /><trkpt lat="-30.138984245" lon="153.130609584" /><trkpt lat="-30.138999650" lon="153.130614633" /><trkpt lat="-30.139015584" lon="153.130619946" /><trkpt lat="-30.139032003" lon="153.130625511" /><trkpt lat="-30.139048863" lon="153.130631317" /><trkpt lat="-30.139066121" lon="153.130637351" /><trkpt lat="-30.139083733" lon="153.130643603" /><trkpt lat="-30.139101655" lon="153.130650060" /><trkpt lat="-30.139119844" lon="153.130656710" /><trkpt lat="-30.139138257" lon="153.130663542" /><trkpt lat="-30.139156849" lon="153.130670545" /><trkpt lat="-30.139175576" lon="153.130677705" /><trkpt lat="-30.139194397" lon="153.130685013" /><trkpt lat="-30.139213266" lon="153.130692455" /><trkpt lat="-30.139232140" lon="153.130700020" /><trkpt lat="-30.139250975" lon="153.130707697" /><trkpt lat="-30.139269728" lon="153.130715474" /><trkpt lat="-30.139288356" lon="153.130723339" /><trkpt lat="-30.139306814" lon="153.130731279" /><trkpt lat="-30.139325059" lon="153.130739285" /><trkpt lat="-30.139343047" lon="153.130747343" /><trkpt lat="-30.139360735" lon="153.130755442" /><trkpt lat="-30.139378079" lon="153.130763571" /><trkpt lat="-30.139395035" lon="153.130771717" /><trkpt lat="-30.139411561" lon="153.130779869" /><trkpt lat="-30.139427611" lon="153.130788015" /><trkpt lat="-30.139443143" lon="153.130796144" /><trkpt lat="-30.139458113" lon="153.130804243" /><trkpt lat="-30.139472477" lon="153.130812301" /><trkpt lat="-30.139486192" lon="153.130820306" /><trkpt lat="-30.139499214" lon="153.130828247" /><trkpt lat="-30.139511500" lon="153.130836112" /><trkpt lat="-30.139523005" lon="153.130843888" /><trkpt lat="-30.139533687" lon="153.130851565" /><trkpt lat="-30.139546463" lon="153.130860930" /><trkpt lat="-30.139558843" lon="153.130869728" /><trkpt lat="-30.139570867" lon="153.130877982" /><trkpt lat="-30.139582579" lon="153.130885714" /><trkpt lat="-30.139594023" lon="153.130892946" /><trkpt lat="-30.139605239" lon="153.130899703" /><trkpt lat="-30.139616272" lon="153.130906005" /><trkpt lat="-30.139627164" lon="153.130911876" /><trkpt lat="-30.139637958" lon="153.130917339" /><trkpt lat="-30.139648696" lon="153.130922415" /><trkpt lat="-30.139659422" lon="153.130927128" /><trkpt lat="-30.139670178" lon="153.130931500" /><trkpt lat="-30.139681006" lon="153.130935554" /><trkpt lat="-30.139691950" lon="153.130939313" /><trkpt lat="-30.139703052" lon="153.130942798" /><trkpt lat="-30.139714355" lon="153.130946033" /><trkpt lat="-30.139725902" lon="153.130949041" /><trkpt lat="-30.139737736" lon="153.130951843" /><trkpt lat="-30.139749899" lon="153.130954463" /><trkpt lat="-30.139762433" lon="153.130956923" /><trkpt lat="-30.139775383" lon="153.130959246" /><trkpt lat="-30.139788790" lon="153.130961454" /><trkpt lat="-30.139802698" lon="153.130963570" /><trkpt lat="-30.139817148" lon="153.130965616" /><trkpt lat="-30.139832184" lon="153.130967616" /><trkpt lat="-30.139847849" lon="153.130969592" /><trkpt lat="-30.139864185" lon="153.130971566" /><trkpt lat="-30.139881236" lon="153.130973561" /><trkpt lat="-30.139899043" lon="153.130975600" /><trkpt lat="-30.139917649" lon="153.130977705" /><trkpt lat="-30.139928885" lon="153.130979068" /><trkpt lat="-30.139940636" lon="153.130980672" /><trkpt lat="-30.139952885" lon="153.130982507" /><trkpt lat="-30.139965617" lon="153.130984560" /><trkpt lat="-30.139978814" lon="153.130986820" /><trkpt lat="-30.139992461" lon="153.130989276" /><trkpt lat="-30.140006541" lon="153.130991915" /><trkpt lat="-30.140021039" lon="153.130994727" /><trkpt lat="-30.140035937" lon="153.130997700" /><trkpt lat="-30.140051220" lon="153.131000821" /><trkpt lat="-30.140066871" lon="153.131004081" /><trkpt lat="-30.140082874" lon="153.131007466" /><trkpt lat="-30.140099213" lon="153.131010966" /><trkpt lat="-30.140115872" lon="153.131014568" /><trkpt lat="-30.140132834" lon="153.131018262" /><trkpt lat="-30.140150082" lon="153.131022036" /><trkpt lat="-30.140167602" lon="153.131025878" /><trkpt lat="-30.140185376" lon="153.131029776" /><trkpt lat="-30.140203388" lon="153.131033719" /><trkpt lat="-30.140221622" lon="153.131037696" /><trkpt lat="-30.140240062" lon="153.131041694" /><trkpt lat="-30.140258691" lon="153.131045703" /><trkpt lat="-30.140277493" lon="153.131049710" /><trkpt lat="-30.140296452" lon="153.131053705" /><trkpt lat="-30.140315552" lon="153.131057675" /><trkpt lat="-30.140334776" lon="153.131061609" /><trkpt lat="-30.140354108" lon="153.131065496" /><trkpt lat="-30.140373533" lon="153.131069323" /><trkpt lat="-30.140393032" lon="153.131073079" /><trkpt lat="-30.140412591" lon="153.131076753" /><trkpt lat="-30.140432193" lon="153.131080334" /><trkpt lat="-30.140451822" lon="153.131083808" /><trkpt lat="-30.140471461" lon="153.131087166" /><trkpt lat="-30.140491094" lon="153.131090395" /><trkpt lat="-30.140510705" lon="153.131093484" /><trkpt lat="-30.140530279" lon="153.131096421" /><trkpt lat="-30.140549797" lon="153.131099195" /><trkpt lat="-30.140569245" lon="153.131101794" /><trkpt lat="-30.140588605" lon="153.131104206" /><trkpt lat="-30.140607863" lon="153.131106420" /><trkpt lat="-30.140627000" lon="153.131108425" /><trkpt lat="-30.140646002" lon="153.131110208" /><trkpt lat="-30.140664852" lon="153.131111758" /><trkpt lat="-30.140683533" lon="153.131113064" /><trkpt lat="-30.140702030" lon="153.131114115" /><trkpt lat="-30.140720325" lon="153.131114897" /><trkpt lat="-30.140738404" lon="153.131115401" /><trkpt lat="-30.140756249" lon="153.131115614" /><trkpt lat="-30.140773844" lon="153.131115524" /><trkpt lat="-30.140791173" lon="153.131115121" /><trkpt lat="-30.140808220" lon="153.131114392" /><trkpt lat="-30.140824968" lon="153.131113327" /><trkpt lat="-30.140842234" lon="153.131111858" /><trkpt lat="-30.140859511" lon="153.131110033" /><trkpt lat="-30.140876796" lon="153.131107859" /><trkpt lat="-30.140894083" lon="153.131105345" /><trkpt lat="-30.140911367" lon="153.131102499" /><trkpt lat="-30.140928644" lon="153.131099328" /><trkpt lat="-30.140945909" lon="153.131095842" /><trkpt lat="-30.140963156" lon="153.131092048" /><trkpt lat="-30.140980381" lon="153.131087954" /><trkpt lat="-30.140997579" lon="153.131083569" /><trkpt lat="-30.141014744" lon="153.131078901" /><trkpt lat="-30.141031873" lon="153.131073957" /><trkpt lat="-30.141048960" lon="153.131068746" /><trkpt lat="-30.141066000" lon="153.131063277" /><trkpt lat="-30.141082989" lon="153.131057557" /><trkpt lat="-30.141099920" lon="153.131051594" /><trkpt lat="-30.141116791" lon="153.131045398" /><trkpt lat="-30.141133594" lon="153.131038975" /><trkpt lat="-30.141150327" lon="153.131032333" /><trkpt lat="-30.141166983" lon="153.131025483" /><trkpt lat="-30.141183558" lon="153.131018430" /><trkpt lat="-30.141200046" lon="153.131011184" /><trkpt lat="-30.141216444" lon="153.131003752" /><trkpt lat="-30.141232746" lon="153.130996143" /><trkpt lat="-30.141248947" lon="153.130988365" /><trkpt lat="-30.141265042" lon="153.130980426" /><trkpt lat="-30.141281026" lon="153.130972334" /><trkpt lat="-30.141296895" lon="153.130964098" /><trkpt lat="-30.141312643" lon="153.130955725" /><trkpt lat="-30.141328266" lon="153.130947224" /><trkpt lat="-30.141343759" lon="153.130938603" /><trkpt lat="-30.141359116" lon="153.130929870" /><trkpt lat="-30.141374333" lon="153.130921033" /><trkpt lat="-30.141389405" lon="153.130912100" /><trkpt lat="-30.141404327" lon="153.130903080" /><trkpt lat="-30.141419094" lon="153.130893980" /><trkpt lat="-30.141433702" lon="153.130884809" /><trkpt lat="-30.141448144" lon="153.130875576" /><trkpt lat="-30.141462417" lon="153.130866287" /><trkpt lat="-30.141476515" lon="153.130856951" /><trkpt lat="-30.141490434" lon="153.130847577" /><trkpt lat="-30.141504169" lon="153.130838173" /><trkpt lat="-30.141517714" lon="153.130828746" /><trkpt lat="-30.141531065" lon="153.130819305" /><trkpt lat="-30.141544216" lon="153.130809858" /><trkpt lat="-30.141557164" lon="153.130800414" /><trkpt lat="-30.141569903" lon="153.130790980" /><trkpt lat="-30.141582428" lon="153.130781564" /><trkpt lat="-30.141594734" lon="153.130772175" /><trkpt lat="-30.141606816" lon="153.130762821" /><trkpt lat="-30.141619169" lon="153.130752863" /><trkpt lat="-30.141631296" lon="153.130742445" /><trkpt lat="-30.141643199" lon="153.130731582" /><trkpt lat="-30.141654882" lon="153.130720290" /><trkpt lat="-30.141666347" lon="153.130708584" /><trkpt lat="-30.141677598" lon="153.130696478" /><trkpt lat="-30.141688638" lon="153.130683988" /><trkpt lat="-30.141699469" lon="153.130671129" /><trkpt lat="-30.141710094" lon="153.130657916" /><trkpt lat="-30.141720518" lon="153.130644364" /><trkpt lat="-30.141730742" lon="153.130630489" /><trkpt lat="-30.141740769" lon="153.130616305" /><trkpt lat="-30.141750604" lon="153.130601828" /><trkpt lat="-30.141760248" lon="153.130587072" /><trkpt lat="-30.141769705" lon="153.130572054" /><trkpt lat="-30.141778977" lon="153.130556787" /><trkpt lat="-30.141788069" lon="153.130541288" /><trkpt lat="-30.141796982" lon="153.130525571" /><trkpt lat="-30.141805720" lon="153.130509651" /><trkpt lat="-30.141814286" lon="153.130493544" /><trkpt lat="-30.141822683" lon="153.130477265" /><trkpt lat="-30.141830913" lon="153.130460828" /><trkpt lat="-30.141838981" lon="153.130444250" /><trkpt lat="-30.141846888" lon="153.130427544" /><trkpt lat="-30.141854639" lon="153.130410727" /><trkpt lat="-30.141862235" lon="153.130393813" /><trkpt lat="-30.141869680" lon="153.130376818" /><trkpt lat="-30.141876978" lon="153.130359757" /><trkpt lat="-30.141884130" lon="153.130342644" /><trkpt lat="-30.141891141" lon="153.130325495" /><trkpt lat="-30.141898012" lon="153.130308325" /><trkpt lat="-30.141904748" lon="153.130291149" /><trkpt lat="-30.141911350" lon="153.130273983" /><trkpt lat="-30.141917823" lon="153.130256841" /><trkpt lat="-30.141924169" lon="153.130239738" /><trkpt lat="-30.141930391" lon="153.130222691" /><trkpt lat="-30.141936493" lon="153.130205713" /><trkpt lat="-30.141942476" lon="153.130188820" /><trkpt lat="-30.141948345" lon="153.130172027" /><trkpt lat="-30.141954102" lon="153.130155350" /><trkpt lat="-30.141959750" lon="153.130138803" /><trkpt lat="-30.141965293" lon="153.130122401" /><trkpt lat="-30.141970733" lon="153.130106160" /><trkpt lat="-30.141976073" lon="153.130090095" /><trkpt lat="-30.141981317" lon="153.130074221" /><trkpt lat="-30.141986467" lon="153.130058553" /><trkpt lat="-30.141991526" lon="153.130043106" /><trkpt lat="-30.141996498" lon="153.130027895" /><trkpt lat="-30.142002982" lon="153.130009137" /><trkpt lat="-30.142009971" lon="153.129990971" /><trkpt lat="-30.142017452" lon="153.129973388" /><trkpt lat="-30.142025409" lon="153.129956379" /><trkpt lat="-30.142033828" lon="153.129939934" /><trkpt lat="-30.142042693" lon="153.129924043" /><trkpt lat="-30.142051991" lon="153.129908699" /><trkpt lat="-30.142061706" lon="153.129893890" /><trkpt lat="-30.142071824" lon="153.129879609" /><trkpt lat="-30.142082330" lon="153.129865844" /><trkpt lat="-30.142093209" lon="153.129852588" /><trkpt lat="-30.142104447" lon="153.129839830" /><trkpt lat="-30.142116029" lon="153.129827562" /><trkpt lat="-30.142127940" lon="153.129815773" /><trkpt lat="-30.142140165" lon="153.129804454" /><trkpt lat="-30.142152690" lon="153.129793597" /><trkpt lat="-30.142165501" lon="153.129783191" /><trkpt lat="-30.142178582" lon="153.129773228" /><trkpt lat="-30.142191918" lon="153.129763698" /><trkpt lat="-30.142205495" lon="153.129754591" /><trkpt lat="-30.142219299" lon="153.129745898" /><trkpt lat="-30.142233314" lon="153.129737610" /><trkpt lat="-30.142247526" lon="153.129729717" /><trkpt lat="-30.142261920" lon="153.129722210" /><trkpt lat="-30.142276482" lon="153.129715080" /><trkpt lat="-30.142291196" lon="153.129708317" /><trkpt lat="-30.142306048" lon="153.129701912" /><trkpt lat="-30.142321023" lon="153.129695855" /><trkpt lat="-30.142336107" lon="153.129690137" /><trkpt lat="-30.142351285" lon="153.129684749" /><trkpt lat="-30.142366542" lon="153.129679681" /><trkpt lat="-30.142381863" lon="153.129674925" /><trkpt lat="-30.142397234" lon="153.129670469" /><trkpt lat="-30.142412640" lon="153.129666306" /><trkpt lat="-30.142428066" lon="153.129662425" /><trkpt lat="-30.142443498" lon="153.129658818" /><trkpt lat="-30.142458921" lon="153.129655475" /><trkpt lat="-30.142474320" lon="153.129652386" /><trkpt lat="-30.142493666" lon="153.129648898" /><trkpt lat="-30.142512742" lon="153.129645938" /><trkpt lat="-30.142531557" lon="153.129643497" /><trkpt lat="-30.142550117" lon="153.129641568" /><trkpt lat="-30.142568432" lon="153.129640142" /><trkpt lat="-30.142586511" lon="153.129639211" /><trkpt lat="-30.142604360" lon="153.129638766" /><trkpt lat="-30.142621988" lon="153.129638799" /><trkpt lat="-30.142639405" lon="153.129639302" /><trkpt lat="-30.142656617" lon="153.129640266" /><trkpt lat="-30.142673633" lon="153.129641684" /><trkpt lat="-30.142690462" lon="153.129643545" /><trkpt lat="-30.142707111" lon="153.129645844" /><trkpt lat="-30.142723589" lon="153.129648570" /><trkpt lat="-30.142739905" lon="153.129651715" /><trkpt lat="-30.142756065" lon="153.129655272" /><trkpt lat="-30.142772080" lon="153.129659232" /><trkpt lat="-30.142787956" lon="153.129663587" /><trkpt lat="-30.142803702" lon="153.129668328" /><trkpt lat="-30.142819326" lon="153.129673446" /><trkpt lat="-30.142834838" lon="153.129678934" /><trkpt lat="-30.142850244" lon="153.129684784" /><trkpt lat="-30.142865553" lon="153.129690986" /><trkpt lat="-30.142880773" lon="153.129697533" /><trkpt lat="-30.142895913" lon="153.129704416" /><trkpt lat="-30.142910981" lon="153.129711627" /><trkpt lat="-30.142925985" lon="153.129719157" /><trkpt lat="-30.142940933" lon="153.129726998" /><trkpt lat="-30.142955834" lon="153.129735142" /><trkpt lat="-30.142970696" lon="153.129743581" /><trkpt lat="-30.142985527" lon="153.129752194" /><trkpt lat="-30.143000335" lon="153.129760843" /><trkpt lat="-30.143015128" lon="153.129769491" /><trkpt lat="-30.143029916" lon="153.129778104" /><trkpt lat="-30.143044705" lon="153.129786645" /><trkpt lat="-30.143059505" lon="153.129795079" /><trkpt lat="-30.143074324" lon="153.129803371" /><trkpt lat="-30.143089169" lon="153.129811483" /><trkpt lat="-30.143104049" lon="153.129819380" /><trkpt lat="-30.143118972" lon="153.129827028" /><trkpt lat="-30.143133947" lon="153.129834389" /><trkpt lat="-30.143148982" lon="153.129841428" /><trkpt lat="-30.143164085" lon="153.129848110" /><trkpt lat="-30.143179264" lon="153.129854398" /><trkpt lat="-30.143194528" lon="153.129860257" /><trkpt lat="-30.143209885" lon="153.129865651" /><trkpt lat="-30.143225342" lon="153.129870545" /><trkpt lat="-30.143240909" lon="153.129874902" /><trkpt lat="-30.143256593" lon="153.129878687" /><trkpt lat="-30.143272403" lon="153.129881864" /><trkpt lat="-30.143288347" lon="153.129884397" /><trkpt lat="-30.143304434" lon="153.129886251" /><trkpt lat="-30.143320670" lon="153.129887389" /><trkpt lat="-30.143337066" lon="153.129887777" /><trkpt lat="-30.143353629" lon="153.129887377" /><trkpt lat="-30.143370366" lon="153.129886155" /><trkpt lat="-30.143387288" lon="153.129884075" /><trkpt lat="-30.143404401" lon="153.129881101" /><trkpt lat="-30.143421714" lon="153.129877197" /><trkpt lat="-30.143439235" lon="153.129872327" /><trkpt lat="-30.143456419" lon="153.129867091" /><trkpt lat="-30.143472743" lon="153.129862095" /><trkpt lat="-30.143488254" lon="153.129857313" /><trkpt lat="-30.143502996" lon="153.129852719" /><trkpt lat="-30.143517016" lon="153.129848286" /><trkpt lat="-30.143530357" lon="153.129843988" /><trkpt lat="-30.143543067" lon="153.129839801" /><trkpt lat="-30.143555189" lon="153.129835696" /><trkpt lat="-30.143566770" lon="153.129831649" /><trkpt lat="-30.143577854" lon="153.129827633" /><trkpt lat="-30.143588488" lon="153.129823623" /><trkpt lat="-30.143598716" lon="153.129819591" /><trkpt lat="-30.143608583" lon="153.129815513" /><trkpt lat="-30.143618136" lon="153.129811361" /><trkpt lat="-30.143627419" lon="153.129807111" /><trkpt lat="-30.143636478" lon="153.129802735" /><trkpt lat="-30.143645358" lon="153.129798208" /><trkpt lat="-30.143654105" lon="153.129793504" /><trkpt lat="-30.143662763" lon="153.129788596" /><trkpt lat="-30.143671378" lon="153.129783459" /><trkpt lat="-30.143679996" lon="153.129778066" /><trkpt lat="-30.143688662" lon="153.129772392" /><trkpt lat="-30.143697421" lon="153.129766410" /><trkpt lat="-30.143706319" lon="153.129760094" /><trkpt lat="-30.143715401" lon="153.129753418" /><trkpt lat="-30.143724711" lon="153.129746357" /><trkpt lat="-30.143734297" lon="153.129738883" /><trkpt lat="-30.143744202" lon="153.129730972" /><trkpt lat="-30.143754473" lon="153.129722596" /><trkpt lat="-30.143765154" lon="153.129713731" /><trkpt lat="-30.143772109" lon="153.129707805" /><trkpt lat="-30.143779611" lon="153.129701211" /><trkpt lat="-30.143787640" lon="153.129693974" /><trkpt lat="-30.143796174" lon="153.129686118" /><trkpt lat="-30.143805191" lon="153.129677667" /><trkpt lat="-30.143814672" lon="153.129668645" /><trkpt lat="-30.143824595" lon="153.129659078" /><trkpt lat="-30.143834938" lon="153.129648989" /><trkpt lat="-30.143845681" lon="153.129638404" /><trkpt lat="-30.143856803" lon="153.129627345" /><trkpt lat="-30.143868283" lon="153.129615839" /><trkpt lat="-30.143880099" lon="153.129603909" /><trkpt lat="-30.143892230" lon="153.129591580" /><trkpt lat="-30.143904657" lon="153.129578875" /><trkpt lat="-30.143917356" lon="153.129565821" /><trkpt lat="-30.143930308" lon="153.129552440" /><trkpt lat="-30.143943491" lon="153.129538758" /><trkpt lat="-30.143956884" lon="153.129524799" /><trkpt lat="-30.143970466" lon="153.129510587" /><trkpt lat="-30.143984216" lon="153.129496147" /><trkpt lat="-30.143998114" lon="153.129481503" /><trkpt lat="-30.144012137" lon="153.129466680" /><trkpt lat="-30.144026265" lon="153.129451702" /><trkpt lat="-30.144040476" lon="153.129436594" /><trkpt lat="-30.144054751" lon="153.129421379" /><trkpt lat="-30.144069067" lon="153.129406083" /><trkpt lat="-30.144083404" lon="153.129390729" /><trkpt lat="-30.144097740" lon="153.129375343" /><trkpt lat="-30.144112054" lon="153.129359948" /><trkpt lat="-30.144126326" lon="153.129344570" /><trkpt lat="-30.144140534" lon="153.129329232" /><trkpt lat="-30.144154658" lon="153.129313959" /><trkpt lat="-30.144168675" lon="153.129298776" /><trkpt lat="-30.144182566" lon="153.129283706" /><trkpt lat="-30.144196309" lon="153.129268775" /><trkpt lat="-30.144209883" lon="153.129254006" /><trkpt lat="-30.144223266" lon="153.129239425" /><trkpt lat="-30.144236438" lon="153.129225055" /><trkpt lat="-30.144249379" lon="153.129210921" /><trkpt lat="-30.144262065" lon="153.129197048" /><trkpt lat="-30.144274478" lon="153.129183459" /><trkpt lat="-30.144286595" lon="153.129170180" /><trkpt lat="-30.144298395" lon="153.129157234" /><trkpt lat="-30.144309858" lon="153.129144647" /><trkpt lat="-30.144320963" lon="153.129132443" /><trkpt lat="-30.144331687" lon="153.129120645" /><trkpt lat="-30.144342011" lon="153.129109279" /><trkpt lat="-30.144351913" lon="153.129098369" /><trkpt lat="-30.144361372" lon="153.129087939" /><trkpt lat="-30.144375946" lon="153.129071971" /><trkpt lat="-30.144390485" lon="153.129056257" /><trkpt lat="-30.144404985" lon="153.129040805" /><trkpt lat="-30.144419440" lon="153.129025623" /><trkpt lat="-30.144433846" lon="153.129010717" /><trkpt lat="-30.144448199" lon="153.128996095" /><trkpt lat="-30.144462494" lon="153.128981764" /><trkpt lat="-30.144476726" lon="153.128967732" /><trkpt lat="-30.144490892" lon="153.128954004" /><trkpt lat="-30.144504985" lon="153.128940590" /><trkpt lat="-30.144519003" lon="153.128927496" /><trkpt lat="-30.144532939" lon="153.128914729" /><trkpt lat="-30.144546791" lon="153.128902297" /><trkpt lat="-30.144560552" lon="153.128890207" /><trkpt lat="-30.144574219" lon="153.128878466" /><trkpt lat="-30.144587786" lon="153.128867081" /><trkpt lat="-30.144601250" lon="153.128856060" /><trkpt lat="-30.144614606" lon="153.128845410" /><trkpt lat="-30.144627849" lon="153.128835138" /><trkpt lat="-30.144640975" lon="153.128825252" /><trkpt lat="-30.144653978" lon="153.128815758" /><trkpt lat="-30.144666856" lon="153.128806664" /><trkpt lat="-30.144679602" lon="153.128797978" /><trkpt lat="-30.144692212" lon="153.128789706" /><trkpt lat="-30.144704682" lon="153.128781856" /><trkpt lat="-30.144717008" lon="153.128774435" /><trkpt lat="-30.144729184" lon="153.128767450" /><trkpt lat="-30.144741206" lon="153.128760909" /><trkpt lat="-30.144753070" lon="153.128754818" /><trkpt lat="-30.144764770" lon="153.128749186" /><trkpt lat="-30.144776303" lon="153.128744019" /><trkpt lat="-30.144787917" lon="153.128738969" /><trkpt lat="-30.144799861" lon="153.128733712" /><trkpt lat="-30.144812131" lon="153.128728290" /><trkpt lat="-30.144824724" lon="153.128722749" /><trkpt lat="-30.144837637" lon="153.128717132" /><trkpt lat="-30.144850867" lon="153.128711482" /><trkpt lat="-30.144864410" lon="153.128705844" /><trkpt lat="-30.144878264" lon="153.128700260" /><trkpt lat="-30.144892425" lon="153.128694776" /><trkpt lat="-30.144906889" lon="153.128689434" /><trkpt lat="-30.144921653" lon="153.128684279" /><trkpt lat="-30.144936715" lon="153.128679353" /><trkpt lat="-30.144952071" lon="153.128674702" /><trkpt lat="-30.144967717" lon="153.128670368" /><trkpt lat="-30.144983650" lon="153.128666396" /><trkpt lat="-30.144999867" lon="153.128662829" /><trkpt lat="-30.145016366" lon="153.128659710" /><trkpt lat="-30.145033141" lon="153.128657085" /><trkpt lat="-30.145050191" lon="153.128654995" /><trkpt lat="-30.145067512" lon="153.128653486" /><trkpt lat="-30.145085100" lon="153.128652601" /><trkpt lat="-30.145102953" lon="153.128652384" /><trkpt lat="-30.145121067" lon="153.128652878" /><trkpt lat="-30.145139439" lon="153.128654127" /><trkpt lat="-30.145158065" lon="153.128656175" /><trkpt lat="-30.145176943" lon="153.128659066" /><trkpt lat="-30.145196069" lon="153.128662843" /><trkpt lat="-30.145215439" lon="153.128667551" /><trkpt lat="-30.145235052" lon="153.128673233" /><trkpt lat="-30.145254902" lon="153.128679932" /><trkpt lat="-30.145274987" lon="153.128687693" /><trkpt lat="-30.145288473" lon="153.128693316" /><trkpt lat="-30.145302273" lon="153.128699223" /><trkpt lat="-30.145316372" lon="153.128705401" /><trkpt lat="-30.145330756" lon="153.128711841" /><trkpt lat="-30.145345410" lon="153.128718533" /><trkpt lat="-30.145360319" lon="153.128725464" /><trkpt lat="-30.145375470" lon="153.128732625" /><trkpt lat="-30.145390847" lon="153.128740006" /><trkpt lat="-30.145406436" lon="153.128747595" /><trkpt lat="-30.145422223" lon="153.128755381" /><trkpt lat="-30.145438193" lon="153.128763355" /><trkpt lat="-30.145454332" lon="153.128771505" /><trkpt lat="-30.145470625" lon="153.128779822" /><trkpt lat="-30.145487058" lon="153.128788293" /><trkpt lat="-30.145503616" lon="153.128796910" /><trkpt lat="-30.145520284" lon="153.128805660" /><trkpt lat="-30.145537049" lon="153.128814534" /><trkpt lat="-30.145553895" lon="153.128823520" /><trkpt lat="-30.145570809" lon="153.128832609" /><trkpt lat="-30.145587775" lon="153.128841790" /><trkpt lat="-30.145604779" lon="153.128851051" /><trkpt lat="-30.145621807" lon="153.128860382" /><trkpt lat="-30.145638844" lon="153.128869774" /><trkpt lat="-30.145655875" lon="153.128879214" /><trkpt lat="-30.145672887" lon="153.128888692" /><trkpt lat="-30.145689865" lon="153.128898199" /><trkpt lat="-30.145706793" lon="153.128907722" /><trkpt lat="-30.145723659" lon="153.128917252" /><trkpt lat="-30.145740446" lon="153.128926778" /><trkpt lat="-30.145757141" lon="153.128936289" /><trkpt lat="-30.145773729" lon="153.128945775" /><trkpt lat="-30.145790196" lon="153.128955225" /><trkpt lat="-30.145806527" lon="153.128964628" /><trkpt lat="-30.145822708" lon="153.128973974" /><trkpt lat="-30.145838723" lon="153.128983252" /><trkpt lat="-30.145854560" lon="153.128992452" /><trkpt lat="-30.145870203" lon="153.129001562" /><trkpt lat="-30.145885637" lon="153.129010572" /><trkpt lat="-30.145900848" lon="153.129019473" /><trkpt lat="-30.145915822" lon="153.129028252" /><trkpt lat="-30.145930544" lon="153.129036899" /><trkpt lat="-30.145945000" lon="153.129045404" /><trkpt lat="-30.145959175" lon="153.129053757" /><trkpt lat="-30.145973055" lon="153.129061945" /><trkpt lat="-30.145986624" lon="153.129069960" /><trkpt lat="-30.145999870" lon="153.129077790" /><trkpt lat="-30.146012776" lon="153.129085424" /><trkpt lat="-30.146027341" lon="153.129094118" /><trkpt lat="-30.146041848" lon="153.129102918" /><trkpt lat="-30.146056307" lon="153.129111807" /><trkpt lat="-30.146070725" lon="153.129120771" /><trkpt lat="-30.146085110" lon="153.129129791" /><trkpt lat="-30.146099471" lon="153.129138853" /><trkpt lat="-30.146113814" lon="153.129147939" /><trkpt lat="-30.146128149" lon="153.129157034" /><trkpt lat="-30.146142483" lon="153.129166121" /><trkpt lat="-30.146156825" lon="153.129175185" /><trkpt lat="-30.146171181" lon="153.129184208" /><trkpt lat="-30.146185561" lon="153.129193175" /><trkpt lat="-30.146199972" lon="153.129202069" /><trkpt lat="-30.146214423" lon="153.129210875" /><trkpt lat="-30.146228921" lon="153.129219575" /><trkpt lat="-30.146243474" lon="153.129228155" /><trkpt lat="-30.146258090" lon="153.129236596" /><trkpt lat="-30.146272778" lon="153.129244884" /><trkpt lat="-30.146287545" lon="153.129253002" /><trkpt lat="-30.146302399" lon="153.129260933" /><trkpt lat="-30.146317348" lon="153.129268662" /><trkpt lat="-30.146332401" lon="153.129276173" /><trkpt lat="-30.146347566" lon="153.129283448" /><trkpt lat="-30.146362849" lon="153.129290472" /><trkpt lat="-30.146378260" lon="153.129297229" /><trkpt lat="-30.146393807" lon="153.129303701" /><trkpt lat="-30.146409497" lon="153.129309874" /><trkpt lat="-30.146425338" lon="153.129315731" /><trkpt lat="-30.146441339" lon="153.129321256" /><trkpt lat="-30.146457507" lon="153.129326432" /><trkpt lat="-30.146473850" lon="153.129331242" /><trkpt lat="-30.146490377" lon="153.129335672" /><trkpt lat="-30.146507095" lon="153.129339705" /><trkpt lat="-30.146524013" lon="153.129343324" /><trkpt lat="-30.146541138" lon="153.129346513" /><trkpt lat="-30.146558479" lon="153.129349255" /><trkpt lat="-30.146576043" lon="153.129351536" /><trkpt lat="-30.146593839" lon="153.129353338" /><trkpt lat="-30.146611874" lon="153.129354645" /><trkpt lat="-30.146630156" lon="153.129355442" /><trkpt lat="-30.146648694" lon="153.129355711" /><trkpt lat="-30.146670990" lon="153.129355690" /><trkpt lat="-30.146692861" lon="153.129355622" /><trkpt lat="-30.146714317" lon="153.129355495" /><trkpt lat="-30.146735369" lon="153.129355299" /><trkpt lat="-30.146756028" lon="153.129355021" /><trkpt lat="-30.146776305" lon="153.129354653" /><trkpt lat="-30.146796210" lon="153.129354181" /><trkpt lat="-30.146815755" lon="153.129353596" /><trkpt lat="-30.146834950" lon="153.129352887" /><trkpt lat="-30.146853806" lon="153.129352043" /><trkpt lat="-30.146872333" lon="153.129351052" /><trkpt lat="-30.146890543" lon="153.129349904" /><trkpt lat="-30.146908446" lon="153.129348589" /><trkpt lat="-30.146926054" lon="153.129347094" /><trkpt lat="-30.146943376" lon="153.129345409" /><trkpt lat="-30.146960424" lon="153.129343523" /><trkpt lat="-30.146977208" lon="153.129341426" /><trkpt lat="-30.146993740" lon="153.129339105" /><trkpt lat="-30.147010029" lon="153.129336551" /><trkpt lat="-30.147026087" lon="153.129333753" /><trkpt lat="-30.147041925" lon="153.129330699" /><trkpt lat="-30.147057553" lon="153.129327378" /><trkpt lat="-30.147072982" lon="153.129323780" /><trkpt lat="-30.147088223" lon="153.129319894" /><trkpt lat="-30.147103287" lon="153.129315708" /><trkpt lat="-30.147118184" lon="153.129311213" /><trkpt lat="-30.147132925" lon="153.129306396" /><trkpt lat="-30.147147522" lon="153.129301247" /><trkpt lat="-30.147161984" lon="153.129295755" /><trkpt lat="-30.147176323" lon="153.129289909" /><trkpt lat="-30.147190549" lon="153.129283699" /><trkpt lat="-30.147204673" lon="153.129277112" /><trkpt lat="-30.147218707" lon="153.129270139" /><trkpt lat="-30.147232660" lon="153.129262768" /><trkpt lat="-30.147246320" lon="153.129255401" /><trkpt lat="-30.147260256" lon="153.129248013" /><trkpt lat="-30.147274457" lon="153.129240607" /><trkpt lat="-30.147288910" lon="153.129233184" /><trkpt lat="-30.147303604" lon="153.129225746" /><trkpt lat="-30.147318528" lon="153.129218294" /><trkpt lat="-30.147333669" lon="153.129210831" /><trkpt lat="-30.147349018" lon="153.129203357" /><trkpt lat="-30.147364561" lon="153.129195874" /><trkpt lat="-30.147380287" lon="153.129188384" /><trkpt lat="-30.147396185" lon="153.129180888" /><trkpt lat="-30.147412243" lon="153.129173388" /><trkpt lat="-30.147428451" lon="153.129165886" /><trkpt lat="-30.147444795" lon="153.129158384" /><trkpt lat="-30.147461265" lon="153.129150882" /><trkpt lat="-30.147477849" lon="153.129143383" /><trkpt lat="-30.147494535" lon="153.129135888" /><trkpt lat="-30.147511312" lon="153.129128399" /><trkpt lat="-30.147528169" lon="153.129120917" /><trkpt lat="-30.147545094" lon="153.129113444" /><trkpt lat="-30.147562075" lon="153.129105982" /><trkpt lat="-30.147579101" lon="153.129098532" /><trkpt lat="-30.147596160" lon="153.129091095" /><trkpt lat="-30.147613241" lon="153.129083675" /><trkpt lat="-30.147630332" lon="153.129076271" /><trkpt lat="-30.147647421" lon="153.129068886" /><trkpt lat="-30.147664498" lon="153.129061521" /><trkpt lat="-30.147681550" lon="153.129054178" /><trkpt lat="-30.147698566" lon="153.129046859" /><trkpt lat="-30.147715534" lon="153.129039565" /><trkpt lat="-30.147732443" lon="153.129032298" /><trkpt lat="-30.147749282" lon="153.129025059" /><trkpt lat="-30.147766039" lon="153.129017850" /><trkpt lat="-30.147782701" lon="153.129010672" /><trkpt lat="-30.147799258" lon="153.129003528" /><trkpt lat="-30.147811310" lon="153.128998234" /><trkpt lat="-30.147823876" lon="153.128992547" /><trkpt lat="-30.147836935" lon="153.128986482" /><trkpt lat="-30.147850462" lon="153.128980057" /><trkpt lat="-30.147864435" lon="153.128973287" /><trkpt lat="-30.147878831" lon="153.128966191" /><trkpt lat="-30.147893626" lon="153.128958785" /><trkpt lat="-30.147908799" lon="153.128951085" /><trkpt lat="-30.147924325" lon="153.128943108" /><trkpt lat="-30.147940182" lon="153.128934871" /><trkpt lat="-30.147956347" lon="153.128926392" /><trkpt lat="-30.147972796" lon="153.128917685" /><trkpt lat="-30.147989507" lon="153.128908770" /><trkpt lat="-30.148006457" lon="153.128899661" /><trkpt lat="-30.148023622" lon="153.128890376" /><trkpt lat="-30.148040980" lon="153.128880932" /><trkpt lat="-30.148058508" lon="153.128871345" /><trkpt lat="-30.148076182" lon="153.128861633" /><trkpt lat="-30.148093980" lon="153.128851812" /><trkpt lat="-30.148111878" lon="153.128841898" /><trkpt lat="-30.148129854" lon="153.128831909" /><trkpt lat="-30.148147885" lon="153.128821861" /><trkpt lat="-30.148165946" lon="153.128811771" /><trkpt lat="-30.148184017" lon="153.128801656" /><trkpt lat="-30.148202072" lon="153.128791533" /><trkpt lat="-30.148220090" lon="153.128781418" /><trkpt lat="-30.148238048" lon="153.128771328" /><trkpt lat="-30.148255922" lon="153.128761280" /><trkpt lat="-30.148273689" lon="153.128751291" /><trkpt lat="-30.148291326" lon="153.128741377" /><trkpt lat="-30.148308811" lon="153.128731556" /><trkpt lat="-30.148326120" lon="153.128721844" /><trkpt lat="-30.148343230" lon="153.128712257" /><trkpt lat="-30.148360119" lon="153.128702813" /><trkpt lat="-30.148376763" lon="153.128693528" /><trkpt lat="-30.148393139" lon="153.128684419" /><trkpt lat="-30.148409224" lon="153.128675504" /><trkpt lat="-30.148424995" lon="153.128666797" /><trkpt lat="-30.148440429" lon="153.128658318" /><trkpt lat="-30.148455504" lon="153.128650081" /><trkpt lat="-30.148470195" lon="153.128642104" /><trkpt lat="-30.148484481" lon="153.128634404" /><trkpt lat="-30.148498338" lon="153.128626998" /><trkpt lat="-30.148511742" lon="153.128619902" /><trkpt lat="-30.148524672" lon="153.128613133" /><trkpt lat="-30.148537104" lon="153.128606707" /><trkpt lat="-30.148549014" lon="153.128600642" /><trkpt lat="-30.148560381" lon="153.128594955" /><trkpt lat="-30.148571180" lon="153.128589662" /><trkpt lat="-30.148582934" lon="153.128583897" /><trkpt lat="-30.148595292" lon="153.128577706" /><trkpt lat="-30.148608225" lon="153.128571114" /><trkpt lat="-30.148621703" lon="153.128564147" /><trkpt lat="-30.148635698" lon="153.128556830" /><trkpt lat="-30.148650178" lon="153.128549188" /><trkpt lat="-30.148665116" lon="153.128541246" /><trkpt lat="-30.148680482" lon="153.128533031" /><trkpt lat="-30.148696246" lon="153.128524567" /><trkpt lat="-30.148712380" lon="153.128515880" /><trkpt lat="-30.148728853" lon="153.128506995" /><trkpt lat="-30.148745636" lon="153.128497937" /><trkpt lat="-30.148762700" lon="153.128488733" /><trkpt lat="-30.148780016" lon="153.128479406" /><trkpt lat="-30.148797554" lon="153.128469984" /><trkpt lat="-30.148815285" lon="153.128460490" /><trkpt lat="-30.148833180" lon="153.128450950" /><trkpt lat="-30.148851208" lon="153.128441390" /><trkpt lat="-30.148869341" lon="153.128431835" /><trkpt lat="-30.148887550" lon="153.128422311" /><trkpt lat="-30.148905804" lon="153.128412842" /><trkpt lat="-30.148924075" lon="153.128403455" /><trkpt lat="-30.148942334" lon="153.128394174" /><trkpt lat="-30.148960550" lon="153.128385025" /><trkpt lat="-30.148978694" lon="153.128376033" /><trkpt lat="-30.148996738" lon="153.128367224" /><trkpt lat="-30.149014651" lon="153.128358623" /><trkpt lat="-30.149032404" lon="153.128350255" /><trkpt lat="-30.149049969" lon="153.128342146" /><trkpt lat="-30.149067315" lon="153.128334321" /><trkpt lat="-30.149084413" lon="153.128326806" /><trkpt lat="-30.149101234" lon="153.128319625" /><trkpt lat="-30.149117749" lon="153.128312805" /><trkpt lat="-30.149133927" lon="153.128306370" /><trkpt lat="-30.149149741" lon="153.128300346" /><trkpt lat="-30.149165159" lon="153.128294758" /><trkpt lat="-30.149180154" lon="153.128289632" /><trkpt lat="-30.149194695" lon="153.128284993" /><trkpt lat="-30.149208753" lon="153.128280866" /><trkpt lat="-30.149222299" lon="153.128277277" /><trkpt lat="-30.149235304" lon="153.128274252" /><trkpt lat="-30.149247737" lon="153.128271814" /><trkpt lat="-30.149259570" lon="153.128269991" /><trkpt lat="-30.149270774" lon="153.128268807" /><trkpt lat="-30.149281318" lon="153.128268287" /><trkpt lat="-30.149291995" lon="153.128268064" /><trkpt lat="-30.149303587" lon="153.128267756" /><trkpt lat="-30.149316053" lon="153.128267369" /><trkpt lat="-30.149329353" lon="153.128266910" /><trkpt lat="-30.149343445" lon="153.128266383" /><trkpt lat="-30.149358287" lon="153.128265796" /><trkpt lat="-30.149373839" lon="153.128265154" /><trkpt lat="-30.149390060" lon="153.128264463" /><trkpt lat="-30.149406909" lon="153.128263729" /><trkpt lat="-30.149424343" lon="153.128262959" /><trkpt lat="-30.149442323" lon="153.128262157" /><trkpt lat="-30.149460807" lon="153.128261330" /><trkpt lat="-30.149479754" lon="153.128260484" /><trkpt lat="-30.149499123" lon="153.128259625" /><trkpt lat="-30.149518872" lon="153.128258759" /><trkpt lat="-30.149538961" lon="153.128257892" /><trkpt lat="-30.149559348" lon="153.128257030" /><trkpt lat="-30.149579992" lon="153.128256179" /><trkpt lat="-30.149600853" lon="153.128255344" /><trkpt lat="-30.149621888" lon="153.128254533" /><trkpt lat="-30.149643057" lon="153.128253750" /><trkpt lat="-30.149664319" lon="153.128253002" /><trkpt lat="-30.149685632" lon="153.128252294" /><trkpt lat="-30.149706955" lon="153.128251634" /><trkpt lat="-30.149728248" lon="153.128251026" /><trkpt lat="-30.149749469" lon="153.128250476" /><trkpt lat="-30.149770577" lon="153.128249991" /><trkpt lat="-30.149791530" lon="153.128249577" /><trkpt lat="-30.149812288" lon="153.128249239" /><trkpt lat="-30.149832810" lon="153.128248984" /><trkpt lat="-30.149853054" lon="153.128248818" /><trkpt lat="-30.149872979" lon="153.128248746" /><trkpt lat="-30.149892545" lon="153.128248774" /><trkpt lat="-30.149911709" lon="153.128248909" /><trkpt lat="-30.149930431" lon="153.128249156" /><trkpt lat="-30.149948670" lon="153.128249522" /><trkpt lat="-30.149966384" lon="153.128250012" /><trkpt lat="-30.149983533" lon="153.128250632" /><trkpt lat="-30.150000074" lon="153.128251389" /><trkpt lat="-30.150015968" lon="153.128252288" /><trkpt lat="-30.150031173" lon="153.128253335" /><trkpt lat="-30.150045648" lon="153.128254537" /><trkpt lat="-30.150059351" lon="153.128255899" /><trkpt lat="-30.150072242" lon="153.128257426" /><trkpt lat="-30.150084279" lon="153.128259127" /><trkpt lat="-30.150098470" lon="153.128261251" /><trkpt lat="-30.150112829" lon="153.128263288" /><trkpt lat="-30.150127352" lon="153.128265260" /><trkpt lat="-30.150142031" lon="153.128267189" /><trkpt lat="-30.150156860" lon="153.128269096" /><trkpt lat="-30.150171834" lon="153.128271004" /><trkpt lat="-30.150186946" lon="153.128272933" /><trkpt lat="-30.150202190" lon="153.128274907" /><trkpt lat="-30.150217560" lon="153.128276945" /><trkpt lat="-30.150233049" lon="153.128279071" /><trkpt lat="-30.150248652" lon="153.128281306" /><trkpt lat="-30.150264362" lon="153.128283671" /><trkpt lat="-30.150280173" lon="153.128286189" /><trkpt lat="-30.150296079" lon="153.128288881" /><trkpt lat="-30.150312074" lon="153.128291770" /><trkpt lat="-30.150328151" lon="153.128294876" /><trkpt lat="-30.150344305" lon="153.128298221" /><trkpt lat="-30.150360529" lon="153.128301828" /><trkpt lat="-30.150376817" lon="153.128305718" /><trkpt lat="-30.150393163" lon="153.128309912" /><trkpt lat="-30.150409561" lon="153.128314433" /><trkpt lat="-30.150426004" lon="153.128319302" /><trkpt lat="-30.150442487" lon="153.128324542" /><trkpt lat="-30.150459003" lon="153.128330173" /><trkpt lat="-30.150475546" lon="153.128336217" /><trkpt lat="-30.150492109" lon="153.128342697" /><trkpt lat="-30.150508688" lon="153.128349634" /><trkpt lat="-30.150525275" lon="153.128357050" /><trkpt lat="-30.150541864" lon="153.128364966" /><trkpt lat="-30.150558450" lon="153.128373405" /><trkpt lat="-30.150575026" lon="153.128382388" /><trkpt lat="-30.150591585" lon="153.128391937" /><trkpt lat="-30.150608123" lon="153.128402073" /><trkpt lat="-30.150624631" lon="153.128412818" /><trkpt lat="-30.150641105" lon="153.128424195" /><trkpt lat="-30.150657539" lon="153.128436224" /><trkpt lat="-30.150673925" lon="153.128448928" /><trkpt lat="-30.150687984" lon="153.128460182" /><trkpt lat="-30.150702004" lon="153.128471488" /><trkpt lat="-30.150715985" lon="153.128482844" /><trkpt lat="-30.150729926" lon="153.128494251" /><trkpt lat="-30.150743825" lon="153.128505708" /><trkpt lat="-30.150757683" lon="153.128517214" /><trkpt lat="-30.150771497" lon="153.128528768" /><trkpt lat="-30.150785268" lon="153.128540370" /><trkpt lat="-30.150798995" lon="153.128552020" /><trkpt lat="-30.150812675" lon="153.128563717" /><trkpt lat="-30.150826310" lon="153.128575459" /><trkpt lat="-30.150839897" lon="153.128587248" /><trkpt lat="-30.150853436" lon="153.128599081" /><trkpt lat="-30.150866926" lon="153.128610958" /><trkpt lat="-30.150880366" lon="153.128622880" /><trkpt lat="-30.150893755" lon="153.128634844" /><trkpt lat="-30.150907093" lon="153.128646851" /><trkpt lat="-30.150920378" lon="153.128658899" /><trkpt lat="-30.150933609" lon="153.128670989" /><trkpt lat="-30.150946787" lon="153.128683120" /><trkpt lat="-30.150959909" lon="153.128695291" /><trkpt lat="-30.150972976" lon="153.128707501" /><trkpt lat="-30.150985985" lon="153.128719750" /><trkpt lat="-30.150998937" lon="153.128732038" /><trkpt lat="-30.151011830" lon="153.128744363" /><trkpt lat="-30.151024663" lon="153.128756725" /><trkpt lat="-30.151037437" lon="153.128769123" /><trkpt lat="-30.151050148" lon="153.128781558" /><trkpt lat="-30.151062798" lon="153.128794027" /><trkpt lat="-30.151075385" lon="153.128806531" /><trkpt lat="-30.151087908" lon="153.128819069" /><trkpt lat="-30.151100366" lon="153.128831641" /><trkpt lat="-30.151112758" lon="153.128844245" /><trkpt lat="-30.151125084" lon="153.128856882" /><trkpt lat="-30.151137343" lon="153.128869550" /><trkpt lat="-30.151149533" lon="153.128882249" /><trkpt lat="-30.151161654" lon="153.128894979" /><trkpt lat="-30.151173706" lon="153.128907738" /><trkpt lat="-30.151185686" lon="153.128920526" /><trkpt lat="-30.151197595" lon="153.128933343" /><trkpt lat="-30.151209430" lon="153.128946188" /><trkpt lat="-30.151221193" lon="153.128959060" /><trkpt lat="-30.151232881" lon="153.128971959" /><trkpt lat="-30.151241699" lon="153.128981736" /><trkpt lat="-30.151250870" lon="153.128991912" /><trkpt lat="-30.151260382" lon="153.129002471" /><trkpt lat="-30.151270222" lon="153.129013396" /><trkpt lat="-30.151280377" lon="153.129024673" /><trkpt lat="-30.151290836" lon="153.129036285" /><trkpt lat="-30.151301585" lon="153.129048216" /><trkpt lat="-30.151312613" lon="153.129060451" /><trkpt lat="-30.151323906" lon="153.129072973" /><trkpt lat="-30.151335453" lon="153.129085767" /><trkpt lat="-30.151347240" lon="153.129098816" /><trkpt lat="-30.151359256" lon="153.129112106" /><trkpt lat="-30.151371488" lon="153.129125620" /><trkpt lat="-30.151383924" lon="153.129139342" /><trkpt lat="-30.151396550" lon="153.129153257" /><trkpt lat="-30.151409355" lon="153.129167348" /><trkpt lat="-30.151422326" lon="153.129181600" /><trkpt lat="-30.151435451" lon="153.129195997" /><trkpt lat="-30.151448717" lon="153.129210523" /><trkpt lat="-30.151462112" lon="153.129225162" /><trkpt lat="-30.151475623" lon="153.129239898" /><trkpt lat="-30.151489238" lon="153.129254716" /><trkpt lat="-30.151502944" lon="153.129269600" /><trkpt lat="-30.151516729" lon="153.129284533" /><trkpt lat="-30.151530581" lon="153.129299499" /><trkpt lat="-30.151544486" lon="153.129314484" /><trkpt lat="-30.151558433" lon="153.129329471" /><trkpt lat="-30.151572409" lon="153.129344444" /><trkpt lat="-30.151586402" lon="153.129359388" /><trkpt lat="-30.151600399" lon="153.129374286" /><trkpt lat="-30.151614387" lon="153.129389123" /><trkpt lat="-30.151628355" lon="153.129403883" /><trkpt lat="-30.151642289" lon="153.129418550" /><trkpt lat="-30.151656178" lon="153.129433108" /><trkpt lat="-30.151670009" lon="153.129447541" /><trkpt lat="-30.151683769" lon="153.129461833" /><trkpt lat="-30.151697446" lon="153.129475969" /><trkpt lat="-30.151711027" lon="153.129489933" /><trkpt lat="-30.151724500" lon="153.129503708" /><trkpt lat="-30.151737853" lon="153.129517280" /><trkpt lat="-30.151751073" lon="153.129530631" /><trkpt lat="-30.151764148" lon="153.129543747" /><trkpt lat="-30.151777064" lon="153.129556611" /><trkpt lat="-30.151789811" lon="153.129569208" /><trkpt lat="-30.151802375" lon="153.129581521" /><trkpt lat="-30.151814743" lon="153.129593536" /><trkpt lat="-30.151826904" lon="153.129605235" /><trkpt lat="-30.151838844" lon="153.129616603" /><trkpt lat="-30.151850552" lon="153.129627624" /><trkpt lat="-30.151862015" lon="153.129638283" /><trkpt lat="-30.151873221" lon="153.129648563" /><trkpt lat="-30.151884156" lon="153.129658449" /><trkpt lat="-30.151894809" lon="153.129667925" /><trkpt lat="-30.151905167" lon="153.129676975" /><trkpt lat="-30.151915218" lon="153.129685582" /><trkpt lat="-30.151924949" lon="153.129693732" /><trkpt lat="-30.151934347" lon="153.129701409" /><trkpt lat="-30.151943401" lon="153.129708595" /><trkpt lat="-30.151959973" lon="153.129721461" /><trkpt lat="-30.151976469" lon="153.129734088" /><trkpt lat="-30.151992884" lon="153.129746454" /><trkpt lat="-30.152009214" lon="153.129758537" /><trkpt lat="-30.152025454" lon="153.129770316" /><trkpt lat="-30.152041602" lon="153.129781769" /><trkpt lat="-30.152057651" lon="153.129792875" /><trkpt lat="-30.152073599" lon="153.129803612" /><trkpt lat="-30.152089440" lon="153.129813959" /><trkpt lat="-30.152105172" lon="153.129823893" /><trkpt lat="-30.152120789" lon="153.129833393" /><trkpt lat="-30.152136287" lon="153.129842439" /><trkpt lat="-30.152151663" lon="153.129851007" /><trkpt lat="-30.152166911" lon="153.129859076" /><trkpt lat="-30.152182028" lon="153.129866626" /><trkpt lat="-30.152197010" lon="153.129873633" /><trkpt lat="-30.152211852" lon="153.129880077" /><trkpt lat="-30.152226550" lon="153.129885936" /><trkpt lat="-30.152241100" lon="153.129891188" /><trkpt lat="-30.152255498" lon="153.129895813" /><trkpt lat="-30.152269739" lon="153.129899787" /><trkpt lat="-30.152283820" lon="153.129903089" /><trkpt lat="-30.152297735" lon="153.129905699" /><trkpt lat="-30.152311482" lon="153.129907594" /><trkpt lat="-30.152325055" lon="153.129908753" /><trkpt lat="-30.152338451" lon="153.129909153" /><trkpt lat="-30.152351665" lon="153.129908775" /><trkpt lat="-30.152364694" lon="153.129907595" /><trkpt lat="-30.152377532" lon="153.129905592" /><trkpt lat="-30.152390175" lon="153.129902745" /><trkpt lat="-30.152402621" lon="153.129899032" /><trkpt lat="-30.152415339" lon="153.129894588" /><trkpt lat="-30.152427979" lon="153.129889838" /><trkpt lat="-30.152440541" lon="153.129884779" /><trkpt lat="-30.152453022" lon="153.129879409" /><trkpt lat="-30.152465421" lon="153.129873725" /><trkpt lat="-30.152477736" lon="153.129867725" /><trkpt lat="-30.152489966" lon="153.129861407" /><trkpt lat="-30.152502108" lon="153.129854769" /><trkpt lat="-30.152514162" lon="153.129847807" /><trkpt lat="-30.152526124" lon="153.129840520" /><trkpt lat="-30.152537995" lon="153.129832905" /><trkpt lat="-30.152549772" lon="153.129824960" /><trkpt lat="-30.152561453" lon="153.129816682" /><trkpt lat="-30.152573037" lon="153.129808070" /><trkpt lat="-30.152584522" lon="153.129799120" /><trkpt lat="-30.152595907" lon="153.129789830" /><trkpt lat="-30.152607189" lon="153.129780198" /><trkpt lat="-30.152618368" lon="153.129770222" /><trkpt lat="-30.152629441" lon="153.129759898" /><trkpt lat="-30.152640407" lon="153.129749226" /><trkpt lat="-30.152651264" lon="153.129738202" /><trkpt lat="-30.152662011" lon="153.129726823" /><trkpt lat="-30.152672646" lon="153.129715089" /><trkpt lat="-30.152683166" lon="153.129702995" /><trkpt lat="-30.152693572" lon="153.129690540" /><trkpt lat="-30.152703860" lon="153.129677722" /><trkpt lat="-30.152714030" lon="153.129664537" /><trkpt lat="-30.152724079" lon="153.129650985" /><trkpt lat="-30.152734006" lon="153.129637061" /><trkpt lat="-30.152743809" lon="153.129622765" /><trkpt lat="-30.152753291" lon="153.129608612" /><trkpt lat="-30.152762878" lon="153.129594205" /><trkpt lat="-30.152772566" lon="153.129579568" /><trkpt lat="-30.152782351" lon="153.129564729" /><trkpt lat="-30.152792228" lon="153.129549711" /><trkpt lat="-30.152802191" lon="153.129534542" /><trkpt lat="-30.152812236" lon="153.129519246" /><trkpt lat="-30.152822358" lon="153.129503850" /><trkpt lat="-30.152832552" lon="153.129488378" /><trkpt lat="-30.152842814" lon="153.129472857" /><trkpt lat="-30.152853139" lon="153.129457312" /><trkpt lat="-30.152863521" lon="153.129441768" /><trkpt lat="-30.152873956" lon="153.129426253" /><trkpt lat="-30.152884440" lon="153.129410790" /><trkpt lat="-30.152894967" lon="153.129395406" /><trkpt lat="-30.152905533" lon="153.129380127" /><trkpt lat="-30.152916132" lon="153.129364977" /><trkpt lat="-30.152926761" lon="153.129349984" /><trkpt lat="-30.152937414" lon="153.129335171" /><trkpt lat="-30.152948086" lon="153.129320566" /><trkpt lat="-30.152958772" lon="153.129306193" /><trkpt lat="-30.152969468" lon="153.129292079" /><trkpt lat="-30.152980170" lon="153.129278248" /><trkpt lat="-30.152990871" lon="153.129264727" /><trkpt lat="-30.153001567" lon="153.129251541" /><trkpt lat="-30.153012254" lon="153.129238716" /><trkpt lat="-30.153022927" lon="153.129226278" /><trkpt lat="-30.153033581" lon="153.129214252" /><trkpt lat="-30.153044210" lon="153.129202663" /><trkpt lat="-30.153054811" lon="153.129191538" /><trkpt lat="-30.153065379" lon="153.129180902" /><trkpt lat="-30.153076405" lon="153.129170074" /><trkpt lat="-30.153087676" lon="153.129159067" /><trkpt lat="-30.153099185" lon="153.129147910" /><trkpt lat="-30.153110923" lon="153.129136630" /><trkpt lat="-30.153122882" lon="153.129125258" /><trkpt lat="-30.153135053" lon="153.129113822" /><trkpt lat="-30.153147430" lon="153.129102350" /><trkpt lat="-30.153160003" lon="153.129090871" /><trkpt lat="-30.153172764" lon="153.129079415" /><trkpt lat="-30.153185706" lon="153.129068010" /><trkpt lat="-30.153198820" lon="153.129056684" /><trkpt lat="-30.153212098" lon="153.129045467" /><trkpt lat="-30.153225532" lon="153.129034387" /><trkpt lat="-30.153239113" lon="153.129023474" /><trkpt lat="-30.153252834" lon="153.129012754" /><trkpt lat="-30.153266687" lon="153.129002259" /><trkpt lat="-30.153280663" lon="153.128992015" /><trkpt lat="-30.153294754" lon="153.128982053" /><trkpt lat="-30.153308952" lon="153.128972401" /><trkpt lat="-30.153323248" lon="153.128963087" /><trkpt lat="-30.153337636" lon="153.128954140" /><trkpt lat="-30.153352106" lon="153.128945590" /><trkpt lat="-30.153366650" lon="153.128937464" /><trkpt lat="-30.153381261" lon="153.128929792" /><trkpt lat="-30.153395930" lon="153.128922603" /><trkpt lat="-30.153410649" lon="153.128915924" /><trkpt lat="-30.153425409" lon="153.128909786" /><trkpt lat="-30.153440203" lon="153.128904216" /><trkpt lat="-30.153455023" lon="153.128899244" /><trkpt lat="-30.153469861" lon="153.128894898" /><trkpt lat="-30.153484880" lon="153.128891245" /><trkpt lat="-30.153500236" lon="153.128888315" /><trkpt lat="-30.153515900" lon="153.128886083" /><trkpt lat="-30.153531848" lon="153.128884523" /><trkpt lat="-30.153548053" lon="153.128883610" /><trkpt lat="-30.153564489" lon="153.128883318" /><trkpt lat="-30.153581129" lon="153.128883622" /><trkpt lat="-30.153597948" lon="153.128884497" /><trkpt lat="-30.153614919" lon="153.128885916" /><trkpt lat="-30.153632017" lon="153.128887855" /><trkpt lat="-30.153649214" lon="153.128890288" /><trkpt lat="-30.153666485" lon="153.128893190" /><trkpt lat="-30.153683804" lon="153.128896534" /><trkpt lat="-30.153701144" lon="153.128900296" /><trkpt lat="-30.153718479" lon="153.128904450" /><trkpt lat="-30.153735784" lon="153.128908970" /><trkpt lat="-30.153753031" lon="153.128913832" /><trkpt lat="-30.153770195" lon="153.128919009" /><trkpt lat="-30.153787250" lon="153.128924476" /><trkpt lat="-30.153804169" lon="153.128930208" /><trkpt lat="-30.153820926" lon="153.128936180" /><trkpt lat="-30.153837495" lon="153.128942365" /><trkpt lat="-30.153853850" lon="153.128948738" /><trkpt lat="-30.153869965" lon="153.128955273" /><trkpt lat="-30.153885813" lon="153.128961947" /><trkpt lat="-30.153901368" lon="153.128968731" /><trkpt lat="-30.153916605" lon="153.128975603" /><trkpt lat="-30.153931497" lon="153.128982535" /><trkpt lat="-30.153946017" lon="153.128989502" /><trkpt lat="-30.153960140" lon="153.128996479" /><trkpt lat="-30.153970177" lon="153.129001529" /><trkpt lat="-30.153980853" lon="153.129006935" /><trkpt lat="-30.153992142" lon="153.129012684" /><trkpt lat="-30.154004018" lon="153.129018759" /><trkpt lat="-30.154016453" lon="153.129025145" /><trkpt lat="-30.154029423" lon="153.129031826" /><trkpt lat="-30.154042899" lon="153.129038787" /><trkpt lat="-30.154056857" lon="153.129046013" /><trkpt lat="-30.154071268" lon="153.129053487" /><trkpt lat="-30.154086108" lon="153.129061194" /><trkpt lat="-30.154101349" lon="153.129069119" /><trkpt lat="-30.154116966" lon="153.129077247" /><trkpt lat="-30.154132931" lon="153.129085561" /><trkpt lat="-30.154149218" lon="153.129094046" /><trkpt lat="-30.154165802" lon="153.129102687" /><trkpt lat="-30.154182655" lon="153.129111467" /><trkpt lat="-30.154199751" lon="153.129120373" /><trkpt lat="-30.154217064" lon="153.129129387" /><trkpt lat="-30.154234567" lon="153.129138495" /><trkpt lat="-30.154252234" lon="153.129147681" /><trkpt lat="-30.154270038" lon="153.129156929" /><trkpt lat="-30.154287954" lon="153.129166225" /><trkpt lat="-30.154305954" lon="153.129175551" /><trkpt lat="-30.154324012" lon="153.129184894" /><trkpt lat="-30.154342102" lon="153.129194237" /><trkpt lat="-30.154360198" lon="153.129203564" /><trkpt lat="-30.154378272" lon="153.129212862" /><trkpt lat="-30.154396299" lon="153.129222112" /><trkpt lat="-30.154414252" lon="153.129231301" /><trkpt lat="-30.154432105" lon="153.129240413" /><trkpt lat="-30.154449832" lon="153.129249432" /><trkpt lat="-30.154467405" lon="153.129258343" /><trkpt lat="-30.154484798" lon="153.129267130" /><trkpt lat="-30.154501986" lon="153.129275777" /><trkpt lat="-30.154518942" lon="153.129284269" /><trkpt lat="-30.154535638" lon="153.129292592" /><trkpt lat="-30.154552050" lon="153.129300728" /><trkpt lat="-30.154568150" lon="153.129308662" /><trkpt lat="-30.154583912" lon="153.129316380" /><trkpt lat="-30.154599309" lon="153.129323865" /><trkpt lat="-30.154614316" lon="153.129331102" /><trkpt lat="-30.154628906" lon="153.129338075" /><trkpt lat="-30.154643052" lon="153.129344770" /><trkpt lat="-30.154660305" lon="153.129352833" /><trkpt lat="-30.154677852" lon="153.129360925" /><trkpt lat="-30.154695662" lon="153.129369036" /><trkpt lat="-30.154713706" lon="153.129377155" /><trkpt lat="-30.154731954" lon="153.129385273" /><trkpt lat="-30.154750374" lon="153.129393381" /><trkpt lat="-30.154768937" lon="153.129401468" /><trkpt lat="-30.154787613" lon="153.129409526" /><trkpt lat="-30.154806371" lon="153.129417543" /><trkpt lat="-30.154825182" lon="153.129425512" /><trkpt lat="-30.154844014" lon="153.129433422" /><trkpt lat="-30.154862839" lon="153.129441263" /><trkpt lat="-30.154881625" lon="153.129449026" /><trkpt lat="-30.154900342" lon="153.129456702" /><trkpt lat="-30.154918961" lon="153.129464279" /><trkpt lat="-30.154937451" lon="153.129471750" /><trkpt lat="-30.154955782" lon="153.129479103" /><trkpt lat="-30.154973923" lon="153.129486330" /><trkpt lat="-30.154991844" lon="153.129493421" /><trkpt lat="-30.155009516" lon="153.129500366" /><trkpt lat="-30.155026908" lon="153.129507155" /><trkpt lat="-30.155043990" lon="153.129513779" /><trkpt lat="-30.155060731" lon="153.129520229" /><trkpt lat="-30.155077102" lon="153.129526494" /><trkpt lat="-30.155093072" lon="153.129532564" /><trkpt lat="-30.155108611" lon="153.129538431" /><trkpt lat="-30.155123689" lon="153.129544084" /><trkpt lat="-30.155138275" lon="153.129549514" /><trkpt lat="-30.155152340" lon="153.129554711" /><trkpt lat="-30.155165853" lon="153.129559666" /><trkpt lat="-30.155178784" lon="153.129564369" /><trkpt lat="-30.155191103" lon="153.129568809" /><trkpt lat="-30.155202779" lon="153.129572978" /><trkpt lat="-30.155213783" lon="153.129576866" /><trkpt lat="-30.155224084" lon="153.129580464" /><trkpt lat="-30.155235732" lon="153.129584515" /><trkpt lat="-30.155247472" lon="153.129588632" /><trkpt lat="-30.155259290" lon="153.129592823" /><trkpt lat="-30.155271169" lon="153.129597100" /><trkpt lat="-30.155283095" lon="153.129601474" /><trkpt lat="-30.155295052" lon="153.129605955" /><trkpt lat="-30.155307024" lon="153.129610554" /><trkpt lat="-30.155318997" lon="153.129615282" /><trkpt lat="-30.155330953" lon="153.129620149" /><trkpt lat="-30.155342879" lon="153.129625167" /><trkpt lat="-30.155354759" lon="153.129630345" /><trkpt lat="-30.155366577" lon="153.129635695" /><trkpt lat="-30.155378317" lon="153.129641228" /><trkpt lat="-30.155389965" lon="153.129646954" /><trkpt lat="-30.155401504" lon="153.129652883" /><trkpt lat="-30.155412920" lon="153.129659027" /><trkpt lat="-30.155424196" lon="153.129665397" /><trkpt lat="-30.155435318" lon="153.129672002" /><trkpt lat="-30.155446270" lon="153.129678854" /><trkpt lat="-30.155457036" lon="153.129685964" /><trkpt lat="-30.155467602" lon="153.129693342" /><trkpt lat="-30.155477951" lon="153.129700999" /><trkpt lat="-30.155488067" lon="153.129708945" /><trkpt lat="-30.155497937" lon="153.129717192" /><trkpt lat="-30.155507544" lon="153.129725750" /><trkpt lat="-30.155516872" lon="153.129734630" /><trkpt lat="-30.155525907" lon="153.129743842" /><trkpt lat="-30.155534632" lon="153.129753398" /><trkpt lat="-30.155543033" lon="153.129763308" /><trkpt lat="-30.155551093" lon="153.129773583" /><trkpt lat="-30.155558850" lon="153.129784008" /><trkpt lat="-30.155566353" lon="153.129794371" /><trkpt lat="-30.155573610" lon="153.129804682" /><trkpt lat="-30.155580624" lon="153.129814950" /><trkpt lat="-30.155587404" lon="153.129825187" /><trkpt lat="-30.155593954" lon="153.129835401" /><trkpt lat="-30.155600280" lon="153.129845604" /><trkpt lat="-30.155606389" lon="153.129855806" /><trkpt lat="-30.155612286" lon="153.129866017" /><trkpt lat="-30.155617977" lon="153.129876246" /><trkpt lat="-30.155623469" lon="153.129886505" /><trkpt lat="-30.155628766" lon="153.129896804" /><trkpt lat="-30.155633876" lon="153.129907152" /><trkpt lat="-30.155638804" lon="153.129917560" /><trkpt lat="-30.155643556" lon="153.129928039" /><trkpt lat="-30.155648138" lon="153.129938598" /><trkpt lat="-30.155652555" lon="153.129949248" /><trkpt lat="-30.155656815" lon="153.129959998" /><trkpt lat="-30.155660922" lon="153.129970860" /><trkpt lat="-30.155664883" lon="153.129981843" /><trkpt lat="-30.155668703" lon="153.129992958" /><trkpt lat="-30.155672389" lon="153.130004215" /><trkpt lat="-30.155675947" lon="153.130015623" /><trkpt lat="-30.155679382" lon="153.130027194" /><trkpt lat="-30.155682701" lon="153.130038938" /><trkpt lat="-30.155685908" lon="153.130050864" /><trkpt lat="-30.155689011" lon="153.130062983" /><trkpt lat="-30.155692016" lon="153.130075305" /><trkpt lat="-30.155694927" lon="153.130087841" /><trkpt lat="-30.155697751" lon="153.130100601" /><trkpt lat="-30.155700378" lon="153.130113405" /><trkpt lat="-30.155702865" lon="153.130126875" /><trkpt lat="-30.155705205" lon="153.130140973" /><trkpt lat="-30.155707387" lon="153.130155661" /><trkpt lat="-30.155709404" lon="153.130170901" /><trkpt lat="-30.155711246" lon="153.130186655" /><trkpt lat="-30.155712904" lon="153.130202886" /><trkpt lat="-30.155714370" lon="153.130219555" /><trkpt lat="-30.155715635" lon="153.130236625" /><trkpt lat="-30.155716689" lon="153.130254059" /><trkpt lat="-30.155717524" lon="153.130271817" /><trkpt lat="-30.155718132" lon="153.130289863" /><trkpt lat="-30.155718502" lon="153.130308158" /><trkpt lat="-30.155718627" lon="153.130326665" /><trkpt lat="-30.155718497" lon="153.130345346" /><trkpt lat="-30.155718104" lon="153.130364163" /><trkpt lat="-30.155717439" lon="153.130383079" /><trkpt lat="-30.155716492" lon="153.130402055" /><trkpt lat="-30.155715256" lon="153.130421053" /><trkpt lat="-30.155713720" lon="153.130440037" /><trkpt lat="-30.155711876" lon="153.130458967" /><trkpt lat="-30.155709716" lon="153.130477807" /><trkpt lat="-30.155707231" lon="153.130496518" /><trkpt lat="-30.155704410" lon="153.130515063" /><trkpt lat="-30.155701247" lon="153.130533404" /><trkpt lat="-30.155697731" lon="153.130551503" /><trkpt lat="-30.155693855" lon="153.130569321" /><trkpt lat="-30.155689608" lon="153.130586823" /><trkpt lat="-30.155684982" lon="153.130603968" /><trkpt lat="-30.155679969" lon="153.130620721" /><trkpt lat="-30.155674559" lon="153.130637042" /><trkpt lat="-30.155668973" lon="153.130653072" /><trkpt lat="-30.155663455" lon="153.130668983" /><trkpt lat="-30.155658035" lon="153.130684790" /><trkpt lat="-30.155652744" lon="153.130700509" /><trkpt lat="-30.155647611" lon="153.130716153" /><trkpt lat="-30.155642665" lon="153.130731736" /><trkpt lat="-30.155637936" lon="153.130747274" /><trkpt lat="-30.155633454" lon="153.130762781" /><trkpt lat="-30.155629250" lon="153.130778271" /><trkpt lat="-30.155625351" lon="153.130793759" /><trkpt lat="-30.155621789" lon="153.130809259" /><trkpt lat="-30.155618592" lon="153.130824786" /><trkpt lat="-30.155615791" lon="153.130840355" /><trkpt lat="-30.155613415" lon="153.130855979" /><trkpt lat="-30.155611495" lon="153.130871674" /><trkpt lat="-30.155610059" lon="153.130887453" /><trkpt lat="-30.155609137" lon="153.130903332" /><trkpt lat="-30.155608760" lon="153.130919325" /><trkpt lat="-30.155608956" lon="153.130935446" /><trkpt lat="-30.155609756" lon="153.130951710" /><trkpt lat="-30.155611189" lon="153.130968131" /><trkpt lat="-30.155613286" lon="153.130984724" /><trkpt lat="-30.155616075" lon="153.131001504" /><trkpt lat="-30.155619586" lon="153.131018484" /><trkpt lat="-30.155623849" lon="153.131035680" /><trkpt lat="-30.155628895" lon="153.131053106" /><trkpt lat="-30.155634752" lon="153.131070776" /><trkpt lat="-30.155641450" lon="153.131088704" /><trkpt lat="-30.155649019" lon="153.131106907" /><trkpt lat="-30.155657489" lon="153.131125397" /><trkpt lat="-30.155666889" lon="153.131144189" /></trkseg></trk></gpx>