<?xml version='1.0' encoding='utf-8'?>
<gpx version="1.1" creator="OpenTrack rally2gpx source authoring" xmlns="http://www.topografix.com/GPX/1/1"><metadata><name>SS 13+16 - Bio Bio</name><link href="https://www.rally-maps.com/Rally-Chile-2019" /><desc>Complete source route; Rally-Maps spline tangents expanded before GPX export. No source elevation is supplied.</desc></metadata><trk><trkseg><trkpt lat="-36.940223541" lon="-73.051660754" /><trkpt lat="-36.940235944" lon="-73.051667631" /><trkpt lat="-36.940248452" lon="-73.051674365" /><trkpt lat="-36.940261041" lon="-73.051680991" /><trkpt lat="-36.940273683" lon="-73.051687543" /><trkpt lat="-36.940286352" lon="-73.051694054" /><trkpt lat="-36.940299024" lon="-73.051700559" /><trkpt lat="-36.940311672" lon="-73.051707092" /><trkpt lat="-36.940324271" lon="-73.051713686" /><trkpt lat="-36.940336793" lon="-73.051720376" /><trkpt lat="-36.940349214" lon="-73.051727196" /><trkpt lat="-36.940361508" lon="-73.051734179" /><trkpt lat="-36.940373648" lon="-73.051741360" /><trkpt lat="-36.940385609" lon="-73.051748772" /><trkpt lat="-36.940397364" lon="-73.051756450" /><trkpt lat="-36.940408889" lon="-73.051764428" /><trkpt lat="-36.940420157" lon="-73.051772739" /><trkpt lat="-36.940431141" lon="-73.051781418" /><trkpt lat="-36.940441817" lon="-73.051790498" /><trkpt lat="-36.940452158" lon="-73.051800014" /><trkpt lat="-36.940462139" lon="-73.051810000" /><trkpt lat="-36.940471733" lon="-73.051820489" /><trkpt lat="-36.940480915" lon="-73.051831516" /><trkpt lat="-36.940489658" lon="-73.051843114" /><trkpt lat="-36.940497938" lon="-73.051855318" /><trkpt lat="-36.940505727" lon="-73.051868162" /><trkpt lat="-36.940513000" lon="-73.051881679" /><trkpt lat="-36.940519731" lon="-73.051895903" /><trkpt lat="-36.940525895" lon="-73.051910869" /><trkpt lat="-36.940531464" lon="-73.051926611" /><trkpt lat="-36.940536415" lon="-73.051943162" /><trkpt lat="-36.940540719" lon="-73.051960557" /><trkpt lat="-36.940544352" lon="-73.051978829" /><trkpt lat="-36.940547288" lon="-73.051998013" /><trkpt lat="-36.940549501" lon="-73.052018142" /><trkpt lat="-36.940550965" lon="-73.052039251" /><trkpt lat="-36.940551653" lon="-73.052061373" /><trkpt lat="-36.940551541" lon="-73.052084543" /><trkpt lat="-36.940551046" lon="-73.052109222" /><trkpt lat="-36.940550650" lon="-73.052133157" /><trkpt lat="-36.940550333" lon="-73.052156374" /><trkpt lat="-36.940550075" lon="-73.052178902" /><trkpt lat="-36.940549856" lon="-73.052200766" /><trkpt lat="-36.940549657" lon="-73.052221993" /><trkpt lat="-36.940549456" lon="-73.052242611" /><trkpt lat="-36.940549235" lon="-73.052262645" /><trkpt lat="-36.940548973" lon="-73.052282122" /><trkpt lat="-36.940548650" lon="-73.052301070" /><trkpt lat="-36.940548245" lon="-73.052319515" /><trkpt lat="-36.940547740" lon="-73.052337484" /><trkpt lat="-36.940547114" lon="-73.052355004" /><trkpt lat="-36.940546347" lon="-73.052372101" /><trkpt lat="-36.940545419" lon="-73.052388802" /><trkpt lat="-36.940544310" lon="-73.052405134" /><trkpt lat="-36.940543000" lon="-73.052421124" /><trkpt lat="-36.940541469" lon="-73.052436798" /><trkpt lat="-36.940539697" lon="-73.052452184" /><trkpt lat="-36.940537664" lon="-73.052467307" /><trkpt lat="-36.940535350" lon="-73.052482195" /><trkpt lat="-36.940532734" lon="-73.052496875" /><trkpt lat="-36.940529798" lon="-73.052511373" /><trkpt lat="-36.940526521" lon="-73.052525716" /><trkpt lat="-36.940522883" lon="-73.052539931" /><trkpt lat="-36.940518864" lon="-73.052554044" /><trkpt lat="-36.940514443" lon="-73.052568083" /><trkpt lat="-36.940509602" lon="-73.052582074" /><trkpt lat="-36.940504319" lon="-73.052596044" /><trkpt lat="-36.940498576" lon="-73.052610020" /><trkpt lat="-36.940492351" lon="-73.052624028" /><trkpt lat="-36.940485625" lon="-73.052638095" /><trkpt lat="-36.940478378" lon="-73.052652248" /><trkpt lat="-36.940470590" lon="-73.052666514" /><trkpt lat="-36.940462241" lon="-73.052680919" /><trkpt lat="-36.940452112" lon="-73.052697746" /><trkpt lat="-36.940441889" lon="-73.052714432" /><trkpt lat="-36.940431596" lon="-73.052730980" /><trkpt lat="-36.940421252" lon="-73.052747392" /><trkpt lat="-36.940410879" lon="-73.052763670" /><trkpt lat="-36.940400500" lon="-73.052779817" /><trkpt lat="-36.940390135" lon="-73.052795836" /><trkpt lat="-36.940379805" lon="-73.052811728" /><trkpt lat="-36.940369533" lon="-73.052827496" /><trkpt lat="-36.940359339" lon="-73.052843143" /><trkpt lat="-36.940349246" lon="-73.052858670" /><trkpt lat="-36.940339273" lon="-73.052874081" /><trkpt lat="-36.940329444" lon="-73.052889377" /><trkpt lat="-36.940319779" lon="-73.052904561" /><trkpt lat="-36.940310300" lon="-73.052919635" /><trkpt lat="-36.940301028" lon="-73.052934603" /><trkpt lat="-36.940291985" lon="-73.052949465" /><trkpt lat="-36.940283192" lon="-73.052964224" /><trkpt lat="-36.940274670" lon="-73.052978884" /><trkpt lat="-36.940266442" lon="-73.052993446" /><trkpt lat="-36.940258528" lon="-73.053007912" /><trkpt lat="-36.940250949" lon="-73.053022286" /><trkpt lat="-36.940243728" lon="-73.053036569" /><trkpt lat="-36.940236886" lon="-73.053050763" /><trkpt lat="-36.940230444" lon="-73.053064872" /><trkpt lat="-36.940224424" lon="-73.053078897" /><trkpt lat="-36.940218846" lon="-73.053092842" /><trkpt lat="-36.940213733" lon="-73.053106707" /><trkpt lat="-36.940209106" lon="-73.053120497" /><trkpt lat="-36.940204987" lon="-73.053134212" /><trkpt lat="-36.940201315" lon="-73.053147737" /><trkpt lat="-36.940198028" lon="-73.053160946" /><trkpt lat="-36.940195136" lon="-73.053173826" /><trkpt lat="-36.940192651" lon="-73.053186364" /><trkpt lat="-36.940190585" lon="-73.053198548" /><trkpt lat="-36.940188951" lon="-73.053210366" /><trkpt lat="-36.940187760" lon="-73.053221804" /><trkpt lat="-36.940187023" lon="-73.053232851" /><trkpt lat="-36.940186754" lon="-73.053243494" /><trkpt lat="-36.940186963" lon="-73.053253720" /><trkpt lat="-36.940187663" lon="-73.053263516" /><trkpt lat="-36.940188865" lon="-73.053272872" /><trkpt lat="-36.940190582" lon="-73.053281773" /><trkpt lat="-36.940192826" lon="-73.053290207" /><trkpt lat="-36.940195607" lon="-73.053298162" /><trkpt lat="-36.940198939" lon="-73.053305626" /><trkpt lat="-36.940202834" lon="-73.053312585" /><trkpt lat="-36.940207302" lon="-73.053319027" /><trkpt lat="-36.940212356" lon="-73.053324940" /><trkpt lat="-36.940218008" lon="-73.053330311" /><trkpt lat="-36.940224270" lon="-73.053335128" /><trkpt lat="-36.940231153" lon="-73.053339378" /><trkpt lat="-36.940238671" lon="-73.053343049" /><trkpt lat="-36.940246833" lon="-73.053346128" /><trkpt lat="-36.940255653" lon="-73.053348603" /><trkpt lat="-36.940265143" lon="-73.053350460" /><trkpt lat="-36.940275314" lon="-73.053351688" /><trkpt lat="-36.940286177" lon="-73.053352275" /><trkpt lat="-36.940297746" lon="-73.053352206" /><trkpt lat="-36.940310032" lon="-73.053351471" /><trkpt lat="-36.940321978" lon="-73.053350514" /><trkpt lat="-36.940334786" lon="-73.053349599" /><trkpt lat="-36.940348407" lon="-73.053348730" /><trkpt lat="-36.940362792" lon="-73.053347915" /><trkpt lat="-36.940377891" lon="-73.053347158" /><trkpt lat="-36.940393656" lon="-73.053346467" /><trkpt lat="-36.940410037" lon="-73.053345846" /><trkpt lat="-36.940426985" lon="-73.053345302" /><trkpt lat="-36.940444452" lon="-73.053344840" /><trkpt lat="-36.940462387" lon="-73.053344467" /><trkpt lat="-36.940480742" lon="-73.053344189" /><trkpt lat="-36.940499468" lon="-73.053344011" /><trkpt lat="-36.940518515" lon="-73.053343939" /><trkpt lat="-36.940537835" lon="-73.053343980" /><trkpt lat="-36.940557378" lon="-73.053344138" /><trkpt lat="-36.940577095" lon="-73.053344421" /><trkpt lat="-36.940596937" lon="-73.053344834" /><trkpt lat="-36.940616855" lon="-73.053345383" /><trkpt lat="-36.940636800" lon="-73.053346074" /><trkpt lat="-36.940656722" lon="-73.053346912" /><trkpt lat="-36.940676572" lon="-73.053347905" /><trkpt lat="-36.940696302" lon="-73.053349057" /><trkpt lat="-36.940715862" lon="-73.053350374" /><trkpt lat="-36.940735203" lon="-73.053351863" /><trkpt lat="-36.940754276" lon="-73.053353530" /><trkpt lat="-36.940773031" lon="-73.053355380" /><trkpt lat="-36.940791420" lon="-73.053357419" /><trkpt lat="-36.940809394" lon="-73.053359653" /><trkpt lat="-36.940826903" lon="-73.053362089" /><trkpt lat="-36.940843898" lon="-73.053364731" /><trkpt lat="-36.940860329" lon="-73.053367587" /><trkpt lat="-36.940876149" lon="-73.053370661" /><trkpt lat="-36.940891308" lon="-73.053373961" /><trkpt lat="-36.940907519" lon="-73.053377662" /><trkpt lat="-36.940923557" lon="-73.053381287" /><trkpt lat="-36.940939403" lon="-73.053384888" /><trkpt lat="-36.940955043" lon="-73.053388514" /><trkpt lat="-36.940970459" lon="-73.053392215" /><trkpt lat="-36.940985634" lon="-73.053396041" /><trkpt lat="-36.941000552" lon="-73.053400042" /><trkpt lat="-36.941015196" lon="-73.053404268" /><trkpt lat="-36.941029549" lon="-73.053408770" /><trkpt lat="-36.941043595" lon="-73.053413598" /><trkpt lat="-36.941057317" lon="-73.053418801" /><trkpt lat="-36.941070699" lon="-73.053424429" /><trkpt lat="-36.941083723" lon="-73.053430533" /><trkpt lat="-36.941096373" lon="-73.053437163" /><trkpt lat="-36.941108632" lon="-73.053444369" /><trkpt lat="-36.941120485" lon="-73.053452200" /><trkpt lat="-36.941131913" lon="-73.053460707" /><trkpt lat="-36.941142900" lon="-73.053469941" /><trkpt lat="-36.941153431" lon="-73.053479950" /><trkpt lat="-36.941163487" lon="-73.053490786" /><trkpt lat="-36.941173052" lon="-73.053502497" /><trkpt lat="-36.941182111" lon="-73.053515135" /><trkpt lat="-36.941190645" lon="-73.053528750" /><trkpt lat="-36.941198638" lon="-73.053543390" /><trkpt lat="-36.941206074" lon="-73.053559108" /><trkpt lat="-36.941212936" lon="-73.053575951" /><trkpt lat="-36.941219208" lon="-73.053593971" /><trkpt lat="-36.941224872" lon="-73.053613218" /><trkpt lat="-36.941229911" lon="-73.053633742" /><trkpt lat="-36.941234311" lon="-73.053655593" /><trkpt lat="-36.941237903" lon="-73.053676610" /><trkpt lat="-36.941241043" lon="-73.053697409" /><trkpt lat="-36.941243731" lon="-73.053717974" /><trkpt lat="-36.941245967" lon="-73.053738291" /><trkpt lat="-36.941247751" lon="-73.053758344" /><trkpt lat="-36.941249082" lon="-73.053778119" /><trkpt lat="-36.941249962" lon="-73.053797602" /><trkpt lat="-36.941250389" lon="-73.053816777" /><trkpt lat="-36.941250364" lon="-73.053835630" /><trkpt lat="-36.941249886" lon="-73.053854146" /><trkpt lat="-36.941248957" lon="-73.053872310" /><trkpt lat="-36.941247575" lon="-73.053890108" /><trkpt lat="-36.941245741" lon="-73.053907525" /><trkpt lat="-36.941243455" lon="-73.053924546" /><trkpt lat="-36.941240717" lon="-73.053941156" /><trkpt lat="-36.941237526" lon="-73.053957341" /><trkpt lat="-36.941233883" lon="-73.053973086" /><trkpt lat="-36.941229789" lon="-73.053988376" /><trkpt lat="-36.941225241" lon="-73.054003197" /><trkpt lat="-36.941220242" lon="-73.054017534" /><trkpt lat="-36.941214791" lon="-73.054031371" /><trkpt lat="-36.941208887" lon="-73.054044695" /><trkpt lat="-36.941202531" lon="-73.054057490" /><trkpt lat="-36.941195723" lon="-73.054069742" /><trkpt lat="-36.941188462" lon="-73.054081437" /><trkpt lat="-36.941180750" lon="-73.054092558" /><trkpt lat="-36.941172585" lon="-73.054103092" /><trkpt lat="-36.941163968" lon="-73.054113024" /><trkpt lat="-36.941154899" lon="-73.054122340" /><trkpt lat="-36.941145378" lon="-73.054131023" /><trkpt lat="-36.941135404" lon="-73.054139061" /><trkpt lat="-36.941124979" lon="-73.054146437" /><trkpt lat="-36.941113538" lon="-73.054153787" /><trkpt lat="-36.941101968" lon="-73.054160783" /><trkpt lat="-36.941090310" lon="-73.054167377" /><trkpt lat="-36.941078606" lon="-73.054173518" /><trkpt lat="-36.941066899" lon="-73.054179157" /><trkpt lat="-36.941055229" lon="-73.054184245" /><trkpt lat="-36.941043640" lon="-73.054188732" /><trkpt lat="-36.941032172" lon="-73.054192569" /><trkpt lat="-36.941020869" lon="-73.054195706" /><trkpt lat="-36.941009771" lon="-73.054198094" /><trkpt lat="-36.940998921" lon="-73.054199683" /><trkpt lat="-36.940988361" lon="-73.054200424" /><trkpt lat="-36.940978132" lon="-73.054200268" /><trkpt lat="-36.940968277" lon="-73.054199164" /><trkpt lat="-36.940958837" lon="-73.054197064" /><trkpt lat="-36.940949854" lon="-73.054193917" /><trkpt lat="-36.940941371" lon="-73.054189675" /><trkpt lat="-36.940933429" lon="-73.054184288" /><trkpt lat="-36.940926070" lon="-73.054177707" /><trkpt lat="-36.940919336" lon="-73.054169881" /><trkpt lat="-36.940913269" lon="-73.054160762" /><trkpt lat="-36.940907910" lon="-73.054150301" /><trkpt lat="-36.940903303" lon="-73.054138447" /><trkpt lat="-36.940899488" lon="-73.054125151" /><trkpt lat="-36.940896508" lon="-73.054110364" /><trkpt lat="-36.940894405" lon="-73.054094036" /><trkpt lat="-36.940893220" lon="-73.054076117" /><trkpt lat="-36.940892996" lon="-73.054056559" /><trkpt lat="-36.940893773" lon="-73.054035312" /><trkpt lat="-36.940895595" lon="-73.054012326" /><trkpt lat="-36.940897675" lon="-73.053988909" /><trkpt lat="-36.940899197" lon="-73.053966393" /><trkpt lat="-36.940900162" lon="-73.053944767" /><trkpt lat="-36.940900569" lon="-73.053924021" /><trkpt lat="-36.940900419" lon="-73.053904144" /><trkpt lat="-36.940899712" lon="-73.053885125" /><trkpt lat="-36.940898447" lon="-73.053866954" /><trkpt lat="-36.940896625" lon="-73.053849620" /><trkpt lat="-36.940894245" lon="-73.053833112" /><trkpt lat="-36.940891308" lon="-73.053817419" /><trkpt lat="-36.940887814" lon="-73.053802531" /><trkpt lat="-36.940883762" lon="-73.053788437" /><trkpt lat="-36.940879153" lon="-73.053775126" /><trkpt lat="-36.940873986" lon="-73.053762588" /><trkpt lat="-36.940868262" lon="-73.053750811" /><trkpt lat="-36.940861981" lon="-73.053739785" /><trkpt lat="-36.940855142" lon="-73.053729500" /><trkpt lat="-36.940847746" lon="-73.053719944" /><trkpt lat="-36.940839793" lon="-73.053711107" /><trkpt lat="-36.940831282" lon="-73.053702978" /><trkpt lat="-36.940822214" lon="-73.053695547" /><trkpt lat="-36.940812588" lon="-73.053688802" /><trkpt lat="-36.940802406" lon="-73.053682733" /><trkpt lat="-36.940791665" lon="-73.053677329" /><trkpt lat="-36.940780368" lon="-73.053672580" /><trkpt lat="-36.940768512" lon="-73.053668474" /><trkpt lat="-36.940756100" lon="-73.053665002" /><trkpt lat="-36.940743130" lon="-73.053662151" /><trkpt lat="-36.940729603" lon="-73.053659913" /><trkpt lat="-36.940715518" lon="-73.053658275" /><trkpt lat="-36.940702140" lon="-73.053657128" /><trkpt lat="-36.940688143" lon="-73.053656133" /><trkpt lat="-36.940673566" lon="-73.053655300" /><trkpt lat="-36.940658447" lon="-73.053654637" /><trkpt lat="-36.940642822" lon="-73.053654156" /><trkpt lat="-36.940626730" lon="-73.053653865" /><trkpt lat="-36.940610209" lon="-73.053653775" /><trkpt lat="-36.940593294" lon="-73.053653895" /><trkpt lat="-36.940576025" lon="-73.053654235" /><trkpt lat="-36.940558439" lon="-73.053654805" /><trkpt lat="-36.940540574" lon="-73.053655614" /><trkpt lat="-36.940522466" lon="-73.053656672" /><trkpt lat="-36.940504154" lon="-73.053657990" /><trkpt lat="-36.940485674" lon="-73.053659576" /><trkpt lat="-36.940467066" lon="-73.053661441" /><trkpt lat="-36.940448365" lon="-73.053663594" /><trkpt lat="-36.940429611" lon="-73.053666045" /><trkpt lat="-36.940410840" lon="-73.053668804" /><trkpt lat="-36.940392089" lon="-73.053671881" /><trkpt lat="-36.940373398" lon="-73.053675285" /><trkpt lat="-36.940354802" lon="-73.053679026" /><trkpt lat="-36.940336340" lon="-73.053683114" /><trkpt lat="-36.940318049" lon="-73.053687559" /><trkpt lat="-36.940299966" lon="-73.053692370" /><trkpt lat="-36.940282131" lon="-73.053697557" /><trkpt lat="-36.940264579" lon="-73.053703130" /><trkpt lat="-36.940247348" lon="-73.053709098" /><trkpt lat="-36.940230476" lon="-73.053715473" /><trkpt lat="-36.940214001" lon="-73.053722262" /><trkpt lat="-36.940197961" lon="-73.053729476" /><trkpt lat="-36.940182392" lon="-73.053737125" /><trkpt lat="-36.940167332" lon="-73.053745219" /><trkpt lat="-36.940152819" lon="-73.053753767" /><trkpt lat="-36.940138953" lon="-73.053762416" /><trkpt lat="-36.940124989" lon="-73.053771285" /><trkpt lat="-36.940110949" lon="-73.053780316" /><trkpt lat="-36.940096857" lon="-73.053789449" /><trkpt lat="-36.940082737" lon="-73.053798627" /><trkpt lat="-36.940068613" lon="-73.053807790" /><trkpt lat="-36.940054508" lon="-73.053816880" /><trkpt lat="-36.940040445" lon="-73.053825839" /><trkpt lat="-36.940026448" lon="-73.053834608" /><trkpt lat="-36.940012541" lon="-73.053843129" /><trkpt lat="-36.939998747" lon="-73.053851342" /><trkpt lat="-36.939985090" lon="-73.053859190" /><trkpt lat="-36.939971593" lon="-73.053866613" /><trkpt lat="-36.939958280" lon="-73.053873554" /><trkpt lat="-36.939945175" lon="-73.053879954" /><trkpt lat="-36.939932301" lon="-73.053885753" /><trkpt lat="-36.939919681" lon="-73.053890894" /><trkpt lat="-36.939907340" lon="-73.053895319" /><trkpt lat="-36.939895300" lon="-73.053898967" /><trkpt lat="-36.939883586" lon="-73.053901782" /><trkpt lat="-36.939872220" lon="-73.053903704" /><trkpt lat="-36.939861227" lon="-73.053904675" /><trkpt lat="-36.939850630" lon="-73.053904636" /><trkpt lat="-36.939840452" lon="-73.053903529" /><trkpt lat="-36.939830718" lon="-73.053901295" /><trkpt lat="-36.939821450" lon="-73.053897876" /><trkpt lat="-36.939812672" lon="-73.053893213" /><trkpt lat="-36.939804408" lon="-73.053887247" /><trkpt lat="-36.939796682" lon="-73.053879920" /><trkpt lat="-36.939789517" lon="-73.053871174" /><trkpt lat="-36.939782936" lon="-73.053860949" /><trkpt lat="-36.939776963" lon="-73.053849188" /><trkpt lat="-36.939771621" lon="-73.053835832" /><trkpt lat="-36.939766935" lon="-73.053820822" /><trkpt lat="-36.939762106" lon="-73.053803257" /><trkpt lat="-36.939757460" lon="-73.053786484" /><trkpt lat="-36.939752965" lon="-73.053770475" /><trkpt lat="-36.939748593" lon="-73.053755201" /><trkpt lat="-36.939744312" lon="-73.053740634" /><trkpt lat="-36.939740092" lon="-73.053726746" /><trkpt lat="-36.939735903" lon="-73.053713507" /><trkpt lat="-36.939731714" lon="-73.053700890" /><trkpt lat="-36.939727495" lon="-73.053688866" /><trkpt lat="-36.939723216" lon="-73.053677406" /><trkpt lat="-36.939718845" lon="-73.053666481" /><trkpt lat="-36.939714353" lon="-73.053656065" /><trkpt lat="-36.939709710" lon="-73.053646127" /><trkpt lat="-36.939704884" lon="-73.053636639" /><trkpt lat="-36.939699846" lon="-73.053627574" /><trkpt lat="-36.939694564" lon="-73.053618901" /><trkpt lat="-36.939689010" lon="-73.053610594" /><trkpt lat="-36.939683151" lon="-73.053602623" /><trkpt lat="-36.939676959" lon="-73.053594960" /><trkpt lat="-36.939670401" lon="-73.053587577" /><trkpt lat="-36.939663449" lon="-73.053580444" /><trkpt lat="-36.939656072" lon="-73.053573534" /><trkpt lat="-36.939648238" lon="-73.053566817" /><trkpt lat="-36.939639919" lon="-73.053560266" /><trkpt lat="-36.939631082" lon="-73.053553852" /><trkpt lat="-36.939621699" lon="-73.053547547" /><trkpt lat="-36.939611739" lon="-73.053541321" /><trkpt lat="-36.939601170" lon="-73.053535147" /><trkpt lat="-36.939589963" lon="-73.053528996" /><trkpt lat="-36.939578088" lon="-73.053522839" /><trkpt lat="-36.939566080" lon="-73.053516767" /><trkpt lat="-36.939554482" lon="-73.053510883" /><trkpt lat="-36.939543277" lon="-73.053505179" /><trkpt lat="-36.939532446" lon="-73.053499647" /><trkpt lat="-36.939521972" lon="-73.053494278" /><trkpt lat="-36.939511836" lon="-73.053489064" /><trkpt lat="-36.939502020" lon="-73.053483997" /><trkpt lat="-36.939492506" lon="-73.053479068" /><trkpt lat="-36.939483276" lon="-73.053474269" /><trkpt lat="-36.939474312" lon="-73.053469592" /><trkpt lat="-36.939465595" lon="-73.053465028" /><trkpt lat="-36.939457109" lon="-73.053460569" /><trkpt lat="-36.939448833" lon="-73.053456206" /><trkpt lat="-36.939440752" lon="-73.053451932" /><trkpt lat="-36.939432845" lon="-73.053447737" /><trkpt lat="-36.939425096" lon="-73.053443614" /><trkpt lat="-36.939417486" lon="-73.053439554" /><trkpt lat="-36.939409996" lon="-73.053435549" /><trkpt lat="-36.939402610" lon="-73.053431590" /><trkpt lat="-36.939395309" lon="-73.053427670" /><trkpt lat="-36.939388074" lon="-73.053423779" /><trkpt lat="-36.939380888" lon="-73.053419910" /><trkpt lat="-36.939373732" lon="-73.053416054" /><trkpt lat="-36.939366588" lon="-73.053412203" /><trkpt lat="-36.939359439" lon="-73.053408348" /><trkpt lat="-36.939352266" lon="-73.053404481" /><trkpt lat="-36.939345052" lon="-73.053400594" /><trkpt lat="-36.939337777" lon="-73.053396679" /><trkpt lat="-36.939330424" lon="-73.053392726" /><trkpt lat="-36.939322975" lon="-73.053388728" /><trkpt lat="-36.939315144" lon="-73.053385252" /><trkpt lat="-36.939306724" lon="-73.053382836" /><trkpt lat="-36.939297810" lon="-73.053381435" /><trkpt lat="-36.939288499" lon="-73.053381002" /><trkpt lat="-36.939278887" lon="-73.053381489" /><trkpt lat="-36.939269070" lon="-73.053382849" /><trkpt lat="-36.939259145" lon="-73.053385035" /><trkpt lat="-36.939249207" lon="-73.053388000" /><trkpt lat="-36.939239353" lon="-73.053391698" /><trkpt lat="-36.939229679" lon="-73.053396080" /><trkpt lat="-36.939220281" lon="-73.053401099" /><trkpt lat="-36.939211256" lon="-73.053406710" /><trkpt lat="-36.939202700" lon="-73.053412864" /><trkpt lat="-36.939194708" lon="-73.053419515" /><trkpt lat="-36.939187378" lon="-73.053426615" /><trkpt lat="-36.939180805" lon="-73.053434117" /><trkpt lat="-36.939175087" lon="-73.053441974" /><trkpt lat="-36.939170318" lon="-73.053450140" /><trkpt lat="-36.939166595" lon="-73.053458567" /><trkpt lat="-36.939164015" lon="-73.053467208" /><trkpt lat="-36.939162673" lon="-73.053476015" /><trkpt lat="-36.939162666" lon="-73.053484943" /><trkpt lat="-36.939164090" lon="-73.053493943" /><trkpt lat="-36.939167042" lon="-73.053502969" /><trkpt lat="-36.939171617" lon="-73.053511973" /><trkpt lat="-36.939177912" lon="-73.053520909" /><trkpt lat="-36.939186023" lon="-73.053529729" /><trkpt lat="-36.939196047" lon="-73.053538387" /><trkpt lat="-36.939208079" lon="-73.053546835" /><trkpt lat="-36.939222215" lon="-73.053555025" /><trkpt lat="-36.939237516" lon="-73.053562819" /><trkpt lat="-36.939252955" lon="-73.053570133" /><trkpt lat="-36.939268498" lon="-73.053577006" /><trkpt lat="-36.939284111" lon="-73.053583477" /><trkpt lat="-36.939299760" lon="-73.053589584" /><trkpt lat="-36.939315411" lon="-73.053595366" /><trkpt lat="-36.939331031" lon="-73.053600862" /><trkpt lat="-36.939346586" lon="-73.053606110" /><trkpt lat="-36.939362041" lon="-73.053611151" /><trkpt lat="-36.939377364" lon="-73.053616021" /><trkpt lat="-36.939392520" lon="-73.053620760" /><trkpt lat="-36.939407475" lon="-73.053625406" /><trkpt lat="-36.939422196" lon="-73.053630000" /><trkpt lat="-36.939436649" lon="-73.053634578" /><trkpt lat="-36.939450799" lon="-73.053639180" /><trkpt lat="-36.939464614" lon="-73.053643844" /><trkpt lat="-36.939478059" lon="-73.053648610" /><trkpt lat="-36.939491101" lon="-73.053653516" /><trkpt lat="-36.939503705" lon="-73.053658601" /><trkpt lat="-36.939515838" lon="-73.053663903" /><trkpt lat="-36.939527467" lon="-73.053669462" /><trkpt lat="-36.939538556" lon="-73.053675315" /><trkpt lat="-36.939549072" lon="-73.053681503" /><trkpt lat="-36.939558983" lon="-73.053688063" /><trkpt lat="-36.939568253" lon="-73.053695034" /><trkpt lat="-36.939576848" lon="-73.053702455" /><trkpt lat="-36.939584736" lon="-73.053710365" /><trkpt lat="-36.939591882" lon="-73.053718803" /><trkpt lat="-36.939598253" lon="-73.053727807" /><trkpt lat="-36.939603814" lon="-73.053737416" /><trkpt lat="-36.939608643" lon="-73.053747411" /><trkpt lat="-36.939612864" lon="-73.053757546" /><trkpt lat="-36.939616512" lon="-73.053767818" /><trkpt lat="-36.939619620" lon="-73.053778225" /><trkpt lat="-36.939622225" lon="-73.053788762" /><trkpt lat="-36.939624360" lon="-73.053799428" /><trkpt lat="-36.939626061" lon="-73.053810219" /><trkpt lat="-36.939627362" lon="-73.053821132" /><trkpt lat="-36.939628298" lon="-73.053832165" /><trkpt lat="-36.939628904" lon="-73.053843313" /><trkpt lat="-36.939629215" lon="-73.053854575" /><trkpt lat="-36.939629265" lon="-73.053865947" /><trkpt lat="-36.939629089" lon="-73.053877426" /><trkpt lat="-36.939628723" lon="-73.053889010" /><trkpt lat="-36.939628200" lon="-73.053900695" /><trkpt lat="-36.939627555" lon="-73.053912478" /><trkpt lat="-36.939626824" lon="-73.053924357" /><trkpt lat="-36.939626041" lon="-73.053936328" /><trkpt lat="-36.939625241" lon="-73.053948389" /><trkpt lat="-36.939624458" lon="-73.053960536" /><trkpt lat="-36.939623728" lon="-73.053972766" /><trkpt lat="-36.939623085" lon="-73.053985077" /><trkpt lat="-36.939622564" lon="-73.053997465" /><trkpt lat="-36.939622199" lon="-73.054009928" /><trkpt lat="-36.939622026" lon="-73.054022462" /><trkpt lat="-36.939622080" lon="-73.054035065" /><trkpt lat="-36.939622394" lon="-73.054047734" /><trkpt lat="-36.939623005" lon="-73.054060465" /><trkpt lat="-36.939623946" lon="-73.054073255" /><trkpt lat="-36.939625252" lon="-73.054086103" /><trkpt lat="-36.939627036" lon="-73.054098516" /><trkpt lat="-36.939629374" lon="-73.054110018" /><trkpt lat="-36.939632249" lon="-73.054120628" /><trkpt lat="-36.939635645" lon="-73.054130366" /><trkpt lat="-36.939639544" lon="-73.054139250" /><trkpt lat="-36.939643929" lon="-73.054147300" /><trkpt lat="-36.939648782" lon="-73.054154534" /><trkpt lat="-36.939654087" lon="-73.054160973" /><trkpt lat="-36.939659827" lon="-73.054166633" /><trkpt lat="-36.939665984" lon="-73.054171536" /><trkpt lat="-36.939672541" lon="-73.054175700" /><trkpt lat="-36.939679482" lon="-73.054179143" /><trkpt lat="-36.939686788" lon="-73.054181886" /><trkpt lat="-36.939694443" lon="-73.054183947" /><trkpt lat="-36.939702429" lon="-73.054185344" /><trkpt lat="-36.939710730" lon="-73.054186099" /><trkpt lat="-36.939719328" lon="-73.054186228" /><trkpt lat="-36.939728206" lon="-73.054185752" /><trkpt lat="-36.939737347" lon="-73.054184690" /><trkpt lat="-36.939746734" lon="-73.054183060" /><trkpt lat="-36.939756350" lon="-73.054180881" /><trkpt lat="-36.939766177" lon="-73.054178174" /><trkpt lat="-36.939776199" lon="-73.054174956" /><trkpt lat="-36.939786398" lon="-73.054171247" /><trkpt lat="-36.939796756" lon="-73.054167066" /><trkpt lat="-36.939807258" lon="-73.054162432" /><trkpt lat="-36.939817886" lon="-73.054157364" /><trkpt lat="-36.939828622" lon="-73.054151881" /><trkpt lat="-36.939839449" lon="-73.054146002" /><trkpt lat="-36.939850351" lon="-73.054139747" /><trkpt lat="-36.939860260" lon="-73.054133848" /><trkpt lat="-36.939870663" lon="-73.054127557" /><trkpt lat="-36.939881518" lon="-73.054120944" /><trkpt lat="-36.939892782" lon="-73.054114076" /><trkpt lat="-36.939904411" lon="-73.054107023" /><trkpt lat="-36.939916362" lon="-73.054099854" /><trkpt lat="-36.939928592" lon="-73.054092637" /><trkpt lat="-36.939941058" lon="-73.054085442" /><trkpt lat="-36.939953718" lon="-73.054078337" /><trkpt lat="-36.939966527" lon="-73.054071391" /><trkpt lat="-36.939979443" lon="-73.054064673" /><trkpt lat="-36.939992423" lon="-73.054058252" /><trkpt lat="-36.940005424" lon="-73.054052196" /><trkpt lat="-36.940018402" lon="-73.054046575" /><trkpt lat="-36.940031315" lon="-73.054041457" /><trkpt lat="-36.940044119" lon="-73.054036912" /><trkpt lat="-36.940056772" lon="-73.054033008" /><trkpt lat="-36.940069230" lon="-73.054029814" /><trkpt lat="-36.940081450" lon="-73.054027398" /><trkpt lat="-36.940093389" lon="-73.054025831" /><trkpt lat="-36.940105004" lon="-73.054025180" /><trkpt lat="-36.940116253" lon="-73.054025514" /><trkpt lat="-36.940127091" lon="-73.054026903" /><trkpt lat="-36.940137476" lon="-73.054029415" /><trkpt lat="-36.940147364" lon="-73.054033119" /><trkpt lat="-36.940156713" lon="-73.054038084" /><trkpt lat="-36.940165480" lon="-73.054044378" /><trkpt lat="-36.940173621" lon="-73.054052071" /><trkpt lat="-36.940181093" lon="-73.054061232" /><trkpt lat="-36.940187854" lon="-73.054071929" /><trkpt lat="-36.940193860" lon="-73.054084231" /><trkpt lat="-36.940199068" lon="-73.054098208" /><trkpt lat="-36.940203435" lon="-73.054113927" /><trkpt lat="-36.940206918" lon="-73.054131458" /><trkpt lat="-36.940209559" lon="-73.054147316" /><trkpt lat="-36.940212326" lon="-73.054163495" /><trkpt lat="-36.940215198" lon="-73.054179974" /><trkpt lat="-36.940218155" lon="-73.054196730" /><trkpt lat="-36.940221179" lon="-73.054213742" /><trkpt lat="-36.940224248" lon="-73.054230990" /><trkpt lat="-36.940227345" lon="-73.054248451" /><trkpt lat="-36.940230448" lon="-73.054266105" /><trkpt lat="-36.940233538" lon="-73.054283930" /><trkpt lat="-36.940236596" lon="-73.054301904" /><trkpt lat="-36.940239601" lon="-73.054320007" /><trkpt lat="-36.940242534" lon="-73.054338216" /><trkpt lat="-36.940245376" lon="-73.054356511" /><trkpt lat="-36.940248107" lon="-73.054374870" /><trkpt lat="-36.940250706" lon="-73.054393272" /><trkpt lat="-36.940253155" lon="-73.054411695" /><trkpt lat="-36.940255433" lon="-73.054430118" /><trkpt lat="-36.940257521" lon="-73.054448520" /><trkpt lat="-36.940259400" lon="-73.054466879" /><trkpt lat="-36.940261048" lon="-73.054485174" /><trkpt lat="-36.940262448" lon="-73.054503384" /><trkpt lat="-36.940263579" lon="-73.054521486" /><trkpt lat="-36.940264421" lon="-73.054539461" /><trkpt lat="-36.940264954" lon="-73.054557285" /><trkpt lat="-36.940265160" lon="-73.054574939" /><trkpt lat="-36.940265018" lon="-73.054592401" /><trkpt lat="-36.940264509" lon="-73.054609648" /><trkpt lat="-36.940263612" lon="-73.054626661" /><trkpt lat="-36.940262309" lon="-73.054643417" /><trkpt lat="-36.940260579" lon="-73.054659895" /><trkpt lat="-36.940258404" lon="-73.054676074" /><trkpt lat="-36.940255762" lon="-73.054691932" /><trkpt lat="-36.940252635" lon="-73.054707449" /><trkpt lat="-36.940249002" lon="-73.054722602" /><trkpt lat="-36.940244844" lon="-73.054737370" /><trkpt lat="-36.940240142" lon="-73.054751732" /><trkpt lat="-36.940234876" lon="-73.054765667" /><trkpt lat="-36.940229025" lon="-73.054779153" /><trkpt lat="-36.940222571" lon="-73.054792168" /><trkpt lat="-36.940215493" lon="-73.054804692" /><trkpt lat="-36.940207524" lon="-73.054817863" /><trkpt lat="-36.940199202" lon="-73.054831518" /><trkpt lat="-36.940190545" lon="-73.054845619" /><trkpt lat="-36.940181573" lon="-73.054860133" /><trkpt lat="-36.940172305" lon="-73.054875021" /><trkpt lat="-36.940162759" lon="-73.054890248" /><trkpt lat="-36.940152956" lon="-73.054905778" /><trkpt lat="-36.940142914" lon="-73.054921575" /><trkpt lat="-36.940132652" lon="-73.054937602" /><trkpt lat="-36.940122190" lon="-73.054953823" /><trkpt lat="-36.940111547" lon="-73.054970203" /><trkpt lat="-36.940100742" lon="-73.054986705" /><trkpt lat="-36.940089793" lon="-73.055003292" /><trkpt lat="-36.940078721" lon="-73.055019930" /><trkpt lat="-36.940067544" lon="-73.055036581" /><trkpt lat="-36.940056281" lon="-73.055053209" /><trkpt lat="-36.940044953" lon="-73.055069779" /><trkpt lat="-36.940033577" lon="-73.055086254" /><trkpt lat="-36.940022172" lon="-73.055102598" /><trkpt lat="-36.940010759" lon="-73.055118774" /><trkpt lat="-36.939999357" lon="-73.055134748" /><trkpt lat="-36.939987983" lon="-73.055150482" /><trkpt lat="-36.939976658" lon="-73.055165940" /><trkpt lat="-36.939965401" lon="-73.055181086" /><trkpt lat="-36.939954231" lon="-73.055195885" /><trkpt lat="-36.939943167" lon="-73.055210299" /><trkpt lat="-36.939932228" lon="-73.055224293" /><trkpt lat="-36.939921433" lon="-73.055237831" /><trkpt lat="-36.939910802" lon="-73.055250876" /><trkpt lat="-36.939900353" lon="-73.055263393" /><trkpt lat="-36.939890106" lon="-73.055275345" /><trkpt lat="-36.939880080" lon="-73.055286695" /><trkpt lat="-36.939870294" lon="-73.055297409" /><trkpt lat="-36.939860768" lon="-73.055307449" /><trkpt lat="-36.939851519" lon="-73.055316780" /><trkpt lat="-36.939842569" lon="-73.055325365" /><trkpt lat="-36.939833935" lon="-73.055333168" /><trkpt lat="-36.939825636" lon="-73.055340154" /><trkpt lat="-36.939815211" lon="-73.055348450" /><trkpt lat="-36.939804517" lon="-73.055356711" /><trkpt lat="-36.939793557" lon="-73.055364935" /><trkpt lat="-36.939782333" lon="-73.055373121" /><trkpt lat="-36.939770850" lon="-73.055381268" /><trkpt lat="-36.939759110" lon="-73.055389378" /><trkpt lat="-36.939747115" lon="-73.055397447" /><trkpt lat="-36.939734869" lon="-73.055405477" /><trkpt lat="-36.939722374" lon="-73.055413466" /><trkpt lat="-36.939709633" lon="-73.055421415" /><trkpt lat="-36.939696649" lon="-73.055429321" /><trkpt lat="-36.939683425" lon="-73.055437185" /><trkpt lat="-36.939669964" lon="-73.055445006" /><trkpt lat="-36.939656268" lon="-73.055452784" /><trkpt lat="-36.939642341" lon="-73.055460518" /><trkpt lat="-36.939628185" lon="-73.055468207" /><trkpt lat="-36.939613804" lon="-73.055475850" /><trkpt lat="-36.939599199" lon="-73.055483448" /><trkpt lat="-36.939584374" lon="-73.055490999" /><trkpt lat="-36.939569332" lon="-73.055498503" /><trkpt lat="-36.939554076" lon="-73.055505960" /><trkpt lat="-36.939538608" lon="-73.055513368" /><trkpt lat="-36.939522932" lon="-73.055520727" /><trkpt lat="-36.939507050" lon="-73.055528037" /><trkpt lat="-36.939490964" lon="-73.055535297" /><trkpt lat="-36.939474679" lon="-73.055542506" /><trkpt lat="-36.939458196" lon="-73.055549663" /><trkpt lat="-36.939441519" lon="-73.055556769" /><trkpt lat="-36.939424651" lon="-73.055563823" /><trkpt lat="-36.939407594" lon="-73.055570823" /><trkpt lat="-36.939390925" lon="-73.055577845" /><trkpt lat="-36.939375182" lon="-73.055584965" /><trkpt lat="-36.939360308" lon="-73.055592193" /><trkpt lat="-36.939346247" lon="-73.055599536" /><trkpt lat="-36.939332943" lon="-73.055607001" /><trkpt lat="-36.939320338" lon="-73.055614595" /><trkpt lat="-36.939308377" lon="-73.055622328" /><trkpt lat="-36.939297004" lon="-73.055630205" /><trkpt lat="-36.939286161" lon="-73.055638235" /><trkpt lat="-36.939275792" lon="-73.055646425" /><trkpt lat="-36.939265841" lon="-73.055654783" /><trkpt lat="-36.939256252" lon="-73.055663317" /><trkpt lat="-36.939246968" lon="-73.055672033" /><trkpt lat="-36.939237932" lon="-73.055680939" /><trkpt lat="-36.939229088" lon="-73.055690044" /><trkpt lat="-36.939220381" lon="-73.055699355" /><trkpt lat="-36.939211752" lon="-73.055708878" /><trkpt lat="-36.939203147" lon="-73.055718623" /><trkpt lat="-36.939194508" lon="-73.055728595" /><trkpt lat="-36.939185779" lon="-73.055738804" /><trkpt lat="-36.939176904" lon="-73.055749256" /><trkpt lat="-36.939167826" lon="-73.055759959" /><trkpt lat="-36.939158489" lon="-73.055770921" /><trkpt lat="-36.939148836" lon="-73.055782149" /><trkpt lat="-36.939138812" lon="-73.055793651" /><trkpt lat="-36.939128358" lon="-73.055805434" /><trkpt lat="-36.939117420" lon="-73.055817507" /><trkpt lat="-36.939105941" lon="-73.055829875" /><trkpt lat="-36.939093863" lon="-73.055842548" /><trkpt lat="-36.939081132" lon="-73.055855532" /><trkpt lat="-36.939068319" lon="-73.055868633" /><trkpt lat="-36.939056037" lon="-73.055881658" /><trkpt lat="-36.939044286" lon="-73.055894623" /><trkpt lat="-36.939033069" lon="-73.055907541" /><trkpt lat="-36.939022385" lon="-73.055920427" /><trkpt lat="-36.939012238" lon="-73.055933295" /><trkpt lat="-36.939002628" lon="-73.055946159" /><trkpt lat="-36.938993557" lon="-73.055959035" /><trkpt lat="-36.938985027" lon="-73.055971935" /><trkpt lat="-36.938977038" lon="-73.055984874" /><trkpt lat="-36.938969592" lon="-73.055997868" /><trkpt lat="-36.938962690" lon="-73.056010929" /><trkpt lat="-36.938956335" lon="-73.056024072" /><trkpt lat="-36.938950526" lon="-73.056037312" /><trkpt lat="-36.938945267" lon="-73.056050663" /><trkpt lat="-36.938940558" lon="-73.056064139" /><trkpt lat="-36.938936401" lon="-73.056077755" /><trkpt lat="-36.938932797" lon="-73.056091524" /><trkpt lat="-36.938929747" lon="-73.056105461" /><trkpt lat="-36.938927253" lon="-73.056119581" /><trkpt lat="-36.938925317" lon="-73.056133898" /><trkpt lat="-36.938923939" lon="-73.056148425" /><trkpt lat="-36.938923122" lon="-73.056163178" /><trkpt lat="-36.938922866" lon="-73.056178170" /><trkpt lat="-36.938923174" lon="-73.056193416" /><trkpt lat="-36.938924046" lon="-73.056208931" /><trkpt lat="-36.938925484" lon="-73.056224728" /><trkpt lat="-36.938927489" lon="-73.056240822" /><trkpt lat="-36.938930064" lon="-73.056257227" /><trkpt lat="-36.938933208" lon="-73.056273957" /><trkpt lat="-36.938936691" lon="-73.056290655" /><trkpt lat="-36.938940293" lon="-73.056306940" /><trkpt lat="-36.938944030" lon="-73.056322792" /><trkpt lat="-36.938947922" lon="-73.056338192" /><trkpt lat="-36.938951987" lon="-73.056353119" /><trkpt lat="-36.938956241" lon="-73.056367555" /><trkpt lat="-36.938960705" lon="-73.056381480" /><trkpt lat="-36.938965395" lon="-73.056394873" /><trkpt lat="-36.938970331" lon="-73.056407716" /><trkpt lat="-36.938975529" lon="-73.056419988" /><trkpt lat="-36.938981008" lon="-73.056431671" /><trkpt lat="-36.938986787" lon="-73.056442743" /><trkpt lat="-36.938992882" lon="-73.056453186" /><trkpt lat="-36.938999314" lon="-73.056462980" /><trkpt lat="-36.939006098" lon="-73.056472105" /><trkpt lat="-36.939013254" lon="-73.056480542" /><trkpt lat="-36.939020800" lon="-73.056488271" /><trkpt lat="-36.939028754" lon="-73.056495272" /><trkpt lat="-36.939037134" lon="-73.056501525" /><trkpt lat="-36.939045957" lon="-73.056507011" /><trkpt lat="-36.939055243" lon="-73.056511711" /><trkpt lat="-36.939065009" lon="-73.056515604" /><trkpt lat="-36.939075273" lon="-73.056518671" /><trkpt lat="-36.939086054" lon="-73.056520892" /><trkpt lat="-36.939097369" lon="-73.056522248" /><trkpt lat="-36.939109237" lon="-73.056522718" /><trkpt lat="-36.939121676" lon="-73.056522284" /><trkpt lat="-36.939134703" lon="-73.056520925" /><trkpt lat="-36.939148338" lon="-73.056518623" /><trkpt lat="-36.939162597" lon="-73.056515356" /><trkpt lat="-36.939176929" lon="-73.056511609" /><trkpt lat="-36.939190790" lon="-73.056507894" /><trkpt lat="-36.939204208" lon="-73.056504235" /><trkpt lat="-36.939217214" lon="-73.056500654" /><trkpt lat="-36.939229836" lon="-73.056497175" /><trkpt lat="-36.939242106" lon="-73.056493820" /><trkpt lat="-36.939254051" lon="-73.056490615" /><trkpt lat="-36.939265703" lon="-73.056487581" /><trkpt lat="-36.939277090" lon="-73.056484741" /><trkpt lat="-36.939288242" lon="-73.056482120" /><trkpt lat="-36.939299188" lon="-73.056479740" /><trkpt lat="-36.939309960" lon="-73.056477625" /><trkpt lat="-36.939320585" lon="-73.056475797" /><trkpt lat="-36.939331093" lon="-73.056474281" /><trkpt lat="-36.939341515" lon="-73.056473099" /><trkpt lat="-36.939351880" lon="-73.056472275" /><trkpt lat="-36.939362217" lon="-73.056471832" /><trkpt lat="-36.939372557" lon="-73.056471792" /><trkpt lat="-36.939382928" lon="-73.056472180" /><trkpt lat="-36.939393360" lon="-73.056473019" /><trkpt lat="-36.939403883" lon="-73.056474332" /><trkpt lat="-36.939414527" lon="-73.056476142" /><trkpt lat="-36.939425321" lon="-73.056478472" /><trkpt lat="-36.939436294" lon="-73.056481346" /><trkpt lat="-36.939447477" lon="-73.056484787" /><trkpt lat="-36.939458899" lon="-73.056488818" /><trkpt lat="-36.939470590" lon="-73.056493462" /><trkpt lat="-36.939482579" lon="-73.056498744" /><trkpt lat="-36.939494895" lon="-73.056504685" /><trkpt lat="-36.939507570" lon="-73.056511309" /><trkpt lat="-36.939520462" lon="-73.056518275" /><trkpt lat="-36.939533418" lon="-73.056525227" /><trkpt lat="-36.939546443" lon="-73.056532171" /><trkpt lat="-36.939559544" lon="-73.056539112" /><trkpt lat="-36.939572728" lon="-73.056546054" /><trkpt lat="-36.939585999" lon="-73.056553001" /><trkpt lat="-36.939599364" lon="-73.056559960" /><trkpt lat="-36.939612830" lon="-73.056566934" /><trkpt lat="-36.939626403" lon="-73.056573928" /><trkpt lat="-36.939640089" lon="-73.056580947" /><trkpt lat="-36.939653894" lon="-73.056587996" /><trkpt lat="-36.939667824" lon="-73.056595080" /><trkpt lat="-36.939681885" lon="-73.056602203" /><trkpt lat="-36.939696084" lon="-73.056609370" /><trkpt lat="-36.939710427" lon="-73.056616586" /><trkpt lat="-36.939724921" lon="-73.056623855" /><trkpt lat="-36.939739570" lon="-73.056631183" /><trkpt lat="-36.939754382" lon="-73.056638575" /><trkpt lat="-36.939769362" lon="-73.056646034" /><trkpt lat="-36.939784518" lon="-73.056653566" /><trkpt lat="-36.939799854" lon="-73.056661175" /><trkpt lat="-36.939815378" lon="-73.056668866" /><trkpt lat="-36.939831095" lon="-73.056676645" /><trkpt lat="-36.939847011" lon="-73.056684515" /><trkpt lat="-36.939863134" lon="-73.056692482" /><trkpt lat="-36.939879468" lon="-73.056700551" /><trkpt lat="-36.939896021" lon="-73.056708725" /><trkpt lat="-36.939912798" lon="-73.056717010" /><trkpt lat="-36.939929805" lon="-73.056725411" /><trkpt lat="-36.939947050" lon="-73.056733932" /><trkpt lat="-36.939964135" lon="-73.056742409" /><trkpt lat="-36.939980680" lon="-73.056750696" /><trkpt lat="-36.939996706" lon="-73.056758827" /><trkpt lat="-36.940012238" lon="-73.056766837" /><trkpt lat="-36.940027300" lon="-73.056774758" /><trkpt lat="-36.940041916" lon="-73.056782626" /><trkpt lat="-36.940056110" lon="-73.056790474" /><trkpt lat="-36.940069905" lon="-73.056798336" /><trkpt lat="-36.940083326" lon="-73.056806247" /><trkpt lat="-36.940096396" lon="-73.056814239" /><trkpt lat="-36.940109139" lon="-73.056822348" /><trkpt lat="-36.940121580" lon="-73.056830606" /><trkpt lat="-36.940133742" lon="-73.056839049" /><trkpt lat="-36.940145648" lon="-73.056847710" /><trkpt lat="-36.940157324" lon="-73.056856623" /><trkpt lat="-36.940168792" lon="-73.056865822" /><trkpt lat="-36.940180077" lon="-73.056875342" /><trkpt lat="-36.940191202" lon="-73.056885215" /><trkpt lat="-36.940202192" lon="-73.056895476" /><trkpt lat="-36.940213071" lon="-73.056906160" /><trkpt lat="-36.940223861" lon="-73.056917299" /><trkpt lat="-36.940234588" lon="-73.056928929" /><trkpt lat="-36.940245274" lon="-73.056941083" /><trkpt lat="-36.940255945" lon="-73.056953794" /><trkpt lat="-36.940266624" lon="-73.056967098" /><trkpt lat="-36.940277334" lon="-73.056981028" /><trkpt lat="-36.940288100" lon="-73.056995618" /><trkpt lat="-36.940298945" lon="-73.057010902" /><trkpt lat="-36.940309894" lon="-73.057026913" /><trkpt lat="-36.940320970" lon="-73.057043687" /><trkpt lat="-36.940329015" lon="-73.057056070" /><trkpt lat="-36.940337220" lon="-73.057068692" /><trkpt lat="-36.940345578" lon="-73.057081544" /><trkpt lat="-36.940354080" lon="-73.057094618" /><trkpt lat="-36.940362720" lon="-73.057107906" /><trkpt lat="-36.940371489" lon="-73.057121401" /><trkpt lat="-36.940380380" lon="-73.057135093" /><trkpt lat="-36.940389386" lon="-73.057148976" /><trkpt lat="-36.940398497" lon="-73.057163040" /><trkpt lat="-36.940407708" lon="-73.057177279" /><trkpt lat="-36.940417010" lon="-73.057191684" /><trkpt lat="-36.940426396" lon="-73.057206246" /><trkpt lat="-36.940435858" lon="-73.057220958" /><trkpt lat="-36.940445389" lon="-73.057235813" /><trkpt lat="-36.940454980" lon="-73.057250801" /><trkpt lat="-36.940464624" lon="-73.057265915" /><trkpt lat="-36.940474313" lon="-73.057281146" /><trkpt lat="-36.940484041" lon="-73.057296487" /><trkpt lat="-36.940493799" lon="-73.057311930" /><trkpt lat="-36.940503579" lon="-73.057327467" /><trkpt lat="-36.940513374" lon="-73.057343089" /><trkpt lat="-36.940523177" lon="-73.057358788" /><trkpt lat="-36.940532979" lon="-73.057374557" /><trkpt lat="-36.940542773" lon="-73.057390388" /><trkpt lat="-36.940552552" lon="-73.057406272" /><trkpt lat="-36.940562307" lon="-73.057422202" /><trkpt lat="-36.940572031" lon="-73.057438168" /><trkpt lat="-36.940581717" lon="-73.057454164" /><trkpt lat="-36.940591357" lon="-73.057470182" /><trkpt lat="-36.940600943" lon="-73.057486213" /><trkpt lat="-36.940610467" lon="-73.057502248" /><trkpt lat="-36.940619923" lon="-73.057518281" /><trkpt lat="-36.940629301" lon="-73.057534304" /><trkpt lat="-36.940638595" lon="-73.057550307" /><trkpt lat="-36.940647797" lon="-73.057566283" /><trkpt lat="-36.940656900" lon="-73.057582225" /><trkpt lat="-36.940665895" lon="-73.057598123" /><trkpt lat="-36.940674775" lon="-73.057613970" /><trkpt lat="-36.940683533" lon="-73.057629759" /><trkpt lat="-36.940692160" lon="-73.057645480" /><trkpt lat="-36.940700650" lon="-73.057661126" /><trkpt lat="-36.940708994" lon="-73.057676688" /><trkpt lat="-36.940717380" lon="-73.057692320" /><trkpt lat="-36.940725989" lon="-73.057708167" /><trkpt lat="-36.940734807" lon="-73.057724211" /><trkpt lat="-36.940743820" lon="-73.057740434" /><trkpt lat="-36.940753011" lon="-73.057756820" /><trkpt lat="-36.940762367" lon="-73.057773350" /><trkpt lat="-36.940771873" lon="-73.057790007" /><trkpt lat="-36.940781513" lon="-73.057806773" /><trkpt lat="-36.940791273" lon="-73.057823631" /><trkpt lat="-36.940801138" lon="-73.057840563" /><trkpt lat="-36.940811094" lon="-73.057857552" /><trkpt lat="-36.940821125" lon="-73.057874579" /><trkpt lat="-36.940831216" lon="-73.057891629" /><trkpt lat="-36.940841353" lon="-73.057908681" /><trkpt lat="-36.940851521" lon="-73.057925721" /><trkpt lat="-36.940861705" lon="-73.057942728" /><trkpt lat="-36.940871891" lon="-73.057959687" /><trkpt lat="-36.940882063" lon="-73.057976580" /><trkpt lat="-36.940892206" lon="-73.057993388" /><trkpt lat="-36.940902306" lon="-73.058010095" /><trkpt lat="-36.940912348" lon="-73.058026682" /><trkpt lat="-36.940922317" lon="-73.058043132" /><trkpt lat="-36.940932199" lon="-73.058059429" /><trkpt lat="-36.940941978" lon="-73.058075553" /><trkpt lat="-36.940951639" lon="-73.058091487" /><trkpt lat="-36.940961168" lon="-73.058107214" /><trkpt lat="-36.940970550" lon="-73.058122717" /><trkpt lat="-36.940979770" lon="-73.058137977" /><trkpt lat="-36.940988814" lon="-73.058152977" /><trkpt lat="-36.940997666" lon="-73.058167700" /><trkpt lat="-36.941006311" lon="-73.058182128" /><trkpt lat="-36.941014735" lon="-73.058196242" /><trkpt lat="-36.941022923" lon="-73.058210027" /><trkpt lat="-36.941030860" lon="-73.058223464" /><trkpt lat="-36.941038532" lon="-73.058236535" /><trkpt lat="-36.941045923" lon="-73.058249224" /><trkpt lat="-36.941053018" lon="-73.058261511" /><trkpt lat="-36.941059804" lon="-73.058273381" /><trkpt lat="-36.941066264" lon="-73.058284815" /><trkpt lat="-36.941072384" lon="-73.058295795" /><trkpt lat="-36.941078150" lon="-73.058306305" /><trkpt lat="-36.941083546" lon="-73.058316326" /><trkpt lat="-36.941089788" lon="-73.058328125" /><trkpt lat="-36.941096014" lon="-73.058340081" /><trkpt lat="-36.941102221" lon="-73.058352207" /><trkpt lat="-36.941108404" lon="-73.058364514" /><trkpt lat="-36.941114559" lon="-73.058377016" /><trkpt lat="-36.941120680" lon="-73.058389723" /><trkpt lat="-36.941126764" lon="-73.058402650" /><trkpt lat="-36.941132806" lon="-73.058415808" /><trkpt lat="-36.941138802" lon="-73.058429209" /><trkpt lat="-36.941144747" lon="-73.058442866" /><trkpt lat="-36.941150636" lon="-73.058456792" /><trkpt lat="-36.941156465" lon="-73.058470999" /><trkpt lat="-36.941162229" lon="-73.058485499" /><trkpt lat="-36.941167925" lon="-73.058500304" /><trkpt lat="-36.941173547" lon="-73.058515427" /><trkpt lat="-36.941179091" lon="-73.058530880" /><trkpt lat="-36.941184552" lon="-73.058546677" /><trkpt lat="-36.941189927" lon="-73.058562828" /><trkpt lat="-36.941195210" lon="-73.058579347" /><trkpt lat="-36.941200397" lon="-73.058596245" /><trkpt lat="-36.941205483" lon="-73.058613536" /><trkpt lat="-36.941210465" lon="-73.058631231" /><trkpt lat="-36.941215337" lon="-73.058649344" /><trkpt lat="-36.941220095" lon="-73.058667886" /><trkpt lat="-36.941224734" lon="-73.058686869" /><trkpt lat="-36.941229251" lon="-73.058706307" /><trkpt lat="-36.941233640" lon="-73.058726212" /><trkpt lat="-36.941237897" lon="-73.058746595" /><trkpt lat="-36.941242017" lon="-73.058767470" /><trkpt lat="-36.941245997" lon="-73.058788848" /><trkpt lat="-36.941249831" lon="-73.058810743" /><trkpt lat="-36.941253515" lon="-73.058833166" /><trkpt lat="-36.941257044" lon="-73.058856130" /><trkpt lat="-36.941260415" lon="-73.058879647" /><trkpt lat="-36.941263622" lon="-73.058903730" /><trkpt lat="-36.941265924" lon="-73.058921991" /><trkpt lat="-36.941268179" lon="-73.058940469" /><trkpt lat="-36.941270395" lon="-73.058959145" /><trkpt lat="-36.941272577" lon="-73.058978003" /><trkpt lat="-36.941274730" lon="-73.058997024" /><trkpt lat="-36.941276860" lon="-73.059016193" /><trkpt lat="-36.941278974" lon="-73.059035490" /><trkpt lat="-36.941281077" lon="-73.059054900" /><trkpt lat="-36.941283175" lon="-73.059074403" /><trkpt lat="-36.941285273" lon="-73.059093984" /><trkpt lat="-36.941287377" lon="-73.059113625" /><trkpt lat="-36.941289494" lon="-73.059133308" /><trkpt lat="-36.941291628" lon="-73.059153016" /><trkpt lat="-36.941293786" lon="-73.059172732" /><trkpt lat="-36.941295974" lon="-73.059192437" /><trkpt lat="-36.941298196" lon="-73.059212116" /><trkpt lat="-36.941300460" lon="-73.059231750" /><trkpt lat="-36.941302771" lon="-73.059251322" /><trkpt lat="-36.941305134" lon="-73.059270815" /><trkpt lat="-36.941307556" lon="-73.059290211" /><trkpt lat="-36.941310042" lon="-73.059309494" /><trkpt lat="-36.941312598" lon="-73.059328645" /><trkpt lat="-36.941315229" lon="-73.059347647" /><trkpt lat="-36.941317943" lon="-73.059366482" /><trkpt lat="-36.941320743" lon="-73.059385135" /><trkpt lat="-36.941323637" lon="-73.059403586" /><trkpt lat="-36.941326629" lon="-73.059421819" /><trkpt lat="-36.941329726" lon="-73.059439817" /><trkpt lat="-36.941332934" lon="-73.059457561" /><trkpt lat="-36.941336258" lon="-73.059475035" /><trkpt lat="-36.941339704" lon="-73.059492221" /><trkpt lat="-36.941343277" lon="-73.059509103" /><trkpt lat="-36.941346985" lon="-73.059525661" /><trkpt lat="-36.941350831" lon="-73.059541880" /><trkpt lat="-36.941354823" lon="-73.059557741" /><trkpt lat="-36.941358966" lon="-73.059573228" /><trkpt lat="-36.941363265" lon="-73.059588322" /><trkpt lat="-36.941367728" lon="-73.059603007" /><trkpt lat="-36.941372358" lon="-73.059617266" /><trkpt lat="-36.941377163" lon="-73.059631080" /><trkpt lat="-36.941382147" lon="-73.059644433" /><trkpt lat="-36.941387317" lon="-73.059657307" /><trkpt lat="-36.941392679" lon="-73.059669684" /><trkpt lat="-36.941398237" lon="-73.059681548" /><trkpt lat="-36.941403999" lon="-73.059692881" /><trkpt lat="-36.941409970" lon="-73.059703665" /><trkpt lat="-36.941416155" lon="-73.059713883" /><trkpt lat="-36.941423327" lon="-73.059724935" /><trkpt lat="-36.941430745" lon="-73.059735880" /><trkpt lat="-36.941438394" lon="-73.059746739" /><trkpt lat="-36.941446260" lon="-73.059757534" /><trkpt lat="-36.941454328" lon="-73.059768286" /><trkpt lat="-36.941462584" lon="-73.059779015" /><trkpt lat="-36.941471012" lon="-73.059789743" /><trkpt lat="-36.941479599" lon="-73.059800490" /><trkpt lat="-36.941488329" lon="-73.059811279" /><trkpt lat="-36.941497188" lon="-73.059822129" /><trkpt lat="-36.941506160" lon="-73.059833062" /><trkpt lat="-36.941515233" lon="-73.059844099" /><trkpt lat="-36.941524389" lon="-73.059855262" /><trkpt lat="-36.941533616" lon="-73.059866571" /><trkpt lat="-36.941542898" lon="-73.059878046" /><trkpt lat="-36.941552221" lon="-73.059889711" /><trkpt lat="-36.941561570" lon="-73.059901584" /><trkpt lat="-36.941570930" lon="-73.059913688" /><trkpt lat="-36.941580287" lon="-73.059926044" /><trkpt lat="-36.941589626" lon="-73.059938672" /><trkpt lat="-36.941598932" lon="-73.059951594" /><trkpt lat="-36.941608191" lon="-73.059964831" /><trkpt lat="-36.941617387" lon="-73.059978403" /><trkpt lat="-36.941626507" lon="-73.059992333" /><trkpt lat="-36.941635535" lon="-73.060006640" /><trkpt lat="-36.941644458" lon="-73.060021346" /><trkpt lat="-36.941653259" lon="-73.060036473" /><trkpt lat="-36.941661925" lon="-73.060052041" /><trkpt lat="-36.941670441" lon="-73.060068070" /><trkpt lat="-36.941678792" lon="-73.060084584" /><trkpt lat="-36.941686964" lon="-73.060101601" /><trkpt lat="-36.941694941" lon="-73.060119144" /><trkpt lat="-36.941702710" lon="-73.060137234" /><trkpt lat="-36.941710255" lon="-73.060155891" /><trkpt lat="-36.941717562" lon="-73.060175137" /><trkpt lat="-36.941724616" lon="-73.060194992" /><trkpt lat="-36.941731402" lon="-73.060215478" /><trkpt lat="-36.941737907" lon="-73.060236617" /><trkpt lat="-36.941744114" lon="-73.060258428" /><trkpt lat="-36.941750010" lon="-73.060280933" /><trkpt lat="-36.941755579" lon="-73.060304153" /><trkpt lat="-36.941760808" lon="-73.060328109" /><trkpt lat="-36.941766057" lon="-73.060353904" /><trkpt lat="-36.941770929" lon="-73.060378903" /><trkpt lat="-36.941775434" lon="-73.060403134" /><trkpt lat="-36.941779582" lon="-73.060426628" /><trkpt lat="-36.941783386" lon="-73.060449415" /><trkpt lat="-36.941786855" lon="-73.060471524" /><trkpt lat="-36.941790001" lon="-73.060492984" /><trkpt lat="-36.941792833" lon="-73.060513825" /><trkpt lat="-36.941795364" lon="-73.060534077" /><trkpt lat="-36.941797604" lon="-73.060553769" /><trkpt lat="-36.941799563" lon="-73.060572932" /><trkpt lat="-36.941801253" lon="-73.060591594" /><trkpt lat="-36.941802684" lon="-73.060609785" /><trkpt lat="-36.941803867" lon="-73.060627535" /><trkpt lat="-36.941804813" lon="-73.060644874" /><trkpt lat="-36.941805533" lon="-73.060661831" /><trkpt lat="-36.941806037" lon="-73.060678435" /><trkpt lat="-36.941806337" lon="-73.060694717" /><trkpt lat="-36.941806443" lon="-73.060710706" /><trkpt lat="-36.941806366" lon="-73.060726431" /><trkpt lat="-36.941806117" lon="-73.060741922" /><trkpt lat="-36.941805706" lon="-73.060757209" /><trkpt lat="-36.941805145" lon="-73.060772322" /><trkpt lat="-36.941804444" lon="-73.060787290" /><trkpt lat="-36.941803614" lon="-73.060802142" /><trkpt lat="-36.941802666" lon="-73.060816908" /><trkpt lat="-36.941801611" lon="-73.060831618" /><trkpt lat="-36.941800459" lon="-73.060846302" /><trkpt lat="-36.941799222" lon="-73.060860989" /><trkpt lat="-36.941797910" lon="-73.060875708" /><trkpt lat="-36.941796534" lon="-73.060890490" /><trkpt lat="-36.941795104" lon="-73.060905364" /><trkpt lat="-36.941793632" lon="-73.060920359" /><trkpt lat="-36.941792129" lon="-73.060935506" /><trkpt lat="-36.941790605" lon="-73.060950833" /><trkpt lat="-36.941789071" lon="-73.060966370" /><trkpt lat="-36.941787538" lon="-73.060982148" /><trkpt lat="-36.941786016" lon="-73.060998195" /><trkpt lat="-36.941784517" lon="-73.061014542" /><trkpt lat="-36.941782869" lon="-73.061034946" /><trkpt lat="-36.941781654" lon="-73.061054660" /><trkpt lat="-36.941780861" lon="-73.061073729" /><trkpt lat="-36.941780481" lon="-73.061092199" /><trkpt lat="-36.941780505" lon="-73.061110115" /><trkpt lat="-36.941780923" lon="-73.061127524" /><trkpt lat="-36.941781726" lon="-73.061144472" /><trkpt lat="-36.941782904" lon="-73.061161005" /><trkpt lat="-36.941784447" lon="-73.061177168" /><trkpt lat="-36.941786347" lon="-73.061193007" /><trkpt lat="-36.941788594" lon="-73.061208569" /><trkpt lat="-36.941791177" lon="-73.061223899" /><trkpt lat="-36.941794089" lon="-73.061239043" /><trkpt lat="-36.941797319" lon="-73.061254048" /><trkpt lat="-36.941800857" lon="-73.061268958" /><trkpt lat="-36.941804695" lon="-73.061283820" /><trkpt lat="-36.941808822" lon="-73.061298680" /><trkpt lat="-36.941813229" lon="-73.061313584" /><trkpt lat="-36.941817908" lon="-73.061328578" /><trkpt lat="-36.941822847" lon="-73.061343707" /><trkpt lat="-36.941828038" lon="-73.061359017" /><trkpt lat="-36.941833472" lon="-73.061374555" /><trkpt lat="-36.941839138" lon="-73.061390367" /><trkpt lat="-36.941845027" lon="-73.061406497" /><trkpt lat="-36.941851130" lon="-73.061422993" /><trkpt lat="-36.941857437" lon="-73.061439900" /><trkpt lat="-36.941863939" lon="-73.061457264" /><trkpt lat="-36.941870626" lon="-73.061475131" /><trkpt lat="-36.941877489" lon="-73.061493546" /><trkpt lat="-36.941884519" lon="-73.061512557" /><trkpt lat="-36.941891704" lon="-73.061532208" /><trkpt lat="-36.941897033" lon="-73.061547138" /><trkpt lat="-36.941902306" lon="-73.061562410" /><trkpt lat="-36.941907529" lon="-73.061578004" /><trkpt lat="-36.941912711" lon="-73.061593897" /><trkpt lat="-36.941917858" lon="-73.061610070" /><trkpt lat="-36.941922979" lon="-73.061626501" /><trkpt lat="-36.941928080" lon="-73.061643169" /><trkpt lat="-36.941933169" lon="-73.061660053" /><trkpt lat="-36.941938254" lon="-73.061677132" /><trkpt lat="-36.941943341" lon="-73.061694386" /><trkpt lat="-36.941948438" lon="-73.061711793" /><trkpt lat="-36.941953552" lon="-73.061729332" /><trkpt lat="-36.941958692" lon="-73.061746982" /><trkpt lat="-36.941963863" lon="-73.061764723" /><trkpt lat="-36.941969074" lon="-73.061782533" /><trkpt lat="-36.941974332" lon="-73.061800391" /><trkpt lat="-36.941979644" lon="-73.061818277" /><trkpt lat="-36.941985017" lon="-73.061836169" /><trkpt lat="-36.941990460" lon="-73.061854047" /><trkpt lat="-36.941995979" lon="-73.061871889" /><trkpt lat="-36.942001582" lon="-73.061889674" /><trkpt lat="-36.942007276" lon="-73.061907382" /><trkpt lat="-36.942013069" lon="-73.061924991" /><trkpt lat="-36.942018967" lon="-73.061942481" /><trkpt lat="-36.942024979" lon="-73.061959830" /><trkpt lat="-36.942031111" lon="-73.061977018" /><trkpt lat="-36.942037372" lon="-73.061994023" /><trkpt lat="-36.942043768" lon="-73.062010825" /><trkpt lat="-36.942050306" lon="-73.062027403" /><trkpt lat="-36.942056995" lon="-73.062043735" /><trkpt lat="-36.942063841" lon="-73.062059801" /><trkpt lat="-36.942070852" lon="-73.062075579" /><trkpt lat="-36.942078036" lon="-73.062091049" /><trkpt lat="-36.942085399" lon="-73.062106190" /><trkpt lat="-36.942092949" lon="-73.062120980" /><trkpt lat="-36.942100693" lon="-73.062135400" /><trkpt lat="-36.942108639" lon="-73.062149426" /><trkpt lat="-36.942116795" lon="-73.062163040" /><trkpt lat="-36.942125167" lon="-73.062176219" /><trkpt lat="-36.942133762" lon="-73.062188944" /><trkpt lat="-36.942142590" lon="-73.062201192" /><trkpt lat="-36.942151655" lon="-73.062212942" /><trkpt lat="-36.942164337" lon="-73.062228832" /><trkpt lat="-36.942176674" lon="-73.062244323" /><trkpt lat="-36.942188697" lon="-73.062259428" /><trkpt lat="-36.942200432" lon="-73.062274159" /><trkpt lat="-36.942211908" lon="-73.062288529" /><trkpt lat="-36.942223153" lon="-73.062302550" /><trkpt lat="-36.942234195" lon="-73.062316235" /><trkpt lat="-36.942245063" lon="-73.062329596" /><trkpt lat="-36.942255783" lon="-73.062342646" /><trkpt lat="-36.942266385" lon="-73.062355398" /><trkpt lat="-36.942276896" lon="-73.062367863" /><trkpt lat="-36.942287345" lon="-73.062380055" /><trkpt lat="-36.942297760" lon="-73.062391986" /><trkpt lat="-36.942308168" lon="-73.062403668" /><trkpt lat="-36.942318599" lon="-73.062415114" /><trkpt lat="-36.942329079" lon="-73.062426336" /><trkpt lat="-36.942339637" lon="-73.062437348" /><trkpt lat="-36.942350302" lon="-73.062448161" /><trkpt lat="-36.942361101" lon="-73.062458788" /><trkpt lat="-36.942372063" lon="-73.062469242" /><trkpt lat="-36.942383215" lon="-73.062479535" /><trkpt lat="-36.942394585" lon="-73.062489679" /><trkpt lat="-36.942406203" lon="-73.062499688" /><trkpt lat="-36.942418095" lon="-73.062509573" /><trkpt lat="-36.942430291" lon="-73.062519347" /><trkpt lat="-36.942442817" lon="-73.062529023" /><trkpt lat="-36.942455703" lon="-73.062538613" /><trkpt lat="-36.942468976" lon="-73.062548130" /><trkpt lat="-36.942482664" lon="-73.062557586" /><trkpt lat="-36.942496796" lon="-73.062566994" /><trkpt lat="-36.942511163" lon="-73.062576278" /><trkpt lat="-36.942525540" lon="-73.062585363" /><trkpt lat="-36.942539928" lon="-73.062594261" /><trkpt lat="-36.942554326" lon="-73.062602986" /><trkpt lat="-36.942568737" lon="-73.062611551" /><trkpt lat="-36.942583160" lon="-73.062619969" /><trkpt lat="-36.942597597" lon="-73.062628252" /><trkpt lat="-36.942612049" lon="-73.062636413" /><trkpt lat="-36.942626516" lon="-73.062644467" /><trkpt lat="-36.942641000" lon="-73.062652424" /><trkpt lat="-36.942655500" lon="-73.062660299" /><trkpt lat="-36.942670019" lon="-73.062668104" /><trkpt lat="-36.942684557" lon="-73.062675853" /><trkpt lat="-36.942699114" lon="-73.062683558" /><trkpt lat="-36.942713692" lon="-73.062691231" /><trkpt lat="-36.942728291" lon="-73.062698887" /><trkpt lat="-36.942742913" lon="-73.062706539" /><trkpt lat="-36.942757558" lon="-73.062714198" /><trkpt lat="-36.942772226" lon="-73.062721878" /><trkpt lat="-36.942786920" lon="-73.062729592" /><trkpt lat="-36.942801639" lon="-73.062737353" /><trkpt lat="-36.942816385" lon="-73.062745173" /><trkpt lat="-36.942831158" lon="-73.062753067" /><trkpt lat="-36.942845960" lon="-73.062761046" /><trkpt lat="-36.942860791" lon="-73.062769124" /><trkpt lat="-36.942875651" lon="-73.062777313" /><trkpt lat="-36.942890543" lon="-73.062785627" /><trkpt lat="-36.942905466" lon="-73.062794078" /><trkpt lat="-36.942920422" lon="-73.062802680" /><trkpt lat="-36.942935411" lon="-73.062811446" /><trkpt lat="-36.942950236" lon="-73.062820324" /><trkpt lat="-36.942964719" lon="-73.062829241" /><trkpt lat="-36.942978889" lon="-73.062838176" /><trkpt lat="-36.942992774" lon="-73.062847108" /><trkpt lat="-36.943006402" lon="-73.062856015" /><trkpt lat="-36.943019802" lon="-73.062864877" /><trkpt lat="-36.943033002" lon="-73.062873670" /><trkpt lat="-36.943046032" lon="-73.062882375" /><trkpt lat="-36.943058919" lon="-73.062890970" /><trkpt lat="-36.943071692" lon="-73.062899434" /><trkpt lat="-36.943084380" lon="-73.062907745" /><trkpt lat="-36.943097010" lon="-73.062915882" /><trkpt lat="-36.943109612" lon="-73.062923824" /><trkpt lat="-36.943122215" lon="-73.062931549" /><trkpt lat="-36.943134846" lon="-73.062939036" /><trkpt lat="-36.943147534" lon="-73.062946264" /><trkpt lat="-36.943160308" lon="-73.062953212" /><trkpt lat="-36.943173196" lon="-73.062959857" /><trkpt lat="-36.943186227" lon="-73.062966179" /><trkpt lat="-36.943199429" lon="-73.062972157" /><trkpt lat="-36.943212831" lon="-73.062977768" /><trkpt lat="-36.943226461" lon="-73.062982993" /><trkpt lat="-36.943240348" lon="-73.062987809" /><trkpt lat="-36.943254520" lon="-73.062992195" /><trkpt lat="-36.943269006" lon="-73.062996129" /><trkpt lat="-36.943283835" lon="-73.062999592" /><trkpt lat="-36.943299034" lon="-73.063002560" /><trkpt lat="-36.943314633" lon="-73.063005013" /><trkpt lat="-36.943330659" lon="-73.063006930" /><trkpt lat="-36.943347143" lon="-73.063008289" /><trkpt lat="-36.943363504" lon="-73.063009512" /><trkpt lat="-36.943379167" lon="-73.063011031" /><trkpt lat="-36.943394163" lon="-73.063012838" /><trkpt lat="-36.943408520" lon="-73.063014923" /><trkpt lat="-36.943422271" lon="-73.063017279" /><trkpt lat="-36.943435446" lon="-73.063019897" /><trkpt lat="-36.943448075" lon="-73.063022770" /><trkpt lat="-36.943460188" lon="-73.063025887" /><trkpt lat="-36.943471816" lon="-73.063029242" /><trkpt lat="-36.943482990" lon="-73.063032826" /><trkpt lat="-36.943493740" lon="-73.063036630" /><trkpt lat="-36.943504096" lon="-73.063040647" /><trkpt lat="-36.943514089" lon="-73.063044867" /><trkpt lat="-36.943523750" lon="-73.063049283" /><trkpt lat="-36.943533109" lon="-73.063053886" /><trkpt lat="-36.943542196" lon="-73.063058668" /><trkpt lat="-36.943551042" lon="-73.063063621" /><trkpt lat="-36.943559678" lon="-73.063068735" /><trkpt lat="-36.943568133" lon="-73.063074003" /><trkpt lat="-36.943576439" lon="-73.063079417" /><trkpt lat="-36.943584626" lon="-73.063084968" /><trkpt lat="-36.943592724" lon="-73.063090647" /><trkpt lat="-36.943600764" lon="-73.063096447" /><trkpt lat="-36.943608777" lon="-73.063102359" /><trkpt lat="-36.943616792" lon="-73.063108375" /><trkpt lat="-36.943624841" lon="-73.063114486" /><trkpt lat="-36.943632953" lon="-73.063120684" /><trkpt lat="-36.943641160" lon="-73.063126961" /><trkpt lat="-36.943649492" lon="-73.063133308" /><trkpt lat="-36.943657979" lon="-73.063139717" /><trkpt lat="-36.943666485" lon="-73.063145967" /><trkpt lat="-36.943674863" lon="-73.063151848" /><trkpt lat="-36.943683131" lon="-73.063157363" /><trkpt lat="-36.943691302" lon="-73.063162519" /><trkpt lat="-36.943699394" lon="-73.063167321" /><trkpt lat="-36.943707421" lon="-73.063171775" /><trkpt lat="-36.943715400" lon="-73.063175885" /><trkpt lat="-36.943723345" lon="-73.063179657" /><trkpt lat="-36.943731274" lon="-73.063183096" /><trkpt lat="-36.943739201" lon="-73.063186209" /><trkpt lat="-36.943747142" lon="-73.063188999" /><trkpt lat="-36.943755114" lon="-73.063191473" /><trkpt lat="-36.943763131" lon="-73.063193636" /><trkpt lat="-36.943771210" lon="-73.063195493" /><trkpt lat="-36.943779365" lon="-73.063197049" /><trkpt lat="-36.943787614" lon="-73.063198311" /><trkpt lat="-36.943795971" lon="-73.063199283" /><trkpt lat="-36.943804453" lon="-73.063199970" /><trkpt lat="-36.943813075" lon="-73.063200379" /><trkpt lat="-36.943821852" lon="-73.063200514" /><trkpt lat="-36.943830801" lon="-73.063200381" /><trkpt lat="-36.943839937" lon="-73.063199984" /><trkpt lat="-36.943849276" lon="-73.063199331" /><trkpt lat="-36.943858834" lon="-73.063198425" /><trkpt lat="-36.943868626" lon="-73.063197273" /><trkpt lat="-36.943878668" lon="-73.063195879" /><trkpt lat="-36.943888976" lon="-73.063194249" /><trkpt lat="-36.943899566" lon="-73.063192388" /><trkpt lat="-36.943910453" lon="-73.063190303" /><trkpt lat="-36.943921653" lon="-73.063187997" /><trkpt lat="-36.943932839" lon="-73.063185494" /><trkpt lat="-36.943943694" lon="-73.063182842" /><trkpt lat="-36.943954244" lon="-73.063180086" /><trkpt lat="-36.943964514" lon="-73.063177269" /><trkpt lat="-36.943974531" lon="-73.063174435" /><trkpt lat="-36.943984321" lon="-73.063171627" /><trkpt lat="-36.943993910" lon="-73.063168890" /><trkpt lat="-36.944003325" lon="-73.063166268" /><trkpt lat="-36.944012592" lon="-73.063163803" /><trkpt lat="-36.944021737" lon="-73.063161541" /><trkpt lat="-36.944030787" lon="-73.063159524" /><trkpt lat="-36.944039767" lon="-73.063157797" /><trkpt lat="-36.944048705" lon="-73.063156404" /><trkpt lat="-36.944057625" lon="-73.063155387" /><trkpt lat="-36.944066555" lon="-73.063154792" /><trkpt lat="-36.944075521" lon="-73.063154662" /><trkpt lat="-36.944084548" lon="-73.063155040" /><trkpt lat="-36.944093664" lon="-73.063155971" /><trkpt lat="-36.944102895" lon="-73.063157499" /><trkpt lat="-36.944112266" lon="-73.063159666" /><trkpt lat="-36.944121804" lon="-73.063162518" /><trkpt lat="-36.944131535" lon="-73.063166097" /><trkpt lat="-36.944141486" lon="-73.063170449" /><trkpt lat="-36.944151683" lon="-73.063175615" /><trkpt lat="-36.944162152" lon="-73.063181641" /><trkpt lat="-36.944172919" lon="-73.063188570" /><trkpt lat="-36.944184011" lon="-73.063196446" /><trkpt lat="-36.944195453" lon="-73.063205313" /><trkpt lat="-36.944207273" lon="-73.063215214" /><trkpt lat="-36.944219496" lon="-73.063226194" /><trkpt lat="-36.944231803" lon="-73.063237580" /><trkpt lat="-36.944243864" lon="-73.063248652" /><trkpt lat="-36.944255692" lon="-73.063259384" /><trkpt lat="-36.944267298" lon="-73.063269747" /><trkpt lat="-36.944278695" lon="-73.063279714" /><trkpt lat="-36.944289894" lon="-73.063289258" /><trkpt lat="-36.944300908" lon="-73.063298352" /><trkpt lat="-36.944311747" lon="-73.063306967" /><trkpt lat="-36.944322425" lon="-73.063315077" /><trkpt lat="-36.944332952" lon="-73.063322654" /><trkpt lat="-36.944343341" lon="-73.063329671" /><trkpt lat="-36.944353604" lon="-73.063336100" /><trkpt lat="-36.944363753" lon="-73.063341914" /><trkpt lat="-36.944373799" lon="-73.063347086" /><trkpt lat="-36.944383755" lon="-73.063351587" /><trkpt lat="-36.944393632" lon="-73.063355391" /><trkpt lat="-36.944403443" lon="-73.063358471" /><trkpt lat="-36.944413198" lon="-73.063360798" /><trkpt lat="-36.944422911" lon="-73.063362345" /><trkpt lat="-36.944432593" lon="-73.063363086" /><trkpt lat="-36.944442256" lon="-73.063362992" /><trkpt lat="-36.944451911" lon="-73.063362036" /><trkpt lat="-36.944461572" lon="-73.063360191" /><trkpt lat="-36.944471249" lon="-73.063357429" /><trkpt lat="-36.944480955" lon="-73.063353723" /><trkpt lat="-36.944490701" lon="-73.063349045" /><trkpt lat="-36.944500499" lon="-73.063343369" /><trkpt lat="-36.944510362" lon="-73.063336666" /><trkpt lat="-36.944520301" lon="-73.063328909" /><trkpt lat="-36.944530329" lon="-73.063320071" /><trkpt lat="-36.944539956" lon="-73.063310211" /><trkpt lat="-36.944548730" lon="-73.063299447" /><trkpt lat="-36.944556709" lon="-73.063287842" /><trkpt lat="-36.944563953" lon="-73.063275457" /><trkpt lat="-36.944570522" lon="-73.063262354" /><trkpt lat="-36.944576478" lon="-73.063248596" /><trkpt lat="-36.944581878" lon="-73.063234244" /><trkpt lat="-36.944586784" lon="-73.063219360" /><trkpt lat="-36.944591256" lon="-73.063204007" /><trkpt lat="-36.944595353" lon="-73.063188246" /><trkpt lat="-36.944599136" lon="-73.063172139" /><trkpt lat="-36.944602665" lon="-73.063155748" /><trkpt lat="-36.944605999" lon="-73.063139136" /><trkpt lat="-36.944609198" lon="-73.063122364" /><trkpt lat="-36.944612324" lon="-73.063105494" /><trkpt lat="-36.944615435" lon="-73.063088589" /><trkpt lat="-36.944618592" lon="-73.063071710" /><trkpt lat="-36.944621855" lon="-73.063054919" /><trkpt lat="-36.944625283" lon="-73.063038278" /><trkpt lat="-36.944628937" lon="-73.063021849" /><trkpt lat="-36.944632877" lon="-73.063005695" /><trkpt lat="-36.944637163" lon="-73.062989876" /><trkpt lat="-36.944641855" lon="-73.062974456" /><trkpt lat="-36.944647013" lon="-73.062959496" /><trkpt lat="-36.944652696" lon="-73.062945059" /><trkpt lat="-36.944658966" lon="-73.062931205" /><trkpt lat="-36.944665881" lon="-73.062917997" /><trkpt lat="-36.944673503" lon="-73.062905498" /><trkpt lat="-36.944681890" lon="-73.062893768" /><trkpt lat="-36.944691104" lon="-73.062882871" /><trkpt lat="-36.944700523" lon="-73.062873002" /><trkpt lat="-36.944709509" lon="-73.062864289" /><trkpt lat="-36.944718088" lon="-73.062856689" /><trkpt lat="-36.944726288" lon="-73.062850159" /><trkpt lat="-36.944734137" lon="-73.062844659" /><trkpt lat="-36.944741664" lon="-73.062840144" /><trkpt lat="-36.944748896" lon="-73.062836573" /><trkpt lat="-36.944755862" lon="-73.062833904" /><trkpt lat="-36.944762588" lon="-73.062832095" /><trkpt lat="-36.944769104" lon="-73.062831102" /><trkpt lat="-36.944775438" lon="-73.062830884" /><trkpt lat="-36.944781616" lon="-73.062831399" /><trkpt lat="-36.944787668" lon="-73.062832603" /><trkpt lat="-36.944793620" lon="-73.062834456" /><trkpt lat="-36.944799502" lon="-73.062836914" /><trkpt lat="-36.944805341" lon="-73.062839935" /><trkpt lat="-36.944811166" lon="-73.062843478" /><trkpt lat="-36.944817003" lon="-73.062847499" /><trkpt lat="-36.944822881" lon="-73.062851956" /><trkpt lat="-36.944828828" lon="-73.062856808" /><trkpt lat="-36.944834873" lon="-73.062862011" /><trkpt lat="-36.944841042" lon="-73.062867523" /><trkpt lat="-36.944847364" lon="-73.062873303" /><trkpt lat="-36.944853868" lon="-73.062879308" /><trkpt lat="-36.944860580" lon="-73.062885496" /><trkpt lat="-36.944867529" lon="-73.062891823" /><trkpt lat="-36.944874743" lon="-73.062898249" /><trkpt lat="-36.944882250" lon="-73.062904730" /><trkpt lat="-36.944890078" lon="-73.062911225" /><trkpt lat="-36.944898254" lon="-73.062917691" /><trkpt lat="-36.944906530" lon="-73.062923874" /><trkpt lat="-36.944914642" lon="-73.062929538" /><trkpt lat="-36.944922599" lon="-73.062934661" /><trkpt lat="-36.944930409" lon="-73.062939225" /><trkpt lat="-36.944938080" lon="-73.062943209" /><trkpt lat="-36.944945620" lon="-73.062946594" /><trkpt lat="-36.944953037" lon="-73.062949361" /><trkpt lat="-36.944960339" lon="-73.062951489" /><trkpt lat="-36.944967535" lon="-73.062952959" /><trkpt lat="-36.944974632" lon="-73.062953751" /><trkpt lat="-36.944981638" lon="-73.062953846" /><trkpt lat="-36.944988562" lon="-73.062953225" /><trkpt lat="-36.944995412" lon="-73.062951866" /><trkpt lat="-36.945002195" lon="-73.062949751" /><trkpt lat="-36.945008920" lon="-73.062946860" /><trkpt lat="-36.945015596" lon="-73.062943173" /><trkpt lat="-36.945022229" lon="-73.062938671" /><trkpt lat="-36.945028829" lon="-73.062933333" /><trkpt lat="-36.945035402" lon="-73.062927141" /><trkpt lat="-36.945041959" lon="-73.062920075" /><trkpt lat="-36.945048505" lon="-73.062912114" /><trkpt lat="-36.945055050" lon="-73.062903240" /><trkpt lat="-36.945061602" lon="-73.062893433" /><trkpt lat="-36.945068169" lon="-73.062882672" /><trkpt lat="-36.945074758" lon="-73.062870938" /><trkpt lat="-36.945081379" lon="-73.062858212" /><trkpt lat="-36.945088038" lon="-73.062844474" /><trkpt lat="-36.945094745" lon="-73.062829705" /><trkpt lat="-36.945101507" lon="-73.062813884" /><trkpt lat="-36.945108332" lon="-73.062796991" /><trkpt lat="-36.945114298" lon="-73.062781907" /><trkpt lat="-36.945120439" lon="-73.062766565" /><trkpt lat="-36.945126759" lon="-73.062751001" /><trkpt lat="-36.945133263" lon="-73.062735250" /><trkpt lat="-36.945139953" lon="-73.062719349" /><trkpt lat="-36.945146835" lon="-73.062703331" /><trkpt lat="-36.945153912" lon="-73.062687234" /><trkpt lat="-36.945161188" lon="-73.062671092" /><trkpt lat="-36.945168668" lon="-73.062654942" /><trkpt lat="-36.945176355" lon="-73.062638818" /><trkpt lat="-36.945184253" lon="-73.062622756" /><trkpt lat="-36.945192366" lon="-73.062606791" /><trkpt lat="-36.945200699" lon="-73.062590960" /><trkpt lat="-36.945209255" lon="-73.062575297" /><trkpt lat="-36.945218039" lon="-73.062559838" /><trkpt lat="-36.945227054" lon="-73.062544619" /><trkpt lat="-36.945236304" lon="-73.062529675" /><trkpt lat="-36.945245794" lon="-73.062515042" /><trkpt lat="-36.945255528" lon="-73.062500755" /><trkpt lat="-36.945265509" lon="-73.062486850" /><trkpt lat="-36.945275742" lon="-73.062473362" /><trkpt lat="-36.945286230" lon="-73.062460326" /><trkpt lat="-36.945296977" lon="-73.062447779" /><trkpt lat="-36.945307989" lon="-73.062435756" /><trkpt lat="-36.945319268" lon="-73.062424292" /><trkpt lat="-36.945330818" lon="-73.062413423" /><trkpt lat="-36.945342645" lon="-73.062403184" /><trkpt lat="-36.945354751" lon="-73.062393611" /><trkpt lat="-36.945367140" lon="-73.062384739" /><trkpt lat="-36.945379818" lon="-73.062376605" /><trkpt lat="-36.945392787" lon="-73.062369242" /><trkpt lat="-36.945406052" lon="-73.062362688" /><trkpt lat="-36.945419617" lon="-73.062356977" /><trkpt lat="-36.945433485" lon="-73.062352145" /><trkpt lat="-36.945447662" lon="-73.062348227" /><trkpt lat="-36.945464156" lon="-73.062344633" /><trkpt lat="-36.945480204" lon="-73.062341895" /><trkpt lat="-36.945495819" lon="-73.062340012" /><trkpt lat="-36.945511012" lon="-73.062338981" /><trkpt lat="-36.945525796" lon="-73.062338802" /><trkpt lat="-36.945540182" lon="-73.062339472" /><trkpt lat="-36.945554181" lon="-73.062340990" /><trkpt lat="-36.945567808" lon="-73.062343354" /><trkpt lat="-36.945581071" lon="-73.062346562" /><trkpt lat="-36.945593985" lon="-73.062350611" /><trkpt lat="-36.945606561" lon="-73.062355502" /><trkpt lat="-36.945618810" lon="-73.062361231" /><trkpt lat="-36.945630745" lon="-73.062367796" /><trkpt lat="-36.945642378" lon="-73.062375197" /><trkpt lat="-36.945653719" lon="-73.062383431" /><trkpt lat="-36.945664783" lon="-73.062392497" /><trkpt lat="-36.945675579" lon="-73.062402392" /><trkpt lat="-36.945686121" lon="-73.062413115" /><trkpt lat="-36.945696419" lon="-73.062424664" /><trkpt lat="-36.945706487" lon="-73.062437038" /><trkpt lat="-36.945716335" lon="-73.062450234" /><trkpt lat="-36.945725976" lon="-73.062464251" /><trkpt lat="-36.945735422" lon="-73.062479087" /><trkpt lat="-36.945744685" lon="-73.062494740" /><trkpt lat="-36.945753776" lon="-73.062511209" /><trkpt lat="-36.945762707" lon="-73.062528491" /><trkpt lat="-36.945771491" lon="-73.062546585" /><trkpt lat="-36.945780139" lon="-73.062565488" /><trkpt lat="-36.945788663" lon="-73.062585201" /><trkpt lat="-36.945797075" lon="-73.062605719" /><trkpt lat="-36.945805049" lon="-73.062625784" /><trkpt lat="-36.945812808" lon="-73.062645487" /><trkpt lat="-36.945820380" lon="-73.062664828" /><trkpt lat="-36.945827791" lon="-73.062683807" /><trkpt lat="-36.945835069" lon="-73.062702423" /><trkpt lat="-36.945842242" lon="-73.062720678" /><trkpt lat="-36.945849336" lon="-73.062738572" /><trkpt lat="-36.945856379" lon="-73.062756104" /><trkpt lat="-36.945863398" lon="-73.062773275" /><trkpt lat="-36.945870420" lon="-73.062790085" /><trkpt lat="-36.945877473" lon="-73.062806534" /><trkpt lat="-36.945884584" lon="-73.062822622" /><trkpt lat="-36.945891780" lon="-73.062838350" /><trkpt lat="-36.945899089" lon="-73.062853717" /><trkpt lat="-36.945906537" lon="-73.062868724" /><trkpt lat="-36.945914153" lon="-73.062883371" /><trkpt lat="-36.945921962" lon="-73.062897658" /><trkpt lat="-36.945929994" lon="-73.062911585" /><trkpt lat="-36.945938274" lon="-73.062925152" /><trkpt lat="-36.945946830" lon="-73.062938360" /><trkpt lat="-36.945955690" lon="-73.062951209" /><trkpt lat="-36.945964881" lon="-73.062963698" /><trkpt lat="-36.945974429" lon="-73.062975828" /><trkpt lat="-36.945984363" lon="-73.062987600" /><trkpt lat="-36.945994709" lon="-73.062999012" /><trkpt lat="-36.946005495" lon="-73.063010067" /><trkpt lat="-36.946016749" lon="-73.063020762" /><trkpt lat="-36.946028496" lon="-73.063031100" /><trkpt lat="-36.946040765" lon="-73.063041079" /><trkpt lat="-36.946053584" lon="-73.063050701" /><trkpt lat="-36.946066978" lon="-73.063059965" /><trkpt lat="-36.946081286" lon="-73.063069343" /><trkpt lat="-36.946095897" lon="-73.063078705" /><trkpt lat="-36.946110785" lon="-73.063088050" /><trkpt lat="-36.946125925" lon="-73.063097379" /><trkpt lat="-36.946141290" lon="-73.063106692" /><trkpt lat="-36.946156856" lon="-73.063115991" /><trkpt lat="-36.946172596" lon="-73.063125275" /><trkpt lat="-36.946188484" lon="-73.063134545" /><trkpt lat="-36.946204496" lon="-73.063143802" /><trkpt lat="-36.946220604" lon="-73.063153047" /><trkpt lat="-36.946236784" lon="-73.063162280" /><trkpt lat="-36.946253010" lon="-73.063171502" /><trkpt lat="-36.946269256" lon="-73.063180712" /><trkpt lat="-36.946285496" lon="-73.063189913" /><trkpt lat="-36.946301705" lon="-73.063199104" /><trkpt lat="-36.946317856" lon="-73.063208286" /><trkpt lat="-36.946333925" lon="-73.063217460" /><trkpt lat="-36.946349885" lon="-73.063226626" /><trkpt lat="-36.946365710" lon="-73.063235785" /><trkpt lat="-36.946381376" lon="-73.063244938" /><trkpt lat="-36.946396855" lon="-73.063254084" /><trkpt lat="-36.946412124" lon="-73.063263225" /><trkpt lat="-36.946427155" lon="-73.063272361" /><trkpt lat="-36.946441923" lon="-73.063281494" /><trkpt lat="-36.946456402" lon="-73.063290622" /><trkpt lat="-36.946470567" lon="-73.063299748" /><trkpt lat="-36.946484392" lon="-73.063308871" /><trkpt lat="-36.946497851" lon="-73.063317992" /><trkpt lat="-36.946510919" lon="-73.063327112" /><trkpt lat="-36.946523569" lon="-73.063336232" /><trkpt lat="-36.946535819" lon="-73.063345182" /><trkpt lat="-36.946547716" lon="-73.063353781" /><trkpt lat="-36.946559277" lon="-73.063362014" /><trkpt lat="-36.946570519" lon="-73.063369863" /><trkpt lat="-36.946581461" lon="-73.063377312" /><trkpt lat="-36.946592119" lon="-73.063384345" /><trkpt lat="-36.946602512" lon="-73.063390945" /><trkpt lat="-36.946612658" lon="-73.063397096" /><trkpt lat="-36.946622572" lon="-73.063402781" /><trkpt lat="-36.946632274" lon="-73.063407984" /><trkpt lat="-36.946641781" lon="-73.063412688" /><trkpt lat="-36.946651110" lon="-73.063416877" /><trkpt lat="-36.946660279" lon="-73.063420534" /><trkpt lat="-36.946669306" lon="-73.063423643" /><trkpt lat="-36.946678208" lon="-73.063426188" /><trkpt lat="-36.946687003" lon="-73.063428151" /><trkpt lat="-36.946695708" lon="-73.063429516" /><trkpt lat="-36.946704342" lon="-73.063430268" /><trkpt lat="-36.946712921" lon="-73.063430389" /><trkpt lat="-36.946721463" lon="-73.063429863" /><trkpt lat="-36.946729986" lon="-73.063428673" /><trkpt lat="-36.946738507" lon="-73.063426803" /><trkpt lat="-36.946747045" lon="-73.063424237" /><trkpt lat="-36.946755615" lon="-73.063420957" /><trkpt lat="-36.946764238" lon="-73.063416949" /><trkpt lat="-36.946772929" lon="-73.063412194" /><trkpt lat="-36.946781706" lon="-73.063406677" /><trkpt lat="-36.946790587" lon="-73.063400381" /><trkpt lat="-36.946799590" lon="-73.063393289" /><trkpt lat="-36.946808732" lon="-73.063385386" /><trkpt lat="-36.946817631" lon="-73.063377024" /><trkpt lat="-36.946825900" lon="-73.063368555" /><trkpt lat="-36.946833555" lon="-73.063359964" /><trkpt lat="-36.946840610" lon="-73.063351233" /><trkpt lat="-36.946847079" lon="-73.063342346" /><trkpt lat="-36.946852976" lon="-73.063333287" /><trkpt lat="-36.946858316" lon="-73.063324037" /><trkpt lat="-36.946863113" lon="-73.063314582" /><trkpt lat="-36.946867381" lon="-73.063304904" /><trkpt lat="-36.946871135" lon="-73.063294986" /><trkpt lat="-36.946874389" lon="-73.063284811" /><trkpt lat="-36.946877156" lon="-73.063274364" /><trkpt lat="-36.946879452" lon="-73.063263627" /><trkpt lat="-36.946881291" lon="-73.063252583" /><trkpt lat="-36.946882687" lon="-73.063241217" /><trkpt lat="-36.946883654" lon="-73.063229511" /><trkpt lat="-36.946884206" lon="-73.063217448" /><trkpt lat="-36.946884358" lon="-73.063205013" /><trkpt lat="-36.946884125" lon="-73.063192187" /><trkpt lat="-36.946883520" lon="-73.063178955" /><trkpt lat="-36.946882558" lon="-73.063165300" /><trkpt lat="-36.946881252" lon="-73.063151205" /><trkpt lat="-36.946879619" lon="-73.063136653" /><trkpt lat="-36.946877670" lon="-73.063121628" /><trkpt lat="-36.946875422" lon="-73.063106113" /><trkpt lat="-36.946872888" lon="-73.063090092" /><trkpt lat="-36.946870082" lon="-73.063073547" /><trkpt lat="-36.946867019" lon="-73.063056462" /><trkpt lat="-36.946863713" lon="-73.063038820" /><trkpt lat="-36.946860178" lon="-73.063020605" /><trkpt lat="-36.946856573" lon="-73.063002282" /><trkpt lat="-36.946853057" lon="-73.062984309" /><trkpt lat="-36.946849649" lon="-73.062966663" /><trkpt lat="-36.946846366" lon="-73.062949320" /><trkpt lat="-36.946843228" lon="-73.062932254" /><trkpt lat="-36.946840251" lon="-73.062915441" /><trkpt lat="-36.946837455" lon="-73.062898858" /><trkpt lat="-36.946834856" lon="-73.062882478" /><trkpt lat="-36.946832474" lon="-73.062866279" /><trkpt lat="-36.946830327" lon="-73.062850235" /><trkpt lat="-36.946828431" lon="-73.062834323" /><trkpt lat="-36.946826807" lon="-73.062818517" /><trkpt lat="-36.946825471" lon="-73.062802793" /><trkpt lat="-36.946824441" lon="-73.062787128" /><trkpt lat="-36.946823737" lon="-73.062771495" /><trkpt lat="-36.946823376" lon="-73.062755872" /><trkpt lat="-36.946823375" lon="-73.062740233" /><trkpt lat="-36.946823754" lon="-73.062724554" /><trkpt lat="-36.946824530" lon="-73.062708810" /><trkpt lat="-36.946825722" lon="-73.062692978" /><trkpt lat="-36.946827347" lon="-73.062677033" /><trkpt lat="-36.946829423" lon="-73.062660950" /><trkpt lat="-36.946831970" lon="-73.062644705" /><trkpt lat="-36.946835004" lon="-73.062628273" /><trkpt lat="-36.946838544" lon="-73.062611630" /><trkpt lat="-36.946842608" lon="-73.062594752" /><trkpt lat="-36.946847214" lon="-73.062577614" /><trkpt lat="-36.946852380" lon="-73.062560192" /><trkpt lat="-36.946858125" lon="-73.062542461" /><trkpt lat="-36.946864465" lon="-73.062524397" /><trkpt lat="-36.946870195" lon="-73.062509097" /><trkpt lat="-36.946876301" lon="-73.062493625" /><trkpt lat="-36.946882775" lon="-73.062478027" /><trkpt lat="-36.946889607" lon="-73.062462348" /><trkpt lat="-36.946896787" lon="-73.062446633" /><trkpt lat="-36.946904305" lon="-73.062430927" /><trkpt lat="-36.946912152" lon="-73.062415275" /><trkpt lat="-36.946920319" lon="-73.062399723" /><trkpt lat="-36.946928795" lon="-73.062384315" /><trkpt lat="-36.946937571" lon="-73.062369096" /><trkpt lat="-36.946946638" lon="-73.062354113" /><trkpt lat="-36.946955985" lon="-73.062339410" /><trkpt lat="-36.946965603" lon="-73.062325031" /><trkpt lat="-36.946975483" lon="-73.062311023" /><trkpt lat="-36.946985615" lon="-73.062297431" /><trkpt lat="-36.946995989" lon="-73.062284299" /><trkpt lat="-36.947006596" lon="-73.062271672" /><trkpt lat="-36.947017426" lon="-73.062259597" /><trkpt lat="-36.947028469" lon="-73.062248118" /><trkpt lat="-36.947039716" lon="-73.062237280" /><trkpt lat="-36.947051157" lon="-73.062227128" /><trkpt lat="-36.947062782" lon="-73.062217708" /><trkpt lat="-36.947074582" lon="-73.062209064" /><trkpt lat="-36.947086548" lon="-73.062201242" /><trkpt lat="-36.947098669" lon="-73.062194288" /><trkpt lat="-36.947110936" lon="-73.062188245" /><trkpt lat="-36.947123339" lon="-73.062183159" /><trkpt lat="-36.947135870" lon="-73.062179076" /><trkpt lat="-36.947148517" lon="-73.062176041" /><trkpt lat="-36.947161271" lon="-73.062174098" /><trkpt lat="-36.947174124" lon="-73.062173293" /><trkpt lat="-36.947187065" lon="-73.062173671" /><trkpt lat="-36.947200084" lon="-73.062175277" /><trkpt lat="-36.947213172" lon="-73.062178157" /><trkpt lat="-36.947226320" lon="-73.062182355" /><trkpt lat="-36.947239517" lon="-73.062187917" /><trkpt lat="-36.947255161" lon="-73.062195398" /><trkpt lat="-36.947270383" lon="-73.062202816" /><trkpt lat="-36.947285203" lon="-73.062210160" /><trkpt lat="-36.947299642" lon="-73.062217420" /><trkpt lat="-36.947313719" lon="-73.062224586" /><trkpt lat="-36.947327456" lon="-73.062231647" /><trkpt lat="-36.947340872" lon="-73.062238594" /><trkpt lat="-36.947353989" lon="-73.062245417" /><trkpt lat="-36.947366827" lon="-73.062252104" /><trkpt lat="-36.947379406" lon="-73.062258647" /><trkpt lat="-36.947391747" lon="-73.062265035" /><trkpt lat="-36.947403870" lon="-73.062271258" /><trkpt lat="-36.947415796" lon="-73.062277306" /><trkpt lat="-36.947427545" lon="-73.062283168" /><trkpt lat="-36.947439138" lon="-73.062288835" /><trkpt lat="-36.947450596" lon="-73.062294296" /><trkpt lat="-36.947461938" lon="-73.062299541" /><trkpt lat="-36.947473185" lon="-73.062304561" /><trkpt lat="-36.947484358" lon="-73.062309344" /><trkpt lat="-36.947495477" lon="-73.062313881" /><trkpt lat="-36.947506562" lon="-73.062318162" /><trkpt lat="-36.947517635" lon="-73.062322177" /><trkpt lat="-36.947528716" lon="-73.062325915" /><trkpt lat="-36.947539824" lon="-73.062329366" /><trkpt lat="-36.947550981" lon="-73.062332520" /><trkpt lat="-36.947562208" lon="-73.062335368" /><trkpt lat="-36.947573524" lon="-73.062337898" /><trkpt lat="-36.947584949" lon="-73.062340101" /><trkpt lat="-36.947596506" lon="-73.062341967" /><trkpt lat="-36.947608213" lon="-73.062343485" /><trkpt lat="-36.947619977" lon="-73.062344791" /><trkpt lat="-36.947631669" lon="-73.062346062" /><trkpt lat="-36.947643261" lon="-73.062347353" /><trkpt lat="-36.947654724" lon="-73.062348720" /><trkpt lat="-36.947666031" lon="-73.062350216" /><trkpt lat="-36.947677151" lon="-73.062351897" /><trkpt lat="-36.947688057" lon="-73.062353818" /><trkpt lat="-36.947698720" lon="-73.062356033" /><trkpt lat="-36.947709112" lon="-73.062358597" /><trkpt lat="-36.947719203" lon="-73.062361566" /><trkpt lat="-36.947728966" lon="-73.062364993" /><trkpt lat="-36.947738372" lon="-73.062368934" /><trkpt lat="-36.947747391" lon="-73.062373444" /><trkpt lat="-36.947755996" lon="-73.062378577" /><trkpt lat="-36.947764159" lon="-73.062384389" /><trkpt lat="-36.947771849" lon="-73.062390934" /><trkpt lat="-36.947779040" lon="-73.062398267" /><trkpt lat="-36.947785702" lon="-73.062406442" /><trkpt lat="-36.947791806" lon="-73.062415515" /><trkpt lat="-36.947797325" lon="-73.062425541" /><trkpt lat="-36.947802229" lon="-73.062436574" /><trkpt lat="-36.947806489" lon="-73.062448669" /><trkpt lat="-36.947810079" lon="-73.062461881" /><trkpt lat="-36.947812968" lon="-73.062476265" /><trkpt lat="-36.947815128" lon="-73.062491876" /><trkpt lat="-36.947816531" lon="-73.062508768" /><trkpt lat="-36.947817148" lon="-73.062526997" /><trkpt lat="-36.947816950" lon="-73.062546616" /><trkpt lat="-36.947815909" lon="-73.062567682" /><trkpt lat="-36.947813997" lon="-73.062590249" /><trkpt lat="-36.947812574" lon="-73.062604425" /><trkpt lat="-36.947811136" lon="-73.062618944" /><trkpt lat="-36.947809684" lon="-73.062633795" /><trkpt lat="-36.947808219" lon="-73.062648964" /><trkpt lat="-36.947806743" lon="-73.062664439" /><trkpt lat="-36.947805257" lon="-73.062680210" /><trkpt lat="-36.947803763" lon="-73.062696263" /><trkpt lat="-36.947802262" lon="-73.062712587" /><trkpt lat="-36.947800755" lon="-73.062729170" /><trkpt lat="-36.947799244" lon="-73.062745999" /><trkpt lat="-36.947797731" lon="-73.062763064" /><trkpt lat="-36.947796215" lon="-73.062780351" /><trkpt lat="-36.947794700" lon="-73.062797849" /><trkpt lat="-36.947793186" lon="-73.062815545" /><trkpt lat="-36.947791675" lon="-73.062833428" /><trkpt lat="-36.947790168" lon="-73.062851487" /><trkpt lat="-36.947788666" lon="-73.062869707" /><trkpt lat="-36.947787171" lon="-73.062888079" /><trkpt lat="-36.947785685" lon="-73.062906589" /><trkpt lat="-36.947784208" lon="-73.062925226" /><trkpt lat="-36.947782742" lon="-73.062943978" /><trkpt lat="-36.947781289" lon="-73.062962833" /><trkpt lat="-36.947779849" lon="-73.062981778" /><trkpt lat="-36.947778425" lon="-73.063000802" /><trkpt lat="-36.947777018" lon="-73.063019892" /><trkpt lat="-36.947775628" lon="-73.063039038" /><trkpt lat="-36.947774258" lon="-73.063058226" /><trkpt lat="-36.947772908" lon="-73.063077445" /><trkpt lat="-36.947771581" lon="-73.063096682" /><trkpt lat="-36.947770277" lon="-73.063115927" /><trkpt lat="-36.947768999" lon="-73.063135165" /><trkpt lat="-36.947767746" lon="-73.063154387" /><trkpt lat="-36.947766521" lon="-73.063173579" /><trkpt lat="-36.947765326" lon="-73.063192730" /><trkpt lat="-36.947764161" lon="-73.063211828" /><trkpt lat="-36.947763028" lon="-73.063230861" /><trkpt lat="-36.947761928" lon="-73.063249816" /><trkpt lat="-36.947760863" lon="-73.063268681" /><trkpt lat="-36.947759834" lon="-73.063287446" /><trkpt lat="-36.947758842" lon="-73.063306097" /><trkpt lat="-36.947757889" lon="-73.063324623" /><trkpt lat="-36.947756977" lon="-73.063343011" /><trkpt lat="-36.947756106" lon="-73.063361250" /><trkpt lat="-36.947755278" lon="-73.063379328" /><trkpt lat="-36.947754495" lon="-73.063397232" /><trkpt lat="-36.947753757" lon="-73.063414952" /><trkpt lat="-36.947753066" lon="-73.063432473" /><trkpt lat="-36.947752424" lon="-73.063449786" /><trkpt lat="-36.947751833" lon="-73.063466877" /><trkpt lat="-36.947751292" lon="-73.063483734" /><trkpt lat="-36.947750587" lon="-73.063509360" /><trkpt lat="-36.947750075" lon="-73.063533966" /><trkpt lat="-36.947749748" lon="-73.063557603" /><trkpt lat="-36.947749596" lon="-73.063580320" /><trkpt lat="-36.947749613" lon="-73.063602167" /><trkpt lat="-36.947749790" lon="-73.063623193" /><trkpt lat="-36.947750118" lon="-73.063643448" /><trkpt lat="-36.947750589" lon="-73.063662982" /><trkpt lat="-36.947751195" lon="-73.063681843" /><trkpt lat="-36.947751928" lon="-73.063700083" /><trkpt lat="-36.947752779" lon="-73.063717749" /><trkpt lat="-36.947753741" lon="-73.063734893" /><trkpt lat="-36.947754805" lon="-73.063751563" /><trkpt lat="-36.947755963" lon="-73.063767810" /><trkpt lat="-36.947757206" lon="-73.063783682" /><trkpt lat="-36.947758527" lon="-73.063799229" /><trkpt lat="-36.947759916" lon="-73.063814502" /><trkpt lat="-36.947761367" lon="-73.063829549" /><trkpt lat="-36.947762870" lon="-73.063844420" /><trkpt lat="-36.947764417" lon="-73.063859165" /><trkpt lat="-36.947766001" lon="-73.063873833" /><trkpt lat="-36.947767612" lon="-73.063888475" /><trkpt lat="-36.947769243" lon="-73.063903139" /><trkpt lat="-36.947770885" lon="-73.063917875" /><trkpt lat="-36.947772531" lon="-73.063932733" /><trkpt lat="-36.947774172" lon="-73.063947762" /><trkpt lat="-36.947775799" lon="-73.063963013" /><trkpt lat="-36.947777404" lon="-73.063978534" /><trkpt lat="-36.947778980" lon="-73.063994375" /><trkpt lat="-36.947780518" lon="-73.064010586" /><trkpt lat="-36.947782009" lon="-73.064027217" /><trkpt lat="-36.947783446" lon="-73.064044316" /><trkpt lat="-36.947784712" lon="-73.064062661" /><trkpt lat="-36.947785515" lon="-73.064080692" /><trkpt lat="-36.947785865" lon="-73.064098420" /><trkpt lat="-36.947785771" lon="-73.064115858" /><trkpt lat="-36.947785243" lon="-73.064133021" /><trkpt lat="-36.947784291" lon="-73.064149920" /><trkpt lat="-36.947782923" lon="-73.064166568" /><trkpt lat="-36.947781151" lon="-73.064182979" /><trkpt lat="-36.947778983" lon="-73.064199165" /><trkpt lat="-36.947776428" lon="-73.064215140" /><trkpt lat="-36.947773497" lon="-73.064230916" /><trkpt lat="-36.947770199" lon="-73.064246505" /><trkpt lat="-36.947766543" lon="-73.064261922" /><trkpt lat="-36.947762540" lon="-73.064277179" /><trkpt lat="-36.947758198" lon="-73.064292289" /><trkpt lat="-36.947753528" lon="-73.064307265" /><trkpt lat="-36.947748539" lon="-73.064322120" /><trkpt lat="-36.947743240" lon="-73.064336866" /><trkpt lat="-36.947737641" lon="-73.064351518" /><trkpt lat="-36.947731752" lon="-73.064366086" /><trkpt lat="-36.947725582" lon="-73.064380586" /><trkpt lat="-36.947719140" lon="-73.064395028" /><trkpt lat="-36.947712438" lon="-73.064409428" /><trkpt lat="-36.947705483" lon="-73.064423796" /><trkpt lat="-36.947698285" lon="-73.064438147" /><trkpt lat="-36.947690855" lon="-73.064452493" /><trkpt lat="-36.947683202" lon="-73.064466847" /><trkpt lat="-36.947675334" lon="-73.064481223" /><trkpt lat="-36.947667263" lon="-73.064495632" /><trkpt lat="-36.947658997" lon="-73.064510088" /><trkpt lat="-36.947650756" lon="-73.064524202" /><trkpt lat="-36.947642225" lon="-73.064538499" /><trkpt lat="-36.947633421" lon="-73.064552960" /><trkpt lat="-36.947624362" lon="-73.064567567" /><trkpt lat="-36.947615067" lon="-73.064582301" /><trkpt lat="-36.947605552" lon="-73.064597144" /><trkpt lat="-36.947595836" lon="-73.064612078" /><trkpt lat="-36.947585935" lon="-73.064627085" /><trkpt lat="-36.947575869" lon="-73.064642146" /><trkpt lat="-36.947565653" lon="-73.064657242" /><trkpt lat="-36.947555308" lon="-73.064672355" /><trkpt lat="-36.947544849" lon="-73.064687468" /><trkpt lat="-36.947534294" lon="-73.064702561" /><trkpt lat="-36.947523662" lon="-73.064717616" /><trkpt lat="-36.947512970" lon="-73.064732615" /><trkpt lat="-36.947502235" lon="-73.064747539" /><trkpt lat="-36.947491476" lon="-73.064762371" /><trkpt lat="-36.947480710" lon="-73.064777091" /><trkpt lat="-36.947469955" lon="-73.064791681" /><trkpt lat="-36.947459228" lon="-73.064806124" /><trkpt lat="-36.947448548" lon="-73.064820400" /><trkpt lat="-36.947437931" lon="-73.064834492" /><trkpt lat="-36.947427396" lon="-73.064848380" /><trkpt lat="-36.947416960" lon="-73.064862047" /><trkpt lat="-36.947406642" lon="-73.064875474" /><trkpt lat="-36.947396458" lon="-73.064888642" /><trkpt lat="-36.947386426" lon="-73.064901535" /><trkpt lat="-36.947376564" lon="-73.064914132" /><trkpt lat="-36.947366891" lon="-73.064926416" /><trkpt lat="-36.947357422" lon="-73.064938368" /><trkpt lat="-36.947348177" lon="-73.064949970" /><trkpt lat="-36.947340492" lon="-73.064959448" /><trkpt lat="-36.947332348" lon="-73.064969243" /><trkpt lat="-36.947323777" lon="-73.064979349" /><trkpt lat="-36.947314812" lon="-73.064989762" /><trkpt lat="-36.947305484" lon="-73.065000475" /><trkpt lat="-36.947295824" lon="-73.065011483" /><trkpt lat="-36.947285864" lon="-73.065022781" /><trkpt lat="-36.947275635" lon="-73.065034363" /><trkpt lat="-36.947265170" lon="-73.065046223" /><trkpt lat="-36.947254500" lon="-73.065058356" /><trkpt lat="-36.947243657" lon="-73.065070756" /><trkpt lat="-36.947232672" lon="-73.065083418" /><trkpt lat="-36.947221577" lon="-73.065096336" /><trkpt lat="-36.947210403" lon="-73.065109505" /><trkpt lat="-36.947199182" lon="-73.065122919" /><trkpt lat="-36.947187947" lon="-73.065136572" /><trkpt lat="-36.947176727" lon="-73.065150459" /><trkpt lat="-36.947165556" lon="-73.065164575" /><trkpt lat="-36.947154464" lon="-73.065178913" /><trkpt lat="-36.947143484" lon="-73.065193469" /><trkpt lat="-36.947132647" lon="-73.065208237" /><trkpt lat="-36.947121984" lon="-73.065223211" /><trkpt lat="-36.947111528" lon="-73.065238386" /><trkpt lat="-36.947101309" lon="-73.065253755" /><trkpt lat="-36.947091360" lon="-73.065269315" /><trkpt lat="-36.947081712" lon="-73.065285058" /><trkpt lat="-36.947072397" lon="-73.065300980" /><trkpt lat="-36.947063446" lon="-73.065317074" /><trkpt lat="-36.947054892" lon="-73.065333336" /><trkpt lat="-36.947046765" lon="-73.065349760" /><trkpt lat="-36.947039097" lon="-73.065366341" /><trkpt lat="-36.947031921" lon="-73.065383071" /><trkpt lat="-36.947025267" lon="-73.065399948" /><trkpt lat="-36.947019167" lon="-73.065416963" /><trkpt lat="-36.947013653" lon="-73.065434113" /><trkpt lat="-36.947008757" lon="-73.065451391" /><trkpt lat="-36.947004510" lon="-73.065468793" /><trkpt lat="-36.947000944" lon="-73.065486311" /><trkpt lat="-36.946996771" lon="-73.065508092" /><trkpt lat="-36.946992401" lon="-73.065528914" /><trkpt lat="-36.946987836" lon="-73.065548783" /><trkpt lat="-36.946983077" lon="-73.065567706" /><trkpt lat="-36.946978128" lon="-73.065585690" /><trkpt lat="-36.946972991" lon="-73.065602741" /><trkpt lat="-36.946967668" lon="-73.065618866" /><trkpt lat="-36.946962162" lon="-73.065634071" /><trkpt lat="-36.946956475" lon="-73.065648363" /><trkpt lat="-36.946950609" lon="-73.065661748" /><trkpt lat="-36.946944567" lon="-73.065674233" /><trkpt lat="-36.946938351" lon="-73.065685825" /><trkpt lat="-36.946931963" lon="-73.065696530" /><trkpt lat="-36.946925406" lon="-73.065706354" /><trkpt lat="-36.946918683" lon="-73.065715305" /><trkpt lat="-36.946911795" lon="-73.065723388" /><trkpt lat="-36.946904746" lon="-73.065730611" /><trkpt lat="-36.946897536" lon="-73.065736980" /><trkpt lat="-36.946890170" lon="-73.065742501" /><trkpt lat="-36.946882648" lon="-73.065747181" /><trkpt lat="-36.946874975" lon="-73.065751027" /><trkpt lat="-36.946867151" lon="-73.065754044" /><trkpt lat="-36.946859180" lon="-73.065756241" /><trkpt lat="-36.946851063" lon="-73.065757622" /><trkpt lat="-36.946842803" lon="-73.065758195" /><trkpt lat="-36.946834403" lon="-73.065757967" /><trkpt lat="-36.946825865" lon="-73.065756943" /><trkpt lat="-36.946817191" lon="-73.065755131" /><trkpt lat="-36.946808383" lon="-73.065752537" /><trkpt lat="-36.946799445" lon="-73.065749168" /><trkpt lat="-36.946790574" lon="-73.065745236" /><trkpt lat="-36.946781955" lon="-73.065740958" /><trkpt lat="-36.946773565" lon="-73.065736344" /><trkpt lat="-36.946765386" lon="-73.065731407" /><trkpt lat="-36.946757397" lon="-73.065726158" /><trkpt lat="-36.946749576" lon="-73.065720608" /><trkpt lat="-36.946741904" lon="-73.065714768" /><trkpt lat="-36.946734361" lon="-73.065708650" /><trkpt lat="-36.946726925" lon="-73.065702264" /><trkpt lat="-36.946719576" lon="-73.065695623" /><trkpt lat="-36.946712294" lon="-73.065688738" /><trkpt lat="-36.946705058" lon="-73.065681619" /><trkpt lat="-36.946697848" lon="-73.065674279" /><trkpt lat="-36.946690643" lon="-73.065666728" /><trkpt lat="-36.946683422" lon="-73.065658979" /><trkpt lat="-36.946676166" lon="-73.065651041" /><trkpt lat="-36.946668854" lon="-73.065642927" /><trkpt lat="-36.946661465" lon="-73.065634648" /><trkpt lat="-36.946653979" lon="-73.065626215" /><trkpt lat="-36.946646375" lon="-73.065617640" /><trkpt lat="-36.946638634" lon="-73.065608934" /><trkpt lat="-36.946630733" lon="-73.065600108" /><trkpt lat="-36.946622654" lon="-73.065591173" /><trkpt lat="-36.946614374" lon="-73.065582141" /><trkpt lat="-36.946605875" lon="-73.065573024" /><trkpt lat="-36.946597135" lon="-73.065563831" /><trkpt lat="-36.946588134" lon="-73.065554576" /><trkpt lat="-36.946578852" lon="-73.065545269" /><trkpt lat="-36.946569268" lon="-73.065535921" /><trkpt lat="-36.946559361" lon="-73.065526545" /><trkpt lat="-36.946549900" lon="-73.065518300" /><trkpt lat="-36.946539339" lon="-73.065510136" /><trkpt lat="-36.946527744" lon="-73.065502057" /><trkpt lat="-36.946515180" lon="-73.065494068" /><trkpt lat="-36.946501713" lon="-73.065486172" /><trkpt lat="-36.946487406" lon="-73.065478375" /><trkpt lat="-36.946472327" lon="-73.065470682" /><trkpt lat="-36.946456539" lon="-73.065463096" /><trkpt lat="-36.946440109" lon="-73.065455622" /><trkpt lat="-36.946423101" lon="-73.065448266" /><trkpt lat="-36.946405581" lon="-73.065441030" /><trkpt lat="-36.946387613" lon="-73.065433921" /><trkpt lat="-36.946369264" lon="-73.065426942" /><trkpt lat="-36.946350598" lon="-73.065420098" /><trkpt lat="-36.946331681" lon="-73.065413393" /><trkpt lat="-36.946312578" lon="-73.065406832" /><trkpt lat="-36.946293354" lon="-73.065400420" /><trkpt lat="-36.946274074" lon="-73.065394162" /><trkpt lat="-36.946254804" lon="-73.065388060" /><trkpt lat="-36.946235609" lon="-73.065382121" /><trkpt lat="-36.946216553" lon="-73.065376349" /><trkpt lat="-36.946197704" lon="-73.065370748" /><trkpt lat="-36.946179124" lon="-73.065365323" /><trkpt lat="-36.946160881" lon="-73.065360079" /><trkpt lat="-36.946143038" lon="-73.065355019" /><trkpt lat="-36.946125662" lon="-73.065350149" /><trkpt lat="-36.946108818" lon="-73.065345472" /><trkpt lat="-36.946092570" lon="-73.065340995" /><trkpt lat="-36.946076984" lon="-73.065336720" /><trkpt lat="-36.946062125" lon="-73.065332653" /><trkpt lat="-36.946048059" lon="-73.065328798" /><trkpt lat="-36.946034851" lon="-73.065325160" /><trkpt lat="-36.946022566" lon="-73.065321743" /><trkpt lat="-36.946011269" lon="-73.065318552" /><trkpt lat="-36.946000724" lon="-73.065316110" /><trkpt lat="-36.945990067" lon="-73.065314741" /><trkpt lat="-36.945979343" lon="-73.065314416" /><trkpt lat="-36.945968596" lon="-73.065315105" /><trkpt lat="-36.945957872" lon="-73.065316777" /><trkpt lat="-36.945947215" lon="-73.065319402" /><trkpt lat="-36.945936670" lon="-73.065322951" /><trkpt lat="-36.945926284" lon="-73.065327393" /><trkpt lat="-36.945916099" lon="-73.065332698" /><trkpt lat="-36.945906162" lon="-73.065338836" /><trkpt lat="-36.945896518" lon="-73.065345778" /><trkpt lat="-36.945887211" lon="-73.065353493" /><trkpt lat="-36.945878286" lon="-73.065361952" /><trkpt lat="-36.945869789" lon="-73.065371123" /><trkpt lat="-36.945861765" lon="-73.065380978" /><trkpt lat="-36.945854258" lon="-73.065391485" /><trkpt lat="-36.945847313" lon="-73.065402616" /><trkpt lat="-36.945840976" lon="-73.065414340" /><trkpt lat="-36.945835291" lon="-73.065426627" /><trkpt lat="-36.945830304" lon="-73.065439447" /><trkpt lat="-36.945826059" lon="-73.065452770" /><trkpt lat="-36.945822602" lon="-73.065466565" /><trkpt lat="-36.945819977" lon="-73.065480804" /><trkpt lat="-36.945818230" lon="-73.065495456" /><trkpt lat="-36.945817405" lon="-73.065510490" /><trkpt lat="-36.945817547" lon="-73.065525878" /><trkpt lat="-36.945818702" lon="-73.065541588" /><trkpt lat="-36.945820914" lon="-73.065557590" /><trkpt lat="-36.945824229" lon="-73.065573856" /><trkpt lat="-36.945828692" lon="-73.065590354" /><trkpt lat="-36.945834346" lon="-73.065607055" /><trkpt lat="-36.945841238" lon="-73.065623929" /><trkpt lat="-36.945849413" lon="-73.065640945" /><trkpt lat="-36.945858915" lon="-73.065658074" /><trkpt lat="-36.945869789" lon="-73.065675286" /><trkpt lat="-36.945878921" lon="-73.065688744" /><trkpt lat="-36.945888300" lon="-73.065702293" /><trkpt lat="-36.945897916" lon="-73.065715930" /><trkpt lat="-36.945907756" lon="-73.065729651" /><trkpt lat="-36.945917808" lon="-73.065743452" /><trkpt lat="-36.945928059" lon="-73.065757329" /><trkpt lat="-36.945938498" lon="-73.065771277" /><trkpt lat="-36.945949113" lon="-73.065785294" /><trkpt lat="-36.945959890" lon="-73.065799375" /><trkpt lat="-36.945970819" lon="-73.065813517" /><trkpt lat="-36.945981887" lon="-73.065827715" /><trkpt lat="-36.945993082" lon="-73.065841966" /><trkpt lat="-36.946004392" lon="-73.065856265" /><trkpt lat="-36.946015804" lon="-73.065870609" /><trkpt lat="-36.946027306" lon="-73.065884995" /><trkpt lat="-36.946038887" lon="-73.065899417" /><trkpt lat="-36.946050534" lon="-73.065913873" /><trkpt lat="-36.946062236" lon="-73.065928357" /><trkpt lat="-36.946073979" lon="-73.065942868" /><trkpt lat="-36.946085752" lon="-73.065957400" /><trkpt lat="-36.946097542" lon="-73.065971949" /><trkpt lat="-36.946109338" lon="-73.065986512" /><trkpt lat="-36.946121128" lon="-73.066001086" /><trkpt lat="-36.946132898" lon="-73.066015665" /><trkpt lat="-36.946144638" lon="-73.066030246" /><trkpt lat="-36.946156335" lon="-73.066044826" /><trkpt lat="-36.946167976" lon="-73.066059400" /><trkpt lat="-36.946179551" lon="-73.066073964" /><trkpt lat="-36.946191045" lon="-73.066088515" /><trkpt lat="-36.946202448" lon="-73.066103048" /><trkpt lat="-36.946213748" lon="-73.066117561" /><trkpt lat="-36.946224931" lon="-73.066132048" /><trkpt lat="-36.946235987" lon="-73.066146507" /><trkpt lat="-36.946246902" lon="-73.066160932" /><trkpt lat="-36.946257665" lon="-73.066175321" /><trkpt lat="-36.946268264" lon="-73.066189669" /><trkpt lat="-36.946278686" lon="-73.066203973" /><trkpt lat="-36.946288919" lon="-73.066218228" /><trkpt lat="-36.946298951" lon="-73.066232431" /><trkpt lat="-36.946308771" lon="-73.066246578" /><trkpt lat="-36.946318365" lon="-73.066260665" /><trkpt lat="-36.946327722" lon="-73.066274688" /><trkpt lat="-36.946336830" lon="-73.066288643" /><trkpt lat="-36.946345676" lon="-73.066302526" /><trkpt lat="-36.946354248" lon="-73.066316334" /><trkpt lat="-36.946363929" lon="-73.066332111" /><trkpt lat="-36.946373522" lon="-73.066347677" /><trkpt lat="-36.946383039" lon="-73.066363040" /><trkpt lat="-36.946392493" lon="-73.066378209" /><trkpt lat="-36.946401894" lon="-73.066393194" /><trkpt lat="-36.946411256" lon="-73.066408003" /><trkpt lat="-36.946420591" lon="-73.066422647" /><trkpt lat="-36.946429910" lon="-73.066437133" /><trkpt lat="-36.946439225" lon="-73.066451471" /><trkpt lat="-36.946448550" lon="-73.066465671" /><trkpt lat="-36.946457895" lon="-73.066479741" /><trkpt lat="-36.946467272" lon="-73.066493691" /><trkpt lat="-36.946476695" lon="-73.066507530" /><trkpt lat="-36.946486174" lon="-73.066521266" /><trkpt lat="-36.946495723" lon="-73.066534911" /><trkpt lat="-36.946505352" lon="-73.066548471" /><trkpt lat="-36.946515074" lon="-73.066561957" /><trkpt lat="-36.946524902" lon="-73.066575378" /><trkpt lat="-36.946534847" lon="-73.066588742" /><trkpt lat="-36.946544921" lon="-73.066602060" /><trkpt lat="-36.946555136" lon="-73.066615340" /><trkpt lat="-36.946565505" lon="-73.066628592" /><trkpt lat="-36.946576039" lon="-73.066641824" /><trkpt lat="-36.946586751" lon="-73.066655046" /><trkpt lat="-36.946597652" lon="-73.066668266" /><trkpt lat="-36.946608755" lon="-73.066681495" /><trkpt lat="-36.946620072" lon="-73.066694742" /><trkpt lat="-36.946631614" lon="-73.066708014" /><trkpt lat="-36.946643395" lon="-73.066721323" /><trkpt lat="-36.946655425" lon="-73.066734676" /><trkpt lat="-36.946667717" lon="-73.066748083" /><trkpt lat="-36.946680283" lon="-73.066761554" /><trkpt lat="-36.946693135" lon="-73.066775097" /><trkpt lat="-36.946706286" lon="-73.066788721" /><trkpt lat="-36.946719746" lon="-73.066802436" /><trkpt lat="-36.946733529" lon="-73.066816251" /><trkpt lat="-36.946747646" lon="-73.066830175" /><trkpt lat="-36.946762110" lon="-73.066844217" /><trkpt lat="-36.946776932" lon="-73.066858387" /><trkpt lat="-36.946793108" lon="-73.066873674" /><trkpt lat="-36.946809124" lon="-73.066888695" /><trkpt lat="-36.946824978" lon="-73.066903456" /><trkpt lat="-36.946840669" lon="-73.066917965" /><trkpt lat="-36.946856197" lon="-73.066932229" /><trkpt lat="-36.946871558" lon="-73.066946254" /><trkpt lat="-36.946886752" lon="-73.066960047" /><trkpt lat="-36.946901778" lon="-73.066973615" /><trkpt lat="-36.946916634" lon="-73.066986965" /><trkpt lat="-36.946931319" lon="-73.067000104" /><trkpt lat="-36.946945832" lon="-73.067013039" /><trkpt lat="-36.946960170" lon="-73.067025776" /><trkpt lat="-36.946974333" lon="-73.067038323" /><trkpt lat="-36.946988320" lon="-73.067050687" /><trkpt lat="-36.947002128" lon="-73.067062874" /><trkpt lat="-36.947015757" lon="-73.067074891" /><trkpt lat="-36.947029205" lon="-73.067086746" /><trkpt lat="-36.947042470" lon="-73.067098444" /><trkpt lat="-36.947055553" lon="-73.067109994" /><trkpt lat="-36.947068450" lon="-73.067121401" /><trkpt lat="-36.947081161" lon="-73.067132673" /><trkpt lat="-36.947093684" lon="-73.067143817" /><trkpt lat="-36.947106018" lon="-73.067154840" /><trkpt lat="-36.947118161" lon="-73.067165748" /><trkpt lat="-36.947130113" lon="-73.067176548" /><trkpt lat="-36.947141871" lon="-73.067187248" /><trkpt lat="-36.947153435" lon="-73.067197854" /><trkpt lat="-36.947164803" lon="-73.067208373" /><trkpt lat="-36.947175973" lon="-73.067218811" /><trkpt lat="-36.947186945" lon="-73.067229177" /><trkpt lat="-36.947197716" lon="-73.067239477" /><trkpt lat="-36.947208286" lon="-73.067249717" /><trkpt lat="-36.947218653" lon="-73.067259905" /><trkpt lat="-36.947228816" lon="-73.067270047" /><trkpt lat="-36.947238773" lon="-73.067280150" /><trkpt lat="-36.947248523" lon="-73.067290222" /><trkpt lat="-36.947259949" lon="-73.067302120" /><trkpt lat="-36.947271080" lon="-73.067313703" /><trkpt lat="-36.947281920" lon="-73.067325021" /><trkpt lat="-36.947292477" lon="-73.067336119" /><trkpt lat="-36.947302756" lon="-73.067347046" /><trkpt lat="-36.947312762" lon="-73.067357848" /><trkpt lat="-36.947322502" lon="-73.067368573" /><trkpt lat="-36.947331981" lon="-73.067379269" /><trkpt lat="-36.947341205" lon="-73.067389981" /><trkpt lat="-36.947350181" lon="-73.067400759" /><trkpt lat="-36.947358912" lon="-73.067411649" /><trkpt lat="-36.947367407" lon="-73.067422698" /><trkpt lat="-36.947375669" lon="-73.067433954" /><trkpt lat="-36.947383706" lon="-73.067445465" /><trkpt lat="-36.947391522" lon="-73.067457276" /><trkpt lat="-36.947399124" lon="-73.067469436" /><trkpt lat="-36.947406518" lon="-73.067481992" /><trkpt lat="-36.947413709" lon="-73.067494992" /><trkpt lat="-36.947420702" lon="-73.067508482" /><trkpt lat="-36.947427505" lon="-73.067522510" /><trkpt lat="-36.947434122" lon="-73.067537123" /><trkpt lat="-36.947440560" lon="-73.067552369" /><trkpt lat="-36.947446824" lon="-73.067568295" /><trkpt lat="-36.947452919" lon="-73.067584948" /><trkpt lat="-36.947458853" lon="-73.067602375" /><trkpt lat="-36.947464630" lon="-73.067620624" /><trkpt lat="-36.947470256" lon="-73.067639742" /><trkpt lat="-36.947475738" lon="-73.067659777" /><trkpt lat="-36.947481080" lon="-73.067680775" /><trkpt lat="-36.947486290" lon="-73.067702784" /><trkpt lat="-36.947490639" lon="-73.067721922" /><trkpt lat="-36.947494876" lon="-73.067740723" /><trkpt lat="-36.947499016" lon="-73.067759206" /><trkpt lat="-36.947503074" lon="-73.067777390" /><trkpt lat="-36.947507063" lon="-73.067795293" /><trkpt lat="-36.947510998" lon="-73.067812933" /><trkpt lat="-36.947514893" lon="-73.067830328" /><trkpt lat="-36.947518764" lon="-73.067847498" /><trkpt lat="-36.947522623" lon="-73.067864460" /><trkpt lat="-36.947526486" lon="-73.067881233" /><trkpt lat="-36.947530367" lon="-73.067897835" /><trkpt lat="-36.947534281" lon="-73.067914284" /><trkpt lat="-36.947538241" lon="-73.067930600" /><trkpt lat="-36.947542263" lon="-73.067946800" /><trkpt lat="-36.947546360" lon="-73.067962903" /><trkpt lat="-36.947550547" lon="-73.067978927" /><trkpt lat="-36.947554838" lon="-73.067994891" /><trkpt lat="-36.947559248" lon="-73.068010812" /><trkpt lat="-36.947563792" lon="-73.068026710" /><trkpt lat="-36.947568483" lon="-73.068042603" /><trkpt lat="-36.947573336" lon="-73.068058509" /><trkpt lat="-36.947578365" lon="-73.068074446" /><trkpt lat="-36.947583586" lon="-73.068090433" /><trkpt lat="-36.947589011" lon="-73.068106489" /><trkpt lat="-36.947594656" lon="-73.068122631" /><trkpt lat="-36.947600535" lon="-73.068138879" /><trkpt lat="-36.947606662" lon="-73.068155249" /><trkpt lat="-36.947613052" lon="-73.068171762" /><trkpt lat="-36.947619720" lon="-73.068188435" /><trkpt lat="-36.947626678" lon="-73.068205287" /><trkpt lat="-36.947633943" lon="-73.068222336" /><trkpt lat="-36.947641528" lon="-73.068239600" /><trkpt lat="-36.947649448" lon="-73.068257098" /><trkpt lat="-36.947657718" lon="-73.068274848" /><trkpt lat="-36.947666350" lon="-73.068292869" /><trkpt lat="-36.947674404" lon="-73.068309388" /><trkpt lat="-36.947682320" lon="-73.068325509" /><trkpt lat="-36.947690097" lon="-73.068341265" /><trkpt lat="-36.947697736" lon="-73.068356689" /><trkpt lat="-36.947705237" lon="-73.068371813" /><trkpt lat="-36.947712599" lon="-73.068386670" /><trkpt lat="-36.947719824" lon="-73.068401292" /><trkpt lat="-36.947726910" lon="-73.068415712" /><trkpt lat="-36.947733857" lon="-73.068429963" /><trkpt lat="-36.947740667" lon="-73.068444077" /><trkpt lat="-36.947747338" lon="-73.068458087" /><trkpt lat="-36.947753872" lon="-73.068472026" /><trkpt lat="-36.947760267" lon="-73.068485925" /><trkpt lat="-36.947766524" lon="-73.068499819" /><trkpt lat="-36.947772642" lon="-73.068513739" /><trkpt lat="-36.947778623" lon="-73.068527717" /><trkpt lat="-36.947784466" lon="-73.068541788" /><trkpt lat="-36.947790170" lon="-73.068555982" /><trkpt lat="-36.947795736" lon="-73.068570334" /><trkpt lat="-36.947801165" lon="-73.068584875" /><trkpt lat="-36.947806455" lon="-73.068599638" /><trkpt lat="-36.947811607" lon="-73.068614656" /><trkpt lat="-36.947816622" lon="-73.068629961" /><trkpt lat="-36.947821498" lon="-73.068645586" /><trkpt lat="-36.947826236" lon="-73.068661563" /><trkpt lat="-36.947830837" lon="-73.068677926" /><trkpt lat="-36.947835299" lon="-73.068694706" /><trkpt lat="-36.947839623" lon="-73.068711937" /><trkpt lat="-36.947843810" lon="-73.068729651" /><trkpt lat="-36.947847858" lon="-73.068747881" /><trkpt lat="-36.947851769" lon="-73.068766658" /><trkpt lat="-36.947855542" lon="-73.068786017" /><trkpt lat="-36.947859177" lon="-73.068805989" /><trkpt lat="-36.947862674" lon="-73.068826608" /><trkpt lat="-36.947866033" lon="-73.068847905" /><trkpt lat="-36.947869254" lon="-73.068869913" /><trkpt lat="-36.947872338" lon="-73.068892665" /><trkpt lat="-36.947875284" lon="-73.068916194" /><trkpt lat="-36.947877948" lon="-73.068938139" /><trkpt lat="-36.947880612" lon="-73.068959630" /><trkpt lat="-36.947883285" lon="-73.068980681" /><trkpt lat="-36.947885976" lon="-73.069001307" /><trkpt lat="-36.947888691" lon="-73.069021523" /><trkpt lat="-36.947891440" lon="-73.069041343" /><trkpt lat="-36.947894230" lon="-73.069060783" /><trkpt lat="-36.947897071" lon="-73.069079856" /><trkpt lat="-36.947899969" lon="-73.069098578" /><trkpt lat="-36.947902933" lon="-73.069116963" /><trkpt lat="-36.947905972" lon="-73.069135027" /><trkpt lat="-36.947909094" lon="-73.069152782" /><trkpt lat="-36.947912307" lon="-73.069170246" /><trkpt lat="-36.947915618" lon="-73.069187431" /><trkpt lat="-36.947919037" lon="-73.069204354" /><trkpt lat="-36.947922572" lon="-73.069221027" /><trkpt lat="-36.947926230" lon="-73.069237468" /><trkpt lat="-36.947930020" lon="-73.069253689" /><trkpt lat="-36.947933951" lon="-73.069269706" /><trkpt lat="-36.947938029" lon="-73.069285533" /><trkpt lat="-36.947942264" lon="-73.069301185" /><trkpt lat="-36.947946664" lon="-73.069316677" /><trkpt lat="-36.947951237" lon="-73.069332024" /><trkpt lat="-36.947955992" lon="-73.069347240" /><trkpt lat="-36.947960935" lon="-73.069362340" /><trkpt lat="-36.947966076" lon="-73.069377338" /><trkpt lat="-36.947971423" lon="-73.069392250" /><trkpt lat="-36.947976985" lon="-73.069407090" /><trkpt lat="-36.947982768" lon="-73.069421873" /><trkpt lat="-36.947988782" lon="-73.069436613" /><trkpt lat="-36.947995034" lon="-73.069451325" /><trkpt lat="-36.948001534" lon="-73.069466025" /><trkpt lat="-36.948008288" lon="-73.069480726" /><trkpt lat="-36.948015306" lon="-73.069495443" /><trkpt lat="-36.948022595" lon="-73.069510191" /><trkpt lat="-36.948030164" lon="-73.069524985" /><trkpt lat="-36.948038021" lon="-73.069539840" /><trkpt lat="-36.948046174" lon="-73.069554770" /><trkpt lat="-36.948054631" lon="-73.069569790" /><trkpt lat="-36.948063401" lon="-73.069584914" /><trkpt lat="-36.948072492" lon="-73.069600157" /><trkpt lat="-36.948083283" lon="-73.069617930" /><trkpt lat="-36.948093975" lon="-73.069635390" /><trkpt lat="-36.948104572" lon="-73.069652552" /><trkpt lat="-36.948115075" lon="-73.069669428" /><trkpt lat="-36.948125486" lon="-73.069686031" /><trkpt lat="-36.948135808" lon="-73.069702374" /><trkpt lat="-36.948146042" lon="-73.069718470" /><trkpt lat="-36.948156191" lon="-73.069734331" /><trkpt lat="-36.948166256" lon="-73.069749972" /><trkpt lat="-36.948176241" lon="-73.069765404" /><trkpt lat="-36.948186147" lon="-73.069780640" /><trkpt lat="-36.948195976" lon="-73.069795694" /><trkpt lat="-36.948205730" lon="-73.069810579" /><trkpt lat="-36.948215412" lon="-73.069825306" /><trkpt lat="-36.948225023" lon="-73.069839890" /><trkpt lat="-36.948234566" lon="-73.069854344" /><trkpt lat="-36.948244043" lon="-73.069868679" /><trkpt lat="-36.948253456" lon="-73.069882909" /><trkpt lat="-36.948262807" lon="-73.069897047" /><trkpt lat="-36.948272098" lon="-73.069911106" /><trkpt lat="-36.948281331" lon="-73.069925099" /><trkpt lat="-36.948290509" lon="-73.069939039" /><trkpt lat="-36.948299633" lon="-73.069952938" /><trkpt lat="-36.948308706" lon="-73.069966810" /><trkpt lat="-36.948317730" lon="-73.069980667" /><trkpt lat="-36.948326707" lon="-73.069994522" /><trkpt lat="-36.948335638" lon="-73.070008389" /><trkpt lat="-36.948344527" lon="-73.070022280" /><trkpt lat="-36.948353376" lon="-73.070036208" /><trkpt lat="-36.948362185" lon="-73.070050187" /><trkpt lat="-36.948370959" lon="-73.070064228" /><trkpt lat="-36.948379698" lon="-73.070078345" /><trkpt lat="-36.948388404" lon="-73.070092551" /><trkpt lat="-36.948397081" lon="-73.070106859" /><trkpt lat="-36.948405730" lon="-73.070121281" /><trkpt lat="-36.948413447" lon="-73.070134389" /><trkpt lat="-36.948421104" lon="-73.070147714" /><trkpt lat="-36.948428710" lon="-73.070161248" /><trkpt lat="-36.948436271" lon="-73.070174985" /><trkpt lat="-36.948443796" lon="-73.070188920" /><trkpt lat="-36.948451292" lon="-73.070203046" /><trkpt lat="-36.948458767" lon="-73.070217357" /><trkpt lat="-36.948466229" lon="-73.070231846" /><trkpt lat="-36.948473686" lon="-73.070246507" /><trkpt lat="-36.948481146" lon="-73.070261335" /><trkpt lat="-36.948488616" lon="-73.070276322" /><trkpt lat="-36.948496105" lon="-73.070291463" /><trkpt lat="-36.948503619" lon="-73.070306751" /><trkpt lat="-36.948511167" lon="-73.070322180" /><trkpt lat="-36.948518757" lon="-73.070337744" /><trkpt lat="-36.948526396" lon="-73.070353436" /><trkpt lat="-36.948534093" lon="-73.070369251" /><trkpt lat="-36.948541854" lon="-73.070385182" /><trkpt lat="-36.948549688" lon="-73.070401223" /><trkpt lat="-36.948557603" lon="-73.070417368" /><trkpt lat="-36.948565607" lon="-73.070433610" /><trkpt lat="-36.948573707" lon="-73.070449943" /><trkpt lat="-36.948581910" lon="-73.070466361" /><trkpt lat="-36.948590226" lon="-73.070482858" /><trkpt lat="-36.948598661" lon="-73.070499427" /><trkpt lat="-36.948607224" lon="-73.070516062" /><trkpt lat="-36.948615922" lon="-73.070532758" /><trkpt lat="-36.948624764" lon="-73.070549507" /><trkpt lat="-36.948633756" lon="-73.070566303" /><trkpt lat="-36.948642907" lon="-73.070583141" /><trkpt lat="-36.948652224" lon="-73.070600014" /><trkpt lat="-36.948661716" lon="-73.070616915" /><trkpt lat="-36.948671389" lon="-73.070633839" /><trkpt lat="-36.948681253" lon="-73.070650779" /><trkpt lat="-36.948691315" lon="-73.070667730" /><trkpt lat="-36.948701582" lon="-73.070684684" /><trkpt lat="-36.948712062" lon="-73.070701636" /><trkpt lat="-36.948722763" lon="-73.070718579" /><trkpt lat="-36.948733694" lon="-73.070735507" /><trkpt lat="-36.948745002" lon="-73.070752733" /><trkpt lat="-36.948756253" lon="-73.070769690" /><trkpt lat="-36.948767450" lon="-73.070786388" /><trkpt lat="-36.948778595" lon="-73.070802835" /><trkpt lat="-36.948789691" lon="-73.070819040" /><trkpt lat="-36.948800741" lon="-73.070835012" /><trkpt lat="-36.948811749" lon="-73.070850761" /><trkpt lat="-36.948822717" lon="-73.070866295" /><trkpt lat="-36.948833648" lon="-73.070881623" /><trkpt lat="-36.948844545" lon="-73.070896756" /><trkpt lat="-36.948855411" lon="-73.070911700" /><trkpt lat="-36.948866249" lon="-73.070926467" /><trkpt lat="-36.948877062" lon="-73.070941064" /><trkpt lat="-36.948887853" lon="-73.070955501" /><trkpt lat="-36.948898624" lon="-73.070969787" /><trkpt lat="-36.948909380" lon="-73.070983930" /><trkpt lat="-36.948920122" lon="-73.070997941" /><trkpt lat="-36.948930853" lon="-73.071011827" /><trkpt lat="-36.948941578" lon="-73.071025599" /><trkpt lat="-36.948952298" lon="-73.071039265" /><trkpt lat="-36.948963016" lon="-73.071052834" /><trkpt lat="-36.948973736" lon="-73.071066315" /><trkpt lat="-36.948984460" lon="-73.071079717" /><trkpt lat="-36.948995191" lon="-73.071093050" /><trkpt lat="-36.949005933" lon="-73.071106323" /><trkpt lat="-36.949016688" lon="-73.071119543" /><trkpt lat="-36.949027459" lon="-73.071132722" /><trkpt lat="-36.949038250" lon="-73.071145866" /><trkpt lat="-36.949049062" lon="-73.071158987" /><trkpt lat="-36.949059900" lon="-73.071172092" /><trkpt lat="-36.949070765" lon="-73.071185191" /><trkpt lat="-36.949081661" lon="-73.071198293" /><trkpt lat="-36.949092591" lon="-73.071211406" /><trkpt lat="-36.949103558" lon="-73.071224541" /><trkpt lat="-36.949114565" lon="-73.071237705" /><trkpt lat="-36.949125615" lon="-73.071250909" /><trkpt lat="-36.949136710" lon="-73.071264161" /><trkpt lat="-36.949147853" lon="-73.071277469" /><trkpt lat="-36.949159139" lon="-73.071291034" /><trkpt lat="-36.949170066" lon="-73.071304347" /><trkpt lat="-36.949180652" lon="-73.071317439" /><trkpt lat="-36.949190914" lon="-73.071330338" /><trkpt lat="-36.949200870" lon="-73.071343077" /><trkpt lat="-36.949210536" lon="-73.071355684" /><trkpt lat="-36.949219929" lon="-73.071368190" /><trkpt lat="-36.949229068" lon="-73.071380625" /><trkpt lat="-36.949237969" lon="-73.071393019" /><trkpt lat="-36.949246650" lon="-73.071405403" /><trkpt lat="-36.949255127" lon="-73.071417807" /><trkpt lat="-36.949263419" lon="-73.071430261" /><trkpt lat="-36.949271542" lon="-73.071442794" /><trkpt lat="-36.949279514" lon="-73.071455438" /><trkpt lat="-36.949287352" lon="-73.071468223" /><trkpt lat="-36.949295073" lon="-73.071481178" /><trkpt lat="-36.949302694" lon="-73.071494333" /><trkpt lat="-36.949310233" lon="-73.071507720" /><trkpt lat="-36.949317707" lon="-73.071521368" /><trkpt lat="-36.949325134" lon="-73.071535307" /><trkpt lat="-36.949332530" lon="-73.071549568" /><trkpt lat="-36.949339913" lon="-73.071564181" /><trkpt lat="-36.949347299" lon="-73.071579175" /><trkpt lat="-36.949354707" lon="-73.071594582" /><trkpt lat="-36.949362154" lon="-73.071610430" /><trkpt lat="-36.949369657" lon="-73.071626751" /><trkpt lat="-36.949377232" lon="-73.071643575" /><trkpt lat="-36.949384898" lon="-73.071660932" /><trkpt lat="-36.949392672" lon="-73.071678851" /><trkpt lat="-36.949400571" lon="-73.071697364" /><trkpt lat="-36.949408612" lon="-73.071716500" /><trkpt lat="-36.949416812" lon="-73.071736290" /><trkpt lat="-36.949425189" lon="-73.071756763" /><trkpt lat="-36.949433760" lon="-73.071777951" /><trkpt lat="-36.949442542" lon="-73.071799882" /><trkpt lat="-36.949451553" lon="-73.071822588" /><trkpt lat="-36.949460809" lon="-73.071846098" /><trkpt lat="-36.949470385" lon="-73.071870312" /><trkpt lat="-36.949479823" lon="-73.071893792" /><trkpt lat="-36.949489132" lon="-73.071916559" /><trkpt lat="-36.949498317" lon="-73.071938629" /><trkpt lat="-36.949507385" lon="-73.071960022" /><trkpt lat="-36.949516342" lon="-73.071980756" /><trkpt lat="-36.949525196" lon="-73.072000850" /><trkpt lat="-36.949533953" lon="-73.072020323" /><trkpt lat="-36.949542619" lon="-73.072039194" /><trkpt lat="-36.949551201" lon="-73.072057480" /><trkpt lat="-36.949559705" lon="-73.072075201" /><trkpt lat="-36.949568139" lon="-73.072092375" /><trkpt lat="-36.949576508" lon="-73.072109022" /><trkpt lat="-36.949584820" lon="-73.072125159" /><trkpt lat="-36.949593080" lon="-73.072140806" /><trkpt lat="-36.949601296" lon="-73.072155980" /><trkpt lat="-36.949609474" lon="-73.072170701" /><trkpt lat="-36.949617620" lon="-73.072184988" /><trkpt lat="-36.949625742" lon="-73.072198859" /><trkpt lat="-36.949633845" lon="-73.072212332" /><trkpt lat="-36.949641937" lon="-73.072225426" /><trkpt lat="-36.949650024" lon="-73.072238161" /><trkpt lat="-36.949658112" lon="-73.072250554" /><trkpt lat="-36.949666209" lon="-73.072262625" /><trkpt lat="-36.949674320" lon="-73.072274391" /><trkpt lat="-36.949682452" lon="-73.072285873" /><trkpt lat="-36.949690612" lon="-73.072297087" /><trkpt lat="-36.949698807" lon="-73.072308054" /><trkpt lat="-36.949707042" lon="-73.072318791" /><trkpt lat="-36.949715326" lon="-73.072329318" /><trkpt lat="-36.949723663" lon="-73.072339652" /><trkpt lat="-36.949732061" lon="-73.072349813" /><trkpt lat="-36.949740526" lon="-73.072359820" /><trkpt lat="-36.949749066" lon="-73.072369690" /><trkpt lat="-36.949757686" lon="-73.072379443" /><trkpt lat="-36.949766393" lon="-73.072389098" /><trkpt lat="-36.949775098" lon="-73.072398647" /><trkpt lat="-36.949784167" lon="-73.072408583" /><trkpt lat="-36.949793579" lon="-73.072418892" /><trkpt lat="-36.949803314" lon="-73.072429562" /><trkpt lat="-36.949813349" lon="-73.072440580" /><trkpt lat="-36.949823664" lon="-73.072451932" /><trkpt lat="-36.949834238" lon="-73.072463606" /><trkpt lat="-36.949845049" lon="-73.072475588" /><trkpt lat="-36.949856077" lon="-73.072487866" /><trkpt lat="-36.949867300" lon="-73.072500426" /><trkpt lat="-36.949878698" lon="-73.072513256" /><trkpt lat="-36.949890249" lon="-73.072526341" /><trkpt lat="-36.949901933" lon="-73.072539671" /><trkpt lat="-36.949913728" lon="-73.072553230" /><trkpt lat="-36.949925612" lon="-73.072567007" /><trkpt lat="-36.949937566" lon="-73.072580989" /><trkpt lat="-36.949949568" lon="-73.072595161" /><trkpt lat="-36.949961597" lon="-73.072609512" /><trkpt lat="-36.949973632" lon="-73.072624028" /><trkpt lat="-36.949985651" lon="-73.072638696" /><trkpt lat="-36.949997634" lon="-73.072653504" /><trkpt lat="-36.950009560" lon="-73.072668437" /><trkpt lat="-36.950021407" lon="-73.072683484" /><trkpt lat="-36.950033155" lon="-73.072698630" /><trkpt lat="-36.950044782" lon="-73.072713864" /><trkpt lat="-36.950056268" lon="-73.072729172" /><trkpt lat="-36.950067590" lon="-73.072744540" /><trkpt lat="-36.950078729" lon="-73.072759957" /><trkpt lat="-36.950089663" lon="-73.072775409" /><trkpt lat="-36.950100371" lon="-73.072790882" /><trkpt lat="-36.950110832" lon="-73.072806365" /><trkpt lat="-36.950121025" lon="-73.072821843" /><trkpt lat="-36.950130929" lon="-73.072837304" /><trkpt lat="-36.950140522" lon="-73.072852735" /><trkpt lat="-36.950149784" lon="-73.072868123" /><trkpt lat="-36.950158694" lon="-73.072883455" /><trkpt lat="-36.950167230" lon="-73.072898717" /><trkpt lat="-36.950174877" lon="-73.072912760" /><trkpt lat="-36.950182390" lon="-73.072926737" /><trkpt lat="-36.950189770" lon="-73.072940661" /><trkpt lat="-36.950197022" lon="-73.072954548" /><trkpt lat="-36.950204148" lon="-73.072968413" /><trkpt lat="-36.950211154" lon="-73.072982271" /><trkpt lat="-36.950218041" lon="-73.072996136" /><trkpt lat="-36.950224815" lon="-73.073010024" /><trkpt lat="-36.950231477" lon="-73.073023949" /><trkpt lat="-36.950238032" lon="-73.073037927" /><trkpt lat="-36.950244484" lon="-73.073051972" /><trkpt lat="-36.950250835" lon="-73.073066099" /><trkpt lat="-36.950257090" lon="-73.073080323" /><trkpt lat="-36.950263252" lon="-73.073094658" /><trkpt lat="-36.950269324" lon="-73.073109121" /><trkpt lat="-36.950275310" lon="-73.073123726" /><trkpt lat="-36.950281214" lon="-73.073138487" /><trkpt lat="-36.950287038" lon="-73.073153419" /><trkpt lat="-36.950292788" lon="-73.073168539" /><trkpt lat="-36.950298465" lon="-73.073183859" /><trkpt lat="-36.950304074" lon="-73.073199396" /><trkpt lat="-36.950309619" lon="-73.073215164" /><trkpt lat="-36.950315102" lon="-73.073231178" /><trkpt lat="-36.950320527" lon="-73.073247452" /><trkpt lat="-36.950325898" lon="-73.073264003" /><trkpt lat="-36.950331219" lon="-73.073280845" /><trkpt lat="-36.950336492" lon="-73.073297992" /><trkpt lat="-36.950341722" lon="-73.073315460" /><trkpt lat="-36.950346912" lon="-73.073333263" /><trkpt lat="-36.950352065" lon="-73.073351417" /><trkpt lat="-36.950357186" lon="-73.073369935" /><trkpt lat="-36.950362277" lon="-73.073388835" /><trkpt lat="-36.950367342" lon="-73.073408129" /><trkpt lat="-36.950372385" lon="-73.073427833" /><trkpt lat="-36.950377409" lon="-73.073447962" /><trkpt lat="-36.950382417" lon="-73.073468531" /><trkpt lat="-36.950387414" lon="-73.073489554" /><trkpt lat="-36.950392403" lon="-73.073511047" /><trkpt lat="-36.950397387" lon="-73.073533025" /><trkpt lat="-36.950402370" lon="-73.073555502" /><trkpt lat="-36.950407440" lon="-73.073578493" /><trkpt lat="-36.950412429" lon="-73.073600855" /><trkpt lat="-36.950417343" lon="-73.073622614" /><trkpt lat="-36.950422183" lon="-73.073643796" /><trkpt lat="-36.950426956" lon="-73.073664429" /><trkpt lat="-36.950431665" lon="-73.073684539" /><trkpt lat="-36.950436314" lon="-73.073704152" /><trkpt lat="-36.950440907" lon="-73.073723295" /><trkpt lat="-36.950445449" lon="-73.073741996" /><trkpt lat="-36.950449943" lon="-73.073760279" /><trkpt lat="-36.950454394" lon="-73.073778172" /><trkpt lat="-36.950458806" lon="-73.073795702" /><trkpt lat="-36.950463182" lon="-73.073812895" /><trkpt lat="-36.950467527" lon="-73.073829777" /><trkpt lat="-36.950471846" lon="-73.073846376" /><trkpt lat="-36.950476142" lon="-73.073862717" /><trkpt lat="-36.950480419" lon="-73.073878828" /><trkpt lat="-36.950484682" lon="-73.073894735" /><trkpt lat="-36.950488934" lon="-73.073910464" /><trkpt lat="-36.950493180" lon="-73.073926042" /><trkpt lat="-36.950497423" lon="-73.073941497" /><trkpt lat="-36.950501669" lon="-73.073956853" /><trkpt lat="-36.950505921" lon="-73.073972139" /><trkpt lat="-36.950510183" lon="-73.073987380" /><trkpt lat="-36.950514459" lon="-73.074002603" /><trkpt lat="-36.950518754" lon="-73.074017835" /><trkpt lat="-36.950523071" lon="-73.074033102" /><trkpt lat="-36.950527415" lon="-73.074048431" /><trkpt lat="-36.950531790" lon="-73.074063848" /><trkpt lat="-36.950536200" lon="-73.074079380" /><trkpt lat="-36.950540648" lon="-73.074095055" /><trkpt lat="-36.950545140" lon="-73.074110897" /><trkpt lat="-36.950549679" lon="-73.074126934" /><trkpt lat="-36.950554270" lon="-73.074143192" /><trkpt lat="-36.950558916" lon="-73.074159699" /><trkpt lat="-36.950563621" lon="-73.074176480" /><trkpt lat="-36.950568391" lon="-73.074193562" /><trkpt lat="-36.950573228" lon="-73.074210972" /><trkpt lat="-36.950578137" lon="-73.074228736" /><trkpt lat="-36.950584278" lon="-73.074251329" /><trkpt lat="-36.950589877" lon="-73.074272496" /><trkpt lat="-36.950594990" lon="-73.074292323" /><trkpt lat="-36.950599672" lon="-73.074310895" /><trkpt lat="-36.950603979" lon="-73.074328299" /><trkpt lat="-36.950607966" lon="-73.074344619" /><trkpt lat="-36.950611689" lon="-73.074359944" /><trkpt lat="-36.950615203" lon="-73.074374357" /><trkpt lat="-36.950618564" lon="-73.074387945" /><trkpt lat="-36.950621827" lon="-73.074400794" /><trkpt lat="-36.950625049" lon="-73.074412991" /><trkpt lat="-36.950628284" lon="-73.074424619" /><trkpt lat="-36.950631589" lon="-73.074435767" /><trkpt lat="-36.950635018" lon="-73.074446520" /><trkpt lat="-36.950638627" lon="-73.074456962" /><trkpt lat="-36.950642472" lon="-73.074467182" /><trkpt lat="-36.950646608" lon="-73.074477264" /><trkpt lat="-36.950651092" lon="-73.074487294" /><trkpt lat="-36.950655977" lon="-73.074497358" /><trkpt lat="-36.950661321" lon="-73.074507543" /><trkpt lat="-36.950667178" lon="-73.074517933" /><trkpt lat="-36.950673604" lon="-73.074528616" /><trkpt lat="-36.950680655" lon="-73.074539676" /><trkpt lat="-36.950688386" lon="-73.074551200" /><trkpt lat="-36.950696853" lon="-73.074563274" /><trkpt lat="-36.950706111" lon="-73.074575984" /><trkpt lat="-36.950716216" lon="-73.074589415" /><trkpt lat="-36.950727224" lon="-73.074603654" /><trkpt lat="-36.950739189" lon="-73.074618786" /><trkpt lat="-36.950752168" lon="-73.074634897" /><trkpt lat="-36.950763287" lon="-73.074648666" /><trkpt lat="-36.950774140" lon="-73.074662272" /><trkpt lat="-36.950784728" lon="-73.074675739" /><trkpt lat="-36.950795052" lon="-73.074689090" /><trkpt lat="-36.950805114" lon="-73.074702348" /><trkpt lat="-36.950814914" lon="-73.074715537" /><trkpt lat="-36.950824455" lon="-73.074728681" /><trkpt lat="-36.950833738" lon="-73.074741803" /><trkpt lat="-36.950842763" lon="-73.074754926" /><trkpt lat="-36.950851534" lon="-73.074768074" /><trkpt lat="-36.950860050" lon="-73.074781270" /><trkpt lat="-36.950868313" lon="-73.074794538" /><trkpt lat="-36.950876325" lon="-73.074807901" /><trkpt lat="-36.950884086" lon="-73.074821383" /><trkpt lat="-36.950891600" lon="-73.074835007" /><trkpt lat="-36.950898866" lon="-73.074848797" /><trkpt lat="-36.950905886" lon="-73.074862775" /><trkpt lat="-36.950912661" lon="-73.074876966" /><trkpt lat="-36.950919194" lon="-73.074891393" /><trkpt lat="-36.950925484" lon="-73.074906080" /><trkpt lat="-36.950931534" lon="-73.074921049" /><trkpt lat="-36.950937346" lon="-73.074936324" /><trkpt lat="-36.950942919" lon="-73.074951929" /><trkpt lat="-36.950948257" lon="-73.074967888" /><trkpt lat="-36.950953359" lon="-73.074984223" /><trkpt lat="-36.950958229" lon="-73.075000958" /><trkpt lat="-36.950962866" lon="-73.075018117" /><trkpt lat="-36.950967272" lon="-73.075035723" /><trkpt lat="-36.950971449" lon="-73.075053800" /><trkpt lat="-36.950975398" lon="-73.075072370" /><trkpt lat="-36.950979120" lon="-73.075091458" /><trkpt lat="-36.950982617" lon="-73.075111086" /><trkpt lat="-36.950985891" lon="-73.075131279" /><trkpt lat="-36.950988942" lon="-73.075152060" /><trkpt lat="-36.950991772" lon="-73.075173452" /><trkpt lat="-36.950994382" lon="-73.075195478" /><trkpt lat="-36.950996831" lon="-73.075218799" /><trkpt lat="-36.950998899" lon="-73.075241446" /><trkpt lat="-36.951000610" lon="-73.075263448" /><trkpt lat="-36.951001986" lon="-73.075284833" /><trkpt lat="-36.951003051" lon="-73.075305629" /><trkpt lat="-36.951003829" lon="-73.075325864" /><trkpt lat="-36.951004344" lon="-73.075345567" /><trkpt lat="-36.951004617" lon="-73.075364765" /><trkpt lat="-36.951004674" lon="-73.075383487" /><trkpt lat="-36.951004538" lon="-73.075401761" /><trkpt lat="-36.951004231" lon="-73.075419615" /><trkpt lat="-36.951003779" lon="-73.075437078" /><trkpt lat="-36.951003203" lon="-73.075454176" /><trkpt lat="-36.951002528" lon="-73.075470940" /><trkpt lat="-36.951001776" lon="-73.075487396" /><trkpt lat="-36.951000973" lon="-73.075503573" /><trkpt lat="-36.951000140" lon="-73.075519499" /><trkpt lat="-36.950999301" lon="-73.075535203" /><trkpt lat="-36.950998481" lon="-73.075550711" /><trkpt lat="-36.950997702" lon="-73.075566054" /><trkpt lat="-36.950996988" lon="-73.075581258" /><trkpt lat="-36.950996362" lon="-73.075596352" /><trkpt lat="-36.950995848" lon="-73.075611364" /><trkpt lat="-36.950995469" lon="-73.075626323" /><trkpt lat="-36.950995249" lon="-73.075641255" /><trkpt lat="-36.950995212" lon="-73.075656191" /><trkpt lat="-36.950995380" lon="-73.075671157" /><trkpt lat="-36.950995777" lon="-73.075686182" /><trkpt lat="-36.950996427" lon="-73.075701294" /><trkpt lat="-36.950997353" lon="-73.075716521" /><trkpt lat="-36.950998579" lon="-73.075731892" /><trkpt lat="-36.951000128" lon="-73.075747434" /><trkpt lat="-36.951002024" lon="-73.075763176" /><trkpt lat="-36.951004290" lon="-73.075779146" /><trkpt lat="-36.951006849" lon="-73.075796890" /><trkpt lat="-36.951008954" lon="-73.075813668" /><trkpt lat="-36.951010611" lon="-73.075829515" /><trkpt lat="-36.951011824" lon="-73.075844467" /><trkpt lat="-36.951012596" lon="-73.075858557" /><trkpt lat="-36.951012933" lon="-73.075871822" /><trkpt lat="-36.951012837" lon="-73.075884297" /><trkpt lat="-36.951012315" lon="-73.075896016" /><trkpt lat="-36.951011370" lon="-73.075907015" /><trkpt lat="-36.951010006" lon="-73.075917330" /><trkpt lat="-36.951008228" lon="-73.075926995" /><trkpt lat="-36.951006039" lon="-73.075936045" /><trkpt lat="-36.951003445" lon="-73.075944516" /><trkpt lat="-36.951000449" lon="-73.075952442" /><trkpt lat="-36.950997056" lon="-73.075959860" /><trkpt lat="-36.950993270" lon="-73.075966804" /><trkpt lat="-36.950989095" lon="-73.075973309" /><trkpt lat="-36.950984536" lon="-73.075979411" /><trkpt lat="-36.950979596" lon="-73.075985144" /><trkpt lat="-36.950974281" lon="-73.075990544" /><trkpt lat="-36.950968594" lon="-73.075995646" /><trkpt lat="-36.950962540" lon="-73.076000485" /><trkpt lat="-36.950956124" lon="-73.076005097" /><trkpt lat="-36.950949348" lon="-73.076009516" /><trkpt lat="-36.950942218" lon="-73.076013778" /><trkpt lat="-36.950934738" lon="-73.076017917" /><trkpt lat="-36.950926912" lon="-73.076021969" /><trkpt lat="-36.950918745" lon="-73.076025970" /><trkpt lat="-36.950910240" lon="-73.076029954" /><trkpt lat="-36.950901402" lon="-73.076033956" /><trkpt lat="-36.950892413" lon="-73.076038097" /><trkpt lat="-36.950883448" lon="-73.076042464" /><trkpt lat="-36.950874504" lon="-73.076047042" /><trkpt lat="-36.950865577" lon="-73.076051818" /><trkpt lat="-36.950856665" lon="-73.076056777" /><trkpt lat="-36.950847765" lon="-73.076061905" /><trkpt lat="-36.950838872" lon="-73.076067188" /><trkpt lat="-36.950829984" lon="-73.076072611" /><trkpt lat="-36.950821097" lon="-73.076078160" /><trkpt lat="-36.950812208" lon="-73.076083822" /><trkpt lat="-36.950803315" lon="-73.076089582" /><trkpt lat="-36.950794413" lon="-73.076095425" /><trkpt lat="-36.950785499" lon="-73.076101338" /><trkpt lat="-36.950776570" lon="-73.076107306" /><trkpt lat="-36.950767624" lon="-73.076113315" /><trkpt lat="-36.950758655" lon="-73.076119350" /><trkpt lat="-36.950749663" lon="-73.076125399" /><trkpt lat="-36.950740642" lon="-73.076131446" /><trkpt lat="-36.950731590" lon="-73.076137477" /><trkpt lat="-36.950722503" lon="-73.076143478" /><trkpt lat="-36.950713379" lon="-73.076149434" /><trkpt lat="-36.950704213" lon="-73.076155333" /><trkpt lat="-36.950695004" lon="-73.076161158" /><trkpt lat="-36.950685746" lon="-73.076166897" /><trkpt lat="-36.950676438" lon="-73.076172534" /><trkpt lat="-36.950667076" lon="-73.076178057" /><trkpt lat="-36.950657657" lon="-73.076183450" /><trkpt lat="-36.950648177" lon="-73.076188699" /><trkpt lat="-36.950638633" lon="-73.076193790" /><trkpt lat="-36.950629022" lon="-73.076198708" /><trkpt lat="-36.950619732" lon="-73.076203234" /><trkpt lat="-36.950609991" lon="-73.076207783" /><trkpt lat="-36.950599864" lon="-73.076212398" /><trkpt lat="-36.950589413" lon="-73.076217117" /><trkpt lat="-36.950578703" lon="-73.076221982" /><trkpt lat="-36.950567799" lon="-73.076227033" /><trkpt lat="-36.950556763" lon="-73.076232309" /><trkpt lat="-36.950545660" lon="-73.076237852" /><trkpt lat="-36.950534554" lon="-73.076243701" /><trkpt lat="-36.950523509" lon="-73.076249897" /><trkpt lat="-36.950512588" lon="-73.076256480" /><trkpt lat="-36.950501856" lon="-73.076263490" /><trkpt lat="-36.950491378" lon="-73.076270968" /><trkpt lat="-36.950481215" lon="-73.076278953" /><trkpt lat="-36.950471434" lon="-73.076287487" /><trkpt lat="-36.950462097" lon="-73.076296609" /><trkpt lat="-36.950453269" lon="-73.076306360" /><trkpt lat="-36.950445014" lon="-73.076316779" /><trkpt lat="-36.950437395" lon="-73.076327908" /><trkpt lat="-36.950430476" lon="-73.076339786" /><trkpt lat="-36.950424323" lon="-73.076352454" /><trkpt lat="-36.950418998" lon="-73.076365952" /><trkpt lat="-36.950414565" lon="-73.076380320" /><trkpt lat="-36.950411089" lon="-73.076395599" /><trkpt lat="-36.950408633" lon="-73.076411829" /><trkpt lat="-36.950407262" lon="-73.076429049" /><trkpt lat="-36.950407039" lon="-73.076447301" /><trkpt lat="-36.950408028" lon="-73.076466625" /><trkpt lat="-36.950410294" lon="-73.076487061" /><trkpt lat="-36.950413900" lon="-73.076508649" /><trkpt lat="-36.950418911" lon="-73.076531429" /><trkpt lat="-36.950425390" lon="-73.076555442" /><trkpt lat="-36.950431523" lon="-73.076576661" /><trkpt lat="-36.950437412" lon="-73.076597692" /><trkpt lat="-36.950443062" lon="-73.076618534" /><trkpt lat="-36.950448477" lon="-73.076639186" /><trkpt lat="-36.950453663" lon="-73.076659647" /><trkpt lat="-36.950458624" lon="-73.076679916" /><trkpt lat="-36.950463365" lon="-73.076699992" /><trkpt lat="-36.950467891" lon="-73.076719873" /><trkpt lat="-36.950472207" lon="-73.076739560" /><trkpt lat="-36.950476317" lon="-73.076759050" /><trkpt lat="-36.950480227" lon="-73.076778344" /><trkpt lat="-36.950483941" lon="-73.076797439" /><trkpt lat="-36.950487464" lon="-73.076816335" /><trkpt lat="-36.950490800" lon="-73.076835031" /><trkpt lat="-36.950493955" lon="-73.076853526" /><trkpt lat="-36.950496934" lon="-73.076871818" /><trkpt lat="-36.950499741" lon="-73.076889908" /><trkpt lat="-36.950502380" lon="-73.076907793" /><trkpt lat="-36.950504858" lon="-73.076925473" /><trkpt lat="-36.950507179" lon="-73.076942947" /><trkpt lat="-36.950509347" lon="-73.076960213" /><trkpt lat="-36.950511367" lon="-73.076977272" /><trkpt lat="-36.950513245" lon="-73.076994120" /><trkpt lat="-36.950514984" lon="-73.077010759" /><trkpt lat="-36.950516590" lon="-73.077027187" /><trkpt lat="-36.950518068" lon="-73.077043402" /><trkpt lat="-36.950519422" lon="-73.077059404" /><trkpt lat="-36.950520658" lon="-73.077075191" /><trkpt lat="-36.950521780" lon="-73.077090763" /><trkpt lat="-36.950522792" lon="-73.077106119" /><trkpt lat="-36.950523700" lon="-73.077121257" /><trkpt lat="-36.950524509" lon="-73.077136178" /><trkpt lat="-36.950525223" lon="-73.077150878" /><trkpt lat="-36.950525848" lon="-73.077165359" /><trkpt lat="-36.950526387" lon="-73.077179617" /><trkpt lat="-36.950526846" lon="-73.077193654" /><trkpt lat="-36.950527230" lon="-73.077207467" /><trkpt lat="-36.950527593" lon="-73.077222958" /><trkpt lat="-36.950527889" lon="-73.077238696" /><trkpt lat="-36.950528101" lon="-73.077254660" /><trkpt lat="-36.950528208" lon="-73.077270832" /><trkpt lat="-36.950528193" lon="-73.077287190" /><trkpt lat="-36.950528035" lon="-73.077303716" /><trkpt lat="-36.950527716" lon="-73.077320390" /><trkpt lat="-36.950527217" lon="-73.077337191" /><trkpt lat="-36.950526520" lon="-73.077354102" /><trkpt lat="-36.950525604" lon="-73.077371100" /><trkpt lat="-36.950524451" lon="-73.077388168" /><trkpt lat="-36.950523043" lon="-73.077405285" /><trkpt lat="-36.950521359" lon="-73.077422432" /><trkpt lat="-36.950519382" lon="-73.077439588" /><trkpt lat="-36.950517092" lon="-73.077456735" /><trkpt lat="-36.950514470" lon="-73.077473852" /><trkpt lat="-36.950511498" lon="-73.077490920" /><trkpt lat="-36.950508156" lon="-73.077507919" /><trkpt lat="-36.950504425" lon="-73.077524829" /><trkpt lat="-36.950500286" lon="-73.077541631" /><trkpt lat="-36.950495721" lon="-73.077558304" /><trkpt lat="-36.950490711" lon="-73.077574830" /><trkpt lat="-36.950485236" lon="-73.077591189" /><trkpt lat="-36.950479277" lon="-73.077607360" /><trkpt lat="-36.950472816" lon="-73.077623324" /><trkpt lat="-36.950465834" lon="-73.077639062" /><trkpt lat="-36.950458311" lon="-73.077654554" /><trkpt lat="-36.950450228" lon="-73.077669779" /><trkpt lat="-36.950441568" lon="-73.077684719" /><trkpt lat="-36.950432310" lon="-73.077699353" /><trkpt lat="-36.950422436" lon="-73.077713662" /><trkpt lat="-36.950411927" lon="-73.077727627" /><trkpt lat="-36.950400763" lon="-73.077741226" /><trkpt lat="-36.950388478" lon="-73.077755927" /><trkpt lat="-36.950376920" lon="-73.077770512" /><trkpt lat="-36.950366092" lon="-73.077784959" /><trkpt lat="-36.950355997" lon="-73.077799250" /><trkpt lat="-36.950346640" lon="-73.077813363" /><trkpt lat="-36.950338025" lon="-73.077827277" /><trkpt lat="-36.950330154" lon="-73.077840974" /><trkpt lat="-36.950323033" lon="-73.077854431" /><trkpt lat="-36.950316664" lon="-73.077867629" /><trkpt lat="-36.950311051" lon="-73.077880548" /><trkpt lat="-36.950306198" lon="-73.077893166" /><trkpt lat="-36.950302109" lon="-73.077905464" /><trkpt lat="-36.950298788" lon="-73.077917420" /><trkpt lat="-36.950296238" lon="-73.077929015" /><trkpt lat="-36.950294463" lon="-73.077940229" /><trkpt lat="-36.950293467" lon="-73.077951039" /><trkpt lat="-36.950293253" lon="-73.077961427" /><trkpt lat="-36.950293826" lon="-73.077971372" /><trkpt lat="-36.950295189" lon="-73.077980854" /><trkpt lat="-36.950297345" lon="-73.077989851" /><trkpt lat="-36.950300299" lon="-73.077998344" /><trkpt lat="-36.950304055" lon="-73.078006312" /><trkpt lat="-36.950308615" lon="-73.078013734" /><trkpt lat="-36.950313984" lon="-73.078020591" /><trkpt lat="-36.950320166" lon="-73.078026861" /><trkpt lat="-36.950327164" lon="-73.078032525" /><trkpt lat="-36.950334982" lon="-73.078037562" /><trkpt lat="-36.950343624" lon="-73.078041952" /><trkpt lat="-36.950353093" lon="-73.078045673" /><trkpt lat="-36.950363394" lon="-73.078048706" /><trkpt lat="-36.950374313" lon="-73.078051409" /><trkpt lat="-36.950385611" lon="-73.078054160" /><trkpt lat="-36.950397253" lon="-73.078056973" /><trkpt lat="-36.950409204" lon="-73.078059861" /><trkpt lat="-36.950421428" lon="-73.078062838" /><trkpt lat="-36.950433890" lon="-73.078065915" /><trkpt lat="-36.950446555" lon="-73.078069108" /><trkpt lat="-36.950459388" lon="-73.078072427" /><trkpt lat="-36.950472353" lon="-73.078075888" /><trkpt lat="-36.950485415" lon="-73.078079502" /><trkpt lat="-36.950498539" lon="-73.078083283" /><trkpt lat="-36.950511690" lon="-73.078087244" /><trkpt lat="-36.950524833" lon="-73.078091399" /><trkpt lat="-36.950537931" lon="-73.078095759" /><trkpt lat="-36.950550951" lon="-73.078100339" /><trkpt lat="-36.950563856" lon="-73.078105151" /><trkpt lat="-36.950576611" lon="-73.078110209" /><trkpt lat="-36.950589182" lon="-73.078115526" /><trkpt lat="-36.950601533" lon="-73.078121114" /><trkpt lat="-36.950613628" lon="-73.078126987" /><trkpt lat="-36.950625433" lon="-73.078133158" /><trkpt lat="-36.950636912" lon="-73.078139641" /><trkpt lat="-36.950648030" lon="-73.078146448" /><trkpt lat="-36.950658751" lon="-73.078153592" /><trkpt lat="-36.950669041" lon="-73.078161086" /><trkpt lat="-36.950678865" lon="-73.078168944" /><trkpt lat="-36.950688186" lon="-73.078177179" /><trkpt lat="-36.950696970" lon="-73.078185803" /><trkpt lat="-36.950705181" lon="-73.078194831" /><trkpt lat="-36.950712785" lon="-73.078204275" /><trkpt lat="-36.950720011" lon="-73.078213987" /><trkpt lat="-36.950727118" lon="-73.078223826" /><trkpt lat="-36.950734117" lon="-73.078233814" /><trkpt lat="-36.950741016" lon="-73.078243973" /><trkpt lat="-36.950747824" lon="-73.078254327" /><trkpt lat="-36.950754549" lon="-73.078264896" /><trkpt lat="-36.950761201" lon="-73.078275703" /><trkpt lat="-36.950767789" lon="-73.078286770" /><trkpt lat="-36.950774321" lon="-73.078298120" /><trkpt lat="-36.950780807" lon="-73.078309775" /><trkpt lat="-36.950787256" lon="-73.078321757" /><trkpt lat="-36.950793675" lon="-73.078334088" /><trkpt lat="-36.950800075" lon="-73.078346790" /><trkpt lat="-36.950806465" lon="-73.078359887" /><trkpt lat="-36.950812852" lon="-73.078373399" /><trkpt lat="-36.950819247" lon="-73.078387349" /><trkpt lat="-36.950825658" lon="-73.078401759" /><trkpt lat="-36.950832093" lon="-73.078416652" /><trkpt lat="-36.950838563" lon="-73.078432049" /><trkpt lat="-36.950845076" lon="-73.078447974" /><trkpt lat="-36.950851640" lon="-73.078464448" /><trkpt lat="-36.950858265" lon="-73.078481493" /><trkpt lat="-36.950864960" lon="-73.078499132" /><trkpt lat="-36.950871734" lon="-73.078517387" /><trkpt lat="-36.950878595" lon="-73.078536280" /><trkpt lat="-36.950885553" lon="-73.078555833" /><trkpt lat="-36.950892616" lon="-73.078576069" /><trkpt lat="-36.950899793" lon="-73.078597010" /><trkpt lat="-36.950907094" lon="-73.078618677" /><trkpt lat="-36.950914527" lon="-73.078641094" /><trkpt lat="-36.950921330" lon="-73.078661645" /><trkpt lat="-36.950928098" lon="-73.078681851" /><trkpt lat="-36.950934833" lon="-73.078701723" /><trkpt lat="-36.950941536" lon="-73.078721271" /><trkpt lat="-36.950948208" lon="-73.078740506" /><trkpt lat="-36.950954849" lon="-73.078759438" /><trkpt lat="-36.950961462" lon="-73.078778077" /><trkpt lat="-36.950968047" lon="-73.078796433" /><trkpt lat="-36.950974605" lon="-73.078814517" /><trkpt lat="-36.950981137" lon="-73.078832339" /><trkpt lat="-36.950987644" lon="-73.078849909" /><trkpt lat="-36.950994128" lon="-73.078867238" /><trkpt lat="-36.951000589" lon="-73.078884336" /><trkpt lat="-36.951007029" lon="-73.078901213" /><trkpt lat="-36.951013448" lon="-73.078917880" /><trkpt lat="-36.951019848" lon="-73.078934346" /><trkpt lat="-36.951026230" lon="-73.078950623" /><trkpt lat="-36.951032595" lon="-73.078966720" /><trkpt lat="-36.951038943" lon="-73.078982647" /><trkpt lat="-36.951045277" lon="-73.078998416" /><trkpt lat="-36.951051596" lon="-73.079014036" /><trkpt lat="-36.951057903" lon="-73.079029518" /><trkpt lat="-36.951064197" lon="-73.079044871" /><trkpt lat="-36.951070482" lon="-73.079060107" /><trkpt lat="-36.951076756" lon="-73.079075235" /><trkpt lat="-36.951083022" lon="-73.079090267" /><trkpt lat="-36.951089280" lon="-73.079105211" /><trkpt lat="-36.951095532" lon="-73.079120079" /><trkpt lat="-36.951101779" lon="-73.079134880" /><trkpt lat="-36.951108021" lon="-73.079149626" /><trkpt lat="-36.951114260" lon="-73.079164325" /><trkpt lat="-36.951120497" lon="-73.079178990" /><trkpt lat="-36.951126732" lon="-73.079193629" /><trkpt lat="-36.951131908" lon="-73.079205933" /><trkpt lat="-36.951137135" lon="-73.079218693" /><trkpt lat="-36.951142396" lon="-73.079231891" /><trkpt lat="-36.951147675" lon="-73.079245509" /><trkpt lat="-36.951152955" lon="-73.079259530" /><trkpt lat="-36.951158219" lon="-73.079273934" /><trkpt lat="-36.951163449" lon="-73.079288705" /><trkpt lat="-36.951168630" lon="-73.079303825" /><trkpt lat="-36.951173744" lon="-73.079319275" /><trkpt lat="-36.951178774" lon="-73.079335038" /><trkpt lat="-36.951183703" lon="-73.079351096" /><trkpt lat="-36.951188515" lon="-73.079367430" /><trkpt lat="-36.951193193" lon="-73.079384024" /><trkpt lat="-36.951197720" lon="-73.079400859" /><trkpt lat="-36.951202079" lon="-73.079417916" /><trkpt lat="-36.951206252" lon="-73.079435179" /><trkpt lat="-36.951210224" lon="-73.079452629" /><trkpt lat="-36.951213978" lon="-73.079470249" /><trkpt lat="-36.951217495" lon="-73.079488020" /><trkpt lat="-36.951220761" lon="-73.079505925" /><trkpt lat="-36.951223757" lon="-73.079523945" /><trkpt lat="-36.951226467" lon="-73.079542064" /><trkpt lat="-36.951228874" lon="-73.079560262" /><trkpt lat="-36.951230961" lon="-73.079578521" /><trkpt lat="-36.951232711" lon="-73.079596825" /><trkpt lat="-36.951234108" lon="-73.079615155" /><trkpt lat="-36.951235134" lon="-73.079633494" /><trkpt lat="-36.951235773" lon="-73.079651822" /><trkpt lat="-36.951236007" lon="-73.079670123" /><trkpt lat="-36.951235821" lon="-73.079688379" /><trkpt lat="-36.951235196" lon="-73.079706571" /><trkpt lat="-36.951234116" lon="-73.079724681" /><trkpt lat="-36.951232565" lon="-73.079742693" /><trkpt lat="-36.951230525" lon="-73.079760587" /><trkpt lat="-36.951227980" lon="-73.079778346" /><trkpt lat="-36.951224912" lon="-73.079795952" /><trkpt lat="-36.951221305" lon="-73.079813387" /><trkpt lat="-36.951217142" lon="-73.079830634" /><trkpt lat="-36.951212405" lon="-73.079847673" /><trkpt lat="-36.951207079" lon="-73.079864488" /><trkpt lat="-36.951199713" lon="-73.079886321" /><trkpt lat="-36.951192631" lon="-73.079907314" /><trkpt lat="-36.951185852" lon="-73.079927494" /><trkpt lat="-36.951179394" lon="-73.079946887" /><trkpt lat="-36.951173276" lon="-73.079965520" /><trkpt lat="-36.951167516" lon="-73.079983420" /><trkpt lat="-36.951162133" lon="-73.080000614" /><trkpt lat="-36.951157144" lon="-73.080017129" /><trkpt lat="-36.951152570" lon="-73.080032991" /><trkpt lat="-36.951148427" lon="-73.080048228" /><trkpt lat="-36.951144736" lon="-73.080062865" /><trkpt lat="-36.951141513" lon="-73.080076930" /><trkpt lat="-36.951138778" lon="-73.080090450" /><trkpt lat="-36.951136549" lon="-73.080103451" /><trkpt lat="-36.951134844" lon="-73.080115961" /><trkpt lat="-36.951133683" lon="-73.080128006" /><trkpt lat="-36.951133083" lon="-73.080139612" /><trkpt lat="-36.951133063" lon="-73.080150808" /><trkpt lat="-36.951133641" lon="-73.080161619" /><trkpt lat="-36.951134836" lon="-73.080172072" /><trkpt lat="-36.951136667" lon="-73.080182194" /><trkpt lat="-36.951139152" lon="-73.080192012" /><trkpt lat="-36.951142309" lon="-73.080201553" /><trkpt lat="-36.951146157" lon="-73.080210844" /><trkpt lat="-36.951150714" lon="-73.080219911" /><trkpt lat="-36.951155999" lon="-73.080228781" /><trkpt lat="-36.951162031" lon="-73.080237481" /><trkpt lat="-36.951168827" lon="-73.080246037" /><trkpt lat="-36.951176406" lon="-73.080254478" /><trkpt lat="-36.951184788" lon="-73.080262828" /><trkpt lat="-36.951193496" lon="-73.080271110" /><trkpt lat="-36.951202035" lon="-73.080279334" /><trkpt lat="-36.951210396" lon="-73.080287515" /><trkpt lat="-36.951218567" lon="-73.080295668" /><trkpt lat="-36.951226536" lon="-73.080303807" /><trkpt lat="-36.951234294" lon="-73.080311945" /><trkpt lat="-36.951241828" lon="-73.080320098" /><trkpt lat="-36.951249129" lon="-73.080328279" /><trkpt lat="-36.951256185" lon="-73.080336503" /><trkpt lat="-36.951262985" lon="-73.080344785" /><trkpt lat="-36.951269519" lon="-73.080353138" /><trkpt lat="-36.951275774" lon="-73.080361577" /><trkpt lat="-36.951281741" lon="-73.080370116" /><trkpt lat="-36.951287409" lon="-73.080378769" /><trkpt lat="-36.951292766" lon="-73.080387551" /><trkpt lat="-36.951297801" lon="-73.080396476" /><trkpt lat="-36.951302504" lon="-73.080405559" /><trkpt lat="-36.951306863" lon="-73.080414813" /><trkpt lat="-36.951310868" lon="-73.080424253" /><trkpt lat="-36.951314508" lon="-73.080433894" /><trkpt lat="-36.951317771" lon="-73.080443749" /><trkpt lat="-36.951320647" lon="-73.080453832" /><trkpt lat="-36.951323125" lon="-73.080464160" /><trkpt lat="-36.951325194" lon="-73.080474744" /><trkpt lat="-36.951326843" lon="-73.080485601" /><trkpt lat="-36.951328060" lon="-73.080496743" /><trkpt lat="-36.951328836" lon="-73.080508186" /><trkpt lat="-36.951329158" lon="-73.080519943" /><trkpt lat="-36.951329017" lon="-73.080532030" /><trkpt lat="-36.951328401" lon="-73.080544460" /><trkpt lat="-36.951327477" lon="-73.080556696" /><trkpt lat="-36.951326410" lon="-73.080568211" /><trkpt lat="-36.951325188" lon="-73.080579036" /><trkpt lat="-36.951323795" lon="-73.080589202" /><trkpt lat="-36.951322219" lon="-73.080598738" /><trkpt lat="-36.951320444" lon="-73.080607674" /><trkpt lat="-36.951318459" lon="-73.080616043" /><trkpt lat="-36.951316247" lon="-73.080623873" /><trkpt lat="-36.951313797" lon="-73.080631195" /><trkpt lat="-36.951311094" lon="-73.080638039" /><trkpt lat="-36.951308124" lon="-73.080644437" /><trkpt lat="-36.951304874" lon="-73.080650418" /><trkpt lat="-36.951301329" lon="-73.080656013" /><trkpt lat="-36.951297476" lon="-73.080661252" /><trkpt lat="-36.951293301" lon="-73.080666165" /><trkpt lat="-36.951288791" lon="-73.080670784" /><trkpt lat="-36.951283930" lon="-73.080675138" /><trkpt lat="-36.951278706" lon="-73.080679257" /><trkpt lat="-36.951273105" lon="-73.080683173" /><trkpt lat="-36.951267113" lon="-73.080686915" /><trkpt lat="-36.951260716" lon="-73.080690514" /><trkpt lat="-36.951253900" lon="-73.080694001" /><trkpt lat="-36.951246652" lon="-73.080697405" /><trkpt lat="-36.951238958" lon="-73.080700758" /><trkpt lat="-36.951230803" lon="-73.080704089" /><trkpt lat="-36.951222174" lon="-73.080707429" /><trkpt lat="-36.951213058" lon="-73.080710808" /><trkpt lat="-36.951203440" lon="-73.080714257" /><trkpt lat="-36.951193307" lon="-73.080717806" /><trkpt lat="-36.951182644" lon="-73.080721486" /><trkpt lat="-36.951171636" lon="-73.080725283" /><trkpt lat="-36.951160481" lon="-73.080729163" /><trkpt lat="-36.951149187" lon="-73.080733126" /><trkpt lat="-36.951137760" lon="-73.080737170" /><trkpt lat="-36.951126208" lon="-73.080741295" /><trkpt lat="-36.951114539" lon="-73.080745500" /><trkpt lat="-36.951102761" lon="-73.080749784" /><trkpt lat="-36.951090879" lon="-73.080754146" /><trkpt lat="-36.951078903" lon="-73.080758586" /><trkpt lat="-36.951066839" lon="-73.080763102" /><trkpt lat="-36.951054695" lon="-73.080767694" /><trkpt lat="-36.951042478" lon="-73.080772360" /><trkpt lat="-36.951030197" lon="-73.080777101" /><trkpt lat="-36.951017857" lon="-73.080781915" /><trkpt lat="-36.951005467" lon="-73.080786801" /><trkpt lat="-36.950993034" lon="-73.080791759" /><trkpt lat="-36.950980566" lon="-73.080796788" /><trkpt lat="-36.950968070" lon="-73.080801886" /><trkpt lat="-36.950955553" lon="-73.080807053" /><trkpt lat="-36.950943023" lon="-73.080812289" /><trkpt lat="-36.950930488" lon="-73.080817592" /><trkpt lat="-36.950917954" lon="-73.080822961" /><trkpt lat="-36.950905430" lon="-73.080828396" /><trkpt lat="-36.950892922" lon="-73.080833896" /><trkpt lat="-36.950880439" lon="-73.080839460" /><trkpt lat="-36.950867987" lon="-73.080845087" /><trkpt lat="-36.950855574" lon="-73.080850777" /><trkpt lat="-36.950843207" lon="-73.080856527" /><trkpt lat="-36.950830895" lon="-73.080862339" /><trkpt lat="-36.950818644" lon="-73.080868210" /><trkpt lat="-36.950806482" lon="-73.080873952" /><trkpt lat="-36.950794425" lon="-73.080879385" /><trkpt lat="-36.950782464" lon="-73.080884521" /><trkpt lat="-36.950770590" lon="-73.080889372" /><trkpt lat="-36.950758795" lon="-73.080893952" /><trkpt lat="-36.950747069" lon="-73.080898272" /><trkpt lat="-36.950735402" lon="-73.080902346" /><trkpt lat="-36.950723787" lon="-73.080906186" /><trkpt lat="-36.950712213" lon="-73.080909803" /><trkpt lat="-36.950700673" lon="-73.080913212" /><trkpt lat="-36.950689156" lon="-73.080916424" /><trkpt lat="-36.950677654" lon="-73.080919451" /><trkpt lat="-36.950666157" lon="-73.080922307" /><trkpt lat="-36.950654657" lon="-73.080925004" /><trkpt lat="-36.950643145" lon="-73.080927554" /><trkpt lat="-36.950631612" lon="-73.080929970" /><trkpt lat="-36.950620048" lon="-73.080932265" /><trkpt lat="-36.950608444" lon="-73.080934450" /><trkpt lat="-36.950596792" lon="-73.080936539" /><trkpt lat="-36.950585082" lon="-73.080938544" /><trkpt lat="-36.950573306" lon="-73.080940477" /><trkpt lat="-36.950561454" lon="-73.080942351" /><trkpt lat="-36.950549517" lon="-73.080944179" /><trkpt lat="-36.950537486" lon="-73.080945973" /><trkpt lat="-36.950525352" lon="-73.080947745" /><trkpt lat="-36.950513106" lon="-73.080949508" /><trkpt lat="-36.950500740" lon="-73.080951275" /><trkpt lat="-36.950488243" lon="-73.080953058" /><trkpt lat="-36.950475607" lon="-73.080954870" /><trkpt lat="-36.950462823" lon="-73.080956723" /><trkpt lat="-36.950449915" lon="-73.080958616" /><trkpt lat="-36.950436920" lon="-73.080960523" /><trkpt lat="-36.950423852" lon="-73.080962421" /><trkpt lat="-36.950410726" lon="-73.080964285" /><trkpt lat="-36.950397555" lon="-73.080966092" /><trkpt lat="-36.950384354" lon="-73.080967817" /><trkpt lat="-36.950371135" lon="-73.080969437" /><trkpt lat="-36.950357912" lon="-73.080970926" /><trkpt lat="-36.950344700" lon="-73.080972263" /><trkpt lat="-36.950331513" lon="-73.080973421" /><trkpt lat="-36.950318363" lon="-73.080974378" /><trkpt lat="-36.950305265" lon="-73.080975109" /><trkpt lat="-36.950292233" lon="-73.080975590" /><trkpt lat="-36.950279281" lon="-73.080975797" /><trkpt lat="-36.950266422" lon="-73.080975707" /><trkpt lat="-36.950253670" lon="-73.080975294" /><trkpt lat="-36.950241039" lon="-73.080974536" /><trkpt lat="-36.950228543" lon="-73.080973408" /><trkpt lat="-36.950216195" lon="-73.080971886" /><trkpt lat="-36.950204010" lon="-73.080969946" /><trkpt lat="-36.950192001" lon="-73.080967564" /><trkpt lat="-36.950180183" lon="-73.080964716" /><trkpt lat="-36.950168568" lon="-73.080961377" /><trkpt lat="-36.950157171" lon="-73.080957525" /><trkpt lat="-36.950146005" lon="-73.080953135" /><trkpt lat="-36.950135085" lon="-73.080948182" /><trkpt lat="-36.950124424" lon="-73.080942644" /><trkpt lat="-36.950114036" lon="-73.080936495" /><trkpt lat="-36.950103935" lon="-73.080929712" /><trkpt lat="-36.950094134" lon="-73.080922271" /><trkpt lat="-36.950084592" lon="-73.080914527" /><trkpt lat="-36.950075260" lon="-73.080906844" /><trkpt lat="-36.950066139" lon="-73.080899204" /><trkpt lat="-36.950057231" lon="-73.080891590" /><trkpt lat="-36.950048538" lon="-73.080883987" /><trkpt lat="-36.950040062" lon="-73.080876378" /><trkpt lat="-36.950031805" lon="-73.080868747" /><trkpt lat="-36.950023769" lon="-73.080861077" /><trkpt lat="-36.950015955" lon="-73.080853351" /><trkpt lat="-36.950008366" lon="-73.080845554" /><trkpt lat="-36.950001003" lon="-73.080837670" /><trkpt lat="-36.949993869" lon="-73.080829681" /><trkpt lat="-36.949986964" lon="-73.080821571" /><trkpt lat="-36.949980292" lon="-73.080813324" /><trkpt lat="-36.949973853" lon="-73.080804924" /><trkpt lat="-36.949967650" lon="-73.080796354" /><trkpt lat="-36.949961685" lon="-73.080787597" /><trkpt lat="-36.949955960" lon="-73.080778638" /><trkpt lat="-36.949950476" lon="-73.080769460" /><trkpt lat="-36.949945235" lon="-73.080760046" /><trkpt lat="-36.949940239" lon="-73.080750381" /><trkpt lat="-36.949935491" lon="-73.080740447" /><trkpt lat="-36.949930991" lon="-73.080730229" /><trkpt lat="-36.949926742" lon="-73.080719710" /><trkpt lat="-36.949922746" lon="-73.080708873" /><trkpt lat="-36.949919005" lon="-73.080697703" /><trkpt lat="-36.949915520" lon="-73.080686182" /><trkpt lat="-36.949912294" lon="-73.080674295" /><trkpt lat="-36.949909328" lon="-73.080662025" /><trkpt lat="-36.949906624" lon="-73.080649355" /><trkpt lat="-36.949904223" lon="-73.080636718" /><trkpt lat="-36.949902132" lon="-73.080624535" /><trkpt lat="-36.949900305" lon="-73.080612781" /><trkpt lat="-36.949898695" lon="-73.080601427" /><trkpt lat="-36.949897256" lon="-73.080590446" /><trkpt lat="-36.949895941" lon="-73.080579811" /><trkpt lat="-36.949894703" lon="-73.080569494" /><trkpt lat="-36.949893495" lon="-73.080559468" /><trkpt lat="-36.949892271" lon="-73.080549706" /><trkpt lat="-36.949890984" lon="-73.080540179" /><trkpt lat="-36.949889588" lon="-73.080530862" /><trkpt lat="-36.949888035" lon="-73.080521725" /><trkpt lat="-36.949886280" lon="-73.080512742" /><trkpt lat="-36.949884275" lon="-73.080503886" /><trkpt lat="-36.949881974" lon="-73.080495128" /><trkpt lat="-36.949879329" lon="-73.080486442" /><trkpt lat="-36.949876295" lon="-73.080477800" /><trkpt lat="-36.949872825" lon="-73.080469175" /><trkpt lat="-36.949868872" lon="-73.080460539" /><trkpt lat="-36.949864389" lon="-73.080451865" /><trkpt lat="-36.949859329" lon="-73.080443126" /><trkpt lat="-36.949853647" lon="-73.080434293" /><trkpt lat="-36.949847295" lon="-73.080425340" /><trkpt lat="-36.949840226" lon="-73.080416239" /><trkpt lat="-36.949832395" lon="-73.080406963" /><trkpt lat="-36.949823753" lon="-73.080397484" /><trkpt lat="-36.949814255" lon="-73.080387776" /><trkpt lat="-36.949803854" lon="-73.080377809" /><trkpt lat="-36.949792504" lon="-73.080367558" /><trkpt lat="-36.949780156" lon="-73.080356995" /><trkpt lat="-36.949768466" lon="-73.080347072" /><trkpt lat="-36.949756775" lon="-73.080336854" /><trkpt lat="-36.949745081" lon="-73.080326403" /><trkpt lat="-36.949733380" lon="-73.080315785" /><trkpt lat="-36.949721668" lon="-73.080305063" /><trkpt lat="-36.949709943" lon="-73.080294301" /><trkpt lat="-36.949698201" lon="-73.080283562" /><trkpt lat="-36.949686439" lon="-73.080272911" /><trkpt lat="-36.949674652" lon="-73.080262412" /><trkpt lat="-36.949662838" lon="-73.080252128" /><trkpt lat="-36.949650993" lon="-73.080242123" /><trkpt lat="-36.949639114" lon="-73.080232462" /><trkpt lat="-36.949627197" lon="-73.080223207" /><trkpt lat="-36.949615239" lon="-73.080214424" /><trkpt lat="-36.949603237" lon="-73.080206175" /><trkpt lat="-36.949591186" lon="-73.080198525" /><trkpt lat="-36.949579084" lon="-73.080191538" /><trkpt lat="-36.949566927" lon="-73.080185277" /><trkpt lat="-36.949554712" lon="-73.080179807" /><trkpt lat="-36.949542435" lon="-73.080175191" /><trkpt lat="-36.949530093" lon="-73.080171493" /><trkpt lat="-36.949517682" lon="-73.080168777" /><trkpt lat="-36.949505200" lon="-73.080167107" /><trkpt lat="-36.949492642" lon="-73.080166547" /><trkpt lat="-36.949480005" lon="-73.080167161" /><trkpt lat="-36.949467285" lon="-73.080169012" /><trkpt lat="-36.949454480" lon="-73.080172165" /><trkpt lat="-36.949441586" lon="-73.080176683" /><trkpt lat="-36.949428599" lon="-73.080182631" /><trkpt lat="-36.949415517" lon="-73.080190071" /><trkpt lat="-36.949402334" lon="-73.080199069" /><trkpt lat="-36.949389049" lon="-73.080209688" /><trkpt lat="-36.949375658" lon="-73.080221991" /><trkpt lat="-36.949361957" lon="-73.080235378" /><trkpt lat="-36.949348567" lon="-73.080248395" /><trkpt lat="-36.949335460" lon="-73.080261068" /><trkpt lat="-36.949322610" lon="-73.080273419" /><trkpt lat="-36.949309986" lon="-73.080285475" /><trkpt lat="-36.949297563" lon="-73.080297257" /><trkpt lat="-36.949285311" lon="-73.080308792" /><trkpt lat="-36.949273204" lon="-73.080320101" /><trkpt lat="-36.949261212" lon="-73.080331211" /><trkpt lat="-36.949249309" lon="-73.080342144" /><trkpt lat="-36.949237466" lon="-73.080352925" /><trkpt lat="-36.949225656" lon="-73.080363577" /><trkpt lat="-36.949213851" lon="-73.080374126" /><trkpt lat="-36.949202023" lon="-73.080384594" /><trkpt lat="-36.949190143" lon="-73.080395007" /><trkpt lat="-36.949178185" lon="-73.080405387" /><trkpt lat="-36.949166119" lon="-73.080415760" /><trkpt lat="-36.949153920" lon="-73.080426149" /><trkpt lat="-36.949141557" lon="-73.080436578" /><trkpt lat="-36.949129005" lon="-73.080447072" /><trkpt lat="-36.949116234" lon="-73.080457653" /><trkpt lat="-36.949103217" lon="-73.080468348" /><trkpt lat="-36.949089926" lon="-73.080479179" /><trkpt lat="-36.949076333" lon="-73.080490170" /><trkpt lat="-36.949062410" lon="-73.080501346" /><trkpt lat="-36.949048130" lon="-73.080512731" /><trkpt lat="-36.949033465" lon="-73.080524349" /><trkpt lat="-36.949018386" lon="-73.080536224" /><trkpt lat="-36.949002866" lon="-73.080548379" /><trkpt lat="-36.948986877" lon="-73.080560840" /><trkpt lat="-36.948970391" lon="-73.080573629" /><trkpt lat="-36.948953381" lon="-73.080586772" /><trkpt lat="-36.948940420" lon="-73.080596820" /><trkpt lat="-36.948927270" lon="-73.080607119" /><trkpt lat="-36.948913940" lon="-73.080617657" /><trkpt lat="-36.948900442" lon="-73.080628419" /><trkpt lat="-36.948886788" lon="-73.080639391" /><trkpt lat="-36.948872989" lon="-73.080650561" /><trkpt lat="-36.948859056" lon="-73.080661915" /><trkpt lat="-36.948845000" lon="-73.080673439" /><trkpt lat="-36.948830834" lon="-73.080685119" /><trkpt lat="-36.948816567" lon="-73.080696943" /><trkpt lat="-36.948802212" lon="-73.080708896" /><trkpt lat="-36.948787780" lon="-73.080720965" /><trkpt lat="-36.948773282" lon="-73.080733137" /><trkpt lat="-36.948758729" lon="-73.080745397" /><trkpt lat="-36.948744133" lon="-73.080757733" /><trkpt lat="-36.948729505" lon="-73.080770131" /><trkpt lat="-36.948714857" lon="-73.080782578" /><trkpt lat="-36.948700199" lon="-73.080795059" /><trkpt lat="-36.948685544" lon="-73.080807561" /><trkpt lat="-36.948670902" lon="-73.080820071" /><trkpt lat="-36.948656285" lon="-73.080832576" /><trkpt lat="-36.948641703" lon="-73.080845061" /><trkpt lat="-36.948627170" lon="-73.080857513" /><trkpt lat="-36.948612694" lon="-73.080869918" /><trkpt lat="-36.948598289" lon="-73.080882264" /><trkpt lat="-36.948583966" lon="-73.080894536" /><trkpt lat="-36.948569735" lon="-73.080906721" /><trkpt lat="-36.948555608" lon="-73.080918806" /><trkpt lat="-36.948541596" lon="-73.080930777" /><trkpt lat="-36.948527711" lon="-73.080942619" /><trkpt lat="-36.948513964" lon="-73.080954321" /><trkpt lat="-36.948500367" lon="-73.080965868" /><trkpt lat="-36.948486930" lon="-73.080977247" /><trkpt lat="-36.948473665" lon="-73.080988444" /><trkpt lat="-36.948460583" lon="-73.080999445" /><trkpt lat="-36.948447696" lon="-73.081010238" /><trkpt lat="-36.948435015" lon="-73.081020808" /><trkpt lat="-36.948422551" lon="-73.081031142" /><trkpt lat="-36.948410316" lon="-73.081041227" /><trkpt lat="-36.948398321" lon="-73.081051049" /><trkpt lat="-36.948386577" lon="-73.081060594" /><trkpt lat="-36.948375095" lon="-73.081069849" /><trkpt lat="-36.948363888" lon="-73.081078801" /><trkpt lat="-36.948349733" lon="-73.081090185" /><trkpt lat="-36.948336113" lon="-73.081101439" /><trkpt lat="-36.948323030" lon="-73.081112593" /><trkpt lat="-36.948310485" lon="-73.081123681" /><trkpt lat="-36.948298481" lon="-73.081134733" /><trkpt lat="-36.948287022" lon="-73.081145781" /><trkpt lat="-36.948276109" lon="-73.081156858" /><trkpt lat="-36.948265746" lon="-73.081167995" /><trkpt lat="-36.948255933" lon="-73.081179223" /><trkpt lat="-36.948246675" lon="-73.081190575" /><trkpt lat="-36.948237973" lon="-73.081202083" /><trkpt lat="-36.948229830" lon="-73.081213778" /><trkpt lat="-36.948222249" lon="-73.081225691" /><trkpt lat="-36.948215232" lon="-73.081237856" /><trkpt lat="-36.948208781" lon="-73.081250303" /><trkpt lat="-36.948202900" lon="-73.081263064" /><trkpt lat="-36.948197590" lon="-73.081276172" /><trkpt lat="-36.948192854" lon="-73.081289657" /><trkpt lat="-36.948188694" lon="-73.081303553" /><trkpt lat="-36.948185114" lon="-73.081317890" /><trkpt lat="-36.948182115" lon="-73.081332700" /><trkpt lat="-36.948179700" lon="-73.081348015" /><trkpt lat="-36.948177872" lon="-73.081363867" /><trkpt lat="-36.948176633" lon="-73.081380288" /><trkpt lat="-36.948175985" lon="-73.081397310" /><trkpt lat="-36.948175932" lon="-73.081414964" /><trkpt lat="-36.948176475" lon="-73.081433282" /><trkpt lat="-36.948177617" lon="-73.081452296" /><trkpt lat="-36.948179361" lon="-73.081472037" /><trkpt lat="-36.948181709" lon="-73.081492538" /><trkpt lat="-36.948184663" lon="-73.081513830" /><trkpt lat="-36.948188227" lon="-73.081535946" /><trkpt lat="-36.948192403" lon="-73.081558916" /><trkpt lat="-36.948196312" lon="-73.081579061" /><trkpt lat="-36.948200249" lon="-73.081598849" /><trkpt lat="-36.948204201" lon="-73.081618298" /><trkpt lat="-36.948208159" lon="-73.081637424" /><trkpt lat="-36.948212112" lon="-73.081656242" /><trkpt lat="-36.948216048" lon="-73.081674770" /><trkpt lat="-36.948219956" lon="-73.081693023" /><trkpt lat="-36.948223827" lon="-73.081711019" /><trkpt lat="-36.948227648" lon="-73.081728773" /><trkpt lat="-36.948231408" lon="-73.081746302" /><trkpt lat="-36.948235098" lon="-73.081763622" /><trkpt lat="-36.948238706" lon="-73.081780750" /><trkpt lat="-36.948242221" lon="-73.081797702" /><trkpt lat="-36.948245632" lon="-73.081814494" /><trkpt lat="-36.948248929" lon="-73.081831143" /><trkpt lat="-36.948252100" lon="-73.081847665" /><trkpt lat="-36.948255134" lon="-73.081864077" /><trkpt lat="-36.948258021" lon="-73.081880395" /><trkpt lat="-36.948260750" lon="-73.081896635" /><trkpt lat="-36.948263309" lon="-73.081912814" /><trkpt lat="-36.948265688" lon="-73.081928948" /><trkpt lat="-36.948267877" lon="-73.081945053" /><trkpt lat="-36.948269863" lon="-73.081961146" /><trkpt lat="-36.948271636" lon="-73.081977243" /><trkpt lat="-36.948273186" lon="-73.081993361" /><trkpt lat="-36.948274501" lon="-73.082009517" /><trkpt lat="-36.948275571" lon="-73.082025725" /><trkpt lat="-36.948276383" lon="-73.082042003" /><trkpt lat="-36.948276929" lon="-73.082058367" /><trkpt lat="-36.948277196" lon="-73.082074834" /><trkpt lat="-36.948277174" lon="-73.082091420" /><trkpt lat="-36.948276852" lon="-73.082108141" /><trkpt lat="-36.948276219" lon="-73.082125014" /><trkpt lat="-36.948275264" lon="-73.082142054" /><trkpt lat="-36.948273976" lon="-73.082159280" /><trkpt lat="-36.948272344" lon="-73.082176706" /><trkpt lat="-36.948270358" lon="-73.082194349" /><trkpt lat="-36.948268006" lon="-73.082212226" /><trkpt lat="-36.948265572" lon="-73.082228945" /><trkpt lat="-36.948262982" lon="-73.082245737" /><trkpt lat="-36.948260245" lon="-73.082262600" /><trkpt lat="-36.948257368" lon="-73.082279530" /><trkpt lat="-36.948254361" lon="-73.082296524" /><trkpt lat="-36.948251232" lon="-73.082313580" /><trkpt lat="-36.948247990" lon="-73.082330696" /><trkpt lat="-36.948244644" lon="-73.082347867" /><trkpt lat="-36.948241201" lon="-73.082365093" /><trkpt lat="-36.948237671" lon="-73.082382369" /><trkpt lat="-36.948234062" lon="-73.082399693" /><trkpt lat="-36.948230383" lon="-73.082417063" /><trkpt lat="-36.948226642" lon="-73.082434475" /><trkpt lat="-36.948222848" lon="-73.082451927" /><trkpt lat="-36.948219010" lon="-73.082469416" /><trkpt lat="-36.948215136" lon="-73.082486940" /><trkpt lat="-36.948211234" lon="-73.082504495" /><trkpt lat="-36.948207314" lon="-73.082522078" /><trkpt lat="-36.948203384" lon="-73.082539688" /><trkpt lat="-36.948199453" lon="-73.082557321" /><trkpt lat="-36.948195529" lon="-73.082574975" /><trkpt lat="-36.948191620" lon="-73.082592646" /><trkpt lat="-36.948187736" lon="-73.082610333" /><trkpt lat="-36.948183885" lon="-73.082628031" /><trkpt lat="-36.948180076" lon="-73.082645739" /><trkpt lat="-36.948176316" lon="-73.082663454" /><trkpt lat="-36.948172616" lon="-73.082681173" /><trkpt lat="-36.948168983" lon="-73.082698893" /><trkpt lat="-36.948165425" lon="-73.082716612" /><trkpt lat="-36.948161953" lon="-73.082734326" /><trkpt lat="-36.948158573" lon="-73.082752033" /><trkpt lat="-36.948155296" lon="-73.082769731" /><trkpt lat="-36.948152128" lon="-73.082787416" /><trkpt lat="-36.948149080" lon="-73.082805085" /><trkpt lat="-36.948146159" lon="-73.082822737" /><trkpt lat="-36.948143375" lon="-73.082840368" /><trkpt lat="-36.948140735" lon="-73.082857975" /><trkpt lat="-36.948138249" lon="-73.082875556" /><trkpt lat="-36.948135924" lon="-73.082893108" /><trkpt lat="-36.948133771" lon="-73.082910628" /><trkpt lat="-36.948131796" lon="-73.082928113" /><trkpt lat="-36.948129290" lon="-73.082950266" /><trkpt lat="-36.948126595" lon="-73.082971971" /><trkpt lat="-36.948123710" lon="-73.082993234" /><trkpt lat="-36.948120635" lon="-73.083014064" /><trkpt lat="-36.948117367" lon="-73.083034468" /><trkpt lat="-36.948113908" lon="-73.083054453" /><trkpt lat="-36.948110255" lon="-73.083074026" /><trkpt lat="-36.948106409" lon="-73.083093195" /><trkpt lat="-36.948102367" lon="-73.083111967" /><trkpt lat="-36.948098130" lon="-73.083130349" /><trkpt lat="-36.948093697" lon="-73.083148350" /><trkpt lat="-36.948089067" lon="-73.083165976" /><trkpt lat="-36.948084240" lon="-73.083183234" /><trkpt lat="-36.948079213" lon="-73.083200132" /><trkpt lat="-36.948073987" lon="-73.083216678" /><trkpt lat="-36.948068561" lon="-73.083232879" /><trkpt lat="-36.948062934" lon="-73.083248741" /><trkpt lat="-36.948057105" lon="-73.083264274" /><trkpt lat="-36.948051074" lon="-73.083279482" /><trkpt lat="-36.948044840" lon="-73.083294376" /><trkpt lat="-36.948038401" lon="-73.083308960" /><trkpt lat="-36.948031757" lon="-73.083323244" /><trkpt lat="-36.948024908" lon="-73.083337234" /><trkpt lat="-36.948017852" lon="-73.083350938" /><trkpt lat="-36.948010589" lon="-73.083364362" /><trkpt lat="-36.948003118" lon="-73.083377515" /><trkpt lat="-36.947995439" lon="-73.083390404" /><trkpt lat="-36.947987549" lon="-73.083403036" /><trkpt lat="-36.947979449" lon="-73.083415419" /><trkpt lat="-36.947971138" lon="-73.083427559" /><trkpt lat="-36.947962616" lon="-73.083439465" /><trkpt lat="-36.947953880" lon="-73.083451143" /><trkpt lat="-36.947944278" lon="-73.083463519" /><trkpt lat="-36.947934344" lon="-73.083475967" /><trkpt lat="-36.947924091" lon="-73.083488480" /><trkpt lat="-36.947913533" lon="-73.083501054" /><trkpt lat="-36.947902682" lon="-73.083513682" /><trkpt lat="-36.947891550" lon="-73.083526358" /><trkpt lat="-36.947880152" lon="-73.083539077" /><trkpt lat="-36.947868500" lon="-73.083551834" /><trkpt lat="-36.947856607" lon="-73.083564622" /><trkpt lat="-36.947844486" lon="-73.083577435" /><trkpt lat="-36.947832150" lon="-73.083590268" /><trkpt lat="-36.947819612" lon="-73.083603115" /><trkpt lat="-36.947806885" lon="-73.083615971" /><trkpt lat="-36.947793982" lon="-73.083628829" /><trkpt lat="-36.947780916" lon="-73.083641684" /><trkpt lat="-36.947767700" lon="-73.083654530" /><trkpt lat="-36.947754347" lon="-73.083667362" /><trkpt lat="-36.947740870" lon="-73.083680172" /><trkpt lat="-36.947727282" lon="-73.083692957" /><trkpt lat="-36.947713596" lon="-73.083705710" /><trkpt lat="-36.947699824" lon="-73.083718425" /><trkpt lat="-36.947685980" lon="-73.083731096" /><trkpt lat="-36.947672078" lon="-73.083743719" /><trkpt lat="-36.947658129" lon="-73.083756286" /><trkpt lat="-36.947644146" lon="-73.083768792" /><trkpt lat="-36.947630144" lon="-73.083781233" /><trkpt lat="-36.947616134" lon="-73.083793600" /><trkpt lat="-36.947602130" lon="-73.083805890" /><trkpt lat="-36.947588145" lon="-73.083818096" /><trkpt lat="-36.947574192" lon="-73.083830213" /><trkpt lat="-36.947560522" lon="-73.083841992" /><trkpt lat="-36.947547352" lon="-73.083853203" /><trkpt lat="-36.947534636" lon="-73.083863869" /><trkpt lat="-36.947522330" lon="-73.083874013" /><trkpt lat="-36.947510390" lon="-73.083883658" /><trkpt lat="-36.947498772" lon="-73.083892826" /><trkpt lat="-36.947487430" lon="-73.083901540" /><trkpt lat="-36.947476322" lon="-73.083909822" /><trkpt lat="-36.947465402" lon="-73.083917696" /><trkpt lat="-36.947454627" lon="-73.083925183" /><trkpt lat="-36.947443952" lon="-73.083932306" /><trkpt lat="-36.947433332" lon="-73.083939089" /><trkpt lat="-36.947422724" lon="-73.083945553" /><trkpt lat="-36.947412083" lon="-73.083951722" /><trkpt lat="-36.947401365" lon="-73.083957617" /><trkpt lat="-36.947390525" lon="-73.083963263" /><trkpt lat="-36.947379520" lon="-73.083968680" /><trkpt lat="-36.947368305" lon="-73.083973893" /><trkpt lat="-36.947356835" lon="-73.083978923" /><trkpt lat="-36.947345066" lon="-73.083983794" /><trkpt lat="-36.947332955" lon="-73.083988527" /><trkpt lat="-36.947320456" lon="-73.083993146" /><trkpt lat="-36.947307526" lon="-73.083997673" /><trkpt lat="-36.947294119" lon="-73.084002131" /><trkpt lat="-36.947280193" lon="-73.084006543" /><trkpt lat="-36.947265702" lon="-73.084010930" /><trkpt lat="-36.947250602" lon="-73.084015317" /><trkpt lat="-36.947234850" lon="-73.084019725" /><trkpt lat="-36.947218399" lon="-73.084024177" /><trkpt lat="-36.947201208" lon="-73.084028696" /><trkpt lat="-36.947187605" lon="-73.084032194" /><trkpt lat="-36.947173845" lon="-73.084035686" /><trkpt lat="-36.947159939" lon="-73.084039197" /><trkpt lat="-36.947145896" lon="-73.084042746" /><trkpt lat="-36.947131725" lon="-73.084046356" /><trkpt lat="-36.947117437" lon="-73.084050050" /><trkpt lat="-36.947103041" lon="-73.084053848" /><trkpt lat="-36.947088548" lon="-73.084057774" /><trkpt lat="-36.947073967" lon="-73.084061849" /><trkpt lat="-36.947059308" lon="-73.084066095" /><trkpt lat="-36.947044580" lon="-73.084070534" /><trkpt lat="-36.947029795" lon="-73.084075188" /><trkpt lat="-36.947014961" lon="-73.084080080" /><trkpt lat="-36.947000088" lon="-73.084085230" /><trkpt lat="-36.946985186" lon="-73.084090662" /><trkpt lat="-36.946970266" lon="-73.084096396" /><trkpt lat="-36.946955336" lon="-73.084102456" /><trkpt lat="-36.946940408" lon="-73.084108863" /><trkpt lat="-36.946925490" lon="-73.084115639" /><trkpt lat="-36.946910592" lon="-73.084122806" /><trkpt lat="-36.946895724" lon="-73.084130386" /><trkpt lat="-36.946880897" lon="-73.084138401" /><trkpt lat="-36.946866120" lon="-73.084146873" /><trkpt lat="-36.946851402" lon="-73.084155824" /><trkpt lat="-36.946836754" lon="-73.084165276" /><trkpt lat="-36.946822186" lon="-73.084175251" /><trkpt lat="-36.946807707" lon="-73.084185772" /><trkpt lat="-36.946793327" lon="-73.084196859" /><trkpt lat="-36.946779057" lon="-73.084208535" /><trkpt lat="-36.946764905" lon="-73.084220823" /><trkpt lat="-36.946750882" lon="-73.084233743" /><trkpt lat="-36.946736997" lon="-73.084247318" /><trkpt lat="-36.946723261" lon="-73.084261571" /><trkpt lat="-36.946709683" lon="-73.084276522" /><trkpt lat="-36.946696273" lon="-73.084292194" /><trkpt lat="-36.946683042" lon="-73.084308610" /><trkpt lat="-36.946669998" lon="-73.084325790" /><trkpt lat="-36.946657151" lon="-73.084343757" /><trkpt lat="-36.946644512" lon="-73.084362534" /><trkpt lat="-36.946630693" lon="-73.084383583" /><trkpt lat="-36.946617154" lon="-73.084403978" /><trkpt lat="-36.946603881" lon="-73.084423738" /><trkpt lat="-36.946590861" lon="-73.084442878" /><trkpt lat="-36.946578079" lon="-73.084461416" /><trkpt lat="-36.946565523" lon="-73.084479368" /><trkpt lat="-36.946553177" lon="-73.084496752" /><trkpt lat="-36.946541029" lon="-73.084513583" /><trkpt lat="-36.946529065" lon="-73.084529880" /><trkpt lat="-36.946517271" lon="-73.084545659" /><trkpt lat="-36.946505632" lon="-73.084560937" /><trkpt lat="-36.946494136" lon="-73.084575730" /><trkpt lat="-36.946482768" lon="-73.084590057" /><trkpt lat="-36.946471514" lon="-73.084603933" /><trkpt lat="-36.946460362" lon="-73.084617375" /><trkpt lat="-36.946449296" lon="-73.084630401" /><trkpt lat="-36.946438304" lon="-73.084643027" /><trkpt lat="-36.946427371" lon="-73.084655270" /><trkpt lat="-36.946416483" lon="-73.084667147" /><trkpt lat="-36.946405628" lon="-73.084678675" /><trkpt lat="-36.946394790" lon="-73.084689871" /><trkpt lat="-36.946383957" lon="-73.084700751" /><trkpt lat="-36.946373114" lon="-73.084711333" /><trkpt lat="-36.946362247" lon="-73.084721634" /><trkpt lat="-36.946351343" lon="-73.084731670" /><trkpt lat="-36.946340389" lon="-73.084741458" /><trkpt lat="-36.946329369" lon="-73.084751015" /><trkpt lat="-36.946318271" lon="-73.084760359" /><trkpt lat="-36.946307081" lon="-73.084769505" /><trkpt lat="-36.946295784" lon="-73.084778472" /><trkpt lat="-36.946284368" lon="-73.084787275" /><trkpt lat="-36.946272817" lon="-73.084795931" /><trkpt lat="-36.946261119" lon="-73.084804458" /><trkpt lat="-36.946249260" lon="-73.084812873" /><trkpt lat="-36.946237225" lon="-73.084821191" /><trkpt lat="-36.946224261" lon="-73.084829998" /><trkpt lat="-36.946211093" lon="-73.084838850" /><trkpt lat="-36.946197725" lon="-73.084847734" /><trkpt lat="-36.946184160" lon="-73.084856636" /><trkpt lat="-36.946170401" lon="-73.084865541" /><trkpt lat="-36.946156451" lon="-73.084874435" /><trkpt lat="-36.946142315" lon="-73.084883302" /><trkpt lat="-36.946127994" lon="-73.084892130" /><trkpt lat="-36.946113492" lon="-73.084900902" /><trkpt lat="-36.946098812" lon="-73.084909606" /><trkpt lat="-36.946083958" lon="-73.084918226" /><trkpt lat="-36.946068933" lon="-73.084926748" /><trkpt lat="-36.946053740" lon="-73.084935158" /><trkpt lat="-36.946038382" lon="-73.084943441" /><trkpt lat="-36.946022863" lon="-73.084951583" /><trkpt lat="-36.946007185" lon="-73.084959569" /><trkpt lat="-36.945991352" lon="-73.084967384" /><trkpt lat="-36.945975366" lon="-73.084975016" /><trkpt lat="-36.945959233" lon="-73.084982448" /><trkpt lat="-36.945942954" lon="-73.084989667" /><trkpt lat="-36.945926532" lon="-73.084996658" /><trkpt lat="-36.945909971" lon="-73.085003407" /><trkpt lat="-36.945893275" lon="-73.085009899" /><trkpt lat="-36.945876446" lon="-73.085016120" /><trkpt lat="-36.945859488" lon="-73.085022055" /><trkpt lat="-36.945842403" lon="-73.085027690" /><trkpt lat="-36.945825195" lon="-73.085033011" /><trkpt lat="-36.945807868" lon="-73.085038003" /><trkpt lat="-36.945790424" lon="-73.085042652" /><trkpt lat="-36.945772867" lon="-73.085046943" /><trkpt lat="-36.945755200" lon="-73.085050862" /><trkpt lat="-36.945737426" lon="-73.085054395" /><trkpt lat="-36.945719548" lon="-73.085057526" /><trkpt lat="-36.945702626" lon="-73.085060385" /><trkpt lat="-36.945685668" lon="-73.085063440" /><trkpt lat="-36.945668678" lon="-73.085066686" /><trkpt lat="-36.945651657" lon="-73.085070118" /><trkpt lat="-36.945634607" lon="-73.085073729" /><trkpt lat="-36.945617530" lon="-73.085077514" /><trkpt lat="-36.945600429" lon="-73.085081468" /><trkpt lat="-36.945583306" lon="-73.085085585" /><trkpt lat="-36.945566162" lon="-73.085089860" /><trkpt lat="-36.945549001" lon="-73.085094286" /><trkpt lat="-36.945531823" lon="-73.085098860" /><trkpt lat="-36.945514632" lon="-73.085103574" /><trkpt lat="-36.945497429" lon="-73.085108424" /><trkpt lat="-36.945480216" lon="-73.085113404" /><trkpt lat="-36.945462996" lon="-73.085118508" /><trkpt lat="-36.945445771" lon="-73.085123732" /><trkpt lat="-36.945428542" lon="-73.085129068" /><trkpt lat="-36.945411312" lon="-73.085134513" /><trkpt lat="-36.945394084" lon="-73.085140060" /><trkpt lat="-36.945376858" lon="-73.085145703" /><trkpt lat="-36.945359638" lon="-73.085151438" /><trkpt lat="-36.945342425" lon="-73.085157259" /><trkpt lat="-36.945325222" lon="-73.085163160" /><trkpt lat="-36.945308031" lon="-73.085169135" /><trkpt lat="-36.945290853" lon="-73.085175180" /><trkpt lat="-36.945273692" lon="-73.085181288" /><trkpt lat="-36.945256548" lon="-73.085187455" /><trkpt lat="-36.945239425" lon="-73.085193674" /><trkpt lat="-36.945222324" lon="-73.085199940" /><trkpt lat="-36.945205247" lon="-73.085206247" /><trkpt lat="-36.945188197" lon="-73.085212591" /><trkpt lat="-36.945171176" lon="-73.085218965" /><trkpt lat="-36.945154185" lon="-73.085225364" /><trkpt lat="-36.945137228" lon="-73.085231782" /><trkpt lat="-36.945120305" lon="-73.085238214" /><trkpt lat="-36.945100878" lon="-73.085245756" /><trkpt lat="-36.945082012" lon="-73.085253346" /><trkpt lat="-36.945063672" lon="-73.085260959" /><trkpt lat="-36.945045819" lon="-73.085268573" /><trkpt lat="-36.945028416" lon="-73.085276162" /><trkpt lat="-36.945011425" lon="-73.085283704" /><trkpt lat="-36.944994808" lon="-73.085291174" /><trkpt lat="-36.944978528" lon="-73.085298550" /><trkpt lat="-36.944962548" lon="-73.085305805" /><trkpt lat="-36.944946828" lon="-73.085312918" /><trkpt lat="-36.944931333" lon="-73.085319864" /><trkpt lat="-36.944916024" lon="-73.085326619" /><trkpt lat="-36.944900863" lon="-73.085333160" /><trkpt lat="-36.944885814" lon="-73.085339462" /><trkpt lat="-36.944870838" lon="-73.085345502" /><trkpt lat="-36.944855897" lon="-73.085351256" /><trkpt lat="-36.944840955" lon="-73.085356700" /><trkpt lat="-36.944825973" lon="-73.085361810" /><trkpt lat="-36.944810914" lon="-73.085366562" /><trkpt lat="-36.944795740" lon="-73.085370933" /><trkpt lat="-36.944780414" lon="-73.085374899" /><trkpt lat="-36.944764898" lon="-73.085378435" /><trkpt lat="-36.944749153" lon="-73.085381519" /><trkpt lat="-36.944733144" lon="-73.085384126" /><trkpt lat="-36.944716832" lon="-73.085386232" /><trkpt lat="-36.944700179" lon="-73.085387813" /><trkpt lat="-36.944683147" lon="-73.085388847" /><trkpt lat="-36.944665700" lon="-73.085389308" /><trkpt lat="-36.944647800" lon="-73.085389173" /><trkpt lat="-36.944629408" lon="-73.085388418" /><trkpt lat="-36.944613807" lon="-73.085387678" /><trkpt lat="-36.944598093" lon="-73.085387250" /><trkpt lat="-36.944582276" lon="-73.085387138" /><trkpt lat="-36.944566362" lon="-73.085387344" /><trkpt lat="-36.944550360" lon="-73.085387873" /><trkpt lat="-36.944534280" lon="-73.085388727" /><trkpt lat="-36.944518128" lon="-73.085389912" /><trkpt lat="-36.944501914" lon="-73.085391429" /><trkpt lat="-36.944485646" lon="-73.085393283" /><trkpt lat="-36.944469332" lon="-73.085395477" /><trkpt lat="-36.944452981" lon="-73.085398015" /><trkpt lat="-36.944436601" lon="-73.085400901" /><trkpt lat="-36.944420201" lon="-73.085404138" /><trkpt lat="-36.944403788" lon="-73.085407729" /><trkpt lat="-36.944387372" lon="-73.085411678" /><trkpt lat="-36.944370960" lon="-73.085415990" /><trkpt lat="-36.944354561" lon="-73.085420666" /><trkpt lat="-36.944338184" lon="-73.085425712" /><trkpt lat="-36.944321836" lon="-73.085431130" /><trkpt lat="-36.944305527" lon="-73.085436924" /><trkpt lat="-36.944289264" lon="-73.085443098" /><trkpt lat="-36.944273056" lon="-73.085449655" /><trkpt lat="-36.944256911" lon="-73.085456599" /><trkpt lat="-36.944240838" lon="-73.085463933" /><trkpt lat="-36.944224845" lon="-73.085471662" /><trkpt lat="-36.944208940" lon="-73.085479788" /><trkpt lat="-36.944193133" lon="-73.085488315" /><trkpt lat="-36.944177430" lon="-73.085497247" /><trkpt lat="-36.944161842" lon="-73.085506587" /><trkpt lat="-36.944146375" lon="-73.085516340" /><trkpt lat="-36.944131038" lon="-73.085526507" /><trkpt lat="-36.944115841" lon="-73.085537094" /><trkpt lat="-36.944100790" lon="-73.085548104" /><trkpt lat="-36.944085895" lon="-73.085559540" /><trkpt lat="-36.944071164" lon="-73.085571405" /><trkpt lat="-36.944056605" lon="-73.085583704" /><trkpt lat="-36.944045365" lon="-73.085593448" /><trkpt lat="-36.944033818" lon="-73.085603495" /><trkpt lat="-36.944021978" lon="-73.085613828" /><trkpt lat="-36.944009858" lon="-73.085624431" /><trkpt lat="-36.943997472" lon="-73.085635288" /><trkpt lat="-36.943984832" lon="-73.085646384" /><trkpt lat="-36.943971951" lon="-73.085657703" /><trkpt lat="-36.943958842" lon="-73.085669227" /><trkpt lat="-36.943945519" lon="-73.085680942" /><trkpt lat="-36.943931995" lon="-73.085692831" /><trkpt lat="-36.943918282" lon="-73.085704878" /><trkpt lat="-36.943904394" lon="-73.085717067" /><trkpt lat="-36.943890344" lon="-73.085729382" /><trkpt lat="-36.943876145" lon="-73.085741808" /><trkpt lat="-36.943861810" lon="-73.085754327" /><trkpt lat="-36.943847352" lon="-73.085766925" /><trkpt lat="-36.943832785" lon="-73.085779584" /><trkpt lat="-36.943818120" lon="-73.085792289" /><trkpt lat="-36.943803372" lon="-73.085805024" /><trkpt lat="-36.943788553" lon="-73.085817774" /><trkpt lat="-36.943773677" lon="-73.085830520" /><trkpt lat="-36.943758757" lon="-73.085843249" /><trkpt lat="-36.943743805" lon="-73.085855944" /><trkpt lat="-36.943728835" lon="-73.085868588" /><trkpt lat="-36.943713860" lon="-73.085881166" /><trkpt lat="-36.943698893" lon="-73.085893661" /><trkpt lat="-36.943683948" lon="-73.085906058" /><trkpt lat="-36.943669036" lon="-73.085918341" /><trkpt lat="-36.943654171" lon="-73.085930494" /><trkpt lat="-36.943639367" lon="-73.085942499" /><trkpt lat="-36.943624636" lon="-73.085954343" /><trkpt lat="-36.943609992" lon="-73.085966008" /><trkpt lat="-36.943595447" lon="-73.085977478" /><trkpt lat="-36.943581015" lon="-73.085988738" /><trkpt lat="-36.943566709" lon="-73.085999771" /><trkpt lat="-36.943552541" lon="-73.086010561" /><trkpt lat="-36.943538526" lon="-73.086021093" /><trkpt lat="-36.943524675" lon="-73.086031350" /><trkpt lat="-36.943511003" lon="-73.086041316" /><trkpt lat="-36.943497522" lon="-73.086050976" /><trkpt lat="-36.943484245" lon="-73.086060313" /><trkpt lat="-36.943471185" lon="-73.086069310" /><trkpt lat="-36.943458356" lon="-73.086077953" /><trkpt lat="-36.943445771" lon="-73.086086225" /><trkpt lat="-36.943433442" lon="-73.086094110" /><trkpt lat="-36.943421382" lon="-73.086101592" /><trkpt lat="-36.943409606" lon="-73.086108655" /><trkpt lat="-36.943391743" lon="-73.086119209" /><trkpt lat="-36.943374568" lon="-73.086129437" /><trkpt lat="-36.943358037" lon="-73.086139376" /><trkpt lat="-36.943342106" lon="-73.086149064" /><trkpt lat="-36.943326731" lon="-73.086158539" /><trkpt lat="-36.943311867" lon="-73.086167837" /><trkpt lat="-36.943297471" lon="-73.086176996" /><trkpt lat="-36.943283499" lon="-73.086186053" /><trkpt lat="-36.943269907" lon="-73.086195045" /><trkpt lat="-36.943256650" lon="-73.086204010" /><trkpt lat="-36.943243685" lon="-73.086212986" /><trkpt lat="-36.943230968" lon="-73.086222009" /><trkpt lat="-36.943218454" lon="-73.086231116" /><trkpt lat="-36.943206099" lon="-73.086240346" /><trkpt lat="-36.943193860" lon="-73.086249735" /><trkpt lat="-36.943181693" lon="-73.086259320" /><trkpt lat="-36.943169553" lon="-73.086269140" /><trkpt lat="-36.943157396" lon="-73.086279231" /><trkpt lat="-36.943145179" lon="-73.086289631" /><trkpt lat="-36.943132857" lon="-73.086300376" /><trkpt lat="-36.943120386" lon="-73.086311505" /><trkpt lat="-36.943107722" lon="-73.086323055" /><trkpt lat="-36.943094822" lon="-73.086335062" /><trkpt lat="-36.943081641" lon="-73.086347565" /><trkpt lat="-36.943068135" lon="-73.086360600" /><trkpt lat="-36.943054260" lon="-73.086374205" /><trkpt lat="-36.943039973" lon="-73.086388417" /><trkpt lat="-36.943025228" lon="-73.086403274" /><trkpt lat="-36.943009982" lon="-73.086418812" /><trkpt lat="-36.942994192" lon="-73.086435070" /><trkpt lat="-36.942978380" lon="-73.086451356" /><trkpt lat="-36.942963075" lon="-73.086466978" /><trkpt lat="-36.942948243" lon="-73.086481966" /><trkpt lat="-36.942933849" lon="-73.086496353" /><trkpt lat="-36.942919857" lon="-73.086510172" /><trkpt lat="-36.942906231" lon="-73.086523454" /><trkpt lat="-36.942892937" lon="-73.086536232" /><trkpt lat="-36.942879939" lon="-73.086548538" /><trkpt lat="-36.942867203" lon="-73.086560404" /><trkpt lat="-36.942854692" lon="-73.086571863" /><trkpt lat="-36.942842371" lon="-73.086582946" /><trkpt lat="-36.942830206" lon="-73.086593685" /><trkpt lat="-36.942818161" lon="-73.086604114" /><trkpt lat="-36.942806201" lon="-73.086614263" /><trkpt lat="-36.942794290" lon="-73.086624166" /><trkpt lat="-36.942782394" lon="-73.086633854" /><trkpt lat="-36.942770477" lon="-73.086643360" /><trkpt lat="-36.942758503" lon="-73.086652715" /><trkpt lat="-36.942746438" lon="-73.086661953" /><trkpt lat="-36.942734246" lon="-73.086671105" /><trkpt lat="-36.942721893" lon="-73.086680203" /><trkpt lat="-36.942709342" lon="-73.086689279" /><trkpt lat="-36.942696558" lon="-73.086698367" /><trkpt lat="-36.942683507" lon="-73.086707497" /><trkpt lat="-36.942670153" lon="-73.086716702" /><trkpt lat="-36.942656461" lon="-73.086726015" /><trkpt lat="-36.942642395" lon="-73.086735467" /><trkpt lat="-36.942627920" lon="-73.086745091" /><trkpt lat="-36.942613002" lon="-73.086754918" /><trkpt lat="-36.942597604" lon="-73.086764982" /><trkpt lat="-36.942584069" lon="-73.086773984" /><trkpt lat="-36.942571059" lon="-73.086783020" /><trkpt lat="-36.942558544" lon="-73.086792112" /><trkpt lat="-36.942546494" lon="-73.086801284" /><trkpt lat="-36.942534879" lon="-73.086810558" /><trkpt lat="-36.942523667" lon="-73.086819959" /><trkpt lat="-36.942512828" lon="-73.086829509" /><trkpt lat="-36.942502333" lon="-73.086839231" /><trkpt lat="-36.942492150" lon="-73.086849148" /><trkpt lat="-36.942482250" lon="-73.086859284" /><trkpt lat="-36.942472601" lon="-73.086869662" /><trkpt lat="-36.942463174" lon="-73.086880304" /><trkpt lat="-36.942453937" lon="-73.086891235" /><trkpt lat="-36.942444862" lon="-73.086902476" /><trkpt lat="-36.942435916" lon="-73.086914052" /><trkpt lat="-36.942427070" lon="-73.086925985" /><trkpt lat="-36.942418294" lon="-73.086938299" /><trkpt lat="-36.942409556" lon="-73.086951017" /><trkpt lat="-36.942400827" lon="-73.086964162" /><trkpt lat="-36.942392076" lon="-73.086977756" /><trkpt lat="-36.942383273" lon="-73.086991824" /><trkpt lat="-36.942374387" lon="-73.087006388" /><trkpt lat="-36.942365388" lon="-73.087021471" /><trkpt lat="-36.942356245" lon="-73.087037097" /><trkpt lat="-36.942346929" lon="-73.087053289" /><trkpt lat="-36.942337408" lon="-73.087070070" /><trkpt lat="-36.942327653" lon="-73.087087463" /><trkpt lat="-36.942317632" lon="-73.087105491" /><trkpt lat="-36.942307316" lon="-73.087124177" /><trkpt lat="-36.942296674" lon="-73.087143545" /><trkpt lat="-36.942285675" lon="-73.087163617" /><trkpt lat="-36.942274290" lon="-73.087184417" /><trkpt lat="-36.942262487" lon="-73.087205969" /><trkpt lat="-36.942250237" lon="-73.087228294" /><trkpt lat="-36.942237945" lon="-73.087250665" /><trkpt lat="-36.942226021" lon="-73.087272350" /><trkpt lat="-36.942214445" lon="-73.087293368" /><trkpt lat="-36.942203195" lon="-73.087313737" /><trkpt lat="-36.942192250" lon="-73.087333474" /><trkpt lat="-36.942181589" lon="-73.087352598" /><trkpt lat="-36.942171190" lon="-73.087371126" /><trkpt lat="-36.942161033" lon="-73.087389078" /><trkpt lat="-36.942151094" lon="-73.087406470" /><trkpt lat="-36.942141355" lon="-73.087423320" /><trkpt lat="-36.942131792" lon="-73.087439648" /><trkpt lat="-36.942122385" lon="-73.087455471" /><trkpt lat="-36.942113112" lon="-73.087470806" /><trkpt lat="-36.942103953" lon="-73.087485673" /><trkpt lat="-36.942094885" lon="-73.087500089" /><trkpt lat="-36.942085888" lon="-73.087514071" /><trkpt lat="-36.942076939" lon="-73.087527640" /><trkpt lat="-36.942068019" lon="-73.087540811" /><trkpt lat="-36.942059105" lon="-73.087553603" /><trkpt lat="-36.942050177" lon="-73.087566035" /><trkpt lat="-36.942041212" lon="-73.087578124" /><trkpt lat="-36.942032190" lon="-73.087589889" /><trkpt lat="-36.942023088" lon="-73.087601347" /><trkpt lat="-36.942013887" lon="-73.087612517" /><trkpt lat="-36.942004565" lon="-73.087623416" /><trkpt lat="-36.941995099" lon="-73.087634063" /><trkpt lat="-36.941985470" lon="-73.087644476" /><trkpt lat="-36.941975655" lon="-73.087654672" /><trkpt lat="-36.941965634" lon="-73.087664671" /><trkpt lat="-36.941955385" lon="-73.087674489" /><trkpt lat="-36.941944886" lon="-73.087684145" /><trkpt lat="-36.941934116" lon="-73.087693656" /><trkpt lat="-36.941923055" lon="-73.087703042" /><trkpt lat="-36.941911680" lon="-73.087712320" /><trkpt lat="-36.941900750" lon="-73.087720776" /><trkpt lat="-36.941889186" lon="-73.087729177" /><trkpt lat="-36.941877016" lon="-73.087737514" /><trkpt lat="-36.941864270" lon="-73.087745780" /><trkpt lat="-36.941850978" lon="-73.087753967" /><trkpt lat="-36.941837170" lon="-73.087762066" /><trkpt lat="-36.941822875" lon="-73.087770070" /><trkpt lat="-36.941808122" lon="-73.087777971" /><trkpt lat="-36.941792942" lon="-73.087785761" /><trkpt lat="-36.941777363" lon="-73.087793432" /><trkpt lat="-36.941761416" lon="-73.087800977" /><trkpt lat="-36.941745129" lon="-73.087808387" /><trkpt lat="-36.941728533" lon="-73.087815654" /><trkpt lat="-36.941711657" lon="-73.087822771" /><trkpt lat="-36.941694531" lon="-73.087829729" /><trkpt lat="-36.941677183" lon="-73.087836521" /><trkpt lat="-36.941659644" lon="-73.087843139" /><trkpt lat="-36.941641944" lon="-73.087849574" /><trkpt lat="-36.941624111" lon="-73.087855820" /><trkpt lat="-36.941606175" lon="-73.087861868" /><trkpt lat="-36.941588167" lon="-73.087867710" /><trkpt lat="-36.941570114" lon="-73.087873338" /><trkpt lat="-36.941552048" lon="-73.087878745" /><trkpt lat="-36.941533998" lon="-73.087883922" /><trkpt lat="-36.941515992" lon="-73.087888861" /><trkpt lat="-36.941498061" lon="-73.087893556" /><trkpt lat="-36.941480235" lon="-73.087897997" /><trkpt lat="-36.941462542" lon="-73.087902177" /><trkpt lat="-36.941445013" lon="-73.087906087" /><trkpt lat="-36.941427676" lon="-73.087909721" /><trkpt lat="-36.941410563" lon="-73.087913070" /><trkpt lat="-36.941393701" lon="-73.087916126" /><trkpt lat="-36.941377120" lon="-73.087918882" /><trkpt lat="-36.941360851" lon="-73.087921329" /><trkpt lat="-36.941344923" lon="-73.087923459" /><trkpt lat="-36.941329365" lon="-73.087925265" /><trkpt lat="-36.941314207" lon="-73.087926738" /><trkpt lat="-36.941303582" lon="-73.087927629" /><trkpt lat="-36.941292212" lon="-73.087928516" /><trkpt lat="-36.941280124" lon="-73.087929400" /><trkpt lat="-36.941267347" lon="-73.087930285" /><trkpt lat="-36.941253909" lon="-73.087931172" /><trkpt lat="-36.941239838" lon="-73.087932065" /><trkpt lat="-36.941225162" lon="-73.087932966" /><trkpt lat="-36.941209910" lon="-73.087933878" /><trkpt lat="-36.941194109" lon="-73.087934802" /><trkpt lat="-36.941177788" lon="-73.087935743" /><trkpt lat="-36.941160974" lon="-73.087936701" /><trkpt lat="-36.941143697" lon="-73.087937679" /><trkpt lat="-36.941125984" lon="-73.087938681" /><trkpt lat="-36.941107863" lon="-73.087939708" /><trkpt lat="-36.941089363" lon="-73.087940763" /><trkpt lat="-36.941070512" lon="-73.087941849" /><trkpt lat="-36.941051338" lon="-73.087942968" /><trkpt lat="-36.941031868" lon="-73.087944122" /><trkpt lat="-36.941012132" lon="-73.087945315" /><trkpt lat="-36.940992157" lon="-73.087946548" /><trkpt lat="-36.940971972" lon="-73.087947825" /><trkpt lat="-36.940951605" lon="-73.087949147" /><trkpt lat="-36.940931084" lon="-73.087950517" /><trkpt lat="-36.940910436" lon="-73.087951937" /><trkpt lat="-36.940889691" lon="-73.087953411" /><trkpt lat="-36.940868876" lon="-73.087954941" /><trkpt lat="-36.940848020" lon="-73.087956529" /><trkpt lat="-36.940827151" lon="-73.087958177" /><trkpt lat="-36.940806297" lon="-73.087959889" /><trkpt lat="-36.940785485" lon="-73.087961667" /><trkpt lat="-36.940764745" lon="-73.087963512" /><trkpt lat="-36.940744105" lon="-73.087965429" /><trkpt lat="-36.940723592" lon="-73.087967419" /><trkpt lat="-36.940703235" lon="-73.087969484" /><trkpt lat="-36.940683062" lon="-73.087971628" /><trkpt lat="-36.940663101" lon="-73.087973853" /><trkpt lat="-36.940643380" lon="-73.087976161" /><trkpt lat="-36.940623927" lon="-73.087978555" /><trkpt lat="-36.940604772" lon="-73.087981037" /><trkpt lat="-36.940585941" lon="-73.087983610" /><trkpt lat="-36.940567463" lon="-73.087986276" /><trkpt lat="-36.940549366" lon="-73.087989038" /><trkpt lat="-36.940531678" lon="-73.087991899" /><trkpt lat="-36.940514428" lon="-73.087994860" /><trkpt lat="-36.940497644" lon="-73.087997925" /><trkpt lat="-36.940481353" lon="-73.088001096" /><trkpt lat="-36.940465584" lon="-73.088004375" /><trkpt lat="-36.940450366" lon="-73.088007765" /><trkpt lat="-36.940435726" lon="-73.088011269" /><trkpt lat="-36.940421692" lon="-73.088014888" /><trkpt lat="-36.940408293" lon="-73.088018626" /><trkpt lat="-36.940395557" lon="-73.088022485" /><trkpt lat="-36.940383512" lon="-73.088026467" /><trkpt lat="-36.940372185" lon="-73.088030576" /><trkpt lat="-36.940362544" lon="-73.088034436" /><trkpt lat="-36.940352414" lon="-73.088038851" /><trkpt lat="-36.940341812" lon="-73.088043803" /><trkpt lat="-36.940330754" lon="-73.088049276" /><trkpt lat="-36.940319256" lon="-73.088055250" /><trkpt lat="-36.940307336" lon="-73.088061710" /><trkpt lat="-36.940295008" lon="-73.088068636" /><trkpt lat="-36.940282290" lon="-73.088076011" /><trkpt lat="-36.940269198" lon="-73.088083818" /><trkpt lat="-36.940255748" lon="-73.088092038" /><trkpt lat="-36.940241957" lon="-73.088100655" /><trkpt lat="-36.940227841" lon="-73.088109651" /><trkpt lat="-36.940213415" lon="-73.088119007" /><trkpt lat="-36.940198698" lon="-73.088128706" /><trkpt lat="-36.940183704" lon="-73.088138731" /><trkpt lat="-36.940168450" lon="-73.088149063" /><trkpt lat="-36.940152953" lon="-73.088159686" /><trkpt lat="-36.940137228" lon="-73.088170581" /><trkpt lat="-36.940121293" lon="-73.088181731" /><trkpt lat="-36.940105164" lon="-73.088193119" /><trkpt lat="-36.940088856" lon="-73.088204725" /><trkpt lat="-36.940072386" lon="-73.088216534" /><trkpt lat="-36.940055771" lon="-73.088228526" /><trkpt lat="-36.940039027" lon="-73.088240685" /><trkpt lat="-36.940022170" lon="-73.088252993" /><trkpt lat="-36.940005217" lon="-73.088265431" /><trkpt lat="-36.939988184" lon="-73.088277984" /><trkpt lat="-36.939971086" lon="-73.088290632" /><trkpt lat="-36.939953942" lon="-73.088303358" /><trkpt lat="-36.939936766" lon="-73.088316144" /><trkpt lat="-36.939919575" lon="-73.088328973" /><trkpt lat="-36.939902386" lon="-73.088341827" /><trkpt lat="-36.939885215" lon="-73.088354689" /><trkpt lat="-36.939868078" lon="-73.088367540" /><trkpt lat="-36.939850992" lon="-73.088380364" /><trkpt lat="-36.939833972" lon="-73.088393141" /><trkpt lat="-36.939817036" lon="-73.088405856" /><trkpt lat="-36.939800199" lon="-73.088418489" /><trkpt lat="-36.939783479" lon="-73.088431024" /><trkpt lat="-36.939766890" lon="-73.088443442" /><trkpt lat="-36.939750450" lon="-73.088455727" /><trkpt lat="-36.939734175" lon="-73.088467859" /><trkpt lat="-36.939718081" lon="-73.088479823" /><trkpt lat="-36.939702185" lon="-73.088491599" /><trkpt lat="-36.939686502" lon="-73.088503171" /><trkpt lat="-36.939671050" lon="-73.088514520" /><trkpt lat="-36.939655845" lon="-73.088525630" /><trkpt lat="-36.939640902" lon="-73.088536481" /><trkpt lat="-36.939626239" lon="-73.088547057" /><trkpt lat="-36.939611871" lon="-73.088557341" /><trkpt lat="-36.939597815" lon="-73.088567313" /><trkpt lat="-36.939584087" lon="-73.088576957" /><trkpt lat="-36.939570704" lon="-73.088586255" /><trkpt lat="-36.939557682" lon="-73.088595189" /><trkpt lat="-36.939545037" lon="-73.088603742" /><trkpt lat="-36.939532786" lon="-73.088611896" /><trkpt lat="-36.939520944" lon="-73.088619633" /><trkpt lat="-36.939509529" lon="-73.088626936" /><trkpt lat="-36.939498556" lon="-73.088633786" /><trkpt lat="-36.939488043" lon="-73.088640167" /><trkpt lat="-36.939478004" lon="-73.088646060" /><trkpt lat="-36.939468458" lon="-73.088651448" /><trkpt lat="-36.939459419" lon="-73.088656314" /><trkpt lat="-36.939445158" lon="-73.088663962" /><trkpt lat="-36.939431479" lon="-73.088671677" /><trkpt lat="-36.939418372" lon="-73.088679483" /><trkpt lat="-36.939405827" lon="-73.088687406" /><trkpt lat="-36.939393834" lon="-73.088695469" /><trkpt lat="-36.939382382" lon="-73.088703699" /><trkpt lat="-36.939371463" lon="-73.088712119" /><trkpt lat="-36.939361065" lon="-73.088720755" /><trkpt lat="-36.939351178" lon="-73.088729630" /><trkpt lat="-36.939341793" lon="-73.088738771" /><trkpt lat="-36.939332900" lon="-73.088748201" /><trkpt lat="-36.939324488" lon="-73.088757946" /><trkpt lat="-36.939316547" lon="-73.088768030" /><trkpt lat="-36.939309068" lon="-73.088778478" /><trkpt lat="-36.939302039" lon="-73.088789315" /><trkpt lat="-36.939295452" lon="-73.088800565" /><trkpt lat="-36.939289296" lon="-73.088812254" /><trkpt lat="-36.939283561" lon="-73.088824406" /><trkpt lat="-36.939278236" lon="-73.088837046" /><trkpt lat="-36.939273313" lon="-73.088850198" /><trkpt lat="-36.939268780" lon="-73.088863888" /><trkpt lat="-36.939264628" lon="-73.088878140" /><trkpt lat="-36.939260847" lon="-73.088892979" /><trkpt lat="-36.939257427" lon="-73.088908430" /><trkpt lat="-36.939254356" lon="-73.088924517" /><trkpt lat="-36.939251627" lon="-73.088941266" /><trkpt lat="-36.939249227" lon="-73.088958701" /><trkpt lat="-36.939247148" lon="-73.088976847" /><trkpt lat="-36.939245380" lon="-73.088995728" /><trkpt lat="-36.939243911" lon="-73.089015370" /><trkpt lat="-36.939242733" lon="-73.089035796" /><trkpt lat="-36.939241834" lon="-73.089057033" /><trkpt lat="-36.939241206" lon="-73.089079105" /><trkpt lat="-36.939240837" lon="-73.089102036" /><trkpt lat="-36.939240719" lon="-73.089125851" /><trkpt lat="-36.939240840" lon="-73.089150576" /><trkpt lat="-36.939241191" lon="-73.089176234" /><trkpt lat="-36.939241761" lon="-73.089202851" /><trkpt lat="-36.939242137" lon="-73.089219096" /><trkpt lat="-36.939242461" lon="-73.089235635" /><trkpt lat="-36.939242737" lon="-73.089252457" /><trkpt lat="-36.939242968" lon="-73.089269550" /><trkpt lat="-36.939243155" lon="-73.089286902" /><trkpt lat="-36.939243303" lon="-73.089304502" /><trkpt lat="-36.939243413" lon="-73.089322336" /><trkpt lat="-36.939243489" lon="-73.089340394" /><trkpt lat="-36.939243533" lon="-73.089358663" /><trkpt lat="-36.939243548" lon="-73.089377131" /><trkpt lat="-36.939243537" lon="-73.089395787" /><trkpt lat="-36.939243502" lon="-73.089414619" /><trkpt lat="-36.939243447" lon="-73.089433614" /><trkpt lat="-36.939243373" lon="-73.089452761" /><trkpt lat="-36.939243285" lon="-73.089472048" /><trkpt lat="-36.939243184" lon="-73.089491463" /><trkpt lat="-36.939243073" lon="-73.089510994" /><trkpt lat="-36.939242956" lon="-73.089530628" /><trkpt lat="-36.939242834" lon="-73.089550356" /><trkpt lat="-36.939242711" lon="-73.089570163" /><trkpt lat="-36.939242590" lon="-73.089590039" /><trkpt lat="-36.939242472" lon="-73.089609971" /><trkpt lat="-36.939242361" lon="-73.089629947" /><trkpt lat="-36.939242261" lon="-73.089649957" /><trkpt lat="-36.939242172" lon="-73.089669987" /><trkpt lat="-36.939242099" lon="-73.089690025" /><trkpt lat="-36.939242044" lon="-73.089710061" /><trkpt lat="-36.939242009" lon="-73.089730081" /><trkpt lat="-36.939241998" lon="-73.089750075" /><trkpt lat="-36.939242013" lon="-73.089770029" /><trkpt lat="-36.939242057" lon="-73.089789933" /><trkpt lat="-36.939242133" lon="-73.089809774" /><trkpt lat="-36.939242244" lon="-73.089829540" /><trkpt lat="-36.939242392" lon="-73.089849220" /><trkpt lat="-36.939242580" lon="-73.089868802" /><trkpt lat="-36.939242810" lon="-73.089888273" /><trkpt lat="-36.939243087" lon="-73.089907621" /><trkpt lat="-36.939243411" lon="-73.089926835" /><trkpt lat="-36.939243787" lon="-73.089945904" /><trkpt lat="-36.939244217" lon="-73.089964814" /><trkpt lat="-36.939244703" lon="-73.089983554" /><trkpt lat="-36.939245249" lon="-73.090002112" /><trkpt lat="-36.939245857" lon="-73.090020477" /><trkpt lat="-36.939246530" lon="-73.090038635" /><trkpt lat="-36.939247270" lon="-73.090056577" /><trkpt lat="-36.939248081" lon="-73.090074288" /><trkpt lat="-36.939248966" lon="-73.090091758" /><trkpt lat="-36.939249926" lon="-73.090108975" /><trkpt lat="-36.939250965" lon="-73.090125926" /><trkpt lat="-36.939252085" lon="-73.090142600" /><trkpt lat="-36.939253290" lon="-73.090158985" /><trkpt lat="-36.939254582" lon="-73.090175069" /><trkpt lat="-36.939255964" lon="-73.090190840" /><trkpt lat="-36.939257438" lon="-73.090206286" /><trkpt lat="-36.939259007" lon="-73.090221395" /><trkpt lat="-36.939260675" lon="-73.090236155" /><trkpt lat="-36.939262443" lon="-73.090250555" /><trkpt lat="-36.939264315" lon="-73.090264582" /><trkpt lat="-36.939266294" lon="-73.090278225" /><trkpt lat="-36.939268381" lon="-73.090291471" /><trkpt lat="-36.939270581" lon="-73.090304310" /><trkpt lat="-36.939272895" lon="-73.090316727" /><trkpt lat="-36.939275326" lon="-73.090328713" /><trkpt lat="-36.939277878" lon="-73.090340255" /><trkpt lat="-36.939282484" lon="-73.090359104" /><trkpt lat="-36.939287483" lon="-73.090377550" /><trkpt lat="-36.939292849" lon="-73.090395613" /><trkpt lat="-36.939298559" lon="-73.090413314" /><trkpt lat="-36.939304586" lon="-73.090430671" /><trkpt lat="-36.939310905" lon="-73.090447707" /><trkpt lat="-36.939317491" lon="-73.090464440" /><trkpt lat="-36.939324319" lon="-73.090480892" /><trkpt lat="-36.939331362" lon="-73.090497082" /><trkpt lat="-36.939338596" lon="-73.090513030" /><trkpt lat="-36.939345996" lon="-73.090528758" /><trkpt lat="-36.939353536" lon="-73.090544284" /><trkpt lat="-36.939361191" lon="-73.090559630" /><trkpt lat="-36.939368936" lon="-73.090574815" /><trkpt lat="-36.939376744" lon="-73.090589860" /><trkpt lat="-36.939384592" lon="-73.090604786" /><trkpt lat="-36.939392453" lon="-73.090619611" /><trkpt lat="-36.939400302" lon="-73.090634357" /><trkpt lat="-36.939408115" lon="-73.090649044" /><trkpt lat="-36.939415865" lon="-73.090663692" /><trkpt lat="-36.939423527" lon="-73.090678321" /><trkpt lat="-36.939431077" lon="-73.090692951" /><trkpt lat="-36.939438488" lon="-73.090707603" /><trkpt lat="-36.939445735" lon="-73.090722297" /><trkpt lat="-36.939452794" lon="-73.090737054" /><trkpt lat="-36.939459638" lon="-73.090751892" /><trkpt lat="-36.939466243" lon="-73.090766834" /><trkpt lat="-36.939472582" lon="-73.090781898" /><trkpt lat="-36.939478632" lon="-73.090797105" /><trkpt lat="-36.939484366" lon="-73.090812476" /><trkpt lat="-36.939489759" lon="-73.090828030" /><trkpt lat="-36.939494786" lon="-73.090843789" /><trkpt lat="-36.939499422" lon="-73.090859771" /><trkpt lat="-36.939503641" lon="-73.090875997" /><trkpt lat="-36.939507417" lon="-73.090892489" /><trkpt lat="-36.939510726" lon="-73.090909264" /><trkpt lat="-36.939513543" lon="-73.090926345" /><trkpt lat="-36.939515841" lon="-73.090943752" /><trkpt lat="-36.939517636" lon="-73.090960159" /><trkpt lat="-36.939519254" lon="-73.090976792" /><trkpt lat="-36.939520696" lon="-73.090993638" /><trkpt lat="-36.939521961" lon="-73.091010685" /><trkpt lat="-36.939523049" lon="-73.091027919" /><trkpt lat="-36.939523961" lon="-73.091045326" /><trkpt lat="-36.939524695" lon="-73.091062895" /><trkpt lat="-36.939525252" lon="-73.091080611" /><trkpt lat="-36.939525632" lon="-73.091098462" /><trkpt lat="-36.939525834" lon="-73.091116435" /><trkpt lat="-36.939525858" lon="-73.091134516" /><trkpt lat="-36.939525704" lon="-73.091152692" /><trkpt lat="-36.939525372" lon="-73.091170952" /><trkpt lat="-36.939524862" lon="-73.091189280" /><trkpt lat="-36.939524173" lon="-73.091207665" /><trkpt lat="-36.939523305" lon="-73.091226093" /><trkpt lat="-36.939522258" lon="-73.091244551" /><trkpt lat="-36.939521032" lon="-73.091263026" /><trkpt lat="-36.939519626" lon="-73.091281505" /><trkpt lat="-36.939518041" lon="-73.091299975" /><trkpt lat="-36.939516276" lon="-73.091318423" /><trkpt lat="-36.939514332" lon="-73.091336835" /><trkpt lat="-36.939512207" lon="-73.091355200" /><trkpt lat="-36.939509902" lon="-73.091373502" /><trkpt lat="-36.939507417" lon="-73.091391731" /><trkpt lat="-36.939504750" lon="-73.091409871" /><trkpt lat="-36.939501903" lon="-73.091427912" /><trkpt lat="-36.939498875" lon="-73.091445838" /><trkpt lat="-36.939495666" lon="-73.091463638" /><trkpt lat="-36.939492275" lon="-73.091481297" /><trkpt lat="-36.939488703" lon="-73.091498804" /><trkpt lat="-36.939484949" lon="-73.091516145" /><trkpt lat="-36.939481013" lon="-73.091533307" /><trkpt lat="-36.939476895" lon="-73.091550276" /><trkpt lat="-36.939472594" lon="-73.091567040" /><trkpt lat="-36.939468111" lon="-73.091583586" /><trkpt lat="-36.939463446" lon="-73.091599901" /><trkpt lat="-36.939458597" lon="-73.091615971" /><trkpt lat="-36.939453565" lon="-73.091631784" /><trkpt lat="-36.939448350" lon="-73.091647325" /><trkpt lat="-36.939442952" lon="-73.091662584" /><trkpt lat="-36.939439545" lon="-73.091671972" /><trkpt lat="-36.939435950" lon="-73.091681904" /><trkpt lat="-36.939432168" lon="-73.091692364" /><trkpt lat="-36.939428204" lon="-73.091703336" /><trkpt lat="-36.939424062" lon="-73.091714807" /><trkpt lat="-36.939419744" lon="-73.091726760" /><trkpt lat="-36.939415256" lon="-73.091739181" /><trkpt lat="-36.939410599" lon="-73.091752053" /><trkpt lat="-36.939405779" lon="-73.091765363" /><trkpt lat="-36.939400798" lon="-73.091779095" /><trkpt lat="-36.939395660" lon="-73.091793232" /><trkpt lat="-36.939390370" lon="-73.091807762" /><trkpt lat="-36.939384929" lon="-73.091822667" /><trkpt lat="-36.939379343" lon="-73.091837934" /><trkpt lat="-36.939373615" lon="-73.091853546" /><trkpt lat="-36.939367748" lon="-73.091869489" /><trkpt lat="-36.939361746" lon="-73.091885747" /><trkpt lat="-36.939355613" lon="-73.091902305" /><trkpt lat="-36.939349352" lon="-73.091919148" /><trkpt lat="-36.939342966" lon="-73.091936261" /><trkpt lat="-36.939336461" lon="-73.091953629" /><trkpt lat="-36.939329839" lon="-73.091971236" /><trkpt lat="-36.939323103" lon="-73.091989067" /><trkpt lat="-36.939316258" lon="-73.092007107" /><trkpt lat="-36.939309307" lon="-73.092025341" /><trkpt lat="-36.939302254" lon="-73.092043753" /><trkpt lat="-36.939295102" lon="-73.092062329" /><trkpt lat="-36.939287856" lon="-73.092081053" /><trkpt lat="-36.939280518" lon="-73.092099910" /><trkpt lat="-36.939273092" lon="-73.092118884" /><trkpt lat="-36.939265582" lon="-73.092137961" /><trkpt lat="-36.939257992" lon="-73.092157126" /><trkpt lat="-36.939250324" lon="-73.092176363" /><trkpt lat="-36.939242584" lon="-73.092195656" /><trkpt lat="-36.939234774" lon="-73.092214992" /><trkpt lat="-36.939226898" lon="-73.092234354" /><trkpt lat="-36.939218960" lon="-73.092253727" /><trkpt lat="-36.939210963" lon="-73.092273097" /><trkpt lat="-36.939202912" lon="-73.092292447" /><trkpt lat="-36.939194809" lon="-73.092311763" /><trkpt lat="-36.939186658" lon="-73.092331030" /><trkpt lat="-36.939178463" lon="-73.092350232" /><trkpt lat="-36.939170228" lon="-73.092369355" /><trkpt lat="-36.939161955" lon="-73.092388382" /><trkpt lat="-36.939153650" lon="-73.092407299" /><trkpt lat="-36.939145315" lon="-73.092426091" /><trkpt lat="-36.939136954" lon="-73.092444742" /><trkpt lat="-36.939128571" lon="-73.092463237" /><trkpt lat="-36.939120169" lon="-73.092481561" /><trkpt lat="-36.939111752" lon="-73.092499699" /><trkpt lat="-36.939103324" lon="-73.092517636" /><trkpt lat="-36.939094888" lon="-73.092535356" /><trkpt lat="-36.939086448" lon="-73.092552844" /><trkpt lat="-36.939078007" lon="-73.092570085" /><trkpt lat="-36.939069569" lon="-73.092587063" /><trkpt lat="-36.939061139" lon="-73.092603765" /><trkpt lat="-36.939052718" lon="-73.092620173" /><trkpt lat="-36.939044312" lon="-73.092636274" /><trkpt lat="-36.939035924" lon="-73.092652052" /><trkpt lat="-36.939027556" lon="-73.092667492" /><trkpt lat="-36.939019214" lon="-73.092682578" /><trkpt lat="-36.939010901" lon="-73.092697296" /><trkpt lat="-36.939002619" lon="-73.092711629" /><trkpt lat="-36.938994374" lon="-73.092725564" /><trkpt lat="-36.938986168" lon="-73.092739084" /><trkpt lat="-36.938978005" lon="-73.092752176" /><trkpt lat="-36.938969888" lon="-73.092764822" /><trkpt lat="-36.938961823" lon="-73.092777009" /><trkpt lat="-36.938951947" lon="-73.092791480" /><trkpt lat="-36.938941854" lon="-73.092805871" /><trkpt lat="-36.938931557" lon="-73.092820187" /><trkpt lat="-36.938921068" lon="-73.092834430" /><trkpt lat="-36.938910401" lon="-73.092848606" /><trkpt lat="-36.938899570" lon="-73.092862716" /><trkpt lat="-36.938888588" lon="-73.092876767" /><trkpt lat="-36.938877468" lon="-73.092890761" /><trkpt lat="-36.938866223" lon="-73.092904703" /><trkpt lat="-36.938854867" lon="-73.092918596" /><trkpt lat="-36.938843413" lon="-73.092932444" /><trkpt lat="-36.938831874" lon="-73.092946251" /><trkpt lat="-36.938820263" lon="-73.092960021" /><trkpt lat="-36.938808595" lon="-73.092973759" /><trkpt lat="-36.938796882" lon="-73.092987467" /><trkpt lat="-36.938785138" lon="-73.093001150" /><trkpt lat="-36.938773375" lon="-73.093014812" /><trkpt lat="-36.938761607" lon="-73.093028457" /><trkpt lat="-36.938749848" lon="-73.093042088" /><trkpt lat="-36.938738111" lon="-73.093055710" /><trkpt lat="-36.938726408" lon="-73.093069326" /><trkpt lat="-36.938714754" lon="-73.093082940" /><trkpt lat="-36.938703162" lon="-73.093096556" /><trkpt lat="-36.938691645" lon="-73.093110179" /><trkpt lat="-36.938680216" lon="-73.093123811" /><trkpt lat="-36.938668888" lon="-73.093137458" /><trkpt lat="-36.938657676" lon="-73.093151122" /><trkpt lat="-36.938646592" lon="-73.093164808" /><trkpt lat="-36.938635649" lon="-73.093178520" /><trkpt lat="-36.938624861" lon="-73.093192261" /><trkpt lat="-36.938614241" lon="-73.093206036" /><trkpt lat="-36.938603802" lon="-73.093219848" /><trkpt lat="-36.938593559" lon="-73.093233702" /><trkpt lat="-36.938583523" lon="-73.093247601" /><trkpt lat="-36.938573709" lon="-73.093261548" /><trkpt lat="-36.938564129" lon="-73.093275549" /><trkpt lat="-36.938554797" lon="-73.093289607" /><trkpt lat="-36.938545727" lon="-73.093303726" /><trkpt lat="-36.938536931" lon="-73.093317909" /><trkpt lat="-36.938528423" lon="-73.093332161" /><trkpt lat="-36.938520216" lon="-73.093346486" /><trkpt lat="-36.938512324" lon="-73.093360887" /><trkpt lat="-36.938504759" lon="-73.093375368" /><trkpt lat="-36.938497536" lon="-73.093389934" /><trkpt lat="-36.938490667" lon="-73.093404588" /><trkpt lat="-36.938484165" lon="-73.093419335" /><trkpt lat="-36.938478045" lon="-73.093434177" /><trkpt lat="-36.938472319" lon="-73.093449119" /><trkpt lat="-36.938467001" lon="-73.093464165" /><trkpt lat="-36.938462103" lon="-73.093479319" /><trkpt lat="-36.938457640" lon="-73.093494585" /><trkpt lat="-36.938453624" lon="-73.093509966" /><trkpt lat="-36.938450069" lon="-73.093525466" /><trkpt lat="-36.938446989" lon="-73.093541090" /><trkpt lat="-36.938444396" lon="-73.093556842" /><trkpt lat="-36.938442303" lon="-73.093572724" /><trkpt lat="-36.938439741" lon="-73.093596505" /><trkpt lat="-36.938437609" lon="-73.093619584" /><trkpt lat="-36.938435898" lon="-73.093641992" /><trkpt lat="-36.938434595" lon="-73.093663755" /><trkpt lat="-36.938433690" lon="-73.093684902" /><trkpt lat="-36.938433172" lon="-73.093705463" /><trkpt lat="-36.938433030" lon="-73.093725463" /><trkpt lat="-36.938433253" lon="-73.093744934" /><trkpt lat="-36.938433831" lon="-73.093763901" /><trkpt lat="-36.938434752" lon="-73.093782394" /><trkpt lat="-36.938436005" lon="-73.093800441" /><trkpt lat="-36.938437580" lon="-73.093818070" /><trkpt lat="-36.938439465" lon="-73.093835310" /><trkpt lat="-36.938441650" lon="-73.093852188" /><trkpt lat="-36.938444124" lon="-73.093868734" /><trkpt lat="-36.938446875" lon="-73.093884975" /><trkpt lat="-36.938449894" lon="-73.093900939" /><trkpt lat="-36.938453168" lon="-73.093916655" /><trkpt lat="-36.938456688" lon="-73.093932152" /><trkpt lat="-36.938460442" lon="-73.093947456" /><trkpt lat="-36.938464418" lon="-73.093962598" /><trkpt lat="-36.938468608" lon="-73.093977604" /><trkpt lat="-36.938472998" lon="-73.093992504" /><trkpt lat="-36.938477579" lon="-73.094007325" /><trkpt lat="-36.938482340" lon="-73.094022096" /><trkpt lat="-36.938487269" lon="-73.094036845" /><trkpt lat="-36.938492356" lon="-73.094051601" /><trkpt lat="-36.938497589" lon="-73.094066391" /><trkpt lat="-36.938502959" lon="-73.094081244" /><trkpt lat="-36.938508453" lon="-73.094096188" /><trkpt lat="-36.938514062" lon="-73.094111252" /><trkpt lat="-36.938519773" lon="-73.094126463" /><trkpt lat="-36.938525577" lon="-73.094141851" /><trkpt lat="-36.938531462" lon="-73.094157442" /><trkpt lat="-36.938537417" lon="-73.094173266" /><trkpt lat="-36.938543432" lon="-73.094189352" /><trkpt lat="-36.938549495" lon="-73.094205726" /><trkpt lat="-36.938555192" lon="-73.094221073" /><trkpt lat="-36.938561025" lon="-73.094236533" /><trkpt lat="-36.938566988" lon="-73.094252100" /><trkpt lat="-36.938573077" lon="-73.094267768" /><trkpt lat="-36.938579288" lon="-73.094283533" /><trkpt lat="-36.938585615" lon="-73.094299387" /><trkpt lat="-36.938592053" lon="-73.094315327" /><trkpt lat="-36.938598598" lon="-73.094331345" /><trkpt lat="-36.938605246" lon="-73.094347436" /><trkpt lat="-36.938611990" lon="-73.094363595" /><trkpt lat="-36.938618826" lon="-73.094379815" /><trkpt lat="-36.938625750" lon="-73.094396092" /><trkpt lat="-36.938632757" lon="-73.094412419" /><trkpt lat="-36.938639842" lon="-73.094428791" /><trkpt lat="-36.938647000" lon="-73.094445201" /><trkpt lat="-36.938654226" lon="-73.094461646" /><trkpt lat="-36.938661515" lon="-73.094478118" /><trkpt lat="-36.938668863" lon="-73.094494612" /><trkpt lat="-36.938676265" lon="-73.094511123" /><trkpt lat="-36.938683716" lon="-73.094527644" /><trkpt lat="-36.938691211" lon="-73.094544170" /><trkpt lat="-36.938698746" lon="-73.094560696" /><trkpt lat="-36.938706315" lon="-73.094577215" /><trkpt lat="-36.938713914" lon="-73.094593722" /><trkpt lat="-36.938721538" lon="-73.094610212" /><trkpt lat="-36.938729182" lon="-73.094626678" /><trkpt lat="-36.938736842" lon="-73.094643116" /><trkpt lat="-36.938744512" lon="-73.094659518" /><trkpt lat="-36.938752187" lon="-73.094675880" /><trkpt lat="-36.938759864" lon="-73.094692196" /><trkpt lat="-36.938767537" lon="-73.094708461" /><trkpt lat="-36.938775201" lon="-73.094724667" /><trkpt lat="-36.938782851" lon="-73.094740811" /><trkpt lat="-36.938790484" lon="-73.094756886" /><trkpt lat="-36.938798093" lon="-73.094772887" /><trkpt lat="-36.938805674" lon="-73.094788807" /><trkpt lat="-36.938813223" lon="-73.094804642" /><trkpt lat="-36.938820733" lon="-73.094820385" /><trkpt lat="-36.938828202" lon="-73.094836031" /><trkpt lat="-36.938835623" lon="-73.094851574" /><trkpt lat="-36.938843058" lon="-73.094867333" /><trkpt lat="-36.938850195" lon="-73.094882852" /><trkpt lat="-36.938857041" lon="-73.094898158" /><trkpt lat="-36.938863603" lon="-73.094913274" /><trkpt lat="-36.938869887" lon="-73.094928228" /><trkpt lat="-36.938875900" lon="-73.094943042" /><trkpt lat="-36.938881650" lon="-73.094957744" /><trkpt lat="-36.938887141" lon="-73.094972358" /><trkpt lat="-36.938892382" lon="-73.094986909" /><trkpt lat="-36.938897380" lon="-73.095001422" /><trkpt lat="-36.938902140" lon="-73.095015924" /><trkpt lat="-36.938906669" lon="-73.095030438" /><trkpt lat="-36.938910975" lon="-73.095044991" /><trkpt lat="-36.938915064" lon="-73.095059607" /><trkpt lat="-36.938918942" lon="-73.095074312" /><trkpt lat="-36.938922617" lon="-73.095089131" /><trkpt lat="-36.938926094" lon="-73.095104089" /><trkpt lat="-36.938929382" lon="-73.095119211" /><trkpt lat="-36.938932486" lon="-73.095134523" /><trkpt lat="-36.938935414" lon="-73.095150050" /><trkpt lat="-36.938938171" lon="-73.095165817" /><trkpt lat="-36.938940765" lon="-73.095181849" /><trkpt lat="-36.938943203" lon="-73.095198172" /><trkpt lat="-36.938945490" lon="-73.095214811" /><trkpt lat="-36.938947635" lon="-73.095231791" /><trkpt lat="-36.938949643" lon="-73.095249137" /><trkpt lat="-36.938951522" lon="-73.095266874" /><trkpt lat="-36.938953278" lon="-73.095285028" /><trkpt lat="-36.938954917" lon="-73.095303625" /><trkpt lat="-36.938956447" lon="-73.095322688" /><trkpt lat="-36.938957874" lon="-73.095342244" /><trkpt lat="-36.938959205" lon="-73.095362317" /><trkpt lat="-36.938960447" lon="-73.095382933" /><trkpt lat="-36.938961606" lon="-73.095404118" /><trkpt lat="-36.938962689" lon="-73.095425895" /><trkpt lat="-36.938963703" lon="-73.095448291" /><trkpt lat="-36.938964654" lon="-73.095471331" /><trkpt lat="-36.938965550" lon="-73.095495040" /><trkpt lat="-36.938966397" lon="-73.095519444" /><trkpt lat="-36.938966790" lon="-73.095531418" /><trkpt lat="-36.938967184" lon="-73.095543783" /><trkpt lat="-36.938967580" lon="-73.095556531" /><trkpt lat="-36.938967978" lon="-73.095569651" /><trkpt lat="-36.938968378" lon="-73.095583135" /><trkpt lat="-36.938968780" lon="-73.095596974" /><trkpt lat="-36.938969183" lon="-73.095611159" /><trkpt lat="-36.938969589" lon="-73.095625680" /><trkpt lat="-36.938969997" lon="-73.095640528" /><trkpt lat="-36.938970407" lon="-73.095655694" /><trkpt lat="-36.938970819" lon="-73.095671170" /><trkpt lat="-36.938971234" lon="-73.095686945" /><trkpt lat="-36.938971651" lon="-73.095703012" /><trkpt lat="-36.938972070" lon="-73.095719360" /><trkpt lat="-36.938972493" lon="-73.095735981" /><trkpt lat="-36.938972918" lon="-73.095752865" /><trkpt lat="-36.938973346" lon="-73.095770003" /><trkpt lat="-36.938973776" lon="-73.095787387" /><trkpt lat="-36.938974210" lon="-73.095805007" /><trkpt lat="-36.938974646" lon="-73.095822854" /><trkpt lat="-36.938975086" lon="-73.095840919" /><trkpt lat="-36.938975529" lon="-73.095859192" /><trkpt lat="-36.938975975" lon="-73.095877665" /><trkpt lat="-36.938976425" lon="-73.095896329" /><trkpt lat="-36.938976878" lon="-73.095915174" /><trkpt lat="-36.938977334" lon="-73.095934192" /><trkpt lat="-36.938977794" lon="-73.095953372" /><trkpt lat="-36.938978258" lon="-73.095972707" /><trkpt lat="-36.938978725" lon="-73.095992186" /><trkpt lat="-36.938979196" lon="-73.096011801" /><trkpt lat="-36.938979671" lon="-73.096031543" /><trkpt lat="-36.938980151" lon="-73.096051403" /><trkpt lat="-36.938980634" lon="-73.096071370" /><trkpt lat="-36.938981121" lon="-73.096091438" /><trkpt lat="-36.938981613" lon="-73.096111595" /><trkpt lat="-36.938982108" lon="-73.096131833" /><trkpt lat="-36.938982609" lon="-73.096152144" /><trkpt lat="-36.938983113" lon="-73.096172517" /><trkpt lat="-36.938983623" lon="-73.096192944" /><trkpt lat="-36.938984136" lon="-73.096213415" /><trkpt lat="-36.938984655" lon="-73.096233922" /><trkpt lat="-36.938985178" lon="-73.096254455" /><trkpt lat="-36.938985707" lon="-73.096275005" /><trkpt lat="-36.938986240" lon="-73.096295564" /><trkpt lat="-36.938986778" lon="-73.096316121" /><trkpt lat="-36.938987321" lon="-73.096336669" /><trkpt lat="-36.938987870" lon="-73.096357197" /><trkpt lat="-36.938988423" lon="-73.096377696" /><trkpt lat="-36.938988982" lon="-73.096398158" /><trkpt lat="-36.938989547" lon="-73.096418574" /><trkpt lat="-36.938990117" lon="-73.096438933" /><trkpt lat="-36.938990692" lon="-73.096459228" /><trkpt lat="-36.938991274" lon="-73.096479449" /><trkpt lat="-36.938991861" lon="-73.096499586" /><trkpt lat="-36.938992453" lon="-73.096519632" /><trkpt lat="-36.938993052" lon="-73.096539576" /><trkpt lat="-36.938993657" lon="-73.096559409" /><trkpt lat="-36.938994268" lon="-73.096579123" /><trkpt lat="-36.938994884" lon="-73.096598708" /><trkpt lat="-36.938995508" lon="-73.096618156" /><trkpt lat="-36.938996137" lon="-73.096637456" /><trkpt lat="-36.938996773" lon="-73.096656600" /><trkpt lat="-36.938997415" lon="-73.096675579" /><trkpt lat="-36.938998064" lon="-73.096694384" /><trkpt lat="-36.938998719" lon="-73.096713005" /><trkpt lat="-36.938999381" lon="-73.096731434" /><trkpt lat="-36.939000050" lon="-73.096749660" /><trkpt lat="-36.939000726" lon="-73.096767677" /><trkpt lat="-36.939001409" lon="-73.096785473" /><trkpt lat="-36.939002099" lon="-73.096803040" /><trkpt lat="-36.939002796" lon="-73.096820369" /><trkpt lat="-36.939003500" lon="-73.096837450" /><trkpt lat="-36.939004211" lon="-73.096854275" /><trkpt lat="-36.939004930" lon="-73.096870835" /><trkpt lat="-36.939005656" lon="-73.096887120" /><trkpt lat="-36.939006389" lon="-73.096903121" /><trkpt lat="-36.939007130" lon="-73.096918829" /><trkpt lat="-36.939007879" lon="-73.096934235" /><trkpt lat="-36.939008636" lon="-73.096949330" /><trkpt lat="-36.939009400" lon="-73.096964105" /><trkpt lat="-36.939010173" lon="-73.096978550" /><trkpt lat="-36.939010953" lon="-73.096992656" /><trkpt lat="-36.939012283" lon="-73.097015802" /><trkpt lat="-36.939013646" lon="-73.097038606" /><trkpt lat="-36.939015034" lon="-73.097061076" /><trkpt lat="-36.939016444" lon="-73.097083218" /><trkpt lat="-36.939017868" lon="-73.097105039" /><trkpt lat="-36.939019302" lon="-73.097126547" /><trkpt lat="-36.939020741" lon="-73.097147748" /><trkpt lat="-36.939022178" lon="-73.097168649" /><trkpt lat="-36.939023607" lon="-73.097189257" /><trkpt lat="-36.939025024" lon="-73.097209580" /><trkpt lat="-36.939026423" lon="-73.097229624" /><trkpt lat="-36.939027798" lon="-73.097249396" /><trkpt lat="-36.939029143" lon="-73.097268904" /><trkpt lat="-36.939030454" lon="-73.097288153" /><trkpt lat="-36.939031724" lon="-73.097307152" /><trkpt lat="-36.939032947" lon="-73.097325906" /><trkpt lat="-36.939034119" lon="-73.097344424" /><trkpt lat="-36.939035234" lon="-73.097362712" /><trkpt lat="-36.939036286" lon="-73.097380777" /><trkpt lat="-36.939037269" lon="-73.097398626" /><trkpt lat="-36.939038179" lon="-73.097416266" /><trkpt lat="-36.939039009" lon="-73.097433703" /><trkpt lat="-36.939039753" lon="-73.097450946" /><trkpt lat="-36.939040407" lon="-73.097468001" /><trkpt lat="-36.939040965" lon="-73.097484875" /><trkpt lat="-36.939041421" lon="-73.097501574" /><trkpt lat="-36.939041769" lon="-73.097518106" /><trkpt lat="-36.939042004" lon="-73.097534478" /><trkpt lat="-36.939042121" lon="-73.097550697" /><trkpt lat="-36.939042113" lon="-73.097566770" /><trkpt lat="-36.939041975" lon="-73.097582703" /><trkpt lat="-36.939041703" lon="-73.097598504" /><trkpt lat="-36.939041289" lon="-73.097614180" /><trkpt lat="-36.939040729" lon="-73.097629738" /><trkpt lat="-36.939040016" lon="-73.097645184" /><trkpt lat="-36.939039146" lon="-73.097660526" /><trkpt lat="-36.939038113" lon="-73.097675770" /><trkpt lat="-36.939036911" lon="-73.097690924" /><trkpt lat="-36.939035535" lon="-73.097705995" /><trkpt lat="-36.939033978" lon="-73.097720989" /><trkpt lat="-36.939032237" lon="-73.097735913" /><trkpt lat="-36.939030304" lon="-73.097750775" /><trkpt lat="-36.939028174" lon="-73.097765582" /><trkpt lat="-36.939025842" lon="-73.097780340" /><trkpt lat="-36.939023302" lon="-73.097795056" /><trkpt lat="-36.939020549" lon="-73.097809738" /><trkpt lat="-36.939017577" lon="-73.097824392" /><trkpt lat="-36.939014380" lon="-73.097839026" /><trkpt lat="-36.939010953" lon="-73.097853646" /><trkpt lat="-36.939005929" lon="-73.097873957" /><trkpt lat="-36.939000782" lon="-73.097893973" /><trkpt lat="-36.938995514" lon="-73.097913701" /><trkpt lat="-36.938990128" lon="-73.097933146" /><trkpt lat="-36.938984627" lon="-73.097952316" /><trkpt lat="-36.938979014" lon="-73.097971218" /><trkpt lat="-36.938973290" lon="-73.097989859" /><trkpt lat="-36.938967460" lon="-73.098008244" /><trkpt lat="-36.938961525" lon="-73.098026382" /><trkpt lat="-36.938955488" lon="-73.098044278" /><trkpt lat="-36.938949353" lon="-73.098061939" /><trkpt lat="-36.938943121" lon="-73.098079373" /><trkpt lat="-36.938936796" lon="-73.098096586" /><trkpt lat="-36.938930379" lon="-73.098113584" /><trkpt lat="-36.938923875" lon="-73.098130374" /><trkpt lat="-36.938917285" lon="-73.098146964" /><trkpt lat="-36.938910612" lon="-73.098163360" /><trkpt lat="-36.938903859" lon="-73.098179569" /><trkpt lat="-36.938897029" lon="-73.098195597" /><trkpt lat="-36.938890124" lon="-73.098211451" /><trkpt lat="-36.938883147" lon="-73.098227138" /><trkpt lat="-36.938876100" lon="-73.098242665" /><trkpt lat="-36.938868987" lon="-73.098258038" /><trkpt lat="-36.938861810" lon="-73.098273265" /><trkpt lat="-36.938854572" lon="-73.098288351" /><trkpt lat="-36.938847276" lon="-73.098303304" /><trkpt lat="-36.938839923" lon="-73.098318131" /><trkpt lat="-36.938832518" lon="-73.098332838" /><trkpt lat="-36.938825062" lon="-73.098347432" /><trkpt lat="-36.938817558" lon="-73.098361920" /><trkpt lat="-36.938810010" lon="-73.098376309" /><trkpt lat="-36.938802419" lon="-73.098390604" /><trkpt lat="-36.938794789" lon="-73.098404814" /><trkpt lat="-36.938787121" lon="-73.098418945" /><trkpt lat="-36.938779420" lon="-73.098433003" /><trkpt lat="-36.938771048" lon="-73.098447885" /><trkpt lat="-36.938762317" lon="-73.098462780" /><trkpt lat="-36.938753243" lon="-73.098477678" /><trkpt lat="-36.938743844" lon="-73.098492573" /><trkpt lat="-36.938734138" lon="-73.098507456" /><trkpt lat="-36.938724142" lon="-73.098522319" /><trkpt lat="-36.938713873" lon="-73.098537154" /><trkpt lat="-36.938703350" lon="-73.098551954" /><trkpt lat="-36.938692589" lon="-73.098566710" /><trkpt lat="-36.938681608" lon="-73.098581414" /><trkpt lat="-36.938670425" lon="-73.098596060" /><trkpt lat="-36.938659057" lon="-73.098610638" /><trkpt lat="-36.938647521" lon="-73.098625141" /><trkpt lat="-36.938635836" lon="-73.098639560" /><trkpt lat="-36.938624018" lon="-73.098653889" /><trkpt lat="-36.938612086" lon="-73.098668119" /><trkpt lat="-36.938600056" lon="-73.098682241" /><trkpt lat="-36.938587946" lon="-73.098696249" /><trkpt lat="-36.938575774" lon="-73.098710135" /><trkpt lat="-36.938563557" lon="-73.098723889" /><trkpt lat="-36.938551313" lon="-73.098737505" /><trkpt lat="-36.938539059" lon="-73.098750975" /><trkpt lat="-36.938526813" lon="-73.098764290" /><trkpt lat="-36.938514592" lon="-73.098777443" /><trkpt lat="-36.938502413" lon="-73.098790426" /><trkpt lat="-36.938490295" lon="-73.098803231" /><trkpt lat="-36.938478255" lon="-73.098815849" /><trkpt lat="-36.938466310" lon="-73.098828274" /><trkpt lat="-36.938454478" lon="-73.098840496" /><trkpt lat="-36.938442776" lon="-73.098852509" /><trkpt lat="-36.938431221" lon="-73.098864304" /><trkpt lat="-36.938419832" lon="-73.098875874" /><trkpt lat="-36.938408626" lon="-73.098887210" /><trkpt lat="-36.938397828" lon="-73.098898132" /><trkpt lat="-36.938387000" lon="-73.098909134" /><trkpt lat="-36.938376145" lon="-73.098920223" /><trkpt lat="-36.938365268" lon="-73.098931409" /><trkpt lat="-36.938354372" lon="-73.098942700" /><trkpt lat="-36.938343461" lon="-73.098954106" /><trkpt lat="-36.938332538" lon="-73.098965636" /><trkpt lat="-36.938321607" lon="-73.098977298" /><trkpt lat="-36.938310671" lon="-73.098989103" /><trkpt lat="-36.938299734" lon="-73.099001057" /><trkpt lat="-36.938288800" lon="-73.099013172" /><trkpt lat="-36.938277872" lon="-73.099025455" /><trkpt lat="-36.938266954" lon="-73.099037916" /><trkpt lat="-36.938256049" lon="-73.099050563" /><trkpt lat="-36.938245162" lon="-73.099063407" /><trkpt lat="-36.938234294" lon="-73.099076455" /><trkpt lat="-36.938223452" lon="-73.099089716" /><trkpt lat="-36.938212636" lon="-73.099103201" /><trkpt lat="-36.938201853" lon="-73.099116917" /><trkpt lat="-36.938191104" lon="-73.099130874" /><trkpt lat="-36.938180394" lon="-73.099145081" /><trkpt lat="-36.938169726" lon="-73.099159546" /><trkpt lat="-36.938159104" lon="-73.099174280" /><trkpt lat="-36.938148532" lon="-73.099189290" /><trkpt lat="-36.938138012" lon="-73.099204586" /><trkpt lat="-36.938127549" lon="-73.099220177" /><trkpt lat="-36.938117146" lon="-73.099236071" /><trkpt lat="-36.938106808" lon="-73.099252278" /><trkpt lat="-36.938096536" lon="-73.099268808" /><trkpt lat="-36.938086336" lon="-73.099285668" /><trkpt lat="-36.938076210" lon="-73.099302867" /><trkpt lat="-36.938066162" lon="-73.099320416" /><trkpt lat="-36.938056196" lon="-73.099338323" /><trkpt lat="-36.938046316" lon="-73.099356596" /><trkpt lat="-36.938037061" lon="-73.099373962" /><trkpt lat="-36.938027875" lon="-73.099391193" /><trkpt lat="-36.938018756" lon="-73.099408293" /><trkpt lat="-36.938009700" lon="-73.099425267" /><trkpt lat="-36.938000707" lon="-73.099442117" /><trkpt lat="-36.937991773" lon="-73.099458849" /><trkpt lat="-36.937982896" lon="-73.099475465" /><trkpt lat="-36.937974075" lon="-73.099491970" /><trkpt lat="-36.937965306" lon="-73.099508368" /><trkpt lat="-36.937956588" lon="-73.099524662" /><trkpt lat="-36.937947917" lon="-73.099540857" /><trkpt lat="-36.937939293" lon="-73.099556956" /><trkpt lat="-36.937930712" lon="-73.099572963" /><trkpt lat="-36.937922172" lon="-73.099588883" /><trkpt lat="-36.937913672" lon="-73.099604719" /><trkpt lat="-36.937905208" lon="-73.099620475" /><trkpt lat="-36.937896778" lon="-73.099636154" /><trkpt lat="-36.937888381" lon="-73.099651762" /><trkpt lat="-36.937880013" lon="-73.099667301" /><trkpt lat="-36.937871672" lon="-73.099682776" /><trkpt lat="-36.937863357" lon="-73.099698190" /><trkpt lat="-36.937855065" lon="-73.099713548" /><trkpt lat="-36.937846793" lon="-73.099728853" /><trkpt lat="-36.937838540" lon="-73.099744109" /><trkpt lat="-36.937830303" lon="-73.099759320" /><trkpt lat="-36.937822079" lon="-73.099774491" /><trkpt lat="-36.937813867" lon="-73.099789624" /><trkpt lat="-36.937805664" lon="-73.099804724" /><trkpt lat="-36.937797468" lon="-73.099819795" /><trkpt lat="-36.937789276" lon="-73.099834840" /><trkpt lat="-36.937781086" lon="-73.099849865" /><trkpt lat="-36.937772897" lon="-73.099864871" /><trkpt lat="-36.937764705" lon="-73.099879864" /><trkpt lat="-36.937756508" lon="-73.099894847" /><trkpt lat="-36.937748305" lon="-73.099909824" /><trkpt lat="-36.937740092" lon="-73.099924800" /><trkpt lat="-36.937731445" lon="-73.099940670" /><trkpt lat="-36.937722902" lon="-73.099956563" /><trkpt lat="-36.937714456" lon="-73.099972475" /><trkpt lat="-36.937706100" lon="-73.099988401" /><trkpt lat="-36.937697825" lon="-73.100004337" /><trkpt lat="-36.937689627" lon="-73.100020279" /><trkpt lat="-36.937681496" lon="-73.100036221" /><trkpt lat="-36.937673426" lon="-73.100052159" /><trkpt lat="-36.937665410" lon="-73.100068090" /><trkpt lat="-36.937657440" lon="-73.100084007" /><trkpt lat="-36.937649510" lon="-73.100099908" /><trkpt lat="-36.937641612" lon="-73.100115787" /><trkpt lat="-36.937633738" lon="-73.100131639" /><trkpt lat="-36.937625882" lon="-73.100147461" /><trkpt lat="-36.937618037" lon="-73.100163248" /><trkpt lat="-36.937610195" lon="-73.100178994" /><trkpt lat="-36.937602349" lon="-73.100194697" /><trkpt lat="-36.937594492" lon="-73.100210351" /><trkpt lat="-36.937586617" lon="-73.100225952" /><trkpt lat="-36.937578716" lon="-73.100241495" /><trkpt lat="-36.937570782" lon="-73.100256976" /><trkpt lat="-36.937562808" lon="-73.100272390" /><trkpt lat="-36.937554788" lon="-73.100287732" /><trkpt lat="-36.937546713" lon="-73.100302999" /><trkpt lat="-36.937538576" lon="-73.100318186" /><trkpt lat="-36.937530371" lon="-73.100333288" /><trkpt lat="-36.937522089" lon="-73.100348301" /><trkpt lat="-36.937513725" lon="-73.100363220" /><trkpt lat="-36.937505270" lon="-73.100378041" /><trkpt lat="-36.937496718" lon="-73.100392759" /><trkpt lat="-36.937488061" lon="-73.100407369" /><trkpt lat="-36.937479292" lon="-73.100421868" /><trkpt lat="-36.937470404" lon="-73.100436251" /><trkpt lat="-36.937461390" lon="-73.100450513" /><trkpt lat="-36.937452144" lon="-73.100464880" /><trkpt lat="-36.937443118" lon="-73.100478760" /><trkpt lat="-36.937434316" lon="-73.100492211" /><trkpt lat="-36.937425741" lon="-73.100505289" /><trkpt lat="-36.937417395" lon="-73.100518054" /><trkpt lat="-36.937409284" lon="-73.100530561" /><trkpt lat="-36.937401409" lon="-73.100542870" /><trkpt lat="-36.937393774" lon="-73.100555037" /><trkpt lat="-36.937386383" lon="-73.100567121" /><trkpt lat="-36.937379239" lon="-73.100579178" /><trkpt lat="-36.937372344" lon="-73.100591267" /><trkpt lat="-36.937365703" lon="-73.100603446" /><trkpt lat="-36.937359319" lon="-73.100615771" /><trkpt lat="-36.937353195" lon="-73.100628301" /><trkpt lat="-36.937347334" lon="-73.100641094" /><trkpt lat="-36.937341740" lon="-73.100654206" /><trkpt lat="-36.937336416" lon="-73.100667696" /><trkpt lat="-36.937331366" lon="-73.100681621" /><trkpt lat="-36.937326592" lon="-73.100696038" /><trkpt lat="-36.937322097" lon="-73.100711007" /><trkpt lat="-36.937317887" lon="-73.100726583" /><trkpt lat="-36.937313963" lon="-73.100742826" /><trkpt lat="-36.937310328" lon="-73.100759792" /><trkpt lat="-36.937306987" lon="-73.100777539" /><trkpt lat="-36.937303943" lon="-73.100796125" /><trkpt lat="-36.937301198" lon="-73.100815607" /><trkpt lat="-36.937298757" lon="-73.100836044" /><trkpt lat="-36.937296622" lon="-73.100857492" /><trkpt lat="-36.937294797" lon="-73.100880010" /><trkpt lat="-36.937293285" lon="-73.100903654" /><trkpt lat="-36.937292090" lon="-73.100928484" /><trkpt lat="-36.937291214" lon="-73.100954556" /><trkpt lat="-36.937290662" lon="-73.100981928" /><trkpt lat="-36.937290365" lon="-73.101003740" /><trkpt lat="-36.937290084" lon="-73.101025120" /><trkpt lat="-36.937289809" lon="-73.101046086" /><trkpt lat="-36.937289536" lon="-73.101066653" /><trkpt lat="-36.937289256" lon="-73.101086837" /><trkpt lat="-36.937288962" lon="-73.101106655" /><trkpt lat="-36.937288647" lon="-73.101126122" /><trkpt lat="-36.937288304" lon="-73.101145254" /><trkpt lat="-36.937287926" lon="-73.101164068" /><trkpt lat="-36.937287506" lon="-73.101182580" /><trkpt lat="-36.937287037" lon="-73.101200805" /><trkpt lat="-36.937286512" lon="-73.101218760" /><trkpt lat="-36.937285922" lon="-73.101236461" /><trkpt lat="-36.937285262" lon="-73.101253924" /><trkpt lat="-36.937284525" lon="-73.101271165" /><trkpt lat="-36.937283702" lon="-73.101288200" /><trkpt lat="-36.937282788" lon="-73.101305045" /><trkpt lat="-36.937281774" lon="-73.101321716" /><trkpt lat="-36.937280654" lon="-73.101338230" /><trkpt lat="-36.937279420" lon="-73.101354602" /><trkpt lat="-36.937278067" lon="-73.101370848" /><trkpt lat="-36.937276585" lon="-73.101386985" /><trkpt lat="-36.937274969" lon="-73.101403029" /><trkpt lat="-36.937273211" lon="-73.101418995" /><trkpt lat="-36.937271304" lon="-73.101434900" /><trkpt lat="-36.937269241" lon="-73.101450760" /><trkpt lat="-36.937267014" lon="-73.101466591" /><trkpt lat="-36.937264618" lon="-73.101482408" /><trkpt lat="-36.937262044" lon="-73.101498229" /><trkpt lat="-36.937259285" lon="-73.101514069" /><trkpt lat="-36.937256335" lon="-73.101529944" /><trkpt lat="-36.937253186" lon="-73.101545870" /><trkpt lat="-36.937249831" lon="-73.101561864" /><trkpt lat="-36.937246263" lon="-73.101577941" /><trkpt lat="-36.937242474" lon="-73.101594117" /><trkpt lat="-36.937238459" lon="-73.101610409" /><trkpt lat="-36.937234209" lon="-73.101626833" /><trkpt lat="-36.937229718" lon="-73.101643405" /><trkpt lat="-36.937224978" lon="-73.101660140" /><trkpt lat="-36.937219982" lon="-73.101677055" /><trkpt lat="-36.937214723" lon="-73.101694166" /><trkpt lat="-36.937209195" lon="-73.101711489" /><trkpt lat="-36.937204690" lon="-73.101725010" /><trkpt lat="-36.937199838" lon="-73.101738936" /><trkpt lat="-36.937194654" lon="-73.101753249" /><trkpt lat="-36.937189150" lon="-73.101767933" /><trkpt lat="-36.937183343" lon="-73.101782970" /><trkpt lat="-36.937177244" lon="-73.101798344" /><trkpt lat="-36.937170869" lon="-73.101814038" /><trkpt lat="-36.937164231" lon="-73.101830034" /><trkpt lat="-36.937157345" lon="-73.101846315" /><trkpt lat="-36.937150225" lon="-73.101862865" /><trkpt lat="-36.937142884" lon="-73.101879667" /><trkpt lat="-36.937135336" lon="-73.101896704" /><trkpt lat="-36.937127597" lon="-73.101913959" /><trkpt lat="-36.937119679" lon="-73.101931414" /><trkpt lat="-36.937111597" lon="-73.101949053" /><trkpt lat="-36.937103365" lon="-73.101966859" /><trkpt lat="-36.937094997" lon="-73.101984815" /><trkpt lat="-36.937086507" lon="-73.102002904" /><trkpt lat="-36.937077909" lon="-73.102021109" /><trkpt lat="-36.937069216" lon="-73.102039413" /><trkpt lat="-36.937060445" lon="-73.102057799" /><trkpt lat="-36.937051607" lon="-73.102076250" /><trkpt lat="-36.937042717" lon="-73.102094749" /><trkpt lat="-36.937033790" lon="-73.102113279" /><trkpt lat="-36.937024839" lon="-73.102131823" /><trkpt lat="-36.937015879" lon="-73.102150365" /><trkpt lat="-36.937006923" lon="-73.102168887" /><trkpt lat="-36.936997985" lon="-73.102187372" /><trkpt lat="-36.936989080" lon="-73.102205803" /><trkpt lat="-36.936980221" lon="-73.102224164" /><trkpt lat="-36.936971424" lon="-73.102242437" /><trkpt lat="-36.936962701" lon="-73.102260605" /><trkpt lat="-36.936954066" lon="-73.102278652" /><trkpt lat="-36.936945535" lon="-73.102296560" /><trkpt lat="-36.936937120" lon="-73.102314313" /><trkpt lat="-36.936928836" lon="-73.102331893" /><trkpt lat="-36.936920697" lon="-73.102349284" /><trkpt lat="-36.936912717" lon="-73.102366469" /><trkpt lat="-36.936904910" lon="-73.102383430" /><trkpt lat="-36.936897291" lon="-73.102400151" /><trkpt lat="-36.936889872" lon="-73.102416614" /><trkpt lat="-36.936882669" lon="-73.102432803" /><trkpt lat="-36.936875695" lon="-73.102448701" /><trkpt lat="-36.936868964" lon="-73.102464291" /><trkpt lat="-36.936862490" lon="-73.102479555" /><trkpt lat="-36.936856288" lon="-73.102494477" /><trkpt lat="-36.936850372" lon="-73.102509041" /><trkpt lat="-36.936844755" lon="-73.102523228" /><trkpt lat="-36.936839451" lon="-73.102537022" /><trkpt lat="-36.936834475" lon="-73.102550406" /><trkpt lat="-36.936829841" lon="-73.102563363" /><trkpt lat="-36.936825562" lon="-73.102575876" /><trkpt lat="-36.936821653" lon="-73.102587928" /><trkpt lat="-36.936818129" lon="-73.102599502" /><trkpt lat="-36.936815001" lon="-73.102610582" /><trkpt lat="-36.936810513" lon="-73.102627576" /><trkpt lat="-36.936806241" lon="-73.102644534" /><trkpt lat="-36.936802190" lon="-73.102661460" /><trkpt lat="-36.936798366" lon="-73.102678358" /><trkpt lat="-36.936794775" lon="-73.102695232" /><trkpt lat="-36.936791423" lon="-73.102712085" /><trkpt lat="-36.936788314" lon="-73.102728921" /><trkpt lat="-36.936785456" lon="-73.102745744" /><trkpt lat="-36.936782853" lon="-73.102762557" /><trkpt lat="-36.936780512" lon="-73.102779365" /><trkpt lat="-36.936778437" lon="-73.102796172" /><trkpt lat="-36.936776636" lon="-73.102812980" /><trkpt lat="-36.936775112" lon="-73.102829793" /><trkpt lat="-36.936773873" lon="-73.102846616" /><trkpt lat="-36.936772924" lon="-73.102863452" /><trkpt lat="-36.936772270" lon="-73.102880305" /><trkpt lat="-36.936771917" lon="-73.102897179" /><trkpt lat="-36.936771872" lon="-73.102914077" /><trkpt lat="-36.936772139" lon="-73.102931003" /><trkpt lat="-36.936772724" lon="-73.102947962" /><trkpt lat="-36.936773633" lon="-73.102964955" /><trkpt lat="-36.936774872" lon="-73.102981989" /><trkpt lat="-36.936776446" lon="-73.102999065" /><trkpt lat="-36.936778362" lon="-73.103016188" /><trkpt lat="-36.936780624" lon="-73.103033362" /><trkpt lat="-36.936783239" lon="-73.103050591" /><trkpt lat="-36.936786212" lon="-73.103067877" /><trkpt lat="-36.936789549" lon="-73.103085226" /><trkpt lat="-36.936793256" lon="-73.103102640" /><trkpt lat="-36.936797338" lon="-73.103120124" /><trkpt lat="-36.936801801" lon="-73.103137680" /><trkpt lat="-36.936806650" lon="-73.103155314" /><trkpt lat="-36.936811893" lon="-73.103173029" /><trkpt lat="-36.936817533" lon="-73.103190827" /><trkpt lat="-36.936823577" lon="-73.103208714" /><trkpt lat="-36.936829624" lon="-73.103226032" /><trkpt lat="-36.936835607" lon="-73.103243129" /><trkpt lat="-36.936841512" lon="-73.103260023" /><trkpt lat="-36.936847324" lon="-73.103276733" /><trkpt lat="-36.936853030" lon="-73.103293276" /><trkpt lat="-36.936858617" lon="-73.103309670" /><trkpt lat="-36.936864068" lon="-73.103325935" /><trkpt lat="-36.936869372" lon="-73.103342086" /><trkpt lat="-36.936874513" lon="-73.103358144" /><trkpt lat="-36.936879478" lon="-73.103374126" /><trkpt lat="-36.936884252" lon="-73.103390050" /><trkpt lat="-36.936888822" lon="-73.103405934" /><trkpt lat="-36.936893173" lon="-73.103421796" /><trkpt lat="-36.936897292" lon="-73.103437655" /><trkpt lat="-36.936901164" lon="-73.103453528" /><trkpt lat="-36.936904776" lon="-73.103469433" /><trkpt lat="-36.936908112" lon="-73.103485390" /><trkpt lat="-36.936911161" lon="-73.103501415" /><trkpt lat="-36.936913906" lon="-73.103517527" /><trkpt lat="-36.936916335" lon="-73.103533745" /><trkpt lat="-36.936918433" lon="-73.103550085" /><trkpt lat="-36.936920186" lon="-73.103566567" /><trkpt lat="-36.936921580" lon="-73.103583208" /><trkpt lat="-36.936922602" lon="-73.103600026" /><trkpt lat="-36.936923236" lon="-73.103617040" /><trkpt lat="-36.936923469" lon="-73.103634268" /><trkpt lat="-36.936923288" lon="-73.103651727" /><trkpt lat="-36.936922677" lon="-73.103669437" /><trkpt lat="-36.936921623" lon="-73.103687414" /><trkpt lat="-36.936920113" lon="-73.103705677" /><trkpt lat="-36.936918131" lon="-73.103724245" /><trkpt lat="-36.936915663" lon="-73.103743135" /><trkpt lat="-36.936912697" lon="-73.103762365" /><trkpt lat="-36.936909217" lon="-73.103781954" /><trkpt lat="-36.936905210" lon="-73.103801920" /><trkpt lat="-36.936900662" lon="-73.103822280" /><trkpt lat="-36.936896448" lon="-73.103840048" /><trkpt lat="-36.936892079" lon="-73.103858084" /><trkpt lat="-36.936887559" lon="-73.103876363" /><trkpt lat="-36.936882894" lon="-73.103894862" /><trkpt lat="-36.936878088" lon="-73.103913557" /><trkpt lat="-36.936873148" lon="-73.103932423" /><trkpt lat="-36.936868077" lon="-73.103951436" /><trkpt lat="-36.936862881" lon="-73.103970572" /><trkpt lat="-36.936857565" lon="-73.103989808" /><trkpt lat="-36.936852134" lon="-73.104009118" /><trkpt lat="-36.936846592" lon="-73.104028479" /><trkpt lat="-36.936840946" lon="-73.104047867" /><trkpt lat="-36.936835199" lon="-73.104067258" /><trkpt lat="-36.936829358" lon="-73.104086627" /><trkpt lat="-36.936823427" lon="-73.104105950" /><trkpt lat="-36.936817410" lon="-73.104125204" /><trkpt lat="-36.936811314" lon="-73.104144364" /><trkpt lat="-36.936805143" lon="-73.104163405" /><trkpt lat="-36.936798903" lon="-73.104182305" /><trkpt lat="-36.936792597" lon="-73.104201039" /><trkpt lat="-36.936786232" lon="-73.104219582" /><trkpt lat="-36.936779812" lon="-73.104237911" /><trkpt lat="-36.936773343" lon="-73.104256002" /><trkpt lat="-36.936766828" lon="-73.104273829" /><trkpt lat="-36.936760275" lon="-73.104291371" /><trkpt lat="-36.936753686" lon="-73.104308601" /><trkpt lat="-36.936747068" lon="-73.104325496" /><trkpt lat="-36.936740426" lon="-73.104342032" /><trkpt lat="-36.936733764" lon="-73.104358185" /><trkpt lat="-36.936727088" lon="-73.104373931" /><trkpt lat="-36.936720403" lon="-73.104389246" /><trkpt lat="-36.936713713" lon="-73.104404105" /><trkpt lat="-36.936707024" lon="-73.104418484" /><trkpt lat="-36.936700340" lon="-73.104432359" /><trkpt lat="-36.936693668" lon="-73.104445707" /><trkpt lat="-36.936687011" lon="-73.104458503" /><trkpt lat="-36.936680375" lon="-73.104470723" /><trkpt lat="-36.936673764" lon="-73.104482342" /><trkpt lat="-36.936667185" lon="-73.104493338" /><trkpt lat="-36.936660642" lon="-73.104503684" /><trkpt lat="-36.936654140" lon="-73.104513359" /><trkpt lat="-36.936647683" lon="-73.104522337" /><trkpt lat="-36.936640427" lon="-73.104531982" /><trkpt lat="-36.936632887" lon="-73.104541863" /><trkpt lat="-36.936625083" lon="-73.104551986" /><trkpt lat="-36.936617032" lon="-73.104562354" /><trkpt lat="-36.936608753" lon="-73.104572975" /><trkpt lat="-36.936600265" lon="-73.104583852" /><trkpt lat="-36.936591585" lon="-73.104594990" /><trkpt lat="-36.936582734" lon="-73.104606396" /><trkpt lat="-36.936573728" lon="-73.104618074" /><trkpt lat="-36.936564586" lon="-73.104630029" /><trkpt lat="-36.936555328" lon="-73.104642267" /><trkpt lat="-36.936545970" lon="-73.104654792" /><trkpt lat="-36.936536533" lon="-73.104667609" /><trkpt lat="-36.936527034" lon="-73.104680725" /><trkpt lat="-36.936517491" lon="-73.104694144" /><trkpt lat="-36.936507924" lon="-73.104707871" /><trkpt lat="-36.936498350" lon="-73.104721911" /><trkpt lat="-36.936488788" lon="-73.104736269" /><trkpt lat="-36.936479257" lon="-73.104750952" /><trkpt lat="-36.936469775" lon="-73.104765963" /><trkpt lat="-36.936460360" lon="-73.104781307" /><trkpt lat="-36.936451032" lon="-73.104796991" /><trkpt lat="-36.936441807" lon="-73.104813020" /><trkpt lat="-36.936432706" lon="-73.104829397" /><trkpt lat="-36.936423745" lon="-73.104846129" /><trkpt lat="-36.936414945" lon="-73.104863221" /><trkpt lat="-36.936406322" lon="-73.104880678" /><trkpt lat="-36.936397897" lon="-73.104898505" /><trkpt lat="-36.936389686" lon="-73.104916706" /><trkpt lat="-36.936381709" lon="-73.104935288" /><trkpt lat="-36.936373984" lon="-73.104954256" /><trkpt lat="-36.936366530" lon="-73.104973614" /><trkpt lat="-36.936359364" lon="-73.104993368" /><trkpt lat="-36.936352506" lon="-73.105013523" /><trkpt lat="-36.936345974" lon="-73.105034083" /><trkpt lat="-36.936339787" lon="-73.105055055" /><trkpt lat="-36.936333962" lon="-73.105076444" /><trkpt lat="-36.936328518" lon="-73.105098253" /><trkpt lat="-36.936323326" lon="-73.105119634" /><trkpt lat="-36.936317974" lon="-73.105140852" /><trkpt lat="-36.936312465" lon="-73.105161889" /><trkpt lat="-36.936306799" lon="-73.105182731" /><trkpt lat="-36.936300979" lon="-73.105203362" /><trkpt lat="-36.936295006" lon="-73.105223767" /><trkpt lat="-36.936288881" lon="-73.105243928" /><trkpt lat="-36.936282607" lon="-73.105263832" /><trkpt lat="-36.936276183" lon="-73.105283461" /><trkpt lat="-36.936269613" lon="-73.105302801" /><trkpt lat="-36.936262897" lon="-73.105321835" /><trkpt lat="-36.936256037" lon="-73.105340548" /><trkpt lat="-36.936249035" lon="-73.105358924" /><trkpt lat="-36.936241892" lon="-73.105376948" /><trkpt lat="-36.936234609" lon="-73.105394603" /><trkpt lat="-36.936227188" lon="-73.105411874" /><trkpt lat="-36.936219631" lon="-73.105428744" /><trkpt lat="-36.936211939" lon="-73.105445200" /><trkpt lat="-36.936204114" lon="-73.105461224" /><trkpt lat="-36.936196157" lon="-73.105476800" /><trkpt lat="-36.936188069" lon="-73.105491914" /><trkpt lat="-36.936179853" lon="-73.105506550" /><trkpt lat="-36.936171510" lon="-73.105520691" /><trkpt lat="-36.936163040" lon="-73.105534322" /><trkpt lat="-36.936154447" lon="-73.105547427" /><trkpt lat="-36.936145730" lon="-73.105559991" /><trkpt lat="-36.936136893" lon="-73.105571997" /><trkpt lat="-36.936127936" lon="-73.105583431" /><trkpt lat="-36.936118860" lon="-73.105594276" /><trkpt lat="-36.936109668" lon="-73.105604516" /><trkpt lat="-36.936100361" lon="-73.105614136" /><trkpt lat="-36.936090940" lon="-73.105623120" /><trkpt lat="-36.936081407" lon="-73.105631453" /><trkpt lat="-36.936071763" lon="-73.105639118" /><trkpt lat="-36.936062011" lon="-73.105646100" /><trkpt lat="-36.936052151" lon="-73.105652383" /><trkpt lat="-36.936042184" lon="-73.105657952" /><trkpt lat="-36.936032114" lon="-73.105662790" /><trkpt lat="-36.936021940" lon="-73.105666882" /><trkpt lat="-36.936010885" lon="-73.105670748" /><trkpt lat="-36.935999292" lon="-73.105674529" /><trkpt lat="-36.935987186" lon="-73.105678247" /><trkpt lat="-36.935974592" lon="-73.105681922" /><trkpt lat="-36.935961534" lon="-73.105685573" /><trkpt lat="-36.935948037" lon="-73.105689222" /><trkpt lat="-36.935934127" lon="-73.105692887" /><trkpt lat="-36.935919827" lon="-73.105696590" /><trkpt lat="-36.935905164" lon="-73.105700351" /><trkpt lat="-36.935890161" lon="-73.105704190" /><trkpt lat="-36.935874843" lon="-73.105708127" /><trkpt lat="-36.935859236" lon="-73.105712182" /><trkpt lat="-36.935843364" lon="-73.105716377" /><trkpt lat="-36.935827252" lon="-73.105720730" /><trkpt lat="-36.935810925" lon="-73.105725263" /><trkpt lat="-36.935794408" lon="-73.105729995" /><trkpt lat="-36.935777725" lon="-73.105734946" /><trkpt lat="-36.935760901" lon="-73.105740138" /><trkpt lat="-36.935743962" lon="-73.105745590" /><trkpt lat="-36.935726932" lon="-73.105751323" /><trkpt lat="-36.935709836" lon="-73.105757356" /><trkpt lat="-36.935692698" lon="-73.105763711" /><trkpt lat="-36.935675544" lon="-73.105770406" /><trkpt lat="-36.935658399" lon="-73.105777463" /><trkpt lat="-36.935641286" lon="-73.105784902" /><trkpt lat="-36.935624232" lon="-73.105792743" /><trkpt lat="-36.935607261" lon="-73.105801006" /><trkpt lat="-36.935590397" lon="-73.105809712" /><trkpt lat="-36.935573667" lon="-73.105818880" /><trkpt lat="-36.935557093" lon="-73.105828531" /><trkpt lat="-36.935540702" lon="-73.105838686" /><trkpt lat="-36.935524518" lon="-73.105849364" /><trkpt lat="-36.935508566" lon="-73.105860586" /><trkpt lat="-36.935492871" lon="-73.105872372" /><trkpt lat="-36.935477457" lon="-73.105884742" /><trkpt lat="-36.935462350" lon="-73.105897717" /><trkpt lat="-36.935447574" lon="-73.105911316" /><trkpt lat="-36.935437491" lon="-73.105921019" /><trkpt lat="-36.935427256" lon="-73.105931048" /><trkpt lat="-36.935416876" lon="-73.105941392" /><trkpt lat="-36.935406358" lon="-73.105952044" /><trkpt lat="-36.935395709" lon="-73.105962991" /><trkpt lat="-36.935384936" lon="-73.105974227" /><trkpt lat="-36.935374046" lon="-73.105985739" /><trkpt lat="-36.935363046" lon="-73.105997519" /><trkpt lat="-36.935351942" lon="-73.106009558" /><trkpt lat="-36.935340742" lon="-73.106021845" /><trkpt lat="-36.935329453" lon="-73.106034371" /><trkpt lat="-36.935318081" lon="-73.106047125" /><trkpt lat="-36.935306634" lon="-73.106060100" /><trkpt lat="-36.935295118" lon="-73.106073284" /><trkpt lat="-36.935283541" lon="-73.106086668" /><trkpt lat="-36.935271909" lon="-73.106100243" /><trkpt lat="-36.935260229" lon="-73.106113998" /><trkpt lat="-36.935248509" lon="-73.106127925" /><trkpt lat="-36.935236755" lon="-73.106142013" /><trkpt lat="-36.935224974" lon="-73.106156253" /><trkpt lat="-36.935213173" lon="-73.106170635" /><trkpt lat="-36.935201358" lon="-73.106185150" /><trkpt lat="-36.935189538" lon="-73.106199787" /><trkpt lat="-36.935177719" lon="-73.106214538" /><trkpt lat="-36.935165908" lon="-73.106229392" /><trkpt lat="-36.935154111" lon="-73.106244340" /><trkpt lat="-36.935142337" lon="-73.106259372" /><trkpt lat="-36.935130590" lon="-73.106274479" /><trkpt lat="-36.935118880" lon="-73.106289650" /><trkpt lat="-36.935107212" lon="-73.106304877" /><trkpt lat="-36.935095593" lon="-73.106320149" /><trkpt lat="-36.935084031" lon="-73.106335457" /><trkpt lat="-36.935072533" lon="-73.106350791" /><trkpt lat="-36.935061104" lon="-73.106366142" /><trkpt lat="-36.935049753" lon="-73.106381499" /><trkpt lat="-36.935038487" lon="-73.106396854" /><trkpt lat="-36.935027311" lon="-73.106412196" /><trkpt lat="-36.935016233" lon="-73.106427516" /><trkpt lat="-36.935005261" lon="-73.106442805" /><trkpt lat="-36.934994400" lon="-73.106458051" /><trkpt lat="-36.934983659" lon="-73.106473247" /><trkpt lat="-36.934973043" lon="-73.106488382" /><trkpt lat="-36.934962560" lon="-73.106503447" /><trkpt lat="-36.934952217" lon="-73.106518431" /><trkpt lat="-36.934942021" lon="-73.106533326" /><trkpt lat="-36.934931978" lon="-73.106548121" /><trkpt lat="-36.934922096" lon="-73.106562807" /><trkpt lat="-36.934912381" lon="-73.106577374" /><trkpt lat="-36.934902841" lon="-73.106591813" /><trkpt lat="-36.934893482" lon="-73.106606114" /><trkpt lat="-36.934884312" lon="-73.106620266" /><trkpt lat="-36.934875337" lon="-73.106634262" /><trkpt lat="-36.934866564" lon="-73.106648090" /><trkpt lat="-36.934858001" lon="-73.106661742" /><trkpt lat="-36.934847649" lon="-73.106678318" /><trkpt lat="-36.934837347" lon="-73.106694765" /><trkpt lat="-36.934827090" lon="-73.106711083" /><trkpt lat="-36.934816875" lon="-73.106727275" /><trkpt lat="-36.934806696" lon="-73.106743344" /><trkpt lat="-36.934796550" lon="-73.106759291" /><trkpt lat="-36.934786432" lon="-73.106775118" /><trkpt lat="-36.934776337" lon="-73.106790827" /><trkpt lat="-36.934766261" lon="-73.106806421" /><trkpt lat="-36.934756199" lon="-73.106821901" /><trkpt lat="-36.934746148" lon="-73.106837269" /><trkpt lat="-36.934736102" lon="-73.106852528" /><trkpt lat="-36.934726058" lon="-73.106867679" /><trkpt lat="-36.934716010" lon="-73.106882724" /><trkpt lat="-36.934705955" lon="-73.106897666" /><trkpt lat="-36.934695887" lon="-73.106912506" /><trkpt lat="-36.934685803" lon="-73.106927247" /><trkpt lat="-36.934675698" lon="-73.106941891" /><trkpt lat="-36.934665567" lon="-73.106956439" /><trkpt lat="-36.934655407" lon="-73.106970893" /><trkpt lat="-36.934645212" lon="-73.106985257" /><trkpt lat="-36.934634979" lon="-73.106999531" /><trkpt lat="-36.934624702" lon="-73.107013717" /><trkpt lat="-36.934614378" lon="-73.107027819" /><trkpt lat="-36.934604001" lon="-73.107041837" /><trkpt lat="-36.934593569" lon="-73.107055774" /><trkpt lat="-36.934583075" lon="-73.107069632" /><trkpt lat="-36.934572516" lon="-73.107083413" /><trkpt lat="-36.934561887" lon="-73.107097119" /><trkpt lat="-36.934551183" lon="-73.107110751" /><trkpt lat="-36.934540401" lon="-73.107124313" /><trkpt lat="-36.934529536" lon="-73.107137806" /><trkpt lat="-36.934518583" lon="-73.107151231" /><trkpt lat="-36.934507539" lon="-73.107164592" /><trkpt lat="-36.934496397" lon="-73.107177890" /><trkpt lat="-36.934485155" lon="-73.107191127" /><trkpt lat="-36.934473808" lon="-73.107204305" /><trkpt lat="-36.934462350" lon="-73.107217426" /><trkpt lat="-36.934450779" lon="-73.107230493" /><trkpt lat="-36.934439089" lon="-73.107243506" /><trkpt lat="-36.934427275" lon="-73.107256469" /><trkpt lat="-36.934415334" lon="-73.107269384" /><trkpt lat="-36.934403261" lon="-73.107282251" /><trkpt lat="-36.934391052" lon="-73.107295074" /><trkpt lat="-36.934378828" lon="-73.107307848" /><trkpt lat="-36.934366714" lon="-73.107320572" /><trkpt lat="-36.934354708" lon="-73.107333254" /><trkpt lat="-36.934342809" lon="-73.107345903" /><trkpt lat="-36.934331017" lon="-73.107358528" /><trkpt lat="-36.934319330" lon="-73.107371137" /><trkpt lat="-36.934307746" lon="-73.107383739" /><trkpt lat="-36.934296266" lon="-73.107396342" /><trkpt lat="-36.934284887" lon="-73.107408954" /><trkpt lat="-36.934273609" lon="-73.107421585" /><trkpt lat="-36.934262431" lon="-73.107434242" /><trkpt lat="-36.934251351" lon="-73.107446934" /><trkpt lat="-36.934240369" lon="-73.107459671" /><trkpt lat="-36.934229483" lon="-73.107472459" /><trkpt lat="-36.934218692" lon="-73.107485308" /><trkpt lat="-36.934207995" lon="-73.107498227" /><trkpt lat="-36.934197392" lon="-73.107511223" /><trkpt lat="-36.934186880" lon="-73.107524305" /><trkpt lat="-36.934176459" lon="-73.107537483" /><trkpt lat="-36.934166127" lon="-73.107550763" /><trkpt lat="-36.934155885" lon="-73.107564156" /><trkpt lat="-36.934145729" lon="-73.107577668" /><trkpt lat="-36.934135660" lon="-73.107591310" /><trkpt lat="-36.934125677" lon="-73.107605089" /><trkpt lat="-36.934115777" lon="-73.107619014" /><trkpt lat="-36.934105961" lon="-73.107633093" /><trkpt lat="-36.934096226" lon="-73.107647335" /><trkpt lat="-36.934086572" lon="-73.107661748" /><trkpt lat="-36.934076999" lon="-73.107676342" /><trkpt lat="-36.934067503" lon="-73.107691124" /><trkpt lat="-36.934058086" lon="-73.107706102" /><trkpt lat="-36.934048745" lon="-73.107721287" /><trkpt lat="-36.934039479" lon="-73.107736685" /><trkpt lat="-36.934030287" lon="-73.107752306" /><trkpt lat="-36.934021169" lon="-73.107768158" /><trkpt lat="-36.934012123" lon="-73.107784249" /><trkpt lat="-36.934003147" lon="-73.107800588" /><trkpt lat="-36.933994242" lon="-73.107817184" /><trkpt lat="-36.933985405" lon="-73.107834045" /><trkpt lat="-36.933976636" lon="-73.107851180" /><trkpt lat="-36.933967933" lon="-73.107868596" /><trkpt lat="-36.933959296" lon="-73.107886304" /><trkpt lat="-36.933950723" lon="-73.107904310" /><trkpt lat="-36.933942213" lon="-73.107922624" /><trkpt lat="-36.933934477" lon="-73.107939436" /><trkpt lat="-36.933926813" lon="-73.107956017" /><trkpt lat="-36.933919220" lon="-73.107972382" /><trkpt lat="-36.933911695" lon="-73.107988545" /><trkpt lat="-36.933904239" lon="-73.108004519" /><trkpt lat="-36.933896851" lon="-73.108020320" /><trkpt lat="-36.933889529" lon="-73.108035962" /><trkpt lat="-36.933882272" lon="-73.108051457" /><trkpt lat="-36.933875079" lon="-73.108066821" /><trkpt lat="-36.933867949" lon="-73.108082067" /><trkpt lat="-36.933860882" lon="-73.108097211" /><trkpt lat="-36.933853875" lon="-73.108112265" /><trkpt lat="-36.933846929" lon="-73.108127244" /><trkpt lat="-36.933840041" lon="-73.108142161" /><trkpt lat="-36.933833212" lon="-73.108157033" /><trkpt lat="-36.933826439" lon="-73.108171871" /><trkpt lat="-36.933819722" lon="-73.108186691" /><trkpt lat="-36.933813060" lon="-73.108201506" /><trkpt lat="-36.933806452" lon="-73.108216331" /><trkpt lat="-36.933799896" lon="-73.108231179" /><trkpt lat="-36.933793392" lon="-73.108246065" /><trkpt lat="-36.933786939" lon="-73.108261004" /><trkpt lat="-36.933780535" lon="-73.108276008" /><trkpt lat="-36.933774180" lon="-73.108291093" /><trkpt lat="-36.933767872" lon="-73.108306271" /><trkpt lat="-36.933761610" lon="-73.108321559" /><trkpt lat="-36.933755394" lon="-73.108336968" /><trkpt lat="-36.933749222" lon="-73.108352515" /><trkpt lat="-36.933743094" lon="-73.108368212" /><trkpt lat="-36.933737008" lon="-73.108384074" /><trkpt lat="-36.933730963" lon="-73.108400115" /><trkpt lat="-36.933724958" lon="-73.108416349" /><trkpt lat="-36.933718992" lon="-73.108432791" /><trkpt lat="-36.933713064" lon="-73.108449453" /><trkpt lat="-36.933707173" lon="-73.108466351" /><trkpt lat="-36.933701318" lon="-73.108483499" /><trkpt lat="-36.933695498" lon="-73.108500910" /><trkpt lat="-36.933689712" lon="-73.108518600" /><trkpt lat="-36.933683958" lon="-73.108536581" /><trkpt lat="-36.933678237" lon="-73.108554868" /><trkpt lat="-36.933672546" lon="-73.108573475" /><trkpt lat="-36.933666885" lon="-73.108592417" /><trkpt lat="-36.933661252" lon="-73.108611707" /><trkpt lat="-36.933655647" lon="-73.108631359" /><trkpt lat="-36.933650068" lon="-73.108651388" /><trkpt lat="-36.933644515" lon="-73.108671808" /><trkpt lat="-36.933638987" lon="-73.108692632" /><trkpt lat="-36.933633481" lon="-73.108713876" /><trkpt lat="-36.933629221" lon="-73.108730458" /><trkpt lat="-36.933624948" lon="-73.108746982" /><trkpt lat="-36.933620665" lon="-73.108763452" /><trkpt lat="-36.933616374" lon="-73.108779873" /><trkpt lat="-36.933612079" lon="-73.108796249" /><trkpt lat="-36.933607782" lon="-73.108812583" /><trkpt lat="-36.933603485" lon="-73.108828881" /><trkpt lat="-36.933599191" lon="-73.108845145" /><trkpt lat="-36.933594903" lon="-73.108861381" /><trkpt lat="-36.933590623" lon="-73.108877592" /><trkpt lat="-36.933586353" lon="-73.108893783" /><trkpt lat="-36.933582098" lon="-73.108909958" /><trkpt lat="-36.933577858" lon="-73.108926120" /><trkpt lat="-36.933573636" lon="-73.108942275" /><trkpt lat="-36.933569436" lon="-73.108958425" /><trkpt lat="-36.933565260" lon="-73.108974577" /><trkpt lat="-36.933561109" lon="-73.108990732" /><trkpt lat="-36.933556988" lon="-73.109006897" /><trkpt lat="-36.933552899" lon="-73.109023074" /><trkpt lat="-36.933548843" lon="-73.109039269" /><trkpt lat="-36.933544824" lon="-73.109055484" /><trkpt lat="-36.933540845" lon="-73.109071725" /><trkpt lat="-36.933536908" lon="-73.109087996" /><trkpt lat="-36.933533014" lon="-73.109104300" /><trkpt lat="-36.933529169" lon="-73.109120642" /><trkpt lat="-36.933525372" lon="-73.109137026" /><trkpt lat="-36.933521628" lon="-73.109153457" /><trkpt lat="-36.933517939" lon="-73.109169937" /><trkpt lat="-36.933514308" lon="-73.109186472" /><trkpt lat="-36.933510736" lon="-73.109203066" /><trkpt lat="-36.933507227" lon="-73.109219723" /><trkpt lat="-36.933503784" lon="-73.109236446" /><trkpt lat="-36.933500408" lon="-73.109253241" /><trkpt lat="-36.933497103" lon="-73.109270111" /><trkpt lat="-36.933493870" lon="-73.109287061" /><trkpt lat="-36.933490714" lon="-73.109304094" /><trkpt lat="-36.933487635" lon="-73.109321215" /><trkpt lat="-36.933484638" lon="-73.109338428" /><trkpt lat="-36.933481724" lon="-73.109355737" /><trkpt lat="-36.933478895" lon="-73.109373146" /><trkpt lat="-36.933476156" lon="-73.109390660" /><trkpt lat="-36.933473508" lon="-73.109408282" /><trkpt lat="-36.933470953" lon="-73.109426017" /><trkpt lat="-36.933468495" lon="-73.109443869" /><trkpt lat="-36.933466135" lon="-73.109461842" /><trkpt lat="-36.933463878" lon="-73.109479941" /><trkpt lat="-36.933461724" lon="-73.109498169" /><trkpt lat="-36.933459677" lon="-73.109516530" /><trkpt lat="-36.933457740" lon="-73.109535029" /><trkpt lat="-36.933455915" lon="-73.109553670" /><trkpt lat="-36.933454204" lon="-73.109572457" /><trkpt lat="-36.933452610" lon="-73.109591394" /><trkpt lat="-36.933451136" lon="-73.109610486" /><trkpt lat="-36.933449784" lon="-73.109629736" /><trkpt lat="-36.933448557" lon="-73.109649149" /><trkpt lat="-36.933447458" lon="-73.109668728" /><trkpt lat="-36.933446488" lon="-73.109688479" /><trkpt lat="-36.933445652" lon="-73.109708405" /><trkpt lat="-36.933444950" lon="-73.109728510" /><trkpt lat="-36.933444387" lon="-73.109748799" /><trkpt lat="-36.933443964" lon="-73.109769275" /><trkpt lat="-36.933443684" lon="-73.109789943" /><trkpt lat="-36.933443463" lon="-73.109814945" /><trkpt lat="-36.933443302" lon="-73.109839469" /><trkpt lat="-36.933443197" lon="-73.109863527" /><trkpt lat="-36.933443143" lon="-73.109887130" /><trkpt lat="-36.933443136" lon="-73.109910290" /><trkpt lat="-36.933443171" lon="-73.109933017" /><trkpt lat="-36.933443244" lon="-73.109955323" /><trkpt lat="-36.933443351" lon="-73.109977219" /><trkpt lat="-36.933443488" lon="-73.109998717" /><trkpt lat="-36.933443649" lon="-73.110019827" /><trkpt lat="-36.933443831" lon="-73.110040561" /><trkpt lat="-36.933444030" lon="-73.110060931" /><trkpt lat="-36.933444240" lon="-73.110080947" /><trkpt lat="-36.933444458" lon="-73.110100621" /><trkpt lat="-36.933444679" lon="-73.110119965" /><trkpt lat="-36.933444899" lon="-73.110138988" /><trkpt lat="-36.933445113" lon="-73.110157704" /><trkpt lat="-36.933445318" lon="-73.110176122" /><trkpt lat="-36.933445508" lon="-73.110194255" /><trkpt lat="-36.933445680" lon="-73.110212113" /><trkpt lat="-36.933445828" lon="-73.110229709" /><trkpt lat="-36.933445950" lon="-73.110247052" /><trkpt lat="-36.933446039" lon="-73.110264155" /><trkpt lat="-36.933446093" lon="-73.110281028" /><trkpt lat="-36.933446106" lon="-73.110297684" /><trkpt lat="-36.933446074" lon="-73.110314132" /><trkpt lat="-36.933445994" lon="-73.110330386" /><trkpt lat="-36.933445859" lon="-73.110346455" /><trkpt lat="-36.933445667" lon="-73.110362351" /><trkpt lat="-36.933445412" lon="-73.110378086" /><trkpt lat="-36.933445091" lon="-73.110393670" /><trkpt lat="-36.933444699" lon="-73.110409115" /><trkpt lat="-36.933444231" lon="-73.110424433" /><trkpt lat="-36.933443684" lon="-73.110439634" /><trkpt lat="-36.933443053" lon="-73.110454730" /><trkpt lat="-36.933442333" lon="-73.110469732" /><trkpt lat="-36.933441521" lon="-73.110484651" /><trkpt lat="-36.933440611" lon="-73.110499499" /><trkpt lat="-36.933439600" lon="-73.110514287" /><trkpt lat="-36.933438483" lon="-73.110529026" /><trkpt lat="-36.933437255" lon="-73.110543728" /><trkpt lat="-36.933435913" lon="-73.110558403" /><trkpt lat="-36.933434452" lon="-73.110573064" /><trkpt lat="-36.933432868" lon="-73.110587721" /><trkpt lat="-36.933431156" lon="-73.110602385" /><trkpt lat="-36.933429311" lon="-73.110617069" /><trkpt lat="-36.933427331" lon="-73.110631782" /><trkpt lat="-36.933425209" lon="-73.110646538" /><trkpt lat="-36.933422943" lon="-73.110661346" /><trkpt lat="-36.933420526" lon="-73.110676218" /><trkpt lat="-36.933417956" lon="-73.110691165" /><trkpt lat="-36.933414426" lon="-73.110711057" /><trkpt lat="-36.933410937" lon="-73.110730513" /><trkpt lat="-36.933407475" lon="-73.110749556" /><trkpt lat="-36.933404028" lon="-73.110768207" /><trkpt lat="-36.933400583" lon="-73.110786488" /><trkpt lat="-36.933397127" lon="-73.110804421" /><trkpt lat="-36.933393647" lon="-73.110822027" /><trkpt lat="-36.933390131" lon="-73.110839327" /><trkpt lat="-36.933386564" lon="-73.110856345" /><trkpt lat="-36.933382935" lon="-73.110873101" /><trkpt lat="-36.933379230" lon="-73.110889617" /><trkpt lat="-36.933375437" lon="-73.110905915" /><trkpt lat="-36.933371543" lon="-73.110922016" /><trkpt lat="-36.933367535" lon="-73.110937942" /><trkpt lat="-36.933363399" lon="-73.110953716" /><trkpt lat="-36.933359124" lon="-73.110969358" /><trkpt lat="-36.933354696" lon="-73.110984890" /><trkpt lat="-36.933350102" lon="-73.111000334" /><trkpt lat="-36.933345329" lon="-73.111015712" /><trkpt lat="-36.933340365" lon="-73.111031046" /><trkpt lat="-36.933335196" lon="-73.111046356" /><trkpt lat="-36.933329810" lon="-73.111061666" /><trkpt lat="-36.933324194" lon="-73.111076996" /><trkpt lat="-36.933318335" lon="-73.111092368" /><trkpt lat="-36.933312220" lon="-73.111107804" /><trkpt lat="-36.933305835" lon="-73.111123326" /><trkpt lat="-36.933299169" lon="-73.111138955" /><trkpt lat="-36.933292209" lon="-73.111154713" /><trkpt lat="-36.933284941" lon="-73.111170622" /><trkpt lat="-36.933277352" lon="-73.111186703" /><trkpt lat="-36.933269430" lon="-73.111202979" /><trkpt lat="-36.933261162" lon="-73.111219470" /><trkpt lat="-36.933252534" lon="-73.111236199" /><trkpt lat="-36.933243535" lon="-73.111253187" /><trkpt lat="-36.933234150" lon="-73.111270456" /><trkpt lat="-36.933224368" lon="-73.111288028" /><trkpt lat="-36.933214175" lon="-73.111305924" /><trkpt lat="-36.933203558" lon="-73.111324166" /><trkpt lat="-36.933193477" lon="-73.111341235" /><trkpt lat="-36.933183316" lon="-73.111358284" /><trkpt lat="-36.933173078" lon="-73.111375298" /><trkpt lat="-36.933162764" lon="-73.111392262" /><trkpt lat="-36.933152378" lon="-73.111409164" /><trkpt lat="-36.933141923" lon="-73.111425989" /><trkpt lat="-36.933131400" lon="-73.111442722" /><trkpt lat="-36.933120812" lon="-73.111459350" /><trkpt lat="-36.933110162" lon="-73.111475858" /><trkpt lat="-36.933099453" lon="-73.111492232" /><trkpt lat="-36.933088686" lon="-73.111508458" /><trkpt lat="-36.933077864" lon="-73.111524521" /><trkpt lat="-36.933066990" lon="-73.111540409" /><trkpt lat="-36.933056067" lon="-73.111556106" /><trkpt lat="-36.933045097" lon="-73.111571598" /><trkpt lat="-36.933034082" lon="-73.111586871" /><trkpt lat="-36.933023025" lon="-73.111601912" /><trkpt lat="-36.933011928" lon="-73.111616705" /><trkpt lat="-36.933000795" lon="-73.111631236" /><trkpt lat="-36.932989627" lon="-73.111645493" /><trkpt lat="-36.932978428" lon="-73.111659459" /><trkpt lat="-36.932967199" lon="-73.111673122" /><trkpt lat="-36.932955943" lon="-73.111686466" /><trkpt lat="-36.932944663" lon="-73.111699479" /><trkpt lat="-36.932933361" lon="-73.111712145" /><trkpt lat="-36.932922040" lon="-73.111724450" /><trkpt lat="-36.932910702" lon="-73.111736381" /><trkpt lat="-36.932899350" lon="-73.111747923" /><trkpt lat="-36.932887987" lon="-73.111759062" /><trkpt lat="-36.932876614" lon="-73.111769784" /><trkpt lat="-36.932865235" lon="-73.111780074" /><trkpt lat="-36.932853852" lon="-73.111789919" /><trkpt lat="-36.932842467" lon="-73.111799304" /><trkpt lat="-36.932831084" lon="-73.111808215" /><trkpt lat="-36.932819704" lon="-73.111816639" /><trkpt lat="-36.932808330" lon="-73.111824560" /><trkpt lat="-36.932796964" lon="-73.111831965" /><trkpt lat="-36.932785610" lon="-73.111838839" /><trkpt lat="-36.932774270" lon="-73.111845168" /><trkpt lat="-36.932762946" lon="-73.111850939" /><trkpt lat="-36.932751640" lon="-73.111856137" /><trkpt lat="-36.932736315" lon="-73.111862627" /><trkpt lat="-36.932720260" lon="-73.111869116" /><trkpt lat="-36.932703542" lon="-73.111875600" /><trkpt lat="-36.932686226" lon="-73.111882073" /><trkpt lat="-36.932668377" lon="-73.111888532" /><trkpt lat="-36.932650062" lon="-73.111894971" /><trkpt lat="-36.932631344" lon="-73.111901387" /><trkpt lat="-36.932612291" lon="-73.111907774" /><trkpt lat="-36.932592967" lon="-73.111914129" /><trkpt lat="-36.932573438" lon="-73.111920446" /><trkpt lat="-36.932553770" lon="-73.111926721" /><trkpt lat="-36.932534027" lon="-73.111932950" /><trkpt lat="-36.932514276" lon="-73.111939128" /><trkpt lat="-36.932494583" lon="-73.111945250" /><trkpt lat="-36.932475012" lon="-73.111951311" /><trkpt lat="-36.932455628" lon="-73.111957309" /><trkpt lat="-36.932436499" lon="-73.111963236" /><trkpt lat="-36.932417689" lon="-73.111969091" /><trkpt lat="-36.932399263" lon="-73.111974866" /><trkpt lat="-36.932381288" lon="-73.111980559" /><trkpt lat="-36.932363828" lon="-73.111986164" /><trkpt lat="-36.932346950" lon="-73.111991678" /><trkpt lat="-36.932330718" lon="-73.111997095" /><trkpt lat="-36.932315198" lon="-73.112002410" /><trkpt lat="-36.932300457" lon="-73.112007620" /><trkpt lat="-36.932286558" lon="-73.112012720" /><trkpt lat="-36.932273569" lon="-73.112017705" /><trkpt lat="-36.932261553" lon="-73.112022571" /><trkpt lat="-36.932250578" lon="-73.112027313" /><trkpt lat="-36.932240708" lon="-73.112031927" /><trkpt lat="-36.932232008" lon="-73.112036407" /><trkpt lat="-36.932223849" lon="-73.112041157" /><trkpt lat="-36.932216077" lon="-73.112046292" /><trkpt lat="-36.932208662" lon="-73.112051825" /><trkpt lat="-36.932201578" lon="-73.112057765" /><trkpt lat="-36.932194796" lon="-73.112064124" /><trkpt lat="-36.932188288" lon="-73.112070912" /><trkpt lat="-36.932182025" lon="-73.112078139" /><trkpt lat="-36.932175981" lon="-73.112085817" /><trkpt lat="-36.932170126" lon="-73.112093957" /><trkpt lat="-36.932164432" lon="-73.112102569" /><trkpt lat="-36.932158872" lon="-73.112111663" /><trkpt lat="-36.932153417" lon="-73.112121251" /><trkpt lat="-36.932148040" lon="-73.112131343" /><trkpt lat="-36.932142711" lon="-73.112141951" /><trkpt lat="-36.932137404" lon="-73.112153084" /><trkpt lat="-36.932132089" lon="-73.112164753" /><trkpt lat="-36.932126739" lon="-73.112176970" /><trkpt lat="-36.932121326" lon="-73.112189744" /><trkpt lat="-36.932115821" lon="-73.112203087" /><trkpt lat="-36.932110197" lon="-73.112217009" /><trkpt lat="-36.932104424" lon="-73.112231522" /><trkpt lat="-36.932098477" lon="-73.112246635" /><trkpt lat="-36.932092325" lon="-73.112262360" /><trkpt lat="-36.932085941" lon="-73.112278707" /><trkpt lat="-36.932079297" lon="-73.112295688" /><trkpt lat="-36.932072365" lon="-73.112313312" /><trkpt lat="-36.932065116" lon="-73.112331590" /><trkpt lat="-36.932057523" lon="-73.112350533" /><trkpt lat="-36.932049557" lon="-73.112370153" /><trkpt lat="-36.932041191" lon="-73.112390459" /><trkpt lat="-36.932036012" lon="-73.112402988" /><trkpt lat="-36.932030771" lon="-73.112415788" /><trkpt lat="-36.932025470" lon="-73.112428853" /><trkpt lat="-36.932020115" lon="-73.112442176" /><trkpt lat="-36.932014708" lon="-73.112455752" /><trkpt lat="-36.932009254" lon="-73.112469575" /><trkpt lat="-36.932003756" lon="-73.112483638" /><trkpt lat="-36.931998219" lon="-73.112497935" /><trkpt lat="-36.931992646" lon="-73.112512461" /><trkpt lat="-36.931987041" lon="-73.112527209" /><trkpt lat="-36.931981409" lon="-73.112542173" /><trkpt lat="-36.931975753" lon="-73.112557348" /><trkpt lat="-36.931970077" lon="-73.112572727" /><trkpt lat="-36.931964385" lon="-73.112588304" /><trkpt lat="-36.931958680" lon="-73.112604073" /><trkpt lat="-36.931952968" lon="-73.112620028" /><trkpt lat="-36.931947251" lon="-73.112636163" /><trkpt lat="-36.931941534" lon="-73.112652472" /><trkpt lat="-36.931935820" lon="-73.112668949" /><trkpt lat="-36.931930113" lon="-73.112685588" /><trkpt lat="-36.931924418" lon="-73.112702383" /><trkpt lat="-36.931918738" lon="-73.112719327" /><trkpt lat="-36.931913078" lon="-73.112736415" /><trkpt lat="-36.931907440" lon="-73.112753640" /><trkpt lat="-36.931901829" lon="-73.112770997" /><trkpt lat="-36.931896250" lon="-73.112788480" /><trkpt lat="-36.931890705" lon="-73.112806082" /><trkpt lat="-36.931885198" lon="-73.112823798" /><trkpt lat="-36.931879734" lon="-73.112841621" /><trkpt lat="-36.931874317" lon="-73.112859545" /><trkpt lat="-36.931868950" lon="-73.112877565" /><trkpt lat="-36.931863638" lon="-73.112895674" /><trkpt lat="-36.931858384" lon="-73.112913866" /><trkpt lat="-36.931853192" lon="-73.112932135" /><trkpt lat="-36.931848066" lon="-73.112950475" /><trkpt lat="-36.931843010" lon="-73.112968880" /><trkpt lat="-36.931838028" lon="-73.112987344" /><trkpt lat="-36.931833123" lon="-73.113005861" /><trkpt lat="-36.931828301" lon="-73.113024425" /><trkpt lat="-36.931823564" lon="-73.113043030" /><trkpt lat="-36.931818916" lon="-73.113061669" /><trkpt lat="-36.931814362" lon="-73.113080337" /><trkpt lat="-36.931809906" lon="-73.113099028" /><trkpt lat="-36.931805551" lon="-73.113117736" /><trkpt lat="-36.931801300" lon="-73.113136454" /><trkpt lat="-36.931797159" lon="-73.113155176" /><trkpt lat="-36.931793131" lon="-73.113173897" /><trkpt lat="-36.931789220" lon="-73.113192611" /><trkpt lat="-36.931785430" lon="-73.113211310" /><trkpt lat="-36.931781764" lon="-73.113229991" /><trkpt lat="-36.931778767" lon="-73.113245625" /><trkpt lat="-36.931775778" lon="-73.113261410" /><trkpt lat="-36.931772795" lon="-73.113277341" /><trkpt lat="-36.931769816" lon="-73.113293414" /><trkpt lat="-36.931766840" lon="-73.113309623" /><trkpt lat="-36.931763865" lon="-73.113325964" /><trkpt lat="-36.931760889" lon="-73.113342431" /><trkpt lat="-36.931757909" lon="-73.113359020" /><trkpt lat="-36.931754925" lon="-73.113375726" /><trkpt lat="-36.931751935" lon="-73.113392543" /><trkpt lat="-36.931748936" lon="-73.113409468" /><trkpt lat="-36.931745927" lon="-73.113426495" /><trkpt lat="-36.931742906" lon="-73.113443619" /><trkpt lat="-36.931739871" lon="-73.113460835" /><trkpt lat="-36.931736820" lon="-73.113478139" /><trkpt lat="-36.931733753" lon="-73.113495525" /><trkpt lat="-36.931730665" lon="-73.113512989" /><trkpt lat="-36.931727557" lon="-73.113530525" /><trkpt lat="-36.931724426" lon="-73.113548129" /><trkpt lat="-36.931721270" lon="-73.113565796" /><trkpt lat="-36.931718088" lon="-73.113583521" /><trkpt lat="-36.931714877" lon="-73.113601299" /><trkpt lat="-36.931711636" lon="-73.113619126" /><trkpt lat="-36.931708364" lon="-73.113636995" /><trkpt lat="-36.931705057" lon="-73.113654903" /><trkpt lat="-36.931701715" lon="-73.113672844" /><trkpt lat="-36.931698336" lon="-73.113690814" /><trkpt lat="-36.931694917" lon="-73.113708808" /><trkpt lat="-36.931691457" lon="-73.113726820" /><trkpt lat="-36.931687954" lon="-73.113744846" /><trkpt lat="-36.931684407" lon="-73.113762881" /><trkpt lat="-36.931680813" lon="-73.113780920" /><trkpt lat="-36.931677171" lon="-73.113798959" /><trkpt lat="-36.931673479" lon="-73.113816991" /><trkpt lat="-36.931669735" lon="-73.113835013" /><trkpt lat="-36.931665937" lon="-73.113853019" /><trkpt lat="-36.931662084" lon="-73.113871005" /><trkpt lat="-36.931658173" lon="-73.113888965" /><trkpt lat="-36.931654203" lon="-73.113906895" /><trkpt lat="-36.931650172" lon="-73.113924790" /><trkpt lat="-36.931646078" lon="-73.113942645" /><trkpt lat="-36.931641919" lon="-73.113960455" /><trkpt lat="-36.931637695" lon="-73.113978215" /><trkpt lat="-36.931633401" lon="-73.113995920" /><trkpt lat="-36.931629038" lon="-73.114013565" /><trkpt lat="-36.931624603" lon="-73.114031146" /><trkpt lat="-36.931620094" lon="-73.114048658" /><trkpt lat="-36.931615510" lon="-73.114066095" /><trkpt lat="-36.931610848" lon="-73.114083452" /><trkpt lat="-36.931606107" lon="-73.114100725" /><trkpt lat="-36.931601285" lon="-73.114117910" /><trkpt lat="-36.931596380" lon="-73.114135000" /><trkpt lat="-36.931591391" lon="-73.114151991" /><trkpt lat="-36.931586315" lon="-73.114168879" /><trkpt lat="-36.931581151" lon="-73.114185657" /><trkpt lat="-36.931575897" lon="-73.114202323" /><trkpt lat="-36.931570551" lon="-73.114218869" /><trkpt lat="-36.931565112" lon="-73.114235292" /><trkpt lat="-36.931559577" lon="-73.114251587" /><trkpt lat="-36.931553944" lon="-73.114267748" /><trkpt lat="-36.931545517" lon="-73.114291461" /><trkpt lat="-36.931537271" lon="-73.114314343" /><trkpt lat="-36.931529198" lon="-73.114336427" /><trkpt lat="-36.931521287" lon="-73.114357747" /><trkpt lat="-36.931513526" lon="-73.114378337" /><trkpt lat="-36.931505906" lon="-73.114398231" /><trkpt lat="-36.931498417" lon="-73.114417461" /><trkpt lat="-36.931491047" lon="-73.114436062" /><trkpt lat="-36.931483787" lon="-73.114454068" /><trkpt lat="-36.931476625" lon="-73.114471513" /><trkpt lat="-36.931469552" lon="-73.114488429" /><trkpt lat="-36.931462557" lon="-73.114504850" /><trkpt lat="-36.931455630" lon="-73.114520811" /><trkpt lat="-36.931448759" lon="-73.114536346" /><trkpt lat="-36.931441935" lon="-73.114551486" /><trkpt lat="-36.931435148" lon="-73.114566268" /><trkpt lat="-36.931428386" lon="-73.114580723" /><trkpt lat="-36.931421639" lon="-73.114594886" /><trkpt lat="-36.931414897" lon="-73.114608791" /><trkpt lat="-36.931408150" lon="-73.114622471" /><trkpt lat="-36.931401386" lon="-73.114635959" /><trkpt lat="-36.931394596" lon="-73.114649291" /><trkpt lat="-36.931387769" lon="-73.114662498" /><trkpt lat="-36.931380895" lon="-73.114675616" /><trkpt lat="-36.931373962" lon="-73.114688677" /><trkpt lat="-36.931366962" lon="-73.114701716" /><trkpt lat="-36.931359882" lon="-73.114714765" /><trkpt lat="-36.931352714" lon="-73.114727860" /><trkpt lat="-36.931345445" lon="-73.114741033" /><trkpt lat="-36.931338066" lon="-73.114754318" /><trkpt lat="-36.931330567" lon="-73.114767749" /><trkpt lat="-36.931322937" lon="-73.114781359" /><trkpt lat="-36.931315165" lon="-73.114795183" /><trkpt lat="-36.931307242" lon="-73.114809254" /><trkpt lat="-36.931299156" lon="-73.114823605" /><trkpt lat="-36.931290897" lon="-73.114838270" /><trkpt lat="-36.931282454" lon="-73.114853284" /><trkpt lat="-36.931273818" lon="-73.114868679" /><trkpt lat="-36.931264978" lon="-73.114884490" /><trkpt lat="-36.931255923" lon="-73.114900750" /><trkpt lat="-36.931244737" lon="-73.114921688" /><trkpt lat="-36.931234800" lon="-73.114941953" /><trkpt lat="-36.931226060" lon="-73.114961575" /><trkpt lat="-36.931218469" lon="-73.114980584" /><trkpt lat="-36.931211976" lon="-73.114999011" /><trkpt lat="-36.931206532" lon="-73.115016886" /><trkpt lat="-36.931202085" lon="-73.115034240" /><trkpt lat="-36.931198585" lon="-73.115051101" /><trkpt lat="-36.931195984" lon="-73.115067501" /><trkpt lat="-36.931194230" lon="-73.115083471" /><trkpt lat="-36.931193274" lon="-73.115099039" /><trkpt lat="-36.931193065" lon="-73.115114237" /><trkpt lat="-36.931193554" lon="-73.115129094" /><trkpt lat="-36.931194690" lon="-73.115143642" /><trkpt lat="-36.931196423" lon="-73.115157909" /><trkpt lat="-36.931198703" lon="-73.115171927" /><trkpt lat="-36.931201481" lon="-73.115185726" /><trkpt lat="-36.931204705" lon="-73.115199335" /><trkpt lat="-36.931208326" lon="-73.115212786" /><trkpt lat="-36.931212294" lon="-73.115226108" /><trkpt lat="-36.931216558" lon="-73.115239332" /><trkpt lat="-36.931221069" lon="-73.115252488" /><trkpt lat="-36.931225777" lon="-73.115265606" /><trkpt lat="-36.931230631" lon="-73.115278716" /><trkpt lat="-36.931235581" lon="-73.115291849" /><trkpt lat="-36.931240577" lon="-73.115305035" /><trkpt lat="-36.931245570" lon="-73.115318305" /><trkpt lat="-36.931250508" lon="-73.115331687" /><trkpt lat="-36.931255343" lon="-73.115345214" /><trkpt lat="-36.931260023" lon="-73.115358914" /><trkpt lat="-36.931264499" lon="-73.115372819" /><trkpt lat="-36.931268787" lon="-73.115387123" /><trkpt lat="-36.931272647" lon="-73.115401067" /><trkpt lat="-36.931276079" lon="-73.115414648" /><trkpt lat="-36.931279084" lon="-73.115427861" /><trkpt lat="-36.931281662" lon="-73.115440706" /><trkpt lat="-36.931283813" lon="-73.115453178" /><trkpt lat="-36.931285538" lon="-73.115465274" /><trkpt lat="-36.931286838" lon="-73.115476992" /><trkpt lat="-36.931287713" lon="-73.115488328" /><trkpt lat="-36.931288163" lon="-73.115499280" /><trkpt lat="-36.931288189" lon="-73.115509844" /><trkpt lat="-36.931287792" lon="-73.115520018" /><trkpt lat="-36.931286972" lon="-73.115529799" /><trkpt lat="-36.931285729" lon="-73.115539183" /><trkpt lat="-36.931284064" lon="-73.115548168" /><trkpt lat="-36.931281977" lon="-73.115556751" /><trkpt lat="-36.931279469" lon="-73.115564928" /><trkpt lat="-36.931276540" lon="-73.115572697" /><trkpt lat="-36.931273191" lon="-73.115580054" /><trkpt lat="-36.931269422" lon="-73.115586998" /><trkpt lat="-36.931265234" lon="-73.115593524" /><trkpt lat="-36.931260628" lon="-73.115599630" /><trkpt lat="-36.931255603" lon="-73.115605313" /><trkpt lat="-36.931250160" lon="-73.115610570" /><trkpt lat="-36.931244299" lon="-73.115615397" /><trkpt lat="-36.931238022" lon="-73.115619792" /><trkpt lat="-36.931231329" lon="-73.115623753" /><trkpt lat="-36.931224219" lon="-73.115627275" /><trkpt lat="-36.931216694" lon="-73.115630356" /><trkpt lat="-36.931208754" lon="-73.115632993" /><trkpt lat="-36.931200613" lon="-73.115634963" /><trkpt lat="-36.931192480" lon="-73.115636062" /><trkpt lat="-36.931184351" lon="-73.115636311" /><trkpt lat="-36.931176218" lon="-73.115635731" /><trkpt lat="-36.931168077" lon="-73.115634346" /><trkpt lat="-36.931159921" lon="-73.115632177" /><trkpt lat="-36.931151746" lon="-73.115629247" /><trkpt lat="-36.931143545" lon="-73.115625576" /><trkpt lat="-36.931135312" lon="-73.115621188" /><trkpt lat="-36.931127042" lon="-73.115616105" /><trkpt lat="-36.931118730" lon="-73.115610348" /><trkpt lat="-36.931110368" lon="-73.115603939" /><trkpt lat="-36.931101953" lon="-73.115596901" /><trkpt lat="-36.931093477" lon="-73.115589256" /><trkpt lat="-36.931084935" lon="-73.115581025" /><trkpt lat="-36.931076323" lon="-73.115572231" /><trkpt lat="-36.931067632" lon="-73.115562896" /><trkpt lat="-36.931058859" lon="-73.115553042" /><trkpt lat="-36.931049998" lon="-73.115542690" /><trkpt lat="-36.931041042" lon="-73.115531864" /><trkpt lat="-36.931031986" lon="-73.115520584" /><trkpt lat="-36.931022824" lon="-73.115508874" /><trkpt lat="-36.931013551" lon="-73.115496754" /><trkpt lat="-36.931004160" lon="-73.115484248" /><trkpt lat="-36.930994647" lon="-73.115471377" /><trkpt lat="-36.930985005" lon="-73.115458164" /><trkpt lat="-36.930975229" lon="-73.115444629" /><trkpt lat="-36.930965312" lon="-73.115430796" /><trkpt lat="-36.930955250" lon="-73.115416687" /><trkpt lat="-36.930945036" lon="-73.115402323" /><trkpt lat="-36.930934963" lon="-73.115388283" /><trkpt lat="-36.930925313" lon="-73.115375080" /><trkpt lat="-36.930916066" lon="-73.115362642" /><trkpt lat="-36.930907202" lon="-73.115350894" /><trkpt lat="-36.930898701" lon="-73.115339763" /><trkpt lat="-36.930890543" lon="-73.115329174" /><trkpt lat="-36.930882708" lon="-73.115319053" /><trkpt lat="-36.930875176" lon="-73.115309327" /><trkpt lat="-36.930867928" lon="-73.115299921" /><trkpt lat="-36.930860942" lon="-73.115290763" /><trkpt lat="-36.930854199" lon="-73.115281777" /><trkpt lat="-36.930847679" lon="-73.115272890" /><trkpt lat="-36.930841362" lon="-73.115264028" /><trkpt lat="-36.930835228" lon="-73.115255118" /><trkpt lat="-36.930829257" lon="-73.115246084" /><trkpt lat="-36.930823429" lon="-73.115236854" /><trkpt lat="-36.930817724" lon="-73.115227353" /><trkpt lat="-36.930812122" lon="-73.115217508" /><trkpt lat="-36.930806603" lon="-73.115207244" /><trkpt lat="-36.930801146" lon="-73.115196488" /><trkpt lat="-36.930795733" lon="-73.115185166" /><trkpt lat="-36.930790342" lon="-73.115173203" /><trkpt lat="-36.930784954" lon="-73.115160527" /><trkpt lat="-36.930779549" lon="-73.115147062" /><trkpt lat="-36.930774107" lon="-73.115132736" /><trkpt lat="-36.930768608" lon="-73.115117474" /><trkpt lat="-36.930763032" lon="-73.115101202" /><trkpt lat="-36.930757358" lon="-73.115083846" /><trkpt lat="-36.930751567" lon="-73.115065333" /><trkpt lat="-36.930745639" lon="-73.115045589" /><trkpt lat="-36.930740242" lon="-73.115027078" /><trkpt lat="-36.930734956" lon="-73.115008613" /><trkpt lat="-36.930729771" lon="-73.114990202" /><trkpt lat="-36.930724676" lon="-73.114971851" /><trkpt lat="-36.930719658" lon="-73.114953567" /><trkpt lat="-36.930714707" lon="-73.114935357" /><trkpt lat="-36.930709810" lon="-73.114917229" /><trkpt lat="-36.930704958" lon="-73.114899189" /><trkpt lat="-36.930700137" lon="-73.114881244" /><trkpt lat="-36.930695338" lon="-73.114863402" /><trkpt lat="-36.930690547" lon="-73.114845669" /><trkpt lat="-36.930685754" lon="-73.114828053" /><trkpt lat="-36.930680948" lon="-73.114810560" /><trkpt lat="-36.930676117" lon="-73.114793198" /><trkpt lat="-36.930671250" lon="-73.114775973" /><trkpt lat="-36.930666334" lon="-73.114758893" /><trkpt lat="-36.930661360" lon="-73.114741965" /><trkpt lat="-36.930656314" lon="-73.114725196" /><trkpt lat="-36.930651187" lon="-73.114708592" /><trkpt lat="-36.930645966" lon="-73.114692160" /><trkpt lat="-36.930640640" lon="-73.114675909" /><trkpt lat="-36.930635197" lon="-73.114659845" /><trkpt lat="-36.930629627" lon="-73.114643974" /><trkpt lat="-36.930623918" lon="-73.114628304" /><trkpt lat="-36.930618058" lon="-73.114612842" /><trkpt lat="-36.930612036" lon="-73.114597595" /><trkpt lat="-36.930605840" lon="-73.114582570" /><trkpt lat="-36.930599459" lon="-73.114567774" /><trkpt lat="-36.930592882" lon="-73.114553214" /><trkpt lat="-36.930586097" lon="-73.114538897" /><trkpt lat="-36.930579093" lon="-73.114524831" /><trkpt lat="-36.930571858" lon="-73.114511021" /><trkpt lat="-36.930564381" lon="-73.114497476" /><trkpt lat="-36.930557043" lon="-73.114484443" /><trkpt lat="-36.930549790" lon="-73.114471366" /><trkpt lat="-36.930542629" lon="-73.114458231" /><trkpt lat="-36.930535565" lon="-73.114445021" /><trkpt lat="-36.930528608" lon="-73.114431720" /><trkpt lat="-36.930521762" lon="-73.114418315" /><trkpt lat="-36.930515036" lon="-73.114404788" /><trkpt lat="-36.930508436" lon="-73.114391124" /><trkpt lat="-36.930501968" lon="-73.114377308" /><trkpt lat="-36.930495641" lon="-73.114363324" /><trkpt lat="-36.930489460" lon="-73.114349157" /><trkpt lat="-36.930483432" lon="-73.114334791" /><trkpt lat="-36.930477565" lon="-73.114320210" /><trkpt lat="-36.930471866" lon="-73.114305399" /><trkpt lat="-36.930466340" lon="-73.114290342" /><trkpt lat="-36.930460995" lon="-73.114275024" /><trkpt lat="-36.930455838" lon="-73.114259430" /><trkpt lat="-36.930450876" lon="-73.114243543" /><trkpt lat="-36.930446116" lon="-73.114227348" /><trkpt lat="-36.930441564" lon="-73.114210829" /><trkpt lat="-36.930437227" lon="-73.114193972" /><trkpt lat="-36.930433113" lon="-73.114176760" /><trkpt lat="-36.930429228" lon="-73.114159177" /><trkpt lat="-36.930425578" lon="-73.114141210" /><trkpt lat="-36.930422172" lon="-73.114122840" /><trkpt lat="-36.930419015" lon="-73.114104054" /><trkpt lat="-36.930416115" lon="-73.114084836" /><trkpt lat="-36.930413478" lon="-73.114065170" /><trkpt lat="-36.930411112" lon="-73.114045040" /><trkpt lat="-36.930409023" lon="-73.114024431" /><trkpt lat="-36.930407218" lon="-73.114003328" /><trkpt lat="-36.930405704" lon="-73.113981714" /><trkpt lat="-36.930404488" lon="-73.113959575" /><trkpt lat="-36.930403577" lon="-73.113936894" /><trkpt lat="-36.930402966" lon="-73.113914986" /><trkpt lat="-36.930402602" lon="-73.113893835" /><trkpt lat="-36.930402476" lon="-73.113873396" /><trkpt lat="-36.930402582" lon="-73.113853622" /><trkpt lat="-36.930402914" lon="-73.113834470" /><trkpt lat="-36.930403465" lon="-73.113815893" /><trkpt lat="-36.930404228" lon="-73.113797848" /><trkpt lat="-36.930405198" lon="-73.113780289" /><trkpt lat="-36.930406366" lon="-73.113763171" /><trkpt lat="-36.930407727" lon="-73.113746449" /><trkpt lat="-36.930409274" lon="-73.113730078" /><trkpt lat="-36.930411001" lon="-73.113714013" /><trkpt lat="-36.930412900" lon="-73.113698209" /><trkpt lat="-36.930414966" lon="-73.113682621" /><trkpt lat="-36.930417191" lon="-73.113667203" /><trkpt lat="-36.930419569" lon="-73.113651911" /><trkpt lat="-36.930422094" lon="-73.113636700" /><trkpt lat="-36.930424759" lon="-73.113621524" /><trkpt lat="-36.930427556" lon="-73.113606339" /><trkpt lat="-36.930430481" lon="-73.113591100" /><trkpt lat="-36.930433525" lon="-73.113575761" /><trkpt lat="-36.930436683" lon="-73.113560278" /><trkpt lat="-36.930439947" lon="-73.113544605" /><trkpt lat="-36.930443312" lon="-73.113528698" /><trkpt lat="-36.930446771" lon="-73.113512511" /><trkpt lat="-36.930450316" lon="-73.113495999" /><trkpt lat="-36.930453942" lon="-73.113479117" /><trkpt lat="-36.930457642" lon="-73.113461821" /><trkpt lat="-36.930461408" lon="-73.113444065" /><trkpt lat="-36.930465236" lon="-73.113425804" /><trkpt lat="-36.930469117" lon="-73.113406993" /><trkpt lat="-36.930473046" lon="-73.113387587" /><trkpt lat="-36.930477016" lon="-73.113367542" /><trkpt lat="-36.930481020" lon="-73.113346811" /><trkpt lat="-36.930485051" lon="-73.113325350" /><trkpt lat="-36.930489443" lon="-73.113300621" /><trkpt lat="-36.930493198" lon="-73.113277361" /><trkpt lat="-36.930496334" lon="-73.113255522" /><trkpt lat="-36.930498872" lon="-73.113235051" /><trkpt lat="-36.930500829" lon="-73.113215901" /><trkpt lat="-36.930502225" lon="-73.113198020" /><trkpt lat="-36.930503078" lon="-73.113181359" /><trkpt lat="-36.930503408" lon="-73.113165866" /><trkpt lat="-36.930503233" lon="-73.113151494" /><trkpt lat="-36.930502574" lon="-73.113138190" /><trkpt lat="-36.930501447" lon="-73.113125906" /><trkpt lat="-36.930499873" lon="-73.113114591" /><trkpt lat="-36.930497871" lon="-73.113104195" /><trkpt lat="-36.930495459" lon="-73.113094668" /><trkpt lat="-36.930492656" lon="-73.113085960" /><trkpt lat="-36.930489482" lon="-73.113078021" /><trkpt lat="-36.930485955" lon="-73.113070801" /><trkpt lat="-36.930482095" lon="-73.113064250" /><trkpt lat="-36.930477919" lon="-73.113058317" /><trkpt lat="-36.930473448" lon="-73.113052953" /><trkpt lat="-36.930468700" lon="-73.113048107" /><trkpt lat="-36.930463695" lon="-73.113043730" /><trkpt lat="-36.930458450" lon="-73.113039772" /><trkpt lat="-36.930452986" lon="-73.113036182" /><trkpt lat="-36.930447320" lon="-73.113032910" /><trkpt lat="-36.930441473" lon="-73.113029906" /><trkpt lat="-36.930435462" lon="-73.113027120" /><trkpt lat="-36.930429308" lon="-73.113024503" /><trkpt lat="-36.930423029" lon="-73.113022004" /><trkpt lat="-36.930416643" lon="-73.113019572" /><trkpt lat="-36.930410357" lon="-73.113017271" /><trkpt lat="-36.930404344" lon="-73.113015216" /><trkpt lat="-36.930398579" lon="-73.113013441" /><trkpt lat="-36.930393036" lon="-73.113011976" /><trkpt lat="-36.930387688" lon="-73.113010855" /><trkpt lat="-36.930382510" lon="-73.113010109" /><trkpt lat="-36.930377474" lon="-73.113009771" /><trkpt lat="-36.930372555" lon="-73.113009873" /><trkpt lat="-36.930367726" lon="-73.113010447" /><trkpt lat="-36.930362962" lon="-73.113011526" /><trkpt lat="-36.930358236" lon="-73.113013140" /><trkpt lat="-36.930353522" lon="-73.113015324" /><trkpt lat="-36.930348793" lon="-73.113018108" /><trkpt lat="-36.930344024" lon="-73.113021525" /><trkpt lat="-36.930339189" lon="-73.113025607" /><trkpt lat="-36.930334260" lon="-73.113030387" /><trkpt lat="-36.930329213" lon="-73.113035896" /><trkpt lat="-36.930324020" lon="-73.113042167" /><trkpt lat="-36.930318655" lon="-73.113049232" /><trkpt lat="-36.930313093" lon="-73.113057123" /><trkpt lat="-36.930307307" lon="-73.113065873" /><trkpt lat="-36.930301270" lon="-73.113075513" /><trkpt lat="-36.930294958" lon="-73.113086075" /><trkpt lat="-36.930288342" lon="-73.113097593" /><trkpt lat="-36.930281398" lon="-73.113110097" /><trkpt lat="-36.930274099" lon="-73.113123621" /><trkpt lat="-36.930266419" lon="-73.113138196" /><trkpt lat="-36.930258332" lon="-73.113153855" /><trkpt lat="-36.930249811" lon="-73.113170629" /><trkpt lat="-36.930240830" lon="-73.113188552" /><trkpt lat="-36.930232823" lon="-73.113204363" /><trkpt lat="-36.930224613" lon="-73.113220071" /><trkpt lat="-36.930216207" lon="-73.113235679" /><trkpt lat="-36.930207610" lon="-73.113251188" /><trkpt lat="-36.930198829" lon="-73.113266601" /><trkpt lat="-36.930189872" lon="-73.113281921" /><trkpt lat="-36.930180744" lon="-73.113297149" /><trkpt lat="-36.930171452" lon="-73.113312287" /><trkpt lat="-36.930162003" lon="-73.113327339" /><trkpt lat="-36.930152404" lon="-73.113342305" /><trkpt lat="-36.930142660" lon="-73.113357189" /><trkpt lat="-36.930132779" lon="-73.113371993" /><trkpt lat="-36.930122767" lon="-73.113386719" /><trkpt lat="-36.930112631" lon="-73.113401369" /><trkpt lat="-36.930102377" lon="-73.113415945" /><trkpt lat="-36.930092013" lon="-73.113430450" /><trkpt lat="-36.930081544" lon="-73.113444886" /><trkpt lat="-36.930070977" lon="-73.113459255" /><trkpt lat="-36.930060319" lon="-73.113473559" /><trkpt lat="-36.930049576" lon="-73.113487802" /><trkpt lat="-36.930038755" lon="-73.113501984" /><trkpt lat="-36.930027863" lon="-73.113516108" /><trkpt lat="-36.930016906" lon="-73.113530177" /><trkpt lat="-36.930005891" lon="-73.113544193" /><trkpt lat="-36.929994824" lon="-73.113558157" /><trkpt lat="-36.929983712" lon="-73.113572073" /><trkpt lat="-36.929972562" lon="-73.113585942" /><trkpt lat="-36.929961380" lon="-73.113599767" /><trkpt lat="-36.929950172" lon="-73.113613549" /><trkpt lat="-36.929938946" lon="-73.113627292" /><trkpt lat="-36.929927709" lon="-73.113640998" /><trkpt lat="-36.929916465" lon="-73.113654668" /><trkpt lat="-36.929905223" lon="-73.113668305" /><trkpt lat="-36.929893989" lon="-73.113681911" /><trkpt lat="-36.929882769" lon="-73.113695489" /><trkpt lat="-36.929869912" lon="-73.113711005" /><trkpt lat="-36.929857480" lon="-73.113725916" /><trkpt lat="-36.929845440" lon="-73.113740246" /><trkpt lat="-36.929833762" lon="-73.113754018" /><trkpt lat="-36.929822414" lon="-73.113767253" /><trkpt lat="-36.929811365" lon="-73.113779976" /><trkpt lat="-36.929800583" lon="-73.113792208" /><trkpt lat="-36.929790038" lon="-73.113803973" /><trkpt lat="-36.929779697" lon="-73.113815292" /><trkpt lat="-36.929769530" lon="-73.113826189" /><trkpt lat="-36.929759506" lon="-73.113836686" /><trkpt lat="-36.929749592" lon="-73.113846807" /><trkpt lat="-36.929739758" lon="-73.113856573" /><trkpt lat="-36.929729972" lon="-73.113866008" /><trkpt lat="-36.929720203" lon="-73.113875134" /><trkpt lat="-36.929710420" lon="-73.113883974" /><trkpt lat="-36.929700591" lon="-73.113892550" /><trkpt lat="-36.929690685" lon="-73.113900886" /><trkpt lat="-36.929680672" lon="-73.113909003" /><trkpt lat="-36.929670518" lon="-73.113916926" /><trkpt lat="-36.929660194" lon="-73.113924676" /><trkpt lat="-36.929649667" lon="-73.113932276" /><trkpt lat="-36.929638908" lon="-73.113939749" /><trkpt lat="-36.929627883" lon="-73.113947117" /><trkpt lat="-36.929616562" lon="-73.113954404" /><trkpt lat="-36.929604914" lon="-73.113961632" /><trkpt lat="-36.929592907" lon="-73.113968823" /><trkpt lat="-36.929580510" lon="-73.113976001" /><trkpt lat="-36.929567692" lon="-73.113983187" /><trkpt lat="-36.929554421" lon="-73.113990406" /><trkpt lat="-36.929542482" lon="-73.113996829" /><trkpt lat="-36.929530513" lon="-73.114003336" /><trkpt lat="-36.929518526" lon="-73.114009956" /><trkpt lat="-36.929506537" lon="-73.114016717" /><trkpt lat="-36.929494557" lon="-73.114023649" /><trkpt lat="-36.929482602" lon="-73.114030780" /><trkpt lat="-36.929470685" lon="-73.114038139" /><trkpt lat="-36.929458820" lon="-73.114045754" /><trkpt lat="-36.929447020" lon="-73.114053654" /><trkpt lat="-36.929435300" lon="-73.114061867" /><trkpt lat="-36.929423672" lon="-73.114070423" /><trkpt lat="-36.929412151" lon="-73.114079350" /><trkpt lat="-36.929400751" lon="-73.114088676" /><trkpt lat="-36.929389484" lon="-73.114098431" /><trkpt lat="-36.929378366" lon="-73.114108643" /><trkpt lat="-36.929367409" lon="-73.114119340" /><trkpt lat="-36.929356628" lon="-73.114130551" /><trkpt lat="-36.929346036" lon="-73.114142306" /><trkpt lat="-36.929335647" lon="-73.114154632" /><trkpt lat="-36.929325474" lon="-73.114167558" /><trkpt lat="-36.929315532" lon="-73.114181114" /><trkpt lat="-36.929305834" lon="-73.114195327" /><trkpt lat="-36.929296394" lon="-73.114210226" /><trkpt lat="-36.929287226" lon="-73.114225840" /><trkpt lat="-36.929278343" lon="-73.114242197" /><trkpt lat="-36.929269760" lon="-73.114259327" /><trkpt lat="-36.929261489" lon="-73.114277258" /><trkpt lat="-36.929253545" lon="-73.114296018" /><trkpt lat="-36.929245941" lon="-73.114315637" /><trkpt lat="-36.929238691" lon="-73.114336142" /><trkpt lat="-36.929231810" lon="-73.114357563" /><trkpt lat="-36.929225310" lon="-73.114379928" /><trkpt lat="-36.929219205" lon="-73.114403266" /><trkpt lat="-36.929213509" lon="-73.114427606" /><trkpt lat="-36.929208903" lon="-73.114449104" /><trkpt lat="-36.929204628" lon="-73.114470262" /><trkpt lat="-36.929200653" lon="-73.114491068" /><trkpt lat="-36.929196945" lon="-73.114511511" /><trkpt lat="-36.929193472" lon="-73.114531577" /><trkpt lat="-36.929190203" lon="-73.114551256" /><trkpt lat="-36.929187104" lon="-73.114570536" /><trkpt lat="-36.929184145" lon="-73.114589403" /><trkpt lat="-36.929181292" lon="-73.114607848" /><trkpt lat="-36.929178515" lon="-73.114625857" /><trkpt lat="-36.929175780" lon="-73.114643418" /><trkpt lat="-36.929173056" lon="-73.114660520" /><trkpt lat="-36.929170310" lon="-73.114677151" /><trkpt lat="-36.929167511" lon="-73.114693299" /><trkpt lat="-36.929164626" lon="-73.114708951" /><trkpt lat="-36.929161623" lon="-73.114724097" /><trkpt lat="-36.929158470" lon="-73.114738723" /><trkpt lat="-36.929155136" lon="-73.114752819" /><trkpt lat="-36.929151587" lon="-73.114766371" /><trkpt lat="-36.929147792" lon="-73.114779369" /><trkpt lat="-36.929143719" lon="-73.114791800" /><trkpt lat="-36.929139336" lon="-73.114803653" /><trkpt lat="-36.929134610" lon="-73.114814915" /><trkpt lat="-36.929129510" lon="-73.114825574" /><trkpt lat="-36.929124003" lon="-73.114835619" /><trkpt lat="-36.929118057" lon="-73.114845037" /><trkpt lat="-36.929111641" lon="-73.114853817" /><trkpt lat="-36.929104721" lon="-73.114861947" /><trkpt lat="-36.929097267" lon="-73.114869414" /><trkpt lat="-36.929089245" lon="-73.114876208" /><trkpt lat="-36.929080624" lon="-73.114882315" /><trkpt lat="-36.929071372" lon="-73.114887724" /><trkpt lat="-36.929061457" lon="-73.114892423" /><trkpt lat="-36.929050846" lon="-73.114896400" /><trkpt lat="-36.929039507" lon="-73.114899643" /><trkpt lat="-36.929027409" lon="-73.114902141" /><trkpt lat="-36.929014519" lon="-73.114903881" /><trkpt lat="-36.929000805" lon="-73.114904851" /><trkpt lat="-36.928986235" lon="-73.114905039" /><trkpt lat="-36.928968591" lon="-73.114904673" /><trkpt lat="-36.928951135" lon="-73.114904092" /><trkpt lat="-36.928933867" lon="-73.114903345" /><trkpt lat="-36.928916788" lon="-73.114902479" /><trkpt lat="-36.928899898" lon="-73.114901543" /><trkpt lat="-36.928883198" lon="-73.114900582" /><trkpt lat="-36.928866688" lon="-73.114899647" /><trkpt lat="-36.928850368" lon="-73.114898783" /><trkpt lat="-36.928834240" lon="-73.114898038" /><trkpt lat="-36.928818303" lon="-73.114897461" /><trkpt lat="-36.928802558" lon="-73.114897099" /><trkpt lat="-36.928787005" lon="-73.114896999" /><trkpt lat="-36.928771645" lon="-73.114897210" /><trkpt lat="-36.928756479" lon="-73.114897778" /><trkpt lat="-36.928741506" lon="-73.114898752" /><trkpt lat="-36.928726727" lon="-73.114900179" /><trkpt lat="-36.928712144" lon="-73.114902107" /><trkpt lat="-36.928697755" lon="-73.114904583" /><trkpt lat="-36.928683562" lon="-73.114907655" /><trkpt lat="-36.928669565" lon="-73.114911371" /><trkpt lat="-36.928655764" lon="-73.114915779" /><trkpt lat="-36.928642161" lon="-73.114920925" /><trkpt lat="-36.928628755" lon="-73.114926859" /><trkpt lat="-36.928615547" lon="-73.114933626" /><trkpt lat="-36.928602537" lon="-73.114941276" /><trkpt lat="-36.928589726" lon="-73.114949855" /><trkpt lat="-36.928577114" lon="-73.114959411" /><trkpt lat="-36.928564702" lon="-73.114969993" /><trkpt lat="-36.928552490" lon="-73.114981647" /><trkpt lat="-36.928540479" lon="-73.114994421" /><trkpt lat="-36.928528669" lon="-73.115008364" /><trkpt lat="-36.928517060" lon="-73.115023521" /><trkpt lat="-36.928505654" lon="-73.115039943" /><trkpt lat="-36.928496325" lon="-73.115054093" /><trkpt lat="-36.928486988" lon="-73.115068374" /><trkpt lat="-36.928477639" lon="-73.115082775" /><trkpt lat="-36.928468273" lon="-73.115097286" /><trkpt lat="-36.928458884" lon="-73.115111895" /><trkpt lat="-36.928449466" lon="-73.115126593" /><trkpt lat="-36.928440016" lon="-73.115141368" /><trkpt lat="-36.928430528" lon="-73.115156211" /><trkpt lat="-36.928420996" lon="-73.115171110" /><trkpt lat="-36.928411417" lon="-73.115186055" /><trkpt lat="-36.928401783" lon="-73.115201035" /><trkpt lat="-36.928392092" lon="-73.115216041" /><trkpt lat="-36.928382336" lon="-73.115231060" /><trkpt lat="-36.928372512" lon="-73.115246084" /><trkpt lat="-36.928362614" lon="-73.115261100" /><trkpt lat="-36.928352637" lon="-73.115276099" /><trkpt lat="-36.928342576" lon="-73.115291069" /><trkpt lat="-36.928332425" lon="-73.115306001" /><trkpt lat="-36.928322181" lon="-73.115320884" /><trkpt lat="-36.928311837" lon="-73.115335707" /><trkpt lat="-36.928301388" lon="-73.115350460" /><trkpt lat="-36.928290830" lon="-73.115365131" /><trkpt lat="-36.928280157" lon="-73.115379711" /><trkpt lat="-36.928269364" lon="-73.115394189" /><trkpt lat="-36.928258446" lon="-73.115408554" /><trkpt lat="-36.928247398" lon="-73.115422796" /><trkpt lat="-36.928236215" lon="-73.115436904" /><trkpt lat="-36.928224892" lon="-73.115450867" /><trkpt lat="-36.928213423" lon="-73.115464676" /><trkpt lat="-36.928201804" lon="-73.115478319" /><trkpt lat="-36.928190029" lon="-73.115491785" /><trkpt lat="-36.928178093" lon="-73.115505065" /><trkpt lat="-36.928165992" lon="-73.115518147" /><trkpt lat="-36.928153719" lon="-73.115531022" /><trkpt lat="-36.928141271" lon="-73.115543677" /><trkpt lat="-36.928128641" lon="-73.115556104" /><trkpt lat="-36.928115825" lon="-73.115568291" /><trkpt lat="-36.928102818" lon="-73.115580228" /><trkpt lat="-36.928089614" lon="-73.115591904" /><trkpt lat="-36.928076208" lon="-73.115603308" /><trkpt lat="-36.928059619" lon="-73.115617258" /><trkpt lat="-36.928043597" lon="-73.115630951" /><trkpt lat="-36.928028106" lon="-73.115644397" /><trkpt lat="-36.928013111" lon="-73.115657607" /><trkpt lat="-36.927998577" lon="-73.115670591" /><trkpt lat="-36.927984467" lon="-73.115683360" /><trkpt lat="-36.927970745" lon="-73.115695923" /><trkpt lat="-36.927957377" lon="-73.115708292" /><trkpt lat="-36.927944325" lon="-73.115720475" /><trkpt lat="-36.927931555" lon="-73.115732485" /><trkpt lat="-36.927919031" lon="-73.115744330" /><trkpt lat="-36.927906717" lon="-73.115756021" /><trkpt lat="-36.927894577" lon="-73.115767570" /><trkpt lat="-36.927882576" lon="-73.115778985" /><trkpt lat="-36.927870678" lon="-73.115790277" /><trkpt lat="-36.927858847" lon="-73.115801457" /><trkpt lat="-36.927847047" lon="-73.115812534" /><trkpt lat="-36.927835243" lon="-73.115823520" /><trkpt lat="-36.927823399" lon="-73.115834424" /><trkpt lat="-36.927811479" lon="-73.115845257" /><trkpt lat="-36.927799448" lon="-73.115856030" /><trkpt lat="-36.927787269" lon="-73.115866751" /><trkpt lat="-36.927774907" lon="-73.115877432" /><trkpt lat="-36.927762327" lon="-73.115888084" /><trkpt lat="-36.927749492" lon="-73.115898715" /><trkpt lat="-36.927736368" lon="-73.115909338" /><trkpt lat="-36.927722917" lon="-73.115919961" /><trkpt lat="-36.927709105" lon="-73.115930596" /><trkpt lat="-36.927694895" lon="-73.115941252" /><trkpt lat="-36.927680252" lon="-73.115951940" /><trkpt lat="-36.927665141" lon="-73.115962670" /><trkpt lat="-36.927649525" lon="-73.115973453" /><trkpt lat="-36.927632942" lon="-73.115984760" /><trkpt lat="-36.927617038" lon="-73.115995622" /><trkpt lat="-36.927601768" lon="-73.116006048" /><trkpt lat="-36.927587085" lon="-73.116016049" /><trkpt lat="-36.927572942" lon="-73.116025635" /><trkpt lat="-36.927559293" lon="-73.116034815" /><trkpt lat="-36.927546091" lon="-73.116043601" /><trkpt lat="-36.927533290" lon="-73.116052001" /><trkpt lat="-36.927520843" lon="-73.116060027" /><trkpt lat="-36.927508704" lon="-73.116067688" /><trkpt lat="-36.927496826" lon="-73.116074995" /><trkpt lat="-36.927485163" lon="-73.116081957" /><trkpt lat="-36.927473668" lon="-73.116088585" /><trkpt lat="-36.927462295" lon="-73.116094888" /><trkpt lat="-36.927450996" lon="-73.116100878" /><trkpt lat="-36.927439726" lon="-73.116106563" /><trkpt lat="-36.927428439" lon="-73.116111955" /><trkpt lat="-36.927417087" lon="-73.116117063" /><trkpt lat="-36.927405623" lon="-73.116121897" /><trkpt lat="-36.927394003" lon="-73.116126468" /><trkpt lat="-36.927382178" lon="-73.116130785" /><trkpt lat="-36.927370103" lon="-73.116134859" /><trkpt lat="-36.927357731" lon="-73.116138700" /><trkpt lat="-36.927345015" lon="-73.116142318" /><trkpt lat="-36.927331909" lon="-73.116145723" /><trkpt lat="-36.927318366" lon="-73.116148925" /><trkpt lat="-36.927304340" lon="-73.116151934" /><trkpt lat="-36.927289785" lon="-73.116154761" /><trkpt lat="-36.927274653" lon="-73.116157415" /><trkpt lat="-36.927258899" lon="-73.116159907" /><trkpt lat="-36.927245801" lon="-73.116161933" /><trkpt lat="-36.927232592" lon="-73.116164111" /><trkpt lat="-36.927219284" lon="-73.116166465" /><trkpt lat="-36.927205888" lon="-73.116169018" /><trkpt lat="-36.927192416" lon="-73.116171793" /><trkpt lat="-36.927178879" lon="-73.116174813" /><trkpt lat="-36.927165288" lon="-73.116178102" /><trkpt lat="-36.927151655" lon="-73.116181682" /><trkpt lat="-36.927137991" lon="-73.116185578" /><trkpt lat="-36.927124308" lon="-73.116189811" /><trkpt lat="-36.927110617" lon="-73.116194406" /><trkpt lat="-36.927096929" lon="-73.116199384" /><trkpt lat="-36.927083257" lon="-73.116204771" /><trkpt lat="-36.927069611" lon="-73.116210588" /><trkpt lat="-36.927056002" lon="-73.116216860" /><trkpt lat="-36.927042443" lon="-73.116223609" /><trkpt lat="-36.927028945" lon="-73.116230858" /><trkpt lat="-36.927015519" lon="-73.116238630" /><trkpt lat="-36.927002177" lon="-73.116246950" /><trkpt lat="-36.926988929" lon="-73.116255839" /><trkpt lat="-36.926975788" lon="-73.116265322" /><trkpt lat="-36.926962765" lon="-73.116275421" /><trkpt lat="-36.926949871" lon="-73.116286159" /><trkpt lat="-36.926937117" lon="-73.116297560" /><trkpt lat="-36.926924516" lon="-73.116309647" /><trkpt lat="-36.926912078" lon="-73.116322444" /><trkpt lat="-36.926899816" lon="-73.116335973" /><trkpt lat="-36.926887740" lon="-73.116350257" /><trkpt lat="-36.926875861" lon="-73.116365320" /><trkpt lat="-36.926864192" lon="-73.116381185" /><trkpt lat="-36.926852744" lon="-73.116397874" /><trkpt lat="-36.926841528" lon="-73.116415413" /><trkpt lat="-36.926830555" lon="-73.116433822" /><trkpt lat="-36.926819837" lon="-73.116453127" /><trkpt lat="-36.926809386" lon="-73.116473349" /><trkpt lat="-36.926799213" lon="-73.116494513" /><trkpt lat="-36.926789328" lon="-73.116516640" /><trkpt lat="-36.926780161" lon="-73.116537985" /><trkpt lat="-36.926771126" lon="-73.116559100" /><trkpt lat="-36.926762221" lon="-73.116579981" /><trkpt lat="-36.926753441" lon="-73.116600624" /><trkpt lat="-36.926744780" lon="-73.116621025" /><trkpt lat="-36.926736234" lon="-73.116641178" /><trkpt lat="-36.926727798" lon="-73.116661079" /><trkpt lat="-36.926719467" lon="-73.116680724" /><trkpt lat="-36.926711238" lon="-73.116700109" /><trkpt lat="-36.926703104" lon="-73.116719228" /><trkpt lat="-36.926695062" lon="-73.116738078" /><trkpt lat="-36.926687106" lon="-73.116756654" /><trkpt lat="-36.926679233" lon="-73.116774951" /><trkpt lat="-36.926671436" lon="-73.116792965" /><trkpt lat="-36.926663712" lon="-73.116810692" /><trkpt lat="-36.926656056" lon="-73.116828126" /><trkpt lat="-36.926648462" lon="-73.116845264" /><trkpt lat="-36.926640927" lon="-73.116862102" /><trkpt lat="-36.926633446" lon="-73.116878633" /><trkpt lat="-36.926626013" lon="-73.116894855" /><trkpt lat="-36.926618625" lon="-73.116910763" /><trkpt lat="-36.926611276" lon="-73.116926351" /><trkpt lat="-36.926603962" lon="-73.116941617" /><trkpt lat="-36.926596678" lon="-73.116956554" /><trkpt lat="-36.926589419" lon="-73.116971160" /><trkpt lat="-36.926582181" lon="-73.116985428" /><trkpt lat="-36.926574958" lon="-73.116999355" /><trkpt lat="-36.926567747" lon="-73.117012937" /><trkpt lat="-36.926560542" lon="-73.117026169" /><trkpt lat="-36.926553339" lon="-73.117039045" /><trkpt lat="-36.926546133" lon="-73.117051563" /><trkpt lat="-36.926538919" lon="-73.117063717" /><trkpt lat="-36.926531692" lon="-73.117075503" /><trkpt lat="-36.926524449" lon="-73.117086917" /><trkpt lat="-36.926517183" lon="-73.117097953" /><trkpt lat="-36.926509891" lon="-73.117108608" /><trkpt lat="-36.926502568" lon="-73.117118877" /><trkpt lat="-36.926495208" lon="-73.117128755" /><trkpt lat="-36.926487808" lon="-73.117138239" /><trkpt lat="-36.926479995" lon="-73.117147971" /><trkpt lat="-36.926471802" lon="-73.117158100" /><trkpt lat="-36.926463250" lon="-73.117168613" /><trkpt lat="-36.926454357" lon="-73.117179495" /><trkpt lat="-36.926445141" lon="-73.117190734" /><trkpt lat="-36.926435623" lon="-73.117202314" /><trkpt lat="-36.926425822" lon="-73.117214224" /><trkpt lat="-36.926415755" lon="-73.117226448" /><trkpt lat="-36.926405443" lon="-73.117238973" /><trkpt lat="-36.926394905" lon="-73.117251786" /><trkpt lat="-36.926384159" lon="-73.117264873" /><trkpt lat="-36.926373226" lon="-73.117278220" /><trkpt lat="-36.926362122" lon="-73.117291813" /><trkpt lat="-36.926350869" lon="-73.117305639" /><trkpt lat="-36.926339485" lon="-73.117319684" /><trkpt lat="-36.926327988" lon="-73.117333934" /><trkpt lat="-36.926316399" lon="-73.117348376" /><trkpt lat="-36.926304736" lon="-73.117362996" /><trkpt lat="-36.926293019" lon="-73.117377779" /><trkpt lat="-36.926281265" lon="-73.117392714" /><trkpt lat="-36.926269496" lon="-73.117407785" /><trkpt lat="-36.926257728" lon="-73.117422979" /><trkpt lat="-36.926245982" lon="-73.117438282" /><trkpt lat="-36.926234277" lon="-73.117453681" /><trkpt lat="-36.926222632" lon="-73.117469162" /><trkpt lat="-36.926211066" lon="-73.117484711" /><trkpt lat="-36.926199597" lon="-73.117500315" /><trkpt lat="-36.926188246" lon="-73.117515959" /><trkpt lat="-36.926177030" lon="-73.117531631" /><trkpt lat="-36.926165970" lon="-73.117547316" /><trkpt lat="-36.926155084" lon="-73.117563001" /><trkpt lat="-36.926144391" lon="-73.117578671" /><trkpt lat="-36.926133911" lon="-73.117594314" /><trkpt lat="-36.926123662" lon="-73.117609916" /><trkpt lat="-36.926113664" lon="-73.117625463" /><trkpt lat="-36.926103936" lon="-73.117640940" /><trkpt lat="-36.926094496" lon="-73.117656336" /><trkpt lat="-36.926085364" lon="-73.117671634" /><trkpt lat="-36.926078273" lon="-73.117683959" /><trkpt lat="-36.926071217" lon="-73.117696776" /><trkpt lat="-36.926064209" lon="-73.117710063" /><trkpt lat="-36.926057264" lon="-73.117723795" /><trkpt lat="-36.926050396" lon="-73.117737948" /><trkpt lat="-36.926043619" lon="-73.117752499" /><trkpt lat="-36.926036949" lon="-73.117767424" /><trkpt lat="-36.926030399" lon="-73.117782698" /><trkpt lat="-36.926023984" lon="-73.117798298" /><trkpt lat="-36.926017719" lon="-73.117814201" /><trkpt lat="-36.926011617" lon="-73.117830381" /><trkpt lat="-36.926005694" lon="-73.117846816" /><trkpt lat="-36.925999963" lon="-73.117863482" /><trkpt lat="-36.925994439" lon="-73.117880354" /><trkpt lat="-36.925989137" lon="-73.117897409" /><trkpt lat="-36.925984071" lon="-73.117914623" /><trkpt lat="-36.925979255" lon="-73.117931972" /><trkpt lat="-36.925974704" lon="-73.117949432" /><trkpt lat="-36.925970432" lon="-73.117966979" /><trkpt lat="-36.925966453" lon="-73.117984590" /><trkpt lat="-36.925962783" lon="-73.118002240" /><trkpt lat="-36.925959435" lon="-73.118019906" /><trkpt lat="-36.925956424" lon="-73.118037564" /><trkpt lat="-36.925953764" lon="-73.118055190" /><trkpt lat="-36.925951470" lon="-73.118072760" /><trkpt lat="-36.925949556" lon="-73.118090251" /><trkpt lat="-36.925948037" lon="-73.118107637" /><trkpt lat="-36.925946927" lon="-73.118124897" /><trkpt lat="-36.925946240" lon="-73.118142005" /><trkpt lat="-36.925945991" lon="-73.118158937" /><trkpt lat="-36.925946195" lon="-73.118175671" /><trkpt lat="-36.925946865" lon="-73.118192182" /><trkpt lat="-36.925948016" lon="-73.118208445" /><trkpt lat="-36.925949663" lon="-73.118224439" /><trkpt lat="-36.925951820" lon="-73.118240137" /><trkpt lat="-36.925954501" lon="-73.118255518" /><trkpt lat="-36.925957721" lon="-73.118270556" /><trkpt lat="-36.925961495" lon="-73.118285228" /><trkpt lat="-36.925965836" lon="-73.118299510" /><trkpt lat="-36.925970759" lon="-73.118313378" /><trkpt lat="-36.925976278" lon="-73.118326808" /><trkpt lat="-36.925982409" lon="-73.118339777" /><trkpt lat="-36.925989165" lon="-73.118352260" /><trkpt lat="-36.925996561" lon="-73.118364234" /><trkpt lat="-36.926004611" lon="-73.118375675" /><trkpt lat="-36.926013330" lon="-73.118386559" /><trkpt lat="-36.926022732" lon="-73.118396862" /><trkpt lat="-36.926032831" lon="-73.118406560" /><trkpt lat="-36.926048886" lon="-73.118420658" /><trkpt lat="-36.926064694" lon="-73.118433909" /><trkpt lat="-36.926080275" lon="-73.118446351" /><trkpt lat="-36.926095651" lon="-73.118458023" /><trkpt lat="-36.926110842" lon="-73.118468966" /><trkpt lat="-36.926125869" lon="-73.118479219" /><trkpt lat="-36.926140753" lon="-73.118488820" /><trkpt lat="-36.926155514" lon="-73.118497810" /><trkpt lat="-36.926170173" lon="-73.118506228" /><trkpt lat="-36.926184750" lon="-73.118514113" /><trkpt lat="-36.926199268" lon="-73.118521505" /><trkpt lat="-36.926213745" lon="-73.118528443" /><trkpt lat="-36.926228204" lon="-73.118534967" /><trkpt lat="-36.926242664" lon="-73.118541116" /><trkpt lat="-36.926257147" lon="-73.118546929" /><trkpt lat="-36.926271673" lon="-73.118552447" /><trkpt lat="-36.926286263" lon="-73.118557708" /><trkpt lat="-36.926300937" lon="-73.118562751" /><trkpt lat="-36.926315717" lon="-73.118567617" /><trkpt lat="-36.926330623" lon="-73.118572345" /><trkpt lat="-36.926345676" lon="-73.118576974" /><trkpt lat="-36.926360896" lon="-73.118581543" /><trkpt lat="-36.926376305" lon="-73.118586093" /><trkpt lat="-36.926391923" lon="-73.118590662" /><trkpt lat="-36.926407770" lon="-73.118595289" /><trkpt lat="-36.926423868" lon="-73.118600015" /><trkpt lat="-36.926440237" lon="-73.118604879" /><trkpt lat="-36.926456898" lon="-73.118609920" /><trkpt lat="-36.926473872" lon="-73.118615178" /><trkpt lat="-36.926491179" lon="-73.118620692" /><trkpt lat="-36.926508840" lon="-73.118626501" /><trkpt lat="-36.926525271" lon="-73.118631999" /><trkpt lat="-36.926542004" lon="-73.118637593" /><trkpt lat="-36.926559015" lon="-73.118643266" /><trkpt lat="-36.926576276" lon="-73.118648999" /><trkpt lat="-36.926593762" lon="-73.118654773" /><trkpt lat="-36.926611445" lon="-73.118660572" /><trkpt lat="-36.926629301" lon="-73.118666376" /><trkpt lat="-36.926647302" lon="-73.118672167" /><trkpt lat="-36.926665422" lon="-73.118677928" /><trkpt lat="-36.926683636" lon="-73.118683639" /><trkpt lat="-36.926701916" lon="-73.118689283" /><trkpt lat="-36.926720237" lon="-73.118694841" /><trkpt lat="-36.926738572" lon="-73.118700295" /><trkpt lat="-36.926756895" lon="-73.118705628" /><trkpt lat="-36.926775181" lon="-73.118710820" /><trkpt lat="-36.926793401" lon="-73.118715854" /><trkpt lat="-36.926811532" lon="-73.118720711" /><trkpt lat="-36.926829545" lon="-73.118725373" /><trkpt lat="-36.926847415" lon="-73.118729822" /><trkpt lat="-36.926865116" lon="-73.118734040" /><trkpt lat="-36.926882622" lon="-73.118738008" /><trkpt lat="-36.926899905" lon="-73.118741708" /><trkpt lat="-36.926916941" lon="-73.118745122" /><trkpt lat="-36.926933702" lon="-73.118748232" /><trkpt lat="-36.926950162" lon="-73.118751020" /><trkpt lat="-36.926966296" lon="-73.118753467" /><trkpt lat="-36.926982077" lon="-73.118755555" /><trkpt lat="-36.926997478" lon="-73.118757266" /><trkpt lat="-36.927012474" lon="-73.118758582" /><trkpt lat="-36.927027038" lon="-73.118759484" /><trkpt lat="-36.927041144" lon="-73.118759955" /><trkpt lat="-36.927054766" lon="-73.118759975" /><trkpt lat="-36.927067877" lon="-73.118759528" /><trkpt lat="-36.927080452" lon="-73.118758594" /><trkpt lat="-36.927094376" lon="-73.118757016" /><trkpt lat="-36.927108281" lon="-73.118754987" /><trkpt lat="-36.927122175" lon="-73.118752537" /><trkpt lat="-36.927136068" lon="-73.118749697" /><trkpt lat="-36.927149968" lon="-73.118746499" /><trkpt lat="-36.927163885" lon="-73.118742972" /><trkpt lat="-36.927177828" lon="-73.118739149" /><trkpt lat="-36.927191806" lon="-73.118735060" /><trkpt lat="-36.927205827" lon="-73.118730736" /><trkpt lat="-36.927219902" lon="-73.118726208" /><trkpt lat="-36.927234038" lon="-73.118721508" /><trkpt lat="-36.927248245" lon="-73.118716665" /><trkpt lat="-36.927262532" lon="-73.118711712" /><trkpt lat="-36.927276909" lon="-73.118706679" /><trkpt lat="-36.927291383" lon="-73.118701597" /><trkpt lat="-36.927305965" lon="-73.118696497" /><trkpt lat="-36.927320663" lon="-73.118691410" /><trkpt lat="-36.927335486" lon="-73.118686367" /><trkpt lat="-36.927350444" lon="-73.118681400" /><trkpt lat="-36.927365545" lon="-73.118676538" /><trkpt lat="-36.927380799" lon="-73.118671814" /><trkpt lat="-36.927396214" lon="-73.118667257" /><trkpt lat="-36.927411799" lon="-73.118662900" /><trkpt lat="-36.927427565" lon="-73.118658773" /><trkpt lat="-36.927443519" lon="-73.118654907" /><trkpt lat="-36.927459671" lon="-73.118651332" /><trkpt lat="-36.927476029" lon="-73.118648081" /><trkpt lat="-36.927492603" lon="-73.118645184" /><trkpt lat="-36.927509403" lon="-73.118642672" /><trkpt lat="-36.927526436" lon="-73.118640576" /><trkpt lat="-36.927543115" lon="-73.118638779" /><trkpt lat="-36.927559946" lon="-73.118637021" /><trkpt lat="-36.927576922" lon="-73.118635304" /><trkpt lat="-36.927594035" lon="-73.118633629" /><trkpt lat="-36.927611277" lon="-73.118631997" /><trkpt lat="-36.927628640" lon="-73.118630411" /><trkpt lat="-36.927646118" lon="-73.118628870" /><trkpt lat="-36.927663701" lon="-73.118627377" /><trkpt lat="-36.927681383" lon="-73.118625933" /><trkpt lat="-36.927699155" lon="-73.118624539" /><trkpt lat="-36.927717010" lon="-73.118623196" /><trkpt lat="-36.927734940" lon="-73.118621906" /><trkpt lat="-36.927752937" lon="-73.118620670" /><trkpt lat="-36.927770994" lon="-73.118619489" /><trkpt lat="-36.927789103" lon="-73.118618365" /><trkpt lat="-36.927807255" lon="-73.118617299" /><trkpt lat="-36.927825444" lon="-73.118616292" /><trkpt lat="-36.927843662" lon="-73.118615346" /><trkpt lat="-36.927861900" lon="-73.118614462" /><trkpt lat="-36.927880151" lon="-73.118613641" /><trkpt lat="-36.927898408" lon="-73.118612884" /><trkpt lat="-36.927916662" lon="-73.118612193" /><trkpt lat="-36.927934906" lon="-73.118611569" /><trkpt lat="-36.927953131" lon="-73.118611014" /><trkpt lat="-36.927971332" lon="-73.118610529" /><trkpt lat="-36.927989498" lon="-73.118610114" /><trkpt lat="-36.928007624" lon="-73.118609773" /><trkpt lat="-36.928025701" lon="-73.118609504" /><trkpt lat="-36.928043721" lon="-73.118609311" /><trkpt lat="-36.928061676" lon="-73.118609194" /><trkpt lat="-36.928079560" lon="-73.118609155" /><trkpt lat="-36.928092990" lon="-73.118609037" /><trkpt lat="-36.928106924" lon="-73.118608690" /><trkpt lat="-36.928121340" lon="-73.118608126" /><trkpt lat="-36.928136213" lon="-73.118607356" /><trkpt lat="-36.928151521" lon="-73.118606393" /><trkpt lat="-36.928167242" lon="-73.118605248" /><trkpt lat="-36.928183352" lon="-73.118603932" /><trkpt lat="-36.928199830" lon="-73.118602458" /><trkpt lat="-36.928216651" lon="-73.118600837" /><trkpt lat="-36.928233793" lon="-73.118599080" /><trkpt lat="-36.928251234" lon="-73.118597200" /><trkpt lat="-36.928268951" lon="-73.118595207" /><trkpt lat="-36.928286920" lon="-73.118593114" /><trkpt lat="-36.928305119" lon="-73.118590933" /><trkpt lat="-36.928323525" lon="-73.118588674" /><trkpt lat="-36.928342115" lon="-73.118586350" /><trkpt lat="-36.928360867" lon="-73.118583972" /><trkpt lat="-36.928379758" lon="-73.118581552" /><trkpt lat="-36.928398764" lon="-73.118579101" /><trkpt lat="-36.928417863" lon="-73.118576632" /><trkpt lat="-36.928437033" lon="-73.118574156" /><trkpt lat="-36.928456250" lon="-73.118571684" /><trkpt lat="-36.928475492" lon="-73.118569229" /><trkpt lat="-36.928494735" lon="-73.118566801" /><trkpt lat="-36.928513957" lon="-73.118564413" /><trkpt lat="-36.928533136" lon="-73.118562076" /><trkpt lat="-36.928552248" lon="-73.118559802" /><trkpt lat="-36.928571270" lon="-73.118557603" /><trkpt lat="-36.928590180" lon="-73.118555489" /><trkpt lat="-36.928608955" lon="-73.118553474" /><trkpt lat="-36.928627572" lon="-73.118551568" /><trkpt lat="-36.928646008" lon="-73.118549784" /><trkpt lat="-36.928664241" lon="-73.118548132" /><trkpt lat="-36.928682247" lon="-73.118546625" /><trkpt lat="-36.928700004" lon="-73.118545274" /><trkpt lat="-36.928717489" lon="-73.118544090" /><trkpt lat="-36.928734680" lon="-73.118543087" /><trkpt lat="-36.928751552" lon="-73.118542274" /><trkpt lat="-36.928768085" lon="-73.118541665" /><trkpt lat="-36.928784254" lon="-73.118541269" /><trkpt lat="-36.928800036" lon="-73.118541100" /><trkpt lat="-36.928815410" lon="-73.118541169" /><trkpt lat="-36.928836203" lon="-73.118541319" /><trkpt lat="-36.928856163" lon="-73.118541256" /><trkpt lat="-36.928875343" lon="-73.118541019" /><trkpt lat="-36.928893797" lon="-73.118540646" /><trkpt lat="-36.928911578" lon="-73.118540176" /><trkpt lat="-36.928928740" lon="-73.118539646" /><trkpt lat="-36.928945335" lon="-73.118539094" /><trkpt lat="-36.928961418" lon="-73.118538560" /><trkpt lat="-36.928977042" lon="-73.118538080" /><trkpt lat="-36.928992260" lon="-73.118537692" /><trkpt lat="-36.929007125" lon="-73.118537437" /><trkpt lat="-36.929021691" lon="-73.118537350" /><trkpt lat="-36.929036011" lon="-73.118537471" /><trkpt lat="-36.929050139" lon="-73.118537837" /><trkpt lat="-36.929064127" lon="-73.118538487" /><trkpt lat="-36.929078030" lon="-73.118539459" /><trkpt lat="-36.929091900" lon="-73.118540791" /><trkpt lat="-36.929105791" lon="-73.118542521" /><trkpt lat="-36.929119757" lon="-73.118544687" /><trkpt lat="-36.929133850" lon="-73.118547328" /><trkpt lat="-36.929148124" lon="-73.118550482" /><trkpt lat="-36.929162633" lon="-73.118554186" /><trkpt lat="-36.929177430" lon="-73.118558479" /><trkpt lat="-36.929192567" lon="-73.118563399" /><trkpt lat="-36.929208099" lon="-73.118568985" /><trkpt lat="-36.929224079" lon="-73.118575273" /><trkpt lat="-36.929240561" lon="-73.118582303" /><trkpt lat="-36.929257597" lon="-73.118590113" /><trkpt lat="-36.929275241" lon="-73.118598741" /><trkpt lat="-36.929293546" lon="-73.118608224" /><trkpt lat="-36.929309029" lon="-73.118616473" /><trkpt lat="-36.929324385" lon="-73.118624693" /><trkpt lat="-36.929339610" lon="-73.118632903" /><trkpt lat="-36.929354698" lon="-73.118641122" /><trkpt lat="-36.929369645" lon="-73.118649371" /><trkpt lat="-36.929384446" lon="-73.118657669" /><trkpt lat="-36.929399097" lon="-73.118666036" /><trkpt lat="-36.929413591" lon="-73.118674490" /><trkpt lat="-36.929427926" lon="-73.118683053" /><trkpt lat="-36.929442095" lon="-73.118691744" /><trkpt lat="-36.929456094" lon="-73.118700582" /><trkpt lat="-36.929469919" lon="-73.118709586" /><trkpt lat="-36.929483563" lon="-73.118718777" /><trkpt lat="-36.929497024" lon="-73.118728174" /><trkpt lat="-36.929510295" lon="-73.118737797" /><trkpt lat="-36.929523372" lon="-73.118747665" /><trkpt lat="-36.929536250" lon="-73.118757798" /><trkpt lat="-36.929548925" lon="-73.118768216" /><trkpt lat="-36.929561391" lon="-73.118778938" /><trkpt lat="-36.929573644" lon="-73.118789984" /><trkpt lat="-36.929585679" lon="-73.118801373" /><trkpt lat="-36.929597491" lon="-73.118813125" /><trkpt lat="-36.929609075" lon="-73.118825261" /><trkpt lat="-36.929620427" lon="-73.118837798" /><trkpt lat="-36.929631541" lon="-73.118850758" /><trkpt lat="-36.929642413" lon="-73.118864159" /><trkpt lat="-36.929653039" lon="-73.118878021" /><trkpt lat="-36.929663413" lon="-73.118892364" /><trkpt lat="-36.929673530" lon="-73.118907208" /><trkpt lat="-36.929683386" lon="-73.118922572" /><trkpt lat="-36.929692975" lon="-73.118938476" /><trkpt lat="-36.929702294" lon="-73.118954939" /><trkpt lat="-36.929711337" lon="-73.118971981" /><trkpt lat="-36.929720100" lon="-73.118989622" /><trkpt lat="-36.929728577" lon="-73.119007881" /><trkpt lat="-36.929736764" lon="-73.119026778" /><trkpt lat="-36.929745834" lon="-73.119048828" /><trkpt lat="-36.929754395" lon="-73.119070342" /><trkpt lat="-36.929762483" lon="-73.119091335" /><trkpt lat="-36.929770135" lon="-73.119111821" /><trkpt lat="-36.929777387" lon="-73.119131815" /><trkpt lat="-36.929784275" lon="-73.119151330" /><trkpt lat="-36.929790837" lon="-73.119170382" /><trkpt lat="-36.929797108" lon="-73.119188984" /><trkpt lat="-36.929803126" lon="-73.119207152" /><trkpt lat="-36.929808926" lon="-73.119224899" /><trkpt lat="-36.929814546" lon="-73.119242240" /><trkpt lat="-36.929820021" lon="-73.119259190" /><trkpt lat="-36.929825389" lon="-73.119275763" /><trkpt lat="-36.929830686" lon="-73.119291973" /><trkpt lat="-36.929835947" lon="-73.119307835" /><trkpt lat="-36.929841211" lon="-73.119323363" /><trkpt lat="-36.929846513" lon="-73.119338572" /><trkpt lat="-36.929851890" lon="-73.119353476" /><trkpt lat="-36.929857378" lon="-73.119368089" /><trkpt lat="-36.929863014" lon="-73.119382427" /><trkpt lat="-36.929868834" lon="-73.119396502" /><trkpt lat="-36.929874876" lon="-73.119410331" /><trkpt lat="-36.929881174" lon="-73.119423927" /><trkpt lat="-36.929887767" lon="-73.119437304" /><trkpt lat="-36.929894690" lon="-73.119450478" /><trkpt lat="-36.929901980" lon="-73.119463462" /><trkpt lat="-36.929909674" lon="-73.119476271" /><trkpt lat="-36.929917807" lon="-73.119488920" /><trkpt lat="-36.929926417" lon="-73.119501423" /><trkpt lat="-36.929935540" lon="-73.119513793" /><trkpt lat="-36.929945213" lon="-73.119526047" /><trkpt lat="-36.929955380" lon="-73.119538582" /><trkpt lat="-36.929965283" lon="-73.119550975" /><trkpt lat="-36.929974902" lon="-73.119563228" /><trkpt lat="-36.929984217" lon="-73.119575341" /><trkpt lat="-36.929993207" lon="-73.119587315" /><trkpt lat="-36.930001851" lon="-73.119599153" /><trkpt lat="-36.930010129" lon="-73.119610855" /><trkpt lat="-36.930018021" lon="-73.119622422" /><trkpt lat="-36.930025507" lon="-73.119633855" /><trkpt lat="-36.930032564" lon="-73.119645157" /><trkpt lat="-36.930039174" lon="-73.119656327" /><trkpt lat="-36.930045316" lon="-73.119667367" /><trkpt lat="-36.930050968" lon="-73.119678278" /><trkpt lat="-36.930056112" lon="-73.119689062" /><trkpt lat="-36.930060725" lon="-73.119699720" /><trkpt lat="-36.930064788" lon="-73.119710252" /><trkpt lat="-36.930068281" lon="-73.119720661" /><trkpt lat="-36.930071182" lon="-73.119730946" /><trkpt lat="-36.930073471" lon="-73.119741110" /><trkpt lat="-36.930075128" lon="-73.119751154" /><trkpt lat="-36.930076133" lon="-73.119761078" /><trkpt lat="-36.930076464" lon="-73.119770885" /><trkpt lat="-36.930076101" lon="-73.119780574" /><trkpt lat="-36.930075024" lon="-73.119790148" /><trkpt lat="-36.930073213" lon="-73.119799608" /><trkpt lat="-36.930070646" lon="-73.119808954" /><trkpt lat="-36.930067303" lon="-73.119818188" /><trkpt lat="-36.930063165" lon="-73.119827311" /><trkpt lat="-36.930058209" lon="-73.119836325" /><trkpt lat="-36.930052417" lon="-73.119845230" /><trkpt lat="-36.930046030" lon="-73.119853753" /><trkpt lat="-36.930039314" lon="-73.119861633" /><trkpt lat="-36.930032282" lon="-73.119868887" /><trkpt lat="-36.930024949" lon="-73.119875533" /><trkpt lat="-36.930017327" lon="-73.119881588" /><trkpt lat="-36.930009432" lon="-73.119887072" /><trkpt lat="-36.930001277" lon="-73.119892001" /><trkpt lat="-36.929992876" lon="-73.119896394" /><trkpt lat="-36.929984242" lon="-73.119900269" /><trkpt lat="-36.929975389" lon="-73.119903642" /><trkpt lat="-36.929966331" lon="-73.119906533" /><trkpt lat="-36.929957083" lon="-73.119908959" /><trkpt lat="-36.929947657" lon="-73.119910938" /><trkpt lat="-36.929938067" lon="-73.119912488" /><trkpt lat="-36.929928328" lon="-73.119913626" /><trkpt lat="-36.929918454" lon="-73.119914371" /><trkpt lat="-36.929908457" lon="-73.119914741" /><trkpt lat="-36.929898352" lon="-73.119914753" /><trkpt lat="-36.929888153" lon="-73.119914425" /><trkpt lat="-36.929877873" lon="-73.119913775" /><trkpt lat="-36.929867527" lon="-73.119912822" /><trkpt lat="-36.929857127" lon="-73.119911582" /><trkpt lat="-36.929846689" lon="-73.119910074" /><trkpt lat="-36.929836225" lon="-73.119908315" /><trkpt lat="-36.929825750" lon="-73.119906325" /><trkpt lat="-36.929815277" lon="-73.119904119" /><trkpt lat="-36.929804821" lon="-73.119901717" /><trkpt lat="-36.929794394" lon="-73.119899136" /><trkpt lat="-36.929784012" lon="-73.119896394" /><trkpt lat="-36.929773687" lon="-73.119893510" /><trkpt lat="-36.929763329" lon="-73.119890630" /><trkpt lat="-36.929752859" lon="-73.119887858" /><trkpt lat="-36.929742310" lon="-73.119885138" /><trkpt lat="-36.929731712" lon="-73.119882417" /><trkpt lat="-36.929721097" lon="-73.119879639" /><trkpt lat="-36.929710496" lon="-73.119876751" /><trkpt lat="-36.929699941" lon="-73.119873698" /><trkpt lat="-36.929689463" lon="-73.119870427" /><trkpt lat="-36.929679094" lon="-73.119866883" /><trkpt lat="-36.929668864" lon="-73.119863012" /><trkpt lat="-36.929658807" lon="-73.119858759" /><trkpt lat="-36.929648952" lon="-73.119854070" /><trkpt lat="-36.929639332" lon="-73.119848892" /><trkpt lat="-36.929629977" lon="-73.119843169" /><trkpt lat="-36.929620920" lon="-73.119836848" /><trkpt lat="-36.929612192" lon="-73.119829874" /><trkpt lat="-36.929603824" lon="-73.119822193" /><trkpt lat="-36.929595847" lon="-73.119813751" /><trkpt lat="-36.929588294" lon="-73.119804494" /><trkpt lat="-36.929581195" lon="-73.119794367" /><trkpt lat="-36.929574582" lon="-73.119783316" /><trkpt lat="-36.929568487" lon="-73.119771288" /><trkpt lat="-36.929562940" lon="-73.119758226" /><trkpt lat="-36.929557974" lon="-73.119744078" /><trkpt lat="-36.929553620" lon="-73.119728790" /><trkpt lat="-36.929549909" lon="-73.119712306" /><trkpt lat="-36.929546872" lon="-73.119694573" /><trkpt lat="-36.929544542" lon="-73.119675536" /><trkpt lat="-36.929542949" lon="-73.119655142" /><trkpt lat="-36.929542125" lon="-73.119633335" /><trkpt lat="-36.929541648" lon="-73.119611151" /><trkpt lat="-36.929541056" lon="-73.119589652" /><trkpt lat="-36.929540317" lon="-73.119568825" /><trkpt lat="-36.929539403" lon="-73.119548658" /><trkpt lat="-36.929538283" lon="-73.119529139" /><trkpt lat="-36.929536928" lon="-73.119510254" /><trkpt lat="-36.929535306" lon="-73.119491991" /><trkpt lat="-36.929533388" lon="-73.119474338" /><trkpt lat="-36.929531145" lon="-73.119457283" /><trkpt lat="-36.929528546" lon="-73.119440812" /><trkpt lat="-36.929525560" lon="-73.119424913" /><trkpt lat="-36.929522159" lon="-73.119409575" /><trkpt lat="-36.929518312" lon="-73.119394783" /><trkpt lat="-36.929513989" lon="-73.119380526" /><trkpt lat="-36.929509160" lon="-73.119366791" /><trkpt lat="-36.929503794" lon="-73.119353565" /><trkpt lat="-36.929497863" lon="-73.119340837" /><trkpt lat="-36.929491336" lon="-73.119328593" /><trkpt lat="-36.929484182" lon="-73.119316822" /><trkpt lat="-36.929476373" lon="-73.119305510" /><trkpt lat="-36.929467877" lon="-73.119294645" /><trkpt lat="-36.929458666" lon="-73.119284214" /><trkpt lat="-36.929448708" lon="-73.119274206" /><trkpt lat="-36.929437974" lon="-73.119264607" /><trkpt lat="-36.929426433" lon="-73.119255405" /><trkpt lat="-36.929414057" lon="-73.119246587" /><trkpt lat="-36.929400814" lon="-73.119238141" /><trkpt lat="-36.929386676" lon="-73.119230055" /><trkpt lat="-36.929371610" lon="-73.119222316" /><trkpt lat="-36.929355589" lon="-73.119214911" /><trkpt lat="-36.929345058" lon="-73.119210769" /><trkpt lat="-36.929334111" lon="-73.119207381" /><trkpt lat="-36.929322759" lon="-73.119204719" /><trkpt lat="-36.929311016" lon="-73.119202758" /><trkpt lat="-36.929298895" lon="-73.119201471" /><trkpt lat="-36.929286407" lon="-73.119200831" /><trkpt lat="-36.929273565" lon="-73.119200814" /><trkpt lat="-36.929260381" lon="-73.119201392" /><trkpt lat="-36.929246869" lon="-73.119202539" /><trkpt lat="-36.929233041" lon="-73.119204230" /><trkpt lat="-36.929218909" lon="-73.119206437" /><trkpt lat="-36.929204485" lon="-73.119209136" /><trkpt lat="-36.929189783" lon="-73.119212299" /><trkpt lat="-36.929174815" lon="-73.119215900" /><trkpt lat="-36.929159593" lon="-73.119219913" /><trkpt lat="-36.929144130" lon="-73.119224313" /><trkpt lat="-36.929128438" lon="-73.119229072" /><trkpt lat="-36.929112530" lon="-73.119234165" /><trkpt lat="-36.929096419" lon="-73.119239565" /><trkpt lat="-36.929080116" lon="-73.119245246" /><trkpt lat="-36.929063635" lon="-73.119251183" /><trkpt lat="-36.929046988" lon="-73.119257348" /><trkpt lat="-36.929030188" lon="-73.119263715" /><trkpt lat="-36.929013246" lon="-73.119270259" /><trkpt lat="-36.928996176" lon="-73.119276954" /><trkpt lat="-36.928978991" lon="-73.119283772" /><trkpt lat="-36.928961701" lon="-73.119290688" /><trkpt lat="-36.928944321" lon="-73.119297675" /><trkpt lat="-36.928926863" lon="-73.119304708" /><trkpt lat="-36.928909339" lon="-73.119311760" /><trkpt lat="-36.928891762" lon="-73.119318805" /><trkpt lat="-36.928874144" lon="-73.119325817" /><trkpt lat="-36.928856497" lon="-73.119332770" /><trkpt lat="-36.928838835" lon="-73.119339636" /><trkpt lat="-36.928821170" lon="-73.119346391" /><trkpt lat="-36.928803514" lon="-73.119353008" /><trkpt lat="-36.928785880" lon="-73.119359461" /><trkpt lat="-36.928768280" lon="-73.119365723" /><trkpt lat="-36.928750728" lon="-73.119371769" /><trkpt lat="-36.928733234" lon="-73.119377572" /><trkpt lat="-36.928715813" lon="-73.119383106" /><trkpt lat="-36.928698476" lon="-73.119388344" /><trkpt lat="-36.928681236" lon="-73.119393262" /><trkpt lat="-36.928664106" lon="-73.119397831" /><trkpt lat="-36.928647098" lon="-73.119402027" /><trkpt lat="-36.928630224" lon="-73.119405823" /><trkpt lat="-36.928613498" lon="-73.119409192" /><trkpt lat="-36.928596931" lon="-73.119412109" /><trkpt lat="-36.928579929" lon="-73.119414834" /><trkpt lat="-36.928562602" lon="-73.119417530" /><trkpt lat="-36.928544971" lon="-73.119420199" /><trkpt lat="-36.928527054" lon="-73.119422840" /><trkpt lat="-36.928508871" lon="-73.119425454" /><trkpt lat="-36.928490441" lon="-73.119428043" /><trkpt lat="-36.928471783" lon="-73.119430606" /><trkpt lat="-36.928452917" lon="-73.119433144" /><trkpt lat="-36.928433861" lon="-73.119435658" /><trkpt lat="-36.928414637" lon="-73.119438148" /><trkpt lat="-36.928395261" lon="-73.119440616" /><trkpt lat="-36.928375755" lon="-73.119443061" /><trkpt lat="-36.928356138" lon="-73.119445484" /><trkpt lat="-36.928336428" lon="-73.119447887" /><trkpt lat="-36.928316645" lon="-73.119450269" /><trkpt lat="-36.928296808" lon="-73.119452631" /><trkpt lat="-36.928276937" lon="-73.119454974" /><trkpt lat="-36.928257051" lon="-73.119457298" /><trkpt lat="-36.928237169" lon="-73.119459604" /><trkpt lat="-36.928217311" lon="-73.119461893" /><trkpt lat="-36.928197496" lon="-73.119464166" /><trkpt lat="-36.928177743" lon="-73.119466422" /><trkpt lat="-36.928158072" lon="-73.119468662" /><trkpt lat="-36.928138502" lon="-73.119470888" /><trkpt lat="-36.928119052" lon="-73.119473099" /><trkpt lat="-36.928099742" lon="-73.119475297" /><trkpt lat="-36.928080591" lon="-73.119477482" /><trkpt lat="-36.928061618" lon="-73.119479654" /><trkpt lat="-36.928042843" lon="-73.119481815" /><trkpt lat="-36.928024285" lon="-73.119483964" /><trkpt lat="-36.928005963" lon="-73.119486103" /><trkpt lat="-36.927987896" lon="-73.119488232" /><trkpt lat="-36.927970105" lon="-73.119490352" /><trkpt lat="-36.927952608" lon="-73.119492463" /><trkpt lat="-36.927935424" lon="-73.119494566" /><trkpt lat="-36.927918574" lon="-73.119496661" /><trkpt lat="-36.927902076" lon="-73.119498750" /><trkpt lat="-36.927885949" lon="-73.119500832" /><trkpt lat="-36.927870213" lon="-73.119502909" /><trkpt lat="-36.927854888" lon="-73.119504981" /><trkpt lat="-36.927839992" lon="-73.119507049" /><trkpt lat="-36.927825545" lon="-73.119509113" /><trkpt lat="-36.927811566" lon="-73.119511173" /><trkpt lat="-36.927798075" lon="-73.119513232" /><trkpt lat="-36.927785091" lon="-73.119515288" /><trkpt lat="-36.927772633" lon="-73.119517343" /><trkpt lat="-36.927760721" lon="-73.119519398" /><trkpt lat="-36.927747207" lon="-73.119521713" /><trkpt lat="-36.927733351" lon="-73.119523962" /><trkpt lat="-36.927719177" lon="-73.119526167" /><trkpt lat="-36.927704705" lon="-73.119528348" /><trkpt lat="-36.927689959" lon="-73.119530527" /><trkpt lat="-36.927674961" lon="-73.119532726" /><trkpt lat="-36.927659733" lon="-73.119534965" /><trkpt lat="-36.927644299" lon="-73.119537266" /><trkpt lat="-36.927628679" lon="-73.119539651" /><trkpt lat="-36.927612898" lon="-73.119542140" /><trkpt lat="-36.927596976" lon="-73.119544755" /><trkpt lat="-36.927580938" lon="-73.119547516" /><trkpt lat="-36.927564804" lon="-73.119550447" /><trkpt lat="-36.927548597" lon="-73.119553567" /><trkpt lat="-36.927532341" lon="-73.119556898" /><trkpt lat="-36.927516057" lon="-73.119560461" /><trkpt lat="-36.927499767" lon="-73.119564278" /><trkpt lat="-36.927483495" lon="-73.119568369" /><trkpt lat="-36.927467262" lon="-73.119572757" /><trkpt lat="-36.927451092" lon="-73.119577463" /><trkpt lat="-36.927435005" lon="-73.119582507" /><trkpt lat="-36.927419026" lon="-73.119587911" /><trkpt lat="-36.927403176" lon="-73.119593697" /><trkpt lat="-36.927387478" lon="-73.119599886" /><trkpt lat="-36.927371953" lon="-73.119606498" /><trkpt lat="-36.927356626" lon="-73.119613556" /><trkpt lat="-36.927341517" lon="-73.119621080" /><trkpt lat="-36.927326650" lon="-73.119629092" /><trkpt lat="-36.927312047" lon="-73.119637613" /><trkpt lat="-36.927297730" lon="-73.119646665" /><trkpt lat="-36.927283722" lon="-73.119656268" /><trkpt lat="-36.927270045" lon="-73.119666445" /><trkpt lat="-36.927256721" lon="-73.119677216" /><trkpt lat="-36.927243774" lon="-73.119688602" /><trkpt lat="-36.927231225" lon="-73.119700626" /><trkpt lat="-36.927219097" lon="-73.119713308" /><trkpt lat="-36.927207412" lon="-73.119726669" /><trkpt lat="-36.927196193" lon="-73.119740731" /><trkpt lat="-36.927185462" lon="-73.119755516" /><trkpt lat="-36.927175241" lon="-73.119771043" /><trkpt lat="-36.927165554" lon="-73.119787336" /><trkpt lat="-36.927156804" lon="-73.119803246" /><trkpt lat="-36.927148491" lon="-73.119819164" /><trkpt lat="-36.927140591" lon="-73.119835089" /><trkpt lat="-36.927133082" lon="-73.119851019" /><trkpt lat="-36.927125941" lon="-73.119866954" /><trkpt lat="-36.927119145" lon="-73.119882893" /><trkpt lat="-36.927112672" lon="-73.119898834" /><trkpt lat="-36.927106498" lon="-73.119914777" /><trkpt lat="-36.927100600" lon="-73.119930720" /><trkpt lat="-36.927094957" lon="-73.119946664" /><trkpt lat="-36.927089544" lon="-73.119962605" /><trkpt lat="-36.927084340" lon="-73.119978545" /><trkpt lat="-36.927079321" lon="-73.119994480" /><trkpt lat="-36.927074465" lon="-73.120010412" /><trkpt lat="-36.927069749" lon="-73.120026338" /><trkpt lat="-36.927065150" lon="-73.120042257" /><trkpt lat="-36.927060644" lon="-73.120058169" /><trkpt lat="-36.927056211" lon="-73.120074072" /><trkpt lat="-36.927051825" lon="-73.120089966" /><trkpt lat="-36.927047466" lon="-73.120105850" /><trkpt lat="-36.927043109" lon="-73.120121722" /><trkpt lat="-36.927038733" lon="-73.120137581" /><trkpt lat="-36.927034313" lon="-73.120153427" /><trkpt lat="-36.927029829" lon="-73.120169258" /><trkpt lat="-36.927025256" lon="-73.120185073" /><trkpt lat="-36.927020571" lon="-73.120200872" /><trkpt lat="-36.927015753" lon="-73.120216654" /><trkpt lat="-36.927010778" lon="-73.120232417" /><trkpt lat="-36.927005623" lon="-73.120248160" /><trkpt lat="-36.927000266" lon="-73.120263882" /><trkpt lat="-36.926994684" lon="-73.120279583" /><trkpt lat="-36.926988853" lon="-73.120295261" /><trkpt lat="-36.926982752" lon="-73.120310916" /><trkpt lat="-36.926976357" lon="-73.120326545" /><trkpt lat="-36.926969646" lon="-73.120342149" /><trkpt lat="-36.926962595" lon="-73.120357727" /><trkpt lat="-36.926955182" lon="-73.120373276" /><trkpt lat="-36.926947384" lon="-73.120388797" /><trkpt lat="-36.926939179" lon="-73.120404288" /><trkpt lat="-36.926930542" lon="-73.120419749" /><trkpt lat="-36.926921453" lon="-73.120435177" /><trkpt lat="-36.926911887" lon="-73.120450573" /><trkpt lat="-36.926901822" lon="-73.120465935" /><trkpt lat="-36.926892653" lon="-73.120479419" /><trkpt lat="-36.926883265" lon="-73.120492927" /><trkpt lat="-36.926873661" lon="-73.120506443" /><trkpt lat="-36.926863843" lon="-73.120519949" /><trkpt lat="-36.926853817" lon="-73.120533427" /><trkpt lat="-36.926843585" lon="-73.120546859" /><trkpt lat="-36.926833150" lon="-73.120560230" /><trkpt lat="-36.926822516" lon="-73.120573520" /><trkpt lat="-36.926811687" lon="-73.120586713" /><trkpt lat="-36.926800666" lon="-73.120599790" /><trkpt lat="-36.926789455" lon="-73.120612736" /><trkpt lat="-36.926778060" lon="-73.120625531" /><trkpt lat="-36.926766482" lon="-73.120638160" /><trkpt lat="-36.926754726" lon="-73.120650603" /><trkpt lat="-36.926742795" lon="-73.120662845" /><trkpt lat="-36.926730692" lon="-73.120674866" /><trkpt lat="-36.926718420" lon="-73.120686651" /><trkpt lat="-36.926705984" lon="-73.120698181" /><trkpt lat="-36.926693386" lon="-73.120709440" /><trkpt lat="-36.926680630" lon="-73.120720408" /><trkpt lat="-36.926667720" lon="-73.120731070" /><trkpt lat="-36.926654658" lon="-73.120741408" /><trkpt lat="-36.926641448" lon="-73.120751404" /><trkpt lat="-36.926628094" lon="-73.120761040" /><trkpt lat="-36.926614599" lon="-73.120770300" /><trkpt lat="-36.926600967" lon="-73.120779166" /><trkpt lat="-36.926587200" lon="-73.120787620" /><trkpt lat="-36.926573302" lon="-73.120795645" /><trkpt lat="-36.926559277" lon="-73.120803224" /><trkpt lat="-36.926545128" lon="-73.120810338" /><trkpt lat="-36.926530859" lon="-73.120816972" /><trkpt lat="-36.926516472" lon="-73.120823106" /><trkpt lat="-36.926501972" lon="-73.120828724" /><trkpt lat="-36.926487361" lon="-73.120833809" /><trkpt lat="-36.926472643" lon="-73.120838342" /><trkpt lat="-36.926457822" lon="-73.120842307" /><trkpt lat="-36.926442901" lon="-73.120845685" /><trkpt lat="-36.926427883" lon="-73.120848460" /><trkpt lat="-36.926412772" lon="-73.120850614" /><trkpt lat="-36.926397571" lon="-73.120852130" /><trkpt lat="-36.926382284" lon="-73.120852989" /><trkpt lat="-36.926366913" lon="-73.120853176" /><trkpt lat="-36.926351463" lon="-73.120852671" /><trkpt lat="-36.926335937" lon="-73.120851459" /><trkpt lat="-36.926320338" lon="-73.120849520" /><trkpt lat="-36.926304670" lon="-73.120846839" /><trkpt lat="-36.926288935" lon="-73.120843397" /><trkpt lat="-36.926273138" lon="-73.120839177" /><trkpt lat="-36.926257282" lon="-73.120834161" /><trkpt lat="-36.926235423" lon="-73.120826542" /><trkpt lat="-36.926214301" lon="-73.120818857" /><trkpt lat="-36.926193885" lon="-73.120811107" /><trkpt lat="-36.926174143" lon="-73.120803292" /><trkpt lat="-36.926155046" lon="-73.120795409" /><trkpt lat="-36.926136562" lon="-73.120787460" /><trkpt lat="-36.926118661" lon="-73.120779444" /><trkpt lat="-36.926101310" lon="-73.120771360" /><trkpt lat="-36.926084479" lon="-73.120763208" /><trkpt lat="-36.926068138" lon="-73.120754987" /><trkpt lat="-36.926052255" lon="-73.120746698" /><trkpt lat="-36.926036799" lon="-73.120738339" /><trkpt lat="-36.926021739" lon="-73.120729910" /><trkpt lat="-36.926007045" lon="-73.120721411" /><trkpt lat="-36.925992684" lon="-73.120712841" /><trkpt lat="-36.925978627" lon="-73.120704200" /><trkpt lat="-36.925964843" lon="-73.120695487" /><trkpt lat="-36.925951299" lon="-73.120686702" /><trkpt lat="-36.925937966" lon="-73.120677845" /><trkpt lat="-36.925924812" lon="-73.120668915" /><trkpt lat="-36.925911807" lon="-73.120659911" /><trkpt lat="-36.925898919" lon="-73.120650834" /><trkpt lat="-36.925886117" lon="-73.120641682" /><trkpt lat="-36.925873370" lon="-73.120632456" /><trkpt lat="-36.925860648" lon="-73.120623155" /><trkpt lat="-36.925847920" lon="-73.120613778" /><trkpt lat="-36.925835153" lon="-73.120604326" /><trkpt lat="-36.925822319" lon="-73.120594797" /><trkpt lat="-36.925809384" lon="-73.120585191" /><trkpt lat="-36.925796319" lon="-73.120575508" /><trkpt lat="-36.925783093" lon="-73.120565747" /><trkpt lat="-36.925769674" lon="-73.120555908" /><trkpt lat="-36.925756031" lon="-73.120545991" /><trkpt lat="-36.925742134" lon="-73.120535994" /><trkpt lat="-36.925727952" lon="-73.120525918" /><trkpt lat="-36.925716444" lon="-73.120517851" /><trkpt lat="-36.925704727" lon="-73.120509752" /><trkpt lat="-36.925692801" lon="-73.120501636" /><trkpt lat="-36.925680666" lon="-73.120493517" /><trkpt lat="-36.925668323" lon="-73.120485409" /><trkpt lat="-36.925655771" lon="-73.120477326" /><trkpt lat="-36.925643010" lon="-73.120469283" /><trkpt lat="-36.925630042" lon="-73.120461292" /><trkpt lat="-36.925616865" lon="-73.120453370" /><trkpt lat="-36.925603481" lon="-73.120445529" /><trkpt lat="-36.925589888" lon="-73.120437784" /><trkpt lat="-36.925576088" lon="-73.120430150" /><trkpt lat="-36.925562081" lon="-73.120422640" /><trkpt lat="-36.925547866" lon="-73.120415268" /><trkpt lat="-36.925533444" lon="-73.120408049" /><trkpt lat="-36.925518815" lon="-73.120400997" /><trkpt lat="-36.925503979" lon="-73.120394126" /><trkpt lat="-36.925488936" lon="-73.120387450" /><trkpt lat="-36.925473687" lon="-73.120380983" /><trkpt lat="-36.925458231" lon="-73.120374740" /><trkpt lat="-36.925442569" lon="-73.120368734" /><trkpt lat="-36.925426701" lon="-73.120362980" /><trkpt lat="-36.925410627" lon="-73.120357493" /><trkpt lat="-36.925394346" lon="-73.120352285" /><trkpt lat="-36.925377861" lon="-73.120347372" /><trkpt lat="-36.925361169" lon="-73.120342767" /><trkpt lat="-36.925344273" lon="-73.120338485" /><trkpt lat="-36.925327171" lon="-73.120334540" /><trkpt lat="-36.925309863" lon="-73.120330946" /><trkpt lat="-36.925292351" lon="-73.120327717" /><trkpt lat="-36.925274634" lon="-73.120324868" /><trkpt lat="-36.925256713" lon="-73.120322411" /><trkpt lat="-36.925238587" lon="-73.120320363" /><trkpt lat="-36.925220256" lon="-73.120318736" /><trkpt lat="-36.925201721" lon="-73.120317546" /><trkpt lat="-36.925182983" lon="-73.120316805" /><trkpt lat="-36.925164040" lon="-73.120316529" /><trkpt lat="-36.925144893" lon="-73.120316732" /><trkpt lat="-36.925125543" lon="-73.120317427" /><trkpt lat="-36.925105990" lon="-73.120318629" /><trkpt lat="-36.925086233" lon="-73.120320352" /><trkpt lat="-36.925066273" lon="-73.120322610" /><trkpt lat="-36.925046109" lon="-73.120325418" /><trkpt lat="-36.925025743" lon="-73.120328789" /><trkpt lat="-36.925009818" lon="-73.120331589" /><trkpt lat="-36.924993649" lon="-73.120334346" /><trkpt lat="-36.924977246" lon="-73.120337063" /><trkpt lat="-36.924960620" lon="-73.120339743" /><trkpt lat="-36.924943783" lon="-73.120342388" /><trkpt lat="-36.924926744" lon="-73.120345003" /><trkpt lat="-36.924909515" lon="-73.120347589" /><trkpt lat="-36.924892106" lon="-73.120350151" /><trkpt lat="-36.924874528" lon="-73.120352691" /><trkpt lat="-36.924856792" lon="-73.120355213" /><trkpt lat="-36.924838908" lon="-73.120357719" /><trkpt lat="-36.924820888" lon="-73.120360213" /><trkpt lat="-36.924802742" lon="-73.120362697" /><trkpt lat="-36.924784480" lon="-73.120365175" /><trkpt lat="-36.924766115" lon="-73.120367651" /><trkpt lat="-36.924747655" lon="-73.120370126" /><trkpt lat="-36.924729113" lon="-73.120372605" /><trkpt lat="-36.924710498" lon="-73.120375090" /><trkpt lat="-36.924691822" lon="-73.120377585" /><trkpt lat="-36.924673095" lon="-73.120380092" /><trkpt lat="-36.924654328" lon="-73.120382614" /><trkpt lat="-36.924635533" lon="-73.120385156" /><trkpt lat="-36.924616718" lon="-73.120387719" /><trkpt lat="-36.924597896" lon="-73.120390308" /><trkpt lat="-36.924579078" lon="-73.120392924" /><trkpt lat="-36.924560273" lon="-73.120395572" /><trkpt lat="-36.924541492" lon="-73.120398254" /><trkpt lat="-36.924522747" lon="-73.120400973" /><trkpt lat="-36.924504048" lon="-73.120403733" /><trkpt lat="-36.924485406" lon="-73.120406537" /><trkpt lat="-36.924466831" lon="-73.120409387" /><trkpt lat="-36.924448335" lon="-73.120412287" /><trkpt lat="-36.924429928" lon="-73.120415241" /><trkpt lat="-36.924411621" lon="-73.120418250" /><trkpt lat="-36.924393424" lon="-73.120421318" /><trkpt lat="-36.924375349" lon="-73.120424449" /><trkpt lat="-36.924357406" lon="-73.120427646" /><trkpt lat="-36.924339606" lon="-73.120430911" /><trkpt lat="-36.924321959" lon="-73.120434247" /><trkpt lat="-36.924304477" lon="-73.120437658" /><trkpt lat="-36.924287170" lon="-73.120441148" /><trkpt lat="-36.924270049" lon="-73.120444718" /><trkpt lat="-36.924253124" lon="-73.120448372" /><trkpt lat="-36.924236407" lon="-73.120452114" /><trkpt lat="-36.924219908" lon="-73.120455945" /><trkpt lat="-36.924203638" lon="-73.120459871" /><trkpt lat="-36.924187607" lon="-73.120463893" /><trkpt lat="-36.924171827" lon="-73.120468014" /><trkpt lat="-36.924156308" lon="-73.120472238" /><trkpt lat="-36.924141061" lon="-73.120476568" /><trkpt lat="-36.924126097" lon="-73.120481007" /><trkpt lat="-36.924111426" lon="-73.120485559" /><trkpt lat="-36.924097059" lon="-73.120490225" /><trkpt lat="-36.924083007" lon="-73.120495010" /><trkpt lat="-36.924069281" lon="-73.120499916" /><trkpt lat="-36.924055891" lon="-73.120504947" /><trkpt lat="-36.924042849" lon="-73.120510105" /><trkpt lat="-36.924025894" lon="-73.120517001" /><trkpt lat="-36.924009136" lon="-73.120523847" /><trkpt lat="-36.923992566" lon="-73.120530658" /><trkpt lat="-36.923976179" lon="-73.120537445" /><trkpt lat="-36.923959968" lon="-73.120544220" /><trkpt lat="-36.923943927" lon="-73.120550996" /><trkpt lat="-36.923928048" lon="-73.120557785" /><trkpt lat="-36.923912327" lon="-73.120564600" /><trkpt lat="-36.923896755" lon="-73.120571452" /><trkpt lat="-36.923881327" lon="-73.120578355" /><trkpt lat="-36.923866037" lon="-73.120585320" /><trkpt lat="-36.923850877" lon="-73.120592360" /><trkpt lat="-36.923835841" lon="-73.120599488" /><trkpt lat="-36.923820923" lon="-73.120606715" /><trkpt lat="-36.923806117" lon="-73.120614054" /><trkpt lat="-36.923791415" lon="-73.120621517" /><trkpt lat="-36.923776811" lon="-73.120629117" /><trkpt lat="-36.923762299" lon="-73.120636866" /><trkpt lat="-36.923747873" lon="-73.120644776" /><trkpt lat="-36.923733525" lon="-73.120652860" /><trkpt lat="-36.923719250" lon="-73.120661129" /><trkpt lat="-36.923705040" lon="-73.120669598" /><trkpt lat="-36.923690890" lon="-73.120678277" /><trkpt lat="-36.923676793" lon="-73.120687178" /><trkpt lat="-36.923662742" lon="-73.120696316" /><trkpt lat="-36.923648731" lon="-73.120705701" /><trkpt lat="-36.923634753" lon="-73.120715346" /><trkpt lat="-36.923620803" lon="-73.120725264" /><trkpt lat="-36.923606873" lon="-73.120735466" /><trkpt lat="-36.923592957" lon="-73.120745966" /><trkpt lat="-36.923579048" lon="-73.120756775" /><trkpt lat="-36.923565141" lon="-73.120767906" /><trkpt lat="-36.923551228" lon="-73.120779371" /><trkpt lat="-36.923537303" lon="-73.120791183" /><trkpt lat="-36.923523360" lon="-73.120803353" /><trkpt lat="-36.923509391" lon="-73.120815895" /><trkpt lat="-36.923495392" lon="-73.120828820" /><trkpt lat="-36.923481354" lon="-73.120842142" /><trkpt lat="-36.923467272" lon="-73.120855871" /><trkpt lat="-36.923453139" lon="-73.120870021" /><trkpt lat="-36.923438949" lon="-73.120884604" /><trkpt lat="-36.923424695" lon="-73.120899633" /><trkpt lat="-36.923410371" lon="-73.120915119" /><trkpt lat="-36.923394555" lon="-73.120932269" /><trkpt lat="-36.923378791" lon="-73.120949066" /><trkpt lat="-36.923363104" lon="-73.120965519" /><trkpt lat="-36.923347520" lon="-73.120981640" /><trkpt lat="-36.923332062" lon="-73.120997439" /><trkpt lat="-36.923316754" lon="-73.121012927" /><trkpt lat="-36.923301623" lon="-73.121028116" /><trkpt lat="-36.923286691" lon="-73.121043015" /><trkpt lat="-36.923271985" lon="-73.121057637" /><trkpt lat="-36.923257527" lon="-73.121071991" /><trkpt lat="-36.923243344" lon="-73.121086089" /><trkpt lat="-36.923229459" lon="-73.121099941" /><trkpt lat="-36.923215898" lon="-73.121113558" /><trkpt lat="-36.923202684" lon="-73.121126951" /><trkpt lat="-36.923189842" lon="-73.121140131" /><trkpt lat="-36.923177397" lon="-73.121153109" /><trkpt lat="-36.923165374" lon="-73.121165896" /><trkpt lat="-36.923153796" lon="-73.121178502" /><trkpt lat="-36.923142690" lon="-73.121190938" /><trkpt lat="-36.923132078" lon="-73.121203216" /><trkpt lat="-36.923121987" lon="-73.121215346" /><trkpt lat="-36.923112439" lon="-73.121227338" /><trkpt lat="-36.923103461" lon="-73.121239204" /><trkpt lat="-36.923095076" lon="-73.121250955" /><trkpt lat="-36.923087310" lon="-73.121262601" /><trkpt lat="-36.923080186" lon="-73.121274153" /><trkpt lat="-36.923073730" lon="-73.121285622" /><trkpt lat="-36.923067965" lon="-73.121297020" /><trkpt lat="-36.923062917" lon="-73.121308356" /><trkpt lat="-36.923058610" lon="-73.121319641" /><trkpt lat="-36.923055069" lon="-73.121330888" /><trkpt lat="-36.923052318" lon="-73.121342105" /><trkpt lat="-36.923050382" lon="-73.121353305" /><trkpt lat="-36.923049285" lon="-73.121364498" /><trkpt lat="-36.923049052" lon="-73.121375694" /><trkpt lat="-36.923049708" lon="-73.121386906" /><trkpt lat="-36.923051277" lon="-73.121398143" /><trkpt lat="-36.923053784" lon="-73.121409416" /><trkpt lat="-36.923057254" lon="-73.121420736" /><trkpt lat="-36.923062557" lon="-73.121434976" /><trkpt lat="-36.923068178" lon="-73.121448217" /><trkpt lat="-36.923074118" lon="-73.121460498" /><trkpt lat="-36.923080380" lon="-73.121471855" /><trkpt lat="-36.923086966" lon="-73.121482328" /><trkpt lat="-36.923093878" lon="-73.121491955" /><trkpt lat="-36.923101119" lon="-73.121500773" /><trkpt lat="-36.923108691" lon="-73.121508821" /><trkpt lat="-36.923116596" lon="-73.121516137" /><trkpt lat="-36.923124838" lon="-73.121522760" /><trkpt lat="-36.923133418" lon="-73.121528727" /><trkpt lat="-36.923142338" lon="-73.121534076" /><trkpt lat="-36.923151602" lon="-73.121538846" /><trkpt lat="-36.923161211" lon="-73.121543075" /><trkpt lat="-36.923171168" lon="-73.121546800" /><trkpt lat="-36.923181475" lon="-73.121550061" /><trkpt lat="-36.923192135" lon="-73.121552895" /><trkpt lat="-36.923203150" lon="-73.121555340" /><trkpt lat="-36.923214522" lon="-73.121557435" /><trkpt lat="-36.923226254" lon="-73.121559218" /><trkpt lat="-36.923238348" lon="-73.121560726" /><trkpt lat="-36.923250806" lon="-73.121561999" /><trkpt lat="-36.923263632" lon="-73.121563073" /><trkpt lat="-36.923276827" lon="-73.121563988" /><trkpt lat="-36.923290393" lon="-73.121564781" /><trkpt lat="-36.923304334" lon="-73.121565491" /><trkpt lat="-36.923318651" lon="-73.121566155" /><trkpt lat="-36.923333346" lon="-73.121566812" /><trkpt lat="-36.923348423" lon="-73.121567501" /><trkpt lat="-36.923363884" lon="-73.121568258" /><trkpt lat="-36.923378366" lon="-73.121569053" /><trkpt lat="-36.923393334" lon="-73.121569969" /><trkpt lat="-36.923408758" lon="-73.121570992" /><trkpt lat="-36.923424611" lon="-73.121572112" /><trkpt lat="-36.923440863" lon="-73.121573315" /><trkpt lat="-36.923457485" lon="-73.121574590" /><trkpt lat="-36.923474450" lon="-73.121575925" /><trkpt lat="-36.923491728" lon="-73.121577308" /><trkpt lat="-36.923509291" lon="-73.121578727" /><trkpt lat="-36.923527110" lon="-73.121580169" /><trkpt lat="-36.923545156" lon="-73.121581623" /><trkpt lat="-36.923563402" lon="-73.121583077" /><trkpt lat="-36.923581818" lon="-73.121584518" /><trkpt lat="-36.923600375" lon="-73.121585935" /><trkpt lat="-36.923619045" lon="-73.121587315" /><trkpt lat="-36.923637800" lon="-73.121588647" /><trkpt lat="-36.923656610" lon="-73.121589919" /><trkpt lat="-36.923675448" lon="-73.121591118" /><trkpt lat="-36.923694283" lon="-73.121592232" /><trkpt lat="-36.923713089" lon="-73.121593250" /><trkpt lat="-36.923731835" lon="-73.121594159" /><trkpt lat="-36.923750494" lon="-73.121594948" /><trkpt lat="-36.923769037" lon="-73.121595604" /><trkpt lat="-36.923787435" lon="-73.121596115" /><trkpt lat="-36.923805660" lon="-73.121596470" /><trkpt lat="-36.923823682" lon="-73.121596655" /><trkpt lat="-36.923841474" lon="-73.121596660" /><trkpt lat="-36.923859006" lon="-73.121596472" /><trkpt lat="-36.923876250" lon="-73.121596080" /><trkpt lat="-36.923893177" lon="-73.121595470" /><trkpt lat="-36.923909759" lon="-73.121594631" /><trkpt lat="-36.923925967" lon="-73.121593552" /><trkpt lat="-36.923941773" lon="-73.121592219" /><trkpt lat="-36.923958589" lon="-73.121590386" /><trkpt lat="-36.923974749" lon="-73.121588104" /><trkpt lat="-36.923990284" lon="-73.121585372" /><trkpt lat="-36.924005225" lon="-73.121582187" /><trkpt lat="-36.924019601" lon="-73.121578548" /><trkpt lat="-36.924033444" lon="-73.121574452" /><trkpt lat="-36.924046783" lon="-73.121569900" /><trkpt lat="-36.924059650" lon="-73.121564887" /><trkpt lat="-36.924072075" lon="-73.121559413" /><trkpt lat="-36.924084087" lon="-73.121553476" /><trkpt lat="-36.924095719" lon="-73.121547075" /><trkpt lat="-36.924107000" lon="-73.121540206" /><trkpt lat="-36.924117961" lon="-73.121532869" /><trkpt lat="-36.924128632" lon="-73.121525062" /><trkpt lat="-36.924139044" lon="-73.121516782" /><trkpt lat="-36.924149227" lon="-73.121508029" /><trkpt lat="-36.924159211" lon="-73.121498800" /><trkpt lat="-36.924169029" lon="-73.121489094" /><trkpt lat="-36.924178708" lon="-73.121478908" /><trkpt lat="-36.924188282" lon="-73.121468242" /><trkpt lat="-36.924197778" lon="-73.121457092" /><trkpt lat="-36.924207230" lon="-73.121445458" /><trkpt lat="-36.924216666" lon="-73.121433338" /><trkpt lat="-36.924226117" lon="-73.121420730" /><trkpt lat="-36.924235614" lon="-73.121407631" /><trkpt lat="-36.924245187" lon="-73.121394041" /><trkpt lat="-36.924254867" lon="-73.121379957" /><trkpt lat="-36.924264684" lon="-73.121365378" /><trkpt lat="-36.924274669" lon="-73.121350302" /><trkpt lat="-36.924284852" lon="-73.121334727" /><trkpt lat="-36.924294800" lon="-73.121319496" /><trkpt lat="-36.924304733" lon="-73.121304458" /><trkpt lat="-36.924314665" lon="-73.121289655" /><trkpt lat="-36.924324608" lon="-73.121275129" /><trkpt lat="-36.924334577" lon="-73.121260920" /><trkpt lat="-36.924344585" lon="-73.121247072" /><trkpt lat="-36.924354645" lon="-73.121233625" /><trkpt lat="-36.924364771" lon="-73.121220620" /><trkpt lat="-36.924374977" lon="-73.121208099" /><trkpt lat="-36.924385275" lon="-73.121196104" /><trkpt lat="-36.924395680" lon="-73.121184676" /><trkpt lat="-36.924406205" lon="-73.121173857" /><trkpt lat="-36.924416863" lon="-73.121163688" /><trkpt lat="-36.924427669" lon="-73.121154211" /><trkpt lat="-36.924438634" lon="-73.121145467" /><trkpt lat="-36.924449774" lon="-73.121137498" /><trkpt lat="-36.924461101" lon="-73.121130345" /><trkpt lat="-36.924472630" lon="-73.121124049" /><trkpt lat="-36.924484372" lon="-73.121118653" /><trkpt lat="-36.924496343" lon="-73.121114198" /><trkpt lat="-36.924508555" lon="-73.121110724" /><trkpt lat="-36.924521022" lon="-73.121108275" /><trkpt lat="-36.924533758" lon="-73.121106891" /><trkpt lat="-36.924546776" lon="-73.121106613" /><trkpt lat="-36.924560089" lon="-73.121107484" /><trkpt lat="-36.924573711" lon="-73.121109545" /><trkpt lat="-36.924587656" lon="-73.121112836" /><trkpt lat="-36.924601937" lon="-73.121117401" /><trkpt lat="-36.924616568" lon="-73.121123280" /><trkpt lat="-36.924631561" lon="-73.121130515" /><trkpt lat="-36.924646931" lon="-73.121139147" /><trkpt lat="-36.924662711" lon="-73.121148740" /><trkpt lat="-36.924677903" lon="-73.121158205" /><trkpt lat="-36.924692537" lon="-73.121167541" /><trkpt lat="-36.924706641" lon="-73.121176744" /><trkpt lat="-36.924720242" lon="-73.121185812" /><trkpt lat="-36.924733370" lon="-73.121194744" /><trkpt lat="-36.924746051" lon="-73.121203536" /><trkpt lat="-36.924758314" lon="-73.121212186" /><trkpt lat="-36.924770188" lon="-73.121220691" /><trkpt lat="-36.924781700" lon="-73.121229050" /><trkpt lat="-36.924792879" lon="-73.121237261" /><trkpt lat="-36.924803752" lon="-73.121245319" /><trkpt lat="-36.924814347" lon="-73.121253224" /><trkpt lat="-36.924824694" lon="-73.121260973" /><trkpt lat="-36.924834819" lon="-73.121268563" /><trkpt lat="-36.924844752" lon="-73.121275993" /><trkpt lat="-36.924854519" lon="-73.121283259" /><trkpt lat="-36.924864150" lon="-73.121290359" /><trkpt lat="-36.924873672" lon="-73.121297291" /><trkpt lat="-36.924883114" lon="-73.121304053" /><trkpt lat="-36.924892503" lon="-73.121310642" /><trkpt lat="-36.924901868" lon="-73.121317055" /><trkpt lat="-36.924911237" lon="-73.121323291" /><trkpt lat="-36.924920638" lon="-73.121329347" /><trkpt lat="-36.924930098" lon="-73.121335221" /><trkpt lat="-36.924939647" lon="-73.121340910" /><trkpt lat="-36.924949312" lon="-73.121346412" /><trkpt lat="-36.924959122" lon="-73.121351724" /><trkpt lat="-36.924969104" lon="-73.121356844" /><trkpt lat="-36.924979286" lon="-73.121361770" /><trkpt lat="-36.924989424" lon="-73.121366603" /><trkpt lat="-36.924999261" lon="-73.121371467" /><trkpt lat="-36.925008812" lon="-73.121376394" /><trkpt lat="-36.925018092" lon="-73.121381413" /><trkpt lat="-36.925027114" lon="-73.121386556" /><trkpt lat="-36.925035894" lon="-73.121391854" /><trkpt lat="-36.925044444" lon="-73.121397338" /><trkpt lat="-36.925052780" lon="-73.121403039" /><trkpt lat="-36.925060917" lon="-73.121408988" /><trkpt lat="-36.925068867" lon="-73.121415216" /><trkpt lat="-36.925076646" lon="-73.121421753" /><trkpt lat="-36.925084267" lon="-73.121428632" /><trkpt lat="-36.925091746" lon="-73.121435883" /><trkpt lat="-36.925099096" lon="-73.121443537" /><trkpt lat="-36.925106331" lon="-73.121451624" /><trkpt lat="-36.925113467" lon="-73.121460176" /><trkpt lat="-36.925120516" lon="-73.121469225" /><trkpt lat="-36.925127494" lon="-73.121478800" /><trkpt lat="-36.925134416" lon="-73.121488933" /><trkpt lat="-36.925141294" lon="-73.121499655" /><trkpt lat="-36.925148143" lon="-73.121510997" /><trkpt lat="-36.925154979" lon="-73.121522990" /><trkpt lat="-36.925161814" lon="-73.121535665" /><trkpt lat="-36.925168663" lon="-73.121549052" /><trkpt lat="-36.925175542" lon="-73.121563184" /><trkpt lat="-36.925182463" lon="-73.121578090" /><trkpt lat="-36.925189441" lon="-73.121593802" /><trkpt lat="-36.925196491" lon="-73.121610352" /><trkpt lat="-36.925203626" lon="-73.121627768" /><trkpt lat="-36.925210861" lon="-73.121646084" /><trkpt lat="-36.925217793" lon="-73.121663991" /><trkpt lat="-36.925224496" lon="-73.121681397" /><trkpt lat="-36.925231001" lon="-73.121698338" /><trkpt lat="-36.925237338" lon="-73.121714850" /><trkpt lat="-36.925243538" lon="-73.121730970" /><trkpt lat="-36.925249630" lon="-73.121746734" /><trkpt lat="-36.925255644" lon="-73.121762178" /><trkpt lat="-36.925261610" lon="-73.121777339" /><trkpt lat="-36.925267558" lon="-73.121792252" /><trkpt lat="-36.925273519" lon="-73.121806955" /><trkpt lat="-36.925279522" lon="-73.121821483" /><trkpt lat="-36.925285597" lon="-73.121835872" /><trkpt lat="-36.925291775" lon="-73.121850160" /><trkpt lat="-36.925298085" lon="-73.121864383" /><trkpt lat="-36.925304558" lon="-73.121878575" /><trkpt lat="-36.925311223" lon="-73.121892775" /><trkpt lat="-36.925318111" lon="-73.121907018" /><trkpt lat="-36.925325251" lon="-73.121921341" /><trkpt lat="-36.925332674" lon="-73.121935780" /><trkpt lat="-36.925340409" lon="-73.121950370" /><trkpt lat="-36.925348487" lon="-73.121965150" /><trkpt lat="-36.925356938" lon="-73.121980154" /><trkpt lat="-36.925365791" lon="-73.121995419" /><trkpt lat="-36.925375078" lon="-73.122010981" /><trkpt lat="-36.925384826" lon="-73.122026877" /><trkpt lat="-36.925395068" lon="-73.122043143" /><trkpt lat="-36.925405833" lon="-73.122059816" /><trkpt lat="-36.925417150" lon="-73.122076931" /><trkpt lat="-36.925429051" lon="-73.122094525" /><trkpt lat="-36.925441564" lon="-73.122112634" /><trkpt lat="-36.925454720" lon="-73.122131294" /><trkpt lat="-36.925465713" lon="-73.122146530" /><trkpt lat="-36.925476681" lon="-73.122161343" /><trkpt lat="-36.925487618" lon="-73.122175762" /><trkpt lat="-36.925498517" lon="-73.122189819" /><trkpt lat="-36.925509371" lon="-73.122203544" /><trkpt lat="-36.925520175" lon="-73.122216968" /><trkpt lat="-36.925530921" lon="-73.122230121" /><trkpt lat="-36.925541603" lon="-73.122243035" /><trkpt lat="-36.925552214" lon="-73.122255740" /><trkpt lat="-36.925562748" lon="-73.122268266" /><trkpt lat="-36.925573198" lon="-73.122280645" /><trkpt lat="-36.925583559" lon="-73.122292907" /><trkpt lat="-36.925593822" lon="-73.122305082" /><trkpt lat="-36.925603982" lon="-73.122317201" /><trkpt lat="-36.925614033" lon="-73.122329295" /><trkpt lat="-36.925623967" lon="-73.122341395" /><trkpt lat="-36.925633778" lon="-73.122353531" /><trkpt lat="-36.925643459" lon="-73.122365734" /><trkpt lat="-36.925653005" lon="-73.122378034" /><trkpt lat="-36.925662408" lon="-73.122390463" /><trkpt lat="-36.925671662" lon="-73.122403050" /><trkpt lat="-36.925680760" lon="-73.122415827" /><trkpt lat="-36.925689696" lon="-73.122428824" /><trkpt lat="-36.925698464" lon="-73.122442071" /><trkpt lat="-36.925707056" lon="-73.122455601" /><trkpt lat="-36.925715466" lon="-73.122469442" /><trkpt lat="-36.925723688" lon="-73.122483626" /><trkpt lat="-36.925731715" lon="-73.122498184" /><trkpt lat="-36.925739541" lon="-73.122513145" /><trkpt lat="-36.925747159" lon="-73.122528542" /><trkpt lat="-36.925754562" lon="-73.122544403" /><trkpt lat="-36.925761744" lon="-73.122560761" /><trkpt lat="-36.925768698" lon="-73.122577646" /><trkpt lat="-36.925775419" lon="-73.122595088" /><trkpt lat="-36.925781899" lon="-73.122613118" /><trkpt lat="-36.925788131" lon="-73.122631767" /><trkpt lat="-36.925794110" lon="-73.122651065" /><trkpt lat="-36.925799829" lon="-73.122671043" /><trkpt lat="-36.925804097" lon="-73.122687105" /><trkpt lat="-36.925808061" lon="-73.122703109" /><trkpt lat="-36.925811728" lon="-73.122719064" /><trkpt lat="-36.925815106" lon="-73.122734977" /><trkpt lat="-36.925818202" lon="-73.122750856" /><trkpt lat="-36.925821023" lon="-73.122766710" /><trkpt lat="-36.925823576" lon="-73.122782546" /><trkpt lat="-36.925825870" lon="-73.122798372" /><trkpt lat="-36.925827910" lon="-73.122814196" /><trkpt lat="-36.925829704" lon="-73.122830027" /><trkpt lat="-36.925831260" lon="-73.122845872" /><trkpt lat="-36.925832584" lon="-73.122861739" /><trkpt lat="-36.925833685" lon="-73.122877636" /><trkpt lat="-36.925834568" lon="-73.122893571" /><trkpt lat="-36.925835243" lon="-73.122909552" /><trkpt lat="-36.925835715" lon="-73.122925587" /><trkpt lat="-36.925835992" lon="-73.122941684" /><trkpt lat="-36.925836082" lon="-73.122957851" /><trkpt lat="-36.925835991" lon="-73.122974096" /><trkpt lat="-36.925835727" lon="-73.122990427" /><trkpt lat="-36.925835297" lon="-73.123006851" /><trkpt lat="-36.925834708" lon="-73.123023378" /><trkpt lat="-36.925833968" lon="-73.123040014" /><trkpt lat="-36.925833085" lon="-73.123056768" /><trkpt lat="-36.925832064" lon="-73.123073648" /><trkpt lat="-36.925830914" lon="-73.123090661" /><trkpt lat="-36.925829641" lon="-73.123107817" /><trkpt lat="-36.925828254" lon="-73.123125121" /><trkpt lat="-36.925826758" lon="-73.123142584" /><trkpt lat="-36.925825163" lon="-73.123160212" /><trkpt lat="-36.925823474" lon="-73.123178013" /><trkpt lat="-36.925821699" lon="-73.123195996" /><trkpt lat="-36.925819845" lon="-73.123214169" /><trkpt lat="-36.925817920" lon="-73.123232539" /><trkpt lat="-36.925815931" lon="-73.123251114" /><trkpt lat="-36.925813885" lon="-73.123269903" /><trkpt lat="-36.925811790" lon="-73.123288913" /><trkpt lat="-36.925809652" lon="-73.123308152" /><trkpt lat="-36.925807479" lon="-73.123327629" /><trkpt lat="-36.925805278" lon="-73.123347351" /><trkpt lat="-36.925803057" lon="-73.123367326" /><trkpt lat="-36.925800822" lon="-73.123387563" /><trkpt lat="-36.925798581" lon="-73.123408068" /><trkpt lat="-36.925796342" lon="-73.123428851" /><trkpt lat="-36.925794111" lon="-73.123449919" /><trkpt lat="-36.925791896" lon="-73.123471280" /><trkpt lat="-36.925789704" lon="-73.123492942" /><trkpt lat="-36.925787542" lon="-73.123514913" /><trkpt lat="-36.925784732" lon="-73.123543847" /><trkpt lat="-36.925782017" lon="-73.123571668" /><trkpt lat="-36.925779392" lon="-73.123598419" /><trkpt lat="-36.925776853" lon="-73.123624141" /><trkpt lat="-36.925774396" lon="-73.123648876" /><trkpt lat="-36.925772016" lon="-73.123672667" /><trkpt lat="-36.925769709" lon="-73.123695556" /><trkpt lat="-36.925767471" lon="-73.123717584" /><trkpt lat="-36.925765296" lon="-73.123738794" /><trkpt lat="-36.925763181" lon="-73.123759228" /><trkpt lat="-36.925761121" lon="-73.123778928" /><trkpt lat="-36.925759112" lon="-73.123797936" /><trkpt lat="-36.925757149" lon="-73.123816294" /><trkpt lat="-36.925755228" lon="-73.123834045" /><trkpt lat="-36.925753344" lon="-73.123851229" /><trkpt lat="-36.925751494" lon="-73.123867890" /><trkpt lat="-36.925749672" lon="-73.123884070" /><trkpt lat="-36.925747874" lon="-73.123899810" /><trkpt lat="-36.925746097" lon="-73.123915153" /><trkpt lat="-36.925744334" lon="-73.123930140" /><trkpt lat="-36.925742583" lon="-73.123944815" /><trkpt lat="-36.925740839" lon="-73.123959218" /><trkpt lat="-36.925739096" lon="-73.123973392" /><trkpt lat="-36.925737352" lon="-73.123987379" /><trkpt lat="-36.925735601" lon="-73.124001222" /><trkpt lat="-36.925733838" lon="-73.124014961" /><trkpt lat="-36.925732061" lon="-73.124028640" /><trkpt lat="-36.925730263" lon="-73.124042300" /><trkpt lat="-36.925728442" lon="-73.124055984" /><trkpt lat="-36.925726591" lon="-73.124069733" /><trkpt lat="-36.925724708" lon="-73.124083590" /><trkpt lat="-36.925722787" lon="-73.124097596" /><trkpt lat="-36.925720824" lon="-73.124111795" /><trkpt lat="-36.925718814" lon="-73.124126227" /><trkpt lat="-36.925716754" lon="-73.124140935" /><trkpt lat="-36.925714639" lon="-73.124155961" /><trkpt lat="-36.925712243" lon="-73.124174025" /><trkpt lat="-36.925710219" lon="-73.124191736" /><trkpt lat="-36.925708591" lon="-73.124209089" /><trkpt lat="-36.925707384" lon="-73.124226078" /><trkpt lat="-36.925706623" lon="-73.124242697" /><trkpt lat="-36.925706334" lon="-73.124258941" /><trkpt lat="-36.925706541" lon="-73.124274805" /><trkpt lat="-36.925707270" lon="-73.124290283" /><trkpt lat="-36.925708545" lon="-73.124305370" /><trkpt lat="-36.925710392" lon="-73.124320060" /><trkpt lat="-36.925712836" lon="-73.124334349" /><trkpt lat="-36.925715901" lon="-73.124348230" /><trkpt lat="-36.925719613" lon="-73.124361698" /><trkpt lat="-36.925723997" lon="-73.124374748" /><trkpt lat="-36.925729077" lon="-73.124387374" /><trkpt lat="-36.925734880" lon="-73.124399571" /><trkpt lat="-36.925741429" lon="-73.124411333" /><trkpt lat="-36.925748751" lon="-73.124422655" /><trkpt lat="-36.925756869" lon="-73.124433532" /><trkpt lat="-36.925765810" lon="-73.124443958" /><trkpt lat="-36.925775597" lon="-73.124453928" /><trkpt lat="-36.925786257" lon="-73.124463436" /><trkpt lat="-36.925797814" lon="-73.124472477" /><trkpt lat="-36.925810293" lon="-73.124481045" /><trkpt lat="-36.925823720" lon="-73.124489135" /><trkpt lat="-36.925838119" lon="-73.124496742" /><trkpt lat="-36.925853515" lon="-73.124503860" /><trkpt lat="-36.925869934" lon="-73.124510484" /><trkpt lat="-36.925887400" lon="-73.124516608" /><trkpt lat="-36.925905939" lon="-73.124522227" /><trkpt lat="-36.925924364" lon="-73.124527207" /><trkpt lat="-36.925942696" lon="-73.124531757" /><trkpt lat="-36.925960920" lon="-73.124535866" /><trkpt lat="-36.925979025" lon="-73.124539522" /><trkpt lat="-36.925996995" lon="-73.124542714" /><trkpt lat="-36.926014818" lon="-73.124545431" /><trkpt lat="-36.926032480" lon="-73.124547661" /><trkpt lat="-36.926049968" lon="-73.124549392" /><trkpt lat="-36.926067269" lon="-73.124550615" /><trkpt lat="-36.926084369" lon="-73.124551317" /><trkpt lat="-36.926101254" lon="-73.124551486" /><trkpt lat="-36.926117913" lon="-73.124551112" /><trkpt lat="-36.926134330" lon="-73.124550184" /><trkpt lat="-36.926150493" lon="-73.124548689" /><trkpt lat="-36.926166388" lon="-73.124546617" /><trkpt lat="-36.926182002" lon="-73.124543956" /><trkpt lat="-36.926197321" lon="-73.124540694" /><trkpt lat="-36.926212332" lon="-73.124536822" /><trkpt lat="-36.926227023" lon="-73.124532326" /><trkpt lat="-36.926241378" lon="-73.124527196" /><trkpt lat="-36.926255386" lon="-73.124521421" /><trkpt lat="-36.926269032" lon="-73.124514989" /><trkpt lat="-36.926282303" lon="-73.124507888" /><trkpt lat="-36.926295186" lon="-73.124500108" /><trkpt lat="-36.926307667" lon="-73.124491637" /><trkpt lat="-36.926319733" lon="-73.124482464" /><trkpt lat="-36.926331371" lon="-73.124472577" /><trkpt lat="-36.926342567" lon="-73.124461965" /><trkpt lat="-36.926353308" lon="-73.124450617" /><trkpt lat="-36.926363581" lon="-73.124438522" /><trkpt lat="-36.926373371" lon="-73.124425667" /><trkpt lat="-36.926382416" lon="-73.124412588" /><trkpt lat="-36.926391073" lon="-73.124399021" /><trkpt lat="-36.926399371" lon="-73.124384997" /><trkpt lat="-36.926407336" lon="-73.124370547" /><trkpt lat="-36.926414998" lon="-73.124355704" /><trkpt lat="-36.926422382" lon="-73.124340498" /><trkpt lat="-36.926429516" lon="-73.124324962" /><trkpt lat="-36.926436429" lon="-73.124309126" /><trkpt lat="-36.926443146" lon="-73.124293022" /><trkpt lat="-36.926449697" lon="-73.124276683" /><trkpt lat="-36.926456108" lon="-73.124260138" /><trkpt lat="-36.926462406" lon="-73.124243420" /><trkpt lat="-36.926468620" lon="-73.124226560" /><trkpt lat="-36.926474777" lon="-73.124209591" /><trkpt lat="-36.926480904" lon="-73.124192542" /><trkpt lat="-36.926487028" lon="-73.124175446" /><trkpt lat="-36.926493178" lon="-73.124158335" /><trkpt lat="-36.926499380" lon="-73.124141239" /><trkpt lat="-36.926505662" lon="-73.124124191" /><trkpt lat="-36.926512052" lon="-73.124107221" /><trkpt lat="-36.926518576" lon="-73.124090362" /><trkpt lat="-36.926525264" lon="-73.124073644" /><trkpt lat="-36.926532141" lon="-73.124057100" /><trkpt lat="-36.926539235" lon="-73.124040761" /><trkpt lat="-36.926546575" lon="-73.124024658" /><trkpt lat="-36.926554187" lon="-73.124008823" /><trkpt lat="-36.926562099" lon="-73.123993287" /><trkpt lat="-36.926570338" lon="-73.123978083" /><trkpt lat="-36.926578932" lon="-73.123963240" /><trkpt lat="-36.926587908" lon="-73.123948792" /><trkpt lat="-36.926597294" lon="-73.123934769" /><trkpt lat="-36.926607117" lon="-73.123921203" /><trkpt lat="-36.926617954" lon="-73.123907093" /><trkpt lat="-36.926629014" lon="-73.123893209" /><trkpt lat="-36.926640282" lon="-73.123879573" /><trkpt lat="-36.926651745" lon="-73.123866206" /><trkpt lat="-36.926663388" lon="-73.123853130" /><trkpt lat="-36.926675195" lon="-73.123840367" /><trkpt lat="-36.926687154" lon="-73.123827937" /><trkpt lat="-36.926699250" lon="-73.123815862" /><trkpt lat="-36.926711467" lon="-73.123804164" /><trkpt lat="-36.926723792" lon="-73.123792864" /><trkpt lat="-36.926736211" lon="-73.123781985" /><trkpt lat="-36.926748709" lon="-73.123771546" /><trkpt lat="-36.926761271" lon="-73.123761571" /><trkpt lat="-36.926773884" lon="-73.123752080" /><trkpt lat="-36.926786532" lon="-73.123743095" /><trkpt lat="-36.926799202" lon="-73.123734637" /><trkpt lat="-36.926811879" lon="-73.123726729" /><trkpt lat="-36.926824549" lon="-73.123719391" /><trkpt lat="-36.926837196" lon="-73.123712645" /><trkpt lat="-36.926849808" lon="-73.123706513" /><trkpt lat="-36.926862369" lon="-73.123701016" /><trkpt lat="-36.926874865" lon="-73.123696175" /><trkpt lat="-36.926887282" lon="-73.123692013" /><trkpt lat="-36.926899606" lon="-73.123688551" /><trkpt lat="-36.926911821" lon="-73.123685809" /><trkpt lat="-36.926923913" lon="-73.123683811" /><trkpt lat="-36.926935869" lon="-73.123682577" /><trkpt lat="-36.926947674" lon="-73.123682128" /><trkpt lat="-36.926959313" lon="-73.123682487" /><trkpt lat="-36.926970772" lon="-73.123683675" /><trkpt lat="-36.926978692" lon="-73.123685063" /><trkpt lat="-36.926986600" lon="-73.123686983" /><trkpt lat="-36.926994500" lon="-73.123689441" /><trkpt lat="-36.927002397" lon="-73.123692441" /><trkpt lat="-36.927010296" lon="-73.123695987" /><trkpt lat="-36.927018203" lon="-73.123700083" /><trkpt lat="-36.927026123" lon="-73.123704734" /><trkpt lat="-36.927034059" lon="-73.123709944" /><trkpt lat="-36.927042019" lon="-73.123715717" /><trkpt lat="-36.927050005" lon="-73.123722059" /><trkpt lat="-36.927058025" lon="-73.123728972" /><trkpt lat="-36.927066082" lon="-73.123736462" /><trkpt lat="-36.927074181" lon="-73.123744533" /><trkpt lat="-36.927082329" lon="-73.123753189" /><trkpt lat="-36.927090528" lon="-73.123762435" /><trkpt lat="-36.927098786" lon="-73.123772275" /><trkpt lat="-36.927107107" lon="-73.123782713" /><trkpt lat="-36.927115495" lon="-73.123793754" /><trkpt lat="-36.927123956" lon="-73.123805401" /><trkpt lat="-36.927132495" lon="-73.123817661" /><trkpt lat="-36.927141116" lon="-73.123830536" /><trkpt lat="-36.927149826" lon="-73.123844031" /><trkpt lat="-36.927158629" lon="-73.123858151" /><trkpt lat="-36.927167530" lon="-73.123872899" /><trkpt lat="-36.927176533" lon="-73.123888281" /><trkpt lat="-36.927185645" lon="-73.123904300" /><trkpt lat="-36.927194870" lon="-73.123920962" /><trkpt lat="-36.927204213" lon="-73.123938269" /><trkpt lat="-36.927213679" lon="-73.123956228" /><trkpt lat="-36.927223274" lon="-73.123974841" /><trkpt lat="-36.927233001" lon="-73.123994113" /><trkpt lat="-36.927242867" lon="-73.124014050" /><trkpt lat="-36.927252877" lon="-73.124034654" /><trkpt lat="-36.927263034" lon="-73.124055931" /><trkpt lat="-36.927273345" lon="-73.124077885" /><trkpt lat="-36.927283815" lon="-73.124100520" /><trkpt lat="-36.927294448" lon="-73.124123840" /><trkpt lat="-36.927305249" lon="-73.124147851" /><trkpt lat="-36.927316224" lon="-73.124172555" /><trkpt lat="-36.927327377" lon="-73.124197958" /><trkpt lat="-36.927338714" lon="-73.124224065" /><trkpt lat="-36.927350240" lon="-73.124250878" /><trkpt lat="-36.927361959" lon="-73.124278403" /></trkseg></trk></gpx>