<?xml version='1.0' encoding='utf-8'?>
<gpx version="1.1" creator="OpenTrack rally2gpx source authoring" xmlns="http://www.topografix.com/GPX/1/1"><metadata><name>SS 1+4 - Bavella</name><link href="https://www.rally-maps.com/Tour-de-Corse-2019" /><desc>Complete source route; Rally-Maps spline tangents expanded before GPX export. No source elevation is supplied.</desc></metadata><trk><trkseg><trkpt lat="41.838274309" lon="9.309129700" /><trkpt lat="41.838279692" lon="9.309120888" /><trkpt lat="41.838285179" lon="9.309110617" /><trkpt lat="41.838290729" lon="9.309098992" /><trkpt lat="41.838296302" lon="9.309086120" /><trkpt lat="41.838301859" lon="9.309072106" /><trkpt lat="41.838307359" lon="9.309057058" /><trkpt lat="41.838312762" lon="9.309041080" /><trkpt lat="41.838318028" lon="9.309024280" /><trkpt lat="41.838323117" lon="9.309006763" /><trkpt lat="41.838327990" lon="9.308988636" /><trkpt lat="41.838332605" lon="9.308970005" /><trkpt lat="41.838336924" lon="9.308950975" /><trkpt lat="41.838340905" lon="9.308931654" /><trkpt lat="41.838344509" lon="9.308912146" /><trkpt lat="41.838347696" lon="9.308892559" /><trkpt lat="41.838350426" lon="9.308872999" /><trkpt lat="41.838352659" lon="9.308853571" /><trkpt lat="41.838354354" lon="9.308834382" /><trkpt lat="41.838355472" lon="9.308815537" /><trkpt lat="41.838355973" lon="9.308797144" /><trkpt lat="41.838355816" lon="9.308779308" /><trkpt lat="41.838354962" lon="9.308762136" /><trkpt lat="41.838353370" lon="9.308745733" /><trkpt lat="41.838351001" lon="9.308730205" /><trkpt lat="41.838347814" lon="9.308715660" /><trkpt lat="41.838343769" lon="9.308702202" /><trkpt lat="41.838338827" lon="9.308689939" /><trkpt lat="41.838332947" lon="9.308678975" /><trkpt lat="41.838326089" lon="9.308669419" /><trkpt lat="41.838318213" lon="9.308661375" /><trkpt lat="41.838309279" lon="9.308654949" /><trkpt lat="41.838299378" lon="9.308649077" /><trkpt lat="41.838289270" lon="9.308642997" /><trkpt lat="41.838278968" lon="9.308636713" /><trkpt lat="41.838268490" lon="9.308630229" /><trkpt lat="41.838257851" lon="9.308623549" /><trkpt lat="41.838247066" lon="9.308616677" /><trkpt lat="41.838236151" lon="9.308609617" /><trkpt lat="41.838225121" lon="9.308602373" /><trkpt lat="41.838213992" lon="9.308594949" /><trkpt lat="41.838202780" lon="9.308587349" /><trkpt lat="41.838191500" lon="9.308579577" /><trkpt lat="41.838180168" lon="9.308571637" /><trkpt lat="41.838168799" lon="9.308563533" /><trkpt lat="41.838157409" lon="9.308555269" /><trkpt lat="41.838146013" lon="9.308546849" /><trkpt lat="41.838134627" lon="9.308538277" /><trkpt lat="41.838123267" lon="9.308529557" /><trkpt lat="41.838111948" lon="9.308520693" /><trkpt lat="41.838100686" lon="9.308511689" /><trkpt lat="41.838089496" lon="9.308502549" /><trkpt lat="41.838078393" lon="9.308493277" /><trkpt lat="41.838067394" lon="9.308483877" /><trkpt lat="41.838056515" lon="9.308474353" /><trkpt lat="41.838045769" lon="9.308464709" /><trkpt lat="41.838035174" lon="9.308454950" /><trkpt lat="41.838024744" lon="9.308445078" /><trkpt lat="41.838014496" lon="9.308435098" /><trkpt lat="41.838004444" lon="9.308425014" /><trkpt lat="41.837994605" lon="9.308414830" /><trkpt lat="41.837984994" lon="9.308404551" /><trkpt lat="41.837975242" lon="9.308394003" /><trkpt lat="41.837965002" lon="9.308383039" /><trkpt lat="41.837954317" lon="9.308371695" /><trkpt lat="41.837943231" lon="9.308360009" /><trkpt lat="41.837931790" lon="9.308348017" /><trkpt lat="41.837920038" lon="9.308335757" /><trkpt lat="41.837908019" lon="9.308323265" /><trkpt lat="41.837895777" lon="9.308310580" /><trkpt lat="41.837883357" lon="9.308297737" /><trkpt lat="41.837870804" lon="9.308284774" /><trkpt lat="41.837858162" lon="9.308271729" /><trkpt lat="41.837845476" lon="9.308258638" /><trkpt lat="41.837832789" lon="9.308245539" /><trkpt lat="41.837820147" lon="9.308232468" /><trkpt lat="41.837807593" lon="9.308219462" /><trkpt lat="41.837795172" lon="9.308206560" /><trkpt lat="41.837782930" lon="9.308193797" /><trkpt lat="41.837770909" lon="9.308181212" /><trkpt lat="41.837759155" lon="9.308168841" /><trkpt lat="41.837747712" lon="9.308156721" /><trkpt lat="41.837736624" lon="9.308144889" /><trkpt lat="41.837725937" lon="9.308133383" /><trkpt lat="41.837715693" lon="9.308122240" /><trkpt lat="41.837705939" lon="9.308111496" /><trkpt lat="41.837696718" lon="9.308101189" /><trkpt lat="41.837688074" lon="9.308091356" /><trkpt lat="41.837680053" lon="9.308082035" /><trkpt lat="41.837672698" lon="9.308073261" /><trkpt lat="41.837666055" lon="9.308065073" /><trkpt lat="41.837660167" lon="9.308057508" /><trkpt lat="41.837654799" lon="9.308050058" /><trkpt lat="41.837649317" lon="9.308041762" /><trkpt lat="41.837643696" lon="9.308032674" /><trkpt lat="41.837637913" lon="9.308022849" /><trkpt lat="41.837631944" lon="9.308012340" /><trkpt lat="41.837625766" lon="9.308001202" /><trkpt lat="41.837619355" lon="9.307989489" /><trkpt lat="41.837612686" lon="9.307977256" /><trkpt lat="41.837605737" lon="9.307964557" /><trkpt lat="41.837598483" lon="9.307951447" /><trkpt lat="41.837590902" lon="9.307937979" /><trkpt lat="41.837582968" lon="9.307924208" /><trkpt lat="41.837574659" lon="9.307910188" /><trkpt lat="41.837565951" lon="9.307895973" /><trkpt lat="41.837556820" lon="9.307881619" /><trkpt lat="41.837547242" lon="9.307867179" /><trkpt lat="41.837537194" lon="9.307852707" /><trkpt lat="41.837526651" lon="9.307838259" /><trkpt lat="41.837515591" lon="9.307823887" /><trkpt lat="41.837503989" lon="9.307809647" /><trkpt lat="41.837491823" lon="9.307795593" /><trkpt lat="41.837479067" lon="9.307781779" /><trkpt lat="41.837465698" lon="9.307768259" /><trkpt lat="41.837451693" lon="9.307755089" /><trkpt lat="41.837437029" lon="9.307742321" /><trkpt lat="41.837421680" lon="9.307730011" /><trkpt lat="41.837405624" lon="9.307718213" /><trkpt lat="41.837388836" lon="9.307706981" /><trkpt lat="41.837371294" lon="9.307696369" /><trkpt lat="41.837352973" lon="9.307686432" /><trkpt lat="41.837333850" lon="9.307677224" /><trkpt lat="41.837317861" lon="9.307669956" /><trkpt lat="41.837301768" lon="9.307662555" /><trkpt lat="41.837285583" lon="9.307655027" /><trkpt lat="41.837269316" lon="9.307647377" /><trkpt lat="41.837252978" lon="9.307639610" /><trkpt lat="41.837236578" lon="9.307631733" /><trkpt lat="41.837220129" lon="9.307623750" /><trkpt lat="41.837203640" lon="9.307615668" /><trkpt lat="41.837187121" lon="9.307607491" /><trkpt lat="41.837170585" lon="9.307599226" /><trkpt lat="41.837154040" lon="9.307590877" /><trkpt lat="41.837137497" lon="9.307582451" /><trkpt lat="41.837120968" lon="9.307573953" /><trkpt lat="41.837104463" lon="9.307565388" /><trkpt lat="41.837087992" lon="9.307556762" /><trkpt lat="41.837071566" lon="9.307548080" /><trkpt lat="41.837055195" lon="9.307539348" /><trkpt lat="41.837038891" lon="9.307530572" /><trkpt lat="41.837022663" lon="9.307521757" /><trkpt lat="41.837006522" lon="9.307512909" /><trkpt lat="41.836990479" lon="9.307504032" /><trkpt lat="41.836974544" lon="9.307495134" /><trkpt lat="41.836958728" lon="9.307486218" /><trkpt lat="41.836943042" lon="9.307477291" /><trkpt lat="41.836927495" lon="9.307468358" /><trkpt lat="41.836912100" lon="9.307459425" /><trkpt lat="41.836896865" lon="9.307450497" /><trkpt lat="41.836881802" lon="9.307441580" /><trkpt lat="41.836866922" lon="9.307432680" /><trkpt lat="41.836852234" lon="9.307423801" /><trkpt lat="41.836837750" lon="9.307414950" /><trkpt lat="41.836823481" lon="9.307406131" /><trkpt lat="41.836809435" lon="9.307397351" /><trkpt lat="41.836795625" lon="9.307388615" /><trkpt lat="41.836782061" lon="9.307379928" /><trkpt lat="41.836768753" lon="9.307371297" /><trkpt lat="41.836755712" lon="9.307362726" /><trkpt lat="41.836742948" lon="9.307354221" /><trkpt lat="41.836727125" lon="9.307343546" /><trkpt lat="41.836711619" lon="9.307332980" /><trkpt lat="41.836696414" lon="9.307322525" /><trkpt lat="41.836681494" lon="9.307312183" /><trkpt lat="41.836666843" lon="9.307301955" /><trkpt lat="41.836652445" lon="9.307291843" /><trkpt lat="41.836638285" lon="9.307281850" /><trkpt lat="41.836624346" lon="9.307271976" /><trkpt lat="41.836610611" lon="9.307262224" /><trkpt lat="41.836597066" lon="9.307252595" /><trkpt lat="41.836583695" lon="9.307243091" /><trkpt lat="41.836570480" lon="9.307233714" /><trkpt lat="41.836557407" lon="9.307224466" /><trkpt lat="41.836544458" lon="9.307215349" /><trkpt lat="41.836531619" lon="9.307206364" /><trkpt lat="41.836518874" lon="9.307197513" /><trkpt lat="41.836506205" lon="9.307188798" /><trkpt lat="41.836493598" lon="9.307180220" /><trkpt lat="41.836481036" lon="9.307171782" /><trkpt lat="41.836468504" lon="9.307163486" /><trkpt lat="41.836455985" lon="9.307155332" /><trkpt lat="41.836443463" lon="9.307147323" /><trkpt lat="41.836430922" lon="9.307139461" /><trkpt lat="41.836418347" lon="9.307131747" /><trkpt lat="41.836405721" lon="9.307124184" /><trkpt lat="41.836393029" lon="9.307116772" /><trkpt lat="41.836380254" lon="9.307109515" /><trkpt lat="41.836367380" lon="9.307102412" /><trkpt lat="41.836354392" lon="9.307095468" /><trkpt lat="41.836341273" lon="9.307088682" /><trkpt lat="41.836330032" lon="9.307082475" /><trkpt lat="41.836318910" lon="9.307075379" /><trkpt lat="41.836307898" lon="9.307067440" /><trkpt lat="41.836296987" lon="9.307058702" /><trkpt lat="41.836286164" lon="9.307049211" /><trkpt lat="41.836275421" lon="9.307039011" /><trkpt lat="41.836264746" lon="9.307028149" /><trkpt lat="41.836254131" lon="9.307016668" /><trkpt lat="41.836243563" lon="9.307004614" /><trkpt lat="41.836233034" lon="9.306992032" /><trkpt lat="41.836222533" lon="9.306978968" /><trkpt lat="41.836212050" lon="9.306965465" /><trkpt lat="41.836201574" lon="9.306951570" /><trkpt lat="41.836191095" lon="9.306937328" /><trkpt lat="41.836180603" lon="9.306922783" /><trkpt lat="41.836170088" lon="9.306907981" /><trkpt lat="41.836159539" lon="9.306892967" /><trkpt lat="41.836148946" lon="9.306877786" /><trkpt lat="41.836138299" lon="9.306862483" /><trkpt lat="41.836127588" lon="9.306847103" /><trkpt lat="41.836116803" lon="9.306831691" /><trkpt lat="41.836105932" lon="9.306816293" /><trkpt lat="41.836094967" lon="9.306800953" /><trkpt lat="41.836083896" lon="9.306785716" /><trkpt lat="41.836072710" lon="9.306770628" /><trkpt lat="41.836061398" lon="9.306755734" /><trkpt lat="41.836049949" lon="9.306741079" /><trkpt lat="41.836038355" lon="9.306726708" /><trkpt lat="41.836026604" lon="9.306712666" /><trkpt lat="41.836014686" lon="9.306698998" /><trkpt lat="41.836002591" lon="9.306685750" /><trkpt lat="41.835990309" lon="9.306672966" /><trkpt lat="41.835977829" lon="9.306660691" /><trkpt lat="41.835965141" lon="9.306648971" /><trkpt lat="41.835952236" lon="9.306637851" /><trkpt lat="41.835939211" lon="9.306627048" /><trkpt lat="41.835926177" lon="9.306616244" /><trkpt lat="41.835913139" lon="9.306605428" /><trkpt lat="41.835900102" lon="9.306594589" /><trkpt lat="41.835887072" lon="9.306583716" /><trkpt lat="41.835874053" lon="9.306572799" /><trkpt lat="41.835861052" lon="9.306561828" /><trkpt lat="41.835848074" lon="9.306550791" /><trkpt lat="41.835835123" lon="9.306539678" /><trkpt lat="41.835822205" lon="9.306528479" /><trkpt lat="41.835809326" lon="9.306517182" /><trkpt lat="41.835796490" lon="9.306505776" /><trkpt lat="41.835783704" lon="9.306494253" /><trkpt lat="41.835770971" lon="9.306482599" /><trkpt lat="41.835758299" lon="9.306470806" /><trkpt lat="41.835745692" lon="9.306458862" /><trkpt lat="41.835733155" lon="9.306446757" /><trkpt lat="41.835720693" lon="9.306434479" /><trkpt lat="41.835708313" lon="9.306422019" /><trkpt lat="41.835696019" lon="9.306409366" /><trkpt lat="41.835683816" lon="9.306396508" /><trkpt lat="41.835671710" lon="9.306383436" /><trkpt lat="41.835659707" lon="9.306370139" /><trkpt lat="41.835647811" lon="9.306356605" /><trkpt lat="41.835636028" lon="9.306342825" /><trkpt lat="41.835624363" lon="9.306328788" /><trkpt lat="41.835612822" lon="9.306314483" /><trkpt lat="41.835601409" lon="9.306299899" /><trkpt lat="41.835590131" lon="9.306285026" /><trkpt lat="41.835578991" lon="9.306269853" /><trkpt lat="41.835567997" lon="9.306254369" /><trkpt lat="41.835557153" lon="9.306238564" /><trkpt lat="41.835546464" lon="9.306222427" /><trkpt lat="41.835535936" lon="9.306205948" /><trkpt lat="41.835525573" lon="9.306189115" /><trkpt lat="41.835516633" lon="9.306174101" /><trkpt lat="41.835507793" lon="9.306158845" /><trkpt lat="41.835499047" lon="9.306143367" /><trkpt lat="41.835490389" lon="9.306127684" /><trkpt lat="41.835481811" lon="9.306111818" /><trkpt lat="41.835473306" lon="9.306095787" /><trkpt lat="41.835464869" lon="9.306079610" /><trkpt lat="41.835456493" lon="9.306063308" /><trkpt lat="41.835448170" lon="9.306046899" /><trkpt lat="41.835439895" lon="9.306030402" /><trkpt lat="41.835431660" lon="9.306013838" /><trkpt lat="41.835423459" lon="9.305997225" /><trkpt lat="41.835415285" lon="9.305980583" /><trkpt lat="41.835407131" lon="9.305963931" /><trkpt lat="41.835398992" lon="9.305947289" /><trkpt lat="41.835390859" lon="9.305930676" /><trkpt lat="41.835382727" lon="9.305914111" /><trkpt lat="41.835374589" lon="9.305897613" /><trkpt lat="41.835366438" lon="9.305881203" /><trkpt lat="41.835358267" lon="9.305864898" /><trkpt lat="41.835350070" lon="9.305848720" /><trkpt lat="41.835341840" lon="9.305832687" /><trkpt lat="41.835333571" lon="9.305816818" /><trkpt lat="41.835325255" lon="9.305801133" /><trkpt lat="41.835316886" lon="9.305785651" /><trkpt lat="41.835308458" lon="9.305770392" /><trkpt lat="41.835299963" lon="9.305755374" /><trkpt lat="41.835291396" lon="9.305740618" /><trkpt lat="41.835282749" lon="9.305726143" /><trkpt lat="41.835274016" lon="9.305711967" /><trkpt lat="41.835265189" lon="9.305698111" /><trkpt lat="41.835256263" lon="9.305684593" /><trkpt lat="41.835247231" lon="9.305671434" /><trkpt lat="41.835238086" lon="9.305658652" /><trkpt lat="41.835228821" lon="9.305646267" /><trkpt lat="41.835219429" lon="9.305634299" /><trkpt lat="41.835209905" lon="9.305622765" /><trkpt lat="41.835200241" lon="9.305611687" /><trkpt lat="41.835190431" lon="9.305601083" /><trkpt lat="41.835180467" lon="9.305590972" /><trkpt lat="41.835169772" lon="9.305580315" /><trkpt lat="41.835158836" lon="9.305569121" /><trkpt lat="41.835147671" lon="9.305557429" /><trkpt lat="41.835136288" lon="9.305545277" /><trkpt lat="41.835124699" lon="9.305532703" /><trkpt lat="41.835112917" lon="9.305519747" /><trkpt lat="41.835100952" lon="9.305506446" /><trkpt lat="41.835088817" lon="9.305492839" /><trkpt lat="41.835076524" lon="9.305478965" /><trkpt lat="41.835064083" lon="9.305464862" /><trkpt lat="41.835051507" lon="9.305450569" /><trkpt lat="41.835038809" lon="9.305436123" /><trkpt lat="41.835025998" lon="9.305421565" /><trkpt lat="41.835013088" lon="9.305406931" /><trkpt lat="41.835000090" lon="9.305392261" /><trkpt lat="41.834987016" lon="9.305377593" /><trkpt lat="41.834973878" lon="9.305362966" /><trkpt lat="41.834960686" lon="9.305348417" /><trkpt lat="41.834947454" lon="9.305333987" /><trkpt lat="41.834934193" lon="9.305319712" /><trkpt lat="41.834920915" lon="9.305305631" /><trkpt lat="41.834907631" lon="9.305291784" /><trkpt lat="41.834894354" lon="9.305278208" /><trkpt lat="41.834881094" lon="9.305264943" /><trkpt lat="41.834867864" lon="9.305252025" /><trkpt lat="41.834854676" lon="9.305239495" /><trkpt lat="41.834841541" lon="9.305227390" /><trkpt lat="41.834828472" lon="9.305215749" /><trkpt lat="41.834815479" lon="9.305204611" /><trkpt lat="41.834802575" lon="9.305194014" /><trkpt lat="41.834789771" lon="9.305183996" /><trkpt lat="41.834777080" lon="9.305174596" /><trkpt lat="41.834764513" lon="9.305165852" /><trkpt lat="41.834752081" lon="9.305157803" /><trkpt lat="41.834739797" lon="9.305150488" /><trkpt lat="41.834727673" lon="9.305143945" /><trkpt lat="41.834715719" lon="9.305138212" /><trkpt lat="41.834703949" lon="9.305133328" /><trkpt lat="41.834689335" lon="9.305127501" /><trkpt lat="41.834675061" lon="9.305121289" /><trkpt lat="41.834661119" lon="9.305114690" /><trkpt lat="41.834647496" lon="9.305107707" /><trkpt lat="41.834634183" lon="9.305100340" /><trkpt lat="41.834621169" lon="9.305092589" /><trkpt lat="41.834608443" lon="9.305084456" /><trkpt lat="41.834595994" lon="9.305075941" /><trkpt lat="41.834583813" lon="9.305067045" /><trkpt lat="41.834571889" lon="9.305057769" /><trkpt lat="41.834560211" lon="9.305048113" /><trkpt lat="41.834548768" lon="9.305038079" /><trkpt lat="41.834537549" lon="9.305027667" /><trkpt lat="41.834526546" lon="9.305016878" /><trkpt lat="41.834515746" lon="9.305005712" /><trkpt lat="41.834505139" lon="9.304994171" /><trkpt lat="41.834494715" lon="9.304982256" /><trkpt lat="41.834484463" lon="9.304969966" /><trkpt lat="41.834474372" lon="9.304957303" /><trkpt lat="41.834464432" lon="9.304944268" /><trkpt lat="41.834454633" lon="9.304930861" /><trkpt lat="41.834444963" lon="9.304917083" /><trkpt lat="41.834435412" lon="9.304902936" /><trkpt lat="41.834425971" lon="9.304888419" /><trkpt lat="41.834416627" lon="9.304873534" /><trkpt lat="41.834407370" lon="9.304858281" /><trkpt lat="41.834398191" lon="9.304842661" /><trkpt lat="41.834389078" lon="9.304826674" /><trkpt lat="41.834380021" lon="9.304810323" /><trkpt lat="41.834371009" lon="9.304793607" /><trkpt lat="41.834364507" lon="9.304781429" /><trkpt lat="41.834357851" lon="9.304769037" /><trkpt lat="41.834351046" lon="9.304756433" /><trkpt lat="41.834344095" lon="9.304743622" /><trkpt lat="41.834337003" lon="9.304730606" /><trkpt lat="41.834329773" lon="9.304717389" /><trkpt lat="41.834322410" lon="9.304703973" /><trkpt lat="41.834314918" lon="9.304690362" /><trkpt lat="41.834307302" lon="9.304676559" /><trkpt lat="41.834299564" lon="9.304662568" /><trkpt lat="41.834291710" lon="9.304648391" /><trkpt lat="41.834283743" lon="9.304634032" /><trkpt lat="41.834275667" lon="9.304619493" /><trkpt lat="41.834267487" lon="9.304604778" /><trkpt lat="41.834259207" lon="9.304589891" /><trkpt lat="41.834250831" lon="9.304574834" /><trkpt lat="41.834242363" lon="9.304559611" /><trkpt lat="41.834233807" lon="9.304544224" /><trkpt lat="41.834225167" lon="9.304528677" /><trkpt lat="41.834216448" lon="9.304512973" /><trkpt lat="41.834207653" lon="9.304497116" /><trkpt lat="41.834198787" lon="9.304481108" /><trkpt lat="41.834189854" lon="9.304464952" /><trkpt lat="41.834180857" lon="9.304448653" /><trkpt lat="41.834171801" lon="9.304432212" /><trkpt lat="41.834162691" lon="9.304415634" /><trkpt lat="41.834153530" lon="9.304398921" /><trkpt lat="41.834144322" lon="9.304382077" /><trkpt lat="41.834135071" lon="9.304365104" /><trkpt lat="41.834125783" lon="9.304348007" /><trkpt lat="41.834116459" lon="9.304330787" /><trkpt lat="41.834107106" lon="9.304313449" /><trkpt lat="41.834097727" lon="9.304295996" /><trkpt lat="41.834088326" lon="9.304278430" /><trkpt lat="41.834078907" lon="9.304260754" /><trkpt lat="41.834069474" lon="9.304242973" /><trkpt lat="41.834060032" lon="9.304225090" /><trkpt lat="41.834050584" lon="9.304207106" /><trkpt lat="41.834041135" lon="9.304189026" /><trkpt lat="41.834031689" lon="9.304170853" /><trkpt lat="41.834022250" lon="9.304152590" /><trkpt lat="41.834012821" lon="9.304134240" /><trkpt lat="41.834000866" lon="9.304111222" /><trkpt lat="41.833988977" lon="9.304088982" /><trkpt lat="41.833977153" lon="9.304067517" /><trkpt lat="41.833965387" lon="9.304046825" /><trkpt lat="41.833953677" lon="9.304026904" /><trkpt lat="41.833942019" lon="9.304007751" /><trkpt lat="41.833930408" lon="9.303989363" /><trkpt lat="41.833918840" lon="9.303971739" /><trkpt lat="41.833907312" lon="9.303954874" /><trkpt lat="41.833895819" lon="9.303938768" /><trkpt lat="41.833884358" lon="9.303923417" /><trkpt lat="41.833872924" lon="9.303908819" /><trkpt lat="41.833861514" lon="9.303894971" /><trkpt lat="41.833850123" lon="9.303881871" /><trkpt lat="41.833838748" lon="9.303869516" /><trkpt lat="41.833827384" lon="9.303857904" /><trkpt lat="41.833816028" lon="9.303847032" /><trkpt lat="41.833804675" lon="9.303836897" /><trkpt lat="41.833793322" lon="9.303827498" /><trkpt lat="41.833781964" lon="9.303818831" /><trkpt lat="41.833770598" lon="9.303810894" /><trkpt lat="41.833759219" lon="9.303803685" /><trkpt lat="41.833747824" lon="9.303797201" /><trkpt lat="41.833736408" lon="9.303791439" /><trkpt lat="41.833724968" lon="9.303786397" /><trkpt lat="41.833713499" lon="9.303782073" /><trkpt lat="41.833701998" lon="9.303778463" /><trkpt lat="41.833690461" lon="9.303775566" /><trkpt lat="41.833678883" lon="9.303773378" /><trkpt lat="41.833667261" lon="9.303771898" /><trkpt lat="41.833655590" lon="9.303771123" /><trkpt lat="41.833643867" lon="9.303771049" /><trkpt lat="41.833632087" lon="9.303771676" /><trkpt lat="41.833619073" lon="9.303772914" /><trkpt lat="41.833606007" lon="9.303774488" /><trkpt lat="41.833592886" lon="9.303776408" /><trkpt lat="41.833579703" lon="9.303778683" /><trkpt lat="41.833566454" lon="9.303781325" /><trkpt lat="41.833553135" lon="9.303784342" /><trkpt lat="41.833539739" lon="9.303787744" /><trkpt lat="41.833526263" lon="9.303791542" /><trkpt lat="41.833512701" lon="9.303795745" /><trkpt lat="41.833499049" lon="9.303800362" /><trkpt lat="41.833485301" lon="9.303805405" /><trkpt lat="41.833471453" lon="9.303810881" /><trkpt lat="41.833457499" lon="9.303816802" /><trkpt lat="41.833443436" lon="9.303823178" /><trkpt lat="41.833429257" lon="9.303830017" /><trkpt lat="41.833414959" lon="9.303837330" /><trkpt lat="41.833400536" lon="9.303845127" /><trkpt lat="41.833385983" lon="9.303853418" /><trkpt lat="41.833371295" lon="9.303862211" /><trkpt lat="41.833356468" lon="9.303871518" /><trkpt lat="41.833341497" lon="9.303881348" /><trkpt lat="41.833326376" lon="9.303891711" /><trkpt lat="41.833311101" lon="9.303902617" /><trkpt lat="41.833295667" lon="9.303914075" /><trkpt lat="41.833280069" lon="9.303926095" /><trkpt lat="41.833264302" lon="9.303938687" /><trkpt lat="41.833248362" lon="9.303951862" /><trkpt lat="41.833232242" lon="9.303965628" /><trkpt lat="41.833215939" lon="9.303979996" /><trkpt lat="41.833199448" lon="9.303994976" /><trkpt lat="41.833183018" lon="9.304009948" /><trkpt lat="41.833166894" lon="9.304024278" /><trkpt lat="41.833151065" lon="9.304037948" /><trkpt lat="41.833135516" lon="9.304050941" /><trkpt lat="41.833120235" lon="9.304063242" /><trkpt lat="41.833105210" lon="9.304074832" /><trkpt lat="41.833090427" lon="9.304085697" /><trkpt lat="41.833075873" lon="9.304095818" /><trkpt lat="41.833061535" lon="9.304105180" /><trkpt lat="41.833047402" lon="9.304113766" /><trkpt lat="41.833033459" lon="9.304121559" /><trkpt lat="41.833019694" lon="9.304128542" /><trkpt lat="41.833006095" lon="9.304134699" /><trkpt lat="41.832992647" lon="9.304140013" /><trkpt lat="41.832979340" lon="9.304144467" /><trkpt lat="41.832966158" lon="9.304148045" /><trkpt lat="41.832953091" lon="9.304150731" /><trkpt lat="41.832940124" lon="9.304152507" /><trkpt lat="41.832927245" lon="9.304153357" /><trkpt lat="41.832914441" lon="9.304153263" /><trkpt lat="41.832901700" lon="9.304152211" /><trkpt lat="41.832889008" lon="9.304150182" /><trkpt lat="41.832876353" lon="9.304147161" /><trkpt lat="41.832863721" lon="9.304143130" /><trkpt lat="41.832851100" lon="9.304138074" /><trkpt lat="41.832838478" lon="9.304131974" /><trkpt lat="41.832825840" lon="9.304124815" /><trkpt lat="41.832813175" lon="9.304116580" /><trkpt lat="41.832800469" lon="9.304107253" /><trkpt lat="41.832787709" lon="9.304096816" /><trkpt lat="41.832776710" lon="9.304087127" /><trkpt lat="41.832765670" lon="9.304076937" /><trkpt lat="41.832754635" lon="9.304066285" /><trkpt lat="41.832743653" lon="9.304055207" /><trkpt lat="41.832732771" lon="9.304043743" /><trkpt lat="41.832722036" lon="9.304031929" /><trkpt lat="41.832711495" lon="9.304019804" /><trkpt lat="41.832701194" lon="9.304007406" /><trkpt lat="41.832691181" lon="9.303994773" /><trkpt lat="41.832681503" lon="9.303981942" /><trkpt lat="41.832672207" lon="9.303968952" /><trkpt lat="41.832663340" lon="9.303955840" /><trkpt lat="41.832654948" lon="9.303942645" /><trkpt lat="41.832647079" lon="9.303929403" /><trkpt lat="41.832639780" lon="9.303916154" /><trkpt lat="41.832633097" lon="9.303902935" /><trkpt lat="41.832627078" lon="9.303889783" /><trkpt lat="41.832621770" lon="9.303876738" /><trkpt lat="41.832617219" lon="9.303863836" /><trkpt lat="41.832613473" lon="9.303851116" /><trkpt lat="41.832610578" lon="9.303838616" /><trkpt lat="41.832608582" lon="9.303826373" /><trkpt lat="41.832607532" lon="9.303814425" /><trkpt lat="41.832607474" lon="9.303802811" /><trkpt lat="41.832608456" lon="9.303791568" /><trkpt lat="41.832610524" lon="9.303780734" /><trkpt lat="41.832613726" lon="9.303770348" /><trkpt lat="41.832618108" lon="9.303760446" /><trkpt lat="41.832623718" lon="9.303751067" /><trkpt lat="41.832630603" lon="9.303742248" /><trkpt lat="41.832638808" lon="9.303734029" /><trkpt lat="41.832648383" lon="9.303726446" /><trkpt lat="41.832659372" lon="9.303719537" /><trkpt lat="41.832671824" lon="9.303713341" /><trkpt lat="41.832685786" lon="9.303707896" /><trkpt lat="41.832702588" lon="9.303702137" /><trkpt lat="41.832718648" lon="9.303696626" /><trkpt lat="41.832734014" lon="9.303691304" /><trkpt lat="41.832748729" lon="9.303686114" /><trkpt lat="41.832762839" lon="9.303680999" /><trkpt lat="41.832776390" lon="9.303675902" /><trkpt lat="41.832789427" lon="9.303670766" /><trkpt lat="41.832801994" lon="9.303665534" /><trkpt lat="41.832814138" lon="9.303660147" /><trkpt lat="41.832825903" lon="9.303654550" /><trkpt lat="41.832837335" lon="9.303648684" /><trkpt lat="41.832848480" lon="9.303642493" /><trkpt lat="41.832859382" lon="9.303635919" /><trkpt lat="41.832870087" lon="9.303628905" /><trkpt lat="41.832880640" lon="9.303621395" /><trkpt lat="41.832891086" lon="9.303613329" /><trkpt lat="41.832901471" lon="9.303604653" /><trkpt lat="41.832911840" lon="9.303595307" /><trkpt lat="41.832922238" lon="9.303585236" /><trkpt lat="41.832932711" lon="9.303574381" /><trkpt lat="41.832943304" lon="9.303562686" /><trkpt lat="41.832954062" lon="9.303550094" /><trkpt lat="41.832965031" lon="9.303536546" /><trkpt lat="41.832976255" lon="9.303521987" /><trkpt lat="41.832987781" lon="9.303506358" /><trkpt lat="41.832999653" lon="9.303489602" /><trkpt lat="41.833011917" lon="9.303471663" /><trkpt lat="41.833024617" lon="9.303452483" /><trkpt lat="41.833037800" lon="9.303432004" /><trkpt lat="41.833051511" lon="9.303410171" /><trkpt lat="41.833060760" lon="9.303395358" /><trkpt lat="41.833070254" lon="9.303380322" /><trkpt lat="41.833079982" lon="9.303365080" /><trkpt lat="41.833089934" lon="9.303349652" /><trkpt lat="41.833100098" lon="9.303334058" /><trkpt lat="41.833110466" lon="9.303318317" /><trkpt lat="41.833121025" lon="9.303302447" /><trkpt lat="41.833131766" lon="9.303286467" /><trkpt lat="41.833142679" lon="9.303270398" /><trkpt lat="41.833153752" lon="9.303254258" /><trkpt lat="41.833164976" lon="9.303238067" /><trkpt lat="41.833176339" lon="9.303221843" /><trkpt lat="41.833187832" lon="9.303205606" /><trkpt lat="41.833199444" lon="9.303189375" /><trkpt lat="41.833211164" lon="9.303173168" /><trkpt lat="41.833222982" lon="9.303157007" /><trkpt lat="41.833234887" lon="9.303140908" /><trkpt lat="41.833246870" lon="9.303124893" /><trkpt lat="41.833258919" lon="9.303108979" /><trkpt lat="41.833271024" lon="9.303093186" /><trkpt lat="41.833283175" lon="9.303077533" /><trkpt lat="41.833295360" lon="9.303062040" /><trkpt lat="41.833307571" lon="9.303046725" /><trkpt lat="41.833319795" lon="9.303031609" /><trkpt lat="41.833332024" lon="9.303016709" /><trkpt lat="41.833344245" lon="9.303002045" /><trkpt lat="41.833356449" lon="9.302987636" /><trkpt lat="41.833368626" lon="9.302973502" /><trkpt lat="41.833380764" lon="9.302959661" /><trkpt lat="41.833392854" lon="9.302946134" /><trkpt lat="41.833404884" lon="9.302932938" /><trkpt lat="41.833416845" lon="9.302920094" /><trkpt lat="41.833428726" lon="9.302907620" /><trkpt lat="41.833440516" lon="9.302895535" /><trkpt lat="41.833452205" lon="9.302883859" /><trkpt lat="41.833463783" lon="9.302872611" /><trkpt lat="41.833475239" lon="9.302861810" /><trkpt lat="41.833486562" lon="9.302851476" /><trkpt lat="41.833497743" lon="9.302841627" /><trkpt lat="41.833508770" lon="9.302832282" /><trkpt lat="41.833519633" lon="9.302823462" /><trkpt lat="41.833530322" lon="9.302815184" /><trkpt lat="41.833540826" lon="9.302807469" /><trkpt lat="41.833551134" lon="9.302800334" /><trkpt lat="41.833561237" lon="9.302793801" /><trkpt lat="41.833571124" lon="9.302787887" /><trkpt lat="41.833581887" lon="9.302782279" /><trkpt lat="41.833593239" lon="9.302777420" /><trkpt lat="41.833605148" lon="9.302773298" /><trkpt lat="41.833617581" lon="9.302769897" /><trkpt lat="41.833630504" lon="9.302767203" /><trkpt lat="41.833643885" lon="9.302765202" /><trkpt lat="41.833657692" lon="9.302763879" /><trkpt lat="41.833671890" lon="9.302763221" /><trkpt lat="41.833686448" lon="9.302763212" /><trkpt lat="41.833701333" lon="9.302763840" /><trkpt lat="41.833716511" lon="9.302765088" /><trkpt lat="41.833731950" lon="9.302766944" /><trkpt lat="41.833747617" lon="9.302769393" /><trkpt lat="41.833763478" lon="9.302772420" /><trkpt lat="41.833779502" lon="9.302776011" /><trkpt lat="41.833795656" lon="9.302780152" /><trkpt lat="41.833811906" lon="9.302784828" /><trkpt lat="41.833828219" lon="9.302790026" /><trkpt lat="41.833844563" lon="9.302795731" /><trkpt lat="41.833860905" lon="9.302801929" /><trkpt lat="41.833877212" lon="9.302808605" /><trkpt lat="41.833893451" lon="9.302815745" /><trkpt lat="41.833909589" lon="9.302823335" /><trkpt lat="41.833925594" lon="9.302831360" /><trkpt lat="41.833941432" lon="9.302839807" /><trkpt lat="41.833957071" lon="9.302848660" /><trkpt lat="41.833972478" lon="9.302857906" /><trkpt lat="41.833987619" lon="9.302867531" /><trkpt lat="41.834002463" lon="9.302877519" /><trkpt lat="41.834016976" lon="9.302887857" /><trkpt lat="41.834031125" lon="9.302898531" /><trkpt lat="41.834044878" lon="9.302909526" /><trkpt lat="41.834058201" lon="9.302920827" /><trkpt lat="41.834071062" lon="9.302932421" /><trkpt lat="41.834083428" lon="9.302944293" /><trkpt lat="41.834095266" lon="9.302956429" /><trkpt lat="41.834106544" lon="9.302968815" /><trkpt lat="41.834117227" lon="9.302981436" /><trkpt lat="41.834127284" lon="9.302994279" /><trkpt lat="41.834136681" lon="9.303007328" /><trkpt lat="41.834145386" lon="9.303020569" /><trkpt lat="41.834153366" lon="9.303033988" /><trkpt lat="41.834160588" lon="9.303047572" /><trkpt lat="41.834170049" lon="9.303066440" /><trkpt lat="41.834179484" lon="9.303085138" /><trkpt lat="41.834188902" lon="9.303103646" /><trkpt lat="41.834198310" lon="9.303121948" /><trkpt lat="41.834207718" lon="9.303140025" /><trkpt lat="41.834217132" lon="9.303157861" /><trkpt lat="41.834226562" lon="9.303175437" /><trkpt lat="41.834236015" lon="9.303192736" /><trkpt lat="41.834245501" lon="9.303209740" /><trkpt lat="41.834255026" lon="9.303226431" /><trkpt lat="41.834264599" lon="9.303242793" /><trkpt lat="41.834274230" lon="9.303258807" /><trkpt lat="41.834283925" lon="9.303274456" /><trkpt lat="41.834293693" lon="9.303289721" /><trkpt lat="41.834303542" lon="9.303304586" /><trkpt lat="41.834313480" lon="9.303319033" /><trkpt lat="41.834323517" lon="9.303333044" /><trkpt lat="41.834333659" lon="9.303346602" /><trkpt lat="41.834343915" lon="9.303359688" /><trkpt lat="41.834354294" lon="9.303372286" /><trkpt lat="41.834364803" lon="9.303384377" /><trkpt lat="41.834375452" lon="9.303395944" /><trkpt lat="41.834386247" lon="9.303406970" /><trkpt lat="41.834397198" lon="9.303417437" /><trkpt lat="41.834408312" lon="9.303427326" /><trkpt lat="41.834419598" lon="9.303436621" /><trkpt lat="41.834431064" lon="9.303445304" /><trkpt lat="41.834442718" lon="9.303453357" /><trkpt lat="41.834454569" lon="9.303460762" /><trkpt lat="41.834466624" lon="9.303467503" /><trkpt lat="41.834478892" lon="9.303473560" /><trkpt lat="41.834490174" lon="9.303478868" /><trkpt lat="41.834502070" lon="9.303484660" /><trkpt lat="41.834514541" lon="9.303490915" /><trkpt lat="41.834527550" lon="9.303497614" /><trkpt lat="41.834541059" lon="9.303504734" /><trkpt lat="41.834555031" lon="9.303512254" /><trkpt lat="41.834569426" lon="9.303520155" /><trkpt lat="41.834584209" lon="9.303528414" /><trkpt lat="41.834599341" lon="9.303537010" /><trkpt lat="41.834614784" lon="9.303545923" /><trkpt lat="41.834630500" lon="9.303555132" /><trkpt lat="41.834646452" lon="9.303564615" /><trkpt lat="41.834662602" lon="9.303574352" /><trkpt lat="41.834678912" lon="9.303584321" /><trkpt lat="41.834695345" lon="9.303594502" /><trkpt lat="41.834711862" lon="9.303604873" /><trkpt lat="41.834728426" lon="9.303615414" /><trkpt lat="41.834744999" lon="9.303626103" /><trkpt lat="41.834761543" lon="9.303636920" /><trkpt lat="41.834778021" lon="9.303647843" /><trkpt lat="41.834794395" lon="9.303658851" /><trkpt lat="41.834810627" lon="9.303669924" /><trkpt lat="41.834826679" lon="9.303681040" /><trkpt lat="41.834842513" lon="9.303692179" /><trkpt lat="41.834858093" lon="9.303703319" /><trkpt lat="41.834873379" lon="9.303714439" /><trkpt lat="41.834888334" lon="9.303725518" /><trkpt lat="41.834902921" lon="9.303736536" /><trkpt lat="41.834917102" lon="9.303747471" /><trkpt lat="41.834930838" lon="9.303758303" /><trkpt lat="41.834944093" lon="9.303769009" /><trkpt lat="41.834956827" lon="9.303779570" /><trkpt lat="41.834969005" lon="9.303789964" /><trkpt lat="41.834980587" lon="9.303800170" /><trkpt lat="41.834991536" lon="9.303810167" /><trkpt lat="41.835001217" lon="9.303819312" /><trkpt lat="41.835011192" lon="9.303828976" /><trkpt lat="41.835021452" lon="9.303839125" /><trkpt lat="41.835031989" lon="9.303849719" /><trkpt lat="41.835042794" lon="9.303860723" /><trkpt lat="41.835053860" lon="9.303872099" /><trkpt lat="41.835065178" lon="9.303883811" /><trkpt lat="41.835076739" lon="9.303895821" /><trkpt lat="41.835088535" lon="9.303908092" /><trkpt lat="41.835100557" lon="9.303920588" /><trkpt lat="41.835112797" lon="9.303933271" /><trkpt lat="41.835125247" lon="9.303946105" /><trkpt lat="41.835137898" lon="9.303959052" /><trkpt lat="41.835150742" lon="9.303972076" /><trkpt lat="41.835163770" lon="9.303985139" /><trkpt lat="41.835176974" lon="9.303998204" /><trkpt lat="41.835190346" lon="9.304011235" /><trkpt lat="41.835203876" lon="9.304024194" /><trkpt lat="41.835217557" lon="9.304037045" /><trkpt lat="41.835231380" lon="9.304049751" /><trkpt lat="41.835245337" lon="9.304062273" /><trkpt lat="41.835259420" lon="9.304074577" /><trkpt lat="41.835273619" lon="9.304086624" /><trkpt lat="41.835287927" lon="9.304098377" /><trkpt lat="41.835302334" lon="9.304109800" /><trkpt lat="41.835316834" lon="9.304120856" /><trkpt lat="41.835331416" lon="9.304131507" /><trkpt lat="41.835346073" lon="9.304141716" /><trkpt lat="41.835360797" lon="9.304151448" /><trkpt lat="41.835375578" lon="9.304160663" /><trkpt lat="41.835390409" lon="9.304169327" /><trkpt lat="41.835405281" lon="9.304177401" /><trkpt lat="41.835420185" lon="9.304184848" /><trkpt lat="41.835435114" lon="9.304191632" /><trkpt lat="41.835450058" lon="9.304197716" /><trkpt lat="41.835465010" lon="9.304203063" /><trkpt lat="41.835479961" lon="9.304207635" /><trkpt lat="41.835494902" lon="9.304211395" /><trkpt lat="41.835509825" lon="9.304214308" /><trkpt lat="41.835527099" lon="9.304217084" /><trkpt lat="41.835544689" lon="9.304219745" /><trkpt lat="41.835562563" lon="9.304222308" /><trkpt lat="41.835580688" lon="9.304224788" /><trkpt lat="41.835599031" lon="9.304227203" /><trkpt lat="41.835617558" lon="9.304229569" /><trkpt lat="41.835636237" lon="9.304231904" /><trkpt lat="41.835655033" lon="9.304234225" /><trkpt lat="41.835673915" lon="9.304236547" /><trkpt lat="41.835692850" lon="9.304238888" /><trkpt lat="41.835711803" lon="9.304241264" /><trkpt lat="41.835730742" lon="9.304243693" /><trkpt lat="41.835749634" lon="9.304246191" /><trkpt lat="41.835768446" lon="9.304248776" /><trkpt lat="41.835787144" lon="9.304251462" /><trkpt lat="41.835805696" lon="9.304254269" /><trkpt lat="41.835824068" lon="9.304257211" /><trkpt lat="41.835842228" lon="9.304260307" /><trkpt lat="41.835860142" lon="9.304263573" /><trkpt lat="41.835877777" lon="9.304267025" /><trkpt lat="41.835895101" lon="9.304270681" /><trkpt lat="41.835912079" lon="9.304274558" /><trkpt lat="41.835928679" lon="9.304278671" /><trkpt lat="41.835944868" lon="9.304283038" /><trkpt lat="41.835960613" lon="9.304287677" /><trkpt lat="41.835975880" lon="9.304292602" /><trkpt lat="41.835990637" lon="9.304297832" /><trkpt lat="41.836004850" lon="9.304303383" /><trkpt lat="41.836018486" lon="9.304309271" /><trkpt lat="41.836031513" lon="9.304315515" /><trkpt lat="41.836043897" lon="9.304322130" /><trkpt lat="41.836055604" lon="9.304329133" /><trkpt lat="41.836066603" lon="9.304336541" /><trkpt lat="41.836076860" lon="9.304344371" /><trkpt lat="41.836086362" lon="9.304352092" /><trkpt lat="41.836096692" lon="9.304360432" /><trkpt lat="41.836107801" lon="9.304369346" /><trkpt lat="41.836119644" lon="9.304378786" /><trkpt lat="41.836132173" lon="9.304388703" /><trkpt lat="41.836145341" lon="9.304399051" /><trkpt lat="41.836159103" lon="9.304409782" /><trkpt lat="41.836173411" lon="9.304420848" /><trkpt lat="41.836188218" lon="9.304432202" /><trkpt lat="41.836203478" lon="9.304443795" /><trkpt lat="41.836219144" lon="9.304455582" /><trkpt lat="41.836235170" lon="9.304467513" /><trkpt lat="41.836251508" lon="9.304479543" /><trkpt lat="41.836268111" lon="9.304491622" /><trkpt lat="41.836284934" lon="9.304503703" /><trkpt lat="41.836301929" lon="9.304515739" /><trkpt lat="41.836319050" lon="9.304527683" /><trkpt lat="41.836336250" lon="9.304539486" /><trkpt lat="41.836353481" lon="9.304551102" /><trkpt lat="41.836370699" lon="9.304562482" /><trkpt lat="41.836387854" lon="9.304573579" /><trkpt lat="41.836404902" lon="9.304584345" /><trkpt lat="41.836421795" lon="9.304594734" /><trkpt lat="41.836438486" lon="9.304604697" /><trkpt lat="41.836454929" lon="9.304614187" /><trkpt lat="41.836471077" lon="9.304623156" /><trkpt lat="41.836486883" lon="9.304631557" /><trkpt lat="41.836502301" lon="9.304639342" /><trkpt lat="41.836517284" lon="9.304646464" /><trkpt lat="41.836531784" lon="9.304652875" /><trkpt lat="41.836545756" lon="9.304658527" /><trkpt lat="41.836559152" lon="9.304663374" /><trkpt lat="41.836571926" lon="9.304667366" /><trkpt lat="41.836584031" lon="9.304670458" /><trkpt lat="41.836595421" lon="9.304672601" /><trkpt lat="41.836606048" lon="9.304673748" /><trkpt lat="41.836615866" lon="9.304673850" /><trkpt lat="41.836627683" lon="9.304673093" /><trkpt lat="41.836639937" lon="9.304671926" /><trkpt lat="41.836652606" lon="9.304670398" /><trkpt lat="41.836665664" lon="9.304668557" /><trkpt lat="41.836679089" lon="9.304666452" /><trkpt lat="41.836692856" lon="9.304664131" /><trkpt lat="41.836706943" lon="9.304661643" /><trkpt lat="41.836721325" lon="9.304659035" /><trkpt lat="41.836735979" lon="9.304656357" /><trkpt lat="41.836750882" lon="9.304653656" /><trkpt lat="41.836766009" lon="9.304650982" /><trkpt lat="41.836781338" lon="9.304648382" /><trkpt lat="41.836796844" lon="9.304645905" /><trkpt lat="41.836812503" lon="9.304643600" /><trkpt lat="41.836828293" lon="9.304641514" /><trkpt lat="41.836844190" lon="9.304639696" /><trkpt lat="41.836860169" lon="9.304638196" /><trkpt lat="41.836876208" lon="9.304637060" /><trkpt lat="41.836892282" lon="9.304636338" /><trkpt lat="41.836908369" lon="9.304636077" /><trkpt lat="41.836924444" lon="9.304636327" /><trkpt lat="41.836940484" lon="9.304637136" /><trkpt lat="41.836956465" lon="9.304638551" /><trkpt lat="41.836972363" lon="9.304640623" /><trkpt lat="41.836988156" lon="9.304643398" /><trkpt lat="41.837003819" lon="9.304646925" /><trkpt lat="41.837019328" lon="9.304651253" /><trkpt lat="41.837034661" lon="9.304656431" /><trkpt lat="41.837049793" lon="9.304662506" /><trkpt lat="41.837064701" lon="9.304669527" /><trkpt lat="41.837079457" lon="9.304676942" /><trkpt lat="41.837094154" lon="9.304684154" /><trkpt lat="41.837108798" lon="9.304691149" /><trkpt lat="41.837123398" lon="9.304697908" /><trkpt lat="41.837137959" lon="9.304704418" /><trkpt lat="41.837152490" lon="9.304710660" /><trkpt lat="41.837166997" lon="9.304716619" /><trkpt lat="41.837181487" lon="9.304722279" /><trkpt lat="41.837195968" lon="9.304727623" /><trkpt lat="41.837210446" lon="9.304732635" /><trkpt lat="41.837224928" lon="9.304737299" /><trkpt lat="41.837239422" lon="9.304741599" /><trkpt lat="41.837253935" lon="9.304745519" /><trkpt lat="41.837268474" lon="9.304749042" /><trkpt lat="41.837283045" lon="9.304752152" /><trkpt lat="41.837297657" lon="9.304754832" /><trkpt lat="41.837312315" lon="9.304757068" /><trkpt lat="41.837327028" lon="9.304758842" /><trkpt lat="41.837341802" lon="9.304760138" /><trkpt lat="41.837356644" lon="9.304760939" /><trkpt lat="41.837371562" lon="9.304761231" /><trkpt lat="41.837386562" lon="9.304760996" /><trkpt lat="41.837401652" lon="9.304760219" /><trkpt lat="41.837416838" lon="9.304758882" /><trkpt lat="41.837432128" lon="9.304756970" /><trkpt lat="41.837447529" lon="9.304754467" /><trkpt lat="41.837463047" lon="9.304751357" /><trkpt lat="41.837478691" lon="9.304747622" /><trkpt lat="41.837494467" lon="9.304743248" /><trkpt lat="41.837510382" lon="9.304738217" /><trkpt lat="41.837525099" lon="9.304733421" /><trkpt lat="41.837540168" lon="9.304728774" /><trkpt lat="41.837555566" lon="9.304724254" /><trkpt lat="41.837571269" lon="9.304719841" /><trkpt lat="41.837587253" lon="9.304715513" /><trkpt lat="41.837603496" lon="9.304711250" /><trkpt lat="41.837619974" lon="9.304707029" /><trkpt lat="41.837636663" lon="9.304702831" /><trkpt lat="41.837653540" lon="9.304698635" /><trkpt lat="41.837670581" lon="9.304694418" /><trkpt lat="41.837687764" lon="9.304690161" /><trkpt lat="41.837705065" lon="9.304685842" /><trkpt lat="41.837722460" lon="9.304681440" /><trkpt lat="41.837739925" lon="9.304676935" /><trkpt lat="41.837757439" lon="9.304672305" /><trkpt lat="41.837774976" lon="9.304667529" /><trkpt lat="41.837792515" lon="9.304662586" /><trkpt lat="41.837810030" lon="9.304657455" /><trkpt lat="41.837827499" lon="9.304652115" /><trkpt lat="41.837844899" lon="9.304646546" /><trkpt lat="41.837862206" lon="9.304640726" /><trkpt lat="41.837879397" lon="9.304634633" /><trkpt lat="41.837896447" lon="9.304628248" /><trkpt lat="41.837913335" lon="9.304621549" /><trkpt lat="41.837930036" lon="9.304614515" /><trkpt lat="41.837946526" lon="9.304607125" /><trkpt lat="41.837962784" lon="9.304599358" /><trkpt lat="41.837978784" lon="9.304591193" /><trkpt lat="41.837994504" lon="9.304582609" /><trkpt lat="41.838009921" lon="9.304573584" /><trkpt lat="41.838025010" lon="9.304564099" /><trkpt lat="41.838039749" lon="9.304554132" /><trkpt lat="41.838054114" lon="9.304543662" /><trkpt lat="41.838069356" lon="9.304532434" /><trkpt lat="41.838083940" lon="9.304522324" /><trkpt lat="41.838097915" lon="9.304513288" /><trkpt lat="41.838111330" lon="9.304505283" /><trkpt lat="41.838124231" lon="9.304498263" /><trkpt lat="41.838136669" lon="9.304492185" /><trkpt lat="41.838148691" lon="9.304487004" /><trkpt lat="41.838160346" lon="9.304482677" /><trkpt lat="41.838171682" lon="9.304479160" /><trkpt lat="41.838182747" lon="9.304476408" /><trkpt lat="41.838193591" lon="9.304474377" /><trkpt lat="41.838204261" lon="9.304473023" /><trkpt lat="41.838214805" lon="9.304472302" /><trkpt lat="41.838225273" lon="9.304472170" /><trkpt lat="41.838235712" lon="9.304472583" /><trkpt lat="41.838246171" lon="9.304473497" /><trkpt lat="41.838256699" lon="9.304474867" /><trkpt lat="41.838267343" lon="9.304476650" /><trkpt lat="41.838278153" lon="9.304478800" /><trkpt lat="41.838289176" lon="9.304481276" /><trkpt lat="41.838300462" lon="9.304484031" /><trkpt lat="41.838312057" lon="9.304487022" /><trkpt lat="41.838324012" lon="9.304490206" /><trkpt lat="41.838336373" lon="9.304493537" /><trkpt lat="41.838349191" lon="9.304496972" /><trkpt lat="41.838362512" lon="9.304500466" /><trkpt lat="41.838376386" lon="9.304503976" /><trkpt lat="41.838390860" lon="9.304507457" /><trkpt lat="41.838405984" lon="9.304510866" /><trkpt lat="41.838421806" lon="9.304514157" /><trkpt lat="41.838435590" lon="9.304516943" /><trkpt lat="41.838449942" lon="9.304519920" /><trkpt lat="41.838464827" lon="9.304523065" /><trkpt lat="41.838480210" lon="9.304526354" /><trkpt lat="41.838496059" lon="9.304529765" /><trkpt lat="41.838512337" lon="9.304533274" /><trkpt lat="41.838529010" lon="9.304536858" /><trkpt lat="41.838546044" lon="9.304540493" /><trkpt lat="41.838563405" lon="9.304544156" /><trkpt lat="41.838581057" lon="9.304547824" /><trkpt lat="41.838598967" lon="9.304551474" /><trkpt lat="41.838617099" lon="9.304555082" /><trkpt lat="41.838635420" lon="9.304558625" /><trkpt lat="41.838653895" lon="9.304562079" /><trkpt lat="41.838672490" lon="9.304565422" /><trkpt lat="41.838691169" lon="9.304568630" /><trkpt lat="41.838709899" lon="9.304571679" /><trkpt lat="41.838728645" lon="9.304574547" /><trkpt lat="41.838747372" lon="9.304577210" /><trkpt lat="41.838766047" lon="9.304579645" /><trkpt lat="41.838784633" lon="9.304581828" /><trkpt lat="41.838803098" lon="9.304583737" /><trkpt lat="41.838821407" lon="9.304585347" /><trkpt lat="41.838839524" lon="9.304586636" /><trkpt lat="41.838857416" lon="9.304587581" /><trkpt lat="41.838875049" lon="9.304588157" /><trkpt lat="41.838892386" lon="9.304588342" /><trkpt lat="41.838909395" lon="9.304588112" /><trkpt lat="41.838926041" lon="9.304587445" /><trkpt lat="41.838942289" lon="9.304586316" /><trkpt lat="41.838958104" lon="9.304584702" /><trkpt lat="41.838973452" lon="9.304582581" /><trkpt lat="41.838988300" lon="9.304579929" /><trkpt lat="41.839002611" lon="9.304576722" /><trkpt lat="41.839016352" lon="9.304572938" /><trkpt lat="41.839029489" lon="9.304568552" /><trkpt lat="41.839043941" lon="9.304563029" /><trkpt lat="41.839058447" lon="9.304557053" /><trkpt lat="41.839073008" lon="9.304550674" /><trkpt lat="41.839087624" lon="9.304543942" /><trkpt lat="41.839102297" lon="9.304536907" /><trkpt lat="41.839117026" lon="9.304529617" /><trkpt lat="41.839131813" lon="9.304522122" /><trkpt lat="41.839146658" lon="9.304514473" /><trkpt lat="41.839161562" lon="9.304506717" /><trkpt lat="41.839176526" lon="9.304498906" /><trkpt lat="41.839191550" lon="9.304491088" /><trkpt lat="41.839206635" lon="9.304483313" /><trkpt lat="41.839221781" lon="9.304475631" /><trkpt lat="41.839236990" lon="9.304468091" /><trkpt lat="41.839252262" lon="9.304460743" /><trkpt lat="41.839267597" lon="9.304453635" /><trkpt lat="41.839282997" lon="9.304446819" /><trkpt lat="41.839298462" lon="9.304440343" /><trkpt lat="41.839313993" lon="9.304434257" /><trkpt lat="41.839329590" lon="9.304428610" /><trkpt lat="41.839345255" lon="9.304423452" /><trkpt lat="41.839360987" lon="9.304418832" /><trkpt lat="41.839376788" lon="9.304414800" /><trkpt lat="41.839392658" lon="9.304411406" /><trkpt lat="41.839408598" lon="9.304408699" /><trkpt lat="41.839424608" lon="9.304406729" /><trkpt lat="41.839440690" lon="9.304405545" /><trkpt lat="41.839456843" lon="9.304405197" /><trkpt lat="41.839473069" lon="9.304405733" /><trkpt lat="41.839489369" lon="9.304407205" /><trkpt lat="41.839505743" lon="9.304409661" /><trkpt lat="41.839522191" lon="9.304413151" /><trkpt lat="41.839539395" lon="9.304417069" /><trkpt lat="41.839555861" lon="9.304420255" /><trkpt lat="41.839571629" lon="9.304422730" /><trkpt lat="41.839586736" lon="9.304424515" /><trkpt lat="41.839601219" lon="9.304425633" /><trkpt lat="41.839615116" lon="9.304426105" /><trkpt lat="41.839628466" lon="9.304425953" /><trkpt lat="41.839641307" lon="9.304425199" /><trkpt lat="41.839653676" lon="9.304423864" /><trkpt lat="41.839665611" lon="9.304421969" /><trkpt lat="41.839677149" lon="9.304419537" /><trkpt lat="41.839688330" lon="9.304416590" /><trkpt lat="41.839699191" lon="9.304413148" /><trkpt lat="41.839709769" lon="9.304409233" /><trkpt lat="41.839720103" lon="9.304404868" /><trkpt lat="41.839730231" lon="9.304400074" /><trkpt lat="41.839740190" lon="9.304394872" /><trkpt lat="41.839750018" lon="9.304389284" /><trkpt lat="41.839759753" lon="9.304383332" /><trkpt lat="41.839769434" lon="9.304377038" /><trkpt lat="41.839779097" lon="9.304370423" /><trkpt lat="41.839788781" lon="9.304363509" /><trkpt lat="41.839798525" lon="9.304356317" /><trkpt lat="41.839808364" lon="9.304348869" /><trkpt lat="41.839818339" lon="9.304341188" /><trkpt lat="41.839828485" lon="9.304333293" /><trkpt lat="41.839838842" lon="9.304325209" /><trkpt lat="41.839849448" lon="9.304316954" /><trkpt lat="41.839860339" lon="9.304308553" /><trkpt lat="41.839871555" lon="9.304300026" /><trkpt lat="41.839882834" lon="9.304291637" /><trkpt lat="41.839893902" lon="9.304283629" /><trkpt lat="41.839904772" lon="9.304275988" /><trkpt lat="41.839915460" lon="9.304268701" /><trkpt lat="41.839925980" lon="9.304261755" /><trkpt lat="41.839936347" lon="9.304255136" /><trkpt lat="41.839946575" lon="9.304248833" /><trkpt lat="41.839956679" lon="9.304242831" /><trkpt lat="41.839966675" lon="9.304237117" /><trkpt lat="41.839976575" lon="9.304231679" /><trkpt lat="41.839986396" lon="9.304226503" /><trkpt lat="41.839996151" lon="9.304221576" /><trkpt lat="41.840005856" lon="9.304216886" /><trkpt lat="41.840015524" lon="9.304212418" /><trkpt lat="41.840025172" lon="9.304208160" /><trkpt lat="41.840034813" lon="9.304204099" /><trkpt lat="41.840044461" lon="9.304200221" /><trkpt lat="41.840054133" lon="9.304196514" /><trkpt lat="41.840063841" lon="9.304192964" /><trkpt lat="41.840073602" lon="9.304189558" /><trkpt lat="41.840083429" lon="9.304186284" /><trkpt lat="41.840093338" lon="9.304183127" /><trkpt lat="41.840103342" lon="9.304180076" /><trkpt lat="41.840113457" lon="9.304177116" /><trkpt lat="41.840123698" lon="9.304174235" /><trkpt lat="41.840134078" lon="9.304171419" /><trkpt lat="41.840144613" lon="9.304168656" /><trkpt lat="41.840155316" lon="9.304165933" /><trkpt lat="41.840166204" lon="9.304163235" /><trkpt lat="41.840177290" lon="9.304160551" /><trkpt lat="41.840188231" lon="9.304157627" /><trkpt lat="41.840198682" lon="9.304154218" /><trkpt lat="41.840208663" lon="9.304150321" /><trkpt lat="41.840218191" lon="9.304145934" /><trkpt lat="41.840227284" lon="9.304141055" /><trkpt lat="41.840235960" lon="9.304135681" /><trkpt lat="41.840244235" lon="9.304129811" /><trkpt lat="41.840252129" lon="9.304123440" /><trkpt lat="41.840259659" lon="9.304116568" /><trkpt lat="41.840266842" lon="9.304109192" /><trkpt lat="41.840273697" lon="9.304101308" /><trkpt lat="41.840280241" lon="9.304092916" /><trkpt lat="41.840286492" lon="9.304084013" /><trkpt lat="41.840292468" lon="9.304074595" /><trkpt lat="41.840298186" lon="9.304064662" /><trkpt lat="41.840303664" lon="9.304054210" /><trkpt lat="41.840308920" lon="9.304043237" /><trkpt lat="41.840313972" lon="9.304031740" /><trkpt lat="41.840318837" lon="9.304019718" /><trkpt lat="41.840323534" lon="9.304007168" /><trkpt lat="41.840328079" lon="9.303994087" /><trkpt lat="41.840332492" lon="9.303980474" /><trkpt lat="41.840336789" lon="9.303966325" /><trkpt lat="41.840340988" lon="9.303951639" /><trkpt lat="41.840345108" lon="9.303936412" /><trkpt lat="41.840349165" lon="9.303920643" /><trkpt lat="41.840353178" lon="9.303904330" /><trkpt lat="41.840357164" lon="9.303887469" /><trkpt lat="41.840361141" lon="9.303870059" /><trkpt lat="41.840365127" lon="9.303852097" /><trkpt lat="41.840368750" lon="9.303834495" /><trkpt lat="41.840371900" lon="9.303816983" /><trkpt lat="41.840374606" lon="9.303799553" /><trkpt lat="41.840376893" lon="9.303782194" /><trkpt lat="41.840378789" lon="9.303764897" /><trkpt lat="41.840380321" lon="9.303747651" /><trkpt lat="41.840381515" lon="9.303730448" /><trkpt lat="41.840382400" lon="9.303713277" /><trkpt lat="41.840383001" lon="9.303696129" /><trkpt lat="41.840383345" lon="9.303678993" /><trkpt lat="41.840383460" lon="9.303661861" /><trkpt lat="41.840383373" lon="9.303644723" /><trkpt lat="41.840383110" lon="9.303627568" /><trkpt lat="41.840382699" lon="9.303610387" /><trkpt lat="41.840382166" lon="9.303593171" /><trkpt lat="41.840381539" lon="9.303575909" /><trkpt lat="41.840380844" lon="9.303558592" /><trkpt lat="41.840380108" lon="9.303541211" /><trkpt lat="41.840379359" lon="9.303523754" /><trkpt lat="41.840378623" lon="9.303506214" /><trkpt lat="41.840377927" lon="9.303488579" /><trkpt lat="41.840377299" lon="9.303470841" /><trkpt lat="41.840376764" lon="9.303452990" /><trkpt lat="41.840376351" lon="9.303435015" /><trkpt lat="41.840376086" lon="9.303416907" /><trkpt lat="41.840375996" lon="9.303398657" /><trkpt lat="41.840376108" lon="9.303380254" /><trkpt lat="41.840376449" lon="9.303361690" /><trkpt lat="41.840377046" lon="9.303342953" /><trkpt lat="41.840377925" lon="9.303324035" /><trkpt lat="41.840379115" lon="9.303304926" /><trkpt lat="41.840380620" lon="9.303285557" /><trkpt lat="41.840382340" lon="9.303267106" /><trkpt lat="41.840384282" lon="9.303249507" /><trkpt lat="41.840386453" lon="9.303232698" /><trkpt lat="41.840388859" lon="9.303216615" /><trkpt lat="41.840391506" lon="9.303201195" /><trkpt lat="41.840394402" lon="9.303186374" /><trkpt lat="41.840397552" lon="9.303172088" /><trkpt lat="41.840400963" lon="9.303158275" /><trkpt lat="41.840404641" lon="9.303144869" /><trkpt lat="41.840408594" lon="9.303131808" /><trkpt lat="41.840412827" lon="9.303119028" /><trkpt lat="41.840417347" lon="9.303106466" /><trkpt lat="41.840422160" lon="9.303094057" /><trkpt lat="41.840427273" lon="9.303081740" /><trkpt lat="41.840432693" lon="9.303069448" /><trkpt lat="41.840438426" lon="9.303057121" /><trkpt lat="41.840444478" lon="9.303044692" /><trkpt lat="41.840450855" lon="9.303032100" /><trkpt lat="41.840457565" lon="9.303019281" /><trkpt lat="41.840464614" lon="9.303006170" /><trkpt lat="41.840472009" lon="9.302992705" /><trkpt lat="41.840479755" lon="9.302978821" /><trkpt lat="41.840487859" lon="9.302964456" /><trkpt lat="41.840496328" lon="9.302949546" /><trkpt lat="41.840505168" lon="9.302934026" /><trkpt lat="41.840514386" lon="9.302917834" /><trkpt lat="41.840523988" lon="9.302900906" /><trkpt lat="41.840533981" lon="9.302883179" /><trkpt lat="41.840544371" lon="9.302864588" /><trkpt lat="41.840554876" lon="9.302845573" /><trkpt lat="41.840565207" lon="9.302826630" /><trkpt lat="41.840575361" lon="9.302807783" /><trkpt lat="41.840585333" lon="9.302789054" /><trkpt lat="41.840595120" lon="9.302770467" /><trkpt lat="41.840604718" lon="9.302752044" /><trkpt lat="41.840614123" lon="9.302733808" /><trkpt lat="41.840623332" lon="9.302715781" /><trkpt lat="41.840632340" lon="9.302697988" /><trkpt lat="41.840641145" lon="9.302680451" /><trkpt lat="41.840649742" lon="9.302663192" /><trkpt lat="41.840658127" lon="9.302646235" /><trkpt lat="41.840666298" lon="9.302629603" /><trkpt lat="41.840674249" lon="9.302613318" /><trkpt lat="41.840681978" lon="9.302597404" /><trkpt lat="41.840689480" lon="9.302581883" /><trkpt lat="41.840696752" lon="9.302566779" /><trkpt lat="41.840703790" lon="9.302552114" /><trkpt lat="41.840710590" lon="9.302537910" /><trkpt lat="41.840717149" lon="9.302524192" /><trkpt lat="41.840723462" lon="9.302510982" /><trkpt lat="41.840729527" lon="9.302498303" /><trkpt lat="41.840735338" lon="9.302486178" /><trkpt lat="41.840740894" lon="9.302474629" /><trkpt lat="41.840746189" lon="9.302463680" /><trkpt lat="41.840751220" lon="9.302453354" /><trkpt lat="41.840755983" lon="9.302443673" /><trkpt lat="41.840760475" lon="9.302434661" /><trkpt lat="41.840764691" lon="9.302426340" /><trkpt lat="41.840768628" lon="9.302418733" /><trkpt lat="41.840772583" lon="9.302411455" /><trkpt lat="41.840776842" lon="9.302404105" /><trkpt lat="41.840781391" lon="9.302396683" /><trkpt lat="41.840786217" lon="9.302389187" /><trkpt lat="41.840791303" lon="9.302381617" /><trkpt lat="41.840796636" lon="9.302373972" /><trkpt lat="41.840802201" lon="9.302366253" /><trkpt lat="41.840807982" lon="9.302358458" /><trkpt lat="41.840813967" lon="9.302350586" /><trkpt lat="41.840820139" lon="9.302342638" /><trkpt lat="41.840826484" lon="9.302334612" /><trkpt lat="41.840832988" lon="9.302326508" /><trkpt lat="41.840839636" lon="9.302318325" /><trkpt lat="41.840846413" lon="9.302310064" /><trkpt lat="41.840853304" lon="9.302301722" /><trkpt lat="41.840860296" lon="9.302293300" /><trkpt lat="41.840867372" lon="9.302284796" /><trkpt lat="41.840874520" lon="9.302276211" /><trkpt lat="41.840881723" lon="9.302267544" /><trkpt lat="41.840888967" lon="9.302258794" /><trkpt lat="41.840896239" lon="9.302249960" /><trkpt lat="41.840903522" lon="9.302241043" /><trkpt lat="41.840910802" lon="9.302232041" /><trkpt lat="41.840918065" lon="9.302222953" /><trkpt lat="41.840925297" lon="9.302213780" /><trkpt lat="41.840932481" lon="9.302204520" /><trkpt lat="41.840939604" lon="9.302195174" /><trkpt lat="41.840946652" lon="9.302185739" /><trkpt lat="41.840953609" lon="9.302176217" /><trkpt lat="41.840960460" lon="9.302166605" /><trkpt lat="41.840967119" lon="9.302157318" /><trkpt lat="41.840973528" lon="9.302148740" /><trkpt lat="41.840979717" lon="9.302140829" /><trkpt lat="41.840985716" lon="9.302133545" /><trkpt lat="41.840991553" lon="9.302126844" /><trkpt lat="41.840997260" lon="9.302120686" /><trkpt lat="41.841002865" lon="9.302115029" /><trkpt lat="41.841008399" lon="9.302109830" /><trkpt lat="41.841013891" lon="9.302105049" /><trkpt lat="41.841019371" lon="9.302100643" /><trkpt lat="41.841024869" lon="9.302096571" /><trkpt lat="41.841030415" lon="9.302092791" /><trkpt lat="41.841036037" lon="9.302089262" /><trkpt lat="41.841041767" lon="9.302085941" /><trkpt lat="41.841047634" lon="9.302082786" /><trkpt lat="41.841053667" lon="9.302079758" /><trkpt lat="41.841059896" lon="9.302076812" /><trkpt lat="41.841066351" lon="9.302073908" /><trkpt lat="41.841073062" lon="9.302071005" /><trkpt lat="41.841080059" lon="9.302068059" /><trkpt lat="41.841087370" lon="9.302065030" /><trkpt lat="41.841095027" lon="9.302061876" /><trkpt lat="41.841103059" lon="9.302058555" /><trkpt lat="41.841111495" lon="9.302055026" /><trkpt lat="41.841120366" lon="9.302051246" /><trkpt lat="41.841129700" lon="9.302047174" /><trkpt lat="41.841139529" lon="9.302042768" /><trkpt lat="41.841149880" lon="9.302037987" /><trkpt lat="41.841160786" lon="9.302032788" /><trkpt lat="41.841172274" lon="9.302027131" /><trkpt lat="41.841184311" lon="9.302021188" /><trkpt lat="41.841196816" lon="9.302015155" /><trkpt lat="41.841209743" lon="9.302009024" /><trkpt lat="41.841223049" lon="9.302002785" /><trkpt lat="41.841236691" lon="9.301996429" /><trkpt lat="41.841250624" lon="9.301989949" /><trkpt lat="41.841264804" lon="9.301983333" /><trkpt lat="41.841279189" lon="9.301976575" /><trkpt lat="41.841293734" lon="9.301969664" /><trkpt lat="41.841308395" lon="9.301962592" /><trkpt lat="41.841323128" lon="9.301955350" /><trkpt lat="41.841337890" lon="9.301947929" /><trkpt lat="41.841352637" lon="9.301940321" /><trkpt lat="41.841367325" lon="9.301932515" /><trkpt lat="41.841381911" lon="9.301924504" /><trkpt lat="41.841396349" lon="9.301916278" /><trkpt lat="41.841410598" lon="9.301907829" /><trkpt lat="41.841424612" lon="9.301899148" /><trkpt lat="41.841438348" lon="9.301890225" /><trkpt lat="41.841451763" lon="9.301881052" /><trkpt lat="41.841464812" lon="9.301871619" /><trkpt lat="41.841477452" lon="9.301861919" /><trkpt lat="41.841489638" lon="9.301851942" /><trkpt lat="41.841501328" lon="9.301841679" /><trkpt lat="41.841512476" lon="9.301831121" /><trkpt lat="41.841523041" lon="9.301820259" /><trkpt lat="41.841532976" lon="9.301809085" /><trkpt lat="41.841542240" lon="9.301797589" /><trkpt lat="41.841550788" lon="9.301785763" /><trkpt lat="41.841558576" lon="9.301773597" /><trkpt lat="41.841565759" lon="9.301761628" /><trkpt lat="41.841572989" lon="9.301749587" /><trkpt lat="41.841580250" lon="9.301737451" /><trkpt lat="41.841587527" lon="9.301725198" /><trkpt lat="41.841594803" lon="9.301712807" /><trkpt lat="41.841602063" lon="9.301700254" /><trkpt lat="41.841609291" lon="9.301687519" /><trkpt lat="41.841616472" lon="9.301674578" /><trkpt lat="41.841623589" lon="9.301661410" /><trkpt lat="41.841630628" lon="9.301647992" /><trkpt lat="41.841637572" lon="9.301634303" /><trkpt lat="41.841644406" lon="9.301620319" /><trkpt lat="41.841651114" lon="9.301606020" /><trkpt lat="41.841657680" lon="9.301591382" /><trkpt lat="41.841664089" lon="9.301576384" /><trkpt lat="41.841670324" lon="9.301561004" /><trkpt lat="41.841676371" lon="9.301545219" /><trkpt lat="41.841682214" lon="9.301529007" /><trkpt lat="41.841687836" lon="9.301512347" /><trkpt lat="41.841693223" lon="9.301495215" /><trkpt lat="41.841698358" lon="9.301477590" /><trkpt lat="41.841703226" lon="9.301459450" /><trkpt lat="41.841707811" lon="9.301440772" /><trkpt lat="41.841712097" lon="9.301421535" /><trkpt lat="41.841716069" lon="9.301401715" /><trkpt lat="41.841719711" lon="9.301381292" /><trkpt lat="41.841723007" lon="9.301360243" /><trkpt lat="41.841725942" lon="9.301338545" /><trkpt lat="41.841728500" lon="9.301316178" /><trkpt lat="41.841730665" lon="9.301293117" /><trkpt lat="41.841732421" lon="9.301269342" /><trkpt lat="41.841733911" lon="9.301246954" /><trkpt lat="41.841735492" lon="9.301225147" /><trkpt lat="41.841737188" lon="9.301203927" /><trkpt lat="41.841739022" lon="9.301183298" /><trkpt lat="41.841741020" lon="9.301163264" /><trkpt lat="41.841743206" lon="9.301143832" /><trkpt lat="41.841745604" lon="9.301125006" /><trkpt lat="41.841748239" lon="9.301106790" /><trkpt lat="41.841751135" lon="9.301089190" /><trkpt lat="41.841754315" lon="9.301072211" /><trkpt lat="41.841757806" lon="9.301055858" /><trkpt lat="41.841761630" lon="9.301040135" /><trkpt lat="41.841765813" lon="9.301025047" /><trkpt lat="41.841770378" lon="9.301010600" /><trkpt lat="41.841775350" lon="9.300996798" /><trkpt lat="41.841780754" lon="9.300983647" /><trkpt lat="41.841786614" lon="9.300971150" /><trkpt lat="41.841792953" lon="9.300959314" /><trkpt lat="41.841799797" lon="9.300948143" /><trkpt lat="41.841807170" lon="9.300937641" /><trkpt lat="41.841815096" lon="9.300927815" /><trkpt lat="41.841823599" lon="9.300918668" /><trkpt lat="41.841832704" lon="9.300910206" /><trkpt lat="41.841842436" lon="9.300902434" /><trkpt lat="41.841852818" lon="9.300895356" /><trkpt lat="41.841863875" lon="9.300888977" /><trkpt lat="41.841875631" lon="9.300883303" /><trkpt lat="41.841888110" lon="9.300878339" /><trkpt lat="41.841901338" lon="9.300874088" /><trkpt lat="41.841915338" lon="9.300870557" /><trkpt lat="41.841930135" lon="9.300867750" /><trkpt lat="41.841945753" lon="9.300865672" /><trkpt lat="41.841962216" lon="9.300864328" /><trkpt lat="41.841980819" lon="9.300863403" /><trkpt lat="41.841999450" lon="9.300862768" /><trkpt lat="41.842018094" lon="9.300862412" /><trkpt lat="41.842036735" lon="9.300862325" /><trkpt lat="41.842055357" lon="9.300862499" /><trkpt lat="41.842073944" lon="9.300862922" /><trkpt lat="41.842092481" lon="9.300863586" /><trkpt lat="41.842110951" lon="9.300864481" /><trkpt lat="41.842129338" lon="9.300865596" /><trkpt lat="41.842147628" lon="9.300866922" /><trkpt lat="41.842165803" lon="9.300868449" /><trkpt lat="41.842183849" lon="9.300870167" /><trkpt lat="41.842201749" lon="9.300872067" /><trkpt lat="41.842219487" lon="9.300874138" /><trkpt lat="41.842237048" lon="9.300876371" /><trkpt lat="41.842254416" lon="9.300878756" /><trkpt lat="41.842271575" lon="9.300881283" /><trkpt lat="41.842288509" lon="9.300883943" /><trkpt lat="41.842305203" lon="9.300886725" /><trkpt lat="41.842321640" lon="9.300889620" /><trkpt lat="41.842337804" lon="9.300892618" /><trkpt lat="41.842353681" lon="9.300895709" /><trkpt lat="41.842369253" lon="9.300898883" /><trkpt lat="41.842384506" lon="9.300902131" /><trkpt lat="41.842399423" lon="9.300905442" /><trkpt lat="41.842413988" lon="9.300908808" /><trkpt lat="41.842428186" lon="9.300912217" /><trkpt lat="41.842442001" lon="9.300915661" /><trkpt lat="41.842455417" lon="9.300919129" /><trkpt lat="41.842468419" lon="9.300922612" /><trkpt lat="41.842480997" lon="9.300926064" /><trkpt lat="41.842493164" lon="9.300929413" /><trkpt lat="41.842504938" lon="9.300932611" /><trkpt lat="41.842516333" lon="9.300935609" /><trkpt lat="41.842527365" lon="9.300938358" /><trkpt lat="41.842538052" lon="9.300940808" /><trkpt lat="41.842548408" lon="9.300942912" /><trkpt lat="41.842558449" lon="9.300944620" /><trkpt lat="41.842568193" lon="9.300945883" /><trkpt lat="41.842577653" lon="9.300946653" /><trkpt lat="41.842586848" lon="9.300946880" /><trkpt lat="41.842595792" lon="9.300946516" /><trkpt lat="41.842604501" lon="9.300945512" /><trkpt lat="41.842612992" lon="9.300943819" /><trkpt lat="41.842621281" lon="9.300941388" /><trkpt lat="41.842629383" lon="9.300938170" /><trkpt lat="41.842637314" lon="9.300934116" /><trkpt lat="41.842645091" lon="9.300929178" /><trkpt lat="41.842652729" lon="9.300923307" /><trkpt lat="41.842660245" lon="9.300916453" /><trkpt lat="41.842667655" lon="9.300908568" /><trkpt lat="41.842674973" lon="9.300899603" /><trkpt lat="41.842682217" lon="9.300889509" /><trkpt lat="41.842689403" lon="9.300878238" /><trkpt lat="41.842696546" lon="9.300865739" /><trkpt lat="41.842703662" lon="9.300851965" /><trkpt lat="41.842710767" lon="9.300836867" /><trkpt lat="41.842717878" lon="9.300820396" /><trkpt lat="41.842725011" lon="9.300802502" /><trkpt lat="41.842732180" lon="9.300783137" /><trkpt lat="41.842738205" lon="9.300765889" /><trkpt lat="41.842743958" lon="9.300748631" /><trkpt lat="41.842749455" lon="9.300731364" /><trkpt lat="41.842754712" lon="9.300714090" /><trkpt lat="41.842759745" lon="9.300696811" /><trkpt lat="41.842764570" lon="9.300679527" /><trkpt lat="41.842769203" lon="9.300662240" /><trkpt lat="41.842773659" lon="9.300644952" /><trkpt lat="41.842777955" lon="9.300627663" /><trkpt lat="41.842782106" lon="9.300610376" /><trkpt lat="41.842786128" lon="9.300593092" /><trkpt lat="41.842790037" lon="9.300575811" /><trkpt lat="41.842793849" lon="9.300558536" /><trkpt lat="41.842797580" lon="9.300541268" /><trkpt lat="41.842801246" lon="9.300524008" /><trkpt lat="41.842804862" lon="9.300506757" /><trkpt lat="41.842808444" lon="9.300489518" /><trkpt lat="41.842812009" lon="9.300472291" /><trkpt lat="41.842815572" lon="9.300455078" /><trkpt lat="41.842819149" lon="9.300437880" /><trkpt lat="41.842822756" lon="9.300420699" /><trkpt lat="41.842826408" lon="9.300403536" /><trkpt lat="41.842830122" lon="9.300386392" /><trkpt lat="41.842833914" lon="9.300369269" /><trkpt lat="41.842837799" lon="9.300352168" /><trkpt lat="41.842841794" lon="9.300335091" /><trkpt lat="41.842845913" lon="9.300318039" /><trkpt lat="41.842850174" lon="9.300301013" /><trkpt lat="41.842854591" lon="9.300284016" /><trkpt lat="41.842859181" lon="9.300267047" /><trkpt lat="41.842863960" lon="9.300250109" /><trkpt lat="41.842868943" lon="9.300233203" /><trkpt lat="41.842874147" lon="9.300216330" /><trkpt lat="41.842879586" lon="9.300199493" /><trkpt lat="41.842885278" lon="9.300182691" /><trkpt lat="41.842891794" lon="9.300163505" /><trkpt lat="41.842897757" lon="9.300145073" /><trkpt lat="41.842903176" lon="9.300127346" /><trkpt lat="41.842908058" lon="9.300110274" /><trkpt lat="41.842912411" lon="9.300093805" /><trkpt lat="41.842916242" lon="9.300077892" /><trkpt lat="41.842919559" lon="9.300062482" /><trkpt lat="41.842922369" lon="9.300047527" /><trkpt lat="41.842924680" lon="9.300032975" /><trkpt lat="41.842926500" lon="9.300018778" /><trkpt lat="41.842927836" lon="9.300004885" /><trkpt lat="41.842928695" lon="9.299991246" /><trkpt lat="41.842929085" lon="9.299977810" /><trkpt lat="41.842929014" lon="9.299964528" /><trkpt lat="41.842928489" lon="9.299951350" /><trkpt lat="41.842927518" lon="9.299938226" /><trkpt lat="41.842926108" lon="9.299925105" /><trkpt lat="41.842924267" lon="9.299911938" /><trkpt lat="41.842922002" lon="9.299898674" /><trkpt lat="41.842919321" lon="9.299885264" /><trkpt lat="41.842916232" lon="9.299871657" /><trkpt lat="41.842912742" lon="9.299857803" /><trkpt lat="41.842908858" lon="9.299843652" /><trkpt lat="41.842904589" lon="9.299829154" /><trkpt lat="41.842899941" lon="9.299814260" /><trkpt lat="41.842894922" lon="9.299798918" /><trkpt lat="41.842889540" lon="9.299783079" /><trkpt lat="41.842883803" lon="9.299766694" /><trkpt lat="41.842877717" lon="9.299749710" /><trkpt lat="41.842871291" lon="9.299732080" /><trkpt lat="41.842865463" lon="9.299716226" /><trkpt lat="41.842859621" lon="9.299700375" /><trkpt lat="41.842853770" lon="9.299684521" /><trkpt lat="41.842847918" lon="9.299668656" /><trkpt lat="41.842842070" lon="9.299652774" /><trkpt lat="41.842836234" lon="9.299636870" /><trkpt lat="41.842830415" lon="9.299620938" /><trkpt lat="41.842824620" lon="9.299604970" /><trkpt lat="41.842818855" lon="9.299588961" /><trkpt lat="41.842813127" lon="9.299572904" /><trkpt lat="41.842807442" lon="9.299556794" /><trkpt lat="41.842801807" lon="9.299540623" /><trkpt lat="41.842796227" lon="9.299524387" /><trkpt lat="41.842790711" lon="9.299508077" /><trkpt lat="41.842785263" lon="9.299491689" /><trkpt lat="41.842779890" lon="9.299475217" /><trkpt lat="41.842774599" lon="9.299458652" /><trkpt lat="41.842769397" lon="9.299441991" /><trkpt lat="41.842764289" lon="9.299425226" /><trkpt lat="41.842759282" lon="9.299408350" /><trkpt lat="41.842754382" lon="9.299391359" /><trkpt lat="41.842749596" lon="9.299374245" /><trkpt lat="41.842744931" lon="9.299357003" /><trkpt lat="41.842740392" lon="9.299339626" /><trkpt lat="41.842735986" lon="9.299322107" /><trkpt lat="41.842731720" lon="9.299304442" /><trkpt lat="41.842727600" lon="9.299286622" /><trkpt lat="41.842723632" lon="9.299268643" /><trkpt lat="41.842719823" lon="9.299250498" /><trkpt lat="41.842716179" lon="9.299232180" /><trkpt lat="41.842712707" lon="9.299213684" /><trkpt lat="41.842709413" lon="9.299195003" /><trkpt lat="41.842706303" lon="9.299176131" /><trkpt lat="41.842703385" lon="9.299157062" /><trkpt lat="41.842700113" lon="9.299135804" /><trkpt lat="41.842696683" lon="9.299115460" /><trkpt lat="41.842693086" lon="9.299095993" /><trkpt lat="41.842689310" lon="9.299077371" /><trkpt lat="41.842685345" lon="9.299059559" /><trkpt lat="41.842681181" lon="9.299042521" /><trkpt lat="41.842676806" lon="9.299026223" /><trkpt lat="41.842672209" lon="9.299010632" /><trkpt lat="41.842667381" lon="9.298995711" /><trkpt lat="41.842662311" lon="9.298981427" /><trkpt lat="41.842656987" lon="9.298967745" /><trkpt lat="41.842651400" lon="9.298954630" /><trkpt lat="41.842645538" lon="9.298942049" /><trkpt lat="41.842639391" lon="9.298929965" /><trkpt lat="41.842632948" lon="9.298918345" /><trkpt lat="41.842626199" lon="9.298907155" /><trkpt lat="41.842619133" lon="9.298896359" /><trkpt lat="41.842611740" lon="9.298885923" /><trkpt lat="41.842604008" lon="9.298875812" /><trkpt lat="41.842595926" lon="9.298865993" /><trkpt lat="41.842587486" lon="9.298856429" /><trkpt lat="41.842578674" lon="9.298847088" /><trkpt lat="41.842569482" lon="9.298837933" /><trkpt lat="41.842559899" lon="9.298828931" /><trkpt lat="41.842549913" lon="9.298820047" /><trkpt lat="41.842539513" lon="9.298811247" /><trkpt lat="41.842528691" lon="9.298802495" /><trkpt lat="41.842517434" lon="9.298793758" /><trkpt lat="41.842505732" lon="9.298785001" /><trkpt lat="41.842493574" lon="9.298776188" /><trkpt lat="41.842483807" lon="9.298769118" /><trkpt lat="41.842473578" lon="9.298761538" /><trkpt lat="41.842462909" lon="9.298753473" /><trkpt lat="41.842451822" lon="9.298744945" /><trkpt lat="41.842440337" lon="9.298735977" /><trkpt lat="41.842428477" lon="9.298726593" /><trkpt lat="41.842416261" lon="9.298716814" /><trkpt lat="41.842403713" lon="9.298706664" /><trkpt lat="41.842390852" lon="9.298696165" /><trkpt lat="41.842377701" lon="9.298685342" /><trkpt lat="41.842364280" lon="9.298674216" /><trkpt lat="41.842350611" lon="9.298662810" /><trkpt lat="41.842336715" lon="9.298651148" /><trkpt lat="41.842322613" lon="9.298639253" /><trkpt lat="41.842308328" lon="9.298627146" /><trkpt lat="41.842293879" lon="9.298614852" /><trkpt lat="41.842279289" lon="9.298602393" /><trkpt lat="41.842264579" lon="9.298589792" /><trkpt lat="41.842249770" lon="9.298577072" /><trkpt lat="41.842234883" lon="9.298564256" /><trkpt lat="41.842219939" lon="9.298551367" /><trkpt lat="41.842204961" lon="9.298538427" /><trkpt lat="41.842189969" lon="9.298525460" /><trkpt lat="41.842174984" lon="9.298512489" /><trkpt lat="41.842160029" lon="9.298499536" /><trkpt lat="41.842145123" lon="9.298486625" /><trkpt lat="41.842130289" lon="9.298473778" /><trkpt lat="41.842115548" lon="9.298461018" /><trkpt lat="41.842100921" lon="9.298448368" /><trkpt lat="41.842086430" lon="9.298435852" /><trkpt lat="41.842072095" lon="9.298423491" /><trkpt lat="41.842057938" lon="9.298411310" /><trkpt lat="41.842043981" lon="9.298399330" /><trkpt lat="41.842030244" lon="9.298387575" /><trkpt lat="41.842016750" lon="9.298376068" /><trkpt lat="41.842003518" lon="9.298364832" /><trkpt lat="41.841990572" lon="9.298353889" /><trkpt lat="41.841977931" lon="9.298343262" /><trkpt lat="41.841965617" lon="9.298332975" /><trkpt lat="41.841957330" lon="9.298326138" /><trkpt lat="41.841948534" lon="9.298318996" /><trkpt lat="41.841939250" lon="9.298311557" /><trkpt lat="41.841929496" lon="9.298303827" /><trkpt lat="41.841919291" lon="9.298295812" /><trkpt lat="41.841908656" lon="9.298287519" /><trkpt lat="41.841897609" lon="9.298278954" /><trkpt lat="41.841886169" lon="9.298270125" /><trkpt lat="41.841874356" lon="9.298261036" /><trkpt lat="41.841862189" lon="9.298251696" /><trkpt lat="41.841849687" lon="9.298242111" /><trkpt lat="41.841836870" lon="9.298232286" /><trkpt lat="41.841823757" lon="9.298222229" /><trkpt lat="41.841810367" lon="9.298211947" /><trkpt lat="41.841796719" lon="9.298201445" /><trkpt lat="41.841782833" lon="9.298190730" /><trkpt lat="41.841768728" lon="9.298179809" /><trkpt lat="41.841754424" lon="9.298168689" /><trkpt lat="41.841739939" lon="9.298157375" /><trkpt lat="41.841725293" lon="9.298145875" /><trkpt lat="41.841710505" lon="9.298134195" /><trkpt lat="41.841695594" lon="9.298122341" /><trkpt lat="41.841680580" lon="9.298110321" /><trkpt lat="41.841665482" lon="9.298098140" /><trkpt lat="41.841650320" lon="9.298085805" /><trkpt lat="41.841635112" lon="9.298073323" /><trkpt lat="41.841619878" lon="9.298060700" /><trkpt lat="41.841604637" lon="9.298047943" /><trkpt lat="41.841589408" lon="9.298035058" /><trkpt lat="41.841574211" lon="9.298022052" /><trkpt lat="41.841559065" lon="9.298008931" /><trkpt lat="41.841543989" lon="9.297995702" /><trkpt lat="41.841529003" lon="9.297982372" /><trkpt lat="41.841514126" lon="9.297968947" /><trkpt lat="41.841499377" lon="9.297955433" /><trkpt lat="41.841484775" lon="9.297941837" /><trkpt lat="41.841470339" lon="9.297928166" /><trkpt lat="41.841456090" lon="9.297914427" /><trkpt lat="41.841442046" lon="9.297900624" /><trkpt lat="41.841428227" lon="9.297886766" /><trkpt lat="41.841414651" lon="9.297872859" /><trkpt lat="41.841401338" lon="9.297858909" /><trkpt lat="41.841388308" lon="9.297844923" /><trkpt lat="41.841375579" lon="9.297830908" /><trkpt lat="41.841363171" lon="9.297816869" /><trkpt lat="41.841351104" lon="9.297802814" /><trkpt lat="41.841339396" lon="9.297788749" /><trkpt lat="41.841328067" lon="9.297774680" /><trkpt lat="41.841317135" lon="9.297760615" /><trkpt lat="41.841306621" lon="9.297746559" /><trkpt lat="41.841296544" lon="9.297732519" /><trkpt lat="41.841286923" lon="9.297718502" /><trkpt lat="41.841277777" lon="9.297704515" /><trkpt lat="41.841269125" lon="9.297690563" /><trkpt lat="41.841260987" lon="9.297676653" /><trkpt lat="41.841253382" lon="9.297662792" /><trkpt lat="41.841246329" lon="9.297648987" /><trkpt lat="41.841239848" lon="9.297635244" /><trkpt lat="41.841233958" lon="9.297621569" /><trkpt lat="41.841226607" lon="9.297603624" /><trkpt lat="41.841219217" lon="9.297585562" /><trkpt lat="41.841211806" lon="9.297567398" /><trkpt lat="41.841204391" lon="9.297549148" /><trkpt lat="41.841196987" lon="9.297530826" /><trkpt lat="41.841189611" lon="9.297512449" /><trkpt lat="41.841182281" lon="9.297494030" /><trkpt lat="41.841175013" lon="9.297475586" /><trkpt lat="41.841167823" lon="9.297457132" /><trkpt lat="41.841160728" lon="9.297438682" /><trkpt lat="41.841153745" lon="9.297420253" /><trkpt lat="41.841146890" lon="9.297401858" /><trkpt lat="41.841140180" lon="9.297383515" /><trkpt lat="41.841133632" lon="9.297365237" /><trkpt lat="41.841127262" lon="9.297347041" /><trkpt lat="41.841121087" lon="9.297328941" /><trkpt lat="41.841115123" lon="9.297310952" /><trkpt lat="41.841109388" lon="9.297293090" /><trkpt lat="41.841103898" lon="9.297275370" /><trkpt lat="41.841098669" lon="9.297257808" /><trkpt lat="41.841093718" lon="9.297240418" /><trkpt lat="41.841089062" lon="9.297223215" /><trkpt lat="41.841084717" lon="9.297206216" /><trkpt lat="41.841080700" lon="9.297189435" /><trkpt lat="41.841077028" lon="9.297172887" /><trkpt lat="41.841073717" lon="9.297156588" /><trkpt lat="41.841070785" lon="9.297140553" /><trkpt lat="41.841068247" lon="9.297124797" /><trkpt lat="41.841066120" lon="9.297109336" /><trkpt lat="41.841064421" lon="9.297094184" /><trkpt lat="41.841063166" lon="9.297079357" /><trkpt lat="41.841062373" lon="9.297064871" /><trkpt lat="41.841062057" lon="9.297050739" /><trkpt lat="41.841062236" lon="9.297036978" /><trkpt lat="41.841062926" lon="9.297023604" /><trkpt lat="41.841064144" lon="9.297010630" /><trkpt lat="41.841065906" lon="9.296998072" /><trkpt lat="41.841068229" lon="9.296985946" /><trkpt lat="41.841071130" lon="9.296974267" /><trkpt lat="41.841074625" lon="9.296963050" /><trkpt lat="41.841078731" lon="9.296952310" /><trkpt lat="41.841083465" lon="9.296942063" /><trkpt lat="41.841088843" lon="9.296932323" /><trkpt lat="41.841094881" lon="9.296923106" /><trkpt lat="41.841101598" lon="9.296914428" /><trkpt lat="41.841110932" lon="9.296903685" /><trkpt lat="41.841120753" lon="9.296893052" /><trkpt lat="41.841131018" lon="9.296882508" /><trkpt lat="41.841141683" lon="9.296872033" /><trkpt lat="41.841152707" lon="9.296861605" /><trkpt lat="41.841164047" lon="9.296851203" /><trkpt lat="41.841175660" lon="9.296840807" /><trkpt lat="41.841187505" lon="9.296830394" /><trkpt lat="41.841199537" lon="9.296819945" /><trkpt lat="41.841211716" lon="9.296809439" /><trkpt lat="41.841223998" lon="9.296798853" /><trkpt lat="41.841236342" lon="9.296788167" /><trkpt lat="41.841248703" lon="9.296777361" /><trkpt lat="41.841261041" lon="9.296766413" /><trkpt lat="41.841273312" lon="9.296755302" /><trkpt lat="41.841285474" lon="9.296744007" /><trkpt lat="41.841297484" lon="9.296732507" /><trkpt lat="41.841309301" lon="9.296720781" /><trkpt lat="41.841320880" lon="9.296708808" /><trkpt lat="41.841332181" lon="9.296696567" /><trkpt lat="41.841343160" lon="9.296684037" /><trkpt lat="41.841353775" lon="9.296671197" /><trkpt lat="41.841363984" lon="9.296658026" /><trkpt lat="41.841373743" lon="9.296644502" /><trkpt lat="41.841383011" lon="9.296630606" /><trkpt lat="41.841391744" lon="9.296616316" /><trkpt lat="41.841399901" lon="9.296601610" /><trkpt lat="41.841407439" lon="9.296586469" /><trkpt lat="41.841414316" lon="9.296570870" /><trkpt lat="41.841420488" lon="9.296554793" /><trkpt lat="41.841425913" lon="9.296538216" /><trkpt lat="41.841430550" lon="9.296521120" /><trkpt lat="41.841434355" lon="9.296503482" /><trkpt lat="41.841437285" lon="9.296485282" /><trkpt lat="41.841439299" lon="9.296466499" /><trkpt lat="41.841440763" lon="9.296445519" /><trkpt lat="41.841441685" lon="9.296425616" /><trkpt lat="41.841442083" lon="9.296406712" /><trkpt lat="41.841441975" lon="9.296388731" /><trkpt lat="41.841441380" lon="9.296371596" /><trkpt lat="41.841440315" lon="9.296355228" /><trkpt lat="41.841438798" lon="9.296339552" /><trkpt lat="41.841436848" lon="9.296324490" /><trkpt lat="41.841434482" lon="9.296309964" /><trkpt lat="41.841431718" lon="9.296295898" /><trkpt lat="41.841428575" lon="9.296282214" /><trkpt lat="41.841425070" lon="9.296268836" /><trkpt lat="41.841421221" lon="9.296255686" /><trkpt lat="41.841417046" lon="9.296242687" /><trkpt lat="41.841412564" lon="9.296229762" /><trkpt lat="41.841407792" lon="9.296216834" /><trkpt lat="41.841402748" lon="9.296203825" /><trkpt lat="41.841397451" lon="9.296190658" /><trkpt lat="41.841391918" lon="9.296177257" /><trkpt lat="41.841386167" lon="9.296163544" /><trkpt lat="41.841380216" lon="9.296149442" /><trkpt lat="41.841374084" lon="9.296134874" /><trkpt lat="41.841367788" lon="9.296119762" /><trkpt lat="41.841361347" lon="9.296104030" /><trkpt lat="41.841354777" lon="9.296087600" /><trkpt lat="41.841348098" lon="9.296070395" /><trkpt lat="41.841341327" lon="9.296052338" /><trkpt lat="41.841334483" lon="9.296033353" /><trkpt lat="41.841327582" lon="9.296013360" /><trkpt lat="41.841320644" lon="9.295992285" /><trkpt lat="41.841313687" lon="9.295970049" /><trkpt lat="41.841309272" lon="9.295955423" /><trkpt lat="41.841304835" lon="9.295940457" /><trkpt lat="41.841300375" lon="9.295925168" /><trkpt lat="41.841295888" lon="9.295909570" /><trkpt lat="41.841291373" lon="9.295893681" /><trkpt lat="41.841286828" lon="9.295877514" /><trkpt lat="41.841282251" lon="9.295861087" /><trkpt lat="41.841277639" lon="9.295844415" /><trkpt lat="41.841272991" lon="9.295827513" /><trkpt lat="41.841268305" lon="9.295810398" /><trkpt lat="41.841263579" lon="9.295793084" /><trkpt lat="41.841258810" lon="9.295775589" /><trkpt lat="41.841253997" lon="9.295757927" /><trkpt lat="41.841249137" lon="9.295740114" /><trkpt lat="41.841244229" lon="9.295722166" /><trkpt lat="41.841239270" lon="9.295704099" /><trkpt lat="41.841234259" lon="9.295685929" /><trkpt lat="41.841229193" lon="9.295667670" /><trkpt lat="41.841224070" lon="9.295649340" /><trkpt lat="41.841218889" lon="9.295630953" /><trkpt lat="41.841213647" lon="9.295612525" /><trkpt lat="41.841208342" lon="9.295594073" /><trkpt lat="41.841202972" lon="9.295575611" /><trkpt lat="41.841197536" lon="9.295557156" /><trkpt lat="41.841192030" lon="9.295538724" /><trkpt lat="41.841186454" lon="9.295520329" /><trkpt lat="41.841180804" lon="9.295501988" /><trkpt lat="41.841175080" lon="9.295483717" /><trkpt lat="41.841169279" lon="9.295465531" /><trkpt lat="41.841163398" lon="9.295447445" /><trkpt lat="41.841157437" lon="9.295429477" /><trkpt lat="41.841151392" lon="9.295411641" /><trkpt lat="41.841145262" lon="9.295393953" /><trkpt lat="41.841139045" lon="9.295376428" /><trkpt lat="41.841132738" lon="9.295359084" /><trkpt lat="41.841126341" lon="9.295341935" /><trkpt lat="41.841119850" lon="9.295324997" /><trkpt lat="41.841113263" lon="9.295308285" /><trkpt lat="41.841106579" lon="9.295291817" /><trkpt lat="41.841099796" lon="9.295275606" /><trkpt lat="41.841092911" lon="9.295259669" /><trkpt lat="41.841085923" lon="9.295244023" /><trkpt lat="41.841078829" lon="9.295228681" /><trkpt lat="41.841071627" lon="9.295213661" /><trkpt lat="41.841064316" lon="9.295198978" /><trkpt lat="41.841056893" lon="9.295184647" /><trkpt lat="41.841049356" lon="9.295170685" /><trkpt lat="41.841041704" lon="9.295157107" /><trkpt lat="41.841033933" lon="9.295143929" /><trkpt lat="41.841021583" lon="9.295123378" /><trkpt lat="41.841010067" lon="9.295104067" /><trkpt lat="41.840999323" lon="9.295085943" /><trkpt lat="41.840989288" lon="9.295068949" /><trkpt lat="41.840979899" lon="9.295053031" /><trkpt lat="41.840971093" lon="9.295038135" /><trkpt lat="41.840962807" lon="9.295024206" /><trkpt lat="41.840954977" lon="9.295011189" /><trkpt lat="41.840947542" lon="9.294999029" /><trkpt lat="41.840940438" lon="9.294987671" /><trkpt lat="41.840933602" lon="9.294977061" /><trkpt lat="41.840926971" lon="9.294967144" /><trkpt lat="41.840920483" lon="9.294957865" /><trkpt lat="41.840914074" lon="9.294949169" /><trkpt lat="41.840907681" lon="9.294941002" /><trkpt lat="41.840901241" lon="9.294933309" /><trkpt lat="41.840894692" lon="9.294926035" /><trkpt lat="41.840887970" lon="9.294919125" /><trkpt lat="41.840881013" lon="9.294912525" /><trkpt lat="41.840873758" lon="9.294906180" /><trkpt lat="41.840866141" lon="9.294900034" /><trkpt lat="41.840858099" lon="9.294894034" /><trkpt lat="41.840849571" lon="9.294888125" /><trkpt lat="41.840840492" lon="9.294882251" /><trkpt lat="41.840830800" lon="9.294876359" /><trkpt lat="41.840820431" lon="9.294870392" /><trkpt lat="41.840809324" lon="9.294864297" /><trkpt lat="41.840797414" lon="9.294858019" /><trkpt lat="41.840784640" lon="9.294851503" /><trkpt lat="41.840770937" lon="9.294844694" /><trkpt lat="41.840756705" lon="9.294837893" /><trkpt lat="41.840742390" lon="9.294831453" /><trkpt lat="41.840728003" lon="9.294825393" /><trkpt lat="41.840713555" lon="9.294819733" /><trkpt lat="41.840699056" lon="9.294814494" /><trkpt lat="41.840684517" lon="9.294809696" /><trkpt lat="41.840669949" lon="9.294805360" /><trkpt lat="41.840655362" lon="9.294801505" /><trkpt lat="41.840640767" lon="9.294798152" /><trkpt lat="41.840626175" lon="9.294795321" /><trkpt lat="41.840611596" lon="9.294793033" /><trkpt lat="41.840597041" lon="9.294791307" /><trkpt lat="41.840582521" lon="9.294790164" /><trkpt lat="41.840568046" lon="9.294789625" /><trkpt lat="41.840553627" lon="9.294789708" /><trkpt lat="41.840539275" lon="9.294790436" /><trkpt lat="41.840525000" lon="9.294791827" /><trkpt lat="41.840510812" lon="9.294793903" /><trkpt lat="41.840496724" lon="9.294796684" /><trkpt lat="41.840482744" lon="9.294800189" /><trkpt lat="41.840468885" lon="9.294804439" /><trkpt lat="41.840455156" lon="9.294809455" /><trkpt lat="41.840441568" lon="9.294815256" /><trkpt lat="41.840428132" lon="9.294821863" /><trkpt lat="41.840414859" lon="9.294829296" /><trkpt lat="41.840401759" lon="9.294837575" /><trkpt lat="41.840388843" lon="9.294846721" /><trkpt lat="41.840376121" lon="9.294856754" /><trkpt lat="41.840363604" lon="9.294867695" /><trkpt lat="41.840351303" lon="9.294879562" /><trkpt lat="41.840339538" lon="9.294891815" /><trkpt lat="41.840328571" lon="9.294903895" /><trkpt lat="41.840318329" lon="9.294915795" /><trkpt lat="41.840308740" lon="9.294927513" /><trkpt lat="41.840299729" lon="9.294939042" /><trkpt lat="41.840291224" lon="9.294950378" /><trkpt lat="41.840283152" lon="9.294961516" /><trkpt lat="41.840275439" lon="9.294972451" /><trkpt lat="41.840268012" lon="9.294983179" /><trkpt lat="41.840260798" lon="9.294993694" /><trkpt lat="41.840253724" lon="9.295003993" /><trkpt lat="41.840246716" lon="9.295014069" /><trkpt lat="41.840239701" lon="9.295023918" /><trkpt lat="41.840232606" lon="9.295033536" /><trkpt lat="41.840225358" lon="9.295042917" /><trkpt lat="41.840217883" lon="9.295052056" /><trkpt lat="41.840210109" lon="9.295060949" /><trkpt lat="41.840201962" lon="9.295069592" /><trkpt lat="41.840193369" lon="9.295077978" /><trkpt lat="41.840184256" lon="9.295086104" /><trkpt lat="41.840174551" lon="9.295093964" /><trkpt lat="41.840164180" lon="9.295101553" /><trkpt lat="41.840153070" lon="9.295108868" /><trkpt lat="41.840141147" lon="9.295115902" /><trkpt lat="41.840128340" lon="9.295122652" /><trkpt lat="41.840114573" lon="9.295129111" /><trkpt lat="41.840099775" lon="9.295135276" /><trkpt lat="41.840083871" lon="9.295141142" /><trkpt lat="41.840066790" lon="9.295146704" /><trkpt lat="41.840048456" lon="9.295151956" /><trkpt lat="41.840030683" lon="9.295156644" /><trkpt lat="41.840012962" lon="9.295161138" /><trkpt lat="41.839995297" lon="9.295165418" /><trkpt lat="41.839977693" lon="9.295169464" /><trkpt lat="41.839960155" lon="9.295173254" /><trkpt lat="41.839942688" lon="9.295176768" /><trkpt lat="41.839925296" lon="9.295179985" /><trkpt lat="41.839907984" lon="9.295182885" /><trkpt lat="41.839890757" lon="9.295185447" /><trkpt lat="41.839873619" lon="9.295187651" /><trkpt lat="41.839856576" lon="9.295189476" /><trkpt lat="41.839839633" lon="9.295190900" /><trkpt lat="41.839822793" lon="9.295191905" /><trkpt lat="41.839806061" lon="9.295192468" /><trkpt lat="41.839789444" lon="9.295192570" /><trkpt lat="41.839772944" lon="9.295192189" /><trkpt lat="41.839756567" lon="9.295191306" /><trkpt lat="41.839740318" lon="9.295189898" /><trkpt lat="41.839724202" lon="9.295187947" /><trkpt lat="41.839708222" lon="9.295185431" /><trkpt lat="41.839692385" lon="9.295182330" /><trkpt lat="41.839676694" lon="9.295178622" /><trkpt lat="41.839661155" lon="9.295174288" /><trkpt lat="41.839645772" lon="9.295169306" /><trkpt lat="41.839630550" lon="9.295163657" /><trkpt lat="41.839615494" lon="9.295157319" /><trkpt lat="41.839600608" lon="9.295150272" /><trkpt lat="41.839585898" lon="9.295142495" /><trkpt lat="41.839571367" lon="9.295133967" /><trkpt lat="41.839557022" lon="9.295124669" /><trkpt lat="41.839542865" lon="9.295114579" /><trkpt lat="41.839528904" lon="9.295103676" /><trkpt lat="41.839515434" lon="9.295092772" /><trkpt lat="41.839501909" lon="9.295082002" /><trkpt lat="41.839488326" lon="9.295071363" /><trkpt lat="41.839474680" lon="9.295060852" /><trkpt lat="41.839460968" lon="9.295050467" /><trkpt lat="41.839447186" lon="9.295040205" /><trkpt lat="41.839433332" lon="9.295030062" /><trkpt lat="41.839419401" lon="9.295020036" /><trkpt lat="41.839405390" lon="9.295010123" /><trkpt lat="41.839391295" lon="9.295000322" /><trkpt lat="41.839377113" lon="9.294990628" /><trkpt lat="41.839362841" lon="9.294981039" /><trkpt lat="41.839348474" lon="9.294971552" /><trkpt lat="41.839334010" lon="9.294962163" /><trkpt lat="41.839319444" lon="9.294952871" /><trkpt lat="41.839304773" lon="9.294943672" /><trkpt lat="41.839289995" lon="9.294934563" /><trkpt lat="41.839275104" lon="9.294925542" /><trkpt lat="41.839260098" lon="9.294916604" /><trkpt lat="41.839244973" lon="9.294907748" /><trkpt lat="41.839229725" lon="9.294898970" /><trkpt lat="41.839214352" lon="9.294890268" /><trkpt lat="41.839198849" lon="9.294881638" /><trkpt lat="41.839183213" lon="9.294873077" /><trkpt lat="41.839167440" lon="9.294864583" /><trkpt lat="41.839151527" lon="9.294856153" /><trkpt lat="41.839135471" lon="9.294847784" /><trkpt lat="41.839119267" lon="9.294839472" /><trkpt lat="41.839102912" lon="9.294831215" /><trkpt lat="41.839086404" lon="9.294823010" /><trkpt lat="41.839069737" lon="9.294814854" /><trkpt lat="41.839052909" lon="9.294806743" /><trkpt lat="41.839035916" lon="9.294798676" /><trkpt lat="41.839018392" lon="9.294790439" /><trkpt lat="41.839001034" lon="9.294782317" /><trkpt lat="41.838983836" lon="9.294774306" /><trkpt lat="41.838966793" lon="9.294766397" /><trkpt lat="41.838949898" lon="9.294758585" /><trkpt lat="41.838933146" lon="9.294750862" /><trkpt lat="41.838916530" lon="9.294743222" /><trkpt lat="41.838900045" lon="9.294735658" /><trkpt lat="41.838883684" lon="9.294728164" /><trkpt lat="41.838867441" lon="9.294720732" /><trkpt lat="41.838851311" lon="9.294713356" /><trkpt lat="41.838835287" lon="9.294706030" /><trkpt lat="41.838819363" lon="9.294698746" /><trkpt lat="41.838803533" lon="9.294691498" /><trkpt lat="41.838787792" lon="9.294684279" /><trkpt lat="41.838772132" lon="9.294677082" /><trkpt lat="41.838756549" lon="9.294669902" /><trkpt lat="41.838741036" lon="9.294662730" /><trkpt lat="41.838725587" lon="9.294655560" /><trkpt lat="41.838710196" lon="9.294648386" /><trkpt lat="41.838694856" lon="9.294641201" /><trkpt lat="41.838679563" lon="9.294633999" /><trkpt lat="41.838664310" lon="9.294626771" /><trkpt lat="41.838649090" lon="9.294619512" /><trkpt lat="41.838633899" lon="9.294612216" /><trkpt lat="41.838618729" lon="9.294604874" /><trkpt lat="41.838603575" lon="9.294597482" /><trkpt lat="41.838588431" lon="9.294590031" /><trkpt lat="41.838573290" lon="9.294582515" /><trkpt lat="41.838558147" lon="9.294574928" /><trkpt lat="41.838542996" lon="9.294567262" /><trkpt lat="41.838527831" lon="9.294559512" /><trkpt lat="41.838514010" lon="9.294552419" /><trkpt lat="41.838500298" lon="9.294545377" /><trkpt lat="41.838486693" lon="9.294538357" /><trkpt lat="41.838473196" lon="9.294531330" /><trkpt lat="41.838459806" lon="9.294524268" /><trkpt lat="41.838446524" lon="9.294517141" /><trkpt lat="41.838433350" lon="9.294509923" /><trkpt lat="41.838420283" lon="9.294502584" /><trkpt lat="41.838407324" lon="9.294495095" /><trkpt lat="41.838394473" lon="9.294487428" /><trkpt lat="41.838381730" lon="9.294479555" /><trkpt lat="41.838369094" lon="9.294471447" /><trkpt lat="41.838356565" lon="9.294463076" /><trkpt lat="41.838344145" lon="9.294454412" /><trkpt lat="41.838331832" lon="9.294445428" /><trkpt lat="41.838319627" lon="9.294436095" /><trkpt lat="41.838307529" lon="9.294426384" /><trkpt lat="41.838295539" lon="9.294416267" /><trkpt lat="41.838283657" lon="9.294405715" /><trkpt lat="41.838271882" lon="9.294394701" /><trkpt lat="41.838260215" lon="9.294383194" /><trkpt lat="41.838248656" lon="9.294371167" /><trkpt lat="41.838237204" lon="9.294358592" /><trkpt lat="41.838225860" lon="9.294345439" /><trkpt lat="41.838214624" lon="9.294331680" /><trkpt lat="41.838203495" lon="9.294317288" /><trkpt lat="41.838192474" lon="9.294302232" /><trkpt lat="41.838181561" lon="9.294286484" /><trkpt lat="41.838170755" lon="9.294270017" /><trkpt lat="41.838160057" lon="9.294252802" /><trkpt lat="41.838149467" lon="9.294234809" /><trkpt lat="41.838138984" lon="9.294216011" /><trkpt lat="41.838128609" lon="9.294196379" /><trkpt lat="41.838118342" lon="9.294175884" /><trkpt lat="41.838108182" lon="9.294154498" /><trkpt lat="41.838097482" lon="9.294131857" /><trkpt lat="41.838086821" lon="9.294110233" /><trkpt lat="41.838076198" lon="9.294089581" /><trkpt lat="41.838065615" lon="9.294069854" /><trkpt lat="41.838055072" lon="9.294051008" /><trkpt lat="41.838044570" lon="9.294032996" /><trkpt lat="41.838034110" lon="9.294015773" /><trkpt lat="41.838023692" lon="9.293999294" /><trkpt lat="41.838013317" lon="9.293983513" /><trkpt lat="41.838002987" lon="9.293968383" /><trkpt lat="41.837992701" lon="9.293953861" /><trkpt lat="41.837982460" lon="9.293939899" /><trkpt lat="41.837972266" lon="9.293926454" /><trkpt lat="41.837962119" lon="9.293913478" /><trkpt lat="41.837952019" lon="9.293900926" /><trkpt lat="41.837941968" lon="9.293888753" /><trkpt lat="41.837931966" lon="9.293876913" /><trkpt lat="41.837922014" lon="9.293865361" /><trkpt lat="41.837912113" lon="9.293854051" /><trkpt lat="41.837902263" lon="9.293842937" /><trkpt lat="41.837892465" lon="9.293831973" /><trkpt lat="41.837882720" lon="9.293821116" /><trkpt lat="41.837873028" lon="9.293810317" /><trkpt lat="41.837863392" lon="9.293799533" /><trkpt lat="41.837853810" lon="9.293788717" /><trkpt lat="41.837844284" lon="9.293777824" /><trkpt lat="41.837834814" lon="9.293766808" /><trkpt lat="41.837825402" lon="9.293755623" /><trkpt lat="41.837816048" lon="9.293744225" /><trkpt lat="41.837806753" lon="9.293732567" /><trkpt lat="41.837797518" lon="9.293720604" /><trkpt lat="41.837788342" lon="9.293708291" /><trkpt lat="41.837779228" lon="9.293695581" /><trkpt lat="41.837769410" lon="9.293681199" /><trkpt lat="41.837759939" lon="9.293666503" /><trkpt lat="41.837750818" lon="9.293651518" /><trkpt lat="41.837742047" lon="9.293636267" /><trkpt lat="41.837733627" lon="9.293620777" /><trkpt lat="41.837725561" lon="9.293605073" /><trkpt lat="41.837717849" lon="9.293589178" /><trkpt lat="41.837710492" lon="9.293573120" /><trkpt lat="41.837703493" lon="9.293556922" /><trkpt lat="41.837696852" lon="9.293540609" /><trkpt lat="41.837690571" lon="9.293524207" /><trkpt lat="41.837684651" lon="9.293507741" /><trkpt lat="41.837679093" lon="9.293491235" /><trkpt lat="41.837673899" lon="9.293474715" /><trkpt lat="41.837669070" lon="9.293458206" /><trkpt lat="41.837664607" lon="9.293441732" /><trkpt lat="41.837660512" lon="9.293425320" /><trkpt lat="41.837656786" lon="9.293408993" /><trkpt lat="41.837653430" lon="9.293392777" /><trkpt lat="41.837650446" lon="9.293376697" /><trkpt lat="41.837647835" lon="9.293360777" /><trkpt lat="41.837645599" lon="9.293345044" /><trkpt lat="41.837643738" lon="9.293329522" /><trkpt lat="41.837642254" lon="9.293314236" /><trkpt lat="41.837641148" lon="9.293299211" /><trkpt lat="41.837640423" lon="9.293284472" /><trkpt lat="41.837640078" lon="9.293270044" /><trkpt lat="41.837640115" lon="9.293255952" /><trkpt lat="41.837640537" lon="9.293242221" /><trkpt lat="41.837641343" lon="9.293228877" /><trkpt lat="41.837642360" lon="9.293215910" /><trkpt lat="41.837643435" lon="9.293203284" /><trkpt lat="41.837644596" lon="9.293190980" /><trkpt lat="41.837645875" lon="9.293178982" /><trkpt lat="41.837647301" lon="9.293167273" /><trkpt lat="41.837648905" lon="9.293155835" /><trkpt lat="41.837650716" lon="9.293144651" /><trkpt lat="41.837652766" lon="9.293133704" /><trkpt lat="41.837655084" lon="9.293122975" /><trkpt lat="41.837657700" lon="9.293112449" /><trkpt lat="41.837660645" lon="9.293102108" /><trkpt lat="41.837663948" lon="9.293091934" /><trkpt lat="41.837667641" lon="9.293081911" /><trkpt lat="41.837671753" lon="9.293072020" /><trkpt lat="41.837676314" lon="9.293062245" /><trkpt lat="41.837681355" lon="9.293052568" /><trkpt lat="41.837686905" lon="9.293042973" /><trkpt lat="41.837692996" lon="9.293033441" /><trkpt lat="41.837699657" lon="9.293023955" /><trkpt lat="41.837706918" lon="9.293014499" /><trkpt lat="41.837714810" lon="9.293005055" /><trkpt lat="41.837723363" lon="9.292995605" /><trkpt lat="41.837732606" lon="9.292986133" /><trkpt lat="41.837742571" lon="9.292976621" /><trkpt lat="41.837753287" lon="9.292967051" /><trkpt lat="41.837764785" lon="9.292957407" /><trkpt lat="41.837777094" lon="9.292947672" /><trkpt lat="41.837790246" lon="9.292937827" /><trkpt lat="41.837804270" lon="9.292927856" /><trkpt lat="41.837819196" lon="9.292917741" /><trkpt lat="41.837831720" lon="9.292909299" /><trkpt lat="41.837844322" lon="9.292900504" /><trkpt lat="41.837856975" lon="9.292891364" /><trkpt lat="41.837869651" lon="9.292881884" /><trkpt lat="41.837882322" lon="9.292872071" /><trkpt lat="41.837894961" lon="9.292861931" /><trkpt lat="41.837907541" lon="9.292851470" /><trkpt lat="41.837920034" lon="9.292840696" /><trkpt lat="41.837932412" lon="9.292829614" /><trkpt lat="41.837944649" lon="9.292818231" /><trkpt lat="41.837956716" lon="9.292806552" /><trkpt lat="41.837968586" lon="9.292794585" /><trkpt lat="41.837980233" lon="9.292782336" /><trkpt lat="41.837991627" lon="9.292769810" /><trkpt lat="41.838002742" lon="9.292757015" /><trkpt lat="41.838013551" lon="9.292743957" /><trkpt lat="41.838024025" lon="9.292730642" /><trkpt lat="41.838034137" lon="9.292717076" /><trkpt lat="41.838043861" lon="9.292703267" /><trkpt lat="41.838053168" lon="9.292689219" /><trkpt lat="41.838062030" lon="9.292674940" /><trkpt lat="41.838070422" lon="9.292660436" /><trkpt lat="41.838078314" lon="9.292645713" /><trkpt lat="41.838085679" lon="9.292630778" /><trkpt lat="41.838092491" lon="9.292615637" /><trkpt lat="41.838098721" lon="9.292600296" /><trkpt lat="41.838104342" lon="9.292584761" /><trkpt lat="41.838109327" lon="9.292569040" /><trkpt lat="41.838113648" lon="9.292553138" /><trkpt lat="41.838117277" lon="9.292537062" /><trkpt lat="41.838120188" lon="9.292520818" /><trkpt lat="41.838122352" lon="9.292504413" /><trkpt lat="41.838123743" lon="9.292487852" /><trkpt lat="41.838124332" lon="9.292471142" /><trkpt lat="41.838124093" lon="9.292454290" /><trkpt lat="41.838122997" lon="9.292437302" /><trkpt lat="41.838121018" lon="9.292420184" /><trkpt lat="41.838118102" lon="9.292402235" /><trkpt lat="41.838114515" lon="9.292384700" /><trkpt lat="41.838110291" lon="9.292367559" /><trkpt lat="41.838105464" lon="9.292350791" /><trkpt lat="41.838100067" lon="9.292334377" /><trkpt lat="41.838094135" lon="9.292318297" /><trkpt lat="41.838087702" lon="9.292302532" /><trkpt lat="41.838080800" lon="9.292287061" /><trkpt lat="41.838073464" lon="9.292271864" /><trkpt lat="41.838065729" lon="9.292256921" /><trkpt lat="41.838057626" lon="9.292242214" /><trkpt lat="41.838049192" lon="9.292227721" /><trkpt lat="41.838040458" lon="9.292213422" /><trkpt lat="41.838031460" lon="9.292199299" /><trkpt lat="41.838022231" lon="9.292185331" /><trkpt lat="41.838012805" lon="9.292171498" /><trkpt lat="41.838003215" lon="9.292157780" /><trkpt lat="41.837993496" lon="9.292144157" /><trkpt lat="41.837983681" lon="9.292130610" /><trkpt lat="41.837973805" lon="9.292117118" /><trkpt lat="41.837963900" lon="9.292103662" /><trkpt lat="41.837954002" lon="9.292090222" /><trkpt lat="41.837944143" lon="9.292076778" /><trkpt lat="41.837934358" lon="9.292063309" /><trkpt lat="41.837924680" lon="9.292049797" /><trkpt lat="41.837915143" lon="9.292036221" /><trkpt lat="41.837905781" lon="9.292022561" /><trkpt lat="41.837896628" lon="9.292008798" /><trkpt lat="41.837887718" lon="9.291994911" /><trkpt lat="41.837879085" lon="9.291980881" /><trkpt lat="41.837870762" lon="9.291966687" /><trkpt lat="41.837862783" lon="9.291952311" /><trkpt lat="41.837855182" lon="9.291937731" /><trkpt lat="41.837847994" lon="9.291922928" /><trkpt lat="41.837841251" lon="9.291907882" /><trkpt lat="41.837833859" lon="9.291890543" /><trkpt lat="41.837826849" lon="9.291873908" /><trkpt lat="41.837820188" lon="9.291857940" /><trkpt lat="41.837813842" lon="9.291842605" /><trkpt lat="41.837807777" lon="9.291827866" /><trkpt lat="41.837801961" lon="9.291813689" /><trkpt lat="41.837796359" lon="9.291800037" /><trkpt lat="41.837790938" lon="9.291786875" /><trkpt lat="41.837785665" lon="9.291774168" /><trkpt lat="41.837780506" lon="9.291761880" /><trkpt lat="41.837775427" lon="9.291749976" /><trkpt lat="41.837770396" lon="9.291738419" /><trkpt lat="41.837765379" lon="9.291727174" /><trkpt lat="41.837760342" lon="9.291716206" /><trkpt lat="41.837755252" lon="9.291705480" /><trkpt lat="41.837750076" lon="9.291694959" /><trkpt lat="41.837744779" lon="9.291684608" /><trkpt lat="41.837739329" lon="9.291674392" /><trkpt lat="41.837733692" lon="9.291664274" /><trkpt lat="41.837727834" lon="9.291654221" /><trkpt lat="41.837721723" lon="9.291644194" /><trkpt lat="41.837715324" lon="9.291634161" /><trkpt lat="41.837708604" lon="9.291624084" /><trkpt lat="41.837701530" lon="9.291613928" /><trkpt lat="41.837694068" lon="9.291603657" /><trkpt lat="41.837686185" lon="9.291593237" /><trkpt lat="41.837677847" lon="9.291582632" /><trkpt lat="41.837669021" lon="9.291571805" /><trkpt lat="41.837659673" lon="9.291560721" /><trkpt lat="41.837649770" lon="9.291549346" /><trkpt lat="41.837639685" lon="9.291537540" /><trkpt lat="41.837629811" lon="9.291525211" /><trkpt lat="41.837620146" lon="9.291512388" /><trkpt lat="41.837610690" lon="9.291499102" /><trkpt lat="41.837601439" lon="9.291485383" /><trkpt lat="41.837592393" lon="9.291471262" /><trkpt lat="41.837583550" lon="9.291456768" /><trkpt lat="41.837574907" lon="9.291441934" /><trkpt lat="41.837566463" lon="9.291426788" /><trkpt lat="41.837558216" lon="9.291411361" /><trkpt lat="41.837550164" lon="9.291395684" /><trkpt lat="41.837542307" lon="9.291379787" /><trkpt lat="41.837534641" lon="9.291363701" /><trkpt lat="41.837527165" lon="9.291347456" /><trkpt lat="41.837519877" lon="9.291331081" /><trkpt lat="41.837512776" lon="9.291314609" /><trkpt lat="41.837505860" lon="9.291298068" /><trkpt lat="41.837499126" lon="9.291281490" /><trkpt lat="41.837492574" lon="9.291264904" /><trkpt lat="41.837486201" lon="9.291248342" /><trkpt lat="41.837480006" lon="9.291231834" /><trkpt lat="41.837473987" lon="9.291215410" /><trkpt lat="41.837468142" lon="9.291199100" /><trkpt lat="41.837462469" lon="9.291182935" /><trkpt lat="41.837456966" lon="9.291166945" /><trkpt lat="41.837451632" lon="9.291151161" /><trkpt lat="41.837446466" lon="9.291135612" /><trkpt lat="41.837441464" lon="9.291120331" /><trkpt lat="41.837436626" lon="9.291105346" /><trkpt lat="41.837431950" lon="9.291090688" /><trkpt lat="41.837427517" lon="9.291076458" /><trkpt lat="41.837423423" lon="9.291062714" /><trkpt lat="41.837419688" lon="9.291049423" /><trkpt lat="41.837416331" lon="9.291036551" /><trkpt lat="41.837413372" lon="9.291024068" /><trkpt lat="41.837410831" lon="9.291011939" /><trkpt lat="41.837408727" lon="9.291000131" /><trkpt lat="41.837407079" lon="9.290988613" /><trkpt lat="41.837405907" lon="9.290977352" /><trkpt lat="41.837405231" lon="9.290966313" /><trkpt lat="41.837405070" lon="9.290955466" /><trkpt lat="41.837405443" lon="9.290944776" /><trkpt lat="41.837406371" lon="9.290934212" /><trkpt lat="41.837407873" lon="9.290923740" /><trkpt lat="41.837409968" lon="9.290913327" /><trkpt lat="41.837412675" lon="9.290902942" /><trkpt lat="41.837416016" lon="9.290892550" /><trkpt lat="41.837420008" lon="9.290882120" /><trkpt lat="41.837424671" lon="9.290871618" /><trkpt lat="41.837430025" lon="9.290861012" /><trkpt lat="41.837436090" lon="9.290850268" /><trkpt lat="41.837442885" lon="9.290839355" /><trkpt lat="41.837450430" lon="9.290828239" /><trkpt lat="41.837458744" lon="9.290816888" /><trkpt lat="41.837467846" lon="9.290805269" /><trkpt lat="41.837477757" lon="9.290793348" /><trkpt lat="41.837488495" lon="9.290781094" /><trkpt lat="41.837500081" lon="9.290768473" /><trkpt lat="41.837512533" lon="9.290755453" /><trkpt lat="41.837525872" lon="9.290742001" /><trkpt lat="41.837536185" lon="9.290731957" /><trkpt lat="41.837546923" lon="9.290721841" /><trkpt lat="41.837558052" lon="9.290711647" /><trkpt lat="41.837569537" lon="9.290701371" /><trkpt lat="41.837581344" lon="9.290691007" /><trkpt lat="41.837593439" lon="9.290680551" /><trkpt lat="41.837605788" lon="9.290669999" /><trkpt lat="41.837618356" lon="9.290659345" /><trkpt lat="41.837631110" lon="9.290648584" /><trkpt lat="41.837644015" lon="9.290637711" /><trkpt lat="41.837657036" lon="9.290626722" /><trkpt lat="41.837670141" lon="9.290615612" /><trkpt lat="41.837683293" lon="9.290604376" /><trkpt lat="41.837696460" lon="9.290593008" /><trkpt lat="41.837709607" lon="9.290581505" /><trkpt lat="41.837722699" lon="9.290569861" /><trkpt lat="41.837735703" lon="9.290558071" /><trkpt lat="41.837748585" lon="9.290546131" /><trkpt lat="41.837761309" lon="9.290534035" /><trkpt lat="41.837773842" lon="9.290521780" /><trkpt lat="41.837786150" lon="9.290509359" /><trkpt lat="41.837798198" lon="9.290496768" /><trkpt lat="41.837809952" lon="9.290484002" /><trkpt lat="41.837821378" lon="9.290471057" /><trkpt lat="41.837832442" lon="9.290457927" /><trkpt lat="41.837843110" lon="9.290444607" /><trkpt lat="41.837853346" lon="9.290431094" /><trkpt lat="41.837863118" lon="9.290417381" /><trkpt lat="41.837872390" lon="9.290403464" /><trkpt lat="41.837881129" lon="9.290389338" /><trkpt lat="41.837889301" lon="9.290374998" /><trkpt lat="41.837896870" lon="9.290360440" /><trkpt lat="41.837903804" lon="9.290345658" /><trkpt lat="41.837910067" lon="9.290330647" /><trkpt lat="41.837915625" lon="9.290315404" /><trkpt lat="41.837920445" lon="9.290299922" /><trkpt lat="41.837924492" lon="9.290284198" /><trkpt lat="41.837927731" lon="9.290268225" /><trkpt lat="41.837930130" lon="9.290252000" /><trkpt lat="41.837931652" lon="9.290235517" /><trkpt lat="41.837932265" lon="9.290218771" /><trkpt lat="41.837932365" lon="9.290199522" /><trkpt lat="41.837932324" lon="9.290180233" /><trkpt lat="41.837932132" lon="9.290160929" /><trkpt lat="41.837931777" lon="9.290141631" /><trkpt lat="41.837931248" lon="9.290122364" /><trkpt lat="41.837930535" lon="9.290103151" /><trkpt lat="41.837929625" lon="9.290084014" /><trkpt lat="41.837928509" lon="9.290064977" /><trkpt lat="41.837927175" lon="9.290046062" /><trkpt lat="41.837925612" lon="9.290027294" /><trkpt lat="41.837923809" lon="9.290008694" /><trkpt lat="41.837921755" lon="9.289990287" /><trkpt lat="41.837919439" lon="9.289972095" /><trkpt lat="41.837916849" lon="9.289954141" /><trkpt lat="41.837913975" lon="9.289936449" /><trkpt lat="41.837910806" lon="9.289919041" /><trkpt lat="41.837907331" lon="9.289901941" /><trkpt lat="41.837903538" lon="9.289885172" /><trkpt lat="41.837899417" lon="9.289868756" /><trkpt lat="41.837894957" lon="9.289852718" /><trkpt lat="41.837890146" lon="9.289837080" /><trkpt lat="41.837884973" lon="9.289821865" /><trkpt lat="41.837879428" lon="9.289807096" /><trkpt lat="41.837873499" lon="9.289792797" /><trkpt lat="41.837867175" lon="9.289778990" /><trkpt lat="41.837860445" lon="9.289765699" /><trkpt lat="41.837853299" lon="9.289752947" /><trkpt lat="41.837845725" lon="9.289740757" /><trkpt lat="41.837837711" lon="9.289729151" /><trkpt lat="41.837829248" lon="9.289718154" /><trkpt lat="41.837820324" lon="9.289707788" /><trkpt lat="41.837810928" lon="9.289698077" /><trkpt lat="41.837801048" lon="9.289689043" /><trkpt lat="41.837790675" lon="9.289680709" /><trkpt lat="41.837779796" lon="9.289673099" /><trkpt lat="41.837768401" lon="9.289666236" /><trkpt lat="41.837754534" lon="9.289658589" /><trkpt lat="41.837740917" lon="9.289651176" /><trkpt lat="41.837727559" lon="9.289643956" /><trkpt lat="41.837714470" lon="9.289636885" /><trkpt lat="41.837701658" lon="9.289629921" /><trkpt lat="41.837689132" lon="9.289623023" /><trkpt lat="41.837676903" lon="9.289616147" /><trkpt lat="41.837664980" lon="9.289609252" /><trkpt lat="41.837653371" lon="9.289602295" /><trkpt lat="41.837642086" lon="9.289595235" /><trkpt lat="41.837631134" lon="9.289588028" /><trkpt lat="41.837620525" lon="9.289580633" /><trkpt lat="41.837610268" lon="9.289573007" /><trkpt lat="41.837600371" lon="9.289565107" /><trkpt lat="41.837590846" lon="9.289556893" /><trkpt lat="41.837581699" lon="9.289548321" /><trkpt lat="41.837572942" lon="9.289539349" /><trkpt lat="41.837564583" lon="9.289529934" /><trkpt lat="41.837556632" lon="9.289520036" /><trkpt lat="41.837549097" lon="9.289509610" /><trkpt lat="41.837541989" lon="9.289498616" /><trkpt lat="41.837535316" lon="9.289487010" /><trkpt lat="41.837529088" lon="9.289474751" /><trkpt lat="41.837523313" lon="9.289461795" /><trkpt lat="41.837518002" lon="9.289448102" /><trkpt lat="41.837513163" lon="9.289433628" /><trkpt lat="41.837508806" lon="9.289418331" /><trkpt lat="41.837504941" lon="9.289402170" /><trkpt lat="41.837501575" lon="9.289385101" /><trkpt lat="41.837498720" lon="9.289367082" /><trkpt lat="41.837496395" lon="9.289348937" /><trkpt lat="41.837494615" lon="9.289331494" /><trkpt lat="41.837493378" lon="9.289314725" /><trkpt lat="41.837492684" lon="9.289298600" /><trkpt lat="41.837492530" lon="9.289283089" /><trkpt lat="41.837492916" lon="9.289268162" /><trkpt lat="41.837493841" lon="9.289253790" /><trkpt lat="41.837495302" lon="9.289239941" /><trkpt lat="41.837497299" lon="9.289226588" /><trkpt lat="41.837499830" lon="9.289213700" /><trkpt lat="41.837502894" lon="9.289201246" /><trkpt lat="41.837506489" lon="9.289189198" /><trkpt lat="41.837510615" lon="9.289177526" /><trkpt lat="41.837515269" lon="9.289166199" /><trkpt lat="41.837520452" lon="9.289155188" /><trkpt lat="41.837526160" lon="9.289144463" /><trkpt lat="41.837532393" lon="9.289133994" /><trkpt lat="41.837539150" lon="9.289123752" /><trkpt lat="41.837546429" lon="9.289113707" /><trkpt lat="41.837554229" lon="9.289103829" /><trkpt lat="41.837562549" lon="9.289094087" /><trkpt lat="41.837571387" lon="9.289084453" /><trkpt lat="41.837580741" lon="9.289074897" /><trkpt lat="41.837590612" lon="9.289065388" /><trkpt lat="41.837600996" lon="9.289055897" /><trkpt lat="41.837611894" lon="9.289046394" /><trkpt lat="41.837623303" lon="9.289036849" /><trkpt lat="41.837635222" lon="9.289027233" /><trkpt lat="41.837647650" lon="9.289017515" /><trkpt lat="41.837660586" lon="9.289007666" /><trkpt lat="41.837673515" lon="9.288998017" /><trkpt lat="41.837685939" lon="9.288988887" /><trkpt lat="41.837697881" lon="9.288980233" /><trkpt lat="41.837709365" lon="9.288972011" /><trkpt lat="41.837720414" lon="9.288964177" /><trkpt lat="41.837731051" lon="9.288956685" /><trkpt lat="41.837741299" lon="9.288949493" /><trkpt lat="41.837751181" lon="9.288942556" /><trkpt lat="41.837760721" lon="9.288935829" /><trkpt lat="41.837769942" lon="9.288929270" /><trkpt lat="41.837778867" lon="9.288922832" /><trkpt lat="41.837787520" lon="9.288916473" /><trkpt lat="41.837795922" lon="9.288910149" /><trkpt lat="41.837804099" lon="9.288903814" /><trkpt lat="41.837812072" lon="9.288897425" /><trkpt lat="41.837819866" lon="9.288890937" /><trkpt lat="41.837827503" lon="9.288884307" /><trkpt lat="41.837835006" lon="9.288877491" /><trkpt lat="41.837842399" lon="9.288870443" /><trkpt lat="41.837849706" lon="9.288863121" /><trkpt lat="41.837856948" lon="9.288855479" /><trkpt lat="41.837864150" lon="9.288847475" /><trkpt lat="41.837871335" lon="9.288839062" /><trkpt lat="41.837878525" lon="9.288830198" /><trkpt lat="41.837885745" lon="9.288820838" /><trkpt lat="41.837893017" lon="9.288810938" /><trkpt lat="41.837900364" lon="9.288800454" /><trkpt lat="41.837907810" lon="9.288789342" /><trkpt lat="41.837915378" lon="9.288777557" /><trkpt lat="41.837923092" lon="9.288765055" /><trkpt lat="41.837930705" lon="9.288752461" /><trkpt lat="41.837937984" lon="9.288740405" /><trkpt lat="41.837944967" lon="9.288728853" /><trkpt lat="41.837951694" lon="9.288717772" /><trkpt lat="41.837958201" lon="9.288707127" /><trkpt lat="41.837964529" lon="9.288696884" /><trkpt lat="41.837970716" lon="9.288687010" /><trkpt lat="41.837976800" lon="9.288677470" /><trkpt lat="41.837982820" lon="9.288668230" /><trkpt lat="41.837988815" lon="9.288659257" /><trkpt lat="41.837994823" lon="9.288650516" /><trkpt lat="41.838000883" lon="9.288641974" /><trkpt lat="41.838007033" lon="9.288633596" /><trkpt lat="41.838013313" lon="9.288625349" /><trkpt lat="41.838019761" lon="9.288617198" /><trkpt lat="41.838026415" lon="9.288609110" /><trkpt lat="41.838033315" lon="9.288601051" /><trkpt lat="41.838040498" lon="9.288592986" /><trkpt lat="41.838048003" lon="9.288584882" /><trkpt lat="41.838055870" lon="9.288576705" /><trkpt lat="41.838064136" lon="9.288568420" /><trkpt lat="41.838072841" lon="9.288559994" /><trkpt lat="41.838082022" lon="9.288551393" /><trkpt lat="41.838091719" lon="9.288542582" /><trkpt lat="41.838101970" lon="9.288533528" /><trkpt lat="41.838112814" lon="9.288524198" /><trkpt lat="41.838124290" lon="9.288514556" /><trkpt lat="41.838136436" lon="9.288504569" /><trkpt lat="41.838149290" lon="9.288494202" /><trkpt lat="41.838162892" lon="9.288483423" /><trkpt lat="41.838176567" lon="9.288472429" /><trkpt lat="41.838189631" lon="9.288461431" /><trkpt lat="41.838202105" lon="9.288450413" /><trkpt lat="41.838214012" lon="9.288439360" /><trkpt lat="41.838225372" lon="9.288428255" /><trkpt lat="41.838236209" lon="9.288417083" /><trkpt lat="41.838246542" lon="9.288405829" /><trkpt lat="41.838256395" lon="9.288394477" /><trkpt lat="41.838265790" lon="9.288383010" /><trkpt lat="41.838274747" lon="9.288371415" /><trkpt lat="41.838283288" lon="9.288359674" /><trkpt lat="41.838291436" lon="9.288347772" /><trkpt lat="41.838299213" lon="9.288335693" /><trkpt lat="41.838306639" lon="9.288323423" /><trkpt lat="41.838313737" lon="9.288310945" /><trkpt lat="41.838320529" lon="9.288298243" /><trkpt lat="41.838327036" lon="9.288285302" /><trkpt lat="41.838333280" lon="9.288272106" /><trkpt lat="41.838339284" lon="9.288258639" /><trkpt lat="41.838345068" lon="9.288244887" /><trkpt lat="41.838350654" lon="9.288230832" /><trkpt lat="41.838356065" lon="9.288216460" /><trkpt lat="41.838361322" lon="9.288201755" /><trkpt lat="41.838366446" lon="9.288186701" /><trkpt lat="41.838371461" lon="9.288171283" /><trkpt lat="41.838376387" lon="9.288155484" /><trkpt lat="41.838381246" lon="9.288139289" /><trkpt lat="41.838386060" lon="9.288122683" /><trkpt lat="41.838390851" lon="9.288105650" /><trkpt lat="41.838395640" lon="9.288088174" /><trkpt lat="41.838399817" lon="9.288072102" /><trkpt lat="41.838403627" lon="9.288056068" /><trkpt lat="41.838407065" lon="9.288040068" /><trkpt lat="41.838410127" lon="9.288024094" /><trkpt lat="41.838412808" lon="9.288008141" /><trkpt lat="41.838415104" lon="9.287992203" /><trkpt lat="41.838417010" lon="9.287976275" /><trkpt lat="41.838418523" lon="9.287960350" /><trkpt lat="41.838419638" lon="9.287944423" /><trkpt lat="41.838420350" lon="9.287928488" /><trkpt lat="41.838420656" lon="9.287912539" /><trkpt lat="41.838420551" lon="9.287896570" /><trkpt lat="41.838420030" lon="9.287880576" /><trkpt lat="41.838419090" lon="9.287864551" /><trkpt lat="41.838417725" lon="9.287848488" /><trkpt lat="41.838415932" lon="9.287832383" /><trkpt lat="41.838413707" lon="9.287816228" /><trkpt lat="41.838411044" lon="9.287800019" /><trkpt lat="41.838407940" lon="9.287783750" /><trkpt lat="41.838404390" lon="9.287767414" /><trkpt lat="41.838400390" lon="9.287751006" /><trkpt lat="41.838395936" lon="9.287734520" /><trkpt lat="41.838391023" lon="9.287717951" /><trkpt lat="41.838385647" lon="9.287701291" /><trkpt lat="41.838379803" lon="9.287684537" /><trkpt lat="41.838373488" lon="9.287667681" /><trkpt lat="41.838366697" lon="9.287650718" /><trkpt lat="41.838359425" lon="9.287633643" /><trkpt lat="41.838351668" lon="9.287616448" /><trkpt lat="41.838343422" lon="9.287599130" /><trkpt lat="41.838334683" lon="9.287581680" /><trkpt lat="41.838325446" lon="9.287564095" /><trkpt lat="41.838315707" lon="9.287546368" /><trkpt lat="41.838308429" lon="9.287533442" /><trkpt lat="41.838300936" lon="9.287520214" /><trkpt lat="41.838293237" lon="9.287506696" /><trkpt lat="41.838285343" lon="9.287492902" /><trkpt lat="41.838277261" lon="9.287478845" /><trkpt lat="41.838269001" lon="9.287464538" /><trkpt lat="41.838260572" lon="9.287449995" /><trkpt lat="41.838251983" lon="9.287435228" /><trkpt lat="41.838243243" lon="9.287420251" /><trkpt lat="41.838234361" lon="9.287405078" /><trkpt lat="41.838225347" lon="9.287389720" /><trkpt lat="41.838216209" lon="9.287374193" /><trkpt lat="41.838206957" lon="9.287358508" /><trkpt lat="41.838197600" lon="9.287342680" /><trkpt lat="41.838188146" lon="9.287326720" /><trkpt lat="41.838178606" lon="9.287310644" /><trkpt lat="41.838168987" lon="9.287294463" /><trkpt lat="41.838159300" lon="9.287278192" /><trkpt lat="41.838149553" lon="9.287261843" /><trkpt lat="41.838139756" lon="9.287245429" /><trkpt lat="41.838129916" lon="9.287228965" /><trkpt lat="41.838120045" lon="9.287212462" /><trkpt lat="41.838110150" lon="9.287195935" /><trkpt lat="41.838100241" lon="9.287179396" /><trkpt lat="41.838090327" lon="9.287162860" /><trkpt lat="41.838080417" lon="9.287146338" /><trkpt lat="41.838070520" lon="9.287129845" /><trkpt lat="41.838060646" lon="9.287113393" /><trkpt lat="41.838050803" lon="9.287096996" /><trkpt lat="41.838041000" lon="9.287080667" /><trkpt lat="41.838031247" lon="9.287064420" /><trkpt lat="41.838021553" lon="9.287048267" /><trkpt lat="41.838011926" lon="9.287032221" /><trkpt lat="41.838002377" lon="9.287016297" /><trkpt lat="41.837992913" lon="9.287000507" /><trkpt lat="41.837983545" lon="9.286984865" /><trkpt lat="41.837974281" lon="9.286969383" /><trkpt lat="41.837965130" lon="9.286954075" /><trkpt lat="41.837956102" lon="9.286938955" /><trkpt lat="41.837947205" lon="9.286924035" /><trkpt lat="41.837938449" lon="9.286909329" /><trkpt lat="41.837929843" lon="9.286894850" /><trkpt lat="41.837921396" lon="9.286880611" /><trkpt lat="41.837913117" lon="9.286866625" /><trkpt lat="41.837905015" lon="9.286852907" /><trkpt lat="41.837897099" lon="9.286839468" /><trkpt lat="41.837889542" lon="9.286826508" /><trkpt lat="41.837881859" lon="9.286813124" /><trkpt lat="41.837874057" lon="9.286799338" /><trkpt lat="41.837866138" lon="9.286785172" /><trkpt lat="41.837858108" lon="9.286770647" /><trkpt lat="41.837849969" lon="9.286755786" /><trkpt lat="41.837841727" lon="9.286740611" /><trkpt lat="41.837833385" lon="9.286725143" /><trkpt lat="41.837824947" lon="9.286709404" /><trkpt lat="41.837816419" lon="9.286693417" /><trkpt lat="41.837807803" lon="9.286677203" /><trkpt lat="41.837799105" lon="9.286660785" /><trkpt lat="41.837790328" lon="9.286644183" /><trkpt lat="41.837781476" lon="9.286627421" /><trkpt lat="41.837772554" lon="9.286610520" /><trkpt lat="41.837763566" lon="9.286593501" /><trkpt lat="41.837754516" lon="9.286576388" /><trkpt lat="41.837745408" lon="9.286559201" /><trkpt lat="41.837736246" lon="9.286541963" /><trkpt lat="41.837727035" lon="9.286524696" /><trkpt lat="41.837717779" lon="9.286507421" /><trkpt lat="41.837708481" lon="9.286490161" /><trkpt lat="41.837699147" lon="9.286472938" /><trkpt lat="41.837689780" lon="9.286455772" /><trkpt lat="41.837680384" lon="9.286438687" /><trkpt lat="41.837670963" lon="9.286421705" /><trkpt lat="41.837661523" lon="9.286404846" /><trkpt lat="41.837652066" lon="9.286388134" /><trkpt lat="41.837642597" lon="9.286371590" /><trkpt lat="41.837633121" lon="9.286355235" /><trkpt lat="41.837623641" lon="9.286339093" /><trkpt lat="41.837614161" lon="9.286323184" /><trkpt lat="41.837604687" lon="9.286307531" /><trkpt lat="41.837595221" lon="9.286292156" /><trkpt lat="41.837585768" lon="9.286277081" /><trkpt lat="41.837576333" lon="9.286262327" /><trkpt lat="41.837566919" lon="9.286247917" /><trkpt lat="41.837557531" lon="9.286233872" /><trkpt lat="41.837548172" lon="9.286220214" /><trkpt lat="41.837538847" lon="9.286206966" /><trkpt lat="41.837529561" lon="9.286194149" /><trkpt lat="41.837520317" lon="9.286181785" /><trkpt lat="41.837511119" lon="9.286169896" /><trkpt lat="41.837501972" lon="9.286158504" /><trkpt lat="41.837492880" lon="9.286147631" /><trkpt lat="41.837483846" lon="9.286137299" /><trkpt lat="41.837474876" lon="9.286127530" /><trkpt lat="41.837465974" lon="9.286118345" /><trkpt lat="41.837451761" lon="9.286104280" /><trkpt lat="41.837437509" lon="9.286090506" /><trkpt lat="41.837423231" lon="9.286077013" /><trkpt lat="41.837408941" lon="9.286063787" /><trkpt lat="41.837394653" lon="9.286050818" /><trkpt lat="41.837380380" lon="9.286038094" /><trkpt lat="41.837366137" lon="9.286025602" /><trkpt lat="41.837351937" lon="9.286013330" /><trkpt lat="41.837337793" lon="9.286001267" /><trkpt lat="41.837323720" lon="9.285989401" /><trkpt lat="41.837309732" lon="9.285977719" /><trkpt lat="41.837295842" lon="9.285966210" /><trkpt lat="41.837282063" lon="9.285954863" /><trkpt lat="41.837268411" lon="9.285943664" /><trkpt lat="41.837254897" lon="9.285932602" /><trkpt lat="41.837241537" lon="9.285921666" /><trkpt lat="41.837228344" lon="9.285910843" /><trkpt lat="41.837215332" lon="9.285900121" /><trkpt lat="41.837202514" lon="9.285889488" /><trkpt lat="41.837189904" lon="9.285878933" /><trkpt lat="41.837177517" lon="9.285868444" /><trkpt lat="41.837165365" lon="9.285858008" /><trkpt lat="41.837153463" lon="9.285847614" /><trkpt lat="41.837141824" lon="9.285837250" /><trkpt lat="41.837130462" lon="9.285826903" /><trkpt lat="41.837119391" lon="9.285816563" /><trkpt lat="41.837108625" lon="9.285806217" /><trkpt lat="41.837098177" lon="9.285795852" /><trkpt lat="41.837088062" lon="9.285785458" /><trkpt lat="41.837078292" lon="9.285775023" /><trkpt lat="41.837068784" lon="9.285764602" /><trkpt lat="41.837059438" lon="9.285754240" /><trkpt lat="41.837050241" lon="9.285743906" /><trkpt lat="41.837041181" lon="9.285733571" /><trkpt lat="41.837032246" lon="9.285723204" /><trkpt lat="41.837023425" lon="9.285712774" /><trkpt lat="41.837014705" lon="9.285702251" /><trkpt lat="41.837006074" lon="9.285691605" /><trkpt lat="41.836997520" lon="9.285680805" /><trkpt lat="41.836989032" lon="9.285669820" /><trkpt lat="41.836980597" lon="9.285658622" /><trkpt lat="41.836972203" lon="9.285647178" /><trkpt lat="41.836963838" lon="9.285635459" /><trkpt lat="41.836955491" lon="9.285623434" /><trkpt lat="41.836947149" lon="9.285611073" /><trkpt lat="41.836938801" lon="9.285598345" /><trkpt lat="41.836930433" lon="9.285585220" /><trkpt lat="41.836922036" lon="9.285571668" /><trkpt lat="41.836913595" lon="9.285557658" /><trkpt lat="41.836905100" lon="9.285543160" /><trkpt lat="41.836896538" lon="9.285528144" /><trkpt lat="41.836887898" lon="9.285512578" /><trkpt lat="41.836879167" lon="9.285496434" /><trkpt lat="41.836870334" lon="9.285479679" /><trkpt lat="41.836861386" lon="9.285462284" /><trkpt lat="41.836852311" lon="9.285444219" /><trkpt lat="41.836843098" lon="9.285425453" /><trkpt lat="41.836833734" lon="9.285405955" /><trkpt lat="41.836824208" lon="9.285385696" /><trkpt lat="41.836814507" lon="9.285364645" /><trkpt lat="41.836806752" lon="9.285347754" /><trkpt lat="41.836798948" lon="9.285330961" /><trkpt lat="41.836791093" lon="9.285314266" /><trkpt lat="41.836783187" lon="9.285297666" /><trkpt lat="41.836775230" lon="9.285281161" /><trkpt lat="41.836767220" lon="9.285264750" /><trkpt lat="41.836759157" lon="9.285248431" /><trkpt lat="41.836751041" lon="9.285232204" /><trkpt lat="41.836742870" lon="9.285216067" /><trkpt lat="41.836734644" lon="9.285200020" /><trkpt lat="41.836726362" lon="9.285184060" /><trkpt lat="41.836718023" lon="9.285168188" /><trkpt lat="41.836709627" lon="9.285152401" /><trkpt lat="41.836701173" lon="9.285136699" /><trkpt lat="41.836692661" lon="9.285121081" /><trkpt lat="41.836684089" lon="9.285105545" /><trkpt lat="41.836675456" lon="9.285090090" /><trkpt lat="41.836666763" lon="9.285074716" /><trkpt lat="41.836658008" lon="9.285059421" /><trkpt lat="41.836649192" lon="9.285044204" /><trkpt lat="41.836640312" lon="9.285029063" /><trkpt lat="41.836631368" lon="9.285013999" /><trkpt lat="41.836622360" lon="9.284999009" /><trkpt lat="41.836613287" lon="9.284984093" /><trkpt lat="41.836604148" lon="9.284969249" /><trkpt lat="41.836594942" lon="9.284954477" /><trkpt lat="41.836585669" lon="9.284939774" /><trkpt lat="41.836576329" lon="9.284925141" /><trkpt lat="41.836566919" lon="9.284910575" /><trkpt lat="41.836557440" lon="9.284896077" /><trkpt lat="41.836547892" lon="9.284881644" /><trkpt lat="41.836538272" lon="9.284867276" /><trkpt lat="41.836528581" lon="9.284852971" /><trkpt lat="41.836518817" lon="9.284838728" /><trkpt lat="41.836508981" lon="9.284824547" /><trkpt lat="41.836499071" lon="9.284810426" /><trkpt lat="41.836489087" lon="9.284796364" /><trkpt lat="41.836479028" lon="9.284782359" /><trkpt lat="41.836469236" lon="9.284768799" /><trkpt lat="41.836459536" lon="9.284755340" /><trkpt lat="41.836449929" lon="9.284741967" /><trkpt lat="41.836440414" lon="9.284728662" /><trkpt lat="41.836430992" lon="9.284715409" /><trkpt lat="41.836421663" lon="9.284702189" /><trkpt lat="41.836412427" lon="9.284688987" /><trkpt lat="41.836403284" lon="9.284675786" /><trkpt lat="41.836394234" lon="9.284662568" /><trkpt lat="41.836385277" lon="9.284649316" /><trkpt lat="41.836376414" lon="9.284636014" /><trkpt lat="41.836367644" lon="9.284622645" /><trkpt lat="41.836358969" lon="9.284609191" /><trkpt lat="41.836350386" lon="9.284595636" /><trkpt lat="41.836341898" lon="9.284581963" /><trkpt lat="41.836333504" lon="9.284568154" /><trkpt lat="41.836325204" lon="9.284554193" /><trkpt lat="41.836316998" lon="9.284540063" /><trkpt lat="41.836308887" lon="9.284525746" /><trkpt lat="41.836300871" lon="9.284511227" /><trkpt lat="41.836292948" lon="9.284496487" /><trkpt lat="41.836285121" lon="9.284481511" /><trkpt lat="41.836277389" lon="9.284466280" /><trkpt lat="41.836269751" lon="9.284450778" /><trkpt lat="41.836262209" lon="9.284434989" /><trkpt lat="41.836254762" lon="9.284418894" /><trkpt lat="41.836247411" lon="9.284402478" /><trkpt lat="41.836240155" lon="9.284385723" /><trkpt lat="41.836232994" lon="9.284368612" /><trkpt lat="41.836225930" lon="9.284351128" /><trkpt lat="41.836218961" lon="9.284333254" /><trkpt lat="41.836212088" lon="9.284314974" /><trkpt lat="41.836205311" lon="9.284296270" /><trkpt lat="41.836198631" lon="9.284277126" /><trkpt lat="41.836192047" lon="9.284257524" /><trkpt lat="41.836185560" lon="9.284237447" /><trkpt lat="41.836179169" lon="9.284216879" /><trkpt lat="41.836172874" lon="9.284195803" /><trkpt lat="41.836166677" lon="9.284174201" /><trkpt lat="41.836160495" lon="9.284152026" /><trkpt lat="41.836154553" lon="9.284130386" /><trkpt lat="41.836148827" lon="9.284109271" /><trkpt lat="41.836143292" lon="9.284088667" /><trkpt lat="41.836137921" lon="9.284068566" /><trkpt lat="41.836132691" lon="9.284048954" /><trkpt lat="41.836127575" lon="9.284029822" /><trkpt lat="41.836122550" lon="9.284011158" /><trkpt lat="41.836117589" lon="9.283992951" /><trkpt lat="41.836112667" lon="9.283975190" /><trkpt lat="41.836107760" lon="9.283957863" /><trkpt lat="41.836102843" lon="9.283940960" /><trkpt lat="41.836097889" lon="9.283924469" /><trkpt lat="41.836092875" lon="9.283908380" /><trkpt lat="41.836087774" lon="9.283892680" /><trkpt lat="41.836082562" lon="9.283877360" /><trkpt lat="41.836077214" lon="9.283862407" /><trkpt lat="41.836071704" lon="9.283847811" /><trkpt lat="41.836066008" lon="9.283833560" /><trkpt lat="41.836060100" lon="9.283819644" /><trkpt lat="41.836053955" lon="9.283806051" /><trkpt lat="41.836047548" lon="9.283792770" /><trkpt lat="41.836040854" lon="9.283779790" /><trkpt lat="41.836033848" lon="9.283767099" /><trkpt lat="41.836026504" lon="9.283754688" /><trkpt lat="41.836018798" lon="9.283742543" /><trkpt lat="41.836010704" lon="9.283730656" /><trkpt lat="41.836002197" lon="9.283719013" /><trkpt lat="41.835993253" lon="9.283707604" /><trkpt lat="41.835983845" lon="9.283696418" /><trkpt lat="41.835973949" lon="9.283685444" /><trkpt lat="41.835963540" lon="9.283674671" /><trkpt lat="41.835952593" lon="9.283664087" /><trkpt lat="41.835941082" lon="9.283653681" /><trkpt lat="41.835928982" lon="9.283643443" /><trkpt lat="41.835916269" lon="9.283633360" /><trkpt lat="41.835902916" lon="9.283623423" /><trkpt lat="41.835888900" lon="9.283613619" /><trkpt lat="41.835870964" lon="9.283601712" /><trkpt lat="41.835853511" lon="9.283590634" /><trkpt lat="41.835836516" lon="9.283580342" /><trkpt lat="41.835819957" lon="9.283570788" /><trkpt lat="41.835803808" lon="9.283561927" /><trkpt lat="41.835788047" lon="9.283553713" /><trkpt lat="41.835772647" lon="9.283546099" /><trkpt lat="41.835757587" lon="9.283539041" /><trkpt lat="41.835742842" lon="9.283532492" /><trkpt lat="41.835728387" lon="9.283526406" /><trkpt lat="41.835714198" lon="9.283520737" /><trkpt lat="41.835700253" lon="9.283515440" /><trkpt lat="41.835686526" lon="9.283510468" /><trkpt lat="41.835672993" lon="9.283505776" /><trkpt lat="41.835659632" lon="9.283501317" /><trkpt lat="41.835646416" lon="9.283497046" /><trkpt lat="41.835633323" lon="9.283492918" /><trkpt lat="41.835620329" lon="9.283488885" /><trkpt lat="41.835607409" lon="9.283484902" /><trkpt lat="41.835594540" lon="9.283480923" /><trkpt lat="41.835581697" lon="9.283476902" /><trkpt lat="41.835568857" lon="9.283472794" /><trkpt lat="41.835555995" lon="9.283468552" /><trkpt lat="41.835543087" lon="9.283464130" /><trkpt lat="41.835530109" lon="9.283459483" /><trkpt lat="41.835517038" lon="9.283454565" /><trkpt lat="41.835503849" lon="9.283449329" /><trkpt lat="41.835490519" lon="9.283443731" /><trkpt lat="41.835477023" lon="9.283437723" /><trkpt lat="41.835463336" lon="9.283431260" /><trkpt lat="41.835449839" lon="9.283424353" /><trkpt lat="41.835436896" lon="9.283417061" /><trkpt lat="41.835424459" lon="9.283409408" /><trkpt lat="41.835412484" lon="9.283401421" /><trkpt lat="41.835400923" lon="9.283393126" /><trkpt lat="41.835389731" lon="9.283384547" /><trkpt lat="41.835378861" lon="9.283375710" /><trkpt lat="41.835368268" lon="9.283366642" /><trkpt lat="41.835357904" lon="9.283357368" /><trkpt lat="41.835347724" lon="9.283347913" /><trkpt lat="41.835337682" lon="9.283338303" /><trkpt lat="41.835327732" lon="9.283328564" /><trkpt lat="41.835317827" lon="9.283318721" /><trkpt lat="41.835307921" lon="9.283308800" /><trkpt lat="41.835297967" lon="9.283298826" /><trkpt lat="41.835287921" lon="9.283288826" /><trkpt lat="41.835277735" lon="9.283278824" /><trkpt lat="41.835267363" lon="9.283268847" /><trkpt lat="41.835256760" lon="9.283258920" /><trkpt lat="41.835245879" lon="9.283249069" /><trkpt lat="41.835234673" lon="9.283239319" /><trkpt lat="41.835223097" lon="9.283229695" /><trkpt lat="41.835211105" lon="9.283220225" /><trkpt lat="41.835198650" lon="9.283210933" /><trkpt lat="41.835185685" lon="9.283201844" /><trkpt lat="41.835172166" lon="9.283192985" /><trkpt lat="41.835158046" lon="9.283184382" /><trkpt lat="41.835143278" lon="9.283176058" /><trkpt lat="41.835127816" lon="9.283168042" /><trkpt lat="41.835111614" lon="9.283160357" /><trkpt lat="41.835095593" lon="9.283153123" /><trkpt lat="41.835080652" lon="9.283146414" /><trkpt lat="41.835066721" lon="9.283140191" /><trkpt lat="41.835053725" lon="9.283134415" /><trkpt lat="41.835041592" lon="9.283129046" /><trkpt lat="41.835030249" lon="9.283124044" /><trkpt lat="41.835019622" lon="9.283119371" /><trkpt lat="41.835009639" lon="9.283114986" /><trkpt lat="41.835000227" lon="9.283110851" /><trkpt lat="41.834991312" lon="9.283106926" /><trkpt lat="41.834982823" lon="9.283103171" /><trkpt lat="41.834974685" lon="9.283099547" /><trkpt lat="41.834966827" lon="9.283096014" /><trkpt lat="41.834959174" lon="9.283092534" /><trkpt lat="41.834951654" lon="9.283089066" /><trkpt lat="41.834944194" lon="9.283085572" /><trkpt lat="41.834936721" lon="9.283082011" /><trkpt lat="41.834929162" lon="9.283078344" /><trkpt lat="41.834921444" lon="9.283074533" /><trkpt lat="41.834913494" lon="9.283070536" /><trkpt lat="41.834905239" lon="9.283066316" /><trkpt lat="41.834896606" lon="9.283061832" /><trkpt lat="41.834887522" lon="9.283057045" /><trkpt lat="41.834877915" lon="9.283051916" /><trkpt lat="41.834867710" lon="9.283046405" /><trkpt lat="41.834856836" lon="9.283040472" /><trkpt lat="41.834845219" lon="9.283034079" /><trkpt lat="41.834832786" lon="9.283027186" /><trkpt lat="41.834819465" lon="9.283019752" /><trkpt lat="41.834805181" lon="9.283011740" /><trkpt lat="41.834790652" lon="9.283003316" /><trkpt lat="41.834776612" lon="9.282994700" /><trkpt lat="41.834763016" lon="9.282985935" /><trkpt lat="41.834749822" lon="9.282977060" /><trkpt lat="41.834736985" lon="9.282968117" /><trkpt lat="41.834724460" lon="9.282959147" /><trkpt lat="41.834712205" lon="9.282950192" /><trkpt lat="41.834700175" lon="9.282941292" /><trkpt lat="41.834688327" lon="9.282932489" /><trkpt lat="41.834676615" lon="9.282923823" /><trkpt lat="41.834664997" lon="9.282915337" /><trkpt lat="41.834653428" lon="9.282907070" /><trkpt lat="41.834641864" lon="9.282899064" /><trkpt lat="41.834630262" lon="9.282891360" /><trkpt lat="41.834618577" lon="9.282884000" /><trkpt lat="41.834606766" lon="9.282877024" /><trkpt lat="41.834594784" lon="9.282870474" /><trkpt lat="41.834582587" lon="9.282864391" /><trkpt lat="41.834570132" lon="9.282858815" /><trkpt lat="41.834557375" lon="9.282853788" /><trkpt lat="41.834544271" lon="9.282849352" /><trkpt lat="41.834530777" lon="9.282845546" /><trkpt lat="41.834516848" lon="9.282842413" /><trkpt lat="41.834502442" lon="9.282839993" /><trkpt lat="41.834487513" lon="9.282838328" /><trkpt lat="41.834472017" lon="9.282837459" /><trkpt lat="41.834455912" lon="9.282837427" /><trkpt lat="41.834439152" lon="9.282838272" /><trkpt lat="41.834421694" lon="9.282840037" /><trkpt lat="41.834403495" lon="9.282842762" /><trkpt lat="41.834385298" lon="9.282845731" /><trkpt lat="41.834367867" lon="9.282848194" /><trkpt lat="41.834351182" lon="9.282850139" /><trkpt lat="41.834335225" lon="9.282851556" /><trkpt lat="41.834319976" lon="9.282852434" /><trkpt lat="41.834305417" lon="9.282852761" /><trkpt lat="41.834291528" lon="9.282852526" /><trkpt lat="41.834278291" lon="9.282851718" /><trkpt lat="41.834265686" lon="9.282850326" /><trkpt lat="41.834253695" lon="9.282848339" /><trkpt lat="41.834242298" lon="9.282845746" /><trkpt lat="41.834231477" lon="9.282842536" /><trkpt lat="41.834221212" lon="9.282838698" /><trkpt lat="41.834211485" lon="9.282834220" /><trkpt lat="41.834202277" lon="9.282829091" /><trkpt lat="41.834193568" lon="9.282823301" /><trkpt lat="41.834185339" lon="9.282816838" /><trkpt lat="41.834177573" lon="9.282809692" /><trkpt lat="41.834170249" lon="9.282801850" /><trkpt lat="41.834163349" lon="9.282793303" /><trkpt lat="41.834156853" lon="9.282784038" /><trkpt lat="41.834150743" lon="9.282774046" /><trkpt lat="41.834145000" lon="9.282763314" /><trkpt lat="41.834139605" lon="9.282751831" /><trkpt lat="41.834134538" lon="9.282739588" /><trkpt lat="41.834129781" lon="9.282726571" /><trkpt lat="41.834125315" lon="9.282712771" /><trkpt lat="41.834121120" lon="9.282698176" /><trkpt lat="41.834117179" lon="9.282682776" /><trkpt lat="41.834113471" lon="9.282666558" /><trkpt lat="41.834109795" lon="9.282649903" /><trkpt lat="41.834105965" lon="9.282633202" /><trkpt lat="41.834101990" lon="9.282616463" /><trkpt lat="41.834097874" lon="9.282599693" /><trkpt lat="41.834093625" lon="9.282582901" /><trkpt lat="41.834089249" lon="9.282566094" /><trkpt lat="41.834084754" lon="9.282549279" /><trkpt lat="41.834080145" lon="9.282532465" /><trkpt lat="41.834075430" lon="9.282515660" /><trkpt lat="41.834070615" lon="9.282498871" /><trkpt lat="41.834065706" lon="9.282482105" /><trkpt lat="41.834060711" lon="9.282465371" /><trkpt lat="41.834055636" lon="9.282448677" /><trkpt lat="41.834050488" lon="9.282432029" /><trkpt lat="41.834045273" lon="9.282415437" /><trkpt lat="41.834039999" lon="9.282398906" /><trkpt lat="41.834034670" lon="9.282382447" /><trkpt lat="41.834029296" lon="9.282366065" /><trkpt lat="41.834023881" lon="9.282349769" /><trkpt lat="41.834018433" lon="9.282333567" /><trkpt lat="41.834012958" lon="9.282317466" /><trkpt lat="41.834007464" lon="9.282301474" /><trkpt lat="41.834001956" lon="9.282285599" /><trkpt lat="41.833996441" lon="9.282269849" /><trkpt lat="41.833990926" lon="9.282254231" /><trkpt lat="41.833985419" lon="9.282238753" /><trkpt lat="41.833979924" lon="9.282223423" /><trkpt lat="41.833974449" lon="9.282208248" /><trkpt lat="41.833969001" lon="9.282193237" /><trkpt lat="41.833963586" lon="9.282178396" /><trkpt lat="41.833958324" lon="9.282163715" /><trkpt lat="41.833953329" lon="9.282149162" /><trkpt lat="41.833948596" lon="9.282134717" /><trkpt lat="41.833944124" lon="9.282120359" /><trkpt lat="41.833939909" lon="9.282106067" /><trkpt lat="41.833935950" lon="9.282091821" /><trkpt lat="41.833932242" lon="9.282077600" /><trkpt lat="41.833928783" lon="9.282063383" /><trkpt lat="41.833925571" lon="9.282049150" /><trkpt lat="41.833922602" lon="9.282034880" /><trkpt lat="41.833919873" lon="9.282020552" /><trkpt lat="41.833917383" lon="9.282006146" /><trkpt lat="41.833915127" lon="9.281991641" /><trkpt lat="41.833913104" lon="9.281977016" /><trkpt lat="41.833911310" lon="9.281962251" /><trkpt lat="41.833909742" lon="9.281947325" /><trkpt lat="41.833908398" lon="9.281932218" /><trkpt lat="41.833907275" lon="9.281916908" /><trkpt lat="41.833906370" lon="9.281901375" /><trkpt lat="41.833905680" lon="9.281885599" /><trkpt lat="41.833905203" lon="9.281869559" /><trkpt lat="41.833904935" lon="9.281853234" /><trkpt lat="41.833904873" lon="9.281836603" /><trkpt lat="41.833905016" lon="9.281819646" /><trkpt lat="41.833905360" lon="9.281802342" /><trkpt lat="41.833905901" lon="9.281784670" /><trkpt lat="41.833906639" lon="9.281766610" /><trkpt lat="41.833907569" lon="9.281748142" /><trkpt lat="41.833908688" lon="9.281729244" /><trkpt lat="41.833909994" lon="9.281709896" /><trkpt lat="41.833911159" lon="9.281690705" /><trkpt lat="41.833911851" lon="9.281672283" /><trkpt lat="41.833912063" lon="9.281654607" /><trkpt lat="41.833911789" lon="9.281637659" /><trkpt lat="41.833911022" lon="9.281621420" /><trkpt lat="41.833909755" lon="9.281605869" /><trkpt lat="41.833907982" lon="9.281590986" /><trkpt lat="41.833905696" lon="9.281576753" /><trkpt lat="41.833902890" lon="9.281563149" /><trkpt lat="41.833899558" lon="9.281550155" /><trkpt lat="41.833895693" lon="9.281537751" /><trkpt lat="41.833891289" lon="9.281525917" /><trkpt lat="41.833886338" lon="9.281514635" /><trkpt lat="41.833880835" lon="9.281503883" /><trkpt lat="41.833874772" lon="9.281493642" /><trkpt lat="41.833868142" lon="9.281483894" /><trkpt lat="41.833860940" lon="9.281474617" /><trkpt lat="41.833853158" lon="9.281465793" /><trkpt lat="41.833844790" lon="9.281457402" /><trkpt lat="41.833835829" lon="9.281449423" /><trkpt lat="41.833826269" lon="9.281441838" /><trkpt lat="41.833816102" lon="9.281434627" /><trkpt lat="41.833805322" lon="9.281427770" /><trkpt lat="41.833793923" lon="9.281421247" /><trkpt lat="41.833781898" lon="9.281415039" /><trkpt lat="41.833769240" lon="9.281409126" /><trkpt lat="41.833755943" lon="9.281403488" /><trkpt lat="41.833741999" lon="9.281398106" /><trkpt lat="41.833727402" lon="9.281392960" /><trkpt lat="41.833712146" lon="9.281388030" /><trkpt lat="41.833698864" lon="9.281384140" /><trkpt lat="41.833685017" lon="9.281380516" /><trkpt lat="41.833670638" lon="9.281377161" /><trkpt lat="41.833655759" lon="9.281374077" /><trkpt lat="41.833640413" lon="9.281371266" /><trkpt lat="41.833624631" lon="9.281368732" /><trkpt lat="41.833608445" lon="9.281366474" /><trkpt lat="41.833591888" lon="9.281364497" /><trkpt lat="41.833574991" lon="9.281362802" /><trkpt lat="41.833557787" lon="9.281361392" /><trkpt lat="41.833540308" lon="9.281360268" /><trkpt lat="41.833522586" lon="9.281359433" /><trkpt lat="41.833504652" lon="9.281358888" /><trkpt lat="41.833486540" lon="9.281358637" /><trkpt lat="41.833468280" lon="9.281358682" /><trkpt lat="41.833449906" lon="9.281359024" /><trkpt lat="41.833431450" lon="9.281359666" /><trkpt lat="41.833412942" lon="9.281360610" /><trkpt lat="41.833394416" lon="9.281361858" /><trkpt lat="41.833375904" lon="9.281363413" /><trkpt lat="41.833357438" lon="9.281365276" /><trkpt lat="41.833339049" lon="9.281367450" /><trkpt lat="41.833320770" lon="9.281369937" /><trkpt lat="41.833302633" lon="9.281372739" /><trkpt lat="41.833284670" lon="9.281375859" /><trkpt lat="41.833266913" lon="9.281379299" /><trkpt lat="41.833249394" lon="9.281383060" /><trkpt lat="41.833232146" lon="9.281387146" /><trkpt lat="41.833215200" lon="9.281391557" /><trkpt lat="41.833198589" lon="9.281396298" /><trkpt lat="41.833182344" lon="9.281401369" /><trkpt lat="41.833166497" lon="9.281406772" /><trkpt lat="41.833151082" lon="9.281412511" /><trkpt lat="41.833136130" lon="9.281418587" /><trkpt lat="41.833121672" lon="9.281425003" /><trkpt lat="41.833107741" lon="9.281431761" /><trkpt lat="41.833091503" lon="9.281439981" /><trkpt lat="41.833075568" lon="9.281447979" /><trkpt lat="41.833059944" lon="9.281455702" /><trkpt lat="41.833044640" lon="9.281463101" /><trkpt lat="41.833029662" lon="9.281470123" /><trkpt lat="41.833015020" lon="9.281476718" /><trkpt lat="41.833000720" lon="9.281482835" /><trkpt lat="41.832986770" lon="9.281488422" /><trkpt lat="41.832973179" lon="9.281493428" /><trkpt lat="41.832959953" lon="9.281497802" /><trkpt lat="41.832947102" lon="9.281501493" /><trkpt lat="41.832934632" lon="9.281504450" /><trkpt lat="41.832922552" lon="9.281506622" /><trkpt lat="41.832910869" lon="9.281507957" /><trkpt lat="41.832899592" lon="9.281508404" /><trkpt lat="41.832888727" lon="9.281507913" /><trkpt lat="41.832878284" lon="9.281506431" /><trkpt lat="41.832868269" lon="9.281503909" /><trkpt lat="41.832858690" lon="9.281500295" /><trkpt lat="41.832849556" lon="9.281495537" /><trkpt lat="41.832840874" lon="9.281489584" /><trkpt lat="41.832832652" lon="9.281482386" /><trkpt lat="41.832824898" lon="9.281473892" /><trkpt lat="41.832817619" lon="9.281464049" /><trkpt lat="41.832810824" lon="9.281452808" /><trkpt lat="41.832804519" lon="9.281440116" /><trkpt lat="41.832798714" lon="9.281425923" /><trkpt lat="41.832793416" lon="9.281410177" /><trkpt lat="41.832788633" lon="9.281392828" /><trkpt lat="41.832784372" lon="9.281373824" /><trkpt lat="41.832780493" lon="9.281354129" /><trkpt lat="41.832776827" lon="9.281334737" /><trkpt lat="41.832773343" lon="9.281315648" /><trkpt lat="41.832770008" lon="9.281296857" /><trkpt lat="41.832766792" lon="9.281278363" /><trkpt lat="41.832763662" lon="9.281260163" /><trkpt lat="41.832760585" lon="9.281242254" /><trkpt lat="41.832757531" lon="9.281224634" /><trkpt lat="41.832754467" lon="9.281207300" /><trkpt lat="41.832751361" lon="9.281190250" /><trkpt lat="41.832748182" lon="9.281173480" /><trkpt lat="41.832744897" lon="9.281156990" /><trkpt lat="41.832741475" lon="9.281140775" /><trkpt lat="41.832737884" lon="9.281124833" /><trkpt lat="41.832734091" lon="9.281109163" /><trkpt lat="41.832730065" lon="9.281093760" /><trkpt lat="41.832725774" lon="9.281078623" /><trkpt lat="41.832721186" lon="9.281063750" /><trkpt lat="41.832716269" lon="9.281049136" /><trkpt lat="41.832710992" lon="9.281034781" /><trkpt lat="41.832705321" lon="9.281020681" /><trkpt lat="41.832699226" lon="9.281006834" /><trkpt lat="41.832692675" lon="9.280993237" /><trkpt lat="41.832685635" lon="9.280979888" /><trkpt lat="41.832678074" lon="9.280966784" /><trkpt lat="41.832669961" lon="9.280953923" /><trkpt lat="41.832661264" lon="9.280941301" /><trkpt lat="41.832651951" lon="9.280928917" /><trkpt lat="41.832641990" lon="9.280916768" /><trkpt lat="41.832631349" lon="9.280904850" /><trkpt lat="41.832620729" lon="9.280893255" /><trkpt lat="41.832610166" lon="9.280881319" /><trkpt lat="41.832599689" lon="9.280869053" /><trkpt lat="41.832589330" lon="9.280856468" /><trkpt lat="41.832579121" lon="9.280843574" /><trkpt lat="41.832569091" lon="9.280830383" /><trkpt lat="41.832559272" lon="9.280816905" /><trkpt lat="41.832549695" lon="9.280803151" /><trkpt lat="41.832540390" lon="9.280789131" /><trkpt lat="41.832531390" lon="9.280774857" /><trkpt lat="41.832522725" lon="9.280760340" /><trkpt lat="41.832514425" lon="9.280745589" /><trkpt lat="41.832506523" lon="9.280730617" /><trkpt lat="41.832499048" lon="9.280715433" /><trkpt lat="41.832492032" lon="9.280700049" /><trkpt lat="41.832485506" lon="9.280684476" /><trkpt lat="41.832479500" lon="9.280668723" /><trkpt lat="41.832474047" lon="9.280652803" /><trkpt lat="41.832469176" lon="9.280636725" /><trkpt lat="41.832464920" lon="9.280620501" /><trkpt lat="41.832461308" lon="9.280604141" /><trkpt lat="41.832458372" lon="9.280587657" /><trkpt lat="41.832456142" lon="9.280571058" /><trkpt lat="41.832454651" lon="9.280554357" /><trkpt lat="41.832453928" lon="9.280537563" /><trkpt lat="41.832454005" lon="9.280520687" /><trkpt lat="41.832454913" lon="9.280503741" /><trkpt lat="41.832456682" lon="9.280486735" /><trkpt lat="41.832459345" lon="9.280469679" /><trkpt lat="41.832462931" lon="9.280452585" /><trkpt lat="41.832467471" lon="9.280435464" /><trkpt lat="41.832471891" lon="9.280421085" /><trkpt lat="41.832476706" lon="9.280406654" /><trkpt lat="41.832481887" lon="9.280392165" /><trkpt lat="41.832487405" lon="9.280377613" /><trkpt lat="41.832493232" lon="9.280362995" /><trkpt lat="41.832499338" lon="9.280348304" /><trkpt lat="41.832505694" lon="9.280333537" /><trkpt lat="41.832512273" lon="9.280318689" /><trkpt lat="41.832519044" lon="9.280303755" /><trkpt lat="41.832525980" lon="9.280288730" /><trkpt lat="41.832533052" lon="9.280273610" /><trkpt lat="41.832540230" lon="9.280258390" /><trkpt lat="41.832547486" lon="9.280243066" /><trkpt lat="41.832554790" lon="9.280227632" /><trkpt lat="41.832562115" lon="9.280212084" /><trkpt lat="41.832569432" lon="9.280196417" /><trkpt lat="41.832576711" lon="9.280180627" /><trkpt lat="41.832583923" lon="9.280164708" /><trkpt lat="41.832591041" lon="9.280148657" /><trkpt lat="41.832598035" lon="9.280132468" /><trkpt lat="41.832604876" lon="9.280116137" /><trkpt lat="41.832611535" lon="9.280099659" /><trkpt lat="41.832617984" lon="9.280083030" /><trkpt lat="41.832624194" lon="9.280066244" /><trkpt lat="41.832630136" lon="9.280049297" /><trkpt lat="41.832635782" lon="9.280032185" /><trkpt lat="41.832641101" lon="9.280014902" /><trkpt lat="41.832646066" lon="9.279997444" /><trkpt lat="41.832650648" lon="9.279979806" /><trkpt lat="41.832654818" lon="9.279961983" /><trkpt lat="41.832658547" lon="9.279943972" /><trkpt lat="41.832661806" lon="9.279925766" /><trkpt lat="41.832664567" lon="9.279907363" /><trkpt lat="41.832666801" lon="9.279888755" /><trkpt lat="41.832668478" lon="9.279869940" /><trkpt lat="41.832669570" lon="9.279850912" /><trkpt lat="41.832670049" lon="9.279831667" /><trkpt lat="41.832669998" lon="9.279808366" /><trkpt lat="41.832669460" lon="9.279786161" /><trkpt lat="41.832668452" lon="9.279764987" /><trkpt lat="41.832666992" lon="9.279744779" /><trkpt lat="41.832665099" lon="9.279725471" /><trkpt lat="41.832662790" lon="9.279706998" /><trkpt lat="41.832660085" lon="9.279689293" /><trkpt lat="41.832657000" lon="9.279672292" /><trkpt lat="41.832653555" lon="9.279655929" /><trkpt lat="41.832649768" lon="9.279640137" /><trkpt lat="41.832645656" lon="9.279624853" /><trkpt lat="41.832641238" lon="9.279610009" /><trkpt lat="41.832636533" lon="9.279595541" /><trkpt lat="41.832631558" lon="9.279581383" /><trkpt lat="41.832626331" lon="9.279567470" /><trkpt lat="41.832620872" lon="9.279553735" /><trkpt lat="41.832615197" lon="9.279540113" /><trkpt lat="41.832609326" lon="9.279526539" /><trkpt lat="41.832603276" lon="9.279512947" /><trkpt lat="41.832597066" lon="9.279499272" /><trkpt lat="41.832590714" lon="9.279485448" /><trkpt lat="41.832584238" lon="9.279471409" /><trkpt lat="41.832577656" lon="9.279457090" /><trkpt lat="41.832570987" lon="9.279442425" /><trkpt lat="41.832564248" lon="9.279427349" /><trkpt lat="41.832557458" lon="9.279411796" /><trkpt lat="41.832550636" lon="9.279395701" /><trkpt lat="41.832543799" lon="9.279378998" /><trkpt lat="41.832536965" lon="9.279361621" /><trkpt lat="41.832530153" lon="9.279343505" /><trkpt lat="41.832525394" lon="9.279330578" /><trkpt lat="41.832520599" lon="9.279317613" /><trkpt lat="41.832515773" lon="9.279304597" /><trkpt lat="41.832510921" lon="9.279291518" /><trkpt lat="41.832506047" lon="9.279278364" /><trkpt lat="41.832501154" lon="9.279265123" /><trkpt lat="41.832496247" lon="9.279251781" /><trkpt lat="41.832491331" lon="9.279238327" /><trkpt lat="41.832486409" lon="9.279224748" /><trkpt lat="41.832481487" lon="9.279211032" /><trkpt lat="41.832476567" lon="9.279197166" /><trkpt lat="41.832471654" lon="9.279183139" /><trkpt lat="41.832466754" lon="9.279168938" /><trkpt lat="41.832461868" lon="9.279154550" /><trkpt lat="41.832457004" lon="9.279139963" /><trkpt lat="41.832452163" lon="9.279125165" /><trkpt lat="41.832447351" lon="9.279110143" /><trkpt lat="41.832442571" lon="9.279094886" /><trkpt lat="41.832437829" lon="9.279079380" /><trkpt lat="41.832433128" lon="9.279063613" /><trkpt lat="41.832428472" lon="9.279047573" /><trkpt lat="41.832423867" lon="9.279031248" /><trkpt lat="41.832419315" lon="9.279014625" /><trkpt lat="41.832414821" lon="9.278997693" /><trkpt lat="41.832410390" lon="9.278980437" /><trkpt lat="41.832406026" lon="9.278962847" /><trkpt lat="41.832401732" lon="9.278944909" /><trkpt lat="41.832397514" lon="9.278926612" /><trkpt lat="41.832393376" lon="9.278907944" /><trkpt lat="41.832389321" lon="9.278888890" /><trkpt lat="41.832385354" lon="9.278869441" /><trkpt lat="41.832381479" lon="9.278849582" /><trkpt lat="41.832377700" lon="9.278829302" /><trkpt lat="41.832374023" lon="9.278808588" /><trkpt lat="41.832370450" lon="9.278787428" /><trkpt lat="41.832366986" lon="9.278765810" /><trkpt lat="41.832363636" lon="9.278743721" /><trkpt lat="41.832360404" lon="9.278721149" /><trkpt lat="41.832357293" lon="9.278698081" /><trkpt lat="41.832354308" lon="9.278674505" /><trkpt lat="41.832351454" lon="9.278650410" /><trkpt lat="41.832348735" lon="9.278625781" /><trkpt lat="41.832346154" lon="9.278600608" /><trkpt lat="41.832343196" lon="9.278570866" /><trkpt lat="41.832340310" lon="9.278542402" /><trkpt lat="41.832337484" lon="9.278515170" /><trkpt lat="41.832334708" lon="9.278489121" /><trkpt lat="41.832331969" lon="9.278464206" /><trkpt lat="41.832329257" lon="9.278440378" /><trkpt lat="41.832326561" lon="9.278417588" /><trkpt lat="41.832323868" lon="9.278395788" /><trkpt lat="41.832321168" lon="9.278374930" /><trkpt lat="41.832318450" lon="9.278354965" /><trkpt lat="41.832315701" lon="9.278335846" /><trkpt lat="41.832312912" lon="9.278317524" /><trkpt lat="41.832310070" lon="9.278299950" /><trkpt lat="41.832307164" lon="9.278283077" /><trkpt lat="41.832304184" lon="9.278266857" /><trkpt lat="41.832301117" lon="9.278251240" /><trkpt lat="41.832297952" lon="9.278236180" /><trkpt lat="41.832294678" lon="9.278221627" /><trkpt lat="41.832291284" lon="9.278207534" /><trkpt lat="41.832287758" lon="9.278193852" /><trkpt lat="41.832284090" lon="9.278180532" /><trkpt lat="41.832280267" lon="9.278167528" /><trkpt lat="41.832276279" lon="9.278154790" /><trkpt lat="41.832272114" lon="9.278142271" /><trkpt lat="41.832267761" lon="9.278129921" /><trkpt lat="41.832263208" lon="9.278117694" /><trkpt lat="41.832258445" lon="9.278105540" /><trkpt lat="41.832253460" lon="9.278093411" /><trkpt lat="41.832248241" lon="9.278081259" /><trkpt lat="41.832242778" lon="9.278069037" /><trkpt lat="41.832237059" lon="9.278056695" /><trkpt lat="41.832231073" lon="9.278044186" /><trkpt lat="41.832224809" lon="9.278031461" /><trkpt lat="41.832218254" lon="9.278018472" /><trkpt lat="41.832211399" lon="9.278005170" /><trkpt lat="41.832204231" lon="9.277991508" /><trkpt lat="41.832196275" lon="9.277976723" /><trkpt lat="41.832188405" lon="9.277962559" /><trkpt lat="41.832180633" lon="9.277948952" /><trkpt lat="41.832172972" lon="9.277935835" /><trkpt lat="41.832165436" lon="9.277923144" /><trkpt lat="41.832158037" lon="9.277910813" /><trkpt lat="41.832150788" lon="9.277898777" /><trkpt lat="41.832143702" lon="9.277886971" /><trkpt lat="41.832136792" lon="9.277875328" /><trkpt lat="41.832130072" lon="9.277863784" /><trkpt lat="41.832123553" lon="9.277852273" /><trkpt lat="41.832117249" lon="9.277840730" /><trkpt lat="41.832111174" lon="9.277829090" /><trkpt lat="41.832105339" lon="9.277817287" /><trkpt lat="41.832099758" lon="9.277805256" /><trkpt lat="41.832094444" lon="9.277792931" /><trkpt lat="41.832089410" lon="9.277780247" /><trkpt lat="41.832084669" lon="9.277767139" /><trkpt lat="41.832080233" lon="9.277753541" /><trkpt lat="41.832076116" lon="9.277739388" /><trkpt lat="41.832072331" lon="9.277724615" /><trkpt lat="41.832068890" lon="9.277709156" /><trkpt lat="41.832065807" lon="9.277692946" /><trkpt lat="41.832063094" lon="9.277675919" /><trkpt lat="41.832060765" lon="9.277658011" /><trkpt lat="41.832058832" lon="9.277639155" /><trkpt lat="41.832057309" lon="9.277619286" /><trkpt lat="41.832056208" lon="9.277598340" /><trkpt lat="41.832055543" lon="9.277576250" /><trkpt lat="41.832055326" lon="9.277552951" /><trkpt lat="41.832055570" lon="9.277528379" /><trkpt lat="41.832056288" lon="9.277502466" /><trkpt lat="41.832057494" lon="9.277475149" /><trkpt lat="41.832058838" lon="9.277446123" /><trkpt lat="41.832059787" lon="9.277418688" /><trkpt lat="41.832060357" lon="9.277392765" /><trkpt lat="41.832060565" lon="9.277368269" /><trkpt lat="41.832060427" lon="9.277345120" /><trkpt lat="41.832059960" lon="9.277323235" /><trkpt lat="41.832059180" lon="9.277302531" /><trkpt lat="41.832058103" lon="9.277282928" /><trkpt lat="41.832056748" lon="9.277264342" /><trkpt lat="41.832055128" lon="9.277246692" /><trkpt lat="41.832053262" lon="9.277229896" /><trkpt lat="41.832051166" lon="9.277213871" /><trkpt lat="41.832048856" lon="9.277198535" /><trkpt lat="41.832046349" lon="9.277183806" /><trkpt lat="41.832043662" lon="9.277169603" /><trkpt lat="41.832040809" lon="9.277155842" /><trkpt lat="41.832037810" lon="9.277142442" /><trkpt lat="41.832034679" lon="9.277129321" /><trkpt lat="41.832031433" lon="9.277116397" /><trkpt lat="41.832028089" lon="9.277103587" /><trkpt lat="41.832024663" lon="9.277090810" /><trkpt lat="41.832021173" lon="9.277077983" /><trkpt lat="41.832017633" lon="9.277065024" /><trkpt lat="41.832014061" lon="9.277051851" /><trkpt lat="41.832010474" lon="9.277038382" /><trkpt lat="41.832006887" lon="9.277024535" /><trkpt lat="41.832003318" lon="9.277010228" /><trkpt lat="41.831999783" lon="9.276995378" /><trkpt lat="41.831996297" lon="9.276979904" /><trkpt lat="41.831992879" lon="9.276963724" /><trkpt lat="41.831989544" lon="9.276946754" /><trkpt lat="41.831986610" lon="9.276930832" /><trkpt lat="41.831983801" lon="9.276914778" /><trkpt lat="41.831981112" lon="9.276898596" /><trkpt lat="41.831978539" lon="9.276882285" /><trkpt lat="41.831976077" lon="9.276865849" /><trkpt lat="41.831973722" lon="9.276849289" /><trkpt lat="41.831971468" lon="9.276832606" /><trkpt lat="41.831969312" lon="9.276815802" /><trkpt lat="41.831967249" lon="9.276798879" /><trkpt lat="41.831965274" lon="9.276781838" /><trkpt lat="41.831963383" lon="9.276764681" /><trkpt lat="41.831961571" lon="9.276747410" /><trkpt lat="41.831959834" lon="9.276730026" /><trkpt lat="41.831958167" lon="9.276712531" /><trkpt lat="41.831956565" lon="9.276694927" /><trkpt lat="41.831955025" lon="9.276677215" /><trkpt lat="41.831953541" lon="9.276659397" /><trkpt lat="41.831952108" lon="9.276641475" /><trkpt lat="41.831950723" lon="9.276623449" /><trkpt lat="41.831949381" lon="9.276605323" /><trkpt lat="41.831948077" lon="9.276587097" /><trkpt lat="41.831946807" lon="9.276568774" /><trkpt lat="41.831945565" lon="9.276550354" /><trkpt lat="41.831944349" lon="9.276531840" /><trkpt lat="41.831943152" lon="9.276513233" /><trkpt lat="41.831941970" lon="9.276494535" /><trkpt lat="41.831940800" lon="9.276475747" /><trkpt lat="41.831939635" lon="9.276456871" /><trkpt lat="41.831938473" lon="9.276437910" /><trkpt lat="41.831937307" lon="9.276418863" /><trkpt lat="41.831936134" lon="9.276399734" /><trkpt lat="41.831934950" lon="9.276380523" /><trkpt lat="41.831933748" lon="9.276361233" /><trkpt lat="41.831932526" lon="9.276341865" /><trkpt lat="41.831931762" lon="9.276328181" /><trkpt lat="41.831931177" lon="9.276314071" /><trkpt lat="41.831930757" lon="9.276299553" /><trkpt lat="41.831930492" lon="9.276284644" /><trkpt lat="41.831930369" lon="9.276269360" /><trkpt lat="41.831930377" lon="9.276253718" /><trkpt lat="41.831930504" lon="9.276237736" /><trkpt lat="41.831930738" lon="9.276221430" /><trkpt lat="41.831931067" lon="9.276204817" /><trkpt lat="41.831931479" lon="9.276187915" /><trkpt lat="41.831931963" lon="9.276170740" /><trkpt lat="41.831932507" lon="9.276153309" /><trkpt lat="41.831933098" lon="9.276135640" /><trkpt lat="41.831933726" lon="9.276117748" /><trkpt lat="41.831934378" lon="9.276099652" /><trkpt lat="41.831935042" lon="9.276081367" /><trkpt lat="41.831935707" lon="9.276062912" /><trkpt lat="41.831936361" lon="9.276044302" /><trkpt lat="41.831936992" lon="9.276025556" /><trkpt lat="41.831937588" lon="9.276006689" /><trkpt lat="41.831938137" lon="9.275987720" /><trkpt lat="41.831938628" lon="9.275968664" /><trkpt lat="41.831939048" lon="9.275949538" /><trkpt lat="41.831939386" lon="9.275930361" /><trkpt lat="41.831939630" lon="9.275911148" /><trkpt lat="41.831939769" lon="9.275891917" /><trkpt lat="41.831939790" lon="9.275872685" /><trkpt lat="41.831939681" lon="9.275853468" /><trkpt lat="41.831939431" lon="9.275834284" /><trkpt lat="41.831939028" lon="9.275815149" /><trkpt lat="41.831938460" lon="9.275796081" /><trkpt lat="41.831937716" lon="9.275777096" /><trkpt lat="41.831936782" lon="9.275758212" /><trkpt lat="41.831935649" lon="9.275739445" /><trkpt lat="41.831934303" lon="9.275720812" /><trkpt lat="41.831932733" lon="9.275702331" /><trkpt lat="41.831930928" lon="9.275684018" /><trkpt lat="41.831928874" lon="9.275665890" /><trkpt lat="41.831926562" lon="9.275647964" /><trkpt lat="41.831923977" lon="9.275630257" /><trkpt lat="41.831921110" lon="9.275612787" /><trkpt lat="41.831917948" lon="9.275595570" /><trkpt lat="41.831914479" lon="9.275578622" /><trkpt lat="41.831910691" lon="9.275561962" /><trkpt lat="41.831906573" lon="9.275545605" /><trkpt lat="41.831902113" lon="9.275529570" /><trkpt lat="41.831897298" lon="9.275513872" /><trkpt lat="41.831892118" lon="9.275498529" /><trkpt lat="41.831886560" lon="9.275483558" /><trkpt lat="41.831879083" lon="9.275464400" /><trkpt lat="41.831871876" lon="9.275446034" /><trkpt lat="41.831864921" lon="9.275428404" /><trkpt lat="41.831858205" lon="9.275411453" /><trkpt lat="41.831851710" lon="9.275395125" /><trkpt lat="41.831845421" lon="9.275379364" /><trkpt lat="41.831839324" lon="9.275364113" /><trkpt lat="41.831833401" lon="9.275349317" /><trkpt lat="41.831827638" lon="9.275334918" /><trkpt lat="41.831822019" lon="9.275320860" /><trkpt lat="41.831816528" lon="9.275307087" /><trkpt lat="41.831811150" lon="9.275293543" /><trkpt lat="41.831805869" lon="9.275280171" /><trkpt lat="41.831800670" lon="9.275266915" /><trkpt lat="41.831795536" lon="9.275253719" /><trkpt lat="41.831790453" lon="9.275240526" /><trkpt lat="41.831785404" lon="9.275227280" /><trkpt lat="41.831780375" lon="9.275213924" /><trkpt lat="41.831775348" lon="9.275200403" /><trkpt lat="41.831770310" lon="9.275186659" /><trkpt lat="41.831765244" lon="9.275172637" /><trkpt lat="41.831760134" lon="9.275158280" /><trkpt lat="41.831754965" lon="9.275143532" /><trkpt lat="41.831749722" lon="9.275128337" /><trkpt lat="41.831744389" lon="9.275112637" /><trkpt lat="41.831738949" lon="9.275096378" /><trkpt lat="41.831733389" lon="9.275079501" /><trkpt lat="41.831727691" lon="9.275061952" /><trkpt lat="41.831721840" lon="9.275043674" /><trkpt lat="41.831715821" lon="9.275024610" /><trkpt lat="41.831709618" lon="9.275004704" /><trkpt lat="41.831703216" lon="9.274983900" /><trkpt lat="41.831696599" lon="9.274962141" /><trkpt lat="41.831689750" lon="9.274939371" /><trkpt lat="41.831682656" lon="9.274915534" /><trkpt lat="41.831675299" lon="9.274890573" /><trkpt lat="41.831667665" lon="9.274864432" /><trkpt lat="41.831662103" lon="9.274845443" /><trkpt lat="41.831656488" lon="9.274826543" /><trkpt lat="41.831650827" lon="9.274807729" /><trkpt lat="41.831645124" lon="9.274789001" /><trkpt lat="41.831639386" lon="9.274770358" /><trkpt lat="41.831633617" lon="9.274751798" /><trkpt lat="41.831627824" lon="9.274733321" /><trkpt lat="41.831622011" lon="9.274714925" /><trkpt lat="41.831616184" lon="9.274696609" /><trkpt lat="41.831610348" lon="9.274678372" /><trkpt lat="41.831604509" lon="9.274660213" /><trkpt lat="41.831598673" lon="9.274642130" /><trkpt lat="41.831592845" lon="9.274624123" /><trkpt lat="41.831587030" lon="9.274606191" /><trkpt lat="41.831581233" lon="9.274588331" /><trkpt lat="41.831575461" lon="9.274570544" /><trkpt lat="41.831569719" lon="9.274552828" /><trkpt lat="41.831564012" lon="9.274535182" /><trkpt lat="41.831558345" lon="9.274517604" /><trkpt lat="41.831552724" lon="9.274500094" /><trkpt lat="41.831547155" lon="9.274482650" /><trkpt lat="41.831541643" lon="9.274465272" /><trkpt lat="41.831536193" lon="9.274447957" /><trkpt lat="41.831530811" lon="9.274430706" /><trkpt lat="41.831525503" lon="9.274413516" /><trkpt lat="41.831520273" lon="9.274396387" /><trkpt lat="41.831515128" lon="9.274379317" /><trkpt lat="41.831510072" lon="9.274362306" /><trkpt lat="41.831505111" lon="9.274345352" /><trkpt lat="41.831500251" lon="9.274328455" /><trkpt lat="41.831495497" lon="9.274311612" /><trkpt lat="41.831490855" lon="9.274294823" /><trkpt lat="41.831486330" lon="9.274278086" /><trkpt lat="41.831481927" lon="9.274261401" /><trkpt lat="41.831477652" lon="9.274244767" /><trkpt lat="41.831473511" lon="9.274228181" /><trkpt lat="41.831469508" lon="9.274211644" /><trkpt lat="41.831465649" lon="9.274195154" /><trkpt lat="41.831461941" lon="9.274178709" /><trkpt lat="41.831458387" lon="9.274162309" /><trkpt lat="41.831454995" lon="9.274145953" /><trkpt lat="41.831451768" lon="9.274129638" /><trkpt lat="41.831448713" lon="9.274113365" /><trkpt lat="41.831445835" lon="9.274097133" /><trkpt lat="41.831443139" lon="9.274080939" /><trkpt lat="41.831440632" lon="9.274064783" /><trkpt lat="41.831438318" lon="9.274048663" /><trkpt lat="41.831436202" lon="9.274032579" /><trkpt lat="41.831434291" lon="9.274016529" /><trkpt lat="41.831432590" lon="9.274000513" /><trkpt lat="41.831431104" lon="9.273984528" /><trkpt lat="41.831429839" lon="9.273968575" /><trkpt lat="41.831428642" lon="9.273949870" /><trkpt lat="41.831427761" lon="9.273931420" /><trkpt lat="41.831427176" lon="9.273913214" /><trkpt lat="41.831426865" lon="9.273895240" /><trkpt lat="41.831426808" lon="9.273877485" /><trkpt lat="41.831426984" lon="9.273859939" /><trkpt lat="41.831427371" lon="9.273842590" /><trkpt lat="41.831427949" lon="9.273825425" /><trkpt lat="41.831428697" lon="9.273808433" /><trkpt lat="41.831429594" lon="9.273791602" /><trkpt lat="41.831430618" lon="9.273774921" /><trkpt lat="41.831431750" lon="9.273758378" /><trkpt lat="41.831432967" lon="9.273741960" /><trkpt lat="41.831434249" lon="9.273725656" /><trkpt lat="41.831435575" lon="9.273709455" /><trkpt lat="41.831436924" lon="9.273693345" /><trkpt lat="41.831438275" lon="9.273677313" /><trkpt lat="41.831439607" lon="9.273661349" /><trkpt lat="41.831440899" lon="9.273645440" /><trkpt lat="41.831442130" lon="9.273629574" /><trkpt lat="41.831443279" lon="9.273613740" /><trkpt lat="41.831444325" lon="9.273597927" /><trkpt lat="41.831445247" lon="9.273582122" /><trkpt lat="41.831446024" lon="9.273566313" /><trkpt lat="41.831446636" lon="9.273550489" /><trkpt lat="41.831447061" lon="9.273534638" /><trkpt lat="41.831447278" lon="9.273518748" /><trkpt lat="41.831447266" lon="9.273502808" /><trkpt lat="41.831447004" lon="9.273486806" /><trkpt lat="41.831446472" lon="9.273470729" /><trkpt lat="41.831445648" lon="9.273454567" /><trkpt lat="41.831444512" lon="9.273438308" /><trkpt lat="41.831443042" lon="9.273421939" /><trkpt lat="41.831441217" lon="9.273405449" /><trkpt lat="41.831439017" lon="9.273388826" /><trkpt lat="41.831436420" lon="9.273372058" /><trkpt lat="41.831433406" lon="9.273355134" /><trkpt lat="41.831429953" lon="9.273338043" /><trkpt lat="41.831426041" lon="9.273320771" /><trkpt lat="41.831421649" lon="9.273303308" /><trkpt lat="41.831416755" lon="9.273285641" /><trkpt lat="41.831411338" lon="9.273267759" /><trkpt lat="41.831405378" lon="9.273249650" /><trkpt lat="41.831398854" lon="9.273231303" /><trkpt lat="41.831393092" lon="9.273215498" /><trkpt lat="41.831387334" lon="9.273199354" /><trkpt lat="41.831381582" lon="9.273182887" /><trkpt lat="41.831375835" lon="9.273166116" /><trkpt lat="41.831370095" lon="9.273149057" /><trkpt lat="41.831364363" lon="9.273131727" /><trkpt lat="41.831358637" lon="9.273114145" /><trkpt lat="41.831352920" lon="9.273096328" /><trkpt lat="41.831347211" lon="9.273078293" /><trkpt lat="41.831341511" lon="9.273060057" /><trkpt lat="41.831335821" lon="9.273041639" /><trkpt lat="41.831330141" lon="9.273023054" /><trkpt lat="41.831324471" lon="9.273004321" /><trkpt lat="41.831318813" lon="9.272985457" /><trkpt lat="41.831313166" lon="9.272966480" /><trkpt lat="41.831307531" lon="9.272947406" /><trkpt lat="41.831301909" lon="9.272928254" /><trkpt lat="41.831296300" lon="9.272909041" /><trkpt lat="41.831290704" lon="9.272889783" /><trkpt lat="41.831285123" lon="9.272870499" /><trkpt lat="41.831279556" lon="9.272851206" /><trkpt lat="41.831274005" lon="9.272831921" /><trkpt lat="41.831268469" lon="9.272812661" /><trkpt lat="41.831262950" lon="9.272793445" /><trkpt lat="41.831257447" lon="9.272774289" /><trkpt lat="41.831251961" lon="9.272755211" /><trkpt lat="41.831246494" lon="9.272736228" /><trkpt lat="41.831241044" lon="9.272717358" /><trkpt lat="41.831235613" lon="9.272698617" /><trkpt lat="41.831230202" lon="9.272680025" /><trkpt lat="41.831224810" lon="9.272661597" /><trkpt lat="41.831219438" lon="9.272643351" /><trkpt lat="41.831214088" lon="9.272625305" /><trkpt lat="41.831208758" lon="9.272607476" /><trkpt lat="41.831203451" lon="9.272589881" /><trkpt lat="41.831198166" lon="9.272572538" /><trkpt lat="41.831192903" lon="9.272555464" /><trkpt lat="41.831187664" lon="9.272538677" /><trkpt lat="41.831182449" lon="9.272522194" /><trkpt lat="41.831177259" lon="9.272506032" /><trkpt lat="41.831172093" lon="9.272490209" /><trkpt lat="41.831166953" lon="9.272474742" /><trkpt lat="41.831161838" lon="9.272459649" /><trkpt lat="41.831156750" lon="9.272444947" /><trkpt lat="41.831151689" lon="9.272430653" /><trkpt lat="41.831146655" lon="9.272416785" /><trkpt lat="41.831141650" lon="9.272403360" /><trkpt lat="41.831136673" lon="9.272390396" /><trkpt lat="41.831131725" lon="9.272377909" /><trkpt lat="41.831126806" lon="9.272365918" /><trkpt lat="41.831121917" lon="9.272354440" /><trkpt lat="41.831117059" lon="9.272343492" /><trkpt lat="41.831108667" lon="9.272325486" /><trkpt lat="41.831100282" lon="9.272308483" /><trkpt lat="41.831091907" lon="9.272292484" /><trkpt lat="41.831083546" lon="9.272277489" /><trkpt lat="41.831075203" lon="9.272263498" /><trkpt lat="41.831066882" lon="9.272250513" /><trkpt lat="41.831058586" lon="9.272238533" /><trkpt lat="41.831050320" lon="9.272227559" /><trkpt lat="41.831042087" lon="9.272217592" /><trkpt lat="41.831033891" lon="9.272208632" /><trkpt lat="41.831025736" lon="9.272200680" /><trkpt lat="41.831017626" lon="9.272193736" /><trkpt lat="41.831009564" lon="9.272187801" /><trkpt lat="41.831001554" lon="9.272182875" /><trkpt lat="41.830993601" lon="9.272178959" /><trkpt lat="41.830985707" lon="9.272176053" /><trkpt lat="41.830977878" lon="9.272174158" /><trkpt lat="41.830970116" lon="9.272173274" /><trkpt lat="41.830962425" lon="9.272173403" /><trkpt lat="41.830954809" lon="9.272174543" /><trkpt lat="41.830947273" lon="9.272176697" /><trkpt lat="41.830939819" lon="9.272179863" /><trkpt lat="41.830932453" lon="9.272184044" /><trkpt lat="41.830925176" lon="9.272189239" /><trkpt lat="41.830917994" lon="9.272195450" /><trkpt lat="41.830910910" lon="9.272202675" /><trkpt lat="41.830903928" lon="9.272210917" /><trkpt lat="41.830897052" lon="9.272220175" /><trkpt lat="41.830890285" lon="9.272230450" /><trkpt lat="41.830883632" lon="9.272241743" /><trkpt lat="41.830878078" lon="9.272252692" /><trkpt lat="41.830873388" lon="9.272264072" /><trkpt lat="41.830869535" lon="9.272275870" /><trkpt lat="41.830866493" lon="9.272288076" /><trkpt lat="41.830864233" lon="9.272300677" /><trkpt lat="41.830862727" lon="9.272313661" /><trkpt lat="41.830861950" lon="9.272327016" /><trkpt lat="41.830861873" lon="9.272340729" /><trkpt lat="41.830862469" lon="9.272354789" /><trkpt lat="41.830863711" lon="9.272369184" /><trkpt lat="41.830865571" lon="9.272383900" /><trkpt lat="41.830868022" lon="9.272398928" /><trkpt lat="41.830871036" lon="9.272414253" /><trkpt lat="41.830874587" lon="9.272429865" /><trkpt lat="41.830878647" lon="9.272445750" /><trkpt lat="41.830883188" lon="9.272461898" /><trkpt lat="41.830888183" lon="9.272478296" /><trkpt lat="41.830893605" lon="9.272494931" /><trkpt lat="41.830899427" lon="9.272511792" /><trkpt lat="41.830905620" lon="9.272528866" /><trkpt lat="41.830912158" lon="9.272546143" /><trkpt lat="41.830919014" lon="9.272563608" /><trkpt lat="41.830926159" lon="9.272581251" /><trkpt lat="41.830933568" lon="9.272599059" /><trkpt lat="41.830941211" lon="9.272617021" /><trkpt lat="41.830949062" lon="9.272635123" /><trkpt lat="41.830957094" lon="9.272653354" /><trkpt lat="41.830965279" lon="9.272671703" /><trkpt lat="41.830973589" lon="9.272690156" /><trkpt lat="41.830981998" lon="9.272708701" /><trkpt lat="41.830990478" lon="9.272727328" /><trkpt lat="41.830999002" lon="9.272746023" /><trkpt lat="41.831007543" lon="9.272764774" /><trkpt lat="41.831014003" lon="9.272778958" /><trkpt lat="41.831020563" lon="9.272793343" /><trkpt lat="41.831027205" lon="9.272807922" /><trkpt lat="41.831033911" lon="9.272822686" /><trkpt lat="41.831040663" lon="9.272837630" /><trkpt lat="41.831047444" lon="9.272852746" /><trkpt lat="41.831054235" lon="9.272868026" /><trkpt lat="41.831061018" lon="9.272883464" /><trkpt lat="41.831067777" lon="9.272899053" /><trkpt lat="41.831074492" lon="9.272914784" /><trkpt lat="41.831081145" lon="9.272930652" /><trkpt lat="41.831087720" lon="9.272946648" /><trkpt lat="41.831094198" lon="9.272962767" /><trkpt lat="41.831100562" lon="9.272978999" /><trkpt lat="41.831106792" lon="9.272995339" /><trkpt lat="41.831112873" lon="9.273011779" /><trkpt lat="41.831118785" lon="9.273028312" /><trkpt lat="41.831124510" lon="9.273044931" /><trkpt lat="41.831130032" lon="9.273061628" /><trkpt lat="41.831135331" lon="9.273078397" /><trkpt lat="41.831140391" lon="9.273095230" /><trkpt lat="41.831145193" lon="9.273112120" /><trkpt lat="41.831149719" lon="9.273129060" /><trkpt lat="41.831153952" lon="9.273146043" /><trkpt lat="41.831157873" lon="9.273163061" /><trkpt lat="41.831161465" lon="9.273180107" /><trkpt lat="41.831164710" lon="9.273197175" /><trkpt lat="41.831167590" lon="9.273214257" /><trkpt lat="41.831170088" lon="9.273231345" /><trkpt lat="41.831172184" lon="9.273248433" /><trkpt lat="41.831173862" lon="9.273265514" /><trkpt lat="41.831175103" lon="9.273282579" /><trkpt lat="41.831175889" lon="9.273299623" /><trkpt lat="41.831176204" lon="9.273316638" /><trkpt lat="41.831176028" lon="9.273333616" /><trkpt lat="41.831175344" lon="9.273350551" /><trkpt lat="41.831174135" lon="9.273367436" /><trkpt lat="41.831172381" lon="9.273384262" /><trkpt lat="41.831170066" lon="9.273401024" /><trkpt lat="41.831167172" lon="9.273417713" /><trkpt lat="41.831163679" lon="9.273434324" /><trkpt lat="41.831159572" lon="9.273450847" /><trkpt lat="41.831154831" lon="9.273467277" /><trkpt lat="41.831149440" lon="9.273483606" /><trkpt lat="41.831141321" lon="9.273506686" /><trkpt lat="41.831133738" lon="9.273528254" /><trkpt lat="41.831126670" lon="9.273548418" /><trkpt lat="41.831120099" lon="9.273567284" /><trkpt lat="41.831114003" lon="9.273584961" /><trkpt lat="41.831108362" lon="9.273601555" /><trkpt lat="41.831103156" lon="9.273617175" /><trkpt lat="41.831098365" lon="9.273631926" /><trkpt lat="41.831093968" lon="9.273645917" /><trkpt lat="41.831089946" lon="9.273659255" /><trkpt lat="41.831086278" lon="9.273672048" /><trkpt lat="41.831082944" lon="9.273684402" /><trkpt lat="41.831079924" lon="9.273696425" /><trkpt lat="41.831077198" lon="9.273708224" /><trkpt lat="41.831074744" lon="9.273719908" /><trkpt lat="41.831072544" lon="9.273731582" /><trkpt lat="41.831070577" lon="9.273743354" /><trkpt lat="41.831068823" lon="9.273755333" /><trkpt lat="41.831067261" lon="9.273767624" /><trkpt lat="41.831065872" lon="9.273780336" /><trkpt lat="41.831064634" lon="9.273793576" /><trkpt lat="41.831063529" lon="9.273807451" /><trkpt lat="41.831062535" lon="9.273822068" /><trkpt lat="41.831061633" lon="9.273837536" /><trkpt lat="41.831060802" lon="9.273853960" /><trkpt lat="41.831060022" lon="9.273871449" /><trkpt lat="41.831059272" lon="9.273890110" /><trkpt lat="41.831058534" lon="9.273910050" /><trkpt lat="41.831057786" lon="9.273931377" /><trkpt lat="41.831057008" lon="9.273954198" /><trkpt lat="41.831056233" lon="9.273977122" /><trkpt lat="41.831055502" lon="9.273998743" /><trkpt lat="41.831054809" lon="9.274019142" /><trkpt lat="41.831054146" lon="9.274038401" /><trkpt lat="41.831053506" lon="9.274056601" /><trkpt lat="41.831052882" lon="9.274073825" /><trkpt lat="41.831052268" lon="9.274090152" /><trkpt lat="41.831051656" lon="9.274105666" /><trkpt lat="41.831051040" lon="9.274120448" /><trkpt lat="41.831050412" lon="9.274134579" /><trkpt lat="41.831049765" lon="9.274148141" /><trkpt lat="41.831049093" lon="9.274161216" /><trkpt lat="41.831048389" lon="9.274173885" /><trkpt lat="41.831047646" lon="9.274186229" /><trkpt lat="41.831046856" lon="9.274198332" /><trkpt lat="41.831046013" lon="9.274210273" /><trkpt lat="41.831045109" lon="9.274222135" /><trkpt lat="41.831044139" lon="9.274233999" /><trkpt lat="41.831043094" lon="9.274245947" /><trkpt lat="41.831041968" lon="9.274258061" /><trkpt lat="41.831040754" lon="9.274270422" /><trkpt lat="41.831039444" lon="9.274283111" /><trkpt lat="41.831038033" lon="9.274296211" /><trkpt lat="41.831036513" lon="9.274309803" /><trkpt lat="41.831034877" lon="9.274323968" /><trkpt lat="41.831033118" lon="9.274338789" /><trkpt lat="41.831031229" lon="9.274354346" /><trkpt lat="41.831029203" lon="9.274370722" /><trkpt lat="41.831027033" lon="9.274387998" /><trkpt lat="41.831024713" lon="9.274406255" /><trkpt lat="41.831022538" lon="9.274422491" /><trkpt lat="41.831020123" lon="9.274438976" /><trkpt lat="41.831017461" lon="9.274455658" /><trkpt lat="41.831014545" lon="9.274472485" /><trkpt lat="41.831011370" lon="9.274489403" /><trkpt lat="41.831007928" lon="9.274506362" /><trkpt lat="41.831004215" lon="9.274523306" /><trkpt lat="41.831000225" lon="9.274540186" /><trkpt lat="41.830995949" lon="9.274556947" /><trkpt lat="41.830991384" lon="9.274573537" /><trkpt lat="41.830986522" lon="9.274589904" /><trkpt lat="41.830981358" lon="9.274605995" /><trkpt lat="41.830975884" lon="9.274621758" /><trkpt lat="41.830970096" lon="9.274637140" /><trkpt lat="41.830963987" lon="9.274652088" /><trkpt lat="41.830957550" lon="9.274666550" /><trkpt lat="41.830950780" lon="9.274680473" /><trkpt lat="41.830943671" lon="9.274693805" /><trkpt lat="41.830936216" lon="9.274706494" /><trkpt lat="41.830928409" lon="9.274718486" /><trkpt lat="41.830920244" lon="9.274729729" /><trkpt lat="41.830911715" lon="9.274740171" /><trkpt lat="41.830902815" lon="9.274749760" /><trkpt lat="41.830893540" lon="9.274758441" /><trkpt lat="41.830883881" lon="9.274766164" /><trkpt lat="41.830873834" lon="9.274772875" /><trkpt lat="41.830863392" lon="9.274778522" /><trkpt lat="41.830852549" lon="9.274783052" /><trkpt lat="41.830841298" lon="9.274786413" /><trkpt lat="41.830829635" lon="9.274788552" /><trkpt lat="41.830817551" lon="9.274789417" /><trkpt lat="41.830805042" lon="9.274788955" /><trkpt lat="41.830792102" lon="9.274787113" /><trkpt lat="41.830778723" lon="9.274783840" /><trkpt lat="41.830764900" lon="9.274779082" /><trkpt lat="41.830751668" lon="9.274773407" /><trkpt lat="41.830739248" lon="9.274767132" /><trkpt lat="41.830727580" lon="9.274760291" /><trkpt lat="41.830716606" lon="9.274752918" /><trkpt lat="41.830706267" lon="9.274745048" /><trkpt lat="41.830696505" lon="9.274736713" /><trkpt lat="41.830687261" lon="9.274727948" /><trkpt lat="41.830678477" lon="9.274718786" /><trkpt lat="41.830670093" lon="9.274709261" /><trkpt lat="41.830662052" lon="9.274699407" /><trkpt lat="41.830654295" lon="9.274689258" /><trkpt lat="41.830646763" lon="9.274678847" /><trkpt lat="41.830639397" lon="9.274668208" /><trkpt lat="41.830632140" lon="9.274657376" /><trkpt lat="41.830624931" lon="9.274646384" /><trkpt lat="41.830617714" lon="9.274635266" /><trkpt lat="41.830610428" lon="9.274624055" /><trkpt lat="41.830603016" lon="9.274612785" /><trkpt lat="41.830595419" lon="9.274601491" /><trkpt lat="41.830587579" lon="9.274590205" /><trkpt lat="41.830579436" lon="9.274578963" /><trkpt lat="41.830570932" lon="9.274567797" /><trkpt lat="41.830562009" lon="9.274556741" /><trkpt lat="41.830552608" lon="9.274545829" /><trkpt lat="41.830542670" lon="9.274535096" /><trkpt lat="41.830532137" lon="9.274524574" /><trkpt lat="41.830520950" lon="9.274514298" /><trkpt lat="41.830509050" lon="9.274504301" /><trkpt lat="41.830496380" lon="9.274494618" /><trkpt lat="41.830482880" lon="9.274485281" /><trkpt lat="41.830468491" lon="9.274476325" /><trkpt lat="41.830453156" lon="9.274467784" /><trkpt lat="41.830436816" lon="9.274459691" /><trkpt lat="41.830419411" lon="9.274452081" /><trkpt lat="41.830400883" lon="9.274444986" /><trkpt lat="41.830381175" lon="9.274438442" /><trkpt lat="41.830360049" lon="9.274432052" /><trkpt lat="41.830339675" lon="9.274426108" /><trkpt lat="41.830320013" lon="9.274420567" /><trkpt lat="41.830301025" lon="9.274415387" /><trkpt lat="41.830282673" lon="9.274410524" /><trkpt lat="41.830264918" lon="9.274405937" /><trkpt lat="41.830247722" lon="9.274401582" /><trkpt lat="41.830231045" lon="9.274397417" /><trkpt lat="41.830214850" lon="9.274393399" /><trkpt lat="41.830199099" lon="9.274389486" /><trkpt lat="41.830183751" lon="9.274385634" /><trkpt lat="41.830168770" lon="9.274381802" /><trkpt lat="41.830154116" lon="9.274377946" /><trkpt lat="41.830139750" lon="9.274374024" /><trkpt lat="41.830125636" lon="9.274369994" /><trkpt lat="41.830111733" lon="9.274365812" /><trkpt lat="41.830098003" lon="9.274361436" /><trkpt lat="41.830084409" lon="9.274356824" /><trkpt lat="41.830070910" lon="9.274351932" /><trkpt lat="41.830057470" lon="9.274346718" /><trkpt lat="41.830044049" lon="9.274341140" /><trkpt lat="41.830030608" lon="9.274335154" /><trkpt lat="41.830017110" lon="9.274328718" /><trkpt lat="41.830003516" lon="9.274321790" /><trkpt lat="41.829989787" lon="9.274314327" /><trkpt lat="41.829975884" lon="9.274306286" /><trkpt lat="41.829961770" lon="9.274297624" /><trkpt lat="41.829947405" lon="9.274288299" /><trkpt lat="41.829932751" lon="9.274278268" /><trkpt lat="41.829917771" lon="9.274267489" /><trkpt lat="41.829902424" lon="9.274255919" /><trkpt lat="41.829886672" lon="9.274243515" /><trkpt lat="41.829870478" lon="9.274230234" /><trkpt lat="41.829853803" lon="9.274216035" /><trkpt lat="41.829837204" lon="9.274201581" /><trkpt lat="41.829821237" lon="9.274187549" /><trkpt lat="41.829805860" lon="9.274173917" /><trkpt lat="41.829791031" lon="9.274160661" /><trkpt lat="41.829776708" lon="9.274147760" /><trkpt lat="41.829762848" lon="9.274135189" /><trkpt lat="41.829749411" lon="9.274122926" /><trkpt lat="41.829736353" lon="9.274110948" /><trkpt lat="41.829723632" lon="9.274099232" /><trkpt lat="41.829711206" lon="9.274087755" /><trkpt lat="41.829699034" lon="9.274076495" /><trkpt lat="41.829687073" lon="9.274065427" /><trkpt lat="41.829675281" lon="9.274054530" /><trkpt lat="41.829663616" lon="9.274043781" /><trkpt lat="41.829652036" lon="9.274033156" /><trkpt lat="41.829640498" lon="9.274022632" /><trkpt lat="41.829628961" lon="9.274012187" /><trkpt lat="41.829617382" lon="9.274001798" /><trkpt lat="41.829605720" lon="9.273991441" /><trkpt lat="41.829593933" lon="9.273981095" /><trkpt lat="41.829581977" lon="9.273970735" /><trkpt lat="41.829569811" lon="9.273960339" /><trkpt lat="41.829557394" lon="9.273949884" /><trkpt lat="41.829544682" lon="9.273939348" /><trkpt lat="41.829531634" lon="9.273928706" /><trkpt lat="41.829518208" lon="9.273917937" /><trkpt lat="41.829504361" lon="9.273907017" /><trkpt lat="41.829490052" lon="9.273895923" /><trkpt lat="41.829475239" lon="9.273884633" /><trkpt lat="41.829459878" lon="9.273873124" /><trkpt lat="41.829443929" lon="9.273861372" /><trkpt lat="41.829427348" lon="9.273849355" /><trkpt lat="41.829410095" lon="9.273837049" /><trkpt lat="41.829392127" lon="9.273824432" /><trkpt lat="41.829372107" lon="9.273810690" /><trkpt lat="41.829353558" lon="9.273798379" /><trkpt lat="41.829336391" lon="9.273787427" /><trkpt lat="41.829320516" lon="9.273777760" /><trkpt lat="41.829305845" lon="9.273769302" /><trkpt lat="41.829292287" lon="9.273761980" /><trkpt lat="41.829279753" lon="9.273755719" /><trkpt lat="41.829268155" lon="9.273750445" /><trkpt lat="41.829257402" lon="9.273746085" /><trkpt lat="41.829247405" lon="9.273742563" /><trkpt lat="41.829238074" lon="9.273739806" /><trkpt lat="41.829229322" lon="9.273737739" /><trkpt lat="41.829221057" lon="9.273736288" /><trkpt lat="41.829213191" lon="9.273735379" /><trkpt lat="41.829205634" lon="9.273734938" /><trkpt lat="41.829198296" lon="9.273734890" /><trkpt lat="41.829191090" lon="9.273735161" /><trkpt lat="41.829183924" lon="9.273735677" /><trkpt lat="41.829176710" lon="9.273736364" /><trkpt lat="41.829169359" lon="9.273737147" /><trkpt lat="41.829161780" lon="9.273737953" /><trkpt lat="41.829153885" lon="9.273738706" /><trkpt lat="41.829145584" lon="9.273739334" /><trkpt lat="41.829136788" lon="9.273739761" /><trkpt lat="41.829127407" lon="9.273739913" /><trkpt lat="41.829117352" lon="9.273739716" /><trkpt lat="41.829106534" lon="9.273739096" /><trkpt lat="41.829094863" lon="9.273737979" /><trkpt lat="41.829082250" lon="9.273736291" /><trkpt lat="41.829068605" lon="9.273733956" /><trkpt lat="41.829054999" lon="9.273730814" /><trkpt lat="41.829041650" lon="9.273726607" /><trkpt lat="41.829028566" lon="9.273721375" /><trkpt lat="41.829015754" lon="9.273715158" /><trkpt lat="41.829003222" lon="9.273707995" /><trkpt lat="41.828990978" lon="9.273699926" /><trkpt lat="41.828979030" lon="9.273690993" /><trkpt lat="41.828967385" lon="9.273681233" /><trkpt lat="41.828956050" lon="9.273670689" /><trkpt lat="41.828945034" lon="9.273659399" /><trkpt lat="41.828934344" lon="9.273647403" /><trkpt lat="41.828923988" lon="9.273634742" /><trkpt lat="41.828913973" lon="9.273621455" /><trkpt lat="41.828904307" lon="9.273607583" /><trkpt lat="41.828894997" lon="9.273593165" /><trkpt lat="41.828886052" lon="9.273578241" /><trkpt lat="41.828877479" lon="9.273562852" /><trkpt lat="41.828869285" lon="9.273547037" /><trkpt lat="41.828861479" lon="9.273530837" /><trkpt lat="41.828854067" lon="9.273514291" /><trkpt lat="41.828847058" lon="9.273497439" /><trkpt lat="41.828840459" lon="9.273480321" /><trkpt lat="41.828834279" lon="9.273462977" /><trkpt lat="41.828828523" lon="9.273445448" /><trkpt lat="41.828823201" lon="9.273427772" /><trkpt lat="41.828818319" lon="9.273409991" /><trkpt lat="41.828813886" lon="9.273392144" /><trkpt lat="41.828809909" lon="9.273374271" /><trkpt lat="41.828806395" lon="9.273356412" /><trkpt lat="41.828803353" lon="9.273338607" /><trkpt lat="41.828800790" lon="9.273320896" /><trkpt lat="41.828798262" lon="9.273302938" /><trkpt lat="41.828795470" lon="9.273285532" /><trkpt lat="41.828792412" lon="9.273268660" /><trkpt lat="41.828789086" lon="9.273252303" /><trkpt lat="41.828785487" lon="9.273236445" /><trkpt lat="41.828781613" lon="9.273221068" /><trkpt lat="41.828777460" lon="9.273206153" /><trkpt lat="41.828773026" lon="9.273191684" /><trkpt lat="41.828768308" lon="9.273177642" /><trkpt lat="41.828763301" lon="9.273164011" /><trkpt lat="41.828758004" lon="9.273150772" /><trkpt lat="41.828752412" lon="9.273137907" /><trkpt lat="41.828746524" lon="9.273125400" /><trkpt lat="41.828740335" lon="9.273113231" /><trkpt lat="41.828733843" lon="9.273101385" /><trkpt lat="41.828727045" lon="9.273089842" /><trkpt lat="41.828719937" lon="9.273078586" /><trkpt lat="41.828712516" lon="9.273067598" /><trkpt lat="41.828704779" lon="9.273056862" /><trkpt lat="41.828696724" lon="9.273046358" /><trkpt lat="41.828688346" lon="9.273036071" /><trkpt lat="41.828679644" lon="9.273025981" /><trkpt lat="41.828670613" lon="9.273016071" /><trkpt lat="41.828661250" lon="9.273006325" /><trkpt lat="41.828651554" lon="9.272996723" /><trkpt lat="41.828641519" lon="9.272987248" /><trkpt lat="41.828631144" lon="9.272977883" /><trkpt lat="41.828620425" lon="9.272968611" /><trkpt lat="41.828609359" lon="9.272959412" /><trkpt lat="41.828597943" lon="9.272950270" /><trkpt lat="41.828586786" lon="9.272941418" /><trkpt lat="41.828575071" lon="9.272932000" /><trkpt lat="41.828562832" lon="9.272922078" /><trkpt lat="41.828550105" lon="9.272911711" /><trkpt lat="41.828536922" lon="9.272900959" /><trkpt lat="41.828523318" lon="9.272889883" /><trkpt lat="41.828509326" lon="9.272878542" /><trkpt lat="41.828494982" lon="9.272866998" /><trkpt lat="41.828480318" lon="9.272855310" /><trkpt lat="41.828465370" lon="9.272843539" /><trkpt lat="41.828450170" lon="9.272831744" /><trkpt lat="41.828434753" lon="9.272819986" /><trkpt lat="41.828419153" lon="9.272808325" /><trkpt lat="41.828403405" lon="9.272796821" /><trkpt lat="41.828387541" lon="9.272785535" /><trkpt lat="41.828371596" lon="9.272774526" /><trkpt lat="41.828355605" lon="9.272763856" /><trkpt lat="41.828339601" lon="9.272753583" /><trkpt lat="41.828323618" lon="9.272743769" /><trkpt lat="41.828307690" lon="9.272734473" /><trkpt lat="41.828291852" lon="9.272725756" /><trkpt lat="41.828276137" lon="9.272717678" /><trkpt lat="41.828260579" lon="9.272710300" /><trkpt lat="41.828245213" lon="9.272703680" /><trkpt lat="41.828230072" lon="9.272697880" /><trkpt lat="41.828215191" lon="9.272692960" /><trkpt lat="41.828200603" lon="9.272688979" /><trkpt lat="41.828186343" lon="9.272685999" /><trkpt lat="41.828172444" lon="9.272684079" /><trkpt lat="41.828158941" lon="9.272683280" /><trkpt lat="41.828145867" lon="9.272683662" /><trkpt lat="41.828133257" lon="9.272685284" /><trkpt lat="41.828120920" lon="9.272688368" /><trkpt lat="41.828109403" lon="9.272692893" /><trkpt lat="41.828098653" lon="9.272698773" /><trkpt lat="41.828088617" lon="9.272705927" /><trkpt lat="41.828079242" lon="9.272714269" /><trkpt lat="41.828070475" lon="9.272723717" /><trkpt lat="41.828062262" lon="9.272734186" /><trkpt lat="41.828054551" lon="9.272745593" /><trkpt lat="41.828047289" lon="9.272757855" /><trkpt lat="41.828040421" lon="9.272770886" /><trkpt lat="41.828033896" lon="9.272784604" /><trkpt lat="41.828027660" lon="9.272798925" /><trkpt lat="41.828021660" lon="9.272813765" /><trkpt lat="41.828015843" lon="9.272829041" /><trkpt lat="41.828010155" lon="9.272844668" /><trkpt lat="41.828004543" lon="9.272860563" /><trkpt lat="41.827998955" lon="9.272876642" /><trkpt lat="41.827993338" lon="9.272892822" /><trkpt lat="41.827987637" lon="9.272909018" /><trkpt lat="41.827981800" lon="9.272925148" /><trkpt lat="41.827975774" lon="9.272941127" /><trkpt lat="41.827969506" lon="9.272956871" /><trkpt lat="41.827962942" lon="9.272972297" /><trkpt lat="41.827956030" lon="9.272987322" /><trkpt lat="41.827948716" lon="9.273001860" /><trkpt lat="41.827940947" lon="9.273015830" /><trkpt lat="41.827932670" lon="9.273029146" /><trkpt lat="41.827923832" lon="9.273041725" /><trkpt lat="41.827914380" lon="9.273053484" /><trkpt lat="41.827904260" lon="9.273064338" /><trkpt lat="41.827893420" lon="9.273074205" /><trkpt lat="41.827881812" lon="9.273083699" /><trkpt lat="41.827870165" lon="9.273092861" /><trkpt lat="41.827858468" lon="9.273101679" /><trkpt lat="41.827846708" lon="9.273110140" /><trkpt lat="41.827834876" lon="9.273118231" /><trkpt lat="41.827822958" lon="9.273125939" /><trkpt lat="41.827810944" lon="9.273133252" /><trkpt lat="41.827798821" lon="9.273140157" /><trkpt lat="41.827786580" lon="9.273146641" /><trkpt lat="41.827774207" lon="9.273152692" /><trkpt lat="41.827761692" lon="9.273158296" /><trkpt lat="41.827749023" lon="9.273163442" /><trkpt lat="41.827736189" lon="9.273168116" /><trkpt lat="41.827723178" lon="9.273172306" /><trkpt lat="41.827709978" lon="9.273175999" /><trkpt lat="41.827696579" lon="9.273179183" /><trkpt lat="41.827682968" lon="9.273181844" /><trkpt lat="41.827669134" lon="9.273183970" /><trkpt lat="41.827655066" lon="9.273185549" /><trkpt lat="41.827640752" lon="9.273186567" /><trkpt lat="41.827626181" lon="9.273187012" /><trkpt lat="41.827611341" lon="9.273186871" /><trkpt lat="41.827596221" lon="9.273186131" /><trkpt lat="41.827580809" lon="9.273184781" /><trkpt lat="41.827565094" lon="9.273182806" /><trkpt lat="41.827549063" lon="9.273180195" /><trkpt lat="41.827532707" lon="9.273176934" /><trkpt lat="41.827516013" lon="9.273173012" /><trkpt lat="41.827498970" lon="9.273168414" /><trkpt lat="41.827481566" lon="9.273163130" /><trkpt lat="41.827465493" lon="9.273158528" /><trkpt lat="41.827449268" lon="9.273154936" /><trkpt lat="41.827432908" lon="9.273152310" /><trkpt lat="41.827416431" lon="9.273150609" /><trkpt lat="41.827399857" lon="9.273149788" /><trkpt lat="41.827383202" lon="9.273149807" /><trkpt lat="41.827366487" lon="9.273150621" /><trkpt lat="41.827349729" lon="9.273152188" /><trkpt lat="41.827332946" lon="9.273154466" /><trkpt lat="41.827316157" lon="9.273157411" /><trkpt lat="41.827299381" lon="9.273160981" /><trkpt lat="41.827282636" lon="9.273165134" /><trkpt lat="41.827265940" lon="9.273169826" /><trkpt lat="41.827249312" lon="9.273175015" /><trkpt lat="41.827232770" lon="9.273180658" /><trkpt lat="41.827216332" lon="9.273186712" /><trkpt lat="41.827200018" lon="9.273193135" /><trkpt lat="41.827183844" lon="9.273199883" /><trkpt lat="41.827167831" lon="9.273206916" /><trkpt lat="41.827151995" lon="9.273214188" /><trkpt lat="41.827136356" lon="9.273221658" /><trkpt lat="41.827120933" lon="9.273229284" /><trkpt lat="41.827105742" lon="9.273237021" /><trkpt lat="41.827090804" lon="9.273244829" /><trkpt lat="41.827076135" lon="9.273252663" /><trkpt lat="41.827061756" lon="9.273260481" /><trkpt lat="41.827047683" lon="9.273268241" /><trkpt lat="41.827033936" lon="9.273275899" /><trkpt lat="41.827020533" lon="9.273283414" /><trkpt lat="41.827007492" lon="9.273290742" /><trkpt lat="41.826994832" lon="9.273297840" /><trkpt lat="41.826982570" lon="9.273304666" /><trkpt lat="41.826970727" lon="9.273311178" /><trkpt lat="41.826958996" lon="9.273317604" /><trkpt lat="41.826947058" lon="9.273324181" /><trkpt lat="41.826934908" lon="9.273330877" /><trkpt lat="41.826922542" lon="9.273337658" /><trkpt lat="41.826909953" lon="9.273344493" /><trkpt lat="41.826897139" lon="9.273351348" /><trkpt lat="41.826884093" lon="9.273358191" /><trkpt lat="41.826870812" lon="9.273364990" /><trkpt lat="41.826857291" lon="9.273371711" /><trkpt lat="41.826843524" lon="9.273378322" /><trkpt lat="41.826829507" lon="9.273384791" /><trkpt lat="41.826815235" lon="9.273391084" /><trkpt lat="41.826800704" lon="9.273397169" /><trkpt lat="41.826785909" lon="9.273403014" /><trkpt lat="41.826770845" lon="9.273408586" /><trkpt lat="41.826755507" lon="9.273413853" /><trkpt lat="41.826739891" lon="9.273418780" /><trkpt lat="41.826723991" lon="9.273423337" /><trkpt lat="41.826707804" lon="9.273427491" /><trkpt lat="41.826691324" lon="9.273431208" /><trkpt lat="41.826674546" lon="9.273434456" /><trkpt lat="41.826657466" lon="9.273437202" /><trkpt lat="41.826640080" lon="9.273439415" /><trkpt lat="41.826622382" lon="9.273441061" /><trkpt lat="41.826604367" lon="9.273442107" /><trkpt lat="41.826586031" lon="9.273442521" /><trkpt lat="41.826567369" lon="9.273442271" /><trkpt lat="41.826548377" lon="9.273441323" /><trkpt lat="41.826529049" lon="9.273439646" /><trkpt lat="41.826509382" lon="9.273437206" /><trkpt lat="41.826489369" lon="9.273433971" /><trkpt lat="41.826469007" lon="9.273429908" /><trkpt lat="41.826448290" lon="9.273424984" /><trkpt lat="41.826427635" lon="9.273419588" /><trkpt lat="41.826407453" lon="9.273414121" /><trkpt lat="41.826387734" lon="9.273408571" /><trkpt lat="41.826368467" lon="9.273402925" /><trkpt lat="41.826349640" lon="9.273397171" /><trkpt lat="41.826331242" lon="9.273391298" /><trkpt lat="41.826313263" lon="9.273385294" /><trkpt lat="41.826295691" lon="9.273379145" /><trkpt lat="41.826278516" lon="9.273372841" /><trkpt lat="41.826261726" lon="9.273366369" /><trkpt lat="41.826245311" lon="9.273359717" /><trkpt lat="41.826229259" lon="9.273352873" /><trkpt lat="41.826213559" lon="9.273345824" /><trkpt lat="41.826198201" lon="9.273338560" /><trkpt lat="41.826183173" lon="9.273331067" /><trkpt lat="41.826168465" lon="9.273323333" /><trkpt lat="41.826154064" lon="9.273315347" /><trkpt lat="41.826139961" lon="9.273307096" /><trkpt lat="41.826126145" lon="9.273298569" /><trkpt lat="41.826112603" lon="9.273289752" /><trkpt lat="41.826099326" lon="9.273280635" /><trkpt lat="41.826086303" lon="9.273271204" /><trkpt lat="41.826073521" lon="9.273261449" /><trkpt lat="41.826060971" lon="9.273251356" /><trkpt lat="41.826048641" lon="9.273240914" /><trkpt lat="41.826036520" lon="9.273230111" /><trkpt lat="41.826024598" lon="9.273218934" /><trkpt lat="41.826012862" lon="9.273207371" /><trkpt lat="41.826001303" lon="9.273195411" /><trkpt lat="41.825989909" lon="9.273183041" /><trkpt lat="41.825978670" lon="9.273170250" /><trkpt lat="41.825967573" lon="9.273157024" /><trkpt lat="41.825956609" lon="9.273143352" /><trkpt lat="41.825946168" lon="9.273129606" /><trkpt lat="41.825935998" lon="9.273115379" /><trkpt lat="41.825926076" lon="9.273100720" /><trkpt lat="41.825916385" lon="9.273085677" /><trkpt lat="41.825906904" lon="9.273070298" /><trkpt lat="41.825897613" lon="9.273054632" /><trkpt lat="41.825888493" lon="9.273038727" /><trkpt lat="41.825879523" lon="9.273022632" /><trkpt lat="41.825870685" lon="9.273006394" /><trkpt lat="41.825861958" lon="9.272990062" /><trkpt lat="41.825853323" lon="9.272973684" /><trkpt lat="41.825844759" lon="9.272957308" /><trkpt lat="41.825836248" lon="9.272940984" /><trkpt lat="41.825827768" lon="9.272924758" /><trkpt lat="41.825819302" lon="9.272908680" /><trkpt lat="41.825810828" lon="9.272892798" /><trkpt lat="41.825802327" lon="9.272877160" /><trkpt lat="41.825793780" lon="9.272861814" /><trkpt lat="41.825785166" lon="9.272846808" /><trkpt lat="41.825776466" lon="9.272832192" /><trkpt lat="41.825767660" lon="9.272818013" /><trkpt lat="41.825758729" lon="9.272804320" /><trkpt lat="41.825749651" lon="9.272791160" /><trkpt lat="41.825740409" lon="9.272778583" /><trkpt lat="41.825730982" lon="9.272766636" /><trkpt lat="41.825721350" lon="9.272755368" /><trkpt lat="41.825711493" lon="9.272744827" /><trkpt lat="41.825701393" lon="9.272735061" /><trkpt lat="41.825691028" lon="9.272726120" /><trkpt lat="41.825680380" lon="9.272718050" /><trkpt lat="41.825669428" lon="9.272710900" /><trkpt lat="41.825658153" lon="9.272704719" /><trkpt lat="41.825646535" lon="9.272699555" /><trkpt lat="41.825634554" lon="9.272695457" /><trkpt lat="41.825623800" lon="9.272692812" /><trkpt lat="41.825612762" lon="9.272691026" /><trkpt lat="41.825601451" lon="9.272690036" /><trkpt lat="41.825589878" lon="9.272689782" /><trkpt lat="41.825578054" lon="9.272690200" /><trkpt lat="41.825565989" lon="9.272691230" /><trkpt lat="41.825553695" lon="9.272692809" /><trkpt lat="41.825541182" lon="9.272694876" /><trkpt lat="41.825528461" lon="9.272697369" /><trkpt lat="41.825515544" lon="9.272700225" /><trkpt lat="41.825502440" lon="9.272703383" /><trkpt lat="41.825489161" lon="9.272706781" /><trkpt lat="41.825475718" lon="9.272710358" /><trkpt lat="41.825462122" lon="9.272714051" /><trkpt lat="41.825448383" lon="9.272717798" /><trkpt lat="41.825434512" lon="9.272721538" /><trkpt lat="41.825420520" lon="9.272725209" /><trkpt lat="41.825406419" lon="9.272728749" /><trkpt lat="41.825392218" lon="9.272732096" /><trkpt lat="41.825377929" lon="9.272735189" /><trkpt lat="41.825363563" lon="9.272737964" /><trkpt lat="41.825349131" lon="9.272740361" /><trkpt lat="41.825334642" lon="9.272742318" /><trkpt lat="41.825320109" lon="9.272743773" /><trkpt lat="41.825305542" lon="9.272744664" /><trkpt lat="41.825290952" lon="9.272744929" /><trkpt lat="41.825276350" lon="9.272744506" /><trkpt lat="41.825261747" lon="9.272743333" /><trkpt lat="41.825247153" lon="9.272741349" /><trkpt lat="41.825232580" lon="9.272738492" /><trkpt lat="41.825218038" lon="9.272734699" /><trkpt lat="41.825203538" lon="9.272729910" /><trkpt lat="41.825189091" lon="9.272724061" /><trkpt lat="41.825174708" lon="9.272717092" /><trkpt lat="41.825160400" lon="9.272708940" /><trkpt lat="41.825146178" lon="9.272699544" /><trkpt lat="41.825132052" lon="9.272688842" /><trkpt lat="41.825118033" lon="9.272676771" /><trkpt lat="41.825104133" lon="9.272663270" /><trkpt lat="41.825088192" lon="9.272646526" /><trkpt lat="41.825073071" lon="9.272629942" /><trkpt lat="41.825058766" lon="9.272613513" /><trkpt lat="41.825045270" lon="9.272597238" /><trkpt lat="41.825032579" lon="9.272581113" /><trkpt lat="41.825020688" lon="9.272565135" /><trkpt lat="41.825009590" lon="9.272549300" /><trkpt lat="41.824999281" lon="9.272533606" /><trkpt lat="41.824989755" lon="9.272518050" /><trkpt lat="41.824981006" lon="9.272502628" /><trkpt lat="41.824973031" lon="9.272487337" /><trkpt lat="41.824965822" lon="9.272472174" /><trkpt lat="41.824959376" lon="9.272457137" /><trkpt lat="41.824953686" lon="9.272442221" /><trkpt lat="41.824948747" lon="9.272427423" /><trkpt lat="41.824944554" lon="9.272412741" /><trkpt lat="41.824941101" lon="9.272398172" /><trkpt lat="41.824938384" lon="9.272383712" /><trkpt lat="41.824936396" lon="9.272369358" /><trkpt lat="41.824935133" lon="9.272355107" /><trkpt lat="41.824934589" lon="9.272340956" /><trkpt lat="41.824934759" lon="9.272326901" /><trkpt lat="41.824935637" lon="9.272312940" /><trkpt lat="41.824937218" lon="9.272299070" /><trkpt lat="41.824939497" lon="9.272285287" /><trkpt lat="41.824942469" lon="9.272271588" /><trkpt lat="41.824946128" lon="9.272257970" /><trkpt lat="41.824950468" lon="9.272244431" /><trkpt lat="41.824955485" lon="9.272230965" /><trkpt lat="41.824961173" lon="9.272217572" /><trkpt lat="41.824967527" lon="9.272204247" /><trkpt lat="41.824974541" lon="9.272190988" /><trkpt lat="41.824982210" lon="9.272177790" /><trkpt lat="41.824991065" lon="9.272164023" /><trkpt lat="41.825000042" lon="9.272151660" /><trkpt lat="41.825009145" lon="9.272140658" /><trkpt lat="41.825018376" lon="9.272130971" /><trkpt lat="41.825027737" lon="9.272122557" /><trkpt lat="41.825037231" lon="9.272115370" /><trkpt lat="41.825046862" lon="9.272109367" /><trkpt lat="41.825056631" lon="9.272104504" /><trkpt lat="41.825066541" lon="9.272100736" /><trkpt lat="41.825076595" lon="9.272098019" /><trkpt lat="41.825086796" lon="9.272096310" /><trkpt lat="41.825097146" lon="9.272095565" /><trkpt lat="41.825107647" lon="9.272095738" /><trkpt lat="41.825118304" lon="9.272096786" /><trkpt lat="41.825129117" lon="9.272098665" /><trkpt lat="41.825140091" lon="9.272101331" /><trkpt lat="41.825151227" lon="9.272104740" /><trkpt lat="41.825162528" lon="9.272108847" /><trkpt lat="41.825173998" lon="9.272113608" /><trkpt lat="41.825185637" lon="9.272118980" /><trkpt lat="41.825197450" lon="9.272124919" /><trkpt lat="41.825209439" lon="9.272131379" /><trkpt lat="41.825221607" lon="9.272138317" /><trkpt lat="41.825233955" lon="9.272145690" /><trkpt lat="41.825246488" lon="9.272153452" /><trkpt lat="41.825259207" lon="9.272161560" /><trkpt lat="41.825272115" lon="9.272169969" /><trkpt lat="41.825285215" lon="9.272178636" /><trkpt lat="41.825298510" lon="9.272187516" /><trkpt lat="41.825312002" lon="9.272196566" /><trkpt lat="41.825322119" lon="9.272203191" /><trkpt lat="41.825333026" lon="9.272210032" /><trkpt lat="41.825344682" lon="9.272217080" /><trkpt lat="41.825357047" lon="9.272224328" /><trkpt lat="41.825370079" lon="9.272231766" /><trkpt lat="41.825383738" lon="9.272239386" /><trkpt lat="41.825397983" lon="9.272247179" /><trkpt lat="41.825412773" lon="9.272255138" /><trkpt lat="41.825428067" lon="9.272263253" /><trkpt lat="41.825443825" lon="9.272271516" /><trkpt lat="41.825460004" lon="9.272279918" /><trkpt lat="41.825476565" lon="9.272288451" /><trkpt lat="41.825493467" lon="9.272297107" /><trkpt lat="41.825510669" lon="9.272305876" /><trkpt lat="41.825528129" lon="9.272314750" /><trkpt lat="41.825545808" lon="9.272323722" /><trkpt lat="41.825563663" lon="9.272332781" /><trkpt lat="41.825581655" lon="9.272341920" /><trkpt lat="41.825599742" lon="9.272351131" /><trkpt lat="41.825617884" lon="9.272360404" /><trkpt lat="41.825636040" lon="9.272369731" /><trkpt lat="41.825654168" lon="9.272379104" /><trkpt lat="41.825672228" lon="9.272388514" /><trkpt lat="41.825690180" lon="9.272397953" /><trkpt lat="41.825707981" lon="9.272407411" /><trkpt lat="41.825725592" lon="9.272416881" /><trkpt lat="41.825742971" lon="9.272426354" /><trkpt lat="41.825760078" lon="9.272435822" /><trkpt lat="41.825776872" lon="9.272445275" /><trkpt lat="41.825793311" lon="9.272454706" /><trkpt lat="41.825809356" lon="9.272464106" /><trkpt lat="41.825824964" lon="9.272473466" /><trkpt lat="41.825840096" lon="9.272482778" /><trkpt lat="41.825854710" lon="9.272492034" /><trkpt lat="41.825868766" lon="9.272501224" /><trkpt lat="41.825882222" lon="9.272510340" /><trkpt lat="41.825895039" lon="9.272519374" /><trkpt lat="41.825907173" lon="9.272528318" /><trkpt lat="41.825918586" lon="9.272537162" /><trkpt lat="41.825929237" lon="9.272545898" /><trkpt lat="41.825939083" lon="9.272554518" /><trkpt lat="41.825948085" lon="9.272563013" /><trkpt lat="41.825958132" lon="9.272572832" /><trkpt lat="41.825968289" lon="9.272582591" /><trkpt lat="41.825978558" lon="9.272592250" /><trkpt lat="41.825988942" lon="9.272601769" /><trkpt lat="41.825999446" lon="9.272611106" /><trkpt lat="41.826010071" lon="9.272620221" /><trkpt lat="41.826020820" lon="9.272629073" /><trkpt lat="41.826031698" lon="9.272637622" /><trkpt lat="41.826042707" lon="9.272645827" /><trkpt lat="41.826053850" lon="9.272653646" /><trkpt lat="41.826065130" lon="9.272661040" /><trkpt lat="41.826076550" lon="9.272667968" /><trkpt lat="41.826088114" lon="9.272674388" /><trkpt lat="41.826099824" lon="9.272680261" /><trkpt lat="41.826111684" lon="9.272685545" /><trkpt lat="41.826123696" lon="9.272690201" /><trkpt lat="41.826135864" lon="9.272694186" /><trkpt lat="41.826148191" lon="9.272697461" /><trkpt lat="41.826160680" lon="9.272699984" /><trkpt lat="41.826173334" lon="9.272701716" /><trkpt lat="41.826186156" lon="9.272702615" /><trkpt lat="41.826199150" lon="9.272702640" /><trkpt lat="41.826212317" lon="9.272701751" /><trkpt lat="41.826225662" lon="9.272699908" /><trkpt lat="41.826239187" lon="9.272697069" /><trkpt lat="41.826252896" lon="9.272693194" /><trkpt lat="41.826266792" lon="9.272688242" /><trkpt lat="41.826280877" lon="9.272682173" /><trkpt lat="41.826295156" lon="9.272674945" /><trkpt lat="41.826309630" lon="9.272666518" /><trkpt lat="41.826324303" lon="9.272656851" /><trkpt lat="41.826339178" lon="9.272645904" /><trkpt lat="41.826354259" lon="9.272633636" /><trkpt lat="41.826369548" lon="9.272620006" /><trkpt lat="41.826385048" lon="9.272604974" /><trkpt lat="41.826400763" lon="9.272588498" /><trkpt lat="41.826411573" lon="9.272576329" /><trkpt lat="41.826422104" lon="9.272563670" /><trkpt lat="41.826432367" lon="9.272550548" /><trkpt lat="41.826442375" lon="9.272536990" /><trkpt lat="41.826452139" lon="9.272523023" /><trkpt lat="41.826461670" lon="9.272508675" /><trkpt lat="41.826470983" lon="9.272493973" /><trkpt lat="41.826480087" lon="9.272478943" /><trkpt lat="41.826488996" lon="9.272463612" /><trkpt lat="41.826497720" lon="9.272448009" /><trkpt lat="41.826506273" lon="9.272432159" /><trkpt lat="41.826514667" lon="9.272416091" /><trkpt lat="41.826522912" lon="9.272399830" /><trkpt lat="41.826531021" lon="9.272383405" /><trkpt lat="41.826539007" lon="9.272366842" /><trkpt lat="41.826546880" lon="9.272350169" /><trkpt lat="41.826554654" lon="9.272333412" /><trkpt lat="41.826562340" lon="9.272316598" /><trkpt lat="41.826569950" lon="9.272299755" /><trkpt lat="41.826577496" lon="9.272282910" /><trkpt lat="41.826584990" lon="9.272266090" /><trkpt lat="41.826592444" lon="9.272249322" /><trkpt lat="41.826599870" lon="9.272232633" /><trkpt lat="41.826607280" lon="9.272216051" /><trkpt lat="41.826614686" lon="9.272199601" /><trkpt lat="41.826622100" lon="9.272183312" /><trkpt lat="41.826629534" lon="9.272167210" /><trkpt lat="41.826637000" lon="9.272151323" /><trkpt lat="41.826644510" lon="9.272135678" /><trkpt lat="41.826652075" lon="9.272120301" /><trkpt lat="41.826659709" lon="9.272105220" /><trkpt lat="41.826667423" lon="9.272090462" /><trkpt lat="41.826675228" lon="9.272076055" /><trkpt lat="41.826683137" lon="9.272062024" /><trkpt lat="41.826691162" lon="9.272048398" /><trkpt lat="41.826699315" lon="9.272035203" /><trkpt lat="41.826707608" lon="9.272022466" /><trkpt lat="41.826716052" lon="9.272010215" /><trkpt lat="41.826724661" lon="9.271998477" /><trkpt lat="41.826733445" lon="9.271987278" /><trkpt lat="41.826742417" lon="9.271976647" /><trkpt lat="41.826751588" lon="9.271966609" /><trkpt lat="41.826760972" lon="9.271957192" /><trkpt lat="41.826770579" lon="9.271948424" /><trkpt lat="41.826780422" lon="9.271940330" /><trkpt lat="41.826790512" lon="9.271932939" /><trkpt lat="41.826800862" lon="9.271926278" /><trkpt lat="41.826811484" lon="9.271920373" /><trkpt lat="41.826822390" lon="9.271915252" /><trkpt lat="41.826833591" lon="9.271910941" /><trkpt lat="41.826845099" lon="9.271907468" /><trkpt lat="41.826856928" lon="9.271904860" /><trkpt lat="41.826877082" lon="9.271901313" /><trkpt lat="41.826896013" lon="9.271898149" /><trkpt lat="41.826913784" lon="9.271895317" /><trkpt lat="41.826930460" lon="9.271892767" /><trkpt lat="41.826946104" lon="9.271890449" /><trkpt lat="41.826960780" lon="9.271888312" /><trkpt lat="41.826974550" lon="9.271886306" /><trkpt lat="41.826987479" lon="9.271884380" /><trkpt lat="41.826999630" lon="9.271882485" /><trkpt lat="41.827011066" lon="9.271880570" /><trkpt lat="41.827021852" lon="9.271878585" /><trkpt lat="41.827032050" lon="9.271876480" /><trkpt lat="41.827041725" lon="9.271874203" /><trkpt lat="41.827050939" lon="9.271871705" /><trkpt lat="41.827059757" lon="9.271868936" /><trkpt lat="41.827068241" lon="9.271865845" /><trkpt lat="41.827076456" lon="9.271862381" /><trkpt lat="41.827084465" lon="9.271858495" /><trkpt lat="41.827092332" lon="9.271854136" /><trkpt lat="41.827100119" lon="9.271849254" /><trkpt lat="41.827107892" lon="9.271843799" /><trkpt lat="41.827115712" lon="9.271837720" /><trkpt lat="41.827123644" lon="9.271830966" /><trkpt lat="41.827131751" lon="9.271823489" /><trkpt lat="41.827140097" lon="9.271815236" /><trkpt lat="41.827148746" lon="9.271806159" /><trkpt lat="41.827157760" lon="9.271796206" /><trkpt lat="41.827167204" lon="9.271785327" /><trkpt lat="41.827177141" lon="9.271773472" /><trkpt lat="41.827187634" lon="9.271760591" /><trkpt lat="41.827198298" lon="9.271747604" /><trkpt lat="41.827208719" lon="9.271735445" /><trkpt lat="41.827218921" lon="9.271724083" /><trkpt lat="41.827228929" lon="9.271713489" /><trkpt lat="41.827238767" lon="9.271703631" /><trkpt lat="41.827248458" lon="9.271694480" /><trkpt lat="41.827258026" lon="9.271686004" /><trkpt lat="41.827267496" lon="9.271678174" /><trkpt lat="41.827276891" lon="9.271670959" /><trkpt lat="41.827286235" lon="9.271664329" /><trkpt lat="41.827295553" lon="9.271658253" /><trkpt lat="41.827304868" lon="9.271652702" /><trkpt lat="41.827314205" lon="9.271647643" /><trkpt lat="41.827323587" lon="9.271643048" /><trkpt lat="41.827333038" lon="9.271638886" /><trkpt lat="41.827342582" lon="9.271635126" /><trkpt lat="41.827352244" lon="9.271631737" /><trkpt lat="41.827362046" lon="9.271628691" /><trkpt lat="41.827372014" lon="9.271625955" /><trkpt lat="41.827382172" lon="9.271623500" /><trkpt lat="41.827392542" lon="9.271621296" /><trkpt lat="41.827403150" lon="9.271619311" /><trkpt lat="41.827414018" lon="9.271617516" /><trkpt lat="41.827425172" lon="9.271615881" /><trkpt lat="41.827436635" lon="9.271614373" /><trkpt lat="41.827448431" lon="9.271612965" /><trkpt lat="41.827460585" lon="9.271611624" /><trkpt lat="41.827473119" lon="9.271610321" /><trkpt lat="41.827486058" lon="9.271609024" /><trkpt lat="41.827499427" lon="9.271607705" /><trkpt lat="41.827507670" lon="9.271606935" /><trkpt lat="41.827516986" lon="9.271606143" /><trkpt lat="41.827527334" lon="9.271605331" /><trkpt lat="41.827538672" lon="9.271604499" /><trkpt lat="41.827550959" lon="9.271603647" /><trkpt lat="41.827564154" lon="9.271602776" /><trkpt lat="41.827578214" lon="9.271601887" /><trkpt lat="41.827593099" lon="9.271600980" /><trkpt lat="41.827608767" lon="9.271600056" /><trkpt lat="41.827625177" lon="9.271599116" /><trkpt lat="41.827642287" lon="9.271598160" /><trkpt lat="41.827660056" lon="9.271597188" /><trkpt lat="41.827678443" lon="9.271596202" /><trkpt lat="41.827697406" lon="9.271595202" /><trkpt lat="41.827716903" lon="9.271594188" /><trkpt lat="41.827736894" lon="9.271593162" /><trkpt lat="41.827757336" lon="9.271592123" /><trkpt lat="41.827778190" lon="9.271591073" /><trkpt lat="41.827799412" lon="9.271590012" /><trkpt lat="41.827820961" lon="9.271588941" /><trkpt lat="41.827842798" lon="9.271587860" /><trkpt lat="41.827864878" lon="9.271586770" /><trkpt lat="41.827887163" lon="9.271585671" /><trkpt lat="41.827909609" lon="9.271584564" /><trkpt lat="41.827932176" lon="9.271583451" /><trkpt lat="41.827954822" lon="9.271582330" /><trkpt lat="41.827977506" lon="9.271581204" /><trkpt lat="41.828000186" lon="9.271580072" /><trkpt lat="41.828022821" lon="9.271578935" /><trkpt lat="41.828045370" lon="9.271577794" /><trkpt lat="41.828067791" lon="9.271576650" /><trkpt lat="41.828090043" lon="9.271575502" /><trkpt lat="41.828112084" lon="9.271574352" /><trkpt lat="41.828133873" lon="9.271573201" /><trkpt lat="41.828155368" lon="9.271572048" /><trkpt lat="41.828176528" lon="9.271570895" /><trkpt lat="41.828197312" lon="9.271569742" /><trkpt lat="41.828217679" lon="9.271568590" /><trkpt lat="41.828237586" lon="9.271567439" /><trkpt lat="41.828256993" lon="9.271566290" /><trkpt lat="41.828275858" lon="9.271565143" /><trkpt lat="41.828294139" lon="9.271564000" /><trkpt lat="41.828311795" lon="9.271562860" /><trkpt lat="41.828328786" lon="9.271561725" /><trkpt lat="41.828345069" lon="9.271560595" /><trkpt lat="41.828360602" lon="9.271559470" /><trkpt lat="41.828375346" lon="9.271558352" /><trkpt lat="41.828389257" lon="9.271557241" /><trkpt lat="41.828402295" lon="9.271556137" /><trkpt lat="41.828414419" lon="9.271555041" /><trkpt lat="41.828425586" lon="9.271553954" /><trkpt lat="41.828435756" lon="9.271552876" /><trkpt lat="41.828444888" lon="9.271551808" /><trkpt lat="41.828459835" lon="9.271549992" /><trkpt lat="41.828474292" lon="9.271548271" /><trkpt lat="41.828488254" lon="9.271546602" /><trkpt lat="41.828501713" lon="9.271544942" /><trkpt lat="41.828514664" lon="9.271543246" /><trkpt lat="41.828527099" lon="9.271541473" /><trkpt lat="41.828539013" lon="9.271539579" /><trkpt lat="41.828550399" lon="9.271537521" /><trkpt lat="41.828561250" lon="9.271535255" /><trkpt lat="41.828571560" lon="9.271532738" /><trkpt lat="41.828581323" lon="9.271529928" /><trkpt lat="41.828590531" lon="9.271526781" /><trkpt lat="41.828599180" lon="9.271523254" /><trkpt lat="41.828607262" lon="9.271519304" /><trkpt lat="41.828614770" lon="9.271514887" /><trkpt lat="41.828621700" lon="9.271509961" /><trkpt lat="41.828628043" lon="9.271504481" /><trkpt lat="41.828633793" lon="9.271498406" /><trkpt lat="41.828638945" lon="9.271491692" /><trkpt lat="41.828643491" lon="9.271484295" /><trkpt lat="41.828647426" lon="9.271476173" /><trkpt lat="41.828650742" lon="9.271467282" /><trkpt lat="41.828653433" lon="9.271457579" /><trkpt lat="41.828655494" lon="9.271447022" /><trkpt lat="41.828656917" lon="9.271435566" /><trkpt lat="41.828657696" lon="9.271423168" /><trkpt lat="41.828657824" lon="9.271409786" /><trkpt lat="41.828657296" lon="9.271395377" /><trkpt lat="41.828656104" lon="9.271379896" /><trkpt lat="41.828654242" lon="9.271363301" /><trkpt lat="41.828651795" lon="9.271346451" /><trkpt lat="41.828648865" lon="9.271330205" /><trkpt lat="41.828645476" lon="9.271314526" /><trkpt lat="41.828641654" lon="9.271299374" /><trkpt lat="41.828637420" lon="9.271284710" /><trkpt lat="41.828632801" lon="9.271270497" /><trkpt lat="41.828627819" lon="9.271256695" /><trkpt lat="41.828622499" lon="9.271243266" /><trkpt lat="41.828616864" lon="9.271230170" /><trkpt lat="41.828610939" lon="9.271217370" /><trkpt lat="41.828604747" lon="9.271204826" /><trkpt lat="41.828598313" lon="9.271192499" /><trkpt lat="41.828591660" lon="9.271180351" /><trkpt lat="41.828584813" lon="9.271168343" /><trkpt lat="41.828577795" lon="9.271156437" /><trkpt lat="41.828570630" lon="9.271144593" /><trkpt lat="41.828563343" lon="9.271132773" /><trkpt lat="41.828555958" lon="9.271120938" /><trkpt lat="41.828548497" lon="9.271109049" /><trkpt lat="41.828540987" lon="9.271097068" /><trkpt lat="41.828533449" lon="9.271084956" /><trkpt lat="41.828525909" lon="9.271072674" /><trkpt lat="41.828518390" lon="9.271060183" /><trkpt lat="41.828510916" lon="9.271047445" /><trkpt lat="41.828503512" lon="9.271034421" /><trkpt lat="41.828496201" lon="9.271021072" /><trkpt lat="41.828489007" lon="9.271007360" /><trkpt lat="41.828481955" lon="9.270993245" /><trkpt lat="41.828475067" lon="9.270978689" /><trkpt lat="41.828468369" lon="9.270963653" /><trkpt lat="41.828461962" lon="9.270948131" /><trkpt lat="41.828455912" lon="9.270932175" /><trkpt lat="41.828450190" lon="9.270915835" /><trkpt lat="41.828444766" lon="9.270899158" /><trkpt lat="41.828439611" lon="9.270882193" /><trkpt lat="41.828434696" lon="9.270864991" /><trkpt lat="41.828429992" lon="9.270847598" /><trkpt lat="41.828425469" lon="9.270830065" /><trkpt lat="41.828421098" lon="9.270812441" /><trkpt lat="41.828416849" lon="9.270794773" /><trkpt lat="41.828412693" lon="9.270777112" /><trkpt lat="41.828408602" lon="9.270759505" /><trkpt lat="41.828404545" lon="9.270742002" /><trkpt lat="41.828400494" lon="9.270724651" /><trkpt lat="41.828396418" lon="9.270707502" /><trkpt lat="41.828392290" lon="9.270690603" /><trkpt lat="41.828388078" lon="9.270674004" /><trkpt lat="41.828383755" lon="9.270657753" /><trkpt lat="41.828379291" lon="9.270641898" /><trkpt lat="41.828374656" lon="9.270626489" /><trkpt lat="41.828369821" lon="9.270611576" /><trkpt lat="41.828364757" lon="9.270597205" /><trkpt lat="41.828359434" lon="9.270583428" /><trkpt lat="41.828353824" lon="9.270570291" /><trkpt lat="41.828347896" lon="9.270557845" /><trkpt lat="41.828341622" lon="9.270546138" /><trkpt lat="41.828334972" lon="9.270535218" /><trkpt lat="41.828327918" lon="9.270525136" /><trkpt lat="41.828320429" lon="9.270515940" /><trkpt lat="41.828312476" lon="9.270507678" /><trkpt lat="41.828304448" lon="9.270500143" /><trkpt lat="41.828296739" lon="9.270493045" /><trkpt lat="41.828289329" lon="9.270486310" /><trkpt lat="41.828282198" lon="9.270479862" /><trkpt lat="41.828275325" lon="9.270473628" /><trkpt lat="41.828268689" lon="9.270467532" /><trkpt lat="41.828262271" lon="9.270461501" /><trkpt lat="41.828256049" lon="9.270455458" /><trkpt lat="41.828250004" lon="9.270449330" /><trkpt lat="41.828244114" lon="9.270443042" /><trkpt lat="41.828238360" lon="9.270436520" /><trkpt lat="41.828232721" lon="9.270429688" /><trkpt lat="41.828227177" lon="9.270422472" /><trkpt lat="41.828221707" lon="9.270414797" /><trkpt lat="41.828216290" lon="9.270406589" /><trkpt lat="41.828210907" lon="9.270397773" /><trkpt lat="41.828205537" lon="9.270388275" /><trkpt lat="41.828200159" lon="9.270378019" /><trkpt lat="41.828194753" lon="9.270366931" /><trkpt lat="41.828189299" lon="9.270354937" /><trkpt lat="41.828183776" lon="9.270341961" /><trkpt lat="41.828178164" lon="9.270327930" /><trkpt lat="41.828172442" lon="9.270312768" /><trkpt lat="41.828166590" lon="9.270296401" /><trkpt lat="41.828160587" lon="9.270278753" /><trkpt lat="41.828154413" lon="9.270259752" /><trkpt lat="41.828148048" lon="9.270239321" /><trkpt lat="41.828141471" lon="9.270217387" /><trkpt lat="41.828134662" lon="9.270193874" /><trkpt lat="41.828127600" lon="9.270168708" /><trkpt lat="41.828121089" lon="9.270145403" /><trkpt lat="41.828114625" lon="9.270122797" /><trkpt lat="41.828108189" lon="9.270100893" /><trkpt lat="41.828101762" lon="9.270079694" /><trkpt lat="41.828095325" lon="9.270059203" /><trkpt lat="41.828088859" lon="9.270039426" /><trkpt lat="41.828082345" lon="9.270020364" /><trkpt lat="41.828075763" lon="9.270002022" /><trkpt lat="41.828069096" lon="9.269984403" /><trkpt lat="41.828062324" lon="9.269967511" /><trkpt lat="41.828055427" lon="9.269951349" /><trkpt lat="41.828048388" lon="9.269935922" /><trkpt lat="41.828041186" lon="9.269921232" /><trkpt lat="41.828033803" lon="9.269907283" /><trkpt lat="41.828026219" lon="9.269894079" /><trkpt lat="41.828018417" lon="9.269881623" /><trkpt lat="41.828010376" lon="9.269869919" /><trkpt lat="41.828002078" lon="9.269858970" /><trkpt lat="41.827993503" lon="9.269848781" /><trkpt lat="41.827984634" lon="9.269839354" /><trkpt lat="41.827975450" lon="9.269830693" /><trkpt lat="41.827965932" lon="9.269822803" /><trkpt lat="41.827956062" lon="9.269815685" /><trkpt lat="41.827945821" lon="9.269809345" /><trkpt lat="41.827935190" lon="9.269803785" /><trkpt lat="41.827924149" lon="9.269799009" /><trkpt lat="41.827912679" lon="9.269795021" /><trkpt lat="41.827900762" lon="9.269791824" /><trkpt lat="41.827888378" lon="9.269789422" /><trkpt lat="41.827875509" lon="9.269787819" /><trkpt lat="41.827862136" lon="9.269787017" /><trkpt lat="41.827848239" lon="9.269787021" /><trkpt lat="41.827833799" lon="9.269787835" /><trkpt lat="41.827817504" lon="9.269789109" /><trkpt lat="41.827801015" lon="9.269790231" /><trkpt lat="41.827784363" lon="9.269791172" /><trkpt lat="41.827767576" lon="9.269791902" /><trkpt lat="41.827750683" lon="9.269792394" /><trkpt lat="41.827733712" lon="9.269792619" /><trkpt lat="41.827716694" lon="9.269792547" /><trkpt lat="41.827699657" lon="9.269792151" /><trkpt lat="41.827682630" lon="9.269791401" /><trkpt lat="41.827665642" lon="9.269790270" /><trkpt lat="41.827648723" lon="9.269788727" /><trkpt lat="41.827631900" lon="9.269786745" /><trkpt lat="41.827615204" lon="9.269784294" /><trkpt lat="41.827598662" lon="9.269781347" /><trkpt lat="41.827582305" lon="9.269777874" /><trkpt lat="41.827566161" lon="9.269773847" /><trkpt lat="41.827550260" lon="9.269769236" /><trkpt lat="41.827534629" lon="9.269764014" /><trkpt lat="41.827519299" lon="9.269758152" /><trkpt lat="41.827504298" lon="9.269751620" /><trkpt lat="41.827489655" lon="9.269744391" /><trkpt lat="41.827475400" lon="9.269736435" /><trkpt lat="41.827461560" lon="9.269727724" /><trkpt lat="41.827448166" lon="9.269718229" /><trkpt lat="41.827435247" lon="9.269707922" /><trkpt lat="41.827422831" lon="9.269696773" /><trkpt lat="41.827410947" lon="9.269684754" /><trkpt lat="41.827399624" lon="9.269671837" /><trkpt lat="41.827388892" lon="9.269657992" /><trkpt lat="41.827378779" lon="9.269643191" /><trkpt lat="41.827371470" lon="9.269631481" /><trkpt lat="41.827364241" lon="9.269619297" /><trkpt lat="41.827357105" lon="9.269606658" /><trkpt lat="41.827350076" lon="9.269593583" /><trkpt lat="41.827343166" lon="9.269580091" /><trkpt lat="41.827336388" lon="9.269566200" /><trkpt lat="41.827329755" lon="9.269551929" /><trkpt lat="41.827323280" lon="9.269537297" /><trkpt lat="41.827316976" lon="9.269522323" /><trkpt lat="41.827310855" lon="9.269507027" /><trkpt lat="41.827304932" lon="9.269491426" /><trkpt lat="41.827299218" lon="9.269475539" /><trkpt lat="41.827293727" lon="9.269459386" /><trkpt lat="41.827288471" lon="9.269442986" /><trkpt lat="41.827283463" lon="9.269426356" /><trkpt lat="41.827278718" lon="9.269409517" /><trkpt lat="41.827274246" lon="9.269392486" /><trkpt lat="41.827270062" lon="9.269375283" /><trkpt lat="41.827266177" lon="9.269357927" /><trkpt lat="41.827262606" lon="9.269340436" /><trkpt lat="41.827259361" lon="9.269322830" /><trkpt lat="41.827256455" lon="9.269305127" /><trkpt lat="41.827253901" lon="9.269287346" /><trkpt lat="41.827251712" lon="9.269269505" /><trkpt lat="41.827249900" lon="9.269251625" /><trkpt lat="41.827248479" lon="9.269233723" /><trkpt lat="41.827247462" lon="9.269215819" /><trkpt lat="41.827246861" lon="9.269197931" /><trkpt lat="41.827246689" lon="9.269180078" /><trkpt lat="41.827246960" lon="9.269162279" /><trkpt lat="41.827247687" lon="9.269144553" /><trkpt lat="41.827248881" lon="9.269126919" /><trkpt lat="41.827250557" lon="9.269109396" /><trkpt lat="41.827252727" lon="9.269092002" /><trkpt lat="41.827255404" lon="9.269074756" /><trkpt lat="41.827258601" lon="9.269057678" /><trkpt lat="41.827262331" lon="9.269040786" /><trkpt lat="41.827266606" lon="9.269024098" /><trkpt lat="41.827271441" lon="9.269007635" /><trkpt lat="41.827276847" lon="9.268991414" /><trkpt lat="41.827284243" lon="9.268971092" /><trkpt lat="41.827291703" lon="9.268951622" /><trkpt lat="41.827299186" lon="9.268932953" /><trkpt lat="41.827306652" lon="9.268915033" /><trkpt lat="41.827314059" lon="9.268897809" /><trkpt lat="41.827321366" lon="9.268881230" /><trkpt lat="41.827328532" lon="9.268865245" /><trkpt lat="41.827335517" lon="9.268849800" /><trkpt lat="41.827342279" lon="9.268834845" /><trkpt lat="41.827348777" lon="9.268820328" /><trkpt lat="41.827354971" lon="9.268806196" /><trkpt lat="41.827360818" lon="9.268792398" /><trkpt lat="41.827366279" lon="9.268778882" /><trkpt lat="41.827371312" lon="9.268765597" /><trkpt lat="41.827375876" lon="9.268752489" /><trkpt lat="41.827379931" lon="9.268739508" /><trkpt lat="41.827383434" lon="9.268726601" /><trkpt lat="41.827386346" lon="9.268713717" /><trkpt lat="41.827388625" lon="9.268700804" /><trkpt lat="41.827390230" lon="9.268687810" /><trkpt lat="41.827391119" lon="9.268674683" /><trkpt lat="41.827391254" lon="9.268661372" /><trkpt lat="41.827390591" lon="9.268647823" /><trkpt lat="41.827389090" lon="9.268633987" /><trkpt lat="41.827386710" lon="9.268619810" /><trkpt lat="41.827383411" lon="9.268605240" /><trkpt lat="41.827379150" lon="9.268590227" /><trkpt lat="41.827373887" lon="9.268574718" /><trkpt lat="41.827367582" lon="9.268558662" /><trkpt lat="41.827360192" lon="9.268542005" /><trkpt lat="41.827351678" lon="9.268524698" /><trkpt lat="41.827343999" lon="9.268509913" /><trkpt lat="41.827336202" lon="9.268495130" /><trkpt lat="41.827328299" lon="9.268480344" /><trkpt lat="41.827320299" lon="9.268465546" /><trkpt lat="41.827312214" lon="9.268450732" /><trkpt lat="41.827304055" lon="9.268435894" /><trkpt lat="41.827295831" lon="9.268421025" /><trkpt lat="41.827287554" lon="9.268406120" /><trkpt lat="41.827279235" lon="9.268391172" /><trkpt lat="41.827270884" lon="9.268376174" /><trkpt lat="41.827262511" lon="9.268361120" /><trkpt lat="41.827254129" lon="9.268346003" /><trkpt lat="41.827245747" lon="9.268330816" /><trkpt lat="41.827237375" lon="9.268315554" /><trkpt lat="41.827229026" lon="9.268300210" /><trkpt lat="41.827220709" lon="9.268284776" /><trkpt lat="41.827212436" lon="9.268269247" /><trkpt lat="41.827204216" lon="9.268253617" /><trkpt lat="41.827196061" lon="9.268237878" /><trkpt lat="41.827187982" lon="9.268222024" /><trkpt lat="41.827179989" lon="9.268206048" /><trkpt lat="41.827172093" lon="9.268189945" /><trkpt lat="41.827164304" lon="9.268173707" /><trkpt lat="41.827156634" lon="9.268157328" /><trkpt lat="41.827149092" lon="9.268140801" /><trkpt lat="41.827141691" lon="9.268124121" /><trkpt lat="41.827134440" lon="9.268107280" /><trkpt lat="41.827127350" lon="9.268090272" /><trkpt lat="41.827120432" lon="9.268073090" /><trkpt lat="41.827113697" lon="9.268055728" /><trkpt lat="41.827107155" lon="9.268038179" /><trkpt lat="41.827100818" lon="9.268020437" /><trkpt lat="41.827094695" lon="9.268002496" /><trkpt lat="41.827088798" lon="9.267984348" /><trkpt lat="41.827083137" lon="9.267965988" /><trkpt lat="41.827077723" lon="9.267947408" /><trkpt lat="41.827072567" lon="9.267928603" /><trkpt lat="41.827069367" lon="9.267916615" /><trkpt lat="41.827065970" lon="9.267904003" /><trkpt lat="41.827062384" lon="9.267890788" /><trkpt lat="41.827058619" lon="9.267876996" /><trkpt lat="41.827054682" lon="9.267862649" /><trkpt lat="41.827050583" lon="9.267847770" /><trkpt lat="41.827046331" lon="9.267832383" /><trkpt lat="41.827041935" lon="9.267816511" /><trkpt lat="41.827037402" lon="9.267800177" /><trkpt lat="41.827032743" lon="9.267783405" /><trkpt lat="41.827027965" lon="9.267766218" /><trkpt lat="41.827023079" lon="9.267748639" /><trkpt lat="41.827018091" lon="9.267730693" /><trkpt lat="41.827013013" lon="9.267712401" /><trkpt lat="41.827007851" lon="9.267693787" /><trkpt lat="41.827002616" lon="9.267674875" /><trkpt lat="41.826997315" lon="9.267655688" /><trkpt lat="41.826991958" lon="9.267636249" /><trkpt lat="41.826986553" lon="9.267616582" /><trkpt lat="41.826981110" lon="9.267596709" /><trkpt lat="41.826975636" lon="9.267576655" /><trkpt lat="41.826970142" lon="9.267556442" /><trkpt lat="41.826964635" lon="9.267536095" /><trkpt lat="41.826959125" lon="9.267515635" /><trkpt lat="41.826953620" lon="9.267495087" /><trkpt lat="41.826948130" lon="9.267474474" /><trkpt lat="41.826942662" lon="9.267453819" /><trkpt lat="41.826937227" lon="9.267433145" /><trkpt lat="41.826931832" lon="9.267412476" /><trkpt lat="41.826926486" lon="9.267391835" /><trkpt lat="41.826921199" lon="9.267371246" /><trkpt lat="41.826915979" lon="9.267350731" /><trkpt lat="41.826910835" lon="9.267330314" /><trkpt lat="41.826905775" lon="9.267310019" /><trkpt lat="41.826900810" lon="9.267289868" /><trkpt lat="41.826895946" lon="9.267269886" /><trkpt lat="41.826891194" lon="9.267250094" /><trkpt lat="41.826886562" lon="9.267230518" /><trkpt lat="41.826882058" lon="9.267211179" /><trkpt lat="41.826877693" lon="9.267192102" /><trkpt lat="41.826873473" lon="9.267173309" /><trkpt lat="41.826869410" lon="9.267154824" /><trkpt lat="41.826865510" lon="9.267136670" /><trkpt lat="41.826861783" lon="9.267118871" /><trkpt lat="41.826858238" lon="9.267101450" /><trkpt lat="41.826854883" lon="9.267084430" /><trkpt lat="41.826851728" lon="9.267067835" /><trkpt lat="41.826848782" lon="9.267051687" /><trkpt lat="41.826846052" lon="9.267036011" /><trkpt lat="41.826843548" lon="9.267020829" /><trkpt lat="41.826841279" lon="9.267006164" /><trkpt lat="41.826839253" lon="9.266992041" /><trkpt lat="41.826837479" lon="9.266978483" /><trkpt lat="41.826835967" lon="9.266965512" /><trkpt lat="41.826834725" lon="9.266953152" /><trkpt lat="41.826833761" lon="9.266941427" /><trkpt lat="41.826833085" lon="9.266930359" /><trkpt lat="41.826832706" lon="9.266919972" /><trkpt lat="41.826832632" lon="9.266910290" /><trkpt lat="41.826832871" lon="9.266901335" /><trkpt lat="41.826833535" lon="9.266889806" /><trkpt lat="41.826834478" lon="9.266877626" /><trkpt lat="41.826835687" lon="9.266864821" /><trkpt lat="41.826837154" lon="9.266851417" /><trkpt lat="41.826838865" lon="9.266837442" /><trkpt lat="41.826840812" lon="9.266822920" /><trkpt lat="41.826842983" lon="9.266807878" /><trkpt lat="41.826845366" lon="9.266792341" /><trkpt lat="41.826847953" lon="9.266776337" /><trkpt lat="41.826850730" lon="9.266759891" /><trkpt lat="41.826853688" lon="9.266743030" /><trkpt lat="41.826856816" lon="9.266725779" /><trkpt lat="41.826860103" lon="9.266708164" /><trkpt lat="41.826863538" lon="9.266690213" /><trkpt lat="41.826867110" lon="9.266671950" /><trkpt lat="41.826870809" lon="9.266653402" /><trkpt lat="41.826874623" lon="9.266634595" /><trkpt lat="41.826878542" lon="9.266615555" /><trkpt lat="41.826882555" lon="9.266596309" /><trkpt lat="41.826886650" lon="9.266576882" /><trkpt lat="41.826890818" lon="9.266557301" /><trkpt lat="41.826895048" lon="9.266537591" /><trkpt lat="41.826899328" lon="9.266517779" /><trkpt lat="41.826903647" lon="9.266497891" /><trkpt lat="41.826907995" lon="9.266477954" /><trkpt lat="41.826912362" lon="9.266457992" /><trkpt lat="41.826916735" lon="9.266438033" /><trkpt lat="41.826921105" lon="9.266418102" /><trkpt lat="41.826925460" lon="9.266398226" /><trkpt lat="41.826929790" lon="9.266378430" /><trkpt lat="41.826934084" lon="9.266358741" /><trkpt lat="41.826938330" lon="9.266339185" /><trkpt lat="41.826942519" lon="9.266319789" /><trkpt lat="41.826946639" lon="9.266300577" /><trkpt lat="41.826950679" lon="9.266281577" /><trkpt lat="41.826954629" lon="9.266262814" /><trkpt lat="41.826958478" lon="9.266244314" /><trkpt lat="41.826962215" lon="9.266226105" /><trkpt lat="41.826965828" lon="9.266208211" /><trkpt lat="41.826969308" lon="9.266190659" /><trkpt lat="41.826972643" lon="9.266173475" /><trkpt lat="41.826975823" lon="9.266156685" /><trkpt lat="41.826978836" lon="9.266140316" /><trkpt lat="41.826981672" lon="9.266124393" /><trkpt lat="41.826984321" lon="9.266108942" /><trkpt lat="41.826986770" lon="9.266093990" /><trkpt lat="41.826989266" lon="9.266078531" /><trkpt lat="41.826991839" lon="9.266062883" /><trkpt lat="41.826994474" lon="9.266047056" /><trkpt lat="41.826997157" lon="9.266031059" /><trkpt lat="41.826999872" lon="9.266014900" /><trkpt lat="41.827002605" lon="9.265998590" /><trkpt lat="41.827005341" lon="9.265982136" /><trkpt lat="41.827008066" lon="9.265965550" /><trkpt lat="41.827010765" lon="9.265948839" /><trkpt lat="41.827013422" lon="9.265932012" /><trkpt lat="41.827016024" lon="9.265915080" /><trkpt lat="41.827018556" lon="9.265898051" /><trkpt lat="41.827021002" lon="9.265880934" /><trkpt lat="41.827023349" lon="9.265863739" /><trkpt lat="41.827025581" lon="9.265846474" /><trkpt lat="41.827027684" lon="9.265829150" /><trkpt lat="41.827029643" lon="9.265811774" /><trkpt lat="41.827031443" lon="9.265794357" /><trkpt lat="41.827033070" lon="9.265776907" /><trkpt lat="41.827034509" lon="9.265759434" /><trkpt lat="41.827035744" lon="9.265741946" /><trkpt lat="41.827036763" lon="9.265724454" /><trkpt lat="41.827037549" lon="9.265706965" /><trkpt lat="41.827038088" lon="9.265689490" /><trkpt lat="41.827038365" lon="9.265672038" /><trkpt lat="41.827038366" lon="9.265654617" /><trkpt lat="41.827038075" lon="9.265637237" /><trkpt lat="41.827037479" lon="9.265619907" /><trkpt lat="41.827036562" lon="9.265602637" /><trkpt lat="41.827035310" lon="9.265585435" /><trkpt lat="41.827033708" lon="9.265568310" /><trkpt lat="41.827031741" lon="9.265551272" /><trkpt lat="41.827029395" lon="9.265534330" /><trkpt lat="41.827026654" lon="9.265517494" /><trkpt lat="41.827023505" lon="9.265500771" /><trkpt lat="41.827019932" lon="9.265484172" /><trkpt lat="41.827015920" lon="9.265467706" /><trkpt lat="41.827011456" lon="9.265451382" /><trkpt lat="41.827006523" lon="9.265435209" /><trkpt lat="41.827001108" lon="9.265419196" /><trkpt lat="41.826995196" lon="9.265403352" /><trkpt lat="41.826988772" lon="9.265387687" /><trkpt lat="41.826981822" lon="9.265372210" /><trkpt lat="41.826974330" lon="9.265356929" /><trkpt lat="41.826965241" lon="9.265338942" /><trkpt lat="41.826956437" lon="9.265321081" /><trkpt lat="41.826947904" lon="9.265303345" /><trkpt lat="41.826939628" lon="9.265285733" /><trkpt lat="41.826931592" lon="9.265268243" /><trkpt lat="41.826923784" lon="9.265250875" /><trkpt lat="41.826916186" lon="9.265233627" /><trkpt lat="41.826908786" lon="9.265216498" /><trkpt lat="41.826901567" lon="9.265199487" /><trkpt lat="41.826894516" lon="9.265182593" /><trkpt lat="41.826887617" lon="9.265165815" /><trkpt lat="41.826880855" lon="9.265149151" /><trkpt lat="41.826874216" lon="9.265132600" /><trkpt lat="41.826867685" lon="9.265116162" /><trkpt lat="41.826861246" lon="9.265099834" /><trkpt lat="41.826854886" lon="9.265083617" /><trkpt lat="41.826848590" lon="9.265067508" /><trkpt lat="41.826842342" lon="9.265051507" /><trkpt lat="41.826836127" lon="9.265035612" /><trkpt lat="41.826829931" lon="9.265019822" /><trkpt lat="41.826823740" lon="9.265004137" /><trkpt lat="41.826817537" lon="9.264988554" /><trkpt lat="41.826811309" lon="9.264973073" /><trkpt lat="41.826805041" lon="9.264957693" /><trkpt lat="41.826798717" lon="9.264942412" /><trkpt lat="41.826792324" lon="9.264927229" /><trkpt lat="41.826785845" lon="9.264912143" /><trkpt lat="41.826779266" lon="9.264897154" /><trkpt lat="41.826772573" lon="9.264882259" /><trkpt lat="41.826765751" lon="9.264867457" /><trkpt lat="41.826758784" lon="9.264852749" /><trkpt lat="41.826751659" lon="9.264838131" /><trkpt lat="41.826744359" lon="9.264823604" /><trkpt lat="41.826736871" lon="9.264809166" /><trkpt lat="41.826729179" lon="9.264794815" /><trkpt lat="41.826721269" lon="9.264780551" /><trkpt lat="41.826713126" lon="9.264766373" /><trkpt lat="41.826704959" lon="9.264752483" /><trkpt lat="41.826696557" lon="9.264738369" /><trkpt lat="41.826687927" lon="9.264724075" /><trkpt lat="41.826679073" lon="9.264709647" /><trkpt lat="41.826670002" lon="9.264695126" /><trkpt lat="41.826660719" lon="9.264680558" /><trkpt lat="41.826651231" lon="9.264665987" /><trkpt lat="41.826641544" lon="9.264651456" /><trkpt lat="41.826631663" lon="9.264637010" /><trkpt lat="41.826621594" lon="9.264622692" /><trkpt lat="41.826611343" lon="9.264608546" /><trkpt lat="41.826600917" lon="9.264594617" /><trkpt lat="41.826590320" lon="9.264580948" /><trkpt lat="41.826579559" lon="9.264567584" /><trkpt lat="41.826568640" lon="9.264554568" /><trkpt lat="41.826557569" lon="9.264541945" /><trkpt lat="41.826546351" lon="9.264529758" /><trkpt lat="41.826534993" lon="9.264518051" /><trkpt lat="41.826523500" lon="9.264506869" /><trkpt lat="41.826511878" lon="9.264496255" /><trkpt lat="41.826500134" lon="9.264486254" /><trkpt lat="41.826488272" lon="9.264476909" /><trkpt lat="41.826476300" lon="9.264468264" /><trkpt lat="41.826464222" lon="9.264460364" /><trkpt lat="41.826452046" lon="9.264453252" /><trkpt lat="41.826439776" lon="9.264446973" /><trkpt lat="41.826427418" lon="9.264441569" /><trkpt lat="41.826414979" lon="9.264437086" /><trkpt lat="41.826402464" lon="9.264433568" /><trkpt lat="41.826389880" lon="9.264431058" /><trkpt lat="41.826377232" lon="9.264429600" /><trkpt lat="41.826364526" lon="9.264429238" /><trkpt lat="41.826351768" lon="9.264430017" /><trkpt lat="41.826338964" lon="9.264431980" /><trkpt lat="41.826326119" lon="9.264435171" /><trkpt lat="41.826313240" lon="9.264439635" /><trkpt lat="41.826300333" lon="9.264445414" /><trkpt lat="41.826287404" lon="9.264452555" /><trkpt lat="41.826273985" lon="9.264460656" /><trkpt lat="41.826260319" lon="9.264468843" /><trkpt lat="41.826246423" lon="9.264477080" /><trkpt lat="41.826232316" lon="9.264485329" /><trkpt lat="41.826218015" lon="9.264493554" /><trkpt lat="41.826203540" lon="9.264501719" /><trkpt lat="41.826188907" lon="9.264509788" /><trkpt lat="41.826174136" lon="9.264517723" /><trkpt lat="41.826159244" lon="9.264525489" /><trkpt lat="41.826144249" lon="9.264533048" /><trkpt lat="41.826129171" lon="9.264540365" /><trkpt lat="41.826114026" lon="9.264547403" /><trkpt lat="41.826098833" lon="9.264554126" /><trkpt lat="41.826083610" lon="9.264560496" /><trkpt lat="41.826068376" lon="9.264566479" /><trkpt lat="41.826053148" lon="9.264572036" /><trkpt lat="41.826037945" lon="9.264577132" /><trkpt lat="41.826022785" lon="9.264581730" /><trkpt lat="41.826007686" lon="9.264585794" /><trkpt lat="41.825992666" lon="9.264589287" /><trkpt lat="41.825977743" lon="9.264592173" /><trkpt lat="41.825962936" lon="9.264594415" /><trkpt lat="41.825948262" lon="9.264595977" /><trkpt lat="41.825933740" lon="9.264596822" /><trkpt lat="41.825919388" lon="9.264596915" /><trkpt lat="41.825905225" lon="9.264596218" /><trkpt lat="41.825891267" lon="9.264594694" /><trkpt lat="41.825877534" lon="9.264592309" /><trkpt lat="41.825864043" lon="9.264589024" /><trkpt lat="41.825850814" lon="9.264584804" /><trkpt lat="41.825837863" lon="9.264579613" /><trkpt lat="41.825825209" lon="9.264573413" /><trkpt lat="41.825812871" lon="9.264566168" /><trkpt lat="41.825800866" lon="9.264557842" /><trkpt lat="41.825789212" lon="9.264548398" /><trkpt lat="41.825777929" lon="9.264537800" /><trkpt lat="41.825767033" lon="9.264526011" /><trkpt lat="41.825759186" lon="9.264516847" /><trkpt lat="41.825750880" lon="9.264507015" /><trkpt lat="41.825742135" lon="9.264496543" /><trkpt lat="41.825732973" lon="9.264485458" /><trkpt lat="41.825723413" lon="9.264473789" /><trkpt lat="41.825713476" lon="9.264461564" /><trkpt lat="41.825703183" lon="9.264448811" /><trkpt lat="41.825692555" lon="9.264435558" /><trkpt lat="41.825681611" lon="9.264421833" /><trkpt lat="41.825670373" lon="9.264407664" /><trkpt lat="41.825658861" lon="9.264393079" /><trkpt lat="41.825647096" lon="9.264378107" /><trkpt lat="41.825635098" lon="9.264362774" /><trkpt lat="41.825622888" lon="9.264347110" /><trkpt lat="41.825610487" lon="9.264331141" /><trkpt lat="41.825597914" lon="9.264314897" /><trkpt lat="41.825585191" lon="9.264298406" /><trkpt lat="41.825572338" lon="9.264281695" /><trkpt lat="41.825559377" lon="9.264264792" /><trkpt lat="41.825546326" lon="9.264247725" /><trkpt lat="41.825533207" lon="9.264230524" /><trkpt lat="41.825520041" lon="9.264213214" /><trkpt lat="41.825506848" lon="9.264195825" /><trkpt lat="41.825493649" lon="9.264178385" /><trkpt lat="41.825480464" lon="9.264160922" /><trkpt lat="41.825467314" lon="9.264143463" /><trkpt lat="41.825454219" lon="9.264126037" /><trkpt lat="41.825441200" lon="9.264108672" /><trkpt lat="41.825428278" lon="9.264091395" /><trkpt lat="41.825415473" lon="9.264074235" /><trkpt lat="41.825402806" lon="9.264057221" /><trkpt lat="41.825390298" lon="9.264040379" /><trkpt lat="41.825377968" lon="9.264023738" /><trkpt lat="41.825365837" lon="9.264007326" /><trkpt lat="41.825353927" lon="9.263991172" /><trkpt lat="41.825342257" lon="9.263975302" /><trkpt lat="41.825330849" lon="9.263959745" /><trkpt lat="41.825319723" lon="9.263944530" /><trkpt lat="41.825308899" lon="9.263929684" /><trkpt lat="41.825298398" lon="9.263915235" /><trkpt lat="41.825288240" lon="9.263901212" /><trkpt lat="41.825278447" lon="9.263887642" /><trkpt lat="41.825269038" lon="9.263874553" /><trkpt lat="41.825260035" lon="9.263861974" /><trkpt lat="41.825251458" lon="9.263849932" /><trkpt lat="41.825243327" lon="9.263838455" /><trkpt lat="41.825235663" lon="9.263827573" /><trkpt lat="41.825228487" lon="9.263817312" /><trkpt lat="41.825221819" lon="9.263807700" /><trkpt lat="41.825215680" lon="9.263798766" /><trkpt lat="41.825210090" lon="9.263790538" /><trkpt lat="41.825205071" lon="9.263783044" /><trkpt lat="41.825196819" lon="9.263770528" /><trkpt lat="41.825188462" lon="9.263757673" /><trkpt lat="41.825180019" lon="9.263744501" /><trkpt lat="41.825171504" lon="9.263731035" /><trkpt lat="41.825162935" lon="9.263717298" /><trkpt lat="41.825154328" lon="9.263703314" /><trkpt lat="41.825145699" lon="9.263689104" /><trkpt lat="41.825137065" lon="9.263674694" /><trkpt lat="41.825128443" lon="9.263660104" /><trkpt lat="41.825119848" lon="9.263645358" /><trkpt lat="41.825111298" lon="9.263630480" /><trkpt lat="41.825102808" lon="9.263615491" /><trkpt lat="41.825094395" lon="9.263600416" /><trkpt lat="41.825086076" lon="9.263585277" /><trkpt lat="41.825077867" lon="9.263570097" /><trkpt lat="41.825069785" lon="9.263554900" /><trkpt lat="41.825061846" lon="9.263539707" /><trkpt lat="41.825054066" lon="9.263524543" /><trkpt lat="41.825046463" lon="9.263509429" /><trkpt lat="41.825039052" lon="9.263494390" /><trkpt lat="41.825031849" lon="9.263479447" /><trkpt lat="41.825024872" lon="9.263464625" /><trkpt lat="41.825018137" lon="9.263449946" /><trkpt lat="41.825011660" lon="9.263435433" /><trkpt lat="41.825005458" lon="9.263421109" /><trkpt lat="41.824999547" lon="9.263406996" /><trkpt lat="41.824993944" lon="9.263393119" /><trkpt lat="41.824988665" lon="9.263379500" /><trkpt lat="41.824983727" lon="9.263366162" /><trkpt lat="41.824979146" lon="9.263353128" /><trkpt lat="41.824974843" lon="9.263340474" /><trkpt lat="41.824970710" lon="9.263328249" /><trkpt lat="41.824966715" lon="9.263316435" /><trkpt lat="41.824962829" lon="9.263305015" /><trkpt lat="41.824959019" lon="9.263293970" /><trkpt lat="41.824955256" lon="9.263283283" /><trkpt lat="41.824951510" lon="9.263272936" /><trkpt lat="41.824947748" lon="9.263262910" /><trkpt lat="41.824943941" lon="9.263253189" /><trkpt lat="41.824940059" lon="9.263243753" /><trkpt lat="41.824936069" lon="9.263234586" /><trkpt lat="41.824931943" lon="9.263225669" /><trkpt lat="41.824927648" lon="9.263216985" /><trkpt lat="41.824923155" lon="9.263208515" /><trkpt lat="41.824918433" lon="9.263200242" /><trkpt lat="41.824913451" lon="9.263192147" /><trkpt lat="41.824908179" lon="9.263184214" /><trkpt lat="41.824902585" lon="9.263176424" /><trkpt lat="41.824896640" lon="9.263168759" /><trkpt lat="41.824890312" lon="9.263161201" /><trkpt lat="41.824883571" lon="9.263153732" /><trkpt lat="41.824876387" lon="9.263146335" /><trkpt lat="41.824868728" lon="9.263138992" /><trkpt lat="41.824860564" lon="9.263131684" /><trkpt lat="41.824851864" lon="9.263124395" /><trkpt lat="41.824842598" lon="9.263117105" /><trkpt lat="41.824832735" lon="9.263109798" /><trkpt lat="41.824822245" lon="9.263102454" /><trkpt lat="41.824811096" lon="9.263095057" /><trkpt lat="41.824799258" lon="9.263087589" /><trkpt lat="41.824790745" lon="9.263082217" /><trkpt lat="41.824781487" lon="9.263076136" /><trkpt lat="41.824771519" lon="9.263069375" /><trkpt lat="41.824760879" lon="9.263061962" /><trkpt lat="41.824749602" lon="9.263053927" /><trkpt lat="41.824737725" lon="9.263045300" /><trkpt lat="41.824725284" lon="9.263036109" /><trkpt lat="41.824712316" lon="9.263026385" /><trkpt lat="41.824698857" lon="9.263016156" /><trkpt lat="41.824684943" lon="9.263005452" /><trkpt lat="41.824670610" lon="9.262994302" /><trkpt lat="41.824655895" lon="9.262982736" /><trkpt lat="41.824640835" lon="9.262970782" /><trkpt lat="41.824625464" lon="9.262958470" /><trkpt lat="41.824609821" lon="9.262945829" /><trkpt lat="41.824593940" lon="9.262932889" /><trkpt lat="41.824577860" lon="9.262919679" /><trkpt lat="41.824561614" lon="9.262906229" /><trkpt lat="41.824545241" lon="9.262892567" /><trkpt lat="41.824528777" lon="9.262878722" /><trkpt lat="41.824512257" lon="9.262864726" /><trkpt lat="41.824495718" lon="9.262850605" /><trkpt lat="41.824479196" lon="9.262836391" /><trkpt lat="41.824462728" lon="9.262822111" /><trkpt lat="41.824446350" lon="9.262807797" /><trkpt lat="41.824430099" lon="9.262793476" /><trkpt lat="41.824414010" lon="9.262779178" /><trkpt lat="41.824398120" lon="9.262764932" /><trkpt lat="41.824382465" lon="9.262750769" /><trkpt lat="41.824367083" lon="9.262736716" /><trkpt lat="41.824352008" lon="9.262722804" /><trkpt lat="41.824337277" lon="9.262709062" /><trkpt lat="41.824322927" lon="9.262695518" /><trkpt lat="41.824308994" lon="9.262682203" /><trkpt lat="41.824295514" lon="9.262669146" /><trkpt lat="41.824282523" lon="9.262656375" /><trkpt lat="41.824270059" lon="9.262643921" /><trkpt lat="41.824258157" lon="9.262631813" /><trkpt lat="41.824246853" lon="9.262620079" /><trkpt lat="41.824236184" lon="9.262608750" /><trkpt lat="41.824226187" lon="9.262597854" /><trkpt lat="41.824216897" lon="9.262587422" /><trkpt lat="41.824208350" lon="9.262577481" /><trkpt lat="41.824200584" lon="9.262568062" /><trkpt lat="41.824193635" lon="9.262559194" /><trkpt lat="41.824184111" lon="9.262546564" /><trkpt lat="41.824175105" lon="9.262534396" /><trkpt lat="41.824166583" lon="9.262522650" /><trkpt lat="41.824158509" lon="9.262511287" /><trkpt lat="41.824150849" lon="9.262500266" /><trkpt lat="41.824143569" lon="9.262489547" /><trkpt lat="41.824136633" lon="9.262479090" /><trkpt lat="41.824130008" lon="9.262468855" /><trkpt lat="41.824123658" lon="9.262458802" /><trkpt lat="41.824117549" lon="9.262448891" /><trkpt lat="41.824111646" lon="9.262439082" /><trkpt lat="41.824105915" lon="9.262429335" /><trkpt lat="41.824100322" lon="9.262419609" /><trkpt lat="41.824094831" lon="9.262409865" /><trkpt lat="41.824089407" lon="9.262400063" /><trkpt lat="41.824084017" lon="9.262390163" /><trkpt lat="41.824078626" lon="9.262380124" /><trkpt lat="41.824073199" lon="9.262369907" /><trkpt lat="41.824067701" lon="9.262359471" /><trkpt lat="41.824062098" lon="9.262348777" /><trkpt lat="41.824056356" lon="9.262337784" /><trkpt lat="41.824050439" lon="9.262326453" /><trkpt lat="41.824044313" lon="9.262314743" /><trkpt lat="41.824037944" lon="9.262302614" /><trkpt lat="41.824031296" lon="9.262290026" /><trkpt lat="41.824024336" lon="9.262276940" /><trkpt lat="41.824017028" lon="9.262263314" /><trkpt lat="41.824009339" lon="9.262249110" /><trkpt lat="41.824001232" lon="9.262234287" /><trkpt lat="41.823992675" lon="9.262218805" /><trkpt lat="41.823984205" lon="9.262204108" /><trkpt lat="41.823975298" lon="9.262189715" /><trkpt lat="41.823965972" lon="9.262175661" /><trkpt lat="41.823956248" lon="9.262161981" /><trkpt lat="41.823946145" lon="9.262148712" /><trkpt lat="41.823935682" lon="9.262135889" /><trkpt lat="41.823924879" lon="9.262123548" /><trkpt lat="41.823913755" lon="9.262111726" /><trkpt lat="41.823902329" lon="9.262100458" /><trkpt lat="41.823890621" lon="9.262089779" /><trkpt lat="41.823878650" lon="9.262079726" /><trkpt lat="41.823866436" lon="9.262070335" /><trkpt lat="41.823853998" lon="9.262061641" /><trkpt lat="41.823841355" lon="9.262053681" /><trkpt lat="41.823828527" lon="9.262046489" /><trkpt lat="41.823815533" lon="9.262040103" /><trkpt lat="41.823802393" lon="9.262034557" /><trkpt lat="41.823789126" lon="9.262029888" /><trkpt lat="41.823775751" lon="9.262026131" /><trkpt lat="41.823762288" lon="9.262023323" /><trkpt lat="41.823748757" lon="9.262021499" /><trkpt lat="41.823735176" lon="9.262020695" /><trkpt lat="41.823721564" lon="9.262020947" /><trkpt lat="41.823707943" lon="9.262022291" /><trkpt lat="41.823694330" lon="9.262024762" /><trkpt lat="41.823680745" lon="9.262028397" /><trkpt lat="41.823667208" lon="9.262033232" /><trkpt lat="41.823653737" lon="9.262039301" /><trkpt lat="41.823640354" lon="9.262046642" /><trkpt lat="41.823627075" lon="9.262055289" /><trkpt lat="41.823613923" lon="9.262065279" /><trkpt lat="41.823600914" lon="9.262076648" /><trkpt lat="41.823587296" lon="9.262089349" /><trkpt lat="41.823573999" lon="9.262101700" /><trkpt lat="41.823560981" lon="9.262113695" /><trkpt lat="41.823548201" lon="9.262125328" /><trkpt lat="41.823535619" lon="9.262136593" /><trkpt lat="41.823523194" lon="9.262147486" /><trkpt lat="41.823510884" lon="9.262158000" /><trkpt lat="41.823498648" lon="9.262168130" /><trkpt lat="41.823486446" lon="9.262177871" /><trkpt lat="41.823474237" lon="9.262187216" /><trkpt lat="41.823461979" lon="9.262196159" /><trkpt lat="41.823449632" lon="9.262204696" /><trkpt lat="41.823437155" lon="9.262212821" /><trkpt lat="41.823424506" lon="9.262220528" /><trkpt lat="41.823411646" lon="9.262227811" /><trkpt lat="41.823398532" lon="9.262234666" /><trkpt lat="41.823385124" lon="9.262241085" /><trkpt lat="41.823371380" lon="9.262247064" /><trkpt lat="41.823357261" lon="9.262252597" /><trkpt lat="41.823342725" lon="9.262257679" /><trkpt lat="41.823327730" lon="9.262262303" /><trkpt lat="41.823312237" lon="9.262266464" /><trkpt lat="41.823296204" lon="9.262270157" /><trkpt lat="41.823279589" lon="9.262273375" /><trkpt lat="41.823262353" lon="9.262276114" /><trkpt lat="41.823244454" lon="9.262278368" /><trkpt lat="41.823225852" lon="9.262280130" /><trkpt lat="41.823206504" lon="9.262281396" /><trkpt lat="41.823186371" lon="9.262282160" /><trkpt lat="41.823165411" lon="9.262282416" /><trkpt lat="41.823144917" lon="9.262282224" /><trkpt lat="41.823124825" lon="9.262281652" /><trkpt lat="41.823105123" lon="9.262280704" /><trkpt lat="41.823085800" lon="9.262279386" /><trkpt lat="41.823066846" lon="9.262277702" /><trkpt lat="41.823048249" lon="9.262275658" /><trkpt lat="41.823029998" lon="9.262273257" /><trkpt lat="41.823012083" lon="9.262270505" /><trkpt lat="41.822994494" lon="9.262267407" /><trkpt lat="41.822977218" lon="9.262263968" /><trkpt lat="41.822960245" lon="9.262260192" /><trkpt lat="41.822943564" lon="9.262256084" /><trkpt lat="41.822927165" lon="9.262251649" /><trkpt lat="41.822911037" lon="9.262246893" /><trkpt lat="41.822895168" lon="9.262241819" /><trkpt lat="41.822879547" lon="9.262236433" /><trkpt lat="41.822864165" lon="9.262230740" /><trkpt lat="41.822849010" lon="9.262224744" /><trkpt lat="41.822834071" lon="9.262218451" /><trkpt lat="41.822819337" lon="9.262211865" /><trkpt lat="41.822804798" lon="9.262204991" /><trkpt lat="41.822790442" lon="9.262197833" /><trkpt lat="41.822776259" lon="9.262190398" /><trkpt lat="41.822762238" lon="9.262182689" /><trkpt lat="41.822748368" lon="9.262174712" /><trkpt lat="41.822734637" lon="9.262166471" /><trkpt lat="41.822721036" lon="9.262157972" /><trkpt lat="41.822707554" lon="9.262149218" /><trkpt lat="41.822694179" lon="9.262140216" /><trkpt lat="41.822680900" lon="9.262130969" /><trkpt lat="41.822667708" lon="9.262121483" /><trkpt lat="41.822656582" lon="9.262113267" /><trkpt lat="41.822645249" lon="9.262104719" /><trkpt lat="41.822633715" lon="9.262095855" /><trkpt lat="41.822621986" lon="9.262086688" /><trkpt lat="41.822610069" lon="9.262077230" /><trkpt lat="41.822597968" lon="9.262067495" /><trkpt lat="41.822585692" lon="9.262057498" /><trkpt lat="41.822573244" lon="9.262047251" /><trkpt lat="41.822560632" lon="9.262036768" /><trkpt lat="41.822547862" lon="9.262026062" /><trkpt lat="41.822534940" lon="9.262015148" /><trkpt lat="41.822521871" lon="9.262004038" /><trkpt lat="41.822508662" lon="9.261992746" /><trkpt lat="41.822495318" lon="9.261981286" /><trkpt lat="41.822481847" lon="9.261969671" /><trkpt lat="41.822468254" lon="9.261957915" /><trkpt lat="41.822454545" lon="9.261946030" /><trkpt lat="41.822440726" lon="9.261934032" /><trkpt lat="41.822426803" lon="9.261921933" /><trkpt lat="41.822412782" lon="9.261909746" /><trkpt lat="41.822398670" lon="9.261897485" /><trkpt lat="41.822384472" lon="9.261885165" /><trkpt lat="41.822370195" lon="9.261872797" /><trkpt lat="41.822355845" lon="9.261860397" /><trkpt lat="41.822341426" lon="9.261847977" /><trkpt lat="41.822326947" lon="9.261835550" /><trkpt lat="41.822312413" lon="9.261823131" /><trkpt lat="41.822297829" lon="9.261810733" /><trkpt lat="41.822283202" lon="9.261798369" /><trkpt lat="41.822268538" lon="9.261786053" /><trkpt lat="41.822253844" lon="9.261773799" /><trkpt lat="41.822239124" lon="9.261761619" /><trkpt lat="41.822224386" lon="9.261749528" /><trkpt lat="41.822209635" lon="9.261737539" /><trkpt lat="41.822194877" lon="9.261725665" /><trkpt lat="41.822180118" lon="9.261713921" /><trkpt lat="41.822165366" lon="9.261702319" /><trkpt lat="41.822151379" lon="9.261691296" /><trkpt lat="41.822137410" lon="9.261680100" /><trkpt lat="41.822123470" lon="9.261668735" /><trkpt lat="41.822109570" lon="9.261657207" /><trkpt lat="41.822095720" lon="9.261645519" /><trkpt lat="41.822081932" lon="9.261633676" /><trkpt lat="41.822068217" lon="9.261621683" /><trkpt lat="41.822054585" lon="9.261609543" /><trkpt lat="41.822041048" lon="9.261597262" /><trkpt lat="41.822027617" lon="9.261584844" /><trkpt lat="41.822014302" lon="9.261572294" /><trkpt lat="41.822001114" lon="9.261559615" /><trkpt lat="41.821988065" lon="9.261546813" /><trkpt lat="41.821975166" lon="9.261533892" /><trkpt lat="41.821962426" lon="9.261520856" /><trkpt lat="41.821949859" lon="9.261507710" /><trkpt lat="41.821937473" lon="9.261494458" /><trkpt lat="41.821925281" lon="9.261481105" /><trkpt lat="41.821913294" lon="9.261467656" /><trkpt lat="41.821901521" lon="9.261454114" /><trkpt lat="41.821889975" lon="9.261440485" /><trkpt lat="41.821878666" lon="9.261426772" /><trkpt lat="41.821867605" lon="9.261412981" /><trkpt lat="41.821856804" lon="9.261399115" /><trkpt lat="41.821846272" lon="9.261385180" /><trkpt lat="41.821836022" lon="9.261371180" /><trkpt lat="41.821826064" lon="9.261357118" /><trkpt lat="41.821816409" lon="9.261343001" /><trkpt lat="41.821807068" lon="9.261328831" /><trkpt lat="41.821798052" lon="9.261314615" /><trkpt lat="41.821789372" lon="9.261300355" /><trkpt lat="41.821781039" lon="9.261286057" /><trkpt lat="41.821773064" lon="9.261271725" /><trkpt lat="41.821765457" lon="9.261257364" /><trkpt lat="41.821758231" lon="9.261242978" /><trkpt lat="41.821751396" lon="9.261228572" /><trkpt lat="41.821744962" lon="9.261214149" /><trkpt lat="41.821738941" lon="9.261199716" /><trkpt lat="41.821733344" lon="9.261185275" /><trkpt lat="41.821727009" lon="9.261168429" /><trkpt lat="41.821720737" lon="9.261152002" /><trkpt lat="41.821714546" lon="9.261135957" /><trkpt lat="41.821708456" lon="9.261120254" /><trkpt lat="41.821702484" lon="9.261104856" /><trkpt lat="41.821696650" lon="9.261089723" /><trkpt lat="41.821690972" lon="9.261074817" /><trkpt lat="41.821685469" lon="9.261060099" /><trkpt lat="41.821680159" lon="9.261045532" /><trkpt lat="41.821675062" lon="9.261031076" /><trkpt lat="41.821670195" lon="9.261016693" /><trkpt lat="41.821665578" lon="9.261002344" /><trkpt lat="41.821661230" lon="9.260987992" /><trkpt lat="41.821657169" lon="9.260973597" /><trkpt lat="41.821653413" lon="9.260959121" /><trkpt lat="41.821649981" lon="9.260944525" /><trkpt lat="41.821646893" lon="9.260929771" /><trkpt lat="41.821644166" lon="9.260914821" /><trkpt lat="41.821641820" lon="9.260899636" /><trkpt lat="41.821639873" lon="9.260884177" /><trkpt lat="41.821638344" lon="9.260868405" /><trkpt lat="41.821637251" lon="9.260852284" /><trkpt lat="41.821636614" lon="9.260835773" /><trkpt lat="41.821636450" lon="9.260818834" /><trkpt lat="41.821636779" lon="9.260801429" /><trkpt lat="41.821637620" lon="9.260783520" /><trkpt lat="41.821638990" lon="9.260765067" /><trkpt lat="41.821640909" lon="9.260746032" /><trkpt lat="41.821643395" lon="9.260726378" /><trkpt lat="41.821646467" lon="9.260706064" /><trkpt lat="41.821650144" lon="9.260685054" /><trkpt lat="41.821654444" lon="9.260663307" /><trkpt lat="41.821659387" lon="9.260640786" /><trkpt lat="41.821664804" lon="9.260616337" /><trkpt lat="41.821669470" lon="9.260593358" /><trkpt lat="41.821673394" lon="9.260571770" /><trkpt lat="41.821676587" lon="9.260551491" /><trkpt lat="41.821679057" lon="9.260532438" /><trkpt lat="41.821680816" lon="9.260514532" /><trkpt lat="41.821681873" lon="9.260497689" /><trkpt lat="41.821682237" lon="9.260481829" /><trkpt lat="41.821681919" lon="9.260466871" /><trkpt lat="41.821680928" lon="9.260452732" /><trkpt lat="41.821679276" lon="9.260439331" /><trkpt lat="41.821676970" lon="9.260426587" /><trkpt lat="41.821674022" lon="9.260414419" /><trkpt lat="41.821670441" lon="9.260402744" /><trkpt lat="41.821666237" lon="9.260391481" /><trkpt lat="41.821661421" lon="9.260380549" /><trkpt lat="41.821656001" lon="9.260369867" /><trkpt lat="41.821649988" lon="9.260359352" /><trkpt lat="41.821643391" lon="9.260348924" /><trkpt lat="41.821636222" lon="9.260338501" /><trkpt lat="41.821628489" lon="9.260328001" /><trkpt lat="41.821620202" lon="9.260317343" /><trkpt lat="41.821611372" lon="9.260306445" /><trkpt lat="41.821602008" lon="9.260295226" /><trkpt lat="41.821592120" lon="9.260283605" /><trkpt lat="41.821581718" lon="9.260271500" /><trkpt lat="41.821570811" lon="9.260258829" /><trkpt lat="41.821559411" lon="9.260245511" /><trkpt lat="41.821547527" lon="9.260231464" /><trkpt lat="41.821535168" lon="9.260216608" /><trkpt lat="41.821523414" lon="9.260202369" /><trkpt lat="41.821511758" lon="9.260188352" /><trkpt lat="41.821500192" lon="9.260174603" /><trkpt lat="41.821488710" lon="9.260161172" /><trkpt lat="41.821477305" lon="9.260148106" /><trkpt lat="41.821465968" lon="9.260135454" /><trkpt lat="41.821454692" lon="9.260123264" /><trkpt lat="41.821443471" lon="9.260111583" /><trkpt lat="41.821432296" lon="9.260100460" /><trkpt lat="41.821421161" lon="9.260089943" /><trkpt lat="41.821410059" lon="9.260080080" /><trkpt lat="41.821398981" lon="9.260070920" /><trkpt lat="41.821387920" lon="9.260062510" /><trkpt lat="41.821376870" lon="9.260054899" /><trkpt lat="41.821365823" lon="9.260048134" /><trkpt lat="41.821354772" lon="9.260042264" /><trkpt lat="41.821343708" lon="9.260037338" /><trkpt lat="41.821332626" lon="9.260033402" /><trkpt lat="41.821321517" lon="9.260030505" /><trkpt lat="41.821310375" lon="9.260028696" /><trkpt lat="41.821299192" lon="9.260028022" /><trkpt lat="41.821287960" lon="9.260028532" /><trkpt lat="41.821276673" lon="9.260030274" /><trkpt lat="41.821265322" lon="9.260033296" /><trkpt lat="41.821253902" lon="9.260037645" /><trkpt lat="41.821242404" lon="9.260043371" /><trkpt lat="41.821230821" lon="9.260050521" /><trkpt lat="41.821219146" lon="9.260059143" /><trkpt lat="41.821207371" lon="9.260069286" /><trkpt lat="41.821195489" lon="9.260080998" /><trkpt lat="41.821183494" lon="9.260094326" /><trkpt lat="41.821171376" lon="9.260109320" /><trkpt lat="41.821162797" lon="9.260120581" /><trkpt lat="41.821154015" lon="9.260132310" /><trkpt lat="41.821145039" lon="9.260144486" /><trkpt lat="41.821135882" lon="9.260157090" /><trkpt lat="41.821126553" lon="9.260170101" /><trkpt lat="41.821117063" lon="9.260183499" /><trkpt lat="41.821107424" lon="9.260197263" /><trkpt lat="41.821097646" lon="9.260211374" /><trkpt lat="41.821087740" lon="9.260225811" /><trkpt lat="41.821077717" lon="9.260240555" /><trkpt lat="41.821067587" lon="9.260255584" /><trkpt lat="41.821057361" lon="9.260270878" /><trkpt lat="41.821047051" lon="9.260286418" /><trkpt lat="41.821036666" lon="9.260302183" /><trkpt lat="41.821026219" lon="9.260318153" /><trkpt lat="41.821015718" lon="9.260334307" /><trkpt lat="41.821005177" lon="9.260350626" /><trkpt lat="41.820994604" lon="9.260367089" /><trkpt lat="41.820984012" lon="9.260383676" /><trkpt lat="41.820973410" lon="9.260400367" /><trkpt lat="41.820962809" lon="9.260417141" /><trkpt lat="41.820952222" lon="9.260433979" /><trkpt lat="41.820941657" lon="9.260450859" /><trkpt lat="41.820931126" lon="9.260467763" /><trkpt lat="41.820920640" lon="9.260484668" /><trkpt lat="41.820910210" lon="9.260501557" /><trkpt lat="41.820899846" lon="9.260518407" /><trkpt lat="41.820889560" lon="9.260535200" /><trkpt lat="41.820879361" lon="9.260551914" /><trkpt lat="41.820869262" lon="9.260568529" /><trkpt lat="41.820859271" lon="9.260585026" /><trkpt lat="41.820849402" lon="9.260601383" /><trkpt lat="41.820839664" lon="9.260617582" /><trkpt lat="41.820830067" lon="9.260633601" /><trkpt lat="41.820820624" lon="9.260649420" /><trkpt lat="41.820811344" lon="9.260665020" /><trkpt lat="41.820802239" lon="9.260680379" /><trkpt lat="41.820793319" lon="9.260695478" /><trkpt lat="41.820784595" lon="9.260710296" /><trkpt lat="41.820776078" lon="9.260724814" /><trkpt lat="41.820767779" lon="9.260739010" /><trkpt lat="41.820759708" lon="9.260752865" /><trkpt lat="41.820751877" lon="9.260766359" /><trkpt lat="41.820744295" lon="9.260779471" /><trkpt lat="41.820736975" lon="9.260792181" /><trkpt lat="41.820729926" lon="9.260804469" /><trkpt lat="41.820721412" lon="9.260819073" /><trkpt lat="41.820712605" lon="9.260833640" /><trkpt lat="41.820703523" lon="9.260848131" /><trkpt lat="41.820694181" lon="9.260862509" /><trkpt lat="41.820684594" lon="9.260876735" /><trkpt lat="41.820674779" lon="9.260890772" /><trkpt lat="41.820664751" lon="9.260904583" /><trkpt lat="41.820654526" lon="9.260918128" /><trkpt lat="41.820644119" lon="9.260931371" /><trkpt lat="41.820633547" lon="9.260944273" /><trkpt lat="41.820622824" lon="9.260956797" /><trkpt lat="41.820611968" lon="9.260968904" /><trkpt lat="41.820600993" lon="9.260980558" /><trkpt lat="41.820589915" lon="9.260991720" /><trkpt lat="41.820578750" lon="9.261002352" /><trkpt lat="41.820567515" lon="9.261012416" /><trkpt lat="41.820556223" lon="9.261021875" /><trkpt lat="41.820544892" lon="9.261030692" /><trkpt lat="41.820533537" lon="9.261038827" /><trkpt lat="41.820522173" lon="9.261046243" /><trkpt lat="41.820510817" lon="9.261052902" /><trkpt lat="41.820499484" lon="9.261058767" /><trkpt lat="41.820488190" lon="9.261063800" /><trkpt lat="41.820476950" lon="9.261067962" /><trkpt lat="41.820465781" lon="9.261071217" /><trkpt lat="41.820454698" lon="9.261073525" /><trkpt lat="41.820443717" lon="9.261074850" /><trkpt lat="41.820432854" lon="9.261075154" /><trkpt lat="41.820422123" lon="9.261074398" /><trkpt lat="41.820411542" lon="9.261072545" /><trkpt lat="41.820401126" lon="9.261069557" /><trkpt lat="41.820390890" lon="9.261065396" /><trkpt lat="41.820380851" lon="9.261060024" /><trkpt lat="41.820371023" lon="9.261053404" /><trkpt lat="41.820361423" lon="9.261045497" /><trkpt lat="41.820352067" lon="9.261036266" /><trkpt lat="41.820342970" lon="9.261025674" /><trkpt lat="41.820334148" lon="9.261013681" /><trkpt lat="41.820326266" lon="9.261002027" /><trkpt lat="41.820318331" lon="9.260990062" /><trkpt lat="41.820310353" lon="9.260977790" /><trkpt lat="41.820302341" lon="9.260965219" /><trkpt lat="41.820294305" lon="9.260952356" /><trkpt lat="41.820286252" lon="9.260939206" /><trkpt lat="41.820278194" lon="9.260925776" /><trkpt lat="41.820270139" lon="9.260912073" /><trkpt lat="41.820262095" lon="9.260898103" /><trkpt lat="41.820254074" lon="9.260883872" /><trkpt lat="41.820246083" lon="9.260869388" /><trkpt lat="41.820238132" lon="9.260854657" /><trkpt lat="41.820230231" lon="9.260839684" /><trkpt lat="41.820222388" lon="9.260824477" /><trkpt lat="41.820214612" lon="9.260809043" /><trkpt lat="41.820206914" lon="9.260793386" /><trkpt lat="41.820199302" lon="9.260777515" /><trkpt lat="41.820191786" lon="9.260761436" /><trkpt lat="41.820184375" lon="9.260745154" /><trkpt lat="41.820177077" lon="9.260728677" /><trkpt lat="41.820169903" lon="9.260712012" /><trkpt lat="41.820162862" lon="9.260695163" /><trkpt lat="41.820155962" lon="9.260678139" /><trkpt lat="41.820149213" lon="9.260660945" /><trkpt lat="41.820142625" lon="9.260643589" /><trkpt lat="41.820136206" lon="9.260626075" /><trkpt lat="41.820129967" lon="9.260608412" /><trkpt lat="41.820123915" lon="9.260590605" /><trkpt lat="41.820118061" lon="9.260572662" /><trkpt lat="41.820112413" lon="9.260554587" /><trkpt lat="41.820106981" lon="9.260536389" /><trkpt lat="41.820101774" lon="9.260518073" /><trkpt lat="41.820096802" lon="9.260499646" /><trkpt lat="41.820092073" lon="9.260481114" /><trkpt lat="41.820087598" lon="9.260462485" /><trkpt lat="41.820083384" lon="9.260443764" /><trkpt lat="41.820079442" lon="9.260424957" /><trkpt lat="41.820075780" lon="9.260406072" /><trkpt lat="41.820072409" lon="9.260387115" /><trkpt lat="41.820069336" lon="9.260368093" /><trkpt lat="41.820066572" lon="9.260349011" /><trkpt lat="41.820064126" lon="9.260329876" /><trkpt lat="41.820061722" lon="9.260309442" /><trkpt lat="41.820059433" lon="9.260289392" /><trkpt lat="41.820057266" lon="9.260269709" /><trkpt lat="41.820055226" lon="9.260250375" /><trkpt lat="41.820053318" lon="9.260231373" /><trkpt lat="41.820051548" lon="9.260212685" /><trkpt lat="41.820049921" lon="9.260194292" /><trkpt lat="41.820048443" lon="9.260176179" /><trkpt lat="41.820047118" lon="9.260158326" /><trkpt lat="41.820045953" lon="9.260140717" /><trkpt lat="41.820044953" lon="9.260123333" /><trkpt lat="41.820044124" lon="9.260106158" /><trkpt lat="41.820043470" lon="9.260089173" /><trkpt lat="41.820042998" lon="9.260072361" /><trkpt lat="41.820042713" lon="9.260055704" /><trkpt lat="41.820042620" lon="9.260039184" /><trkpt lat="41.820042724" lon="9.260022785" /><trkpt lat="41.820043032" lon="9.260006488" /><trkpt lat="41.820043549" lon="9.259990275" /><trkpt lat="41.820044279" lon="9.259974129" /><trkpt lat="41.820045229" lon="9.259958033" /><trkpt lat="41.820046405" lon="9.259941969" /><trkpt lat="41.820047810" lon="9.259925918" /><trkpt lat="41.820049452" lon="9.259909865" /><trkpt lat="41.820051335" lon="9.259893789" /><trkpt lat="41.820053465" lon="9.259877676" /><trkpt lat="41.820055847" lon="9.259861505" /><trkpt lat="41.820058487" lon="9.259845261" /><trkpt lat="41.820061390" lon="9.259828925" /><trkpt lat="41.820064562" lon="9.259812480" /><trkpt lat="41.820068009" lon="9.259795907" /><trkpt lat="41.820071734" lon="9.259779190" /><trkpt lat="41.820075745" lon="9.259762311" /><trkpt lat="41.820080046" lon="9.259745252" /><trkpt lat="41.820084644" lon="9.259727996" /><trkpt lat="41.820089543" lon="9.259710524" /><trkpt lat="41.820094748" lon="9.259692820" /><trkpt lat="41.820100267" lon="9.259674865" /><trkpt lat="41.820106102" lon="9.259656642" /><trkpt lat="41.820111278" lon="9.259640619" /><trkpt lat="41.820116408" lon="9.259624386" /><trkpt lat="41.820121486" lon="9.259607954" /><trkpt lat="41.820126509" lon="9.259591332" /><trkpt lat="41.820131470" lon="9.259574532" /><trkpt lat="41.820136366" lon="9.259557564" /><trkpt lat="41.820141192" lon="9.259540439" /><trkpt lat="41.820145942" lon="9.259523166" /><trkpt lat="41.820150611" lon="9.259505757" /><trkpt lat="41.820155196" lon="9.259488222" /><trkpt lat="41.820159690" lon="9.259470572" /><trkpt lat="41.820164090" lon="9.259452817" /><trkpt lat="41.820168389" lon="9.259434967" /><trkpt lat="41.820172584" lon="9.259417033" /><trkpt lat="41.820176669" lon="9.259399026" /><trkpt lat="41.820180640" lon="9.259380956" /><trkpt lat="41.820184492" lon="9.259362834" /><trkpt lat="41.820188219" lon="9.259344670" /><trkpt lat="41.820191818" lon="9.259326474" /><trkpt lat="41.820195282" lon="9.259308258" /><trkpt lat="41.820198607" lon="9.259290031" /><trkpt lat="41.820201789" lon="9.259271804" /><trkpt lat="41.820204822" lon="9.259253588" /><trkpt lat="41.820207702" lon="9.259235393" /><trkpt lat="41.820210423" lon="9.259217229" /><trkpt lat="41.820212981" lon="9.259199108" /><trkpt lat="41.820215371" lon="9.259181040" /><trkpt lat="41.820217589" lon="9.259163034" /><trkpt lat="41.820219628" lon="9.259145103" /><trkpt lat="41.820221484" lon="9.259127255" /><trkpt lat="41.820223153" lon="9.259109502" /><trkpt lat="41.820224630" lon="9.259091855" /><trkpt lat="41.820225909" lon="9.259074323" /><trkpt lat="41.820226985" lon="9.259056917" /><trkpt lat="41.820227855" lon="9.259039649" /><trkpt lat="41.820228513" lon="9.259022527" /><trkpt lat="41.820228954" lon="9.259005563" /><trkpt lat="41.820229173" lon="9.258988768" /><trkpt lat="41.820229165" lon="9.258972151" /><trkpt lat="41.820228926" lon="9.258955723" /><trkpt lat="41.820228451" lon="9.258939495" /><trkpt lat="41.820227735" lon="9.258923478" /><trkpt lat="41.820226772" lon="9.258907681" /><trkpt lat="41.820225558" lon="9.258892116" /><trkpt lat="41.820224089" lon="9.258876792" /><trkpt lat="41.820221665" lon="9.258854540" /><trkpt lat="41.820219174" lon="9.258833352" /><trkpt lat="41.820216589" lon="9.258813181" /><trkpt lat="41.820213880" lon="9.258793983" /><trkpt lat="41.820211022" lon="9.258775713" /><trkpt lat="41.820207985" lon="9.258758325" /><trkpt lat="41.820204744" lon="9.258741773" /><trkpt lat="41.820201270" lon="9.258726013" /><trkpt lat="41.820197535" lon="9.258711000" /><trkpt lat="41.820193513" lon="9.258696687" /><trkpt lat="41.820189175" lon="9.258683030" /><trkpt lat="41.820184494" lon="9.258669983" /><trkpt lat="41.820179443" lon="9.258657502" /><trkpt lat="41.820173994" lon="9.258645540" /><trkpt lat="41.820168120" lon="9.258634052" /><trkpt lat="41.820161792" lon="9.258622994" /><trkpt lat="41.820154983" lon="9.258612320" /><trkpt lat="41.820147667" lon="9.258601984" /><trkpt lat="41.820139815" lon="9.258591941" /><trkpt lat="41.820131399" lon="9.258582147" /><trkpt lat="41.820122393" lon="9.258572555" /><trkpt lat="41.820112768" lon="9.258563120" /><trkpt lat="41.820102498" lon="9.258553797" /><trkpt lat="41.820091554" lon="9.258544542" /><trkpt lat="41.820079909" lon="9.258535307" /><trkpt lat="41.820067536" lon="9.258526049" /><trkpt lat="41.820054406" lon="9.258516722" /><trkpt lat="41.820040494" lon="9.258507280" /><trkpt lat="41.820025770" lon="9.258497678" /><trkpt lat="41.820010207" lon="9.258487872" /><trkpt lat="41.819995037" lon="9.258478553" /><trkpt lat="41.819979534" lon="9.258469205" /><trkpt lat="41.819963731" lon="9.258459832" /><trkpt lat="41.819947661" lon="9.258450438" /><trkpt lat="41.819931359" lon="9.258441026" /><trkpt lat="41.819914857" lon="9.258431600" /><trkpt lat="41.819898190" lon="9.258422162" /><trkpt lat="41.819881390" lon="9.258412716" /><trkpt lat="41.819864492" lon="9.258403267" /><trkpt lat="41.819847529" lon="9.258393817" /><trkpt lat="41.819830534" lon="9.258384369" /><trkpt lat="41.819813542" lon="9.258374928" /><trkpt lat="41.819796584" lon="9.258365497" /><trkpt lat="41.819779697" lon="9.258356078" /><trkpt lat="41.819762911" lon="9.258346676" /><trkpt lat="41.819746262" lon="9.258337295" /><trkpt lat="41.819729783" lon="9.258327937" /><trkpt lat="41.819713508" lon="9.258318606" /><trkpt lat="41.819697469" lon="9.258309305" /><trkpt lat="41.819681701" lon="9.258300039" /><trkpt lat="41.819666236" lon="9.258290810" /><trkpt lat="41.819651110" lon="9.258281622" /><trkpt lat="41.819636354" lon="9.258272478" /><trkpt lat="41.819622004" lon="9.258263382" /><trkpt lat="41.819608091" lon="9.258254337" /><trkpt lat="41.819594650" lon="9.258245347" /><trkpt lat="41.819581715" lon="9.258236416" /><trkpt lat="41.819569319" lon="9.258227546" /><trkpt lat="41.819557495" lon="9.258218741" /><trkpt lat="41.819546277" lon="9.258210005" /><trkpt lat="41.819535699" lon="9.258201341" /><trkpt lat="41.819525794" lon="9.258192752" /><trkpt lat="41.819517255" lon="9.258184542" /><trkpt lat="41.819509131" lon="9.258175578" /><trkpt lat="41.819501442" lon="9.258165905" /><trkpt lat="41.819494210" lon="9.258155571" /><trkpt lat="41.819487459" lon="9.258144621" /><trkpt lat="41.819481210" lon="9.258133102" /><trkpt lat="41.819475486" lon="9.258121062" /><trkpt lat="41.819470307" lon="9.258108546" /><trkpt lat="41.819465697" lon="9.258095601" /><trkpt lat="41.819461677" lon="9.258082273" /><trkpt lat="41.819458270" lon="9.258068610" /><trkpt lat="41.819455498" lon="9.258054657" /><trkpt lat="41.819453383" lon="9.258040461" /><trkpt lat="41.819451946" lon="9.258026069" /><trkpt lat="41.819451211" lon="9.258011527" /><trkpt lat="41.819451198" lon="9.257996882" /><trkpt lat="41.819451931" lon="9.257982180" /><trkpt lat="41.819453431" lon="9.257967468" /><trkpt lat="41.819455721" lon="9.257952793" /><trkpt lat="41.819458822" lon="9.257938200" /><trkpt lat="41.819462756" lon="9.257923737" /><trkpt lat="41.819467547" lon="9.257909450" /><trkpt lat="41.819473215" lon="9.257895386" /><trkpt lat="41.819479783" lon="9.257881591" /><trkpt lat="41.819487273" lon="9.257868111" /><trkpt lat="41.819495707" lon="9.257854994" /><trkpt lat="41.819505107" lon="9.257842285" /><trkpt lat="41.819515496" lon="9.257830032" /><trkpt lat="41.819526894" lon="9.257818280" /><trkpt lat="41.819539326" lon="9.257807077" /><trkpt lat="41.819552812" lon="9.257796469" /><trkpt lat="41.819567375" lon="9.257786502" /><trkpt lat="41.819583036" lon="9.257777224" /><trkpt lat="41.819599819" lon="9.257768680" /><trkpt lat="41.819617744" lon="9.257760917" /><trkpt lat="41.819634845" lon="9.257754226" /><trkpt lat="41.819652053" lon="9.257747702" /><trkpt lat="41.819669360" lon="9.257741338" /><trkpt lat="41.819686756" lon="9.257735130" /><trkpt lat="41.819704231" lon="9.257729071" /><trkpt lat="41.819721775" lon="9.257723156" /><trkpt lat="41.819739378" lon="9.257717377" /><trkpt lat="41.819757032" lon="9.257711731" /><trkpt lat="41.819774726" lon="9.257706210" /><trkpt lat="41.819792450" lon="9.257700809" /><trkpt lat="41.819810195" lon="9.257695522" /><trkpt lat="41.819827951" lon="9.257690343" /><trkpt lat="41.819845708" lon="9.257685267" /><trkpt lat="41.819863457" lon="9.257680287" /><trkpt lat="41.819881189" lon="9.257675397" /><trkpt lat="41.819898892" lon="9.257670592" /><trkpt lat="41.819916558" lon="9.257665867" /><trkpt lat="41.819934177" lon="9.257661214" /><trkpt lat="41.819951740" lon="9.257656628" /><trkpt lat="41.819969236" lon="9.257652104" /><trkpt lat="41.819986655" lon="9.257647635" /><trkpt lat="41.820003989" lon="9.257643215" /><trkpt lat="41.820021228" lon="9.257638840" /><trkpt lat="41.820038361" lon="9.257634502" /><trkpt lat="41.820055379" lon="9.257630196" /><trkpt lat="41.820072273" lon="9.257625916" /><trkpt lat="41.820089032" lon="9.257621657" /><trkpt lat="41.820105647" lon="9.257617412" /><trkpt lat="41.820122109" lon="9.257613176" /><trkpt lat="41.820138407" lon="9.257608942" /><trkpt lat="41.820154532" lon="9.257604705" /><trkpt lat="41.820170475" lon="9.257600459" /><trkpt lat="41.820186224" lon="9.257596199" /><trkpt lat="41.820201772" lon="9.257591917" /><trkpt lat="41.820217108" lon="9.257587609" /><trkpt lat="41.820232222" lon="9.257583269" /><trkpt lat="41.820247105" lon="9.257578890" /><trkpt lat="41.820261747" lon="9.257574468" /><trkpt lat="41.820276139" lon="9.257569956" /><trkpt lat="41.820290276" lon="9.257565298" /><trkpt lat="41.820304148" lon="9.257560472" /><trkpt lat="41.820317750" lon="9.257555455" /><trkpt lat="41.820331073" lon="9.257550224" /><trkpt lat="41.820344112" lon="9.257544756" /><trkpt lat="41.820356858" lon="9.257539028" /><trkpt lat="41.820369304" lon="9.257533018" /><trkpt lat="41.820381444" lon="9.257526702" /><trkpt lat="41.820393269" lon="9.257520057" /><trkpt lat="41.820404773" lon="9.257513061" /><trkpt lat="41.820415949" lon="9.257505691" /><trkpt lat="41.820426788" lon="9.257497923" /><trkpt lat="41.820437285" lon="9.257489736" /><trkpt lat="41.820447432" lon="9.257481105" /><trkpt lat="41.820457221" lon="9.257472009" /><trkpt lat="41.820466646" lon="9.257462425" /><trkpt lat="41.820475699" lon="9.257452329" /><trkpt lat="41.820484373" lon="9.257441698" /><trkpt lat="41.820492661" lon="9.257430511" /><trkpt lat="41.820500555" lon="9.257418743" /><trkpt lat="41.820508049" lon="9.257406372" /><trkpt lat="41.820515135" lon="9.257393375" /><trkpt lat="41.820521806" lon="9.257379730" /><trkpt lat="41.820528054" lon="9.257365413" /><trkpt lat="41.820533873" lon="9.257350401" /><trkpt lat="41.820539256" lon="9.257334672" /><trkpt lat="41.820544194" lon="9.257318203" /><trkpt lat="41.820548681" lon="9.257300970" /><trkpt lat="41.820552710" lon="9.257282952" /><trkpt lat="41.820556274" lon="9.257264125" /><trkpt lat="41.820559364" lon="9.257244466" /><trkpt lat="41.820561975" lon="9.257223952" /><trkpt lat="41.820564099" lon="9.257202561" /><trkpt lat="41.820565728" lon="9.257180269" /><trkpt lat="41.820566855" lon="9.257157054" /><trkpt lat="41.820567474" lon="9.257132893" /><trkpt lat="41.820567576" lon="9.257107763" /><trkpt lat="41.820567456" lon="9.257091565" /><trkpt lat="41.820567293" lon="9.257074908" /><trkpt lat="41.820567088" lon="9.257057813" /><trkpt lat="41.820566840" lon="9.257040299" /><trkpt lat="41.820566550" lon="9.257022388" /><trkpt lat="41.820566219" lon="9.257004101" /><trkpt lat="41.820565847" lon="9.256985458" /><trkpt lat="41.820565434" lon="9.256966480" /><trkpt lat="41.820564981" lon="9.256947188" /><trkpt lat="41.820564489" lon="9.256927602" /><trkpt lat="41.820563957" lon="9.256907743" /><trkpt lat="41.820563386" lon="9.256887632" /><trkpt lat="41.820562777" lon="9.256867289" /><trkpt lat="41.820562130" lon="9.256846735" /><trkpt lat="41.820561445" lon="9.256825991" /><trkpt lat="41.820560724" lon="9.256805078" /><trkpt lat="41.820559965" lon="9.256784016" /><trkpt lat="41.820559170" lon="9.256762826" /><trkpt lat="41.820558339" lon="9.256741529" /><trkpt lat="41.820557473" lon="9.256720144" /><trkpt lat="41.820556572" lon="9.256698694" /><trkpt lat="41.820555636" lon="9.256677199" /><trkpt lat="41.820554665" lon="9.256655679" /><trkpt lat="41.820553661" lon="9.256634155" /><trkpt lat="41.820552624" lon="9.256612648" /><trkpt lat="41.820551554" lon="9.256591179" /><trkpt lat="41.820550451" lon="9.256569768" /><trkpt lat="41.820549316" lon="9.256548435" /><trkpt lat="41.820548150" lon="9.256527203" /><trkpt lat="41.820546952" lon="9.256506090" /><trkpt lat="41.820545723" lon="9.256485119" /><trkpt lat="41.820544464" lon="9.256464309" /><trkpt lat="41.820543175" lon="9.256443682" /><trkpt lat="41.820541856" lon="9.256423258" /><trkpt lat="41.820540509" lon="9.256403058" /><trkpt lat="41.820539132" lon="9.256383102" /><trkpt lat="41.820537727" lon="9.256363412" /><trkpt lat="41.820536295" lon="9.256344007" /><trkpt lat="41.820534834" lon="9.256324909" /><trkpt lat="41.820533347" lon="9.256306139" /><trkpt lat="41.820531834" lon="9.256287716" /><trkpt lat="41.820530294" lon="9.256269662" /><trkpt lat="41.820528728" lon="9.256251998" /><trkpt lat="41.820527137" lon="9.256234743" /><trkpt lat="41.820525521" lon="9.256217920" /><trkpt lat="41.820523881" lon="9.256201548" /><trkpt lat="41.820522216" lon="9.256185648" /><trkpt lat="41.820520528" lon="9.256170241" /><trkpt lat="41.820518816" lon="9.256155348" /><trkpt lat="41.820517082" lon="9.256140989" /><trkpt lat="41.820515326" lon="9.256127185" /><trkpt lat="41.820513547" lon="9.256113956" /><trkpt lat="41.820511747" lon="9.256101325" /><trkpt lat="41.820509926" lon="9.256089310" /><trkpt lat="41.820508084" lon="9.256077933" /><trkpt lat="41.820506222" lon="9.256067214" /><trkpt lat="41.820504340" lon="9.256057175" /><trkpt lat="41.820502438" lon="9.256047836" /><trkpt lat="41.820500518" lon="9.256039217" /><trkpt lat="41.820498579" lon="9.256031340" /><trkpt lat="41.820496622" lon="9.256024224" /><trkpt lat="41.820492203" lon="9.256010461" /><trkpt lat="41.820486979" lon="9.255996540" /><trkpt lat="41.820481004" lon="9.255982479" /><trkpt lat="41.820474330" lon="9.255968294" /><trkpt lat="41.820467012" lon="9.255954003" /><trkpt lat="41.820459104" lon="9.255939623" /><trkpt lat="41.820450659" lon="9.255925170" /><trkpt lat="41.820441730" lon="9.255910662" /><trkpt lat="41.820432372" lon="9.255896116" /><trkpt lat="41.820422639" lon="9.255881548" /><trkpt lat="41.820412583" lon="9.255866975" /><trkpt lat="41.820402260" lon="9.255852415" /><trkpt lat="41.820391722" lon="9.255837885" /><trkpt lat="41.820381023" lon="9.255823401" /><trkpt lat="41.820370217" lon="9.255808981" /><trkpt lat="41.820359358" lon="9.255794641" /><trkpt lat="41.820348499" lon="9.255780399" /><trkpt lat="41.820337695" lon="9.255766271" /><trkpt lat="41.820326998" lon="9.255752274" /><trkpt lat="41.820316463" lon="9.255738426" /><trkpt lat="41.820306143" lon="9.255724743" /><trkpt lat="41.820296092" lon="9.255711243" /><trkpt lat="41.820286364" lon="9.255697942" /><trkpt lat="41.820277013" lon="9.255684857" /><trkpt lat="41.820268091" lon="9.255672006" /><trkpt lat="41.820259654" lon="9.255659405" /><trkpt lat="41.820251754" lon="9.255647071" /><trkpt lat="41.820244446" lon="9.255635021" /><trkpt lat="41.820237783" lon="9.255623273" /><trkpt lat="41.820231819" lon="9.255611843" /><trkpt lat="41.820227388" lon="9.255602114" /><trkpt lat="41.820223164" lon="9.255591239" /><trkpt lat="41.820219132" lon="9.255579283" /><trkpt lat="41.820215280" lon="9.255566309" /><trkpt lat="41.820211595" lon="9.255552382" /><trkpt lat="41.820208064" lon="9.255537566" /><trkpt lat="41.820204674" lon="9.255521927" /><trkpt lat="41.820201412" lon="9.255505529" /><trkpt lat="41.820198265" lon="9.255488435" /><trkpt lat="41.820195219" lon="9.255470712" /><trkpt lat="41.820192262" lon="9.255452422" /><trkpt lat="41.820189381" lon="9.255433631" /><trkpt lat="41.820186563" lon="9.255414404" /><trkpt lat="41.820183795" lon="9.255394803" /><trkpt lat="41.820181063" lon="9.255374896" /><trkpt lat="41.820178355" lon="9.255354744" /><trkpt lat="41.820175657" lon="9.255334414" /><trkpt lat="41.820172957" lon="9.255313969" /><trkpt lat="41.820170242" lon="9.255293475" /><trkpt lat="41.820167498" lon="9.255272995" /><trkpt lat="41.820164713" lon="9.255252594" /><trkpt lat="41.820161874" lon="9.255232337" /><trkpt lat="41.820158967" lon="9.255212288" /><trkpt lat="41.820155979" lon="9.255192512" /><trkpt lat="41.820152898" lon="9.255173072" /><trkpt lat="41.820149710" lon="9.255154035" /><trkpt lat="41.820146403" lon="9.255135463" /><trkpt lat="41.820142963" lon="9.255117422" /><trkpt lat="41.820139378" lon="9.255099976" /><trkpt lat="41.820135634" lon="9.255083189" /><trkpt lat="41.820131718" lon="9.255067127" /><trkpt lat="41.820127618" lon="9.255051853" /><trkpt lat="41.820123320" lon="9.255037433" /><trkpt lat="41.820118811" lon="9.255023930" /><trkpt lat="41.820114078" lon="9.255011409" /><trkpt lat="41.820109109" lon="9.254999934" /><trkpt lat="41.820103890" lon="9.254989571" /><trkpt lat="41.820097284" lon="9.254977386" /><trkpt lat="41.820090636" lon="9.254965005" /><trkpt lat="41.820083911" lon="9.254952472" /><trkpt lat="41.820077072" lon="9.254939836" /><trkpt lat="41.820070085" lon="9.254927142" /><trkpt lat="41.820062913" lon="9.254914437" /><trkpt lat="41.820055521" lon="9.254901768" /><trkpt lat="41.820047874" lon="9.254889182" /><trkpt lat="41.820039935" lon="9.254876725" /><trkpt lat="41.820031671" lon="9.254864444" /><trkpt lat="41.820023044" lon="9.254852385" /><trkpt lat="41.820014020" lon="9.254840596" /><trkpt lat="41.820004563" lon="9.254829123" /><trkpt lat="41.819994637" lon="9.254818012" /><trkpt lat="41.819984207" lon="9.254807311" /><trkpt lat="41.819973237" lon="9.254797065" /><trkpt lat="41.819961692" lon="9.254787322" /><trkpt lat="41.819949536" lon="9.254778129" /><trkpt lat="41.819936734" lon="9.254769532" /><trkpt lat="41.819923250" lon="9.254761577" /><trkpt lat="41.819909049" lon="9.254754311" /><trkpt lat="41.819894094" lon="9.254747782" /><trkpt lat="41.819878351" lon="9.254742035" /><trkpt lat="41.819861785" lon="9.254737118" /><trkpt lat="41.819844358" lon="9.254733077" /><trkpt lat="41.819826037" lon="9.254729958" /><trkpt lat="41.819806785" lon="9.254727809" /><trkpt lat="41.819786567" lon="9.254726676" /><trkpt lat="41.819765347" lon="9.254726605" /><trkpt lat="41.819743090" lon="9.254727644" /><trkpt lat="41.819726361" lon="9.254728883" /><trkpt lat="41.819709530" lon="9.254730229" /><trkpt lat="41.819692607" lon="9.254731659" /><trkpt lat="41.819675603" lon="9.254733150" /><trkpt lat="41.819658530" lon="9.254734681" /><trkpt lat="41.819641397" lon="9.254736228" /><trkpt lat="41.819624217" lon="9.254737768" /><trkpt lat="41.819607000" lon="9.254739280" /><trkpt lat="41.819589757" lon="9.254740740" /><trkpt lat="41.819572498" lon="9.254742125" /><trkpt lat="41.819555236" lon="9.254743414" /><trkpt lat="41.819537980" lon="9.254744583" /><trkpt lat="41.819520742" lon="9.254745609" /><trkpt lat="41.819503532" lon="9.254746471" /><trkpt lat="41.819486362" lon="9.254747144" /><trkpt lat="41.819469243" lon="9.254747608" /><trkpt lat="41.819452185" lon="9.254747838" /><trkpt lat="41.819435199" lon="9.254747813" /><trkpt lat="41.819418296" lon="9.254747509" /><trkpt lat="41.819401488" lon="9.254746904" /><trkpt lat="41.819384784" lon="9.254745975" /><trkpt lat="41.819368197" lon="9.254744700" /><trkpt lat="41.819351737" lon="9.254743056" /><trkpt lat="41.819335415" lon="9.254741020" /><trkpt lat="41.819319241" lon="9.254738570" /><trkpt lat="41.819303227" lon="9.254735682" /><trkpt lat="41.819287384" lon="9.254732335" /><trkpt lat="41.819271723" lon="9.254728506" /><trkpt lat="41.819256254" lon="9.254724171" /><trkpt lat="41.819240989" lon="9.254719308" /><trkpt lat="41.819225938" lon="9.254713895" /><trkpt lat="41.819211113" lon="9.254707909" /><trkpt lat="41.819196523" lon="9.254701327" /><trkpt lat="41.819182181" lon="9.254694127" /><trkpt lat="41.819168098" lon="9.254686285" /><trkpt lat="41.819154283" lon="9.254677780" /><trkpt lat="41.819140748" lon="9.254668588" /><trkpt lat="41.819127504" lon="9.254658687" /><trkpt lat="41.819114563" lon="9.254648055" /><trkpt lat="41.819101934" lon="9.254636667" /><trkpt lat="41.819089628" lon="9.254624503" /><trkpt lat="41.819075524" lon="9.254609720" /><trkpt lat="41.819061646" lon="9.254594814" /><trkpt lat="41.819047988" lon="9.254579806" /><trkpt lat="41.819034541" lon="9.254564716" /><trkpt lat="41.819021298" lon="9.254549565" /><trkpt lat="41.819008250" lon="9.254534375" /><trkpt lat="41.818995391" lon="9.254519167" /><trkpt lat="41.818982712" lon="9.254503962" /><trkpt lat="41.818970205" lon="9.254488780" /><trkpt lat="41.818957862" lon="9.254473642" /><trkpt lat="41.818945676" lon="9.254458571" /><trkpt lat="41.818933639" lon="9.254443586" /><trkpt lat="41.818921743" lon="9.254428709" /><trkpt lat="41.818909981" lon="9.254413960" /><trkpt lat="41.818898343" lon="9.254399362" /><trkpt lat="41.818886823" lon="9.254384934" /><trkpt lat="41.818875413" lon="9.254370698" /><trkpt lat="41.818864104" lon="9.254356674" /><trkpt lat="41.818852889" lon="9.254342885" /><trkpt lat="41.818841761" lon="9.254329350" /><trkpt lat="41.818830711" lon="9.254316092" /><trkpt lat="41.818819731" lon="9.254303130" /><trkpt lat="41.818808814" lon="9.254290486" /><trkpt lat="41.818797952" lon="9.254278181" /><trkpt lat="41.818787137" lon="9.254266236" /><trkpt lat="41.818776361" lon="9.254254672" /><trkpt lat="41.818765616" lon="9.254243511" /><trkpt lat="41.818754895" lon="9.254232772" /><trkpt lat="41.818744190" lon="9.254222477" /><trkpt lat="41.818733492" lon="9.254212647" /><trkpt lat="41.818722794" lon="9.254203303" /><trkpt lat="41.818712089" lon="9.254194467" /><trkpt lat="41.818701368" lon="9.254186158" /><trkpt lat="41.818690623" lon="9.254178399" /><trkpt lat="41.818679847" lon="9.254171210" /><trkpt lat="41.818667304" lon="9.254163326" /><trkpt lat="41.818654859" lon="9.254155749" /><trkpt lat="41.818642505" lon="9.254148451" /><trkpt lat="41.818630236" lon="9.254141403" /><trkpt lat="41.818618047" lon="9.254134578" /><trkpt lat="41.818605931" lon="9.254127946" /><trkpt lat="41.818593882" lon="9.254121480" /><trkpt lat="41.818581895" lon="9.254115150" /><trkpt lat="41.818569963" lon="9.254108930" /><trkpt lat="41.818558080" lon="9.254102790" /><trkpt lat="41.818546241" lon="9.254096702" /><trkpt lat="41.818534439" lon="9.254090638" /><trkpt lat="41.818522668" lon="9.254084569" /><trkpt lat="41.818510923" lon="9.254078468" /><trkpt lat="41.818499197" lon="9.254072306" /><trkpt lat="41.818487484" lon="9.254066054" /><trkpt lat="41.818475779" lon="9.254059684" /><trkpt lat="41.818464075" lon="9.254053169" /><trkpt lat="41.818452366" lon="9.254046479" /><trkpt lat="41.818440646" lon="9.254039586" /><trkpt lat="41.818428910" lon="9.254032463" /><trkpt lat="41.818417151" lon="9.254025080" /><trkpt lat="41.818405364" lon="9.254017410" /><trkpt lat="41.818393542" lon="9.254009423" /><trkpt lat="41.818381679" lon="9.254001093" /><trkpt lat="41.818369769" lon="9.253992389" /><trkpt lat="41.818357807" lon="9.253983285" /><trkpt lat="41.818345786" lon="9.253973752" /><trkpt lat="41.818333701" lon="9.253963761" /><trkpt lat="41.818321544" lon="9.253953285" /><trkpt lat="41.818309312" lon="9.253942488" /><trkpt lat="41.818297011" lon="9.253931570" /><trkpt lat="41.818284652" lon="9.253920554" /><trkpt lat="41.818272244" lon="9.253909460" /><trkpt lat="41.818259799" lon="9.253898312" /><trkpt lat="41.818247327" lon="9.253887131" /><trkpt lat="41.818234839" lon="9.253875939" /><trkpt lat="41.818222346" lon="9.253864758" /><trkpt lat="41.818209859" lon="9.253853611" /><trkpt lat="41.818197387" lon="9.253842519" /><trkpt lat="41.818184942" lon="9.253831505" /><trkpt lat="41.818172534" lon="9.253820590" /><trkpt lat="41.818160175" lon="9.253809797" /><trkpt lat="41.818147873" lon="9.253799148" /><trkpt lat="41.818135642" lon="9.253788664" /><trkpt lat="41.818123490" lon="9.253778368" /><trkpt lat="41.818111429" lon="9.253768282" /><trkpt lat="41.818099469" lon="9.253758428" /><trkpt lat="41.818087621" lon="9.253748827" /><trkpt lat="41.818075895" lon="9.253739503" /><trkpt lat="41.818064303" lon="9.253730477" /><trkpt lat="41.818052855" lon="9.253721770" /><trkpt lat="41.818041561" lon="9.253713406" /><trkpt lat="41.818030433" lon="9.253705406" /><trkpt lat="41.818019480" lon="9.253697792" /><trkpt lat="41.818008714" lon="9.253690587" /><trkpt lat="41.817998145" lon="9.253683811" /><trkpt lat="41.817987784" lon="9.253677489" /><trkpt lat="41.817977642" lon="9.253671640" /><trkpt lat="41.817967729" lon="9.253666288" /><trkpt lat="41.817957976" lon="9.253661069" /><trkpt lat="41.817948298" lon="9.253655598" /><trkpt lat="41.817938684" lon="9.253649873" /><trkpt lat="41.817929120" lon="9.253643886" /><trkpt lat="41.817919597" lon="9.253637634" /><trkpt lat="41.817910100" lon="9.253631111" /><trkpt lat="41.817900618" lon="9.253624312" /><trkpt lat="41.817891140" lon="9.253617232" /><trkpt lat="41.817881653" lon="9.253609866" /><trkpt lat="41.817872144" lon="9.253602209" /><trkpt lat="41.817862603" lon="9.253594255" /><trkpt lat="41.817853017" lon="9.253586000" /><trkpt lat="41.817843373" lon="9.253577438" /><trkpt lat="41.817833660" lon="9.253568564" /><trkpt lat="41.817823866" lon="9.253559374" /><trkpt lat="41.817813979" lon="9.253549862" /><trkpt lat="41.817803986" lon="9.253540023" /><trkpt lat="41.817793876" lon="9.253529852" /><trkpt lat="41.817783637" lon="9.253519344" /><trkpt lat="41.817773256" lon="9.253508493" /><trkpt lat="41.817762721" lon="9.253497295" /><trkpt lat="41.817752021" lon="9.253485745" /><trkpt lat="41.817741144" lon="9.253473837" /><trkpt lat="41.817730076" lon="9.253461566" /><trkpt lat="41.817718807" lon="9.253448928" /><trkpt lat="41.817707324" lon="9.253435917" /><trkpt lat="41.817695615" lon="9.253422527" /><trkpt lat="41.817683669" lon="9.253408755" /><trkpt lat="41.817671472" lon="9.253394595" /><trkpt lat="41.817659014" lon="9.253380041" /><trkpt lat="41.817649860" lon="9.253369306" /><trkpt lat="41.817640398" lon="9.253358192" /><trkpt lat="41.817630636" lon="9.253346719" /><trkpt lat="41.817620587" lon="9.253334911" /><trkpt lat="41.817610259" lon="9.253322789" /><trkpt lat="41.817599665" lon="9.253310376" /><trkpt lat="41.817588814" lon="9.253297693" /><trkpt lat="41.817577718" lon="9.253284764" /><trkpt lat="41.817566385" lon="9.253271610" /><trkpt lat="41.817554828" lon="9.253258254" /><trkpt lat="41.817543056" lon="9.253244718" /><trkpt lat="41.817531081" lon="9.253231023" /><trkpt lat="41.817518912" lon="9.253217192" /><trkpt lat="41.817506560" lon="9.253203248" /><trkpt lat="41.817494036" lon="9.253189212" /><trkpt lat="41.817481350" lon="9.253175107" /><trkpt lat="41.817468513" lon="9.253160954" /><trkpt lat="41.817455535" lon="9.253146777" /><trkpt lat="41.817442427" lon="9.253132597" /><trkpt lat="41.817429199" lon="9.253118436" /><trkpt lat="41.817415862" lon="9.253104318" /><trkpt lat="41.817402427" lon="9.253090262" /><trkpt lat="41.817388904" lon="9.253076294" /><trkpt lat="41.817375303" lon="9.253062433" /><trkpt lat="41.817361635" lon="9.253048703" /><trkpt lat="41.817347910" lon="9.253035125" /><trkpt lat="41.817334140" lon="9.253021722" /><trkpt lat="41.817320334" lon="9.253008517" /><trkpt lat="41.817306503" lon="9.252995530" /><trkpt lat="41.817292658" lon="9.252982785" /><trkpt lat="41.817278809" lon="9.252970304" /><trkpt lat="41.817264967" lon="9.252958108" /><trkpt lat="41.817251142" lon="9.252946221" /><trkpt lat="41.817237345" lon="9.252934663" /><trkpt lat="41.817223586" lon="9.252923458" /><trkpt lat="41.817209876" lon="9.252912628" /><trkpt lat="41.817196226" lon="9.252902195" /><trkpt lat="41.817182645" lon="9.252892180" /><trkpt lat="41.817169145" lon="9.252882607" /><trkpt lat="41.817155736" lon="9.252873497" /><trkpt lat="41.817142428" lon="9.252864873" /><trkpt lat="41.817129232" lon="9.252856757" /><trkpt lat="41.817113858" lon="9.252847524" /><trkpt lat="41.817098396" lon="9.252838181" /><trkpt lat="41.817082859" lon="9.252828766" /><trkpt lat="41.817067261" lon="9.252819320" /><trkpt lat="41.817051614" lon="9.252809881" /><trkpt lat="41.817035933" lon="9.252800489" /><trkpt lat="41.817020231" lon="9.252791183" /><trkpt lat="41.817004520" lon="9.252782002" /><trkpt lat="41.816988815" lon="9.252772987" /><trkpt lat="41.816973128" lon="9.252764176" /><trkpt lat="41.816957474" lon="9.252755609" /><trkpt lat="41.816941865" lon="9.252747325" /><trkpt lat="41.816926314" lon="9.252739363" /><trkpt lat="41.816910836" lon="9.252731763" /><trkpt lat="41.816895443" lon="9.252724565" /><trkpt lat="41.816880149" lon="9.252717807" /><trkpt lat="41.816864967" lon="9.252711530" /><trkpt lat="41.816849911" lon="9.252705771" /><trkpt lat="41.816834993" lon="9.252700572" /><trkpt lat="41.816820228" lon="9.252695971" /><trkpt lat="41.816805628" lon="9.252692007" /><trkpt lat="41.816791206" lon="9.252688720" /><trkpt lat="41.816776977" lon="9.252686149" /><trkpt lat="41.816762954" lon="9.252684335" /><trkpt lat="41.816749150" lon="9.252683315" /><trkpt lat="41.816735577" lon="9.252683130" /><trkpt lat="41.816722251" lon="9.252683818" /><trkpt lat="41.816709183" lon="9.252685420" /><trkpt lat="41.816696388" lon="9.252687974" /><trkpt lat="41.816683878" lon="9.252691521" /><trkpt lat="41.816671667" lon="9.252696098" /><trkpt lat="41.816659769" lon="9.252701747" /><trkpt lat="41.816648196" lon="9.252708505" /><trkpt lat="41.816636963" lon="9.252716413" /><trkpt lat="41.816626081" lon="9.252725510" /><trkpt lat="41.816615566" lon="9.252735835" /><trkpt lat="41.816604913" lon="9.252747033" /><trkpt lat="41.816594223" lon="9.252758111" /><trkpt lat="41.816583526" lon="9.252769097" /><trkpt lat="41.816572853" lon="9.252780017" /><trkpt lat="41.816562234" lon="9.252790895" /><trkpt lat="41.816551700" lon="9.252801758" /><trkpt lat="41.816541283" lon="9.252812632" /><trkpt lat="41.816531012" lon="9.252823543" /><trkpt lat="41.816520919" lon="9.252834517" /><trkpt lat="41.816511035" lon="9.252845579" /><trkpt lat="41.816501389" lon="9.252856756" /><trkpt lat="41.816492014" lon="9.252868073" /><trkpt lat="41.816482939" lon="9.252879556" /><trkpt lat="41.816474196" lon="9.252891232" /><trkpt lat="41.816465815" lon="9.252903125" /><trkpt lat="41.816457827" lon="9.252915263" /><trkpt lat="41.816450263" lon="9.252927670" /><trkpt lat="41.816443154" lon="9.252940374" /><trkpt lat="41.816436530" lon="9.252953398" /><trkpt lat="41.816430422" lon="9.252966771" /><trkpt lat="41.816424861" lon="9.252980517" /><trkpt lat="41.816419877" lon="9.252994662" /><trkpt lat="41.816415502" lon="9.253009233" /><trkpt lat="41.816411766" lon="9.253024255" /><trkpt lat="41.816408701" lon="9.253039754" /><trkpt lat="41.816406336" lon="9.253055755" /><trkpt lat="41.816404702" lon="9.253072286" /><trkpt lat="41.816403831" lon="9.253089372" /><trkpt lat="41.816403753" lon="9.253107038" /><trkpt lat="41.816404499" lon="9.253125311" /><trkpt lat="41.816406099" lon="9.253144216" /><trkpt lat="41.816408585" lon="9.253163779" /><trkpt lat="41.816411987" lon="9.253184027" /><trkpt lat="41.816416336" lon="9.253204985" /><trkpt lat="41.816421662" lon="9.253226679" /><trkpt lat="41.816427361" lon="9.253248421" /><trkpt lat="41.816432809" lon="9.253269528" /><trkpt lat="41.816438008" lon="9.253290037" /><trkpt lat="41.816442961" lon="9.253309983" /><trkpt lat="41.816447673" lon="9.253329401" /><trkpt lat="41.816452145" lon="9.253348328" /><trkpt lat="41.816456381" lon="9.253366798" /><trkpt lat="41.816460384" lon="9.253384848" /><trkpt lat="41.816464157" lon="9.253402514" /><trkpt lat="41.816467704" lon="9.253419830" /><trkpt lat="41.816471026" lon="9.253436833" /><trkpt lat="41.816474128" lon="9.253453558" /><trkpt lat="41.816477012" lon="9.253470041" /><trkpt lat="41.816479681" lon="9.253486317" /><trkpt lat="41.816482140" lon="9.253502423" /><trkpt lat="41.816484389" lon="9.253518394" /><trkpt lat="41.816486434" lon="9.253534265" /><trkpt lat="41.816488276" lon="9.253550072" /><trkpt lat="41.816489918" lon="9.253565851" /><trkpt lat="41.816491365" lon="9.253581638" /><trkpt lat="41.816492619" lon="9.253597468" /><trkpt lat="41.816493683" lon="9.253613377" /><trkpt lat="41.816494560" lon="9.253629400" /><trkpt lat="41.816495253" lon="9.253645573" /><trkpt lat="41.816495765" lon="9.253661932" /><trkpt lat="41.816496100" lon="9.253678513" /><trkpt lat="41.816496260" lon="9.253695351" /><trkpt lat="41.816496249" lon="9.253712481" /><trkpt lat="41.816496070" lon="9.253729940" /><trkpt lat="41.816495725" lon="9.253747763" /><trkpt lat="41.816495217" lon="9.253765986" /><trkpt lat="41.816494551" lon="9.253784644" /><trkpt lat="41.816493728" lon="9.253803773" /><trkpt lat="41.816492753" lon="9.253823409" /><trkpt lat="41.816491628" lon="9.253843587" /><trkpt lat="41.816490714" lon="9.253860046" /><trkpt lat="41.816489879" lon="9.253876855" /><trkpt lat="41.816489120" lon="9.253893995" /><trkpt lat="41.816488433" lon="9.253911444" /><trkpt lat="41.816487814" lon="9.253929183" /><trkpt lat="41.816487260" lon="9.253947191" /><trkpt lat="41.816486768" lon="9.253965448" /><trkpt lat="41.816486333" lon="9.253983932" /><trkpt lat="41.816485954" lon="9.254002625" /><trkpt lat="41.816485625" lon="9.254021504" /><trkpt lat="41.816485345" lon="9.254040550" /><trkpt lat="41.816485108" lon="9.254059742" /><trkpt lat="41.816484912" lon="9.254079060" /><trkpt lat="41.816484754" lon="9.254098483" /><trkpt lat="41.816484630" lon="9.254117990" /><trkpt lat="41.816484535" lon="9.254137562" /><trkpt lat="41.816484468" lon="9.254157178" /><trkpt lat="41.816484425" lon="9.254176818" /><trkpt lat="41.816484401" lon="9.254196460" /><trkpt lat="41.816484394" lon="9.254216084" /><trkpt lat="41.816484400" lon="9.254235671" /><trkpt lat="41.816484416" lon="9.254255199" /><trkpt lat="41.816484438" lon="9.254274648" /><trkpt lat="41.816484462" lon="9.254293998" /><trkpt lat="41.816484486" lon="9.254313228" /><trkpt lat="41.816484506" lon="9.254332317" /><trkpt lat="41.816484518" lon="9.254351246" /><trkpt lat="41.816484519" lon="9.254369993" /><trkpt lat="41.816484506" lon="9.254388538" /><trkpt lat="41.816484474" lon="9.254406861" /><trkpt lat="41.816484421" lon="9.254424942" /><trkpt lat="41.816484343" lon="9.254442759" /><trkpt lat="41.816484237" lon="9.254460293" /><trkpt lat="41.816484098" lon="9.254477522" /><trkpt lat="41.816483925" lon="9.254494427" /><trkpt lat="41.816483712" lon="9.254510987" /><trkpt lat="41.816483458" lon="9.254527182" /><trkpt lat="41.816483158" lon="9.254542990" /><trkpt lat="41.816482808" lon="9.254558392" /><trkpt lat="41.816482406" lon="9.254573367" /><trkpt lat="41.816481948" lon="9.254587895" /><trkpt lat="41.816481430" lon="9.254601954" /><trkpt lat="41.816480850" lon="9.254615526" /><trkpt lat="41.816480203" lon="9.254628589" /><trkpt lat="41.816478873" lon="9.254647272" /><trkpt lat="41.816476898" lon="9.254665759" /><trkpt lat="41.816474296" lon="9.254684035" /><trkpt lat="41.816471087" lon="9.254702082" /><trkpt lat="41.816467292" lon="9.254719883" /><trkpt lat="41.816462931" lon="9.254737422" /><trkpt lat="41.816458024" lon="9.254754682" /><trkpt lat="41.816452590" lon="9.254771646" /><trkpt lat="41.816446649" lon="9.254788298" /><trkpt lat="41.816440222" lon="9.254804621" /><trkpt lat="41.816433329" lon="9.254820598" /><trkpt lat="41.816425990" lon="9.254836213" /><trkpt lat="41.816418223" lon="9.254851449" /><trkpt lat="41.816410051" lon="9.254866289" /><trkpt lat="41.816401492" lon="9.254880716" /><trkpt lat="41.816392566" lon="9.254894715" /><trkpt lat="41.816383294" lon="9.254908267" /><trkpt lat="41.816373695" lon="9.254921357" /><trkpt lat="41.816363790" lon="9.254933968" /><trkpt lat="41.816353599" lon="9.254946083" /><trkpt lat="41.816343140" lon="9.254957685" /><trkpt lat="41.816332436" lon="9.254968758" /><trkpt lat="41.816321504" lon="9.254979285" /><trkpt lat="41.816310367" lon="9.254989249" /><trkpt lat="41.816299042" lon="9.254998634" /><trkpt lat="41.816287551" lon="9.255007423" /><trkpt lat="41.816275914" lon="9.255015599" /><trkpt lat="41.816264149" lon="9.255023146" /><trkpt lat="41.816252279" lon="9.255030047" /><trkpt lat="41.816240321" lon="9.255036284" /><trkpt lat="41.816228066" lon="9.255041568" /><trkpt lat="41.816215312" lon="9.255045653" /><trkpt lat="41.816202093" lon="9.255048591" /><trkpt lat="41.816188447" lon="9.255050435" /><trkpt lat="41.816174406" lon="9.255051238" /><trkpt lat="41.816160008" lon="9.255051051" /><trkpt lat="41.816145286" lon="9.255049927" /><trkpt lat="41.816130276" lon="9.255047919" /><trkpt lat="41.816115013" lon="9.255045079" /><trkpt lat="41.816099533" lon="9.255041459" /><trkpt lat="41.816083870" lon="9.255037113" /><trkpt lat="41.816068059" lon="9.255032091" /><trkpt lat="41.816052137" lon="9.255026448" /><trkpt lat="41.816036137" lon="9.255020235" /><trkpt lat="41.816020096" lon="9.255013504" /><trkpt lat="41.816004048" lon="9.255006308" /><trkpt lat="41.815988029" lon="9.254998700" /><trkpt lat="41.815972073" lon="9.254990732" /><trkpt lat="41.815956216" lon="9.254982456" /><trkpt lat="41.815940493" lon="9.254973926" /><trkpt lat="41.815924939" lon="9.254965192" /><trkpt lat="41.815909590" lon="9.254956308" /><trkpt lat="41.815894480" lon="9.254947326" /><trkpt lat="41.815879645" lon="9.254938299" /><trkpt lat="41.815865120" lon="9.254929279" /><trkpt lat="41.815850939" lon="9.254920318" /><trkpt lat="41.815837139" lon="9.254911469" /><trkpt lat="41.815823754" lon="9.254902784" /><trkpt lat="41.815810820" lon="9.254894316" /><trkpt lat="41.815798371" lon="9.254886118" /><trkpt lat="41.815786248" lon="9.254878175" /><trkpt lat="41.815774255" lon="9.254870439" /><trkpt lat="41.815762376" lon="9.254862908" /><trkpt lat="41.815750595" lon="9.254855580" /><trkpt lat="41.815738895" lon="9.254848453" /><trkpt lat="41.815727259" lon="9.254841524" /><trkpt lat="41.815715672" lon="9.254834793" /><trkpt lat="41.815704116" lon="9.254828256" /><trkpt lat="41.815692576" lon="9.254821911" /><trkpt lat="41.815681035" lon="9.254815758" /><trkpt lat="41.815669475" lon="9.254809794" /><trkpt lat="41.815657882" lon="9.254804016" /><trkpt lat="41.815646238" lon="9.254798423" /><trkpt lat="41.815634527" lon="9.254793013" /><trkpt lat="41.815622733" lon="9.254787784" /><trkpt lat="41.815610838" lon="9.254782733" /><trkpt lat="41.815598828" lon="9.254777859" /><trkpt lat="41.815586684" lon="9.254773161" /><trkpt lat="41.815574391" lon="9.254768635" /><trkpt lat="41.815561932" lon="9.254764279" /><trkpt lat="41.815549291" lon="9.254760093" /><trkpt lat="41.815536451" lon="9.254756074" /><trkpt lat="41.815523397" lon="9.254752219" /><trkpt lat="41.815510110" lon="9.254748527" /><trkpt lat="41.815496575" lon="9.254744996" /><trkpt lat="41.815482776" lon="9.254741624" /><trkpt lat="41.815468696" lon="9.254738408" /><trkpt lat="41.815454318" lon="9.254735348" /><trkpt lat="41.815439627" lon="9.254732440" /><trkpt lat="41.815424605" lon="9.254729683" /><trkpt lat="41.815409990" lon="9.254727219" /><trkpt lat="41.815395551" lon="9.254724978" /><trkpt lat="41.815381292" lon="9.254722896" /><trkpt lat="41.815367215" lon="9.254720910" /><trkpt lat="41.815353323" lon="9.254718956" /><trkpt lat="41.815339620" lon="9.254716971" /><trkpt lat="41.815326107" lon="9.254714892" /><trkpt lat="41.815312789" lon="9.254712656" /><trkpt lat="41.815299667" lon="9.254710200" /><trkpt lat="41.815286745" lon="9.254707460" /><trkpt lat="41.815274025" lon="9.254704372" /><trkpt lat="41.815261511" lon="9.254700875" /><trkpt lat="41.815249205" lon="9.254696904" /><trkpt lat="41.815237111" lon="9.254692396" /><trkpt lat="41.815225230" lon="9.254687288" /><trkpt lat="41.815213566" lon="9.254681516" /><trkpt lat="41.815202123" lon="9.254675018" /><trkpt lat="41.815190902" lon="9.254667730" /><trkpt lat="41.815179906" lon="9.254659589" /><trkpt lat="41.815169139" lon="9.254650532" /><trkpt lat="41.815158604" lon="9.254640495" /><trkpt lat="41.815148303" lon="9.254629415" /><trkpt lat="41.815138239" lon="9.254617229" /><trkpt lat="41.815128415" lon="9.254603873" /><trkpt lat="41.815118834" lon="9.254589285" /><trkpt lat="41.815109498" lon="9.254573401" /><trkpt lat="41.815100412" lon="9.254556157" /><trkpt lat="41.815091577" lon="9.254537492" /><trkpt lat="41.815082997" lon="9.254517340" /><trkpt lat="41.815074674" lon="9.254495640" /><trkpt lat="41.815066611" lon="9.254472327" /><trkpt lat="41.815059461" lon="9.254450580" /><trkpt lat="41.815052464" lon="9.254429347" /><trkpt lat="41.815045604" lon="9.254408614" /><trkpt lat="41.815038864" lon="9.254388366" /><trkpt lat="41.815032228" lon="9.254368589" /><trkpt lat="41.815025680" lon="9.254349267" /><trkpt lat="41.815019203" lon="9.254330387" /><trkpt lat="41.815012781" lon="9.254311932" /><trkpt lat="41.815006397" lon="9.254293889" /><trkpt lat="41.815000036" lon="9.254276242" /><trkpt lat="41.814993680" lon="9.254258978" /><trkpt lat="41.814987313" lon="9.254242080" /><trkpt lat="41.814980920" lon="9.254225534" /><trkpt lat="41.814974482" lon="9.254209326" /><trkpt lat="41.814967986" lon="9.254193441" /><trkpt lat="41.814961412" lon="9.254177864" /><trkpt lat="41.814954747" lon="9.254162580" /><trkpt lat="41.814947972" lon="9.254147574" /><trkpt lat="41.814941072" lon="9.254132832" /><trkpt lat="41.814934030" lon="9.254118339" /><trkpt lat="41.814926831" lon="9.254104080" /><trkpt lat="41.814919456" lon="9.254090040" /><trkpt lat="41.814911891" lon="9.254076205" /><trkpt lat="41.814904119" lon="9.254062560" /><trkpt lat="41.814896123" lon="9.254049090" /><trkpt lat="41.814887888" lon="9.254035780" /><trkpt lat="41.814879395" lon="9.254022616" /><trkpt lat="41.814870631" lon="9.254009582" /><trkpt lat="41.814861577" lon="9.253996664" /><trkpt lat="41.814852217" lon="9.253983848" /><trkpt lat="41.814842536" lon="9.253971117" /><trkpt lat="41.814832516" lon="9.253958459" /><trkpt lat="41.814822142" lon="9.253945857" /><trkpt lat="41.814811397" lon="9.253933298" /><trkpt lat="41.814799413" lon="9.253919398" /><trkpt lat="41.814787445" lon="9.253905238" /><trkpt lat="41.814775491" lon="9.253890858" /><trkpt lat="41.814763547" lon="9.253876296" /><trkpt lat="41.814751608" lon="9.253861593" /><trkpt lat="41.814739671" lon="9.253846787" /><trkpt lat="41.814727733" lon="9.253831918" /><trkpt lat="41.814715789" lon="9.253817024" /><trkpt lat="41.814703836" lon="9.253802146" /><trkpt lat="41.814691870" lon="9.253787322" /><trkpt lat="41.814679887" lon="9.253772592" /><trkpt lat="41.814667884" lon="9.253757996" /><trkpt lat="41.814655856" lon="9.253743571" /><trkpt lat="41.814643801" lon="9.253729358" /><trkpt lat="41.814631713" lon="9.253715396" /><trkpt lat="41.814619590" lon="9.253701724" /><trkpt lat="41.814607428" lon="9.253688382" /><trkpt lat="41.814595222" lon="9.253675408" /><trkpt lat="41.814582970" lon="9.253662843" /><trkpt lat="41.814570667" lon="9.253650724" /><trkpt lat="41.814558310" lon="9.253639093" /><trkpt lat="41.814545895" lon="9.253627987" /><trkpt lat="41.814533417" lon="9.253617446" /><trkpt lat="41.814520874" lon="9.253607509" /><trkpt lat="41.814508262" lon="9.253598217" /><trkpt lat="41.814495576" lon="9.253589607" /><trkpt lat="41.814482814" lon="9.253581719" /><trkpt lat="41.814469971" lon="9.253574593" /><trkpt lat="41.814457043" lon="9.253568268" /><trkpt lat="41.814444027" lon="9.253562783" /><trkpt lat="41.814430919" lon="9.253558177" /><trkpt lat="41.814417483" lon="9.253553819" /><trkpt lat="41.814404353" lon="9.253549316" /><trkpt lat="41.814391514" lon="9.253544645" /><trkpt lat="41.814378952" lon="9.253539787" /><trkpt lat="41.814366653" lon="9.253534720" /><trkpt lat="41.814354603" lon="9.253529424" /><trkpt lat="41.814342787" lon="9.253523877" /><trkpt lat="41.814331192" lon="9.253518059" /><trkpt lat="41.814319803" lon="9.253511949" /><trkpt lat="41.814308606" lon="9.253505526" /><trkpt lat="41.814297586" lon="9.253498770" /><trkpt lat="41.814286730" lon="9.253491658" /><trkpt lat="41.814276023" lon="9.253484171" /><trkpt lat="41.814265452" lon="9.253476288" /><trkpt lat="41.814255001" lon="9.253467988" /><trkpt lat="41.814244656" lon="9.253459249" /><trkpt lat="41.814234405" lon="9.253450052" /><trkpt lat="41.814224231" lon="9.253440374" /><trkpt lat="41.814214121" lon="9.253430196" /><trkpt lat="41.814204061" lon="9.253419497" /><trkpt lat="41.814194037" lon="9.253408255" /><trkpt lat="41.814184034" lon="9.253396450" /><trkpt lat="41.814174038" lon="9.253384060" /><trkpt lat="41.814164035" lon="9.253371066" /><trkpt lat="41.814154010" lon="9.253357446" /><trkpt lat="41.814143950" lon="9.253343179" /><trkpt lat="41.814133840" lon="9.253328245" /><trkpt lat="41.814123667" lon="9.253312622" /><trkpt lat="41.814113415" lon="9.253296290" /><trkpt lat="41.814103071" lon="9.253279227" /><trkpt lat="41.814092791" lon="9.253261937" /><trkpt lat="41.814082724" lon="9.253244933" /><trkpt lat="41.814072839" lon="9.253228216" /><trkpt lat="41.814063109" lon="9.253211784" /><trkpt lat="41.814053505" lon="9.253195637" /><trkpt lat="41.814043996" lon="9.253179774" /><trkpt lat="41.814034555" lon="9.253164195" /><trkpt lat="41.814025152" lon="9.253148899" /><trkpt lat="41.814015759" lon="9.253133884" /><trkpt lat="41.814006346" lon="9.253119151" /><trkpt lat="41.813996884" lon="9.253104699" /><trkpt lat="41.813987345" lon="9.253090527" /><trkpt lat="41.813977700" lon="9.253076633" /><trkpt lat="41.813967919" lon="9.253063019" /><trkpt lat="41.813957974" lon="9.253049682" /><trkpt lat="41.813947836" lon="9.253036623" /><trkpt lat="41.813937476" lon="9.253023840" /><trkpt lat="41.813926864" lon="9.253011332" /><trkpt lat="41.813915973" lon="9.252999100" /><trkpt lat="41.813904772" lon="9.252987142" /><trkpt lat="41.813893234" lon="9.252975458" /><trkpt lat="41.813881328" lon="9.252964047" /><trkpt lat="41.813869026" lon="9.252952908" /><trkpt lat="41.813856300" lon="9.252942040" /><trkpt lat="41.813843120" lon="9.252931444" /><trkpt lat="41.813829457" lon="9.252921117" /><trkpt lat="41.813815282" lon="9.252911060" /><trkpt lat="41.813800566" lon="9.252901272" /><trkpt lat="41.813785281" lon="9.252891752" /><trkpt lat="41.813769398" lon="9.252882499" /><trkpt lat="41.813755043" lon="9.252874391" /><trkpt lat="41.813740562" lon="9.252866158" /><trkpt lat="41.813725967" lon="9.252857799" /><trkpt lat="41.813711272" lon="9.252849314" /><trkpt lat="41.813696489" lon="9.252840700" /><trkpt lat="41.813681631" lon="9.252831956" /><trkpt lat="41.813666711" lon="9.252823080" /><trkpt lat="41.813651740" lon="9.252814073" /><trkpt lat="41.813636733" lon="9.252804931" /><trkpt lat="41.813621702" lon="9.252795654" /><trkpt lat="41.813606660" lon="9.252786240" /><trkpt lat="41.813591618" lon="9.252776688" /><trkpt lat="41.813576591" lon="9.252766997" /><trkpt lat="41.813561591" lon="9.252757166" /><trkpt lat="41.813546630" lon="9.252747192" /><trkpt lat="41.813531721" lon="9.252737074" /><trkpt lat="41.813516878" lon="9.252726812" /><trkpt lat="41.813502112" lon="9.252716404" /><trkpt lat="41.813487437" lon="9.252705848" /><trkpt lat="41.813472865" lon="9.252695143" /><trkpt lat="41.813458410" lon="9.252684288" /><trkpt lat="41.813444083" lon="9.252673281" /><trkpt lat="41.813429898" lon="9.252662122" /><trkpt lat="41.813415867" lon="9.252650808" /><trkpt lat="41.813402003" lon="9.252639338" /><trkpt lat="41.813388318" lon="9.252627711" /><trkpt lat="41.813374827" lon="9.252615926" /><trkpt lat="41.813361540" lon="9.252603981" /><trkpt lat="41.813348472" lon="9.252591875" /><trkpt lat="41.813335634" lon="9.252579607" /><trkpt lat="41.813323040" lon="9.252567174" /><trkpt lat="41.813310702" lon="9.252554576" /><trkpt lat="41.813298634" lon="9.252541812" /><trkpt lat="41.813286847" lon="9.252528880" /><trkpt lat="41.813275511" lon="9.252516195" /><trkpt lat="41.813264130" lon="9.252503428" /><trkpt lat="41.813252721" lon="9.252490574" /><trkpt lat="41.813241298" lon="9.252477630" /><trkpt lat="41.813229875" lon="9.252464593" /><trkpt lat="41.813218467" lon="9.252451457" /><trkpt lat="41.813207090" lon="9.252438221" /><trkpt lat="41.813195758" lon="9.252424879" /><trkpt lat="41.813184486" lon="9.252411429" /><trkpt lat="41.813173288" lon="9.252397866" /><trkpt lat="41.813162180" lon="9.252384186" /><trkpt lat="41.813151176" lon="9.252370387" /><trkpt lat="41.813140291" lon="9.252356464" /><trkpt lat="41.813129541" lon="9.252342413" /><trkpt lat="41.813118939" lon="9.252328230" /><trkpt lat="41.813108501" lon="9.252313913" /><trkpt lat="41.813098241" lon="9.252299456" /><trkpt lat="41.813088175" lon="9.252284857" /><trkpt lat="41.813078317" lon="9.252270112" /><trkpt lat="41.813068681" lon="9.252255216" /><trkpt lat="41.813059284" lon="9.252240167" /><trkpt lat="41.813050139" lon="9.252224960" /><trkpt lat="41.813041262" lon="9.252209591" /><trkpt lat="41.813032667" lon="9.252194058" /><trkpt lat="41.813024369" lon="9.252178355" /><trkpt lat="41.813016383" lon="9.252162480" /><trkpt lat="41.813008723" lon="9.252146428" /><trkpt lat="41.813001406" lon="9.252130196" /><trkpt lat="41.812994444" lon="9.252113781" /><trkpt lat="41.812987854" lon="9.252097177" /><trkpt lat="41.812981650" lon="9.252080382" /><trkpt lat="41.812975847" lon="9.252063392" /><trkpt lat="41.812970460" lon="9.252046203" /><trkpt lat="41.812965503" lon="9.252028812" /><trkpt lat="41.812960991" lon="9.252011213" /><trkpt lat="41.812958196" lon="9.252000063" /><trkpt lat="41.812955076" lon="9.251988363" /><trkpt lat="41.812951642" lon="9.251976134" /><trkpt lat="41.812947904" lon="9.251963396" /><trkpt lat="41.812943872" lon="9.251950168" /><trkpt lat="41.812939556" lon="9.251936470" /><trkpt lat="41.812934965" lon="9.251922321" /><trkpt lat="41.812930110" lon="9.251907740" /><trkpt lat="41.812924999" lon="9.251892749" /><trkpt lat="41.812919645" lon="9.251877365" /><trkpt lat="41.812914055" lon="9.251861609" /><trkpt lat="41.812908240" lon="9.251845500" /><trkpt lat="41.812902211" lon="9.251829058" /><trkpt lat="41.812895976" lon="9.251812303" /><trkpt lat="41.812889546" lon="9.251795253" /><trkpt lat="41.812882931" lon="9.251777929" /><trkpt lat="41.812876140" lon="9.251760350" /><trkpt lat="41.812869183" lon="9.251742536" /><trkpt lat="41.812862071" lon="9.251724507" /><trkpt lat="41.812854814" lon="9.251706281" /><trkpt lat="41.812847420" lon="9.251687879" /><trkpt lat="41.812839901" lon="9.251669320" /><trkpt lat="41.812832265" lon="9.251650624" /><trkpt lat="41.812824523" lon="9.251631810" /><trkpt lat="41.812816685" lon="9.251612899" /><trkpt lat="41.812808761" lon="9.251593908" /><trkpt lat="41.812800761" lon="9.251574859" /><trkpt lat="41.812792693" lon="9.251555771" /><trkpt lat="41.812784569" lon="9.251536662" /><trkpt lat="41.812776399" lon="9.251517554" /><trkpt lat="41.812768191" lon="9.251498465" /><trkpt lat="41.812759957" lon="9.251479415" /><trkpt lat="41.812751706" lon="9.251460424" /><trkpt lat="41.812743447" lon="9.251441512" /><trkpt lat="41.812735191" lon="9.251422697" /><trkpt lat="41.812726948" lon="9.251403999" /><trkpt lat="41.812718728" lon="9.251385438" /><trkpt lat="41.812710540" lon="9.251367035" /><trkpt lat="41.812702394" lon="9.251348807" /><trkpt lat="41.812694301" lon="9.251330775" /><trkpt lat="41.812686269" lon="9.251312959" /><trkpt lat="41.812678310" lon="9.251295377" /><trkpt lat="41.812670433" lon="9.251278050" /><trkpt lat="41.812662648" lon="9.251260997" /><trkpt lat="41.812654964" lon="9.251244239" /><trkpt lat="41.812647392" lon="9.251227793" /><trkpt lat="41.812639942" lon="9.251211680" /><trkpt lat="41.812632623" lon="9.251195920" /><trkpt lat="41.812625445" lon="9.251180532" /><trkpt lat="41.812618419" lon="9.251165536" /><trkpt lat="41.812611554" lon="9.251150951" /><trkpt lat="41.812604860" lon="9.251136797" /><trkpt lat="41.812598347" lon="9.251123093" /><trkpt lat="41.812592025" lon="9.251109860" /><trkpt lat="41.812585904" lon="9.251097116" /><trkpt lat="41.812579993" lon="9.251084882" /><trkpt lat="41.812574303" lon="9.251073176" /><trkpt lat="41.812566656" lon="9.251057197" /><trkpt lat="41.812559206" lon="9.251041069" /><trkpt lat="41.812551932" lon="9.251024820" /><trkpt lat="41.812544813" lon="9.251008475" /><trkpt lat="41.812537829" lon="9.250992060" /><trkpt lat="41.812530958" lon="9.250975601" /><trkpt lat="41.812524180" lon="9.250959124" /><trkpt lat="41.812517473" lon="9.250942656" /><trkpt lat="41.812510817" lon="9.250926221" /><trkpt lat="41.812504192" lon="9.250909847" /><trkpt lat="41.812497575" lon="9.250893558" /><trkpt lat="41.812490946" lon="9.250877382" /><trkpt lat="41.812484284" lon="9.250861344" /><trkpt lat="41.812477569" lon="9.250845470" /><trkpt lat="41.812470778" lon="9.250829786" /><trkpt lat="41.812463893" lon="9.250814318" /><trkpt lat="41.812456891" lon="9.250799092" /><trkpt lat="41.812449751" lon="9.250784134" /><trkpt lat="41.812442454" lon="9.250769470" /><trkpt lat="41.812434977" lon="9.250755126" /><trkpt lat="41.812427300" lon="9.250741129" /><trkpt lat="41.812419402" lon="9.250727503" /><trkpt lat="41.812411263" lon="9.250714275" /><trkpt lat="41.812402860" lon="9.250701471" /><trkpt lat="41.812394174" lon="9.250689117" /><trkpt lat="41.812385184" lon="9.250677239" /><trkpt lat="41.812375867" lon="9.250665863" /><trkpt lat="41.812366205" lon="9.250655015" /><trkpt lat="41.812356175" lon="9.250644721" /><trkpt lat="41.812345758" lon="9.250635007" /><trkpt lat="41.812334931" lon="9.250625899" /><trkpt lat="41.812323674" lon="9.250617423" /><trkpt lat="41.812311966" lon="9.250609605" /><trkpt lat="41.812299786" lon="9.250602470" /><trkpt lat="41.812287114" lon="9.250596046" /><trkpt lat="41.812273928" lon="9.250590357" /><trkpt lat="41.812260208" lon="9.250585431" /><trkpt lat="41.812245933" lon="9.250581292" /><trkpt lat="41.812231081" lon="9.250577967" /><trkpt lat="41.812215632" lon="9.250575482" /><trkpt lat="41.812199564" lon="9.250573863" /><trkpt lat="41.812180596" lon="9.250572490" /><trkpt lat="41.812162056" lon="9.250571143" /><trkpt lat="41.812143918" lon="9.250569840" /><trkpt lat="41.812126154" lon="9.250568602" /><trkpt lat="41.812108739" lon="9.250567446" /><trkpt lat="41.812091644" lon="9.250566393" /><trkpt lat="41.812074844" lon="9.250565461" /><trkpt lat="41.812058311" lon="9.250564670" /><trkpt lat="41.812042019" lon="9.250564039" /><trkpt lat="41.812025940" lon="9.250563586" /><trkpt lat="41.812010048" lon="9.250563331" /><trkpt lat="41.811994316" lon="9.250563294" /><trkpt lat="41.811978717" lon="9.250563492" /><trkpt lat="41.811963225" lon="9.250563947" /><trkpt lat="41.811947811" lon="9.250564675" /><trkpt lat="41.811932450" lon="9.250565698" /><trkpt lat="41.811917115" lon="9.250567033" /><trkpt lat="41.811901778" lon="9.250568700" /><trkpt lat="41.811886413" lon="9.250570719" /><trkpt lat="41.811870994" lon="9.250573107" /><trkpt lat="41.811855492" lon="9.250575886" /><trkpt lat="41.811839882" lon="9.250579072" /><trkpt lat="41.811824136" lon="9.250582687" /><trkpt lat="41.811808227" lon="9.250586748" /><trkpt lat="41.811792130" lon="9.250591275" /><trkpt lat="41.811775816" lon="9.250596288" /><trkpt lat="41.811759259" lon="9.250601805" /><trkpt lat="41.811742432" lon="9.250607845" /><trkpt lat="41.811725309" lon="9.250614428" /><trkpt lat="41.811707862" lon="9.250621572" /><trkpt lat="41.811690064" lon="9.250629298" /><trkpt lat="41.811671889" lon="9.250637623" /><trkpt lat="41.811653310" lon="9.250646568" /><trkpt lat="41.811634300" lon="9.250656151" /><trkpt lat="41.811614832" lon="9.250666392" /><trkpt lat="41.811596386" lon="9.250676389" /><trkpt lat="41.811578318" lon="9.250686370" /><trkpt lat="41.811560609" lon="9.250696329" /><trkpt lat="41.811543241" lon="9.250706261" /><trkpt lat="41.811526194" lon="9.250716162" /><trkpt lat="41.811509451" lon="9.250726025" /><trkpt lat="41.811492993" lon="9.250735847" /><trkpt lat="41.811476801" lon="9.250745621" /><trkpt lat="41.811460856" lon="9.250755343" /><trkpt lat="41.811445141" lon="9.250765008" /><trkpt lat="41.811429636" lon="9.250774610" /><trkpt lat="41.811414323" lon="9.250784144" /><trkpt lat="41.811399183" lon="9.250793606" /><trkpt lat="41.811384198" lon="9.250802991" /><trkpt lat="41.811369349" lon="9.250812292" /><trkpt lat="41.811354618" lon="9.250821505" /><trkpt lat="41.811339985" lon="9.250830626" /><trkpt lat="41.811325433" lon="9.250839648" /><trkpt lat="41.811310943" lon="9.250848567" /><trkpt lat="41.811296497" lon="9.250857378" /><trkpt lat="41.811282075" lon="9.250866075" /><trkpt lat="41.811267659" lon="9.250874653" /><trkpt lat="41.811253230" lon="9.250883108" /><trkpt lat="41.811238771" lon="9.250891435" /><trkpt lat="41.811224262" lon="9.250899627" /><trkpt lat="41.811209685" lon="9.250907680" /><trkpt lat="41.811195021" lon="9.250915590" /><trkpt lat="41.811180252" lon="9.250923350" /><trkpt lat="41.811165358" lon="9.250930956" /><trkpt lat="41.811150323" lon="9.250938403" /><trkpt lat="41.811135126" lon="9.250945685" /><trkpt lat="41.811119749" lon="9.250952798" /><trkpt lat="41.811104175" lon="9.250959736" /><trkpt lat="41.811088383" lon="9.250966494" /><trkpt lat="41.811072356" lon="9.250973068" /><trkpt lat="41.811056076" lon="9.250979451" /><trkpt lat="41.811039522" lon="9.250985640" /><trkpt lat="41.811020232" lon="9.250992710" /><trkpt lat="41.811000980" lon="9.250999833" /><trkpt lat="41.810981781" lon="9.251006997" /><trkpt lat="41.810962651" lon="9.251014191" /><trkpt lat="41.810943605" lon="9.251021405" /><trkpt lat="41.810924657" lon="9.251028627" /><trkpt lat="41.810905822" lon="9.251035848" /><trkpt lat="41.810887116" lon="9.251043056" /><trkpt lat="41.810868553" lon="9.251050240" /><trkpt lat="41.810850149" lon="9.251057390" /><trkpt lat="41.810831918" lon="9.251064495" /><trkpt lat="41.810813876" lon="9.251071544" /><trkpt lat="41.810796038" lon="9.251078526" /><trkpt lat="41.810778418" lon="9.251085430" /><trkpt lat="41.810761031" lon="9.251092246" /><trkpt lat="41.810743893" lon="9.251098963" /><trkpt lat="41.810727019" lon="9.251105570" /><trkpt lat="41.810710423" lon="9.251112056" /><trkpt lat="41.810694121" lon="9.251118410" /><trkpt lat="41.810678127" lon="9.251124622" /><trkpt lat="41.810662457" lon="9.251130681" /><trkpt lat="41.810647125" lon="9.251136576" /><trkpt lat="41.810632147" lon="9.251142296" /><trkpt lat="41.810617538" lon="9.251147830" /><trkpt lat="41.810603313" lon="9.251153167" /><trkpt lat="41.810589486" lon="9.251158298" /><trkpt lat="41.810576072" lon="9.251163210" /><trkpt lat="41.810563087" lon="9.251167894" /><trkpt lat="41.810550546" lon="9.251172338" /><trkpt lat="41.810538464" lon="9.251176531" /><trkpt lat="41.810526855" lon="9.251180463" /><trkpt lat="41.810515735" lon="9.251184123" /><trkpt lat="41.810504209" lon="9.251187654" /><trkpt lat="41.810492830" lon="9.251190732" /><trkpt lat="41.810481613" lon="9.251193350" /><trkpt lat="41.810470572" lon="9.251195504" /><trkpt lat="41.810459721" lon="9.251197187" /><trkpt lat="41.810449074" lon="9.251198393" /><trkpt lat="41.810438646" lon="9.251199116" /><trkpt lat="41.810428451" lon="9.251199350" /><trkpt lat="41.810418503" lon="9.251199090" /><trkpt lat="41.810408815" lon="9.251198329" /><trkpt lat="41.810399404" lon="9.251197062" /><trkpt lat="41.810390282" lon="9.251195281" /><trkpt lat="41.810381464" lon="9.251192983" /><trkpt lat="41.810372964" lon="9.251190159" /><trkpt lat="41.810364796" lon="9.251186806" /><trkpt lat="41.810356975" lon="9.251182915" /><trkpt lat="41.810349515" lon="9.251178483" /><trkpt lat="41.810342429" lon="9.251173502" /><trkpt lat="41.810335733" lon="9.251167967" /><trkpt lat="41.810329440" lon="9.251161871" /><trkpt lat="41.810323565" lon="9.251155209" /><trkpt lat="41.810318121" lon="9.251147975" /><trkpt lat="41.810313124" lon="9.251140163" /><trkpt lat="41.810308587" lon="9.251131767" /><trkpt lat="41.810304524" lon="9.251122780" /><trkpt lat="41.810300950" lon="9.251113198" /><trkpt lat="41.810297879" lon="9.251103013" /><trkpt lat="41.810295325" lon="9.251092221" /><trkpt lat="41.810293302" lon="9.251080815" /><trkpt lat="41.810291825" lon="9.251068788" /><trkpt lat="41.810290828" lon="9.251056689" /><trkpt lat="41.810290241" lon="9.251045058" /><trkpt lat="41.810290078" lon="9.251033879" /><trkpt lat="41.810290349" lon="9.251023139" /><trkpt lat="41.810291066" lon="9.251012822" /><trkpt lat="41.810292241" lon="9.251002913" /><trkpt lat="41.810293885" lon="9.250993398" /><trkpt lat="41.810296010" lon="9.250984261" /><trkpt lat="41.810298627" lon="9.250975488" /><trkpt lat="41.810301747" lon="9.250967063" /><trkpt lat="41.810305383" lon="9.250958972" /><trkpt lat="41.810309546" lon="9.250951200" /><trkpt lat="41.810314248" lon="9.250943732" /><trkpt lat="41.810319499" lon="9.250936554" /><trkpt lat="41.810325312" lon="9.250929649" /><trkpt lat="41.810331698" lon="9.250923003" /><trkpt lat="41.810338669" lon="9.250916602" /><trkpt lat="41.810346236" lon="9.250910431" /><trkpt lat="41.810354410" lon="9.250904474" /><trkpt lat="41.810363204" lon="9.250898716" /><trkpt lat="41.810372629" lon="9.250893144" /><trkpt lat="41.810382696" lon="9.250887741" /><trkpt lat="41.810393417" lon="9.250882494" /><trkpt lat="41.810404804" lon="9.250877386" /><trkpt lat="41.810416868" lon="9.250872403" /><trkpt lat="41.810429620" lon="9.250867531" /><trkpt lat="41.810443073" lon="9.250862754" /><trkpt lat="41.810457237" lon="9.250858058" /><trkpt lat="41.810472124" lon="9.250853427" /><trkpt lat="41.810487747" lon="9.250848847" /><trkpt lat="41.810501780" lon="9.250844740" /><trkpt lat="41.810515664" lon="9.250840453" /><trkpt lat="41.810529405" lon="9.250835968" /><trkpt lat="41.810543014" lon="9.250831265" /><trkpt lat="41.810556500" lon="9.250826326" /><trkpt lat="41.810569872" lon="9.250821132" /><trkpt lat="41.810583139" lon="9.250815664" /><trkpt lat="41.810596310" lon="9.250809904" /><trkpt lat="41.810609393" lon="9.250803832" /><trkpt lat="41.810622399" lon="9.250797431" /><trkpt lat="41.810635336" lon="9.250790680" /><trkpt lat="41.810648214" lon="9.250783562" /><trkpt lat="41.810661040" lon="9.250776057" /><trkpt lat="41.810673826" lon="9.250768147" /><trkpt lat="41.810686578" lon="9.250759814" /><trkpt lat="41.810699308" lon="9.250751037" /><trkpt lat="41.810712023" lon="9.250741799" /><trkpt lat="41.810724733" lon="9.250732081" /><trkpt lat="41.810737447" lon="9.250721864" /><trkpt lat="41.810750173" lon="9.250711128" /><trkpt lat="41.810762922" lon="9.250699857" /><trkpt lat="41.810775702" lon="9.250688029" /><trkpt lat="41.810788523" lon="9.250675628" /><trkpt lat="41.810801392" lon="9.250662634" /><trkpt lat="41.810814320" lon="9.250649028" /><trkpt lat="41.810827316" lon="9.250634791" /><trkpt lat="41.810840388" lon="9.250619905" /><trkpt lat="41.810853546" lon="9.250604351" /><trkpt lat="41.810866798" lon="9.250588111" /><trkpt lat="41.810880154" lon="9.250571164" /><trkpt lat="41.810893623" lon="9.250553494" /><trkpt lat="41.810907215" lon="9.250535080" /><trkpt lat="41.810920937" lon="9.250515904" /><trkpt lat="41.810934799" lon="9.250495947" /><trkpt lat="41.810944251" lon="9.250482018" /><trkpt lat="41.810953653" lon="9.250467914" /><trkpt lat="41.810962998" lon="9.250453641" /><trkpt lat="41.810972283" lon="9.250439204" /><trkpt lat="41.810981504" lon="9.250424607" /><trkpt lat="41.810990655" lon="9.250409858" /><trkpt lat="41.810999732" lon="9.250394960" /><trkpt lat="41.811008731" lon="9.250379919" /><trkpt lat="41.811017647" lon="9.250364740" /><trkpt lat="41.811026475" lon="9.250349429" /><trkpt lat="41.811035211" lon="9.250333990" /><trkpt lat="41.811043851" lon="9.250318430" /><trkpt lat="41.811052389" lon="9.250302752" /><trkpt lat="41.811060821" lon="9.250286964" /><trkpt lat="41.811069142" lon="9.250271069" /><trkpt lat="41.811077349" lon="9.250255073" /><trkpt lat="41.811085436" lon="9.250238982" /><trkpt lat="41.811093399" lon="9.250222800" /><trkpt lat="41.811101233" lon="9.250206533" /><trkpt lat="41.811108934" lon="9.250190186" /><trkpt lat="41.811116496" lon="9.250173765" /><trkpt lat="41.811123917" lon="9.250157274" /><trkpt lat="41.811131190" lon="9.250140719" /><trkpt lat="41.811138312" lon="9.250124105" /><trkpt lat="41.811145278" lon="9.250107438" /><trkpt lat="41.811152083" lon="9.250090723" /><trkpt lat="41.811158722" lon="9.250073964" /><trkpt lat="41.811165192" lon="9.250057168" /><trkpt lat="41.811171487" lon="9.250040339" /><trkpt lat="41.811177603" lon="9.250023483" /><trkpt lat="41.811183536" lon="9.250006605" /><trkpt lat="41.811189281" lon="9.249989711" /><trkpt lat="41.811194832" lon="9.249972805" /><trkpt lat="41.811200187" lon="9.249955892" /><trkpt lat="41.811205339" lon="9.249938979" /><trkpt lat="41.811210286" lon="9.249922070" /><trkpt lat="41.811215021" lon="9.249905171" /><trkpt lat="41.811219540" lon="9.249888287" /><trkpt lat="41.811223840" lon="9.249871423" /><trkpt lat="41.811227914" lon="9.249854584" /><trkpt lat="41.811231760" lon="9.249837776" /><trkpt lat="41.811235371" lon="9.249821004" /><trkpt lat="41.811238745" lon="9.249804273" /><trkpt lat="41.811241875" lon="9.249787589" /><trkpt lat="41.811244757" lon="9.249770956" /><trkpt lat="41.811247388" lon="9.249754381" /><trkpt lat="41.811249761" lon="9.249737867" /><trkpt lat="41.811251874" lon="9.249721422" /><trkpt lat="41.811253720" lon="9.249705049" /><trkpt lat="41.811255296" lon="9.249688754" /><trkpt lat="41.811256959" lon="9.249669022" /><trkpt lat="41.811258438" lon="9.249649467" /><trkpt lat="41.811259733" lon="9.249630086" /><trkpt lat="41.811260846" lon="9.249610873" /><trkpt lat="41.811261779" lon="9.249591824" /><trkpt lat="41.811262533" lon="9.249572935" /><trkpt lat="41.811263108" lon="9.249554201" /><trkpt lat="41.811263506" lon="9.249535618" /><trkpt lat="41.811263729" lon="9.249517182" /><trkpt lat="41.811263777" lon="9.249498887" /><trkpt lat="41.811263651" lon="9.249480730" /><trkpt lat="41.811263354" lon="9.249462706" /><trkpt lat="41.811262885" lon="9.249444811" /><trkpt lat="41.811262247" lon="9.249427040" /><trkpt lat="41.811261440" lon="9.249409389" /><trkpt lat="41.811260466" lon="9.249391853" /><trkpt lat="41.811259326" lon="9.249374428" /><trkpt lat="41.811258022" lon="9.249357110" /><trkpt lat="41.811256553" lon="9.249339893" /><trkpt lat="41.811254923" lon="9.249322774" /><trkpt lat="41.811253131" lon="9.249305749" /><trkpt lat="41.811251179" lon="9.249288812" /><trkpt lat="41.811249068" lon="9.249271959" /><trkpt lat="41.811246800" lon="9.249255186" /><trkpt lat="41.811244376" lon="9.249238489" /><trkpt lat="41.811241797" lon="9.249221863" /><trkpt lat="41.811239063" lon="9.249205303" /><trkpt lat="41.811236177" lon="9.249188805" /><trkpt lat="41.811233140" lon="9.249172365" /><trkpt lat="41.811229953" lon="9.249155978" /><trkpt lat="41.811226616" lon="9.249139640" /><trkpt lat="41.811223132" lon="9.249123347" /><trkpt lat="41.811219501" lon="9.249107093" /><trkpt lat="41.811215725" lon="9.249090875" /><trkpt lat="41.811211805" lon="9.249074687" /><trkpt lat="41.811207742" lon="9.249058527" /><trkpt lat="41.811203537" lon="9.249042389" /><trkpt lat="41.811199192" lon="9.249026268" /><trkpt lat="41.811194707" lon="9.249010161" /><trkpt lat="41.811190085" lon="9.248994062" /><trkpt lat="41.811185325" lon="9.248977968" /><trkpt lat="41.811181050" lon="9.248963534" /><trkpt lat="41.811176831" lon="9.248948920" /><trkpt lat="41.811172671" lon="9.248934130" /><trkpt lat="41.811168571" lon="9.248919166" /><trkpt lat="41.811164534" lon="9.248904031" /><trkpt lat="41.811160561" lon="9.248888728" /><trkpt lat="41.811156655" lon="9.248873260" /><trkpt lat="41.811152818" lon="9.248857630" /><trkpt lat="41.811149052" lon="9.248841839" /><trkpt lat="41.811145359" lon="9.248825892" /><trkpt lat="41.811141740" lon="9.248809791" /><trkpt lat="41.811138199" lon="9.248793538" /><trkpt lat="41.811134737" lon="9.248777137" /><trkpt lat="41.811131357" lon="9.248760590" /><trkpt lat="41.811128059" lon="9.248743900" /><trkpt lat="41.811124847" lon="9.248727069" /><trkpt lat="41.811121723" lon="9.248710102" /><trkpt lat="41.811118688" lon="9.248693000" /><trkpt lat="41.811115745" lon="9.248675766" /><trkpt lat="41.811112896" lon="9.248658402" /><trkpt lat="41.811110142" lon="9.248640913" /><trkpt lat="41.811107486" lon="9.248623300" /><trkpt lat="41.811104930" lon="9.248605567" /><trkpt lat="41.811102477" lon="9.248587715" /><trkpt lat="41.811100127" lon="9.248569749" /><trkpt lat="41.811097883" lon="9.248551670" /><trkpt lat="41.811095748" lon="9.248533482" /><trkpt lat="41.811093723" lon="9.248515187" /><trkpt lat="41.811091811" lon="9.248496788" /><trkpt lat="41.811090013" lon="9.248478288" /><trkpt lat="41.811088332" lon="9.248459689" /><trkpt lat="41.811086769" lon="9.248440995" /><trkpt lat="41.811085327" lon="9.248422209" /><trkpt lat="41.811084008" lon="9.248403332" /><trkpt lat="41.811082814" lon="9.248384368" /><trkpt lat="41.811081746" lon="9.248365319" /><trkpt lat="41.811080808" lon="9.248346189" /><trkpt lat="41.811080001" lon="9.248326980" /><trkpt lat="41.811079327" lon="9.248307695" /><trkpt lat="41.811078788" lon="9.248288337" /><trkpt lat="41.811078387" lon="9.248268908" /><trkpt lat="41.811078125" lon="9.248249412" /><trkpt lat="41.811078005" lon="9.248229850" /><trkpt lat="41.811078028" lon="9.248210227" /><trkpt lat="41.811078197" lon="9.248190544" /><trkpt lat="41.811078513" lon="9.248170805" /><trkpt lat="41.811078902" lon="9.248145952" /><trkpt lat="41.811079072" lon="9.248121886" /><trkpt lat="41.811079032" lon="9.248098576" /><trkpt lat="41.811078789" lon="9.248075988" /><trkpt lat="41.811078349" lon="9.248054090" /><trkpt lat="41.811077722" lon="9.248032850" /><trkpt lat="41.811076913" lon="9.248012235" /><trkpt lat="41.811075931" lon="9.247992213" /><trkpt lat="41.811074782" lon="9.247972751" /><trkpt lat="41.811073474" lon="9.247953817" /><trkpt lat="41.811072015" lon="9.247935378" /><trkpt lat="41.811070412" lon="9.247917403" /><trkpt lat="41.811068671" lon="9.247899858" /><trkpt lat="41.811066802" lon="9.247882711" /><trkpt lat="41.811064810" lon="9.247865930" /><trkpt lat="41.811062704" lon="9.247849483" /><trkpt lat="41.811060490" lon="9.247833336" /><trkpt lat="41.811058176" lon="9.247817457" /><trkpt lat="41.811055770" lon="9.247801814" /><trkpt lat="41.811053278" lon="9.247786375" /><trkpt lat="41.811050709" lon="9.247771107" /><trkpt lat="41.811048070" lon="9.247755978" /><trkpt lat="41.811045367" lon="9.247740954" /><trkpt lat="41.811042609" lon="9.247726005" /><trkpt lat="41.811039802" lon="9.247711096" /><trkpt lat="41.811036954" lon="9.247696197" /><trkpt lat="41.811034073" lon="9.247681274" /><trkpt lat="41.811031166" lon="9.247666295" /><trkpt lat="41.811028240" lon="9.247651227" /><trkpt lat="41.811025303" lon="9.247636039" /><trkpt lat="41.811022361" lon="9.247620697" /><trkpt lat="41.811019423" lon="9.247605169" /><trkpt lat="41.811016496" lon="9.247589424" /><trkpt lat="41.811013586" lon="9.247573427" /><trkpt lat="41.811010702" lon="9.247557147" /><trkpt lat="41.811007851" lon="9.247540552" /><trkpt lat="41.811004696" lon="9.247522381" /><trkpt lat="41.811001433" lon="9.247504436" /><trkpt lat="41.810998099" lon="9.247486707" /><trkpt lat="41.810994728" lon="9.247469183" /><trkpt lat="41.810991357" lon="9.247451854" /><trkpt lat="41.810988022" lon="9.247434711" /><trkpt lat="41.810984757" lon="9.247417742" /><trkpt lat="41.810981600" lon="9.247400937" /><trkpt lat="41.810978585" lon="9.247384287" /><trkpt lat="41.810975748" lon="9.247367780" /><trkpt lat="41.810973125" lon="9.247351407" /><trkpt lat="41.810970752" lon="9.247335157" /><trkpt lat="41.810968664" lon="9.247319019" /><trkpt lat="41.810966897" lon="9.247302985" /><trkpt lat="41.810965487" lon="9.247287042" /><trkpt lat="41.810964470" lon="9.247271182" /><trkpt lat="41.810963880" lon="9.247255393" /><trkpt lat="41.810963755" lon="9.247239665" /><trkpt lat="41.810964130" lon="9.247223989" /><trkpt lat="41.810965039" lon="9.247208353" /><trkpt lat="41.810966520" lon="9.247192748" /><trkpt lat="41.810968608" lon="9.247177162" /><trkpt lat="41.810971338" lon="9.247161587" /><trkpt lat="41.810974747" lon="9.247146011" /><trkpt lat="41.810978869" lon="9.247130425" /><trkpt lat="41.810983741" lon="9.247114817" /><trkpt lat="41.810989399" lon="9.247099179" /><trkpt lat="41.810995878" lon="9.247083498" /><trkpt lat="41.811003213" lon="9.247067766" /><trkpt lat="41.811011441" lon="9.247051971" /><trkpt lat="41.811020597" lon="9.247036104" /><trkpt lat="41.811030717" lon="9.247020154" /><trkpt lat="41.811041837" lon="9.247004110" /><trkpt lat="41.811053463" lon="9.246988074" /><trkpt lat="41.811065070" lon="9.246972150" /><trkpt lat="41.811076653" lon="9.246956340" /><trkpt lat="41.811088202" lon="9.246940642" /><trkpt lat="41.811099710" lon="9.246925057" /><trkpt lat="41.811111169" lon="9.246909585" /><trkpt lat="41.811122573" lon="9.246894225" /><trkpt lat="41.811133912" lon="9.246878977" /><trkpt lat="41.811145179" lon="9.246863842" /><trkpt lat="41.811156366" lon="9.246848818" /><trkpt lat="41.811167466" lon="9.246833906" /><trkpt lat="41.811178471" lon="9.246819106" /><trkpt lat="41.811189373" lon="9.246804417" /><trkpt lat="41.811200165" lon="9.246789840" /><trkpt lat="41.811210838" lon="9.246775373" /><trkpt lat="41.811221385" lon="9.246761018" /><trkpt lat="41.811231799" lon="9.246746774" /><trkpt lat="41.811242070" lon="9.246732641" /><trkpt lat="41.811252193" lon="9.246718618" /><trkpt lat="41.811262158" lon="9.246704706" /><trkpt lat="41.811271959" lon="9.246690903" /><trkpt lat="41.811281587" lon="9.246677212" /><trkpt lat="41.811291035" lon="9.246663630" /><trkpt lat="41.811300295" lon="9.246650158" /><trkpt lat="41.811309359" lon="9.246636795" /><trkpt lat="41.811318220" lon="9.246623543" /><trkpt lat="41.811326869" lon="9.246610399" /><trkpt lat="41.811335299" lon="9.246597365" /><trkpt lat="41.811343503" lon="9.246584440" /><trkpt lat="41.811351472" lon="9.246571624" /><trkpt lat="41.811359199" lon="9.246558917" /><trkpt lat="41.811366676" lon="9.246546319" /><trkpt lat="41.811373896" lon="9.246533829" /><trkpt lat="41.811381603" lon="9.246520551" /><trkpt lat="41.811389150" lon="9.246508039" /><trkpt lat="41.811396562" lon="9.246496235" /><trkpt lat="41.811403865" lon="9.246485082" /><trkpt lat="41.811411084" lon="9.246474522" /><trkpt lat="41.811418245" lon="9.246464499" /><trkpt lat="41.811425374" lon="9.246454955" /><trkpt lat="41.811432498" lon="9.246445833" /><trkpt lat="41.811439640" lon="9.246437076" /><trkpt lat="41.811446828" lon="9.246428627" /><trkpt lat="41.811454087" lon="9.246420428" /><trkpt lat="41.811461443" lon="9.246412421" /><trkpt lat="41.811468922" lon="9.246404551" /><trkpt lat="41.811476548" lon="9.246396760" /><trkpt lat="41.811484350" lon="9.246388990" /><trkpt lat="41.811492350" lon="9.246381184" /><trkpt lat="41.811500577" lon="9.246373285" /><trkpt lat="41.811509055" lon="9.246365236" /><trkpt lat="41.811517810" lon="9.246356980" /><trkpt lat="41.811526869" lon="9.246348459" /><trkpt lat="41.811536256" lon="9.246339616" /><trkpt lat="41.811545997" lon="9.246330394" /><trkpt lat="41.811556119" lon="9.246320735" /><trkpt lat="41.811566647" lon="9.246310583" /><trkpt lat="41.811577607" lon="9.246299881" /><trkpt lat="41.811589024" lon="9.246288570" /><trkpt lat="41.811600925" lon="9.246276594" /><trkpt lat="41.811613334" lon="9.246263896" /><trkpt lat="41.811626279" lon="9.246250418" /><trkpt lat="41.811639784" lon="9.246236104" /><trkpt lat="41.811653187" lon="9.246221607" /><trkpt lat="41.811665816" lon="9.246207593" /><trkpt lat="41.811677682" lon="9.246194021" /><trkpt lat="41.811688799" lon="9.246180853" /><trkpt lat="41.811699180" lon="9.246168047" /><trkpt lat="41.811708835" lon="9.246155562" /><trkpt lat="41.811717779" lon="9.246143360" /><trkpt lat="41.811726023" lon="9.246131399" /><trkpt lat="41.811733580" lon="9.246119640" /><trkpt lat="41.811740463" lon="9.246108042" /><trkpt lat="41.811746683" lon="9.246096564" /><trkpt lat="41.811752254" lon="9.246085167" /><trkpt lat="41.811757187" lon="9.246073810" /><trkpt lat="41.811761496" lon="9.246062454" /><trkpt lat="41.811765193" lon="9.246051057" /><trkpt lat="41.811768290" lon="9.246039580" /><trkpt lat="41.811770800" lon="9.246027982" /><trkpt lat="41.811772734" lon="9.246016223" /><trkpt lat="41.811774107" lon="9.246004262" /><trkpt lat="41.811774930" lon="9.245992061" /><trkpt lat="41.811775215" lon="9.245979577" /><trkpt lat="41.811774975" lon="9.245966772" /><trkpt lat="41.811774223" lon="9.245953604" /><trkpt lat="41.811772971" lon="9.245940034" /><trkpt lat="41.811771232" lon="9.245926021" /><trkpt lat="41.811769017" lon="9.245911525" /><trkpt lat="41.811766340" lon="9.245896506" /><trkpt lat="41.811763213" lon="9.245880923" /><trkpt lat="41.811759648" lon="9.245864736" /><trkpt lat="41.811755659" lon="9.245847906" /><trkpt lat="41.811751338" lon="9.245831105" /><trkpt lat="41.811746766" lon="9.245815028" /><trkpt lat="41.811741928" lon="9.245799666" /><trkpt lat="41.811736814" lon="9.245785011" /><trkpt lat="41.811731410" lon="9.245771053" /><trkpt lat="41.811725703" lon="9.245757784" /><trkpt lat="41.811719682" lon="9.245745194" /><trkpt lat="41.811713334" lon="9.245733274" /><trkpt lat="41.811706647" lon="9.245722016" /><trkpt lat="41.811699608" lon="9.245711411" /><trkpt lat="41.811692205" lon="9.245701450" /><trkpt lat="41.811684425" lon="9.245692123" /><trkpt lat="41.811676255" lon="9.245683422" /><trkpt lat="41.811667684" lon="9.245675338" /><trkpt lat="41.811658699" lon="9.245667862" /><trkpt lat="41.811649288" lon="9.245660985" /><trkpt lat="41.811639438" lon="9.245654699" /><trkpt lat="41.811629136" lon="9.245648993" /><trkpt lat="41.811618370" lon="9.245643859" /><trkpt lat="41.811607128" lon="9.245639289" /><trkpt lat="41.811595398" lon="9.245635273" /><trkpt lat="41.811583166" lon="9.245631803" /><trkpt lat="41.811570421" lon="9.245628869" /><trkpt lat="41.811557150" lon="9.245626462" /><trkpt lat="41.811543340" lon="9.245624574" /><trkpt lat="41.811528980" lon="9.245623196" /><trkpt lat="41.811514056" lon="9.245622318" /><trkpt lat="41.811498557" lon="9.245621932" /><trkpt lat="41.811482469" lon="9.245622029" /><trkpt lat="41.811465780" lon="9.245622600" /><trkpt lat="41.811453564" lon="9.245623268" /><trkpt lat="41.811440646" lon="9.245624143" /><trkpt lat="41.811427059" lon="9.245625219" /><trkpt lat="41.811412835" lon="9.245626487" /><trkpt lat="41.811398006" lon="9.245627940" /><trkpt lat="41.811382605" lon="9.245629570" /><trkpt lat="41.811366663" lon="9.245631370" /><trkpt lat="41.811350214" lon="9.245633332" /><trkpt lat="41.811333287" lon="9.245635448" /><trkpt lat="41.811315917" lon="9.245637712" /><trkpt lat="41.811298136" lon="9.245640115" /><trkpt lat="41.811279974" lon="9.245642650" /><trkpt lat="41.811261465" lon="9.245645309" /><trkpt lat="41.811242640" lon="9.245648085" /><trkpt lat="41.811223532" lon="9.245650969" /><trkpt lat="41.811204173" lon="9.245653956" /><trkpt lat="41.811184596" lon="9.245657036" /><trkpt lat="41.811164831" lon="9.245660203" /><trkpt lat="41.811144911" lon="9.245663448" /><trkpt lat="41.811124869" lon="9.245666765" /><trkpt lat="41.811104737" lon="9.245670145" /><trkpt lat="41.811084546" lon="9.245673581" /><trkpt lat="41.811064330" lon="9.245677065" /><trkpt lat="41.811044119" lon="9.245680591" /><trkpt lat="41.811023947" lon="9.245684149" /><trkpt lat="41.811003844" lon="9.245687734" /><trkpt lat="41.810983845" lon="9.245691336" /><trkpt lat="41.810963980" lon="9.245694949" /><trkpt lat="41.810944282" lon="9.245698565" /><trkpt lat="41.810924782" lon="9.245702177" /><trkpt lat="41.810905514" lon="9.245705776" /><trkpt lat="41.810886509" lon="9.245709355" /><trkpt lat="41.810867799" lon="9.245712907" /><trkpt lat="41.810849417" lon="9.245716424" /><trkpt lat="41.810831395" lon="9.245719898" /><trkpt lat="41.810813764" lon="9.245723322" /><trkpt lat="41.810796557" lon="9.245726689" /><trkpt lat="41.810779807" lon="9.245729990" /><trkpt lat="41.810763544" lon="9.245733219" /><trkpt lat="41.810747802" lon="9.245736367" /><trkpt lat="41.810732613" lon="9.245739427" /><trkpt lat="41.810718008" lon="9.245742391" /><trkpt lat="41.810704020" lon="9.245745252" /><trkpt lat="41.810686590" lon="9.245748569" /><trkpt lat="41.810669902" lon="9.245751260" /><trkpt lat="41.810653926" lon="9.245753403" /><trkpt lat="41.810638631" lon="9.245755080" /><trkpt lat="41.810623988" lon="9.245756370" /><trkpt lat="41.810609966" lon="9.245757352" /><trkpt lat="41.810596536" lon="9.245758108" /><trkpt lat="41.810583667" lon="9.245758717" /><trkpt lat="41.810571329" lon="9.245759259" /><trkpt lat="41.810559492" lon="9.245759815" /><trkpt lat="41.810548126" lon="9.245760463" /><trkpt lat="41.810537201" lon="9.245761285" /><trkpt lat="41.810526687" lon="9.245762360" /><trkpt lat="41.810516553" lon="9.245763768" /><trkpt lat="41.810506770" lon="9.245765589" /><trkpt lat="41.810497308" lon="9.245767904" /><trkpt lat="41.810488136" lon="9.245770792" /><trkpt lat="41.810479224" lon="9.245774333" /><trkpt lat="41.810470543" lon="9.245778608" /><trkpt lat="41.810462061" lon="9.245783696" /><trkpt lat="41.810453750" lon="9.245789677" /><trkpt lat="41.810445579" lon="9.245796631" /><trkpt lat="41.810437517" lon="9.245804639" /><trkpt lat="41.810429535" lon="9.245813781" /><trkpt lat="41.810421603" lon="9.245824135" /><trkpt lat="41.810413691" lon="9.245835784" /><trkpt lat="41.810405768" lon="9.245848805" /><trkpt lat="41.810397804" lon="9.245863280" /><trkpt lat="41.810389770" lon="9.245879289" /><trkpt lat="41.810381634" lon="9.245896911" /><trkpt lat="41.810373368" lon="9.245916227" /><trkpt lat="41.810364941" lon="9.245937316" /><trkpt lat="41.810356323" lon="9.245960258" /><trkpt lat="41.810351685" lon="9.245972972" /><trkpt lat="41.810346912" lon="9.245986070" /><trkpt lat="41.810342008" lon="9.245999541" /><trkpt lat="41.810336978" lon="9.246013372" /><trkpt lat="41.810331827" lon="9.246027550" /><trkpt lat="41.810326558" lon="9.246042063" /><trkpt lat="41.810321177" lon="9.246056899" /><trkpt lat="41.810315686" lon="9.246072044" /><trkpt lat="41.810310091" lon="9.246087487" /><trkpt lat="41.810304395" lon="9.246103215" /><trkpt lat="41.810298604" lon="9.246119216" /><trkpt lat="41.810292722" lon="9.246135476" /><trkpt lat="41.810286752" lon="9.246151984" /><trkpt lat="41.810280699" lon="9.246168727" /><trkpt lat="41.810274568" lon="9.246185693" /><trkpt lat="41.810268362" lon="9.246202869" /><trkpt lat="41.810262086" lon="9.246220242" /><trkpt lat="41.810255745" lon="9.246237800" /><trkpt lat="41.810249343" lon="9.246255531" /><trkpt lat="41.810242883" lon="9.246273423" /><trkpt lat="41.810236371" lon="9.246291461" /><trkpt lat="41.810229810" lon="9.246309635" /><trkpt lat="41.810223206" lon="9.246327932" /><trkpt lat="41.810216561" lon="9.246346339" /><trkpt lat="41.810209882" lon="9.246364843" /><trkpt lat="41.810203171" lon="9.246383433" /><trkpt lat="41.810196433" lon="9.246402095" /><trkpt lat="41.810189673" lon="9.246420818" /><trkpt lat="41.810182895" lon="9.246439589" /><trkpt lat="41.810176103" lon="9.246458394" /><trkpt lat="41.810169302" lon="9.246477223" /><trkpt lat="41.810162495" lon="9.246496062" /><trkpt lat="41.810155688" lon="9.246514898" /><trkpt lat="41.810148884" lon="9.246533720" /><trkpt lat="41.810142087" lon="9.246552515" /><trkpt lat="41.810135303" lon="9.246571270" /><trkpt lat="41.810128536" lon="9.246589973" /><trkpt lat="41.810121788" lon="9.246608611" /><trkpt lat="41.810115066" lon="9.246627173" /><trkpt lat="41.810108374" lon="9.246645644" /><trkpt lat="41.810101715" lon="9.246664014" /><trkpt lat="41.810095094" lon="9.246682269" /><trkpt lat="41.810088515" lon="9.246700397" /><trkpt lat="41.810081983" lon="9.246718386" /><trkpt lat="41.810075502" lon="9.246736222" /><trkpt lat="41.810069076" lon="9.246753894" /><trkpt lat="41.810062710" lon="9.246771389" /><trkpt lat="41.810056408" lon="9.246788694" /><trkpt lat="41.810050173" lon="9.246805798" /><trkpt lat="41.810044012" lon="9.246822687" /><trkpt lat="41.810037927" lon="9.246839349" /><trkpt lat="41.810031923" lon="9.246855772" /><trkpt lat="41.810026005" lon="9.246871942" /><trkpt lat="41.810020177" lon="9.246887849" /><trkpt lat="41.810014443" lon="9.246903478" /><trkpt lat="41.810008807" lon="9.246918819" /><trkpt lat="41.810003274" lon="9.246933857" /><trkpt lat="41.809997848" lon="9.246948581" /><trkpt lat="41.809992534" lon="9.246962978" /><trkpt lat="41.809987335" lon="9.246977036" /><trkpt lat="41.809982256" lon="9.246990742" /><trkpt lat="41.809977302" lon="9.247004084" /><trkpt lat="41.809972476" lon="9.247017049" /><trkpt lat="41.809963309" lon="9.247041613" /><trkpt lat="41.809954557" lon="9.247065054" /><trkpt lat="41.809946227" lon="9.247087432" /><trkpt lat="41.809938326" lon="9.247108806" /><trkpt lat="41.809930863" lon="9.247129235" /><trkpt lat="41.809923843" lon="9.247148781" /><trkpt lat="41.809917276" lon="9.247167502" /><trkpt lat="41.809911169" lon="9.247185457" /><trkpt lat="41.809905528" lon="9.247202708" /><trkpt lat="41.809900362" lon="9.247219312" /><trkpt lat="41.809895678" lon="9.247235331" /><trkpt lat="41.809891483" lon="9.247250823" /><trkpt lat="41.809887786" lon="9.247265849" /><trkpt lat="41.809884593" lon="9.247280468" /><trkpt lat="41.809881913" lon="9.247294740" /><trkpt lat="41.809879752" lon="9.247308724" /><trkpt lat="41.809878118" lon="9.247322480" /><trkpt lat="41.809877019" lon="9.247336068" /><trkpt lat="41.809876461" lon="9.247349547" /><trkpt lat="41.809876454" lon="9.247362978" /><trkpt lat="41.809877004" lon="9.247376419" /><trkpt lat="41.809878118" lon="9.247389931" /><trkpt lat="41.809879805" lon="9.247403573" /><trkpt lat="41.809882071" lon="9.247417405" /><trkpt lat="41.809884925" lon="9.247431487" /><trkpt lat="41.809888373" lon="9.247445878" /><trkpt lat="41.809892424" lon="9.247460638" /><trkpt lat="41.809897085" lon="9.247475826" /><trkpt lat="41.809902362" lon="9.247491503" /><trkpt lat="41.809908265" lon="9.247507728" /><trkpt lat="41.809914800" lon="9.247524561" /><trkpt lat="41.809921974" lon="9.247542060" /><trkpt lat="41.809927696" lon="9.247555775" /><trkpt lat="41.809933419" lon="9.247569704" /><trkpt lat="41.809939120" lon="9.247583835" /><trkpt lat="41.809944772" lon="9.247598154" /><trkpt lat="41.809950352" lon="9.247612648" /><trkpt lat="41.809955833" lon="9.247627305" /><trkpt lat="41.809961190" lon="9.247642109" /><trkpt lat="41.809966399" lon="9.247657049" /><trkpt lat="41.809971435" lon="9.247672111" /><trkpt lat="41.809976272" lon="9.247687282" /><trkpt lat="41.809980885" lon="9.247702549" /><trkpt lat="41.809985250" lon="9.247717897" /><trkpt lat="41.809989340" lon="9.247733315" /><trkpt lat="41.809993131" lon="9.247748789" /><trkpt lat="41.809996599" lon="9.247764305" /><trkpt lat="41.809999717" lon="9.247779851" /><trkpt lat="41.810002460" lon="9.247795413" /><trkpt lat="41.810004805" lon="9.247810977" /><trkpt lat="41.810006724" lon="9.247826531" /><trkpt lat="41.810008194" lon="9.247842062" /><trkpt lat="41.810009190" lon="9.247857555" /><trkpt lat="41.810009685" lon="9.247872999" /><trkpt lat="41.810009656" lon="9.247888378" /><trkpt lat="41.810009077" lon="9.247903682" /><trkpt lat="41.810007923" lon="9.247918895" /><trkpt lat="41.810006168" lon="9.247934005" /><trkpt lat="41.810003788" lon="9.247948999" /><trkpt lat="41.810000758" lon="9.247963863" /><trkpt lat="41.809997052" lon="9.247978584" /><trkpt lat="41.809992646" lon="9.247993149" /><trkpt lat="41.809987514" lon="9.248007544" /><trkpt lat="41.809981631" lon="9.248021757" /><trkpt lat="41.809974973" lon="9.248035774" /><trkpt lat="41.809967513" lon="9.248049581" /><trkpt lat="41.809959228" lon="9.248063166" /><trkpt lat="41.809950091" lon="9.248076516" /><trkpt lat="41.809940078" lon="9.248089617" /><trkpt lat="41.809929164" lon="9.248102455" /><trkpt lat="41.809917324" lon="9.248115018" /><trkpt lat="41.809904532" lon="9.248127292" /><trkpt lat="41.809890763" lon="9.248139265" /><trkpt lat="41.809875992" lon="9.248150922" /><trkpt lat="41.809859085" lon="9.248163501" /><trkpt lat="41.809842145" lon="9.248175820" /><trkpt lat="41.809825180" lon="9.248187871" /><trkpt lat="41.809808198" lon="9.248199644" /><trkpt lat="41.809791205" lon="9.248211130" /><trkpt lat="41.809774210" lon="9.248222318" /><trkpt lat="41.809757220" lon="9.248233200" /><trkpt lat="41.809740243" lon="9.248243767" /><trkpt lat="41.809723286" lon="9.248254008" /><trkpt lat="41.809706356" lon="9.248263915" /><trkpt lat="41.809689463" lon="9.248273477" /><trkpt lat="41.809672612" lon="9.248282686" /><trkpt lat="41.809655813" lon="9.248291532" /><trkpt lat="41.809639071" lon="9.248300005" /><trkpt lat="41.809622396" lon="9.248308097" /><trkpt lat="41.809605794" lon="9.248315797" /><trkpt lat="41.809589272" lon="9.248323096" /><trkpt lat="41.809572840" lon="9.248329986" /><trkpt lat="41.809556504" lon="9.248336455" /><trkpt lat="41.809540272" lon="9.248342496" /><trkpt lat="41.809524151" lon="9.248348098" /><trkpt lat="41.809508149" lon="9.248353252" /><trkpt lat="41.809492273" lon="9.248357949" /><trkpt lat="41.809476532" lon="9.248362179" /><trkpt lat="41.809460933" lon="9.248365932" /><trkpt lat="41.809445483" lon="9.248369200" /><trkpt lat="41.809430190" lon="9.248371973" /><trkpt lat="41.809415062" lon="9.248374241" /><trkpt lat="41.809400106" lon="9.248375995" /><trkpt lat="41.809385329" lon="9.248377225" /><trkpt lat="41.809370740" lon="9.248377923" /><trkpt lat="41.809356346" lon="9.248378078" /><trkpt lat="41.809342154" lon="9.248377682" /><trkpt lat="41.809328173" lon="9.248376724" /><trkpt lat="41.809314409" lon="9.248375196" /><trkpt lat="41.809300870" lon="9.248373087" /><trkpt lat="41.809287565" lon="9.248370389" /><trkpt lat="41.809274500" lon="9.248367092" /><trkpt lat="41.809261320" lon="9.248363154" /><trkpt lat="41.809248369" lon="9.248358733" /><trkpt lat="41.809235652" lon="9.248353824" /><trkpt lat="41.809223177" lon="9.248348422" /><trkpt lat="41.809210949" lon="9.248342524" /><trkpt lat="41.809198975" lon="9.248336125" /><trkpt lat="41.809187260" lon="9.248329220" /><trkpt lat="41.809175811" lon="9.248321807" /><trkpt lat="41.809164635" lon="9.248313880" /><trkpt lat="41.809153736" lon="9.248305435" /><trkpt lat="41.809143123" lon="9.248296467" /><trkpt lat="41.809132800" lon="9.248286974" /><trkpt lat="41.809122774" lon="9.248276950" /><trkpt lat="41.809113051" lon="9.248266390" /><trkpt lat="41.809103638" lon="9.248255292" /><trkpt lat="41.809094540" lon="9.248243650" /><trkpt lat="41.809085764" lon="9.248231460" /><trkpt lat="41.809077316" lon="9.248218719" /><trkpt lat="41.809069203" lon="9.248205421" /><trkpt lat="41.809061429" lon="9.248191563" /><trkpt lat="41.809054003" lon="9.248177140" /><trkpt lat="41.809046929" lon="9.248162147" /><trkpt lat="41.809040215" lon="9.248146582" /><trkpt lat="41.809033865" lon="9.248130439" /><trkpt lat="41.809027887" lon="9.248113714" /><trkpt lat="41.809022287" lon="9.248096403" /><trkpt lat="41.809017071" lon="9.248078501" /><trkpt lat="41.809012245" lon="9.248060006" /><trkpt lat="41.809007815" lon="9.248040911" /><trkpt lat="41.809003788" lon="9.248021213" /><trkpt lat="41.809000169" lon="9.248000907" /><trkpt lat="41.808996966" lon="9.247979990" /><trkpt lat="41.808994184" lon="9.247958457" /><trkpt lat="41.808991829" lon="9.247936304" /><trkpt lat="41.808989907" lon="9.247913526" /><trkpt lat="41.808988426" lon="9.247890120" /><trkpt lat="41.808987390" lon="9.247866080" /><trkpt lat="41.808986957" lon="9.247852656" /><trkpt lat="41.808986540" lon="9.247838897" /><trkpt lat="41.808986141" lon="9.247824811" /><trkpt lat="41.808985760" lon="9.247810408" /><trkpt lat="41.808985398" lon="9.247795697" /><trkpt lat="41.808985055" lon="9.247780688" /><trkpt lat="41.808984734" lon="9.247765389" /><trkpt lat="41.808984434" lon="9.247749810" /><trkpt lat="41.808984157" lon="9.247733961" /><trkpt lat="41.808983903" lon="9.247717849" /><trkpt lat="41.808983674" lon="9.247701485" /><trkpt lat="41.808983470" lon="9.247684878" /><trkpt lat="41.808983292" lon="9.247668036" /><trkpt lat="41.808983140" lon="9.247650970" /><trkpt lat="41.808983017" lon="9.247633688" /><trkpt lat="41.808982923" lon="9.247616199" /><trkpt lat="41.808982857" lon="9.247598514" /><trkpt lat="41.808982823" lon="9.247580640" /><trkpt lat="41.808982820" lon="9.247562588" /><trkpt lat="41.808982849" lon="9.247544365" /><trkpt lat="41.808982911" lon="9.247525983" /><trkpt lat="41.808983007" lon="9.247507450" /><trkpt lat="41.808983138" lon="9.247488774" /><trkpt lat="41.808983304" lon="9.247469966" /><trkpt lat="41.808983508" lon="9.247451034" /><trkpt lat="41.808983749" lon="9.247431988" /><trkpt lat="41.808984028" lon="9.247412837" /><trkpt lat="41.808984346" lon="9.247393590" /><trkpt lat="41.808984705" lon="9.247374257" /><trkpt lat="41.808985104" lon="9.247354846" /><trkpt lat="41.808985546" lon="9.247335367" /><trkpt lat="41.808986030" lon="9.247315829" /><trkpt lat="41.808986558" lon="9.247296241" /><trkpt lat="41.808987130" lon="9.247276613" /><trkpt lat="41.808987748" lon="9.247256953" /><trkpt lat="41.808988412" lon="9.247237272" /><trkpt lat="41.808989123" lon="9.247217577" /><trkpt lat="41.808989882" lon="9.247197879" /><trkpt lat="41.808990690" lon="9.247178186" /><trkpt lat="41.808991548" lon="9.247158508" /><trkpt lat="41.808992457" lon="9.247138854" /><trkpt lat="41.808993417" lon="9.247119233" /><trkpt lat="41.808994430" lon="9.247099654" /><trkpt lat="41.808995495" lon="9.247080128" /><trkpt lat="41.808996615" lon="9.247060662" /><trkpt lat="41.808997791" lon="9.247041266" /><trkpt lat="41.808999022" lon="9.247021949" /><trkpt lat="41.809000309" lon="9.247002721" /><trkpt lat="41.809001655" lon="9.246983591" /><trkpt lat="41.809003059" lon="9.246964567" /><trkpt lat="41.809004523" lon="9.246945660" /><trkpt lat="41.809006047" lon="9.246926878" /><trkpt lat="41.809007632" lon="9.246908230" /><trkpt lat="41.809009279" lon="9.246889727" /><trkpt lat="41.809010989" lon="9.246871376" /><trkpt lat="41.809012763" lon="9.246853188" /><trkpt lat="41.809014602" lon="9.246835171" /><trkpt lat="41.809016506" lon="9.246817334" /><trkpt lat="41.809018477" lon="9.246799688" /><trkpt lat="41.809020515" lon="9.246782241" /><trkpt lat="41.809022621" lon="9.246765002" /><trkpt lat="41.809024797" lon="9.246747980" /><trkpt lat="41.809027042" lon="9.246731186" /><trkpt lat="41.809029359" lon="9.246714627" /><trkpt lat="41.809031747" lon="9.246698313" /><trkpt lat="41.809034207" lon="9.246682254" /><trkpt lat="41.809036742" lon="9.246666458" /><trkpt lat="41.809039350" lon="9.246650936" /><trkpt lat="41.809042883" lon="9.246630438" /><trkpt lat="41.809046422" lon="9.246609970" /><trkpt lat="41.809049967" lon="9.246589536" /><trkpt lat="41.809053514" lon="9.246569143" /><trkpt lat="41.809057063" lon="9.246548794" /><trkpt lat="41.809060610" lon="9.246528494" /><trkpt lat="41.809064154" lon="9.246508249" /><trkpt lat="41.809067693" lon="9.246488064" /><trkpt lat="41.809071224" lon="9.246467943" /><trkpt lat="41.809074746" lon="9.246447892" /><trkpt lat="41.809078256" lon="9.246427915" /><trkpt lat="41.809081752" lon="9.246408018" /><trkpt lat="41.809085233" lon="9.246388205" /><trkpt lat="41.809088696" lon="9.246368482" /><trkpt lat="41.809092139" lon="9.246348853" /><trkpt lat="41.809095560" lon="9.246329323" /><trkpt lat="41.809098957" lon="9.246309898" /><trkpt lat="41.809102328" lon="9.246290582" /><trkpt lat="41.809105671" lon="9.246271380" /><trkpt lat="41.809108983" lon="9.246252297" /><trkpt lat="41.809112263" lon="9.246233339" /><trkpt lat="41.809115509" lon="9.246214510" /><trkpt lat="41.809118718" lon="9.246195815" /><trkpt lat="41.809121888" lon="9.246177260" /><trkpt lat="41.809125018" lon="9.246158848" /><trkpt lat="41.809128105" lon="9.246140586" /><trkpt lat="41.809131147" lon="9.246122477" /><trkpt lat="41.809134142" lon="9.246104528" /><trkpt lat="41.809137089" lon="9.246086742" /><trkpt lat="41.809139984" lon="9.246069126" /><trkpt lat="41.809142825" lon="9.246051684" /><trkpt lat="41.809145612" lon="9.246034420" /><trkpt lat="41.809148341" lon="9.246017341" /><trkpt lat="41.809151011" lon="9.246000450" /><trkpt lat="41.809153620" lon="9.245983754" /><trkpt lat="41.809156165" lon="9.245967256" /><trkpt lat="41.809158644" lon="9.245950962" /><trkpt lat="41.809161055" lon="9.245934876" /><trkpt lat="41.809163397" lon="9.245919005" /><trkpt lat="41.809165667" lon="9.245903352" /><trkpt lat="41.809167862" lon="9.245887923" /><trkpt lat="41.809169982" lon="9.245872723" /><trkpt lat="41.809172024" lon="9.245857756" /><trkpt lat="41.809173985" lon="9.245843028" /><trkpt lat="41.809175864" lon="9.245828544" /><trkpt lat="41.809177659" lon="9.245814308" /><trkpt lat="41.809179367" lon="9.245800325" /><trkpt lat="41.809180987" lon="9.245786602" /><trkpt lat="41.809182516" lon="9.245773141" /><trkpt lat="41.809183953" lon="9.245759950" /><trkpt lat="41.809185295" lon="9.245747031" /><trkpt lat="41.809187371" lon="9.245726172" /><trkpt lat="41.809189204" lon="9.245706969" /><trkpt lat="41.809190791" lon="9.245689305" /><trkpt lat="41.809192135" lon="9.245673063" /><trkpt lat="41.809193236" lon="9.245658126" /><trkpt lat="41.809194093" lon="9.245644377" /><trkpt lat="41.809194707" lon="9.245631699" /><trkpt lat="41.809195078" lon="9.245619975" /><trkpt lat="41.809195207" lon="9.245609088" /><trkpt lat="41.809195095" lon="9.245598920" /><trkpt lat="41.809194740" lon="9.245589356" /><trkpt lat="41.809194145" lon="9.245580277" /><trkpt lat="41.809193308" lon="9.245571568" /><trkpt lat="41.809192231" lon="9.245563110" /><trkpt lat="41.809190914" lon="9.245554787" /><trkpt lat="41.809189356" lon="9.245546482" /><trkpt lat="41.809187559" lon="9.245538078" /><trkpt lat="41.809185523" lon="9.245529458" /><trkpt lat="41.809183248" lon="9.245520505" /><trkpt lat="41.809180735" lon="9.245511101" /><trkpt lat="41.809177983" lon="9.245501131" /><trkpt lat="41.809174993" lon="9.245490476" /><trkpt lat="41.809171766" lon="9.245479020" /><trkpt lat="41.809168302" lon="9.245466646" /><trkpt lat="41.809164600" lon="9.245453236" /><trkpt lat="41.809160663" lon="9.245438675" /><trkpt lat="41.809156489" lon="9.245422844" /><trkpt lat="41.809152079" lon="9.245405627" /><trkpt lat="41.809147433" lon="9.245386907" /><trkpt lat="41.809142553" lon="9.245366567" /><trkpt lat="41.809138329" lon="9.245348616" /><trkpt lat="41.809134236" lon="9.245331067" /><trkpt lat="41.809130286" lon="9.245313887" /><trkpt lat="41.809126491" lon="9.245297046" /><trkpt lat="41.809122863" lon="9.245280510" /><trkpt lat="41.809119416" lon="9.245264248" /><trkpt lat="41.809116163" lon="9.245248228" /><trkpt lat="41.809113115" lon="9.245232419" /><trkpt lat="41.809110285" lon="9.245216787" /><trkpt lat="41.809107685" lon="9.245201302" /><trkpt lat="41.809105330" lon="9.245185932" /><trkpt lat="41.809103230" lon="9.245170644" /><trkpt lat="41.809101399" lon="9.245155407" /><trkpt lat="41.809099849" lon="9.245140189" /><trkpt lat="41.809098593" lon="9.245124957" /><trkpt lat="41.809097643" lon="9.245109681" /><trkpt lat="41.809097012" lon="9.245094327" /><trkpt lat="41.809096713" lon="9.245078865" /><trkpt lat="41.809096757" lon="9.245063262" /><trkpt lat="41.809097159" lon="9.245047486" /><trkpt lat="41.809097930" lon="9.245031505" /><trkpt lat="41.809099082" lon="9.245015289" /><trkpt lat="41.809100629" lon="9.244998803" /><trkpt lat="41.809102584" lon="9.244982018" /><trkpt lat="41.809104958" lon="9.244964900" /><trkpt lat="41.809107764" lon="9.244947418" /><trkpt lat="41.809111015" lon="9.244929541" /><trkpt lat="41.809114723" lon="9.244911235" /><trkpt lat="41.809118902" lon="9.244892470" /><trkpt lat="41.809123563" lon="9.244873212" /><trkpt lat="41.809128719" lon="9.244853432" /><trkpt lat="41.809134383" lon="9.244833095" /><trkpt lat="41.809140568" lon="9.244812172" /><trkpt lat="41.809147285" lon="9.244790629" /><trkpt lat="41.809154548" lon="9.244768434" /><trkpt lat="41.809161207" lon="9.244748197" /><trkpt lat="41.809167641" lon="9.244727941" /><trkpt lat="41.809173839" lon="9.244707691" /><trkpt lat="41.809179787" lon="9.244687470" /><trkpt lat="41.809185474" lon="9.244667305" /><trkpt lat="41.809190888" lon="9.244647218" /><trkpt lat="41.809196015" lon="9.244627235" /><trkpt lat="41.809200843" lon="9.244607380" /><trkpt lat="41.809205361" lon="9.244587677" /><trkpt lat="41.809209555" lon="9.244568151" /><trkpt lat="41.809213413" lon="9.244548827" /><trkpt lat="41.809216923" lon="9.244529729" /><trkpt lat="41.809220073" lon="9.244510880" /><trkpt lat="41.809222849" lon="9.244492307" /><trkpt lat="41.809225240" lon="9.244474033" /><trkpt lat="41.809227234" lon="9.244456082" /><trkpt lat="41.809228817" lon="9.244438480" /><trkpt lat="41.809229978" lon="9.244421250" /><trkpt lat="41.809230704" lon="9.244404418" /><trkpt lat="41.809230983" lon="9.244388007" /><trkpt lat="41.809230802" lon="9.244372042" /><trkpt lat="41.809230149" lon="9.244356547" /><trkpt lat="41.809229011" lon="9.244341548" /><trkpt lat="41.809227377" lon="9.244327068" /><trkpt lat="41.809225234" lon="9.244313132" /><trkpt lat="41.809222568" lon="9.244299764" /><trkpt lat="41.809219369" lon="9.244286989" /><trkpt lat="41.809215624" lon="9.244274832" /><trkpt lat="41.809211319" lon="9.244263316" /><trkpt lat="41.809206444" lon="9.244252466" /><trkpt lat="41.809200985" lon="9.244242307" /><trkpt lat="41.809194930" lon="9.244232864" /><trkpt lat="41.809188267" lon="9.244224160" /><trkpt lat="41.809180983" lon="9.244216220" /><trkpt lat="41.809173066" lon="9.244209068" /><trkpt lat="41.809164503" lon="9.244202730" /><trkpt lat="41.809155282" lon="9.244197229" /><trkpt lat="41.809145392" lon="9.244192590" /><trkpt lat="41.809134818" lon="9.244188837" /><trkpt lat="41.809120927" lon="9.244184983" /><trkpt lat="41.809107630" lon="9.244182001" /><trkpt lat="41.809094907" lon="9.244179887" /><trkpt lat="41.809082741" lon="9.244178636" /><trkpt lat="41.809071111" lon="9.244178245" /><trkpt lat="41.809059999" lon="9.244178710" /><trkpt lat="41.809049385" lon="9.244180025" /><trkpt lat="41.809039250" lon="9.244182187" /><trkpt lat="41.809029576" lon="9.244185192" /><trkpt lat="41.809020343" lon="9.244189036" /><trkpt lat="41.809011532" lon="9.244193714" /><trkpt lat="41.809003124" lon="9.244199223" /><trkpt lat="41.808995100" lon="9.244205558" /><trkpt lat="41.808987441" lon="9.244212714" /><trkpt lat="41.808980127" lon="9.244220689" /><trkpt lat="41.808973140" lon="9.244229477" /><trkpt lat="41.808966460" lon="9.244239074" /><trkpt lat="41.808960069" lon="9.244249477" /><trkpt lat="41.808953946" lon="9.244260681" /><trkpt lat="41.808948074" lon="9.244272681" /><trkpt lat="41.808942433" lon="9.244285475" /><trkpt lat="41.808937004" lon="9.244299057" /><trkpt lat="41.808931768" lon="9.244313423" /><trkpt lat="41.808926705" lon="9.244328570" /><trkpt lat="41.808921797" lon="9.244344492" /><trkpt lat="41.808917025" lon="9.244361187" /><trkpt lat="41.808912369" lon="9.244378649" /><trkpt lat="41.808907810" lon="9.244396875" /><trkpt lat="41.808903329" lon="9.244415860" /><trkpt lat="41.808898908" lon="9.244435601" /><trkpt lat="41.808895979" lon="9.244448625" /><trkpt lat="41.808892810" lon="9.244462008" /><trkpt lat="41.808889404" lon="9.244475734" /><trkpt lat="41.808885766" lon="9.244489790" /><trkpt lat="41.808881897" lon="9.244504160" /><trkpt lat="41.808877803" lon="9.244518830" /><trkpt lat="41.808873486" lon="9.244533784" /><trkpt lat="41.808868951" lon="9.244549010" /><trkpt lat="41.808864200" lon="9.244564491" /><trkpt lat="41.808859237" lon="9.244580214" /><trkpt lat="41.808854066" lon="9.244596163" /><trkpt lat="41.808848691" lon="9.244612325" /><trkpt lat="41.808843114" lon="9.244628683" /><trkpt lat="41.808837340" lon="9.244645225" /><trkpt lat="41.808831372" lon="9.244661934" /><trkpt lat="41.808825214" lon="9.244678798" /><trkpt lat="41.808818868" lon="9.244695800" /><trkpt lat="41.808812340" lon="9.244712926" /><trkpt lat="41.808805631" lon="9.244730162" /><trkpt lat="41.808798746" lon="9.244747492" /><trkpt lat="41.808791689" lon="9.244764904" /><trkpt lat="41.808784463" lon="9.244782381" /><trkpt lat="41.808777071" lon="9.244799908" /><trkpt lat="41.808769517" lon="9.244817473" /><trkpt lat="41.808761805" lon="9.244835059" /><trkpt lat="41.808753938" lon="9.244852653" /><trkpt lat="41.808745919" lon="9.244870239" /><trkpt lat="41.808737753" lon="9.244887803" /><trkpt lat="41.808729442" lon="9.244905330" /><trkpt lat="41.808720991" lon="9.244922806" /><trkpt lat="41.808712403" lon="9.244940216" /><trkpt lat="41.808703682" lon="9.244957545" /><trkpt lat="41.808694830" lon="9.244974779" /><trkpt lat="41.808685852" lon="9.244991904" /><trkpt lat="41.808676751" lon="9.245008903" /><trkpt lat="41.808667531" lon="9.245025764" /><trkpt lat="41.808658195" lon="9.245042471" /><trkpt lat="41.808648747" lon="9.245059010" /><trkpt lat="41.808639191" lon="9.245075365" /><trkpt lat="41.808629529" lon="9.245091523" /><trkpt lat="41.808619766" lon="9.245107469" /><trkpt lat="41.808609904" lon="9.245123188" /><trkpt lat="41.808599949" lon="9.245138665" /><trkpt lat="41.808589902" lon="9.245153886" /><trkpt lat="41.808579769" lon="9.245168837" /><trkpt lat="41.808569551" lon="9.245183502" /><trkpt lat="41.808559254" lon="9.245197867" /><trkpt lat="41.808549023" lon="9.245212190" /><trkpt lat="41.808538995" lon="9.245226728" /><trkpt lat="41.808529157" lon="9.245241465" /><trkpt lat="41.808519497" lon="9.245256385" /><trkpt lat="41.808510002" lon="9.245271471" /><trkpt lat="41.808500658" lon="9.245286706" /><trkpt lat="41.808491454" lon="9.245302075" /><trkpt lat="41.808482376" lon="9.245317561" /><trkpt lat="41.808473412" lon="9.245333148" /><trkpt lat="41.808464549" lon="9.245348819" /><trkpt lat="41.808455774" lon="9.245364558" /><trkpt lat="41.808447074" lon="9.245380348" /><trkpt lat="41.808438437" lon="9.245396174" /><trkpt lat="41.808429849" lon="9.245412018" /><trkpt lat="41.808421299" lon="9.245427865" /><trkpt lat="41.808412773" lon="9.245443698" /><trkpt lat="41.808404258" lon="9.245459501" /><trkpt lat="41.808395743" lon="9.245475257" /><trkpt lat="41.808387213" lon="9.245490950" /><trkpt lat="41.808378657" lon="9.245506564" /><trkpt lat="41.808370061" lon="9.245522082" /><trkpt lat="41.808361413" lon="9.245537488" /><trkpt lat="41.808352700" lon="9.245552766" /><trkpt lat="41.808343909" lon="9.245567899" /><trkpt lat="41.808335027" lon="9.245582870" /><trkpt lat="41.808326042" lon="9.245597664" /><trkpt lat="41.808316941" lon="9.245612264" /><trkpt lat="41.808307712" lon="9.245626654" /><trkpt lat="41.808298340" lon="9.245640818" /><trkpt lat="41.808288815" lon="9.245654738" /><trkpt lat="41.808279122" lon="9.245668399" /><trkpt lat="41.808269249" lon="9.245681784" /><trkpt lat="41.808259184" lon="9.245694877" /><trkpt lat="41.808248913" lon="9.245707662" /><trkpt lat="41.808238424" lon="9.245720121" /><trkpt lat="41.808227704" lon="9.245732240" /><trkpt lat="41.808216740" lon="9.245744001" /><trkpt lat="41.808205520" lon="9.245755388" /><trkpt lat="41.808194031" lon="9.245766385" /><trkpt lat="41.808182259" lon="9.245776975" /><trkpt lat="41.808170193" lon="9.245787142" /><trkpt lat="41.808157820" lon="9.245796870" /><trkpt lat="41.808145126" lon="9.245806142" /><trkpt lat="41.808132099" lon="9.245814942" /><trkpt lat="41.808118726" lon="9.245823254" /><trkpt lat="41.808104995" lon="9.245831061" /><trkpt lat="41.808090892" lon="9.245838346" /><trkpt lat="41.808068877" lon="9.245849189" /><trkpt lat="41.808047590" lon="9.245859722" /><trkpt lat="41.808026995" lon="9.245869942" /><trkpt lat="41.808007053" lon="9.245879845" /><trkpt lat="41.807987728" lon="9.245889427" /><trkpt lat="41.807968982" lon="9.245898686" /><trkpt lat="41.807950778" lon="9.245907617" /><trkpt lat="41.807933080" lon="9.245916219" /><trkpt lat="41.807915848" lon="9.245924486" /><trkpt lat="41.807899047" lon="9.245932416" /><trkpt lat="41.807882639" lon="9.245940006" /><trkpt lat="41.807866586" lon="9.245947251" /><trkpt lat="41.807850852" lon="9.245954149" /><trkpt lat="41.807835399" lon="9.245960696" /><trkpt lat="41.807820190" lon="9.245966889" /><trkpt lat="41.807805187" lon="9.245972724" /><trkpt lat="41.807790354" lon="9.245978199" /><trkpt lat="41.807775652" lon="9.245983308" /><trkpt lat="41.807761046" lon="9.245988050" /><trkpt lat="41.807746497" lon="9.245992421" /><trkpt lat="41.807731968" lon="9.245996417" /><trkpt lat="41.807717422" lon="9.246000036" /><trkpt lat="41.807702822" lon="9.246003272" /><trkpt lat="41.807688130" lon="9.246006124" /><trkpt lat="41.807673310" lon="9.246008588" /><trkpt lat="41.807658323" lon="9.246010661" /><trkpt lat="41.807643133" lon="9.246012338" /><trkpt lat="41.807627702" lon="9.246013617" /><trkpt lat="41.807611993" lon="9.246014494" /><trkpt lat="41.807595969" lon="9.246014966" /><trkpt lat="41.807584219" lon="9.246015330" /><trkpt lat="41.807571596" lon="9.246016039" /><trkpt lat="41.807558143" lon="9.246017077" /><trkpt lat="41.807543906" lon="9.246018429" /><trkpt lat="41.807528927" lon="9.246020079" /><trkpt lat="41.807513252" lon="9.246022013" /><trkpt lat="41.807496925" lon="9.246024214" /><trkpt lat="41.807479989" lon="9.246026668" /><trkpt lat="41.807462489" lon="9.246029359" /><trkpt lat="41.807444469" lon="9.246032272" /><trkpt lat="41.807425973" lon="9.246035392" /><trkpt lat="41.807407046" lon="9.246038703" /><trkpt lat="41.807387731" lon="9.246042190" /><trkpt lat="41.807368073" lon="9.246045837" /><trkpt lat="41.807348117" lon="9.246049630" /><trkpt lat="41.807327905" lon="9.246053553" /><trkpt lat="41.807307483" lon="9.246057591" /><trkpt lat="41.807286894" lon="9.246061728" /><trkpt lat="41.807266183" lon="9.246065949" /><trkpt lat="41.807245395" lon="9.246070238" /><trkpt lat="41.807224572" lon="9.246074582" /><trkpt lat="41.807203760" lon="9.246078963" /><trkpt lat="41.807183002" lon="9.246083367" /><trkpt lat="41.807162343" lon="9.246087779" /><trkpt lat="41.807141826" lon="9.246092183" /><trkpt lat="41.807121497" lon="9.246096563" /><trkpt lat="41.807101399" lon="9.246100906" /><trkpt lat="41.807081577" lon="9.246105194" /><trkpt lat="41.807062074" lon="9.246109413" /><trkpt lat="41.807042936" lon="9.246113548" /><trkpt lat="41.807024205" lon="9.246117583" /><trkpt lat="41.807005926" lon="9.246121504" /><trkpt lat="41.806988144" lon="9.246125294" /><trkpt lat="41.806970903" lon="9.246128938" /><trkpt lat="41.806954246" lon="9.246132421" /><trkpt lat="41.806938218" lon="9.246135728" /><trkpt lat="41.806922864" lon="9.246138843" /><trkpt lat="41.806908227" lon="9.246141751" /><trkpt lat="41.806894351" lon="9.246144437" /><trkpt lat="41.806881281" lon="9.246146886" /><trkpt lat="41.806869062" lon="9.246149082" /><trkpt lat="41.806857736" lon="9.246151009" /><trkpt lat="41.806847348" lon="9.246152653" /><trkpt lat="41.806833276" lon="9.246154503" /><trkpt lat="41.806819461" lon="9.246155758" /><trkpt lat="41.806805921" lon="9.246156413" /><trkpt lat="41.806792672" lon="9.246156464" /><trkpt lat="41.806779733" lon="9.246155906" /><trkpt lat="41.806767120" lon="9.246154734" /><trkpt lat="41.806754851" lon="9.246152944" /><trkpt lat="41.806742944" lon="9.246150529" /><trkpt lat="41.806731414" lon="9.246147487" /><trkpt lat="41.806720281" lon="9.246143812" /><trkpt lat="41.806709561" lon="9.246139498" /><trkpt lat="41.806699271" lon="9.246134543" /><trkpt lat="41.806689430" lon="9.246128940" /><trkpt lat="41.806680053" lon="9.246122684" /><trkpt lat="41.806671159" lon="9.246115772" /><trkpt lat="41.806662765" lon="9.246108199" /><trkpt lat="41.806654888" lon="9.246099959" /><trkpt lat="41.806647545" lon="9.246091048" /><trkpt lat="41.806640754" lon="9.246081461" /><trkpt lat="41.806634533" lon="9.246071193" /><trkpt lat="41.806628898" lon="9.246060240" /><trkpt lat="41.806623866" lon="9.246048597" /><trkpt lat="41.806619456" lon="9.246036258" /><trkpt lat="41.806615684" lon="9.246023220" /><trkpt lat="41.806612568" lon="9.246009477" /><trkpt lat="41.806610125" lon="9.245995026" /><trkpt lat="41.806608373" lon="9.245979860" /><trkpt lat="41.806607328" lon="9.245963975" /><trkpt lat="41.806607008" lon="9.245947366" /><trkpt lat="41.806607431" lon="9.245930029" /><trkpt lat="41.806608561" lon="9.245912795" /><trkpt lat="41.806610340" lon="9.245896472" /><trkpt lat="41.806612751" lon="9.245881026" /><trkpt lat="41.806615776" lon="9.245866419" /><trkpt lat="41.806619399" lon="9.245852618" /><trkpt lat="41.806623601" lon="9.245839585" /><trkpt lat="41.806628366" lon="9.245827286" /><trkpt lat="41.806633676" lon="9.245815684" /><trkpt lat="41.806639514" lon="9.245804744" /><trkpt lat="41.806645862" lon="9.245794429" /><trkpt lat="41.806652704" lon="9.245784704" /><trkpt lat="41.806660021" lon="9.245775534" /><trkpt lat="41.806667797" lon="9.245766883" /><trkpt lat="41.806676014" lon="9.245758714" /><trkpt lat="41.806684654" lon="9.245750992" /><trkpt lat="41.806693702" lon="9.245743682" /><trkpt lat="41.806703138" lon="9.245736747" /><trkpt lat="41.806712947" lon="9.245730151" /><trkpt lat="41.806723110" lon="9.245723860" /><trkpt lat="41.806733610" lon="9.245717837" /><trkpt lat="41.806744430" lon="9.245712046" /><trkpt lat="41.806755552" lon="9.245706452" /><trkpt lat="41.806766960" lon="9.245701019" /><trkpt lat="41.806778636" lon="9.245695712" /><trkpt lat="41.806790562" lon="9.245690493" /><trkpt lat="41.806802722" lon="9.245685329" /><trkpt lat="41.806815097" lon="9.245680182" /><trkpt lat="41.806827672" lon="9.245675017" /><trkpt lat="41.806840427" lon="9.245669799" /><trkpt lat="41.806853346" lon="9.245664491" /><trkpt lat="41.806866052" lon="9.245659295" /><trkpt lat="41.806879007" lon="9.245654074" /><trkpt lat="41.806892199" lon="9.245648802" /><trkpt lat="41.806905615" lon="9.245643454" /><trkpt lat="41.806919244" lon="9.245638005" /><trkpt lat="41.806933073" lon="9.245632429" /><trkpt lat="41.806947089" lon="9.245626700" /><trkpt lat="41.806961280" lon="9.245620793" /><trkpt lat="41.806975633" lon="9.245614684" /><trkpt lat="41.806990136" lon="9.245608345" /><trkpt lat="41.807004776" lon="9.245601753" /><trkpt lat="41.807019540" lon="9.245594882" /><trkpt lat="41.807034418" lon="9.245587706" /><trkpt lat="41.807049395" lon="9.245580200" /><trkpt lat="41.807064459" lon="9.245572339" /><trkpt lat="41.807079599" lon="9.245564096" /><trkpt lat="41.807094800" lon="9.245555448" /><trkpt lat="41.807110052" lon="9.245546367" /><trkpt lat="41.807125341" lon="9.245536830" /><trkpt lat="41.807140655" lon="9.245526810" /><trkpt lat="41.807155982" lon="9.245516283" /><trkpt lat="41.807171308" lon="9.245505222" /><trkpt lat="41.807186622" lon="9.245493603" /><trkpt lat="41.807201912" lon="9.245481400" /><trkpt lat="41.807217163" lon="9.245468588" /><trkpt lat="41.807232365" lon="9.245455140" /><trkpt lat="41.807247504" lon="9.245441033" /><trkpt lat="41.807262569" lon="9.245426240" /><trkpt lat="41.807277546" lon="9.245410736" /><trkpt lat="41.807292423" lon="9.245394496" /><trkpt lat="41.807307188" lon="9.245377494" /><trkpt lat="41.807316417" lon="9.245366582" /><trkpt lat="41.807325862" lon="9.245355414" /><trkpt lat="41.807335505" lon="9.245343996" /><trkpt lat="41.807345329" lon="9.245332334" /><trkpt lat="41.807355319" lon="9.245320434" /><trkpt lat="41.807365457" lon="9.245308301" /><trkpt lat="41.807375728" lon="9.245295942" /><trkpt lat="41.807386114" lon="9.245283362" /><trkpt lat="41.807396599" lon="9.245270567" /><trkpt lat="41.807407166" lon="9.245257563" /><trkpt lat="41.807417799" lon="9.245244356" /><trkpt lat="41.807428482" lon="9.245230951" /><trkpt lat="41.807439197" lon="9.245217355" /><trkpt lat="41.807449929" lon="9.245203573" /><trkpt lat="41.807460660" lon="9.245189610" /><trkpt lat="41.807471375" lon="9.245175474" /><trkpt lat="41.807482056" lon="9.245161169" /><trkpt lat="41.807492687" lon="9.245146702" /><trkpt lat="41.807503252" lon="9.245132078" /><trkpt lat="41.807513733" lon="9.245117304" /><trkpt lat="41.807524115" lon="9.245102384" /><trkpt lat="41.807534381" lon="9.245087325" /><trkpt lat="41.807544514" lon="9.245072133" /><trkpt lat="41.807554498" lon="9.245056814" /><trkpt lat="41.807564316" lon="9.245041372" /><trkpt lat="41.807573952" lon="9.245025815" /><trkpt lat="41.807583389" lon="9.245010148" /><trkpt lat="41.807592610" lon="9.244994376" /><trkpt lat="41.807601600" lon="9.244978506" /><trkpt lat="41.807610341" lon="9.244962544" /><trkpt lat="41.807618817" lon="9.244946494" /><trkpt lat="41.807627011" lon="9.244930364" /><trkpt lat="41.807634907" lon="9.244914159" /><trkpt lat="41.807642488" lon="9.244897885" /><trkpt lat="41.807649738" lon="9.244881547" /><trkpt lat="41.807656641" lon="9.244865151" /><trkpt lat="41.807663179" lon="9.244848704" /><trkpt lat="41.807669336" lon="9.244832211" /><trkpt lat="41.807675095" lon="9.244815678" /><trkpt lat="41.807680441" lon="9.244799110" /><trkpt lat="41.807685356" lon="9.244782514" /><trkpt lat="41.807689824" lon="9.244765895" /><trkpt lat="41.807693828" lon="9.244749260" /><trkpt lat="41.807697352" lon="9.244732613" /><trkpt lat="41.807700379" lon="9.244715962" /><trkpt lat="41.807702893" lon="9.244699311" /><trkpt lat="41.807704877" lon="9.244682666" /><trkpt lat="41.807706315" lon="9.244666034" /><trkpt lat="41.807707189" lon="9.244649420" /><trkpt lat="41.807707485" lon="9.244632830" /><trkpt lat="41.807707469" lon="9.244620226" /><trkpt lat="41.807707420" lon="9.244607163" /><trkpt lat="41.807707338" lon="9.244593655" /><trkpt lat="41.807707223" lon="9.244579718" /><trkpt lat="41.807707075" lon="9.244565364" /><trkpt lat="41.807706893" lon="9.244550608" /><trkpt lat="41.807706676" lon="9.244535465" /><trkpt lat="41.807706425" lon="9.244519948" /><trkpt lat="41.807706140" lon="9.244504071" /><trkpt lat="41.807705819" lon="9.244487849" /><trkpt lat="41.807705463" lon="9.244471296" /><trkpt lat="41.807705071" lon="9.244454426" /><trkpt lat="41.807704643" lon="9.244437254" /><trkpt lat="41.807704179" lon="9.244419792" /><trkpt lat="41.807703678" lon="9.244402056" /><trkpt lat="41.807703141" lon="9.244384060" /><trkpt lat="41.807702566" lon="9.244365818" /><trkpt lat="41.807701953" lon="9.244347344" /><trkpt lat="41.807701302" lon="9.244328652" /><trkpt lat="41.807700614" lon="9.244309756" /><trkpt lat="41.807699886" lon="9.244290671" /><trkpt lat="41.807699120" lon="9.244271411" /><trkpt lat="41.807698315" lon="9.244251989" /><trkpt lat="41.807697470" lon="9.244232421" /><trkpt lat="41.807696585" lon="9.244212719" /><trkpt lat="41.807695661" lon="9.244192900" /><trkpt lat="41.807694696" lon="9.244172975" /><trkpt lat="41.807693690" lon="9.244152961" /><trkpt lat="41.807692643" lon="9.244132870" /><trkpt lat="41.807691555" lon="9.244112717" /><trkpt lat="41.807690425" lon="9.244092517" /><trkpt lat="41.807689253" lon="9.244072283" /><trkpt lat="41.807688039" lon="9.244052029" /><trkpt lat="41.807686783" lon="9.244031770" /><trkpt lat="41.807685483" lon="9.244011520" /><trkpt lat="41.807684140" lon="9.243991293" /><trkpt lat="41.807682754" lon="9.243971103" /><trkpt lat="41.807681324" lon="9.243950965" /><trkpt lat="41.807679849" lon="9.243930892" /><trkpt lat="41.807678330" lon="9.243910899" /><trkpt lat="41.807676767" lon="9.243891000" /><trkpt lat="41.807675158" lon="9.243871209" /><trkpt lat="41.807673504" lon="9.243851540" /><trkpt lat="41.807671804" lon="9.243832007" /><trkpt lat="41.807670058" lon="9.243812625" /><trkpt lat="41.807668266" lon="9.243793408" /><trkpt lat="41.807666427" lon="9.243774369" /><trkpt lat="41.807664541" lon="9.243755524" /><trkpt lat="41.807662608" lon="9.243736886" /><trkpt lat="41.807660627" lon="9.243718469" /><trkpt lat="41.807658598" lon="9.243700288" /><trkpt lat="41.807656521" lon="9.243682356" /><trkpt lat="41.807654395" lon="9.243664688" /><trkpt lat="41.807652221" lon="9.243647299" /><trkpt lat="41.807649997" lon="9.243630201" /><trkpt lat="41.807647724" lon="9.243613410" /><trkpt lat="41.807645401" lon="9.243596940" /><trkpt lat="41.807643028" lon="9.243580804" /><trkpt lat="41.807640605" lon="9.243565017" /><trkpt lat="41.807638131" lon="9.243549593" /><trkpt lat="41.807635606" lon="9.243534546" /><trkpt lat="41.807633029" lon="9.243519891" /><trkpt lat="41.807630401" lon="9.243505641" /><trkpt lat="41.807627721" lon="9.243491811" /><trkpt lat="41.807624988" lon="9.243478415" /><trkpt lat="41.807622203" lon="9.243465467" /><trkpt lat="41.807619365" lon="9.243452981" /><trkpt lat="41.807614592" lon="9.243432979" /><trkpt lat="41.807609642" lon="9.243413016" /><trkpt lat="41.807604521" lon="9.243393103" /><trkpt lat="41.807599237" lon="9.243373252" /><trkpt lat="41.807593799" lon="9.243353472" /><trkpt lat="41.807588214" lon="9.243333774" /><trkpt lat="41.807582488" lon="9.243314170" /><trkpt lat="41.807576631" lon="9.243294669" /><trkpt lat="41.807570650" lon="9.243275283" /><trkpt lat="41.807564552" lon="9.243256023" /><trkpt lat="41.807558345" lon="9.243236899" /><trkpt lat="41.807552037" lon="9.243217921" /><trkpt lat="41.807545635" lon="9.243199101" /><trkpt lat="41.807539147" lon="9.243180450" /><trkpt lat="41.807532581" lon="9.243161978" /><trkpt lat="41.807525944" lon="9.243143695" /><trkpt lat="41.807519244" lon="9.243125613" /><trkpt lat="41.807512489" lon="9.243107742" /><trkpt lat="41.807505686" lon="9.243090094" /><trkpt lat="41.807498843" lon="9.243072678" /><trkpt lat="41.807491968" lon="9.243055506" /><trkpt lat="41.807485068" lon="9.243038588" /><trkpt lat="41.807478151" lon="9.243021935" /><trkpt lat="41.807471224" lon="9.243005558" /><trkpt lat="41.807464296" lon="9.242989467" /><trkpt lat="41.807457374" lon="9.242973674" /><trkpt lat="41.807450465" lon="9.242958188" /><trkpt lat="41.807443578" lon="9.242943021" /><trkpt lat="41.807436719" lon="9.242928184" /><trkpt lat="41.807429897" lon="9.242913687" /><trkpt lat="41.807423119" lon="9.242899541" /><trkpt lat="41.807416393" lon="9.242885757" /><trkpt lat="41.807409727" lon="9.242872345" /><trkpt lat="41.807403128" lon="9.242859316" /><trkpt lat="41.807396603" lon="9.242846681" /><trkpt lat="41.807390161" lon="9.242834451" /><trkpt lat="41.807383810" lon="9.242822637" /><trkpt lat="41.807377556" lon="9.242811248" /><trkpt lat="41.807371407" lon="9.242800296" /><trkpt lat="41.807365372" lon="9.242789792" /><trkpt lat="41.807359457" lon="9.242779747" /><trkpt lat="41.807351303" lon="9.242766440" /><trkpt lat="41.807342842" lon="9.242753335" /><trkpt lat="41.807334087" lon="9.242740417" /><trkpt lat="41.807325052" lon="9.242727674" /><trkpt lat="41.807315748" lon="9.242715092" /><trkpt lat="41.807306190" lon="9.242702659" /><trkpt lat="41.807296389" lon="9.242690361" /><trkpt lat="41.807286359" lon="9.242678185" /><trkpt lat="41.807276113" lon="9.242666119" /><trkpt lat="41.807265663" lon="9.242654149" /><trkpt lat="41.807255022" lon="9.242642263" /><trkpt lat="41.807244203" lon="9.242630446" /><trkpt lat="41.807233219" lon="9.242618687" /><trkpt lat="41.807222082" lon="9.242606971" /><trkpt lat="41.807210806" lon="9.242595286" /><trkpt lat="41.807199404" lon="9.242583620" /><trkpt lat="41.807187887" lon="9.242571958" /><trkpt lat="41.807176270" lon="9.242560288" /><trkpt lat="41.807164565" lon="9.242548596" /><trkpt lat="41.807152784" lon="9.242536871" /><trkpt lat="41.807140941" lon="9.242525097" /><trkpt lat="41.807129048" lon="9.242513264" /><trkpt lat="41.807117119" lon="9.242501356" /><trkpt lat="41.807105166" lon="9.242489363" /><trkpt lat="41.807093201" lon="9.242477269" /><trkpt lat="41.807081239" lon="9.242465063" /><trkpt lat="41.807069291" lon="9.242452731" /><trkpt lat="41.807057371" lon="9.242440260" /><trkpt lat="41.807045491" lon="9.242427637" /><trkpt lat="41.807033664" lon="9.242414850" /><trkpt lat="41.807023426" lon="9.242403571" /><trkpt lat="41.807013524" lon="9.242392428" /><trkpt lat="41.807003956" lon="9.242381379" /><trkpt lat="41.806994718" lon="9.242370385" /><trkpt lat="41.806985805" lon="9.242359404" /><trkpt lat="41.806977213" lon="9.242348396" /><trkpt lat="41.806968939" lon="9.242337320" /><trkpt lat="41.806960979" lon="9.242326135" /><trkpt lat="41.806953329" lon="9.242314801" /><trkpt lat="41.806945984" lon="9.242303278" /><trkpt lat="41.806938942" lon="9.242291524" /><trkpt lat="41.806932199" lon="9.242279498" /><trkpt lat="41.806925749" lon="9.242267161" /><trkpt lat="41.806919591" lon="9.242254472" /><trkpt lat="41.806913718" lon="9.242241389" /><trkpt lat="41.806908129" lon="9.242227873" /><trkpt lat="41.806902818" lon="9.242213882" /><trkpt lat="41.806897783" lon="9.242199376" /><trkpt lat="41.806893018" lon="9.242184314" /><trkpt lat="41.806888521" lon="9.242168656" /><trkpt lat="41.806884287" lon="9.242152360" /><trkpt lat="41.806880313" lon="9.242135387" /><trkpt lat="41.806876594" lon="9.242117696" /><trkpt lat="41.806873127" lon="9.242099246" /><trkpt lat="41.806869908" lon="9.242079996" /><trkpt lat="41.806866932" lon="9.242059905" /><trkpt lat="41.806864197" lon="9.242038934" /><trkpt lat="41.806861698" lon="9.242017041" /><trkpt lat="41.806859431" lon="9.241994185" /><trkpt lat="41.806857393" lon="9.241970327" /><trkpt lat="41.806855579" lon="9.241945425" /><trkpt lat="41.806853986" lon="9.241919438" /><trkpt lat="41.806852609" lon="9.241892327" /><trkpt lat="41.806851445" lon="9.241864050" /><trkpt lat="41.806850725" lon="9.241844783" /><trkpt lat="41.806849977" lon="9.241825481" /><trkpt lat="41.806849200" lon="9.241806150" /><trkpt lat="41.806848395" lon="9.241786797" /><trkpt lat="41.806847563" lon="9.241767427" /><trkpt lat="41.806846704" lon="9.241748046" /><trkpt lat="41.806845819" lon="9.241728659" /><trkpt lat="41.806844907" lon="9.241709272" /><trkpt lat="41.806843970" lon="9.241689890" /><trkpt lat="41.806843007" lon="9.241670520" /><trkpt lat="41.806842020" lon="9.241651167" /><trkpt lat="41.806841008" lon="9.241631837" /><trkpt lat="41.806839972" lon="9.241612535" /><trkpt lat="41.806838912" lon="9.241593268" /><trkpt lat="41.806837829" lon="9.241574040" /><trkpt lat="41.806836723" lon="9.241554857" /><trkpt lat="41.806835595" lon="9.241535726" /><trkpt lat="41.806834445" lon="9.241516652" /><trkpt lat="41.806833274" lon="9.241497640" /><trkpt lat="41.806832081" lon="9.241478696" /><trkpt lat="41.806830868" lon="9.241459827" /><trkpt lat="41.806829634" lon="9.241441037" /><trkpt lat="41.806828380" lon="9.241422332" /><trkpt lat="41.806827107" lon="9.241403718" /><trkpt lat="41.806825815" lon="9.241385201" /><trkpt lat="41.806824504" lon="9.241366786" /><trkpt lat="41.806823175" lon="9.241348480" /><trkpt lat="41.806821828" lon="9.241330287" /><trkpt lat="41.806820463" lon="9.241312213" /><trkpt lat="41.806819082" lon="9.241294264" /><trkpt lat="41.806817684" lon="9.241276447" /><trkpt lat="41.806816270" lon="9.241258765" /><trkpt lat="41.806814840" lon="9.241241226" /><trkpt lat="41.806813395" lon="9.241223835" /><trkpt lat="41.806811935" lon="9.241206597" /><trkpt lat="41.806810460" lon="9.241189518" /><trkpt lat="41.806808972" lon="9.241172604" /><trkpt lat="41.806807469" lon="9.241155861" /><trkpt lat="41.806805954" lon="9.241139294" /><trkpt lat="41.806804425" lon="9.241122909" /><trkpt lat="41.806802884" lon="9.241106712" /><trkpt lat="41.806801331" lon="9.241090708" /><trkpt lat="41.806799767" lon="9.241074903" /><trkpt lat="41.806798191" lon="9.241059302" /><trkpt lat="41.806796604" lon="9.241043912" /><trkpt lat="41.806795008" lon="9.241028738" /><trkpt lat="41.806793401" lon="9.241013786" /><trkpt lat="41.806791784" lon="9.240999061" /><trkpt lat="41.806790159" lon="9.240984569" /><trkpt lat="41.806788525" lon="9.240970316" /><trkpt lat="41.806786882" lon="9.240956308" /><trkpt lat="41.806784871" lon="9.240939074" /><trkpt lat="41.806782934" lon="9.240921909" /><trkpt lat="41.806781077" lon="9.240904806" /><trkpt lat="41.806779304" lon="9.240887758" /><trkpt lat="41.806777617" lon="9.240870755" /><trkpt lat="41.806776023" lon="9.240853793" /><trkpt lat="41.806774523" lon="9.240836861" /><trkpt lat="41.806773123" lon="9.240819955" /><trkpt lat="41.806771826" lon="9.240803065" /><trkpt lat="41.806770637" lon="9.240786184" /><trkpt lat="41.806769559" lon="9.240769305" /><trkpt lat="41.806768596" lon="9.240752421" /><trkpt lat="41.806767753" lon="9.240735523" /><trkpt lat="41.806767034" lon="9.240718605" /><trkpt lat="41.806766441" lon="9.240701659" /><trkpt lat="41.806765980" lon="9.240684677" /><trkpt lat="41.806765655" lon="9.240667653" /><trkpt lat="41.806765469" lon="9.240650578" /><trkpt lat="41.806765426" lon="9.240633445" /><trkpt lat="41.806765531" lon="9.240616247" /><trkpt lat="41.806765787" lon="9.240598975" /><trkpt lat="41.806766198" lon="9.240581624" /><trkpt lat="41.806766769" lon="9.240564185" /><trkpt lat="41.806767504" lon="9.240546650" /><trkpt lat="41.806768406" lon="9.240529013" /><trkpt lat="41.806769479" lon="9.240511266" /><trkpt lat="41.806770728" lon="9.240493400" /><trkpt lat="41.806772156" lon="9.240475410" /><trkpt lat="41.806773768" lon="9.240457287" /><trkpt lat="41.806775567" lon="9.240439024" /><trkpt lat="41.806777558" lon="9.240420613" /><trkpt lat="41.806779744" lon="9.240402048" /><trkpt lat="41.806782129" lon="9.240383320" /><trkpt lat="41.806784718" lon="9.240364421" /><trkpt lat="41.806787515" lon="9.240345346" /><trkpt lat="41.806790523" lon="9.240326085" /><trkpt lat="41.806793746" lon="9.240306632" /><trkpt lat="41.806797189" lon="9.240286979" /><trkpt lat="41.806800855" lon="9.240267119" /><trkpt lat="41.806804749" lon="9.240247044" /><trkpt lat="41.806808875" lon="9.240226747" /><trkpt lat="41.806814393" lon="9.240199491" /><trkpt lat="41.806819356" lon="9.240173497" /><trkpt lat="41.806823766" lon="9.240148738" /><trkpt lat="41.806827626" lon="9.240125187" /><trkpt lat="41.806830941" lon="9.240102819" /><trkpt lat="41.806833714" lon="9.240081607" /><trkpt lat="41.806835949" lon="9.240061526" /><trkpt lat="41.806837648" lon="9.240042548" /><trkpt lat="41.806838816" lon="9.240024648" /><trkpt lat="41.806839457" lon="9.240007799" /><trkpt lat="41.806839573" lon="9.239991976" /><trkpt lat="41.806839168" lon="9.239977151" /><trkpt lat="41.806838247" lon="9.239963300" /><trkpt lat="41.806836811" lon="9.239950394" /><trkpt lat="41.806834866" lon="9.239938409" /><trkpt lat="41.806832414" lon="9.239927319" /><trkpt lat="41.806829459" lon="9.239917096" /><trkpt lat="41.806826005" lon="9.239907714" /><trkpt lat="41.806822055" lon="9.239899148" /><trkpt lat="41.806817612" lon="9.239891371" /><trkpt lat="41.806812681" lon="9.239884358" /><trkpt lat="41.806807265" lon="9.239878080" /><trkpt lat="41.806801367" lon="9.239872514" /><trkpt lat="41.806794991" lon="9.239867631" /><trkpt lat="41.806788141" lon="9.239863407" /><trkpt lat="41.806780820" lon="9.239859814" /><trkpt lat="41.806773031" lon="9.239856827" /><trkpt lat="41.806764778" lon="9.239854420" /><trkpt lat="41.806756066" lon="9.239852565" /><trkpt lat="41.806746896" lon="9.239851238" /><trkpt lat="41.806737716" lon="9.239850357" /><trkpt lat="41.806728956" lon="9.239849882" /><trkpt lat="41.806720595" lon="9.239849840" /><trkpt lat="41.806712615" lon="9.239850262" /><trkpt lat="41.806704994" lon="9.239851176" /><trkpt lat="41.806697713" lon="9.239852611" /><trkpt lat="41.806690752" lon="9.239854597" /><trkpt lat="41.806684091" lon="9.239857163" /><trkpt lat="41.806677710" lon="9.239860338" /><trkpt lat="41.806671589" lon="9.239864152" /><trkpt lat="41.806665707" lon="9.239868633" /><trkpt lat="41.806660046" lon="9.239873811" /><trkpt lat="41.806654585" lon="9.239879715" /><trkpt lat="41.806649303" lon="9.239886374" /><trkpt lat="41.806644181" lon="9.239893818" /><trkpt lat="41.806639200" lon="9.239902075" /><trkpt lat="41.806634338" lon="9.239911175" /><trkpt lat="41.806629576" lon="9.239921147" /><trkpt lat="41.806624895" lon="9.239932020" /><trkpt lat="41.806620273" lon="9.239943824" /><trkpt lat="41.806615691" lon="9.239956587" /><trkpt lat="41.806611129" lon="9.239970339" /><trkpt lat="41.806606567" lon="9.239985109" /><trkpt lat="41.806601986" lon="9.240000926" /><trkpt lat="41.806597364" lon="9.240017820" /><trkpt lat="41.806592682" lon="9.240035820" /><trkpt lat="41.806587920" lon="9.240054954" /><trkpt lat="41.806583059" lon="9.240075253" /><trkpt lat="41.806578077" lon="9.240096744" /><trkpt lat="41.806572956" lon="9.240119459" /><trkpt lat="41.806570424" lon="9.240130959" /><trkpt lat="41.806567859" lon="9.240142872" /><trkpt lat="41.806565264" lon="9.240155187" /><trkpt lat="41.806562640" lon="9.240167892" /><trkpt lat="41.806559990" lon="9.240180977" /><trkpt lat="41.806557315" lon="9.240194431" /><trkpt lat="41.806554617" lon="9.240208243" /><trkpt lat="41.806551898" lon="9.240222403" /><trkpt lat="41.806549161" lon="9.240236900" /><trkpt lat="41.806546406" lon="9.240251724" /><trkpt lat="41.806543635" lon="9.240266863" /><trkpt lat="41.806540852" lon="9.240282306" /><trkpt lat="41.806538057" lon="9.240298044" /><trkpt lat="41.806535253" lon="9.240314065" /><trkpt lat="41.806532441" lon="9.240330358" /><trkpt lat="41.806529623" lon="9.240346913" /><trkpt lat="41.806526802" lon="9.240363719" /><trkpt lat="41.806523979" lon="9.240380766" /><trkpt lat="41.806521156" lon="9.240398042" /><trkpt lat="41.806518335" lon="9.240415537" /><trkpt lat="41.806515518" lon="9.240433240" /><trkpt lat="41.806512707" lon="9.240451141" /><trkpt lat="41.806509903" lon="9.240469228" /><trkpt lat="41.806507110" lon="9.240487491" /><trkpt lat="41.806504328" lon="9.240505919" /><trkpt lat="41.806501559" lon="9.240524501" /><trkpt lat="41.806498806" lon="9.240543228" /><trkpt lat="41.806496070" lon="9.240562087" /><trkpt lat="41.806493353" lon="9.240581069" /><trkpt lat="41.806490657" lon="9.240600162" /><trkpt lat="41.806487985" lon="9.240619355" /><trkpt lat="41.806485337" lon="9.240638639" /><trkpt lat="41.806482716" lon="9.240658002" /><trkpt lat="41.806480124" lon="9.240677434" /><trkpt lat="41.806477563" lon="9.240696923" /><trkpt lat="41.806475035" lon="9.240716459" /><trkpt lat="41.806472541" lon="9.240736032" /><trkpt lat="41.806470083" lon="9.240755630" /><trkpt lat="41.806467664" lon="9.240775244" /><trkpt lat="41.806465285" lon="9.240794861" /><trkpt lat="41.806462948" lon="9.240814472" /><trkpt lat="41.806460655" lon="9.240834065" /><trkpt lat="41.806458408" lon="9.240853630" /><trkpt lat="41.806456209" lon="9.240873157" /><trkpt lat="41.806454060" lon="9.240892633" /><trkpt lat="41.806451963" lon="9.240912050" /><trkpt lat="41.806449920" lon="9.240931396" /><trkpt lat="41.806447932" lon="9.240950659" /><trkpt lat="41.806446001" lon="9.240969831" /><trkpt lat="41.806444130" lon="9.240988899" /><trkpt lat="41.806442320" lon="9.241007853" /><trkpt lat="41.806440574" lon="9.241026682" /><trkpt lat="41.806438892" lon="9.241045376" /><trkpt lat="41.806437278" lon="9.241063923" /><trkpt lat="41.806435732" lon="9.241082314" /><trkpt lat="41.806434258" lon="9.241100537" /><trkpt lat="41.806432856" lon="9.241118582" /><trkpt lat="41.806431529" lon="9.241136437" /><trkpt lat="41.806430278" lon="9.241154093" /><trkpt lat="41.806429106" lon="9.241171538" /><trkpt lat="41.806428015" lon="9.241188762" /><trkpt lat="41.806427005" lon="9.241205753" /><trkpt lat="41.806425781" lon="9.241227856" /><trkpt lat="41.806424654" lon="9.241249656" /><trkpt lat="41.806423617" lon="9.241271160" /><trkpt lat="41.806422663" lon="9.241292376" /><trkpt lat="41.806421784" lon="9.241313311" /><trkpt lat="41.806420971" lon="9.241333972" /><trkpt lat="41.806420218" lon="9.241354367" /><trkpt lat="41.806419516" lon="9.241374503" /><trkpt lat="41.806418858" lon="9.241394388" /><trkpt lat="41.806418236" lon="9.241414028" /><trkpt lat="41.806417642" lon="9.241433430" /><trkpt lat="41.806417069" lon="9.241452603" /><trkpt lat="41.806416509" lon="9.241471554" /><trkpt lat="41.806415954" lon="9.241490289" /><trkpt lat="41.806415396" lon="9.241508816" /><trkpt lat="41.806414828" lon="9.241527143" /><trkpt lat="41.806414242" lon="9.241545277" /><trkpt lat="41.806413630" lon="9.241563225" /><trkpt lat="41.806412984" lon="9.241580994" /><trkpt lat="41.806412298" lon="9.241598591" /><trkpt lat="41.806411562" lon="9.241616025" /><trkpt lat="41.806410770" lon="9.241633302" /><trkpt lat="41.806409913" lon="9.241650430" /><trkpt lat="41.806408984" lon="9.241667415" /><trkpt lat="41.806407975" lon="9.241684266" /><trkpt lat="41.806406879" lon="9.241700989" /><trkpt lat="41.806405687" lon="9.241717593" /><trkpt lat="41.806404392" lon="9.241734083" /><trkpt lat="41.806402986" lon="9.241750468" /><trkpt lat="41.806401462" lon="9.241766755" /><trkpt lat="41.806399812" lon="9.241782950" /><trkpt lat="41.806398027" lon="9.241799062" /><trkpt lat="41.806396101" lon="9.241815098" /><trkpt lat="41.806394025" lon="9.241831065" /><trkpt lat="41.806391792" lon="9.241846970" /><trkpt lat="41.806389395" lon="9.241862821" /><trkpt lat="41.806386824" lon="9.241878625" /><trkpt lat="41.806384073" lon="9.241894389" /><trkpt lat="41.806381134" lon="9.241910121" /><trkpt lat="41.806378000" lon="9.241925827" /><trkpt lat="41.806374661" lon="9.241941516" /><trkpt lat="41.806371112" lon="9.241957194" /><trkpt lat="41.806367343" lon="9.241972869" /><trkpt lat="41.806363348" lon="9.241988548" /><trkpt lat="41.806359118" lon="9.242004239" /><trkpt lat="41.806354646" lon="9.242019948" /><trkpt lat="41.806349925" lon="9.242035684" /><trkpt lat="41.806345383" lon="9.242050983" /><trkpt lat="41.806341059" lon="9.242066653" /><trkpt lat="41.806336952" lon="9.242082675" /><trkpt lat="41.806333061" lon="9.242099032" /><trkpt lat="41.806329383" lon="9.242115704" /><trkpt lat="41.806325918" lon="9.242132674" /><trkpt lat="41.806322663" lon="9.242149924" /><trkpt lat="41.806319617" lon="9.242167435" /><trkpt lat="41.806316779" lon="9.242185190" /><trkpt lat="41.806314146" lon="9.242203169" /><trkpt lat="41.806311719" lon="9.242221356" /><trkpt lat="41.806309494" lon="9.242239730" /><trkpt lat="41.806307471" lon="9.242258276" /><trkpt lat="41.806305648" lon="9.242276973" /><trkpt lat="41.806304023" lon="9.242295805" /><trkpt lat="41.806302595" lon="9.242314753" /><trkpt lat="41.806301363" lon="9.242333798" /><trkpt lat="41.806300324" lon="9.242352922" /><trkpt lat="41.806299478" lon="9.242372108" /><trkpt lat="41.806298822" lon="9.242391337" /><trkpt lat="41.806298356" lon="9.242410591" /><trkpt lat="41.806298077" lon="9.242429852" /><trkpt lat="41.806297985" lon="9.242449101" /><trkpt lat="41.806298077" lon="9.242468320" /><trkpt lat="41.806298352" lon="9.242487492" /><trkpt lat="41.806298809" lon="9.242506597" /><trkpt lat="41.806299446" lon="9.242525618" /><trkpt lat="41.806300262" lon="9.242544537" /><trkpt lat="41.806301255" lon="9.242563335" /><trkpt lat="41.806302423" lon="9.242581995" /><trkpt lat="41.806303765" lon="9.242600497" /><trkpt lat="41.806305279" lon="9.242618824" /><trkpt lat="41.806306964" lon="9.242636957" /><trkpt lat="41.806308819" lon="9.242654879" /><trkpt lat="41.806310842" lon="9.242672572" /><trkpt lat="41.806313030" lon="9.242690016" /><trkpt lat="41.806315384" lon="9.242707194" /><trkpt lat="41.806317901" lon="9.242724087" /><trkpt lat="41.806320579" lon="9.242740678" /><trkpt lat="41.806323418" lon="9.242756949" /><trkpt lat="41.806326415" lon="9.242772880" /><trkpt lat="41.806329570" lon="9.242788454" /><trkpt lat="41.806332880" lon="9.242803653" /><trkpt lat="41.806336344" lon="9.242818458" /><trkpt lat="41.806339961" lon="9.242832851" /><trkpt lat="41.806343729" lon="9.242846815" /><trkpt lat="41.806347646" lon="9.242860330" /><trkpt lat="41.806351711" lon="9.242873380" /><trkpt lat="41.806355922" lon="9.242885944" /><trkpt lat="41.806361495" lon="9.242902039" /><trkpt lat="41.806367146" lon="9.242918536" /><trkpt lat="41.806372847" lon="9.242935397" /><trkpt lat="41.806378571" lon="9.242952583" /><trkpt lat="41.806384290" lon="9.242970056" /><trkpt lat="41.806389977" lon="9.242987779" /><trkpt lat="41.806395603" lon="9.243005713" /><trkpt lat="41.806401142" lon="9.243023821" /><trkpt lat="41.806406565" lon="9.243042063" /><trkpt lat="41.806411845" lon="9.243060402" /><trkpt lat="41.806416955" lon="9.243078800" /><trkpt lat="41.806421866" lon="9.243097219" /><trkpt lat="41.806426551" lon="9.243115620" /><trkpt lat="41.806430982" lon="9.243133965" /><trkpt lat="41.806435132" lon="9.243152217" /><trkpt lat="41.806438974" lon="9.243170338" /><trkpt lat="41.806442478" lon="9.243188288" /><trkpt lat="41.806445618" lon="9.243206030" /><trkpt lat="41.806448367" lon="9.243223527" /><trkpt lat="41.806450696" lon="9.243240739" /><trkpt lat="41.806452577" lon="9.243257628" /><trkpt lat="41.806453984" lon="9.243274158" /><trkpt lat="41.806454889" lon="9.243290289" /><trkpt lat="41.806455263" lon="9.243305983" /><trkpt lat="41.806455080" lon="9.243321202" /><trkpt lat="41.806454311" lon="9.243335909" /><trkpt lat="41.806452929" lon="9.243350065" /><trkpt lat="41.806450907" lon="9.243363631" /><trkpt lat="41.806448216" lon="9.243376571" /><trkpt lat="41.806444829" lon="9.243388845" /><trkpt lat="41.806440719" lon="9.243400415" /><trkpt lat="41.806435857" lon="9.243411245" /><trkpt lat="41.806430217" lon="9.243421294" /><trkpt lat="41.806423769" lon="9.243430526" /><trkpt lat="41.806416488" lon="9.243438902" /><trkpt lat="41.806408345" lon="9.243446384" /><trkpt lat="41.806399312" lon="9.243452934" /><trkpt lat="41.806389363" lon="9.243458514" /><trkpt lat="41.806376451" lon="9.243464347" /><trkpt lat="41.806364093" lon="9.243468989" /><trkpt lat="41.806352269" lon="9.243472464" /><trkpt lat="41.806340962" lon="9.243474796" /><trkpt lat="41.806330151" lon="9.243476010" /><trkpt lat="41.806319818" lon="9.243476131" /><trkpt lat="41.806309944" lon="9.243475182" /><trkpt lat="41.806300509" lon="9.243473188" /><trkpt lat="41.806291494" lon="9.243470174" /><trkpt lat="41.806282880" lon="9.243466163" /><trkpt lat="41.806274649" lon="9.243461181" /><trkpt lat="41.806266780" lon="9.243455252" /><trkpt lat="41.806259256" lon="9.243448401" /><trkpt lat="41.806252056" lon="9.243440651" /><trkpt lat="41.806245161" lon="9.243432027" /><trkpt lat="41.806238554" lon="9.243422554" /><trkpt lat="41.806232214" lon="9.243412256" /><trkpt lat="41.806226122" lon="9.243401158" /><trkpt lat="41.806220259" lon="9.243389283" /><trkpt lat="41.806214607" lon="9.243376657" /><trkpt lat="41.806209145" lon="9.243363304" /><trkpt lat="41.806203856" lon="9.243349248" /><trkpt lat="41.806198719" lon="9.243334513" /><trkpt lat="41.806193717" lon="9.243319125" /><trkpt lat="41.806188828" lon="9.243303107" /><trkpt lat="41.806184036" lon="9.243286485" /><trkpt lat="41.806179319" lon="9.243269281" /><trkpt lat="41.806174660" lon="9.243251522" /><trkpt lat="41.806170040" lon="9.243233231" /><trkpt lat="41.806165438" lon="9.243214433" /><trkpt lat="41.806161690" lon="9.243199186" /><trkpt lat="41.806157714" lon="9.243183530" /><trkpt lat="41.806153524" lon="9.243167492" /><trkpt lat="41.806149134" lon="9.243151099" /><trkpt lat="41.806144557" lon="9.243134377" /><trkpt lat="41.806139807" lon="9.243117353" /><trkpt lat="41.806134898" lon="9.243100052" /><trkpt lat="41.806129843" lon="9.243082501" /><trkpt lat="41.806124655" lon="9.243064726" /><trkpt lat="41.806119348" lon="9.243046755" /><trkpt lat="41.806113936" lon="9.243028613" /><trkpt lat="41.806108431" lon="9.243010326" /><trkpt lat="41.806102849" lon="9.242991922" /><trkpt lat="41.806097202" lon="9.242973426" /><trkpt lat="41.806091504" lon="9.242954865" /><trkpt lat="41.806085768" lon="9.242936265" /><trkpt lat="41.806080008" lon="9.242917653" /><trkpt lat="41.806074238" lon="9.242899055" /><trkpt lat="41.806068471" lon="9.242880498" /><trkpt lat="41.806062720" lon="9.242862007" /><trkpt lat="41.806056999" lon="9.242843610" /><trkpt lat="41.806051323" lon="9.242825332" /><trkpt lat="41.806045703" lon="9.242807201" /><trkpt lat="41.806040154" lon="9.242789242" /><trkpt lat="41.806034690" lon="9.242771481" /><trkpt lat="41.806029324" lon="9.242753946" /><trkpt lat="41.806024069" lon="9.242736663" /><trkpt lat="41.806018939" lon="9.242719657" /><trkpt lat="41.806013948" lon="9.242702957" /><trkpt lat="41.806009109" lon="9.242686586" /><trkpt lat="41.806004435" lon="9.242670574" /><trkpt lat="41.805999941" lon="9.242654944" /><trkpt lat="41.805995640" lon="9.242639725" /><trkpt lat="41.805991545" lon="9.242624942" /><trkpt lat="41.805987670" lon="9.242610622" /><trkpt lat="41.805984029" lon="9.242596791" /><trkpt lat="41.805980635" lon="9.242583476" /><trkpt lat="41.805977501" lon="9.242570703" /><trkpt lat="41.805976149" lon="9.242564855" /><trkpt lat="41.805974744" lon="9.242558362" /><trkpt lat="41.805973285" lon="9.242551237" /><trkpt lat="41.805971775" lon="9.242543493" /><trkpt lat="41.805970214" lon="9.242535142" /><trkpt lat="41.805968601" lon="9.242526199" /><trkpt lat="41.805966938" lon="9.242516675" /><trkpt lat="41.805965225" lon="9.242506585" /><trkpt lat="41.805963463" lon="9.242495942" /><trkpt lat="41.805961653" lon="9.242484757" /><trkpt lat="41.805959794" lon="9.242473046" /><trkpt lat="41.805957888" lon="9.242460820" /><trkpt lat="41.805955936" lon="9.242448093" /><trkpt lat="41.805953937" lon="9.242434877" /><trkpt lat="41.805951892" lon="9.242421187" /><trkpt lat="41.805949803" lon="9.242407035" /><trkpt lat="41.805947669" lon="9.242392434" /><trkpt lat="41.805945491" lon="9.242377398" /><trkpt lat="41.805943270" lon="9.242361939" /><trkpt lat="41.805941007" lon="9.242346071" /><trkpt lat="41.805938701" lon="9.242329806" /><trkpt lat="41.805936354" lon="9.242313159" /><trkpt lat="41.805933966" lon="9.242296141" /><trkpt lat="41.805931538" lon="9.242278766" /><trkpt lat="41.805929070" lon="9.242261048" /><trkpt lat="41.805926564" lon="9.242242999" /><trkpt lat="41.805924018" lon="9.242224632" /><trkpt lat="41.805921435" lon="9.242205961" /><trkpt lat="41.805918814" lon="9.242186998" /><trkpt lat="41.805916157" lon="9.242167757" /><trkpt lat="41.805913464" lon="9.242148251" /><trkpt lat="41.805910735" lon="9.242128493" /><trkpt lat="41.805907971" lon="9.242108496" /><trkpt lat="41.805905173" lon="9.242088274" /><trkpt lat="41.805902341" lon="9.242067838" /><trkpt lat="41.805899476" lon="9.242047203" /><trkpt lat="41.805896579" lon="9.242026382" /><trkpt lat="41.805893649" lon="9.242005387" /><trkpt lat="41.805890689" lon="9.241984232" /><trkpt lat="41.805887697" lon="9.241962930" /><trkpt lat="41.805884675" lon="9.241941494" /><trkpt lat="41.805881624" lon="9.241919937" /><trkpt lat="41.805878544" lon="9.241898272" /><trkpt lat="41.805875435" lon="9.241876513" /><trkpt lat="41.805872299" lon="9.241854672" /><trkpt lat="41.805869135" lon="9.241832763" /><trkpt lat="41.805865945" lon="9.241810798" /><trkpt lat="41.805862729" lon="9.241788791" /><trkpt lat="41.805859487" lon="9.241766756" /><trkpt lat="41.805856220" lon="9.241744704" /><trkpt lat="41.805852930" lon="9.241722649" /><trkpt lat="41.805849615" lon="9.241700604" /><trkpt lat="41.805846278" lon="9.241678583" /><trkpt lat="41.805842918" lon="9.241656599" /><trkpt lat="41.805839536" lon="9.241634664" /><trkpt lat="41.805836133" lon="9.241612791" /><trkpt lat="41.805832710" lon="9.241590995" /><trkpt lat="41.805829266" lon="9.241569287" /><trkpt lat="41.805825803" lon="9.241547682" /><trkpt lat="41.805822321" lon="9.241526192" /><trkpt lat="41.805818821" lon="9.241504829" /><trkpt lat="41.805815302" lon="9.241483609" /><trkpt lat="41.805811767" lon="9.241462543" /><trkpt lat="41.805808216" lon="9.241441644" /><trkpt lat="41.805804648" lon="9.241420926" /><trkpt lat="41.805801065" lon="9.241400402" /><trkpt lat="41.805797468" lon="9.241380086" /><trkpt lat="41.805793856" lon="9.241359989" /><trkpt lat="41.805790230" lon="9.241340125" /><trkpt lat="41.805786592" lon="9.241320508" /><trkpt lat="41.805782942" lon="9.241301150" /><trkpt lat="41.805779279" lon="9.241282064" /><trkpt lat="41.805775606" lon="9.241263264" /><trkpt lat="41.805771922" lon="9.241244763" /><trkpt lat="41.805768227" lon="9.241226574" /><trkpt lat="41.805764524" lon="9.241208710" /><trkpt lat="41.805760812" lon="9.241191184" /><trkpt lat="41.805757091" lon="9.241174009" /><trkpt lat="41.805753363" lon="9.241157199" /><trkpt lat="41.805749628" lon="9.241140766" /><trkpt lat="41.805745887" lon="9.241124723" /><trkpt lat="41.805742139" lon="9.241109084" /><trkpt lat="41.805738387" lon="9.241093862" /><trkpt lat="41.805734630" lon="9.241079070" /><trkpt lat="41.805730868" lon="9.241064721" /><trkpt lat="41.805727104" lon="9.241050828" /><trkpt lat="41.805723272" lon="9.241036848" /><trkpt lat="41.805719398" lon="9.241022556" /><trkpt lat="41.805715482" lon="9.241007960" /><trkpt lat="41.805711527" lon="9.240993068" /><trkpt lat="41.805707532" lon="9.240977891" /><trkpt lat="41.805703499" lon="9.240962435" /><trkpt lat="41.805699428" lon="9.240946709" /><trkpt lat="41.805695321" lon="9.240930723" /><trkpt lat="41.805691179" lon="9.240914484" /><trkpt lat="41.805687003" lon="9.240898002" /><trkpt lat="41.805682793" lon="9.240881284" /><trkpt lat="41.805678551" lon="9.240864339" /><trkpt lat="41.805674277" lon="9.240847176" /><trkpt lat="41.805669972" lon="9.240829804" /><trkpt lat="41.805665639" lon="9.240812230" /><trkpt lat="41.805661276" lon="9.240794464" /><trkpt lat="41.805656887" lon="9.240776513" /><trkpt lat="41.805652470" lon="9.240758387" /><trkpt lat="41.805648028" lon="9.240740095" /><trkpt lat="41.805643562" lon="9.240721643" /><trkpt lat="41.805639071" lon="9.240703042" /><trkpt lat="41.805634559" lon="9.240684299" /><trkpt lat="41.805630024" lon="9.240665424" /><trkpt lat="41.805625469" lon="9.240646424" /><trkpt lat="41.805620894" lon="9.240627309" /><trkpt lat="41.805616300" lon="9.240608086" /><trkpt lat="41.805611688" lon="9.240588765" /><trkpt lat="41.805607060" lon="9.240569354" /><trkpt lat="41.805602416" lon="9.240549861" /><trkpt lat="41.805597757" lon="9.240530295" /><trkpt lat="41.805593084" lon="9.240510665" /><trkpt lat="41.805588398" lon="9.240490979" /><trkpt lat="41.805583701" lon="9.240471245" /><trkpt lat="41.805578992" lon="9.240451473" /><trkpt lat="41.805574273" lon="9.240431670" /><trkpt lat="41.805569546" lon="9.240411845" /><trkpt lat="41.805564810" lon="9.240392008" /><trkpt lat="41.805560068" lon="9.240372165" /><trkpt lat="41.805555319" lon="9.240352327" /><trkpt lat="41.805550565" lon="9.240332501" /><trkpt lat="41.805545807" lon="9.240312696" /><trkpt lat="41.805541046" lon="9.240292920" /><trkpt lat="41.805536283" lon="9.240273182" /><trkpt lat="41.805531519" lon="9.240253491" /><trkpt lat="41.805526755" lon="9.240233856" /><trkpt lat="41.805521991" lon="9.240214283" /><trkpt lat="41.805517229" lon="9.240194784" /><trkpt lat="41.805512470" lon="9.240175364" /><trkpt lat="41.805507714" lon="9.240156035" /><trkpt lat="41.805502963" lon="9.240136803" /><trkpt lat="41.805498218" lon="9.240117677" /><trkpt lat="41.805493480" lon="9.240098666" /><trkpt lat="41.805488749" lon="9.240079779" /><trkpt lat="41.805484027" lon="9.240061024" /><trkpt lat="41.805479314" lon="9.240042409" /><trkpt lat="41.805474612" lon="9.240023944" /><trkpt lat="41.805469921" lon="9.240005636" /><trkpt lat="41.805465243" lon="9.239987494" /><trkpt lat="41.805460578" lon="9.239969527" /><trkpt lat="41.805455928" lon="9.239951744" /><trkpt lat="41.805451293" lon="9.239934152" /><trkpt lat="41.805446675" lon="9.239916760" /><trkpt lat="41.805442074" lon="9.239899578" /><trkpt lat="41.805437491" lon="9.239882613" /><trkpt lat="41.805432928" lon="9.239865874" /><trkpt lat="41.805428385" lon="9.239849369" /><trkpt lat="41.805423863" lon="9.239833108" /><trkpt lat="41.805419364" lon="9.239817098" /><trkpt lat="41.805414888" lon="9.239801348" /><trkpt lat="41.805410436" lon="9.239785867" /><trkpt lat="41.805406009" lon="9.239770663" /><trkpt lat="41.805401608" lon="9.239755745" /><trkpt lat="41.805397235" lon="9.239741122" /><trkpt lat="41.805392890" lon="9.239726801" /><trkpt lat="41.805388573" lon="9.239712792" /><trkpt lat="41.805384287" lon="9.239699102" /><trkpt lat="41.805380032" lon="9.239685742" /><trkpt lat="41.805375809" lon="9.239672718" /><trkpt lat="41.805371619" lon="9.239660040" /><trkpt lat="41.805367463" lon="9.239647716" /><trkpt lat="41.805363342" lon="9.239635754" /><trkpt lat="41.805359257" lon="9.239624164" /><trkpt lat="41.805355209" lon="9.239612954" /><trkpt lat="41.805351199" lon="9.239602132" /><trkpt lat="41.805347227" lon="9.239591706" /><trkpt lat="41.805340253" lon="9.239573740" /><trkpt lat="41.805333320" lon="9.239556047" /><trkpt lat="41.805326415" lon="9.239538620" /><trkpt lat="41.805319528" lon="9.239521454" /><trkpt lat="41.805312645" lon="9.239504541" /><trkpt lat="41.805305756" lon="9.239487876" /><trkpt lat="41.805298849" lon="9.239471451" /><trkpt lat="41.805291912" lon="9.239455262" /><trkpt lat="41.805284933" lon="9.239439300" /><trkpt lat="41.805277900" lon="9.239423560" /><trkpt lat="41.805270803" lon="9.239408036" /><trkpt lat="41.805263629" lon="9.239392720" /><trkpt lat="41.805256366" lon="9.239377607" /><trkpt lat="41.805249003" lon="9.239362690" /><trkpt lat="41.805241529" lon="9.239347963" /><trkpt lat="41.805233930" lon="9.239333420" /><trkpt lat="41.805226196" lon="9.239319053" /><trkpt lat="41.805218315" lon="9.239304857" /><trkpt lat="41.805210276" lon="9.239290825" /><trkpt lat="41.805202065" lon="9.239276951" /><trkpt lat="41.805193673" lon="9.239263228" /><trkpt lat="41.805185086" lon="9.239249650" /><trkpt lat="41.805176294" lon="9.239236210" /><trkpt lat="41.805167285" lon="9.239222903" /><trkpt lat="41.805158046" lon="9.239209721" /><trkpt lat="41.805148567" lon="9.239196659" /><trkpt lat="41.805138835" lon="9.239183709" /><trkpt lat="41.805128839" lon="9.239170867" /><trkpt lat="41.805118567" lon="9.239158124" /><trkpt lat="41.805108007" lon="9.239145475" /><trkpt lat="41.805097148" lon="9.239132913" /><trkpt lat="41.805085977" lon="9.239120432" /><trkpt lat="41.805074484" lon="9.239108026" /><trkpt lat="41.805062657" lon="9.239095688" /><trkpt lat="41.805050483" lon="9.239083411" /><trkpt lat="41.805037951" lon="9.239071190" /><trkpt lat="41.805025049" lon="9.239059018" /><trkpt lat="41.805011767" lon="9.239046888" /><trkpt lat="41.804998091" lon="9.239034794" /><trkpt lat="41.804984010" lon="9.239022730" /><trkpt lat="41.804969512" lon="9.239010690" /><trkpt lat="41.804954587" lon="9.238998666" /><trkpt lat="41.804939221" lon="9.238986652" /><trkpt lat="41.804923404" lon="9.238974643" /><trkpt lat="41.804907123" lon="9.238962632" /><trkpt lat="41.804890367" lon="9.238950611" /><trkpt lat="41.804873125" lon="9.238938576" /><trkpt lat="41.804855384" lon="9.238926519" /><trkpt lat="41.804837825" lon="9.238914759" /><trkpt lat="41.804820402" lon="9.238903125" /><trkpt lat="41.804803111" lon="9.238891617" /><trkpt lat="41.804785951" lon="9.238880232" /><trkpt lat="41.804768919" lon="9.238868969" /><trkpt lat="41.804752013" lon="9.238857828" /><trkpt lat="41.804735230" lon="9.238846806" /><trkpt lat="41.804718569" lon="9.238835902" /><trkpt lat="41.804702026" lon="9.238825114" /><trkpt lat="41.804685599" lon="9.238814442" /><trkpt lat="41.804669287" lon="9.238803884" /><trkpt lat="41.804653086" lon="9.238793439" /><trkpt lat="41.804636995" lon="9.238783105" /><trkpt lat="41.804621010" lon="9.238772880" /><trkpt lat="41.804605131" lon="9.238762764" /><trkpt lat="41.804589353" lon="9.238752755" /><trkpt lat="41.804573676" lon="9.238742852" /><trkpt lat="41.804558096" lon="9.238733052" /><trkpt lat="41.804542611" lon="9.238723356" /><trkpt lat="41.804527219" lon="9.238713761" /><trkpt lat="41.804511918" lon="9.238704266" /><trkpt lat="41.804496705" lon="9.238694870" /><trkpt lat="41.804481577" lon="9.238685571" /><trkpt lat="41.804466533" lon="9.238676368" /><trkpt lat="41.804451571" lon="9.238667260" /><trkpt lat="41.804436687" lon="9.238658245" /><trkpt lat="41.804421879" lon="9.238649321" /><trkpt lat="41.804407146" lon="9.238640488" /><trkpt lat="41.804392484" lon="9.238631744" /><trkpt lat="41.804377891" lon="9.238623088" /><trkpt lat="41.804363366" lon="9.238614517" /><trkpt lat="41.804348905" lon="9.238606032" /><trkpt lat="41.804334507" lon="9.238597630" /><trkpt lat="41.804320168" lon="9.238589310" /><trkpt lat="41.804305887" lon="9.238581071" /><trkpt lat="41.804291661" lon="9.238572910" /><trkpt lat="41.804277489" lon="9.238564828" /><trkpt lat="41.804263366" lon="9.238556823" /><trkpt lat="41.804249292" lon="9.238548892" /><trkpt lat="41.804235264" lon="9.238541035" /><trkpt lat="41.804221279" lon="9.238533251" /><trkpt lat="41.804207335" lon="9.238525537" /><trkpt lat="41.804193430" lon="9.238517893" /><trkpt lat="41.804179562" lon="9.238510318" /><trkpt lat="41.804165728" lon="9.238502809" /><trkpt lat="41.804151925" lon="9.238495365" /><trkpt lat="41.804138152" lon="9.238487986" /><trkpt lat="41.804124405" lon="9.238480669" /><trkpt lat="41.804110684" lon="9.238473413" /><trkpt lat="41.804095139" lon="9.238465254" /><trkpt lat="41.804079753" lon="9.238457229" /><trkpt lat="41.804064529" lon="9.238449317" /><trkpt lat="41.804049469" lon="9.238441494" /><trkpt lat="41.804034577" lon="9.238433739" /><trkpt lat="41.804019856" lon="9.238426029" /><trkpt lat="41.804005309" lon="9.238418342" /><trkpt lat="41.803990939" lon="9.238410656" /><trkpt lat="41.803976748" lon="9.238402949" /><trkpt lat="41.803962741" lon="9.238395198" /><trkpt lat="41.803948919" lon="9.238387381" /><trkpt lat="41.803935286" lon="9.238379476" /><trkpt lat="41.803921845" lon="9.238371460" /><trkpt lat="41.803908599" lon="9.238363311" /><trkpt lat="41.803895551" lon="9.238355007" /><trkpt lat="41.803882704" lon="9.238346527" /><trkpt lat="41.803870061" lon="9.238337846" /><trkpt lat="41.803857625" lon="9.238328944" /><trkpt lat="41.803845399" lon="9.238319797" /><trkpt lat="41.803833386" lon="9.238310384" /><trkpt lat="41.803821589" lon="9.238300683" /><trkpt lat="41.803810011" lon="9.238290670" /><trkpt lat="41.803798655" lon="9.238280325" /><trkpt lat="41.803787525" lon="9.238269623" /><trkpt lat="41.803776622" lon="9.238258545" /><trkpt lat="41.803765951" lon="9.238247066" /><trkpt lat="41.803755514" lon="9.238235165" /><trkpt lat="41.803745314" lon="9.238222820" /><trkpt lat="41.803735354" lon="9.238210007" /><trkpt lat="41.803725638" lon="9.238196706" /><trkpt lat="41.803716167" lon="9.238182894" /><trkpt lat="41.803706946" lon="9.238168547" /><trkpt lat="41.803697978" lon="9.238153646" /><trkpt lat="41.803689264" lon="9.238138166" /><trkpt lat="41.803680809" lon="9.238122085" /><trkpt lat="41.803672615" lon="9.238105382" /><trkpt lat="41.803664686" lon="9.238088034" /><trkpt lat="41.803657024" lon="9.238070019" /><trkpt lat="41.803649632" lon="9.238051315" /><trkpt lat="41.803642514" lon="9.238031899" /><trkpt lat="41.803635672" lon="9.238011749" /><trkpt lat="41.803629110" lon="9.237990842" /><trkpt lat="41.803622830" lon="9.237969158" /><trkpt lat="41.803618477" lon="9.237953307" /><trkpt lat="41.803614214" lon="9.237937405" /><trkpt lat="41.803610034" lon="9.237921452" /><trkpt lat="41.803605932" lon="9.237905451" /><trkpt lat="41.803601901" lon="9.237889403" /><trkpt lat="41.803597936" lon="9.237873307" /><trkpt lat="41.803594031" lon="9.237857167" /><trkpt lat="41.803590180" lon="9.237840982" /><trkpt lat="41.803586377" lon="9.237824754" /><trkpt lat="41.803582616" lon="9.237808484" /><trkpt lat="41.803578893" lon="9.237792173" /><trkpt lat="41.803575200" lon="9.237775822" /><trkpt lat="41.803571531" lon="9.237759433" /><trkpt lat="41.803567883" lon="9.237743007" /><trkpt lat="41.803564247" lon="9.237726544" /><trkpt lat="41.803560619" lon="9.237710046" /><trkpt lat="41.803556992" lon="9.237693514" /><trkpt lat="41.803553361" lon="9.237676950" /><trkpt lat="41.803549721" lon="9.237660354" /><trkpt lat="41.803546064" lon="9.237643727" /><trkpt lat="41.803542386" lon="9.237627071" /><trkpt lat="41.803538680" lon="9.237610387" /><trkpt lat="41.803534941" lon="9.237593675" /><trkpt lat="41.803531162" lon="9.237576938" /><trkpt lat="41.803527339" lon="9.237560176" /><trkpt lat="41.803523465" lon="9.237543390" /><trkpt lat="41.803519534" lon="9.237526582" /><trkpt lat="41.803515541" lon="9.237509753" /><trkpt lat="41.803511479" lon="9.237492903" /><trkpt lat="41.803507343" lon="9.237476034" /><trkpt lat="41.803503127" lon="9.237459148" /><trkpt lat="41.803498826" lon="9.237442245" /><trkpt lat="41.803494433" lon="9.237425326" /><trkpt lat="41.803489942" lon="9.237408393" /><trkpt lat="41.803485348" lon="9.237391446" /><trkpt lat="41.803480645" lon="9.237374487" /><trkpt lat="41.803475827" lon="9.237357518" /><trkpt lat="41.803470888" lon="9.237340538" /><trkpt lat="41.803465822" lon="9.237323550" /><trkpt lat="41.803460625" lon="9.237306554" /><trkpt lat="41.803455288" lon="9.237289552" /><trkpt lat="41.803449808" lon="9.237272544" /><trkpt lat="41.803444178" lon="9.237255533" /><trkpt lat="41.803438392" lon="9.237238518" /><trkpt lat="41.803432444" lon="9.237221502" /><trkpt lat="41.803426330" lon="9.237204485" /><trkpt lat="41.803420041" lon="9.237187468" /><trkpt lat="41.803413574" lon="9.237170453" /><trkpt lat="41.803406922" lon="9.237153441" /><trkpt lat="41.803400079" lon="9.237136432" /><trkpt lat="41.803393040" lon="9.237119429" /><trkpt lat="41.803385798" lon="9.237102432" /><trkpt lat="41.803378348" lon="9.237085443" /><trkpt lat="41.803370683" lon="9.237068461" /><trkpt lat="41.803362799" lon="9.237051490" /><trkpt lat="41.803354690" lon="9.237034529" /><trkpt lat="41.803346349" lon="9.237017581" /><trkpt lat="41.803337770" lon="9.237000645" /><trkpt lat="41.803328948" lon="9.236983724" /><trkpt lat="41.803319877" lon="9.236966818" /><trkpt lat="41.803308803" lon="9.236946605" /><trkpt lat="41.803297659" lon="9.236926529" /><trkpt lat="41.803286450" lon="9.236906594" /><trkpt lat="41.803275183" lon="9.236886809" /><trkpt lat="41.803263866" lon="9.236867179" /><trkpt lat="41.803252503" lon="9.236847711" /><trkpt lat="41.803241101" lon="9.236828412" /><trkpt lat="41.803229667" lon="9.236809289" /><trkpt lat="41.803218206" lon="9.236790348" /><trkpt lat="41.803206726" lon="9.236771596" /><trkpt lat="41.803195233" lon="9.236753039" /><trkpt lat="41.803183732" lon="9.236734685" /><trkpt lat="41.803172231" lon="9.236716540" /><trkpt lat="41.803160735" lon="9.236698611" /><trkpt lat="41.803149251" lon="9.236680905" /><trkpt lat="41.803137785" lon="9.236663427" /><trkpt lat="41.803126344" lon="9.236646186" /><trkpt lat="41.803114934" lon="9.236629187" /><trkpt lat="41.803103561" lon="9.236612437" /><trkpt lat="41.803092231" lon="9.236595943" /><trkpt lat="41.803080951" lon="9.236579712" /><trkpt lat="41.803069728" lon="9.236563750" /><trkpt lat="41.803058567" lon="9.236548064" /><trkpt lat="41.803047476" lon="9.236532661" /><trkpt lat="41.803036459" lon="9.236517548" /><trkpt lat="41.803025524" lon="9.236502730" /><trkpt lat="41.803014677" lon="9.236488215" /><trkpt lat="41.803003924" lon="9.236474010" /><trkpt lat="41.802993272" lon="9.236460121" /><trkpt lat="41.802982726" lon="9.236446555" /><trkpt lat="41.802972294" lon="9.236433318" /><trkpt lat="41.802961982" lon="9.236420418" /><trkpt lat="41.802951795" lon="9.236407861" /><trkpt lat="41.802941741" lon="9.236395653" /><trkpt lat="41.802931825" lon="9.236383802" /><trkpt lat="41.802922054" lon="9.236372314" /><trkpt lat="41.802912434" lon="9.236361195" /><trkpt lat="41.802902972" lon="9.236350453" /><trkpt lat="41.802893674" lon="9.236340094" /><trkpt lat="41.802884546" lon="9.236330126" /><trkpt lat="41.802875595" lon="9.236320553" /><trkpt lat="41.802866827" lon="9.236311384" /><trkpt lat="41.802858247" lon="9.236302625" /><trkpt lat="41.802849864" lon="9.236294282" /><trkpt lat="41.802841682" lon="9.236286363" /><trkpt lat="41.802833709" lon="9.236278873" /><trkpt lat="41.802825950" lon="9.236271821" /><trkpt lat="41.802818413" lon="9.236265211" /><trkpt lat="41.802811102" lon="9.236259052" /><trkpt lat="41.802804025" lon="9.236253350" /><trkpt lat="41.802794490" lon="9.236246378" /><trkpt lat="41.802784721" lon="9.236240248" /><trkpt lat="41.802774764" lon="9.236234956" /><trkpt lat="41.802764666" lon="9.236230497" /><trkpt lat="41.802754473" lon="9.236226866" /><trkpt lat="41.802744232" lon="9.236224060" /><trkpt lat="41.802733989" lon="9.236222073" /><trkpt lat="41.802723791" lon="9.236220901" /><trkpt lat="41.802713684" lon="9.236220541" /><trkpt lat="41.802703713" lon="9.236220986" /><trkpt lat="41.802693927" lon="9.236222234" /><trkpt lat="41.802684371" lon="9.236224279" /><trkpt lat="41.802675092" lon="9.236227117" /><trkpt lat="41.802666135" lon="9.236230744" /><trkpt lat="41.802657548" lon="9.236235154" /><trkpt lat="41.802649377" lon="9.236240345" /><trkpt lat="41.802641668" lon="9.236246310" /><trkpt lat="41.802634468" lon="9.236253047" /><trkpt lat="41.802627824" lon="9.236260550" /><trkpt lat="41.802621780" lon="9.236268814" /><trkpt lat="41.802616385" lon="9.236277836" /><trkpt lat="41.802611684" lon="9.236287611" /><trkpt lat="41.802607724" lon="9.236298135" /><trkpt lat="41.802604551" lon="9.236309403" /><trkpt lat="41.802602212" lon="9.236321410" /><trkpt lat="41.802600753" lon="9.236334152" /><trkpt lat="41.802600221" lon="9.236347626" /><trkpt lat="41.802600661" lon="9.236361825" /><trkpt lat="41.802602121" lon="9.236376747" /><trkpt lat="41.802604646" lon="9.236392386" /><trkpt lat="41.802608284" lon="9.236408737" /><trkpt lat="41.802613081" lon="9.236425798" /><trkpt lat="41.802619082" lon="9.236443562" /><trkpt lat="41.802626335" lon="9.236462026" /><trkpt lat="41.802634886" lon="9.236481185" /><trkpt lat="41.802644781" lon="9.236501035" /><trkpt lat="41.802656067" lon="9.236521571" /><trkpt lat="41.802662366" lon="9.236532444" /><trkpt lat="41.802668929" lon="9.236543603" /><trkpt lat="41.802675743" lon="9.236555041" /><trkpt lat="41.802682799" lon="9.236566751" /><trkpt lat="41.802690087" lon="9.236578726" /><trkpt lat="41.802697594" lon="9.236590961" /><trkpt lat="41.802705313" lon="9.236603447" /><trkpt lat="41.802713230" lon="9.236616180" /><trkpt lat="41.802721338" lon="9.236629153" /><trkpt lat="41.802729623" lon="9.236642358" /><trkpt lat="41.802738077" lon="9.236655789" /><trkpt lat="41.802746689" lon="9.236669440" /><trkpt lat="41.802755449" lon="9.236683304" /><trkpt lat="41.802764345" lon="9.236697375" /><trkpt lat="41.802773367" lon="9.236711646" /><trkpt lat="41.802782506" lon="9.236726110" /><trkpt lat="41.802791750" lon="9.236740762" /><trkpt lat="41.802801088" lon="9.236755594" /><trkpt lat="41.802810512" lon="9.236770599" /><trkpt lat="41.802820009" lon="9.236785772" /><trkpt lat="41.802829570" lon="9.236801106" /><trkpt lat="41.802839183" lon="9.236816594" /><trkpt lat="41.802848840" lon="9.236832229" /><trkpt lat="41.802858528" lon="9.236848006" /><trkpt lat="41.802868238" lon="9.236863917" /><trkpt lat="41.802877959" lon="9.236879956" /><trkpt lat="41.802887681" lon="9.236896116" /><trkpt lat="41.802897393" lon="9.236912391" /><trkpt lat="41.802907084" lon="9.236928775" /><trkpt lat="41.802916745" lon="9.236945260" /><trkpt lat="41.802926365" lon="9.236961841" /><trkpt lat="41.802935933" lon="9.236978510" /><trkpt lat="41.802945438" lon="9.236995262" /><trkpt lat="41.802954871" lon="9.237012089" /><trkpt lat="41.802964221" lon="9.237028984" /><trkpt lat="41.802973477" lon="9.237045943" /><trkpt lat="41.802982629" lon="9.237062957" /><trkpt lat="41.802991666" lon="9.237080020" /><trkpt lat="41.803000578" lon="9.237097127" /><trkpt lat="41.803009355" lon="9.237114269" /><trkpt lat="41.803017985" lon="9.237131441" /><trkpt lat="41.803026459" lon="9.237148637" /><trkpt lat="41.803034766" lon="9.237165848" /><trkpt lat="41.803042896" lon="9.237183070" /><trkpt lat="41.803050837" lon="9.237200295" /><trkpt lat="41.803058581" lon="9.237217518" /><trkpt lat="41.803066115" lon="9.237234730" /><trkpt lat="41.803073430" lon="9.237251926" /><trkpt lat="41.803080515" lon="9.237269100" /><trkpt lat="41.803087359" lon="9.237286244" /><trkpt lat="41.803093953" lon="9.237303353" /><trkpt lat="41.803100285" lon="9.237320418" /><trkpt lat="41.803106346" lon="9.237337435" /><trkpt lat="41.803112125" lon="9.237354397" /><trkpt lat="41.803117610" lon="9.237371296" /><trkpt lat="41.803122793" lon="9.237388127" /><trkpt lat="41.803127662" lon="9.237404882" /><trkpt lat="41.803132206" lon="9.237421556" /><trkpt lat="41.803136416" lon="9.237438141" /><trkpt lat="41.803140281" lon="9.237454632" /><trkpt lat="41.803143790" lon="9.237471021" /><trkpt lat="41.803146933" lon="9.237487302" /><trkpt lat="41.803149700" lon="9.237503469" /><trkpt lat="41.803152079" lon="9.237519515" /><trkpt lat="41.803154061" lon="9.237535432" /><trkpt lat="41.803155635" lon="9.237551216" /><trkpt lat="41.803156791" lon="9.237566859" /><trkpt lat="41.803157517" lon="9.237582355" /><trkpt lat="41.803157805" lon="9.237597697" /><trkpt lat="41.803157642" lon="9.237612879" /><trkpt lat="41.803157019" lon="9.237627893" /><trkpt lat="41.803155925" lon="9.237642734" /><trkpt lat="41.803154223" lon="9.237659741" /><trkpt lat="41.803152227" lon="9.237676504" /><trkpt lat="41.803149953" lon="9.237693031" /><trkpt lat="41.803147419" lon="9.237709332" /><trkpt lat="41.803144642" lon="9.237725416" /><trkpt lat="41.803141639" lon="9.237741290" /><trkpt lat="41.803138428" lon="9.237756963" /><trkpt lat="41.803135026" lon="9.237772445" /><trkpt lat="41.803131450" lon="9.237787744" /><trkpt lat="41.803127717" lon="9.237802869" /><trkpt lat="41.803123846" lon="9.237817827" /><trkpt lat="41.803119853" lon="9.237832629" /><trkpt lat="41.803115755" lon="9.237847283" /><trkpt lat="41.803111570" lon="9.237861796" /><trkpt lat="41.803107316" lon="9.237876179" /><trkpt lat="41.803103009" lon="9.237890440" /><trkpt lat="41.803098666" lon="9.237904587" /><trkpt lat="41.803094307" lon="9.237918629" /><trkpt lat="41.803089946" lon="9.237932575" /><trkpt lat="41.803085602" lon="9.237946433" /><trkpt lat="41.803081293" lon="9.237960213" /><trkpt lat="41.803077035" lon="9.237973923" /><trkpt lat="41.803072846" lon="9.237987571" /><trkpt lat="41.803068743" lon="9.238001166" /><trkpt lat="41.803064743" lon="9.238014717" /><trkpt lat="41.803060864" lon="9.238028233" /><trkpt lat="41.803057123" lon="9.238041722" /><trkpt lat="41.803053538" lon="9.238055193" /><trkpt lat="41.803050125" lon="9.238068655" /><trkpt lat="41.803046903" lon="9.238082116" /><trkpt lat="41.803043887" lon="9.238095586" /><trkpt lat="41.803041097" lon="9.238109072" /><trkpt lat="41.803038548" lon="9.238122583" /><trkpt lat="41.803036259" lon="9.238136129" /><trkpt lat="41.803034247" lon="9.238149717" /><trkpt lat="41.803032528" lon="9.238163357" /><trkpt lat="41.803031121" lon="9.238177057" /><trkpt lat="41.803030043" lon="9.238190826" /><trkpt lat="41.803029310" lon="9.238204672" /><trkpt lat="41.803028941" lon="9.238218605" /><trkpt lat="41.803028952" lon="9.238232633" /><trkpt lat="41.803029361" lon="9.238246764" /><trkpt lat="41.803030186" lon="9.238261008" /><trkpt lat="41.803031443" lon="9.238275372" /><trkpt lat="41.803033150" lon="9.238289866" /><trkpt lat="41.803035324" lon="9.238304499" /><trkpt lat="41.803037983" lon="9.238319279" /><trkpt lat="41.803041143" lon="9.238334214" /><trkpt lat="41.803044823" lon="9.238349314" /><trkpt lat="41.803049040" lon="9.238364587" /><trkpt lat="41.803053810" lon="9.238380042" /><trkpt lat="41.803059151" lon="9.238395688" /><trkpt lat="41.803065081" lon="9.238411532" /><trkpt lat="41.803071616" lon="9.238427585" /><trkpt lat="41.803078775" lon="9.238443854" /><trkpt lat="41.803086574" lon="9.238460348" /><trkpt lat="41.803095031" lon="9.238477076" /><trkpt lat="41.803104163" lon="9.238494047" /><trkpt lat="41.803113987" lon="9.238511269" /><trkpt lat="41.803124522" lon="9.238528751" /><trkpt lat="41.803135783" lon="9.238546502" /><trkpt lat="41.803147788" lon="9.238564530" /><trkpt lat="41.803159581" lon="9.238581819" /><trkpt lat="41.803171334" lon="9.238599024" /><trkpt lat="41.803183049" lon="9.238616142" /><trkpt lat="41.803194727" lon="9.238633173" /><trkpt lat="41.803206368" lon="9.238650117" /><trkpt lat="41.803217973" lon="9.238666971" /><trkpt lat="41.803229544" lon="9.238683735" /><trkpt lat="41.803241080" lon="9.238700408" /><trkpt lat="41.803252582" lon="9.238716989" /><trkpt lat="41.803264052" lon="9.238733476" /><trkpt lat="41.803275490" lon="9.238749870" /><trkpt lat="41.803286897" lon="9.238766167" /><trkpt lat="41.803298273" lon="9.238782368" /><trkpt lat="41.803309620" lon="9.238798472" /><trkpt lat="41.803320938" lon="9.238814477" /><trkpt lat="41.803332229" lon="9.238830383" /><trkpt lat="41.803343492" lon="9.238846188" /><trkpt lat="41.803354729" lon="9.238861891" /><trkpt lat="41.803365940" lon="9.238877491" /><trkpt lat="41.803377126" lon="9.238892988" /><trkpt lat="41.803388288" lon="9.238908380" /><trkpt lat="41.803399427" lon="9.238923665" /><trkpt lat="41.803410544" lon="9.238938844" /><trkpt lat="41.803421639" lon="9.238953914" /><trkpt lat="41.803432713" lon="9.238968876" /><trkpt lat="41.803443767" lon="9.238983727" /><trkpt lat="41.803454801" lon="9.238998467" /><trkpt lat="41.803465817" lon="9.239013095" /><trkpt lat="41.803476816" lon="9.239027610" /><trkpt lat="41.803487797" lon="9.239042010" /><trkpt lat="41.803498762" lon="9.239056294" /><trkpt lat="41.803509712" lon="9.239070463" /><trkpt lat="41.803520648" lon="9.239084513" /><trkpt lat="41.803531569" lon="9.239098445" /><trkpt lat="41.803542477" lon="9.239112258" /><trkpt lat="41.803553374" lon="9.239125949" /><trkpt lat="41.803564258" lon="9.239139519" /><trkpt lat="41.803575132" lon="9.239152966" /><trkpt lat="41.803585997" lon="9.239166289" /><trkpt lat="41.803596852" lon="9.239179487" /><trkpt lat="41.803607699" lon="9.239192560" /><trkpt lat="41.803618538" lon="9.239205505" /><trkpt lat="41.803629371" lon="9.239218322" /><trkpt lat="41.803640197" lon="9.239231010" /><trkpt lat="41.803651019" lon="9.239243567" /><trkpt lat="41.803661836" lon="9.239255994" /><trkpt lat="41.803672649" lon="9.239268288" /><trkpt lat="41.803683460" lon="9.239280449" /><trkpt lat="41.803694269" lon="9.239292475" /><trkpt lat="41.803705076" lon="9.239304366" /><trkpt lat="41.803715883" lon="9.239316120" /><trkpt lat="41.803726691" lon="9.239327737" /><trkpt lat="41.803737499" lon="9.239339215" /><trkpt lat="41.803748310" lon="9.239350553" /><trkpt lat="41.803759123" lon="9.239361751" /><trkpt lat="41.803769940" lon="9.239372806" /><trkpt lat="41.803780761" lon="9.239383719" /><trkpt lat="41.803791587" lon="9.239394488" /><trkpt lat="41.803802419" lon="9.239405112" /><trkpt lat="41.803813257" lon="9.239415590" /><trkpt lat="41.803824103" lon="9.239425921" /><trkpt lat="41.803834957" lon="9.239436104" /><trkpt lat="41.803845821" lon="9.239446137" /><trkpt lat="41.803856694" lon="9.239456020" /><trkpt lat="41.803867577" lon="9.239465752" /><trkpt lat="41.803884810" lon="9.239481516" /><trkpt lat="41.803901132" lon="9.239497413" /><trkpt lat="41.803916559" lon="9.239513430" /><trkpt lat="41.803931109" lon="9.239529550" /><trkpt lat="41.803944801" lon="9.239545757" /><trkpt lat="41.803957652" lon="9.239562037" /><trkpt lat="41.803969679" lon="9.239578373" /><trkpt lat="41.803980899" lon="9.239594751" /><trkpt lat="41.803991331" lon="9.239611154" /><trkpt lat="41.804000993" lon="9.239627567" /><trkpt lat="41.804009901" lon="9.239643975" /><trkpt lat="41.804018073" lon="9.239660361" /><trkpt lat="41.804025527" lon="9.239676711" /><trkpt lat="41.804032280" lon="9.239693009" /><trkpt lat="41.804038351" lon="9.239709239" /><trkpt lat="41.804043756" lon="9.239725386" /><trkpt lat="41.804048514" lon="9.239741434" /><trkpt lat="41.804052641" lon="9.239757368" /><trkpt lat="41.804056156" lon="9.239773172" /><trkpt lat="41.804059076" lon="9.239788831" /><trkpt lat="41.804061419" lon="9.239804329" /><trkpt lat="41.804063202" lon="9.239819650" /><trkpt lat="41.804064443" lon="9.239834779" /><trkpt lat="41.804065159" lon="9.239849701" /><trkpt lat="41.804065369" lon="9.239864399" /><trkpt lat="41.804065089" lon="9.239878859" /><trkpt lat="41.804064337" lon="9.239893065" /><trkpt lat="41.804063131" lon="9.239907001" /><trkpt lat="41.804061489" lon="9.239920652" /><trkpt lat="41.804059428" lon="9.239934001" /><trkpt lat="41.804056965" lon="9.239947035" /><trkpt lat="41.804054119" lon="9.239959737" /><trkpt lat="41.804050906" lon="9.239972091" /><trkpt lat="41.804047345" lon="9.239984082" /><trkpt lat="41.804043453" lon="9.239995695" /><trkpt lat="41.804039248" lon="9.240006913" /><trkpt lat="41.804034746" lon="9.240017722" /><trkpt lat="41.804029967" lon="9.240028106" /><trkpt lat="41.804024927" lon="9.240038049" /><trkpt lat="41.804019645" lon="9.240047536" /><trkpt lat="41.804012926" lon="9.240058265" /><trkpt lat="41.804005862" lon="9.240068016" /><trkpt lat="41.803998458" lon="9.240076789" /><trkpt lat="41.803990722" lon="9.240084580" /><trkpt lat="41.803982660" lon="9.240091390" /><trkpt lat="41.803974279" lon="9.240097215" /><trkpt lat="41.803965586" lon="9.240102053" /><trkpt lat="41.803956586" lon="9.240105904" /><trkpt lat="41.803947288" lon="9.240108766" /><trkpt lat="41.803937697" lon="9.240110635" /><trkpt lat="41.803927821" lon="9.240111512" /><trkpt lat="41.803917665" lon="9.240111393" /><trkpt lat="41.803907237" lon="9.240110278" /><trkpt lat="41.803896543" lon="9.240108164" /><trkpt lat="41.803885590" lon="9.240105050" /><trkpt lat="41.803874385" lon="9.240100933" /><trkpt lat="41.803862934" lon="9.240095812" /><trkpt lat="41.803851244" lon="9.240089686" /><trkpt lat="41.803839322" lon="9.240082552" /><trkpt lat="41.803827174" lon="9.240074408" /><trkpt lat="41.803814807" lon="9.240065254" /><trkpt lat="41.803802228" lon="9.240055086" /><trkpt lat="41.803789443" lon="9.240043904" /><trkpt lat="41.803776460" lon="9.240031705" /><trkpt lat="41.803763284" lon="9.240018488" /><trkpt lat="41.803749922" lon="9.240004250" /><trkpt lat="41.803736381" lon="9.239988991" /><trkpt lat="41.803722669" lon="9.239972708" /><trkpt lat="41.803708790" lon="9.239955400" /><trkpt lat="41.803694753" lon="9.239937064" /><trkpt lat="41.803680564" lon="9.239917699" /><trkpt lat="41.803666229" lon="9.239897303" /><trkpt lat="41.803651755" lon="9.239875875" /><trkpt lat="41.803644126" lon="9.239864437" /><trkpt lat="41.803636241" lon="9.239852760" /><trkpt lat="41.803628108" lon="9.239840849" /><trkpt lat="41.803619734" lon="9.239828714" /><trkpt lat="41.803611128" lon="9.239816360" /><trkpt lat="41.803602297" lon="9.239803794" /><trkpt lat="41.803593249" lon="9.239791025" /><trkpt lat="41.803583992" lon="9.239778058" /><trkpt lat="41.803574534" lon="9.239764901" /><trkpt lat="41.803564883" lon="9.239751561" /><trkpt lat="41.803555047" lon="9.239738046" /><trkpt lat="41.803545033" lon="9.239724362" /><trkpt lat="41.803534850" lon="9.239710516" /><trkpt lat="41.803524505" lon="9.239696515" /><trkpt lat="41.803514006" lon="9.239682368" /><trkpt lat="41.803503362" lon="9.239668079" /><trkpt lat="41.803492580" lon="9.239653658" /><trkpt lat="41.803481667" lon="9.239639110" /><trkpt lat="41.803470633" lon="9.239624444" /><trkpt lat="41.803459484" lon="9.239609665" /><trkpt lat="41.803448229" lon="9.239594782" /><trkpt lat="41.803436875" lon="9.239579801" /><trkpt lat="41.803425430" lon="9.239564729" /><trkpt lat="41.803413903" lon="9.239549574" /><trkpt lat="41.803402301" lon="9.239534342" /><trkpt lat="41.803390633" lon="9.239519041" /><trkpt lat="41.803378905" lon="9.239503678" /><trkpt lat="41.803367126" lon="9.239488260" /><trkpt lat="41.803355303" lon="9.239472793" /><trkpt lat="41.803343445" lon="9.239457286" /><trkpt lat="41.803331560" lon="9.239441745" /><trkpt lat="41.803319655" lon="9.239426177" /><trkpt lat="41.803307739" lon="9.239410589" /><trkpt lat="41.803295819" lon="9.239394989" /><trkpt lat="41.803283902" lon="9.239379383" /><trkpt lat="41.803271998" lon="9.239363779" /><trkpt lat="41.803260113" lon="9.239348184" /><trkpt lat="41.803248257" lon="9.239332605" /><trkpt lat="41.803236435" lon="9.239317048" /><trkpt lat="41.803224658" lon="9.239301522" /><trkpt lat="41.803212931" lon="9.239286033" /><trkpt lat="41.803201264" lon="9.239270588" /><trkpt lat="41.803189665" lon="9.239255194" /><trkpt lat="41.803178140" lon="9.239239859" /><trkpt lat="41.803166698" lon="9.239224589" /><trkpt lat="41.803155347" lon="9.239209392" /><trkpt lat="41.803144095" lon="9.239194275" /><trkpt lat="41.803132949" lon="9.239179245" /><trkpt lat="41.803121918" lon="9.239164308" /><trkpt lat="41.803111010" lon="9.239149473" /><trkpt lat="41.803100231" lon="9.239134745" /><trkpt lat="41.803089591" lon="9.239120133" /><trkpt lat="41.803079097" lon="9.239105644" /><trkpt lat="41.803068757" lon="9.239091283" /><trkpt lat="41.803058578" lon="9.239077060" /><trkpt lat="41.803048570" lon="9.239062980" /><trkpt lat="41.803038739" lon="9.239049050" /><trkpt lat="41.803029093" lon="9.239035279" /><trkpt lat="41.803019641" lon="9.239021672" /><trkpt lat="41.803010391" lon="9.239008237" /><trkpt lat="41.803001349" lon="9.238994982" /><trkpt lat="41.802992524" lon="9.238981913" /><trkpt lat="41.802983925" lon="9.238969037" /><trkpt lat="41.802975558" lon="9.238956361" /><trkpt lat="41.802965626" lon="9.238941439" /><trkpt lat="41.802955751" lon="9.238927016" /><trkpt lat="41.802945941" lon="9.238913066" /><trkpt lat="41.802936199" lon="9.238899560" /><trkpt lat="41.802926533" lon="9.238886469" /><trkpt lat="41.802916948" lon="9.238873766" /><trkpt lat="41.802907450" lon="9.238861423" /><trkpt lat="41.802898044" lon="9.238849411" /><trkpt lat="41.802888736" lon="9.238837703" /><trkpt lat="41.802879532" lon="9.238826269" /><trkpt lat="41.802870439" lon="9.238815083" /><trkpt lat="41.802861461" lon="9.238804115" /><trkpt lat="41.802852604" lon="9.238793337" /><trkpt lat="41.802843874" lon="9.238782723" /><trkpt lat="41.802835277" lon="9.238772242" /><trkpt lat="41.802826819" lon="9.238761868" /><trkpt lat="41.802818506" lon="9.238751571" /><trkpt lat="41.802810342" lon="9.238741324" /><trkpt lat="41.802802335" lon="9.238731099" /><trkpt lat="41.802794489" lon="9.238720867" /><trkpt lat="41.802786811" lon="9.238710601" /><trkpt lat="41.802779306" lon="9.238700272" /><trkpt lat="41.802771980" lon="9.238689852" /><trkpt lat="41.802764838" lon="9.238679313" /><trkpt lat="41.802757888" lon="9.238668626" /><trkpt lat="41.802751134" lon="9.238657764" /><trkpt lat="41.802744581" lon="9.238646698" /><trkpt lat="41.802738237" lon="9.238635401" /><trkpt lat="41.802732107" lon="9.238623843" /><trkpt lat="41.802726195" lon="9.238611998" /><trkpt lat="41.802720509" lon="9.238599836" /><trkpt lat="41.802715054" lon="9.238587330" /><trkpt lat="41.802709836" lon="9.238574451" /><trkpt lat="41.802704860" lon="9.238561171" /><trkpt lat="41.802700133" lon="9.238547463" /><trkpt lat="41.802695659" lon="9.238533297" /><trkpt lat="41.802691445" lon="9.238518647" /><trkpt lat="41.802687497" lon="9.238503483" /><trkpt lat="41.802683820" lon="9.238487777" /><trkpt lat="41.802680421" lon="9.238471502" /><trkpt lat="41.802677304" lon="9.238454628" /><trkpt lat="41.802674475" lon="9.238437129" /><trkpt lat="41.802671942" lon="9.238418976" /><trkpt lat="41.802669708" lon="9.238400140" /><trkpt lat="41.802667780" lon="9.238380594" /><trkpt lat="41.802666164" lon="9.238360310" /><trkpt lat="41.802664866" lon="9.238339258" /><trkpt lat="41.802663890" lon="9.238317412" /><trkpt lat="41.802663244" lon="9.238294742" /><trkpt lat="41.802662933" lon="9.238271221" /><trkpt lat="41.802662962" lon="9.238246821" /><trkpt lat="41.802663337" lon="9.238221513" /><trkpt lat="41.802664064" lon="9.238195269" /><trkpt lat="41.802664957" lon="9.238167368" /><trkpt lat="41.802665713" lon="9.238140297" /><trkpt lat="41.802666326" lon="9.238114037" /><trkpt lat="41.802666789" lon="9.238088565" /><trkpt lat="41.802667099" lon="9.238063861" /><trkpt lat="41.802667248" lon="9.238039903" /><trkpt lat="41.802667232" lon="9.238016670" /><trkpt lat="41.802667044" lon="9.237994140" /><trkpt lat="41.802666679" lon="9.237972294" /><trkpt lat="41.802666131" lon="9.237951108" /><trkpt lat="41.802665395" lon="9.237930563" /><trkpt lat="41.802664465" lon="9.237910637" /><trkpt lat="41.802663335" lon="9.237891308" /><trkpt lat="41.802662000" lon="9.237872556" /><trkpt lat="41.802660453" lon="9.237854359" /><trkpt lat="41.802658690" lon="9.237836697" /><trkpt lat="41.802656704" lon="9.237819547" /><trkpt lat="41.802654490" lon="9.237802889" /><trkpt lat="41.802652043" lon="9.237786701" /><trkpt lat="41.802649355" lon="9.237770962" /><trkpt lat="41.802646423" lon="9.237755651" /><trkpt lat="41.802643240" lon="9.237740747" /><trkpt lat="41.802639800" lon="9.237726229" /><trkpt lat="41.802636098" lon="9.237712075" /><trkpt lat="41.802632129" lon="9.237698264" /><trkpt lat="41.802627885" lon="9.237684775" /><trkpt lat="41.802623363" lon="9.237671586" /><trkpt lat="41.802618556" lon="9.237658677" /><trkpt lat="41.802613458" lon="9.237646026" /><trkpt lat="41.802608064" lon="9.237633612" /><trkpt lat="41.802602368" lon="9.237621414" /><trkpt lat="41.802596364" lon="9.237609410" /><trkpt lat="41.802590047" lon="9.237597580" /><trkpt lat="41.802583412" lon="9.237585902" /><trkpt lat="41.802576451" lon="9.237574355" /><trkpt lat="41.802569161" lon="9.237562917" /><trkpt lat="41.802561534" lon="9.237551568" /><trkpt lat="41.802553566" lon="9.237540286" /><trkpt lat="41.802545251" lon="9.237529050" /><trkpt lat="41.802536583" lon="9.237517839" /><trkpt lat="41.802527556" lon="9.237506631" /><trkpt lat="41.802518165" lon="9.237495406" /><trkpt lat="41.802508404" lon="9.237484142" /><trkpt lat="41.802498267" lon="9.237472818" /><trkpt lat="41.802487749" lon="9.237461413" /><trkpt lat="41.802476844" lon="9.237449905" /><trkpt lat="41.802465546" lon="9.237438274" /><trkpt lat="41.802453850" lon="9.237426497" /><trkpt lat="41.802441750" lon="9.237414554" /><trkpt lat="41.802429240" lon="9.237402424" /><trkpt lat="41.802415855" lon="9.237390051" /><trkpt lat="41.802402199" lon="9.237378397" /><trkpt lat="41.802388283" lon="9.237367443" /><trkpt lat="41.802374117" lon="9.237357168" /><trkpt lat="41.802359711" lon="9.237347552" /><trkpt lat="41.802345076" lon="9.237338575" /><trkpt lat="41.802330222" lon="9.237330216" /><trkpt lat="41.802315161" lon="9.237322455" /><trkpt lat="41.802299901" lon="9.237315271" /><trkpt lat="41.802284454" lon="9.237308644" /><trkpt lat="41.802268830" lon="9.237302554" /><trkpt lat="41.802253039" lon="9.237296980" /><trkpt lat="41.802237092" lon="9.237291902" /><trkpt lat="41.802220999" lon="9.237287300" /><trkpt lat="41.802204771" lon="9.237283152" /><trkpt lat="41.802188418" lon="9.237279440" /><trkpt lat="41.802171950" lon="9.237276142" /><trkpt lat="41.802155378" lon="9.237273238" /><trkpt lat="41.802138712" lon="9.237270708" /><trkpt lat="41.802121963" lon="9.237268531" /><trkpt lat="41.802105141" lon="9.237266687" /><trkpt lat="41.802088257" lon="9.237265156" /><trkpt lat="41.802071321" lon="9.237263917" /><trkpt lat="41.802054343" lon="9.237262949" /><trkpt lat="41.802037333" lon="9.237262234" /><trkpt lat="41.802020303" lon="9.237261749" /><trkpt lat="41.802003263" lon="9.237261475" /><trkpt lat="41.801986222" lon="9.237261391" /><trkpt lat="41.801969192" lon="9.237261477" /><trkpt lat="41.801952183" lon="9.237261713" /><trkpt lat="41.801935205" lon="9.237262078" /><trkpt lat="41.801918268" lon="9.237262552" /><trkpt lat="41.801901384" lon="9.237263114" /><trkpt lat="41.801884562" lon="9.237263745" /><trkpt lat="41.801867813" lon="9.237264423" /><trkpt lat="41.801851147" lon="9.237265129" /><trkpt lat="41.801834575" lon="9.237265841" /><trkpt lat="41.801818108" lon="9.237266540" /><trkpt lat="41.801801754" lon="9.237267206" /><trkpt lat="41.801785526" lon="9.237267817" /><trkpt lat="41.801769433" lon="9.237268354" /><trkpt lat="41.801753486" lon="9.237268796" /><trkpt lat="41.801737695" lon="9.237269122" /><trkpt lat="41.801722071" lon="9.237269313" /><trkpt lat="41.801706624" lon="9.237269348" /><trkpt lat="41.801691364" lon="9.237269207" /><trkpt lat="41.801676302" lon="9.237268869" /><trkpt lat="41.801661448" lon="9.237268314" /><trkpt lat="41.801645917" lon="9.237267548" /><trkpt lat="41.801630107" lon="9.237266653" /><trkpt lat="41.801614030" lon="9.237265632" /><trkpt lat="41.801597701" lon="9.237264490" /><trkpt lat="41.801581132" lon="9.237263231" /><trkpt lat="41.801564337" lon="9.237261859" /><trkpt lat="41.801547329" lon="9.237260378" /><trkpt lat="41.801530121" lon="9.237258793" /><trkpt lat="41.801512726" lon="9.237257108" /><trkpt lat="41.801495157" lon="9.237255326" /><trkpt lat="41.801477428" lon="9.237253452" /><trkpt lat="41.801459552" lon="9.237251490" /><trkpt lat="41.801441542" lon="9.237249444" /><trkpt lat="41.801423412" lon="9.237247319" /><trkpt lat="41.801405174" lon="9.237245118" /><trkpt lat="41.801386841" lon="9.237242846" /><trkpt lat="41.801368428" lon="9.237240507" /><trkpt lat="41.801349946" lon="9.237238104" /><trkpt lat="41.801331410" lon="9.237235643" /><trkpt lat="41.801312832" lon="9.237233128" /><trkpt lat="41.801294226" lon="9.237230562" /><trkpt lat="41.801275605" lon="9.237227949" /><trkpt lat="41.801256982" lon="9.237225294" /><trkpt lat="41.801238371" lon="9.237222602" /><trkpt lat="41.801219784" lon="9.237219875" /><trkpt lat="41.801201235" lon="9.237217119" /><trkpt lat="41.801182736" lon="9.237214337" /><trkpt lat="41.801164302" lon="9.237211533" /><trkpt lat="41.801145945" lon="9.237208713" /><trkpt lat="41.801127679" lon="9.237205879" /><trkpt lat="41.801109517" lon="9.237203037" /><trkpt lat="41.801091471" lon="9.237200189" /><trkpt lat="41.801073556" lon="9.237197342" /><trkpt lat="41.801055784" lon="9.237194497" /><trkpt lat="41.801038169" lon="9.237191661" /><trkpt lat="41.801020723" lon="9.237188836" /><trkpt lat="41.801003461" lon="9.237186027" /><trkpt lat="41.800986394" lon="9.237183239" /><trkpt lat="41.800969537" lon="9.237180475" /><trkpt lat="41.800952903" lon="9.237177739" /><trkpt lat="41.800936505" lon="9.237175036" /><trkpt lat="41.800920355" lon="9.237172370" /><trkpt lat="41.800904468" lon="9.237169745" /><trkpt lat="41.800888857" lon="9.237167165" /><trkpt lat="41.800873534" lon="9.237164635" /><trkpt lat="41.800858513" lon="9.237162158" /><trkpt lat="41.800845411" lon="9.237160044" /><trkpt lat="41.800831922" lon="9.237157952" /><trkpt lat="41.800818055" lon="9.237155881" /><trkpt lat="41.800803825" lon="9.237153832" /><trkpt lat="41.800789244" lon="9.237151803" /><trkpt lat="41.800774324" lon="9.237149794" /><trkpt lat="41.800759078" lon="9.237147803" /><trkpt lat="41.800743519" lon="9.237145831" /><trkpt lat="41.800727659" lon="9.237143877" /><trkpt lat="41.800711510" lon="9.237141940" /><trkpt lat="41.800695086" lon="9.237140020" /><trkpt lat="41.800678398" lon="9.237138115" /><trkpt lat="41.800661460" lon="9.237136225" /><trkpt lat="41.800644284" lon="9.237134350" /><trkpt lat="41.800626882" lon="9.237132488" /><trkpt lat="41.800609268" lon="9.237130640" /><trkpt lat="41.800591453" lon="9.237128804" /><trkpt lat="41.800573450" lon="9.237126980" /><trkpt lat="41.800555272" lon="9.237125168" /><trkpt lat="41.800536932" lon="9.237123366" /><trkpt lat="41.800518441" lon="9.237121574" /><trkpt lat="41.800499813" lon="9.237119791" /><trkpt lat="41.800481060" lon="9.237118017" /><trkpt lat="41.800462195" lon="9.237116251" /><trkpt lat="41.800443230" lon="9.237114492" /><trkpt lat="41.800424177" lon="9.237112740" /><trkpt lat="41.800405051" lon="9.237110994" /><trkpt lat="41.800385862" lon="9.237109253" /><trkpt lat="41.800366623" lon="9.237107518" /><trkpt lat="41.800347348" lon="9.237105786" /><trkpt lat="41.800328048" lon="9.237104058" /><trkpt lat="41.800308737" lon="9.237102332" /><trkpt lat="41.800289426" lon="9.237100609" /><trkpt lat="41.800270129" lon="9.237098887" /><trkpt lat="41.800250858" lon="9.237097166" /><trkpt lat="41.800231625" lon="9.237095446" /><trkpt lat="41.800212443" lon="9.237093724" /><trkpt lat="41.800193325" lon="9.237092002" /><trkpt lat="41.800174283" lon="9.237090278" /><trkpt lat="41.800155330" lon="9.237088552" /><trkpt lat="41.800136479" lon="9.237086823" /><trkpt lat="41.800117741" lon="9.237085090" /><trkpt lat="41.800099130" lon="9.237083352" /><trkpt lat="41.800080658" lon="9.237081610" /><trkpt lat="41.800062337" lon="9.237079862" /><trkpt lat="41.800044181" lon="9.237078108" /><trkpt lat="41.800026202" lon="9.237076347" /><trkpt lat="41.800008412" lon="9.237074578" /><trkpt lat="41.799990823" lon="9.237072801" /><trkpt lat="41.799973450" lon="9.237071015" /><trkpt lat="41.799956303" lon="9.237069220" /><trkpt lat="41.799939396" lon="9.237067414" /><trkpt lat="41.799922742" lon="9.237065598" /><trkpt lat="41.799902486" lon="9.237063297" /><trkpt lat="41.799882449" lon="9.237060887" /><trkpt lat="41.799862626" lon="9.237058369" /><trkpt lat="41.799843011" lon="9.237055746" /><trkpt lat="41.799823599" lon="9.237053019" /><trkpt lat="41.799804385" lon="9.237050191" /><trkpt lat="41.799785364" lon="9.237047262" /><trkpt lat="41.799766530" lon="9.237044236" /><trkpt lat="41.799747877" lon="9.237041115" /><trkpt lat="41.799729402" lon="9.237037899" /><trkpt lat="41.799711097" lon="9.237034591" /><trkpt lat="41.799692959" lon="9.237031194" /><trkpt lat="41.799674981" lon="9.237027708" /><trkpt lat="41.799657159" lon="9.237024136" /><trkpt lat="41.799639486" lon="9.237020480" /><trkpt lat="41.799621959" lon="9.237016742" /><trkpt lat="41.799604571" lon="9.237012924" /><trkpt lat="41.799587317" lon="9.237009027" /><trkpt lat="41.799570192" lon="9.237005053" /><trkpt lat="41.799553190" lon="9.237001006" /><trkpt lat="41.799536307" lon="9.236996885" /><trkpt lat="41.799519537" lon="9.236992695" /><trkpt lat="41.799502874" lon="9.236988435" /><trkpt lat="41.799486314" lon="9.236984109" /><trkpt lat="41.799469851" lon="9.236979718" /><trkpt lat="41.799453479" lon="9.236975264" /><trkpt lat="41.799437194" lon="9.236970749" /><trkpt lat="41.799420990" lon="9.236966175" /><trkpt lat="41.799404862" lon="9.236961545" /><trkpt lat="41.799388805" lon="9.236956859" /><trkpt lat="41.799372812" lon="9.236952120" /><trkpt lat="41.799356880" lon="9.236947330" /><trkpt lat="41.799341002" lon="9.236942490" /><trkpt lat="41.799325174" lon="9.236937603" /><trkpt lat="41.799309389" lon="9.236932671" /><trkpt lat="41.799293643" lon="9.236927696" /><trkpt lat="41.799277931" lon="9.236922678" /><trkpt lat="41.799262247" lon="9.236917622" /><trkpt lat="41.799246585" lon="9.236912528" /><trkpt lat="41.799230941" lon="9.236907398" /><trkpt lat="41.799215309" lon="9.236902234" /><trkpt lat="41.799199684" lon="9.236897038" /><trkpt lat="41.799184061" lon="9.236891813" /><trkpt lat="41.799162589" lon="9.236884560" /><trkpt lat="41.799141524" lon="9.236877326" /><trkpt lat="41.799120870" lon="9.236870099" /><trkpt lat="41.799100636" lon="9.236862865" /><trkpt lat="41.799080826" lon="9.236855611" /><trkpt lat="41.799061449" lon="9.236848322" /><trkpt lat="41.799042509" lon="9.236840986" /><trkpt lat="41.799024014" lon="9.236833589" /><trkpt lat="41.799005971" lon="9.236826117" /><trkpt lat="41.798988384" lon="9.236818558" /><trkpt lat="41.798971262" lon="9.236810896" /><trkpt lat="41.798954610" lon="9.236803120" /><trkpt lat="41.798938434" lon="9.236795215" /><trkpt lat="41.798922742" lon="9.236787168" /><trkpt lat="41.798907540" lon="9.236778965" /><trkpt lat="41.798892834" lon="9.236770594" /><trkpt lat="41.798878630" lon="9.236762040" /><trkpt lat="41.798864936" lon="9.236753289" /><trkpt lat="41.798851757" lon="9.236744329" /><trkpt lat="41.798839100" lon="9.236735146" /><trkpt lat="41.798826971" lon="9.236725727" /><trkpt lat="41.798815377" lon="9.236716057" /><trkpt lat="41.798804324" lon="9.236706123" /><trkpt lat="41.798793819" lon="9.236695913" /><trkpt lat="41.798783868" lon="9.236685412" /><trkpt lat="41.798774478" lon="9.236674606" /><trkpt lat="41.798765655" lon="9.236663484" /><trkpt lat="41.798757405" lon="9.236652030" /><trkpt lat="41.798749735" lon="9.236640231" /><trkpt lat="41.798742651" lon="9.236628074" /><trkpt lat="41.798736161" lon="9.236615545" /><trkpt lat="41.798729538" lon="9.236602443" /><trkpt lat="41.798722470" lon="9.236589427" /><trkpt lat="41.798714965" lon="9.236576503" /><trkpt lat="41.798707030" lon="9.236563679" /><trkpt lat="41.798698672" lon="9.236550960" /><trkpt lat="41.798689897" lon="9.236538353" /><trkpt lat="41.798680712" lon="9.236525866" /><trkpt lat="41.798671125" lon="9.236513504" /><trkpt lat="41.798661143" lon="9.236501275" /><trkpt lat="41.798650772" lon="9.236489184" /><trkpt lat="41.798640020" lon="9.236477239" /><trkpt lat="41.798628893" lon="9.236465447" /><trkpt lat="41.798617399" lon="9.236453813" /><trkpt lat="41.798605544" lon="9.236442345" /><trkpt lat="41.798593335" lon="9.236431049" /><trkpt lat="41.798580780" lon="9.236419931" /><trkpt lat="41.798567885" lon="9.236409000" /><trkpt lat="41.798554658" lon="9.236398260" /><trkpt lat="41.798541105" lon="9.236387719" /><trkpt lat="41.798527234" lon="9.236377383" /><trkpt lat="41.798513050" lon="9.236367260" /><trkpt lat="41.798498562" lon="9.236357355" /><trkpt lat="41.798483776" lon="9.236347675" /><trkpt lat="41.798468700" lon="9.236338228" /><trkpt lat="41.798453340" lon="9.236329019" /><trkpt lat="41.798437703" lon="9.236320055" /><trkpt lat="41.798421796" lon="9.236311343" /><trkpt lat="41.798405626" lon="9.236302889" /><trkpt lat="41.798389201" lon="9.236294701" /><trkpt lat="41.798372527" lon="9.236286785" /><trkpt lat="41.798357043" lon="9.236279841" /><trkpt lat="41.798341152" lon="9.236273145" /><trkpt lat="41.798324887" lon="9.236266683" /><trkpt lat="41.798308281" lon="9.236260445" /><trkpt lat="41.798291366" lon="9.236254418" /><trkpt lat="41.798274177" lon="9.236248589" /><trkpt lat="41.798256746" lon="9.236242947" /><trkpt lat="41.798239106" lon="9.236237479" /><trkpt lat="41.798221290" lon="9.236232174" /><trkpt lat="41.798203331" lon="9.236227018" /><trkpt lat="41.798185262" lon="9.236222001" /><trkpt lat="41.798167116" lon="9.236217110" /><trkpt lat="41.798148927" lon="9.236212332" /><trkpt lat="41.798130726" lon="9.236207656" /><trkpt lat="41.798112547" lon="9.236203070" /><trkpt lat="41.798094424" lon="9.236198560" /><trkpt lat="41.798076389" lon="9.236194116" /><trkpt lat="41.798058475" lon="9.236189725" /><trkpt lat="41.798040715" lon="9.236185375" /><trkpt lat="41.798023142" lon="9.236181054" /><trkpt lat="41.798005790" lon="9.236176749" /><trkpt lat="41.797988690" lon="9.236172449" /><trkpt lat="41.797971877" lon="9.236168141" /><trkpt lat="41.797955384" lon="9.236163813" /><trkpt lat="41.797939242" lon="9.236159454" /><trkpt lat="41.797923486" lon="9.236155050" /><trkpt lat="41.797908148" lon="9.236150590" /><trkpt lat="41.797893261" lon="9.236146062" /><trkpt lat="41.797878859" lon="9.236141453" /><trkpt lat="41.797864974" lon="9.236136752" /><trkpt lat="41.797851639" lon="9.236131946" /><trkpt lat="41.797838888" lon="9.236127023" /><trkpt lat="41.797826753" lon="9.236121971" /><trkpt lat="41.797813964" lon="9.236116439" /><trkpt lat="41.797801573" lon="9.236111078" /><trkpt lat="41.797789549" lon="9.236105848" /><trkpt lat="41.797777864" lon="9.236100706" /><trkpt lat="41.797766488" lon="9.236095609" /><trkpt lat="41.797755392" lon="9.236090514" /><trkpt lat="41.797744547" lon="9.236085381" /><trkpt lat="41.797733923" lon="9.236080165" /><trkpt lat="41.797723490" lon="9.236074826" /><trkpt lat="41.797713221" lon="9.236069321" /><trkpt lat="41.797703085" lon="9.236063606" /><trkpt lat="41.797693053" lon="9.236057641" /><trkpt lat="41.797683095" lon="9.236051383" /><trkpt lat="41.797673183" lon="9.236044789" /><trkpt lat="41.797663287" lon="9.236037817" /><trkpt lat="41.797653377" lon="9.236030425" /><trkpt lat="41.797643425" lon="9.236022570" /><trkpt lat="41.797633401" lon="9.236014211" /><trkpt lat="41.797623275" lon="9.236005304" /><trkpt lat="41.797613019" lon="9.235995808" /><trkpt lat="41.797602603" lon="9.235985680" /><trkpt lat="41.797591998" lon="9.235974878" /><trkpt lat="41.797581174" lon="9.235963360" /><trkpt lat="41.797570102" lon="9.235951082" /><trkpt lat="41.797558752" lon="9.235938004" /><trkpt lat="41.797547096" lon="9.235924082" /><trkpt lat="41.797535105" lon="9.235909275" /><trkpt lat="41.797522748" lon="9.235893539" /><trkpt lat="41.797509996" lon="9.235876833" /><trkpt lat="41.797496820" lon="9.235859115" /><trkpt lat="41.797486052" lon="9.235844553" /><trkpt lat="41.797475479" lon="9.235830420" /><trkpt lat="41.797465112" lon="9.235816675" /><trkpt lat="41.797454963" lon="9.235803278" /><trkpt lat="41.797445043" lon="9.235790191" /><trkpt lat="41.797435363" lon="9.235777373" /><trkpt lat="41.797425935" lon="9.235764785" /><trkpt lat="41.797416768" lon="9.235752388" /><trkpt lat="41.797407875" lon="9.235740142" /><trkpt lat="41.797399266" lon="9.235728007" /><trkpt lat="41.797390952" lon="9.235715944" /><trkpt lat="41.797382945" lon="9.235703913" /><trkpt lat="41.797375256" lon="9.235691874" /><trkpt lat="41.797367896" lon="9.235679789" /><trkpt lat="41.797360876" lon="9.235667618" /><trkpt lat="41.797354207" lon="9.235655320" /><trkpt lat="41.797347900" lon="9.235642857" /><trkpt lat="41.797341966" lon="9.235630188" /><trkpt lat="41.797336417" lon="9.235617275" /><trkpt lat="41.797331264" lon="9.235604078" /><trkpt lat="41.797326517" lon="9.235590556" /><trkpt lat="41.797322188" lon="9.235576672" /><trkpt lat="41.797318287" lon="9.235562384" /><trkpt lat="41.797314827" lon="9.235547654" /><trkpt lat="41.797311818" lon="9.235532441" /><trkpt lat="41.797309271" lon="9.235516708" /><trkpt lat="41.797307197" lon="9.235500412" /><trkpt lat="41.797305608" lon="9.235483517" /><trkpt lat="41.797304515" lon="9.235465980" /><trkpt lat="41.797303928" lon="9.235447764" /><trkpt lat="41.797303858" lon="9.235428829" /><trkpt lat="41.797304318" lon="9.235409134" /><trkpt lat="41.797305318" lon="9.235388641" /><trkpt lat="41.797306869" lon="9.235367309" /><trkpt lat="41.797308982" lon="9.235345100" /><trkpt lat="41.797311668" lon="9.235321974" /><trkpt lat="41.797314939" lon="9.235297891" /><trkpt lat="41.797317547" lon="9.235280323" /><trkpt lat="41.797320290" lon="9.235262600" /><trkpt lat="41.797323159" lon="9.235244731" /><trkpt lat="41.797326146" lon="9.235226727" /><trkpt lat="41.797329242" lon="9.235208596" /><trkpt lat="41.797332440" lon="9.235190350" /><trkpt lat="41.797335731" lon="9.235171998" /><trkpt lat="41.797339107" lon="9.235153551" /><trkpt lat="41.797342559" lon="9.235135018" /><trkpt lat="41.797346079" lon="9.235116410" /><trkpt lat="41.797349659" lon="9.235097736" /><trkpt lat="41.797353290" lon="9.235079006" /><trkpt lat="41.797356965" lon="9.235060232" /><trkpt lat="41.797360674" lon="9.235041422" /><trkpt lat="41.797364410" lon="9.235022586" /><trkpt lat="41.797368165" lon="9.235003736" /><trkpt lat="41.797371929" lon="9.234984880" /><trkpt lat="41.797375695" lon="9.234966029" /><trkpt lat="41.797379454" lon="9.234947193" /><trkpt lat="41.797383198" lon="9.234928381" /><trkpt lat="41.797386918" lon="9.234909605" /><trkpt lat="41.797390607" lon="9.234890874" /><trkpt lat="41.797394256" lon="9.234872198" /><trkpt lat="41.797397857" lon="9.234853586" /><trkpt lat="41.797401401" lon="9.234835051" /><trkpt lat="41.797404881" lon="9.234816600" /><trkpt lat="41.797408287" lon="9.234798244" /><trkpt lat="41.797411611" lon="9.234779994" /><trkpt lat="41.797414846" lon="9.234761859" /><trkpt lat="41.797417983" lon="9.234743849" /><trkpt lat="41.797421013" lon="9.234725975" /><trkpt lat="41.797423928" lon="9.234708246" /><trkpt lat="41.797426720" lon="9.234690673" /><trkpt lat="41.797429381" lon="9.234673265" /><trkpt lat="41.797431902" lon="9.234656033" /><trkpt lat="41.797434276" lon="9.234638987" /><trkpt lat="41.797436492" lon="9.234622136" /><trkpt lat="41.797438545" lon="9.234605491" /><trkpt lat="41.797440424" lon="9.234589061" /><trkpt lat="41.797442122" lon="9.234572857" /><trkpt lat="41.797443630" lon="9.234556890" /><trkpt lat="41.797444940" lon="9.234541168" /><trkpt lat="41.797446045" lon="9.234525702" /><trkpt lat="41.797446934" lon="9.234510502" /><trkpt lat="41.797447601" lon="9.234495578" /><trkpt lat="41.797448037" lon="9.234480940" /><trkpt lat="41.797448233" lon="9.234466598" /><trkpt lat="41.797448182" lon="9.234452562" /><trkpt lat="41.797447874" lon="9.234438843" /><trkpt lat="41.797447302" lon="9.234425450" /><trkpt lat="41.797446458" lon="9.234412393" /><trkpt lat="41.797445332" lon="9.234399682" /><trkpt lat="41.797444101" lon="9.234389053" /><trkpt lat="41.797442510" lon="9.234377870" /><trkpt lat="41.797440573" lon="9.234366150" /><trkpt lat="41.797438302" lon="9.234353910" /><trkpt lat="41.797435710" lon="9.234341169" /><trkpt lat="41.797432810" lon="9.234327942" /><trkpt lat="41.797429615" lon="9.234314250" /><trkpt lat="41.797426137" lon="9.234300107" /><trkpt lat="41.797422390" lon="9.234285533" /><trkpt lat="41.797418386" lon="9.234270544" /><trkpt lat="41.797414138" lon="9.234255159" /><trkpt lat="41.797409659" lon="9.234239394" /><trkpt lat="41.797404962" lon="9.234223268" /><trkpt lat="41.797400059" lon="9.234206797" /><trkpt lat="41.797394964" lon="9.234189999" /><trkpt lat="41.797389688" lon="9.234172892" /><trkpt lat="41.797384246" lon="9.234155493" /><trkpt lat="41.797378650" lon="9.234137821" /><trkpt lat="41.797372912" lon="9.234119891" /><trkpt lat="41.797367045" lon="9.234101722" /><trkpt lat="41.797361063" lon="9.234083331" /><trkpt lat="41.797354978" lon="9.234064737" /><trkpt lat="41.797348803" lon="9.234045955" /><trkpt lat="41.797342550" lon="9.234027005" /><trkpt lat="41.797336234" lon="9.234007902" /><trkpt lat="41.797329865" lon="9.233988666" /><trkpt lat="41.797323458" lon="9.233969313" /><trkpt lat="41.797317025" lon="9.233949861" /><trkpt lat="41.797310578" lon="9.233930327" /><trkpt lat="41.797304132" lon="9.233910730" /><trkpt lat="41.797297698" lon="9.233891085" /><trkpt lat="41.797291289" lon="9.233871412" /><trkpt lat="41.797284918" lon="9.233851727" /><trkpt lat="41.797278598" lon="9.233832049" /><trkpt lat="41.797272343" lon="9.233812393" /><trkpt lat="41.797266163" lon="9.233792779" /><trkpt lat="41.797260073" lon="9.233773223" /><trkpt lat="41.797254086" lon="9.233753744" /><trkpt lat="41.797248213" lon="9.233734358" /><trkpt lat="41.797242469" lon="9.233715083" /><trkpt lat="41.797236865" lon="9.233695936" /><trkpt lat="41.797231415" lon="9.233676936" /><trkpt lat="41.797226131" lon="9.233658099" /><trkpt lat="41.797221026" lon="9.233639444" /><trkpt lat="41.797216113" lon="9.233620987" /><trkpt lat="41.797211406" lon="9.233602747" /><trkpt lat="41.797206915" lon="9.233584740" /><trkpt lat="41.797202656" lon="9.233566984" /><trkpt lat="41.797198639" lon="9.233549497" /><trkpt lat="41.797194879" lon="9.233532296" /><trkpt lat="41.797191388" lon="9.233515399" /><trkpt lat="41.797188179" lon="9.233498824" /><trkpt lat="41.797185264" lon="9.233482587" /><trkpt lat="41.797182656" lon="9.233466706" /><trkpt lat="41.797180369" lon="9.233451199" /><trkpt lat="41.797178415" lon="9.233436084" /><trkpt lat="41.797176807" lon="9.233421377" /><trkpt lat="41.797175557" lon="9.233407097" /><trkpt lat="41.797174679" lon="9.233393260" /><trkpt lat="41.797174186" lon="9.233379885" /><trkpt lat="41.797174090" lon="9.233366989" /><trkpt lat="41.797174403" lon="9.233354590" /><trkpt lat="41.797175140" lon="9.233342704" /><trkpt lat="41.797177279" lon="9.233319182" /><trkpt lat="41.797179693" lon="9.233297363" /><trkpt lat="41.797182380" lon="9.233277145" /><trkpt lat="41.797185335" lon="9.233258426" /><trkpt lat="41.797188554" lon="9.233241103" /><trkpt lat="41.797192032" lon="9.233225073" /><trkpt lat="41.797195767" lon="9.233210234" /><trkpt lat="41.797199754" lon="9.233196483" /><trkpt lat="41.797203988" lon="9.233183719" /><trkpt lat="41.797208467" lon="9.233171837" /><trkpt lat="41.797213185" lon="9.233160737" /><trkpt lat="41.797218139" lon="9.233150314" /><trkpt lat="41.797223326" lon="9.233140468" /><trkpt lat="41.797228740" lon="9.233131095" /><trkpt lat="41.797234378" lon="9.233122092" /><trkpt lat="41.797240236" lon="9.233113358" /><trkpt lat="41.797246310" lon="9.233104789" /><trkpt lat="41.797252597" lon="9.233096284" /><trkpt lat="41.797259091" lon="9.233087739" /><trkpt lat="41.797265789" lon="9.233079053" /><trkpt lat="41.797272687" lon="9.233070122" /><trkpt lat="41.797279781" lon="9.233060844" /><trkpt lat="41.797287066" lon="9.233051117" /><trkpt lat="41.797294540" lon="9.233040837" /><trkpt lat="41.797302198" lon="9.233029904" /><trkpt lat="41.797310036" lon="9.233018213" /><trkpt lat="41.797318050" lon="9.233005663" /><trkpt lat="41.797326235" lon="9.232992151" /><trkpt lat="41.797334589" lon="9.232977574" /><trkpt lat="41.797343107" lon="9.232961830" /><trkpt lat="41.797351651" lon="9.232945668" /><trkpt lat="41.797360092" lon="9.232929889" /><trkpt lat="41.797368440" lon="9.232914474" /><trkpt lat="41.797376704" lon="9.232899403" /><trkpt lat="41.797384893" lon="9.232884654" /><trkpt lat="41.797393016" lon="9.232870208" /><trkpt lat="41.797401083" lon="9.232856043" /><trkpt lat="41.797409103" lon="9.232842141" /><trkpt lat="41.797417085" lon="9.232828479" /><trkpt lat="41.797425038" lon="9.232815039" /><trkpt lat="41.797432972" lon="9.232801798" /><trkpt lat="41.797440895" lon="9.232788738" /><trkpt lat="41.797448817" lon="9.232775838" /><trkpt lat="41.797456748" lon="9.232763076" /><trkpt lat="41.797464696" lon="9.232750433" /><trkpt lat="41.797472671" lon="9.232737889" /><trkpt lat="41.797480681" lon="9.232725423" /><trkpt lat="41.797488737" lon="9.232713014" /><trkpt lat="41.797496847" lon="9.232700642" /><trkpt lat="41.797505020" lon="9.232688287" /><trkpt lat="41.797513266" lon="9.232675928" /><trkpt lat="41.797521595" lon="9.232663545" /><trkpt lat="41.797530015" lon="9.232651118" /><trkpt lat="41.797538535" lon="9.232638625" /><trkpt lat="41.797547165" lon="9.232626048" /><trkpt lat="41.797555914" lon="9.232613364" /><trkpt lat="41.797564791" lon="9.232600554" /><trkpt lat="41.797573805" lon="9.232587598" /><trkpt lat="41.797582966" lon="9.232574475" /><trkpt lat="41.797592283" lon="9.232561164" /><trkpt lat="41.797600198" lon="9.232549473" /><trkpt lat="41.797607835" lon="9.232537396" /><trkpt lat="41.797615201" lon="9.232524941" /><trkpt lat="41.797622302" lon="9.232512115" /><trkpt lat="41.797629145" lon="9.232498926" /><trkpt lat="41.797635736" lon="9.232485383" /><trkpt lat="41.797642081" lon="9.232471493" /><trkpt lat="41.797648188" lon="9.232457263" /><trkpt lat="41.797654062" lon="9.232442703" /><trkpt lat="41.797659710" lon="9.232427820" /><trkpt lat="41.797665138" lon="9.232412621" /><trkpt lat="41.797670353" lon="9.232397115" /><trkpt lat="41.797675362" lon="9.232381310" /><trkpt lat="41.797680170" lon="9.232365213" /><trkpt lat="41.797684784" lon="9.232348832" /><trkpt lat="41.797689210" lon="9.232332175" /><trkpt lat="41.797693456" lon="9.232315250" /><trkpt lat="41.797697527" lon="9.232298065" /><trkpt lat="41.797701429" lon="9.232280628" /><trkpt lat="41.797705170" lon="9.232262947" /><trkpt lat="41.797708756" lon="9.232245029" /><trkpt lat="41.797712193" lon="9.232226882" /><trkpt lat="41.797715487" lon="9.232208515" /><trkpt lat="41.797718645" lon="9.232189935" /><trkpt lat="41.797721674" lon="9.232171149" /><trkpt lat="41.797724580" lon="9.232152167" /><trkpt lat="41.797727369" lon="9.232132996" /><trkpt lat="41.797730048" lon="9.232113643" /><trkpt lat="41.797732623" lon="9.232094117" /><trkpt lat="41.797735100" lon="9.232074426" /><trkpt lat="41.797737487" lon="9.232054576" /><trkpt lat="41.797739789" lon="9.232034577" /><trkpt lat="41.797742013" lon="9.232014437" /><trkpt lat="41.797744165" lon="9.231994162" /><trkpt lat="41.797746252" lon="9.231973761" /><trkpt lat="41.797748467" lon="9.231951599" /><trkpt lat="41.797750615" lon="9.231929866" /><trkpt lat="41.797752699" lon="9.231908549" /><trkpt lat="41.797754723" lon="9.231887636" /><trkpt lat="41.797756690" lon="9.231867117" /><trkpt lat="41.797758603" lon="9.231846979" /><trkpt lat="41.797760465" lon="9.231827210" /><trkpt lat="41.797762280" lon="9.231807799" /><trkpt lat="41.797764051" lon="9.231788733" /><trkpt lat="41.797765782" lon="9.231770002" /><trkpt lat="41.797767475" lon="9.231751592" /><trkpt lat="41.797769134" lon="9.231733493" /><trkpt lat="41.797770763" lon="9.231715693" /><trkpt lat="41.797772364" lon="9.231698179" /><trkpt lat="41.797773940" lon="9.231680941" /><trkpt lat="41.797775496" lon="9.231663965" /><trkpt lat="41.797777035" lon="9.231647242" /><trkpt lat="41.797778559" lon="9.231630757" /><trkpt lat="41.797780072" lon="9.231614501" /><trkpt lat="41.797781577" lon="9.231598461" /><trkpt lat="41.797783078" lon="9.231582625" /><trkpt lat="41.797784578" lon="9.231566982" /><trkpt lat="41.797786080" lon="9.231551519" /><trkpt lat="41.797787588" lon="9.231536225" /><trkpt lat="41.797789104" lon="9.231521089" /><trkpt lat="41.797790632" lon="9.231506098" /><trkpt lat="41.797792176" lon="9.231491240" /><trkpt lat="41.797793739" lon="9.231476504" /><trkpt lat="41.797795323" lon="9.231461879" /><trkpt lat="41.797796933" lon="9.231447351" /><trkpt lat="41.797798571" lon="9.231432910" /><trkpt lat="41.797800241" lon="9.231418543" /><trkpt lat="41.797802263" lon="9.231405055" /><trkpt lat="41.797805132" lon="9.231391599" /><trkpt lat="41.797808817" lon="9.231378220" /><trkpt lat="41.797813287" lon="9.231364964" /><trkpt lat="41.797818510" lon="9.231351876" /><trkpt lat="41.797824455" lon="9.231338999" /><trkpt lat="41.797831091" lon="9.231326381" /><trkpt lat="41.797838388" lon="9.231314064" /><trkpt lat="41.797846313" lon="9.231302095" /><trkpt lat="41.797854835" lon="9.231290518" /><trkpt lat="41.797863923" lon="9.231279378" /><trkpt lat="41.797873547" lon="9.231268720" /><trkpt lat="41.797883674" lon="9.231258589" /><trkpt lat="41.797894274" lon="9.231249030" /><trkpt lat="41.797905315" lon="9.231240088" /><trkpt lat="41.797916766" lon="9.231231808" /><trkpt lat="41.797928596" lon="9.231224235" /><trkpt lat="41.797940774" lon="9.231217414" /><trkpt lat="41.797953268" lon="9.231211389" /><trkpt lat="41.797966048" lon="9.231206206" /><trkpt lat="41.797979081" lon="9.231201909" /><trkpt lat="41.797992338" lon="9.231198544" /><trkpt lat="41.798005785" lon="9.231196156" /><trkpt lat="41.798019394" lon="9.231194789" /><trkpt lat="41.798033131" lon="9.231194488" /><trkpt lat="41.798046967" lon="9.231195299" /><trkpt lat="41.798060869" lon="9.231197266" /><trkpt lat="41.798074807" lon="9.231200434" /><trkpt lat="41.798088749" lon="9.231204848" /><trkpt lat="41.798102664" lon="9.231210554" /><trkpt lat="41.798116521" lon="9.231217595" /><trkpt lat="41.798130288" lon="9.231226018" /><trkpt lat="41.798143935" lon="9.231235867" /><trkpt lat="41.798157431" lon="9.231247186" /><trkpt lat="41.798172506" lon="9.231260714" /><trkpt lat="41.798187333" lon="9.231273906" /><trkpt lat="41.798201901" lon="9.231286711" /><trkpt lat="41.798216204" lon="9.231299080" /><trkpt lat="41.798230230" lon="9.231310963" /><trkpt lat="41.798243973" lon="9.231322309" /><trkpt lat="41.798257422" lon="9.231333069" /><trkpt lat="41.798270568" lon="9.231343192" /><trkpt lat="41.798283404" lon="9.231352629" /><trkpt lat="41.798295920" lon="9.231361329" /><trkpt lat="41.798308107" lon="9.231369242" /><trkpt lat="41.798319956" lon="9.231376318" /><trkpt lat="41.798331459" lon="9.231382508" /><trkpt lat="41.798342606" lon="9.231387760" /><trkpt lat="41.798353389" lon="9.231392025" /><trkpt lat="41.798363799" lon="9.231395254" /><trkpt lat="41.798373826" lon="9.231397395" /><trkpt lat="41.798383463" lon="9.231398398" /><trkpt lat="41.798392699" lon="9.231398215" /><trkpt lat="41.798401527" lon="9.231396794" /><trkpt lat="41.798409937" lon="9.231394085" /><trkpt lat="41.798417921" lon="9.231390039" /><trkpt lat="41.798425469" lon="9.231384606" /><trkpt lat="41.798432572" lon="9.231377735" /><trkpt lat="41.798439223" lon="9.231369376" /><trkpt lat="41.798445411" lon="9.231359479" /><trkpt lat="41.798451128" lon="9.231347994" /><trkpt lat="41.798456366" lon="9.231334872" /><trkpt lat="41.798461114" lon="9.231320061" /><trkpt lat="41.798465365" lon="9.231303512" /><trkpt lat="41.798468773" lon="9.231287671" /><trkpt lat="41.798471718" lon="9.231271851" /><trkpt lat="41.798474188" lon="9.231256057" /><trkpt lat="41.798476173" lon="9.231240295" /><trkpt lat="41.798477661" lon="9.231224571" /><trkpt lat="41.798478640" lon="9.231208891" /><trkpt lat="41.798479099" lon="9.231193261" /><trkpt lat="41.798479027" lon="9.231177687" /><trkpt lat="41.798478413" lon="9.231162173" /><trkpt lat="41.798477245" lon="9.231146727" /><trkpt lat="41.798475511" lon="9.231131354" /><trkpt lat="41.798473201" lon="9.231116060" /><trkpt lat="41.798470303" lon="9.231100850" /><trkpt lat="41.798466806" lon="9.231085731" /><trkpt lat="41.798462699" lon="9.231070708" /><trkpt lat="41.798457969" lon="9.231055788" /><trkpt lat="41.798452606" lon="9.231040975" /><trkpt lat="41.798446598" lon="9.231026276" /><trkpt lat="41.798439935" lon="9.231011696" /><trkpt lat="41.798432604" lon="9.230997242" /><trkpt lat="41.798424594" lon="9.230982919" /><trkpt lat="41.798415894" lon="9.230968733" /><trkpt lat="41.798406493" lon="9.230954690" /><trkpt lat="41.798396379" lon="9.230940796" /><trkpt lat="41.798385541" lon="9.230927056" /><trkpt lat="41.798373968" lon="9.230913476" /><trkpt lat="41.798361647" lon="9.230900063" /><trkpt lat="41.798348569" lon="9.230886821" /><trkpt lat="41.798334721" lon="9.230873758" /><trkpt lat="41.798320092" lon="9.230860878" /><trkpt lat="41.798304671" lon="9.230848187" /><trkpt lat="41.798288446" lon="9.230835691" /><trkpt lat="41.798271407" lon="9.230823397" /><trkpt lat="41.798256189" lon="9.230812770" /><trkpt lat="41.798240854" lon="9.230802069" /><trkpt lat="41.798225414" lon="9.230791302" /><trkpt lat="41.798209882" lon="9.230780474" /><trkpt lat="41.798194270" lon="9.230769593" /><trkpt lat="41.798178592" lon="9.230758666" /><trkpt lat="41.798162861" lon="9.230747700" /><trkpt lat="41.798147088" lon="9.230736701" /><trkpt lat="41.798131287" lon="9.230725676" /><trkpt lat="41.798115471" lon="9.230714633" /><trkpt lat="41.798099652" lon="9.230703578" /><trkpt lat="41.798083843" lon="9.230692518" /><trkpt lat="41.798068057" lon="9.230681460" /><trkpt lat="41.798052306" lon="9.230670411" /><trkpt lat="41.798036604" lon="9.230659377" /><trkpt lat="41.798020963" lon="9.230648366" /><trkpt lat="41.798005396" lon="9.230637385" /><trkpt lat="41.797989915" lon="9.230626439" /><trkpt lat="41.797974534" lon="9.230615538" /><trkpt lat="41.797959265" lon="9.230604686" /><trkpt lat="41.797944121" lon="9.230593891" /><trkpt lat="41.797929114" lon="9.230583161" /><trkpt lat="41.797914258" lon="9.230572501" /><trkpt lat="41.797899565" lon="9.230561919" /><trkpt lat="41.797885048" lon="9.230551421" /><trkpt lat="41.797870720" lon="9.230541015" /><trkpt lat="41.797856594" lon="9.230530707" /><trkpt lat="41.797842682" lon="9.230520505" /><trkpt lat="41.797828996" lon="9.230510414" /><trkpt lat="41.797815551" lon="9.230500443" /><trkpt lat="41.797802358" lon="9.230490597" /><trkpt lat="41.797789430" lon="9.230480885" /><trkpt lat="41.797776781" lon="9.230471312" /><trkpt lat="41.797764422" lon="9.230461885" /><trkpt lat="41.797752367" lon="9.230452613" /><trkpt lat="41.797740628" lon="9.230443500" /><trkpt lat="41.797729218" lon="9.230434555" /><trkpt lat="41.797718151" lon="9.230425783" /><trkpt lat="41.797704491" lon="9.230414857" /><trkpt lat="41.797691098" lon="9.230404109" /><trkpt lat="41.797677957" lon="9.230393589" /><trkpt lat="41.797665055" lon="9.230383350" /><trkpt lat="41.797652377" lon="9.230373443" /><trkpt lat="41.797639911" lon="9.230363921" /><trkpt lat="41.797627641" lon="9.230354835" /><trkpt lat="41.797615556" lon="9.230346237" /><trkpt lat="41.797603640" lon="9.230338180" /><trkpt lat="41.797591880" lon="9.230330714" /><trkpt lat="41.797580262" lon="9.230323892" /><trkpt lat="41.797568773" lon="9.230317765" /><trkpt lat="41.797557398" lon="9.230312386" /><trkpt lat="41.797546124" lon="9.230307807" /><trkpt lat="41.797534938" lon="9.230304078" /><trkpt lat="41.797523824" lon="9.230301253" /><trkpt lat="41.797512770" lon="9.230299382" /><trkpt lat="41.797501762" lon="9.230298518" /><trkpt lat="41.797490786" lon="9.230298713" /><trkpt lat="41.797479828" lon="9.230300018" /><trkpt lat="41.797468875" lon="9.230302485" /><trkpt lat="41.797457912" lon="9.230306166" /><trkpt lat="41.797446926" lon="9.230311114" /><trkpt lat="41.797435903" lon="9.230317379" /><trkpt lat="41.797424830" lon="9.230325014" /><trkpt lat="41.797413692" lon="9.230334071" /><trkpt lat="41.797402476" lon="9.230344601" /><trkpt lat="41.797391168" lon="9.230356656" /><trkpt lat="41.797379754" lon="9.230370289" /><trkpt lat="41.797368221" lon="9.230385550" /><trkpt lat="41.797356924" lon="9.230401223" /><trkpt lat="41.797346203" lon="9.230416085" /><trkpt lat="41.797336018" lon="9.230430178" /><trkpt lat="41.797326332" lon="9.230443544" /><trkpt lat="41.797317106" lon="9.230456227" /><trkpt lat="41.797308300" lon="9.230468269" /><trkpt lat="41.797299876" lon="9.230479713" /><trkpt lat="41.797291796" lon="9.230490601" /><trkpt lat="41.797284020" lon="9.230500975" /><trkpt lat="41.797276510" lon="9.230510880" /><trkpt lat="41.797269226" lon="9.230520356" /><trkpt lat="41.797262131" lon="9.230529448" /><trkpt lat="41.797255186" lon="9.230538197" /><trkpt lat="41.797248352" lon="9.230546646" /><trkpt lat="41.797241589" lon="9.230554838" /><trkpt lat="41.797234860" lon="9.230562815" /><trkpt lat="41.797228125" lon="9.230570620" /><trkpt lat="41.797221347" lon="9.230578296" /><trkpt lat="41.797214485" lon="9.230585886" /><trkpt lat="41.797207502" lon="9.230593431" /><trkpt lat="41.797200358" lon="9.230600975" /><trkpt lat="41.797193015" lon="9.230608561" /><trkpt lat="41.797185435" lon="9.230616230" /><trkpt lat="41.797177578" lon="9.230624026" /><trkpt lat="41.797169405" lon="9.230631990" /><trkpt lat="41.797160878" lon="9.230640167" /><trkpt lat="41.797151959" lon="9.230648598" /><trkpt lat="41.797142608" lon="9.230657327" /><trkpt lat="41.797132786" lon="9.230666395" /><trkpt lat="41.797122456" lon="9.230675845" /><trkpt lat="41.797111994" lon="9.230685280" /><trkpt lat="41.797101815" lon="9.230694315" /><trkpt lat="41.797091936" lon="9.230703016" /><trkpt lat="41.797082372" lon="9.230711449" /><trkpt lat="41.797073141" lon="9.230719680" /><trkpt lat="41.797064259" lon="9.230727773" /><trkpt lat="41.797055742" lon="9.230735795" /><trkpt lat="41.797047607" lon="9.230743811" /><trkpt lat="41.797039870" lon="9.230751886" /><trkpt lat="41.797032547" lon="9.230760087" /><trkpt lat="41.797025656" lon="9.230768478" /><trkpt lat="41.797019212" lon="9.230777126" /><trkpt lat="41.797013232" lon="9.230786095" /><trkpt lat="41.797007732" lon="9.230795452" /><trkpt lat="41.797002729" lon="9.230805262" /><trkpt lat="41.796998239" lon="9.230815591" /><trkpt lat="41.796994279" lon="9.230826503" /><trkpt lat="41.796990865" lon="9.230838066" /><trkpt lat="41.796988014" lon="9.230850343" /><trkpt lat="41.796985741" lon="9.230863401" /><trkpt lat="41.796984064" lon="9.230877306" /><trkpt lat="41.796982999" lon="9.230892123" /><trkpt lat="41.796982563" lon="9.230907917" /><trkpt lat="41.796982771" lon="9.230924755" /><trkpt lat="41.796983640" lon="9.230942701" /><trkpt lat="41.796985187" lon="9.230961821" /><trkpt lat="41.796987428" lon="9.230982181" /><trkpt lat="41.796990379" lon="9.231003846" /><trkpt lat="41.796994058" lon="9.231026882" /><trkpt lat="41.796998480" lon="9.231051355" /><trkpt lat="41.797001720" lon="9.231068236" /><trkpt lat="41.797005029" lon="9.231085251" /><trkpt lat="41.797008385" lon="9.231102383" /><trkpt lat="41.797011768" lon="9.231119614" /><trkpt lat="41.797015157" lon="9.231136928" /><trkpt lat="41.797018531" lon="9.231154307" /><trkpt lat="41.797021871" lon="9.231171734" /><trkpt lat="41.797025155" lon="9.231189193" /><trkpt lat="41.797028362" lon="9.231206665" /><trkpt lat="41.797031472" lon="9.231224135" /><trkpt lat="41.797034464" lon="9.231241583" /><trkpt lat="41.797037318" lon="9.231258995" /><trkpt lat="41.797040012" lon="9.231276352" /><trkpt lat="41.797042527" lon="9.231293637" /><trkpt lat="41.797044841" lon="9.231310834" /><trkpt lat="41.797046934" lon="9.231327924" /><trkpt lat="41.797048785" lon="9.231344891" /><trkpt lat="41.797050374" lon="9.231361718" /><trkpt lat="41.797051679" lon="9.231378388" /><trkpt lat="41.797052680" lon="9.231394883" /><trkpt lat="41.797053357" lon="9.231411187" /><trkpt lat="41.797053689" lon="9.231427282" /><trkpt lat="41.797053655" lon="9.231443151" /><trkpt lat="41.797053234" lon="9.231458777" /><trkpt lat="41.797052406" lon="9.231474143" /><trkpt lat="41.797051150" lon="9.231489232" /><trkpt lat="41.797049446" lon="9.231504026" /><trkpt lat="41.797047272" lon="9.231518508" /><trkpt lat="41.797044608" lon="9.231532662" /><trkpt lat="41.797041434" lon="9.231546471" /><trkpt lat="41.797037729" lon="9.231559916" /><trkpt lat="41.797033471" lon="9.231572981" /><trkpt lat="41.797028641" lon="9.231585649" /><trkpt lat="41.797023218" lon="9.231597903" /><trkpt lat="41.797017181" lon="9.231609725" /><trkpt lat="41.797010509" lon="9.231621099" /><trkpt lat="41.797003182" lon="9.231632007" /><trkpt lat="41.796995179" lon="9.231642432" /><trkpt lat="41.796986479" lon="9.231652357" /><trkpt lat="41.796977063" lon="9.231661765" /><trkpt lat="41.796966908" lon="9.231670639" /><trkpt lat="41.796955994" lon="9.231678961" /><trkpt lat="41.796944301" lon="9.231686715" /><trkpt lat="41.796931808" lon="9.231693884" /><trkpt lat="41.796918495" lon="9.231700449" /><trkpt lat="41.796898943" lon="9.231709386" /><trkpt lat="41.796880133" lon="9.231718054" /><trkpt lat="41.796862036" lon="9.231726496" /><trkpt lat="41.796844624" lon="9.231734755" /><trkpt lat="41.796827868" lon="9.231742875" /><trkpt lat="41.796811740" lon="9.231750897" /><trkpt lat="41.796796212" lon="9.231758864" /><trkpt lat="41.796781255" lon="9.231766820" /><trkpt lat="41.796766842" lon="9.231774806" /><trkpt lat="41.796752943" lon="9.231782866" /><trkpt lat="41.796739531" lon="9.231791043" /><trkpt lat="41.796726578" lon="9.231799379" /><trkpt lat="41.796714054" lon="9.231807917" /><trkpt lat="41.796701932" lon="9.231816699" /><trkpt lat="41.796690183" lon="9.231825769" /><trkpt lat="41.796678779" lon="9.231835170" /><trkpt lat="41.796667692" lon="9.231844943" /><trkpt lat="41.796656893" lon="9.231855133" /><trkpt lat="41.796646354" lon="9.231865781" /><trkpt lat="41.796636047" lon="9.231876930" /><trkpt lat="41.796625944" lon="9.231888623" /><trkpt lat="41.796616015" lon="9.231900904" /><trkpt lat="41.796606234" lon="9.231913813" /><trkpt lat="41.796596571" lon="9.231927396" /><trkpt lat="41.796586998" lon="9.231941693" /><trkpt lat="41.796577487" lon="9.231956749" /><trkpt lat="41.796568009" lon="9.231972605" /><trkpt lat="41.796558537" lon="9.231989304" /><trkpt lat="41.796549042" lon="9.232006890" /><trkpt lat="41.796539495" lon="9.232025405" /><trkpt lat="41.796529869" lon="9.232044892" /><trkpt lat="41.796521104" lon="9.232062895" /><trkpt lat="41.796512438" lon="9.232080453" /><trkpt lat="41.796503843" lon="9.232097556" /><trkpt lat="41.796495292" lon="9.232114194" /><trkpt lat="41.796486760" lon="9.232130358" /><trkpt lat="41.796478219" lon="9.232146038" /><trkpt lat="41.796469644" lon="9.232161224" /><trkpt lat="41.796461006" lon="9.232175908" /><trkpt lat="41.796452281" lon="9.232190079" /><trkpt lat="41.796443441" lon="9.232203727" /><trkpt lat="41.796434460" lon="9.232216844" /><trkpt lat="41.796425312" lon="9.232229420" /><trkpt lat="41.796415969" lon="9.232241445" /><trkpt lat="41.796406405" lon="9.232252910" /><trkpt lat="41.796396595" lon="9.232263805" /><trkpt lat="41.796386510" lon="9.232274120" /><trkpt lat="41.796376125" lon="9.232283846" /><trkpt lat="41.796365413" lon="9.232292974" /><trkpt lat="41.796354347" lon="9.232301493" /><trkpt lat="41.796342902" lon="9.232309395" /><trkpt lat="41.796331050" lon="9.232316669" /><trkpt lat="41.796318764" lon="9.232323306" /><trkpt lat="41.796306019" lon="9.232329297" /><trkpt lat="41.796292788" lon="9.232334632" /><trkpt lat="41.796279045" lon="9.232339302" /><trkpt lat="41.796264762" lon="9.232343296" /><trkpt lat="41.796249913" lon="9.232346606" /><trkpt lat="41.796234471" lon="9.232349221" /><trkpt lat="41.796218411" lon="9.232351133" /><trkpt lat="41.796201705" lon="9.232352331" /><trkpt lat="41.796184328" lon="9.232352806" /><trkpt lat="41.796166252" lon="9.232352549" /><trkpt lat="41.796147450" lon="9.232351549" /><trkpt lat="41.796127897" lon="9.232349798" /><trkpt lat="41.796105586" lon="9.232347510" /><trkpt lat="41.796083839" lon="9.232345477" /><trkpt lat="41.796062645" lon="9.232343704" /><trkpt lat="41.796041995" lon="9.232342196" /><trkpt lat="41.796021879" lon="9.232340957" /><trkpt lat="41.796002288" lon="9.232339992" /><trkpt lat="41.795983211" lon="9.232339306" /><trkpt lat="41.795964639" lon="9.232338904" /><trkpt lat="41.795946561" lon="9.232338791" /><trkpt lat="41.795928970" lon="9.232338970" /><trkpt lat="41.795911853" lon="9.232339448" /><trkpt lat="41.795895203" lon="9.232340228" /><trkpt lat="41.795879008" lon="9.232341316" /><trkpt lat="41.795863259" lon="9.232342717" /><trkpt lat="41.795847947" lon="9.232344434" /><trkpt lat="41.795833061" lon="9.232346473" /><trkpt lat="41.795818592" lon="9.232348839" /><trkpt lat="41.795804530" lon="9.232351536" /><trkpt lat="41.795790866" lon="9.232354570" /><trkpt lat="41.795777589" lon="9.232357944" /><trkpt lat="41.795764689" lon="9.232361664" /><trkpt lat="41.795752158" lon="9.232365735" /><trkpt lat="41.795739984" lon="9.232370161" /><trkpt lat="41.795728159" lon="9.232374947" /><trkpt lat="41.795716673" lon="9.232380097" /><trkpt lat="41.795705516" lon="9.232385618" /><trkpt lat="41.795694677" lon="9.232391512" /><trkpt lat="41.795684148" lon="9.232397786" /><trkpt lat="41.795673918" lon="9.232404443" /><trkpt lat="41.795663978" lon="9.232411489" /><trkpt lat="41.795654043" lon="9.232418413" /><trkpt lat="41.795643846" lon="9.232424708" /><trkpt lat="41.795633404" lon="9.232430391" /><trkpt lat="41.795622736" lon="9.232435474" /><trkpt lat="41.795611860" lon="9.232439972" /><trkpt lat="41.795600792" lon="9.232443899" /><trkpt lat="41.795589551" lon="9.232447269" /><trkpt lat="41.795578155" lon="9.232450097" /><trkpt lat="41.795566621" lon="9.232452396" /><trkpt lat="41.795554967" lon="9.232454181" /><trkpt lat="41.795543211" lon="9.232455466" /><trkpt lat="41.795531370" lon="9.232456265" /><trkpt lat="41.795519463" lon="9.232456593" /><trkpt lat="41.795507507" lon="9.232456463" /><trkpt lat="41.795495520" lon="9.232455890" /><trkpt lat="41.795483520" lon="9.232454887" /><trkpt lat="41.795471524" lon="9.232453470" /><trkpt lat="41.795459550" lon="9.232451651" /><trkpt lat="41.795447616" lon="9.232449447" /><trkpt lat="41.795435740" lon="9.232446869" /><trkpt lat="41.795423940" lon="9.232443934" /><trkpt lat="41.795412232" lon="9.232440654" /><trkpt lat="41.795400636" lon="9.232437044" /><trkpt lat="41.795389169" lon="9.232433119" /><trkpt lat="41.795377848" lon="9.232428892" /><trkpt lat="41.795366691" lon="9.232424378" /><trkpt lat="41.795355716" lon="9.232419590" /><trkpt lat="41.795344941" lon="9.232414544" /><trkpt lat="41.795334384" lon="9.232409253" /><trkpt lat="41.795324062" lon="9.232403731" /><trkpt lat="41.795313816" lon="9.232397974" /><trkpt lat="41.795303470" lon="9.232391999" /><trkpt lat="41.795293015" lon="9.232385852" /><trkpt lat="41.795282442" lon="9.232379576" /><trkpt lat="41.795271744" lon="9.232373217" /><trkpt lat="41.795260910" lon="9.232366820" /><trkpt lat="41.795249934" lon="9.232360429" /><trkpt lat="41.795238806" lon="9.232354091" /><trkpt lat="41.795227517" lon="9.232347849" /><trkpt lat="41.795216060" lon="9.232341748" /><trkpt lat="41.795204426" lon="9.232335834" /><trkpt lat="41.795192606" lon="9.232330152" /><trkpt lat="41.795180591" lon="9.232324746" /><trkpt lat="41.795168374" lon="9.232319661" /><trkpt lat="41.795155945" lon="9.232314943" /><trkpt lat="41.795143296" lon="9.232310636" /><trkpt lat="41.795130419" lon="9.232306785" /><trkpt lat="41.795117304" lon="9.232303435" /><trkpt lat="41.795103944" lon="9.232300631" /><trkpt lat="41.795090330" lon="9.232298419" /><trkpt lat="41.795076454" lon="9.232296842" /><trkpt lat="41.795062306" lon="9.232295947" /><trkpt lat="41.795047878" lon="9.232295777" /><trkpt lat="41.795033162" lon="9.232296378" /><trkpt lat="41.795018149" lon="9.232297796" /><trkpt lat="41.795002831" lon="9.232300073" /><trkpt lat="41.794987200" lon="9.232303257" /><trkpt lat="41.794971245" lon="9.232307391" /><trkpt lat="41.794954960" lon="9.232312521" /><trkpt lat="41.794938336" lon="9.232318691" /><trkpt lat="41.794921569" lon="9.232324959" /><trkpt lat="41.794904884" lon="9.232330356" /><trkpt lat="41.794888308" lon="9.232334886" /><trkpt lat="41.794871867" lon="9.232338554" /><trkpt lat="41.794855590" lon="9.232341365" /><trkpt lat="41.794839503" lon="9.232343324" /><trkpt lat="41.794823636" lon="9.232344436" /><trkpt lat="41.794808014" lon="9.232344704" /><trkpt lat="41.794792667" lon="9.232344134" /><trkpt lat="41.794777620" lon="9.232342731" /><trkpt lat="41.794762903" lon="9.232340500" /><trkpt lat="41.794748542" lon="9.232337445" /><trkpt lat="41.794734564" lon="9.232333571" /><trkpt lat="41.794720999" lon="9.232328882" /><trkpt lat="41.794707872" lon="9.232323385" /><trkpt lat="41.794695212" lon="9.232317082" /><trkpt lat="41.794683046" lon="9.232309980" /><trkpt lat="41.794671402" lon="9.232302083" /><trkpt lat="41.794660307" lon="9.232293395" /><trkpt lat="41.794649788" lon="9.232283922" /><trkpt lat="41.794639874" lon="9.232273667" /><trkpt lat="41.794630592" lon="9.232262637" /><trkpt lat="41.794621970" lon="9.232250836" /><trkpt lat="41.794614034" lon="9.232238268" /><trkpt lat="41.794606813" lon="9.232224938" /><trkpt lat="41.794600335" lon="9.232210851" /><trkpt lat="41.794594625" lon="9.232196012" /><trkpt lat="41.794589713" lon="9.232180426" /><trkpt lat="41.794585626" lon="9.232164097" /><trkpt lat="41.794582391" lon="9.232147030" /><trkpt lat="41.794579797" lon="9.232130718" /><trkpt lat="41.794577292" lon="9.232114483" /><trkpt lat="41.794574918" lon="9.232098336" /><trkpt lat="41.794572717" lon="9.232082290" /><trkpt lat="41.794570732" lon="9.232066358" /><trkpt lat="41.794569003" lon="9.232050552" /><trkpt lat="41.794567575" lon="9.232034887" /><trkpt lat="41.794566488" lon="9.232019373" /><trkpt lat="41.794565784" lon="9.232004025" /><trkpt lat="41.794565507" lon="9.231988854" /><trkpt lat="41.794565697" lon="9.231973874" /><trkpt lat="41.794566398" lon="9.231959097" /><trkpt lat="41.794567650" lon="9.231944536" /><trkpt lat="41.794569497" lon="9.231930204" /><trkpt lat="41.794571981" lon="9.231916114" /><trkpt lat="41.794575142" lon="9.231902278" /><trkpt lat="41.794579025" lon="9.231888709" /><trkpt lat="41.794583670" lon="9.231875420" /><trkpt lat="41.794589120" lon="9.231862424" /><trkpt lat="41.794595417" lon="9.231849734" /><trkpt lat="41.794602602" lon="9.231837362" /><trkpt lat="41.794610719" lon="9.231825320" /><trkpt lat="41.794619810" lon="9.231813623" /><trkpt lat="41.794629915" lon="9.231802282" /><trkpt lat="41.794641078" lon="9.231791310" /><trkpt lat="41.794653341" lon="9.231780721" /><trkpt lat="41.794666745" lon="9.231770526" /><trkpt lat="41.794681333" lon="9.231760739" /><trkpt lat="41.794697147" lon="9.231751372" /><trkpt lat="41.794714229" lon="9.231742439" /><trkpt lat="41.794732621" lon="9.231733951" /><trkpt lat="41.794752365" lon="9.231725923" /><trkpt lat="41.794768429" lon="9.231719899" /><trkpt lat="41.794784711" lon="9.231713990" /><trkpt lat="41.794801195" lon="9.231708187" /><trkpt lat="41.794817864" lon="9.231702478" /><trkpt lat="41.794834701" lon="9.231696854" /><trkpt lat="41.794851689" lon="9.231691306" /><trkpt lat="41.794868811" lon="9.231685823" /><trkpt lat="41.794886051" lon="9.231680396" /><trkpt lat="41.794903391" lon="9.231675015" /><trkpt lat="41.794920815" lon="9.231669671" /><trkpt lat="41.794938305" lon="9.231664352" /><trkpt lat="41.794955845" lon="9.231659051" /><trkpt lat="41.794973418" lon="9.231653756" /><trkpt lat="41.794991007" lon="9.231648458" /><trkpt lat="41.795008595" lon="9.231643147" /><trkpt lat="41.795026165" lon="9.231637814" /><trkpt lat="41.795043701" lon="9.231632448" /><trkpt lat="41.795061185" lon="9.231627040" /><trkpt lat="41.795078600" lon="9.231621579" /><trkpt lat="41.795095931" lon="9.231616057" /><trkpt lat="41.795113159" lon="9.231610463" /><trkpt lat="41.795130268" lon="9.231604788" /><trkpt lat="41.795147241" lon="9.231599022" /><trkpt lat="41.795164061" lon="9.231593154" /><trkpt lat="41.795180712" lon="9.231587175" /><trkpt lat="41.795197176" lon="9.231581076" /><trkpt lat="41.795213436" lon="9.231574846" /><trkpt lat="41.795229476" lon="9.231568476" /><trkpt lat="41.795245279" lon="9.231561956" /><trkpt lat="41.795260828" lon="9.231555275" /><trkpt lat="41.795276105" lon="9.231548425" /><trkpt lat="41.795291095" lon="9.231541396" /><trkpt lat="41.795305780" lon="9.231534177" /><trkpt lat="41.795320143" lon="9.231526758" /><trkpt lat="41.795334167" lon="9.231519131" /><trkpt lat="41.795347836" lon="9.231511285" /><trkpt lat="41.795361133" lon="9.231503211" /><trkpt lat="41.795374040" lon="9.231494898" /><trkpt lat="41.795386542" lon="9.231486337" /><trkpt lat="41.795398620" lon="9.231477518" /><trkpt lat="41.795410258" lon="9.231468431" /><trkpt lat="41.795425538" lon="9.231456210" /><trkpt lat="41.795440205" lon="9.231444734" /><trkpt lat="41.795454294" lon="9.231433963" /><trkpt lat="41.795467839" lon="9.231423855" /><trkpt lat="41.795480874" lon="9.231414371" /><trkpt lat="41.795493433" lon="9.231405470" /><trkpt lat="41.795505551" lon="9.231397111" /><trkpt lat="41.795517261" lon="9.231389255" /><trkpt lat="41.795528599" lon="9.231381860" /><trkpt lat="41.795539598" lon="9.231374887" /><trkpt lat="41.795550293" lon="9.231368295" /><trkpt lat="41.795560717" lon="9.231362043" /><trkpt lat="41.795570905" lon="9.231356091" /><trkpt lat="41.795580892" lon="9.231350399" /><trkpt lat="41.795590711" lon="9.231344926" /><trkpt lat="41.795600396" lon="9.231339632" /><trkpt lat="41.795609983" lon="9.231334476" /><trkpt lat="41.795619505" lon="9.231329419" /><trkpt lat="41.795628996" lon="9.231324418" /><trkpt lat="41.795638490" lon="9.231319435" /><trkpt lat="41.795648023" lon="9.231314429" /><trkpt lat="41.795657628" lon="9.231309359" /><trkpt lat="41.795667339" lon="9.231304185" /><trkpt lat="41.795677190" lon="9.231298866" /><trkpt lat="41.795687216" lon="9.231293363" /><trkpt lat="41.795697451" lon="9.231287634" /><trkpt lat="41.795707930" lon="9.231281639" /><trkpt lat="41.795718686" lon="9.231275338" /><trkpt lat="41.795729754" lon="9.231268690" /><trkpt lat="41.795741167" lon="9.231261655" /><trkpt lat="41.795749509" lon="9.231255910" /><trkpt lat="41.795757555" lon="9.231249294" /><trkpt lat="41.795765300" lon="9.231241837" /><trkpt lat="41.795772734" lon="9.231233569" /><trkpt lat="41.795779852" lon="9.231224519" /><trkpt lat="41.795786646" lon="9.231214718" /><trkpt lat="41.795793107" lon="9.231204195" /><trkpt lat="41.795799230" lon="9.231192981" /><trkpt lat="41.795805006" lon="9.231181105" /><trkpt lat="41.795810428" lon="9.231168597" /><trkpt lat="41.795815489" lon="9.231155488" /><trkpt lat="41.795820181" lon="9.231141807" /><trkpt lat="41.795824497" lon="9.231127584" /><trkpt lat="41.795828429" lon="9.231112849" /><trkpt lat="41.795831971" lon="9.231097633" /><trkpt lat="41.795835114" lon="9.231081964" /><trkpt lat="41.795837851" lon="9.231065874" /><trkpt lat="41.795840176" lon="9.231049391" /><trkpt lat="41.795842080" lon="9.231032546" /><trkpt lat="41.795843556" lon="9.231015370" /><trkpt lat="41.795844597" lon="9.230997891" /><trkpt lat="41.795845195" lon="9.230980140" /><trkpt lat="41.795845343" lon="9.230962146" /><trkpt lat="41.795845034" lon="9.230943940" /><trkpt lat="41.795844260" lon="9.230925552" /><trkpt lat="41.795843014" lon="9.230907012" /><trkpt lat="41.795841288" lon="9.230888348" /><trkpt lat="41.795839075" lon="9.230869593" /><trkpt lat="41.795836368" lon="9.230850775" /><trkpt lat="41.795833159" lon="9.230831924" /><trkpt lat="41.795829441" lon="9.230813070" /><trkpt lat="41.795825206" lon="9.230794244" /><trkpt lat="41.795820447" lon="9.230775475" /><trkpt lat="41.795815157" lon="9.230756793" /><trkpt lat="41.795809328" lon="9.230738229" /><trkpt lat="41.795802953" lon="9.230719811" /><trkpt lat="41.795796025" lon="9.230701570" /><trkpt lat="41.795788535" lon="9.230683537" /><trkpt lat="41.795780478" lon="9.230665740" /><trkpt lat="41.795771844" lon="9.230648210" /><trkpt lat="41.795762628" lon="9.230630977" /><trkpt lat="41.795752767" lon="9.230613023" /><trkpt lat="41.795743183" lon="9.230595064" /><trkpt lat="41.795733873" lon="9.230577108" /><trkpt lat="41.795724839" lon="9.230559161" /><trkpt lat="41.795716079" lon="9.230541230" /><trkpt lat="41.795707593" lon="9.230523320" /><trkpt lat="41.795699381" lon="9.230505439" /><trkpt lat="41.795691442" lon="9.230487593" /><trkpt lat="41.795683776" lon="9.230469788" /><trkpt lat="41.795676382" lon="9.230452032" /><trkpt lat="41.795669260" lon="9.230434330" /><trkpt lat="41.795662410" lon="9.230416689" /><trkpt lat="41.795655831" lon="9.230399115" /><trkpt lat="41.795649523" lon="9.230381616" /><trkpt lat="41.795643486" lon="9.230364197" /><trkpt lat="41.795637718" lon="9.230346865" /><trkpt lat="41.795632220" lon="9.230329627" /><trkpt lat="41.795626991" lon="9.230312489" /><trkpt lat="41.795622032" lon="9.230295458" /><trkpt lat="41.795617340" lon="9.230278539" /><trkpt lat="41.795612917" lon="9.230261741" /><trkpt lat="41.795608761" lon="9.230245068" /><trkpt lat="41.795604872" lon="9.230228529" /><trkpt lat="41.795601250" lon="9.230212128" /><trkpt lat="41.795597894" lon="9.230195873" /><trkpt lat="41.795594805" lon="9.230179770" /><trkpt lat="41.795591981" lon="9.230163826" /><trkpt lat="41.795589422" lon="9.230148047" /><trkpt lat="41.795587128" lon="9.230132440" /><trkpt lat="41.795585098" lon="9.230117011" /><trkpt lat="41.795583332" lon="9.230101767" /><trkpt lat="41.795581830" lon="9.230086715" /><trkpt lat="41.795580591" lon="9.230071860" /><trkpt lat="41.795579614" lon="9.230057209" /><trkpt lat="41.795578900" lon="9.230042769" /><trkpt lat="41.795578448" lon="9.230028546" /><trkpt lat="41.795578257" lon="9.230014547" /><trkpt lat="41.795578328" lon="9.230000779" /><trkpt lat="41.795578659" lon="9.229987247" /><trkpt lat="41.795579325" lon="9.229970184" /><trkpt lat="41.795580146" lon="9.229953848" /><trkpt lat="41.795581157" lon="9.229938214" /><trkpt lat="41.795582393" lon="9.229923257" /><trkpt lat="41.795583890" lon="9.229908954" /><trkpt lat="41.795585682" lon="9.229895280" /><trkpt lat="41.795587805" lon="9.229882209" /><trkpt lat="41.795590293" lon="9.229869719" /><trkpt lat="41.795593183" lon="9.229857785" /><trkpt lat="41.795596508" lon="9.229846381" /><trkpt lat="41.795600304" lon="9.229835485" /><trkpt lat="41.795604607" lon="9.229825070" /><trkpt lat="41.795609450" lon="9.229815113" /><trkpt lat="41.795614870" lon="9.229805590" /><trkpt lat="41.795620902" lon="9.229796475" /><trkpt lat="41.795627580" lon="9.229787745" /><trkpt lat="41.795634940" lon="9.229779375" /><trkpt lat="41.795643016" lon="9.229771340" /><trkpt lat="41.795651845" lon="9.229763617" /><trkpt lat="41.795661460" lon="9.229756180" /><trkpt lat="41.795671897" lon="9.229749005" /><trkpt lat="41.795683192" lon="9.229742069" /><trkpt lat="41.795695379" lon="9.229735345" /><trkpt lat="41.795708493" lon="9.229728811" /><trkpt lat="41.795722570" lon="9.229722441" /><trkpt lat="41.795737644" lon="9.229716211" /><trkpt lat="41.795753751" lon="9.229710097" /><trkpt lat="41.795770926" lon="9.229704074" /><trkpt lat="41.795789204" lon="9.229698118" /><trkpt lat="41.795808620" lon="9.229692204" /><trkpt lat="41.795826258" lon="9.229686564" /><trkpt lat="41.795842837" lon="9.229680379" /><trkpt lat="41.795858392" lon="9.229673656" /><trkpt lat="41.795872957" lon="9.229666402" /><trkpt lat="41.795886568" lon="9.229658626" /><trkpt lat="41.795899258" lon="9.229650334" /><trkpt lat="41.795911061" lon="9.229641535" /><trkpt lat="41.795922014" lon="9.229632235" /><trkpt lat="41.795932150" lon="9.229622442" /><trkpt lat="41.795941503" lon="9.229612165" /><trkpt lat="41.795950108" lon="9.229601409" /><trkpt lat="41.795958000" lon="9.229590184" /><trkpt lat="41.795965214" lon="9.229578496" /><trkpt lat="41.795971783" lon="9.229566353" /><trkpt lat="41.795977742" lon="9.229553763" /><trkpt lat="41.795983127" lon="9.229540733" /><trkpt lat="41.795987970" lon="9.229527271" /><trkpt lat="41.795992308" lon="9.229513383" /><trkpt lat="41.795996174" lon="9.229499079" /><trkpt lat="41.795999603" lon="9.229484365" /><trkpt lat="41.796002630" lon="9.229469248" /><trkpt lat="41.796005289" lon="9.229453737" /><trkpt lat="41.796007615" lon="9.229437839" /><trkpt lat="41.796009641" lon="9.229421562" /><trkpt lat="41.796011404" lon="9.229404912" /><trkpt lat="41.796012936" lon="9.229387898" /><trkpt lat="41.796014274" lon="9.229370528" /><trkpt lat="41.796015450" lon="9.229352807" /><trkpt lat="41.796016501" lon="9.229334745" /><trkpt lat="41.796017460" lon="9.229316349" /><trkpt lat="41.796018362" lon="9.229297626" /><trkpt lat="41.796019241" lon="9.229278584" /><trkpt lat="41.796020132" lon="9.229259230" /><trkpt lat="41.796021111" lon="9.229238220" /><trkpt lat="41.796022068" lon="9.229218072" /><trkpt lat="41.796023034" lon="9.229198736" /><trkpt lat="41.796024042" lon="9.229180161" /><trkpt lat="41.796025122" lon="9.229162298" /><trkpt lat="41.796026307" lon="9.229145097" /><trkpt lat="41.796027628" lon="9.229128507" /><trkpt lat="41.796029117" lon="9.229112479" /><trkpt lat="41.796030805" lon="9.229096962" /><trkpt lat="41.796032723" lon="9.229081907" /><trkpt lat="41.796034903" lon="9.229067262" /><trkpt lat="41.796037377" lon="9.229052979" /><trkpt lat="41.796040177" lon="9.229039007" /><trkpt lat="41.796043333" lon="9.229025297" /><trkpt lat="41.796046878" lon="9.229011797" /><trkpt lat="41.796050842" lon="9.228998458" /><trkpt lat="41.796055258" lon="9.228985230" /><trkpt lat="41.796060157" lon="9.228972062" /><trkpt lat="41.796065571" lon="9.228958906" /><trkpt lat="41.796071531" lon="9.228945710" /><trkpt lat="41.796078068" lon="9.228932425" /><trkpt lat="41.796085215" lon="9.228919000" /><trkpt lat="41.796093002" lon="9.228905386" /><trkpt lat="41.796101462" lon="9.228891532" /><trkpt lat="41.796110626" lon="9.228877388" /><trkpt lat="41.796120525" lon="9.228862905" /><trkpt lat="41.796131191" lon="9.228848032" /><trkpt lat="41.796142655" lon="9.228832719" /><trkpt lat="41.796154950" lon="9.228816916" /><trkpt lat="41.796168106" lon="9.228800573" /><trkpt lat="41.796181354" lon="9.228784138" /><trkpt lat="41.796193934" lon="9.228768076" /><trkpt lat="41.796205889" lon="9.228752359" /><trkpt lat="41.796217264" lon="9.228736958" /><trkpt lat="41.796228103" lon="9.228721845" /><trkpt lat="41.796238452" lon="9.228706994" /><trkpt lat="41.796248354" lon="9.228692375" /><trkpt lat="41.796257853" lon="9.228677961" /><trkpt lat="41.796266995" lon="9.228663725" /><trkpt lat="41.796275823" lon="9.228649638" /><trkpt lat="41.796284383" lon="9.228635672" /><trkpt lat="41.796292718" lon="9.228621800" /><trkpt lat="41.796300873" lon="9.228607994" /><trkpt lat="41.796308893" lon="9.228594225" /><trkpt lat="41.796316821" lon="9.228580467" /><trkpt lat="41.796324703" lon="9.228566690" /><trkpt lat="41.796332583" lon="9.228552868" /><trkpt lat="41.796340504" lon="9.228538972" /><trkpt lat="41.796348513" lon="9.228524975" /><trkpt lat="41.796356653" lon="9.228510849" /><trkpt lat="41.796364968" lon="9.228496565" /><trkpt lat="41.796373503" lon="9.228482096" /><trkpt lat="41.796382302" lon="9.228467414" /><trkpt lat="41.796391411" lon="9.228452491" /><trkpt lat="41.796400873" lon="9.228437300" /><trkpt lat="41.796410732" lon="9.228421812" /><trkpt lat="41.796421034" lon="9.228406000" /><trkpt lat="41.796431823" lon="9.228389835" /><trkpt lat="41.796443142" lon="9.228373290" /><trkpt lat="41.796455038" lon="9.228356338" /><trkpt lat="41.796466884" lon="9.228339875" /><trkpt lat="41.796478808" lon="9.228323706" /><trkpt lat="41.796490800" lon="9.228307825" /><trkpt lat="41.796502851" lon="9.228292225" /><trkpt lat="41.796514950" lon="9.228276897" /><trkpt lat="41.796527088" lon="9.228261836" /><trkpt lat="41.796539256" lon="9.228247035" /><trkpt lat="41.796551444" lon="9.228232485" /><trkpt lat="41.796563641" lon="9.228218181" /><trkpt lat="41.796575839" lon="9.228204115" /><trkpt lat="41.796588028" lon="9.228190280" /><trkpt lat="41.796600198" lon="9.228176670" /><trkpt lat="41.796612339" lon="9.228163276" /><trkpt lat="41.796624442" lon="9.228150093" /><trkpt lat="41.796636497" lon="9.228137113" /><trkpt lat="41.796648494" lon="9.228124329" /><trkpt lat="41.796660424" lon="9.228111734" /><trkpt lat="41.796672277" lon="9.228099321" /><trkpt lat="41.796684044" lon="9.228087083" /><trkpt lat="41.796695714" lon="9.228075013" /><trkpt lat="41.796707278" lon="9.228063104" /><trkpt lat="41.796718727" lon="9.228051349" /><trkpt lat="41.796730051" lon="9.228039741" /><trkpt lat="41.796741240" lon="9.228028273" /><trkpt lat="41.796752284" lon="9.228016938" /><trkpt lat="41.796763173" lon="9.228005728" /><trkpt lat="41.796773899" lon="9.227994638" /><trkpt lat="41.796784452" lon="9.227983659" /><trkpt lat="41.796794821" lon="9.227972785" /><trkpt lat="41.796804997" lon="9.227962009" /><trkpt lat="41.796814971" lon="9.227951324" /><trkpt lat="41.796824528" lon="9.227940062" /><trkpt lat="41.796832826" lon="9.227928315" /><trkpt lat="41.796839898" lon="9.227916155" /><trkpt lat="41.796845778" lon="9.227903651" /><trkpt lat="41.796850501" lon="9.227890875" /><trkpt lat="41.796854099" lon="9.227877896" /><trkpt lat="41.796856607" lon="9.227864784" /><trkpt lat="41.796858058" lon="9.227851611" /><trkpt lat="41.796858486" lon="9.227838446" /><trkpt lat="41.796857925" lon="9.227825360" /><trkpt lat="41.796856409" lon="9.227812422" /><trkpt lat="41.796853971" lon="9.227799704" /><trkpt lat="41.796850646" lon="9.227787276" /><trkpt lat="41.796846466" lon="9.227775207" /><trkpt lat="41.796841466" lon="9.227763569" /><trkpt lat="41.796835679" lon="9.227752432" /><trkpt lat="41.796829140" lon="9.227741866" /><trkpt lat="41.796821881" lon="9.227731941" /><trkpt lat="41.796813938" lon="9.227722727" /><trkpt lat="41.796805343" lon="9.227714296" /><trkpt lat="41.796796130" lon="9.227706717" /><trkpt lat="41.796786334" lon="9.227700061" /><trkpt lat="41.796775987" lon="9.227694398" /><trkpt lat="41.796765124" lon="9.227689798" /><trkpt lat="41.796753778" lon="9.227686332" /><trkpt lat="41.796741984" lon="9.227684069" /><trkpt lat="41.796729775" lon="9.227683082" /><trkpt lat="41.796717184" lon="9.227683438" /><trkpt lat="41.796704246" lon="9.227685210" /><trkpt lat="41.796690994" lon="9.227688468" /><trkpt lat="41.796677635" lon="9.227692739" /><trkpt lat="41.796664351" lon="9.227697496" /><trkpt lat="41.796651135" lon="9.227702723" /><trkpt lat="41.796637982" lon="9.227708407" /><trkpt lat="41.796624886" lon="9.227714532" /><trkpt lat="41.796611841" lon="9.227721083" /><trkpt lat="41.796598841" lon="9.227728046" /><trkpt lat="41.796585881" lon="9.227735404" /><trkpt lat="41.796572954" lon="9.227743144" /><trkpt lat="41.796560055" lon="9.227751251" /><trkpt lat="41.796547179" lon="9.227759710" /><trkpt lat="41.796534319" lon="9.227768505" /><trkpt lat="41.796521470" lon="9.227777622" /><trkpt lat="41.796508625" lon="9.227787046" /><trkpt lat="41.796495780" lon="9.227796762" /><trkpt lat="41.796482928" lon="9.227806755" /><trkpt lat="41.796470064" lon="9.227817010" /><trkpt lat="41.796457181" lon="9.227827513" /><trkpt lat="41.796444275" lon="9.227838248" /><trkpt lat="41.796431338" lon="9.227849201" /><trkpt lat="41.796418366" lon="9.227860357" /><trkpt lat="41.796405353" lon="9.227871700" /><trkpt lat="41.796392293" lon="9.227883216" /><trkpt lat="41.796379180" lon="9.227894890" /><trkpt lat="41.796366008" lon="9.227906707" /><trkpt lat="41.796352771" lon="9.227918653" /><trkpt lat="41.796339465" lon="9.227930711" /><trkpt lat="41.796326082" lon="9.227942868" /><trkpt lat="41.796312618" lon="9.227955108" /><trkpt lat="41.796299066" lon="9.227967417" /><trkpt lat="41.796285618" lon="9.227979712" /><trkpt lat="41.796272450" lon="9.227991914" /><trkpt lat="41.796259539" lon="9.228004011" /><trkpt lat="41.796246860" lon="9.228015993" /><trkpt lat="41.796234387" lon="9.228027851" /><trkpt lat="41.796222096" lon="9.228039572" /><trkpt lat="41.796209963" lon="9.228051147" /><trkpt lat="41.796197961" lon="9.228062566" /><trkpt lat="41.796186067" lon="9.228073817" /><trkpt lat="41.796174255" lon="9.228084889" /><trkpt lat="41.796162501" lon="9.228095773" /><trkpt lat="41.796150779" lon="9.228106459" /><trkpt lat="41.796139065" lon="9.228116934" /><trkpt lat="41.796127335" lon="9.228127189" /><trkpt lat="41.796115563" lon="9.228137213" /><trkpt lat="41.796103724" lon="9.228146996" /><trkpt lat="41.796091793" lon="9.228156527" /><trkpt lat="41.796079746" lon="9.228165795" /><trkpt lat="41.796067558" lon="9.228174790" /><trkpt lat="41.796055204" lon="9.228183502" /><trkpt lat="41.796042659" lon="9.228191919" /><trkpt lat="41.796029898" lon="9.228200032" /><trkpt lat="41.796016896" lon="9.228207829" /><trkpt lat="41.796003630" lon="9.228215300" /><trkpt lat="41.795990072" lon="9.228222435" /><trkpt lat="41.795976200" lon="9.228229223" /><trkpt lat="41.795961987" lon="9.228235654" /><trkpt lat="41.795947410" lon="9.228241716" /><trkpt lat="41.795932443" lon="9.228247400" /><trkpt lat="41.795917061" lon="9.228252694" /><trkpt lat="41.795901448" lon="9.228257618" /><trkpt lat="41.795885814" lon="9.228262228" /><trkpt lat="41.795870180" lon="9.228266566" /><trkpt lat="41.795854566" lon="9.228270675" /><trkpt lat="41.795838992" lon="9.228274599" /><trkpt lat="41.795823478" lon="9.228278379" /><trkpt lat="41.795808044" lon="9.228282059" /><trkpt lat="41.795792710" lon="9.228285682" /><trkpt lat="41.795777496" lon="9.228289290" /><trkpt lat="41.795762422" lon="9.228292927" /><trkpt lat="41.795747508" lon="9.228296636" /><trkpt lat="41.795732774" lon="9.228300459" /><trkpt lat="41.795718240" lon="9.228304439" /><trkpt lat="41.795703925" lon="9.228308620" /><trkpt lat="41.795689851" lon="9.228313044" /><trkpt lat="41.795676037" lon="9.228317754" /><trkpt lat="41.795662503" lon="9.228322793" /><trkpt lat="41.795649268" lon="9.228328203" /><trkpt lat="41.795636354" lon="9.228334029" /><trkpt lat="41.795623779" lon="9.228340313" /><trkpt lat="41.795611564" lon="9.228347097" /><trkpt lat="41.795599730" lon="9.228354425" /><trkpt lat="41.795588295" lon="9.228362339" /><trkpt lat="41.795577280" lon="9.228370883" /><trkpt lat="41.795566705" lon="9.228380099" /><trkpt lat="41.795556590" lon="9.228390030" /><trkpt lat="41.795546955" lon="9.228400720" /><trkpt lat="41.795537820" lon="9.228412210" /><trkpt lat="41.795529205" lon="9.228424545" /><trkpt lat="41.795521130" lon="9.228437766" /><trkpt lat="41.795513438" lon="9.228451235" /><trkpt lat="41.795505943" lon="9.228464297" /><trkpt lat="41.795498618" lon="9.228476969" /><trkpt lat="41.795491436" lon="9.228489272" /><trkpt lat="41.795484372" lon="9.228501224" /><trkpt lat="41.795477398" lon="9.228512843" /><trkpt lat="41.795470489" lon="9.228524150" /><trkpt lat="41.795463618" lon="9.228535162" /><trkpt lat="41.795456759" lon="9.228545899" /><trkpt lat="41.795449884" lon="9.228556379" /><trkpt lat="41.795442969" lon="9.228566622" /><trkpt lat="41.795435986" lon="9.228576646" /><trkpt lat="41.795428908" lon="9.228586470" /><trkpt lat="41.795421711" lon="9.228596114" /><trkpt lat="41.795414366" lon="9.228605595" /><trkpt lat="41.795406848" lon="9.228614933" /><trkpt lat="41.795399130" lon="9.228624148" /><trkpt lat="41.795391186" lon="9.228633257" /><trkpt lat="41.795382990" lon="9.228642279" /><trkpt lat="41.795374515" lon="9.228651235" /><trkpt lat="41.795365734" lon="9.228660141" /><trkpt lat="41.795356622" lon="9.228669018" /><trkpt lat="41.795347151" lon="9.228677885" /><trkpt lat="41.795337296" lon="9.228686759" /><trkpt lat="41.795327030" lon="9.228695661" /><trkpt lat="41.795316326" lon="9.228704609" /><trkpt lat="41.795305159" lon="9.228713621" /><trkpt lat="41.795293501" lon="9.228722717" /><trkpt lat="41.795281326" lon="9.228731916" /><trkpt lat="41.795268609" lon="9.228741237" /><trkpt lat="41.795255426" lon="9.228750519" /><trkpt lat="41.795241907" lon="9.228759561" /><trkpt lat="41.795228102" lon="9.228768319" /><trkpt lat="41.795214060" lon="9.228776750" /><trkpt lat="41.795199833" lon="9.228784811" /><trkpt lat="41.795185471" lon="9.228792457" /><trkpt lat="41.795171023" lon="9.228799645" /><trkpt lat="41.795156540" lon="9.228806332" /><trkpt lat="41.795142072" lon="9.228812474" /><trkpt lat="41.795127669" lon="9.228818028" /><trkpt lat="41.795113382" lon="9.228822950" /><trkpt lat="41.795099261" lon="9.228827196" /><trkpt lat="41.795085355" lon="9.228830724" /><trkpt lat="41.795071716" lon="9.228833490" /><trkpt lat="41.795058393" lon="9.228835450" /><trkpt lat="41.795045437" lon="9.228836560" /><trkpt lat="41.795032898" lon="9.228836777" /><trkpt lat="41.795020825" lon="9.228836058" /><trkpt lat="41.795009270" lon="9.228834360" /><trkpt lat="41.794998283" lon="9.228831637" /><trkpt lat="41.794987913" lon="9.228827848" /><trkpt lat="41.794978211" lon="9.228822949" /><trkpt lat="41.794969227" lon="9.228816895" /><trkpt lat="41.794961011" lon="9.228809644" /><trkpt lat="41.794953614" lon="9.228801152" /><trkpt lat="41.794947085" lon="9.228791376" /><trkpt lat="41.794941476" lon="9.228780271" /><trkpt lat="41.794936836" lon="9.228767795" /><trkpt lat="41.794933215" lon="9.228753904" /><trkpt lat="41.794930664" lon="9.228738555" /><trkpt lat="41.794929233" lon="9.228722625" /><trkpt lat="41.794928898" lon="9.228707012" /><trkpt lat="41.794929592" lon="9.228691705" /><trkpt lat="41.794931252" lon="9.228676688" /><trkpt lat="41.794933812" lon="9.228661950" /><trkpt lat="41.794937207" lon="9.228647478" /><trkpt lat="41.794941373" lon="9.228633257" /><trkpt lat="41.794946244" lon="9.228619276" /><trkpt lat="41.794951757" lon="9.228605520" /><trkpt lat="41.794957845" lon="9.228591977" /><trkpt lat="41.794964444" lon="9.228578634" /><trkpt lat="41.794971489" lon="9.228565477" /><trkpt lat="41.794978916" lon="9.228552494" /><trkpt lat="41.794986659" lon="9.228539671" /><trkpt lat="41.794994654" lon="9.228526996" /><trkpt lat="41.795002835" lon="9.228514454" /><trkpt lat="41.795011138" lon="9.228502034" /><trkpt lat="41.795019497" lon="9.228489721" /><trkpt lat="41.795027849" lon="9.228477503" /><trkpt lat="41.795036128" lon="9.228465367" /><trkpt lat="41.795044269" lon="9.228453299" /><trkpt lat="41.795052208" lon="9.228441287" /><trkpt lat="41.795059879" lon="9.228429317" /><trkpt lat="41.795067218" lon="9.228417376" /><trkpt lat="41.795074159" lon="9.228405452" /><trkpt lat="41.795080638" lon="9.228393530" /><trkpt lat="41.795086591" lon="9.228381598" /><trkpt lat="41.795091951" lon="9.228369643" /><trkpt lat="41.795096655" lon="9.228357652" /><trkpt lat="41.795100636" lon="9.228345611" /></trkseg></trk></gpx>