<?xml version='1.0' encoding='utf-8'?>
<gpx version="1.1" creator="OpenTrack rally2gpx source authoring" xmlns="http://www.topografix.com/GPX/1/1"><metadata><name>SS 15+19 - Leustu</name><link href="https://www.rally-maps.com/Rally-Finland-2019" /><desc>Complete source route; Rally-Maps spline tangents expanded before GPX export. No source elevation is supplied.</desc></metadata><trk><trkseg><trkpt lat="61.951684324" lon="25.320363226" /><trkpt lat="61.951692939" lon="25.320343338" /><trkpt lat="61.951701800" lon="25.320323693" /><trkpt lat="61.951710890" lon="25.320304293" /><trkpt lat="61.951720192" lon="25.320285145" /><trkpt lat="61.951729689" lon="25.320266250" /><trkpt lat="61.951739367" lon="25.320247613" /><trkpt lat="61.951749208" lon="25.320229239" /><trkpt lat="61.951759195" lon="25.320211131" /><trkpt lat="61.951769313" lon="25.320193292" /><trkpt lat="61.951779545" lon="25.320175728" /><trkpt lat="61.951789875" lon="25.320158442" /><trkpt lat="61.951800287" lon="25.320141437" /><trkpt lat="61.951810763" lon="25.320124719" /><trkpt lat="61.951821288" lon="25.320108290" /><trkpt lat="61.951831845" lon="25.320092155" /><trkpt lat="61.951842418" lon="25.320076318" /><trkpt lat="61.951852990" lon="25.320060782" /><trkpt lat="61.951863545" lon="25.320045552" /><trkpt lat="61.951874068" lon="25.320030631" /><trkpt lat="61.951884540" lon="25.320016024" /><trkpt lat="61.951894947" lon="25.320001735" /><trkpt lat="61.951905271" lon="25.319987767" /><trkpt lat="61.951915496" lon="25.319974124" /><trkpt lat="61.951925607" lon="25.319960810" /><trkpt lat="61.951935585" lon="25.319947830" /><trkpt lat="61.951945416" lon="25.319935187" /><trkpt lat="61.951955083" lon="25.319922885" /><trkpt lat="61.951964568" lon="25.319910928" /><trkpt lat="61.951973857" lon="25.319899320" /><trkpt lat="61.951982933" lon="25.319888065" /><trkpt lat="61.951991778" lon="25.319877167" /><trkpt lat="61.952000378" lon="25.319866630" /><trkpt lat="61.952008715" lon="25.319856458" /><trkpt lat="61.952016773" lon="25.319846655" /><trkpt lat="61.952024536" lon="25.319837224" /><trkpt lat="61.952031987" lon="25.319828170" /><trkpt lat="61.952039110" lon="25.319819497" /><trkpt lat="61.952046463" lon="25.319810436" /><trkpt lat="61.952054213" lon="25.319800708" /><trkpt lat="61.952062341" lon="25.319790347" /><trkpt lat="61.952070824" lon="25.319779384" /><trkpt lat="61.952079643" lon="25.319767852" /><trkpt lat="61.952088776" lon="25.319755785" /><trkpt lat="61.952098203" lon="25.319743214" /><trkpt lat="61.952107903" lon="25.319730173" /><trkpt lat="61.952117854" lon="25.319716694" /><trkpt lat="61.952128037" lon="25.319702809" /><trkpt lat="61.952138431" lon="25.319688551" /><trkpt lat="61.952149013" lon="25.319673954" /><trkpt lat="61.952159765" lon="25.319659048" /><trkpt lat="61.952170664" lon="25.319643868" /><trkpt lat="61.952181691" lon="25.319628446" /><trkpt lat="61.952192824" lon="25.319612814" /><trkpt lat="61.952204042" lon="25.319597004" /><trkpt lat="61.952215325" lon="25.319581051" /><trkpt lat="61.952226651" lon="25.319564986" /><trkpt lat="61.952238001" lon="25.319548841" /><trkpt lat="61.952249353" lon="25.319532650" /><trkpt lat="61.952260686" lon="25.319516445" /><trkpt lat="61.952271979" lon="25.319500259" /><trkpt lat="61.952283212" lon="25.319484125" /><trkpt lat="61.952294365" lon="25.319468074" /><trkpt lat="61.952305415" lon="25.319452140" /><trkpt lat="61.952316342" lon="25.319436356" /><trkpt lat="61.952327126" lon="25.319420753" /><trkpt lat="61.952337745" lon="25.319405364" /><trkpt lat="61.952348179" lon="25.319390223" /><trkpt lat="61.952358407" lon="25.319375362" /><trkpt lat="61.952368408" lon="25.319360813" /><trkpt lat="61.952378161" lon="25.319346609" /><trkpt lat="61.952387646" lon="25.319332783" /><trkpt lat="61.952396842" lon="25.319319368" /><trkpt lat="61.952405727" lon="25.319306395" /><trkpt lat="61.952414545" lon="25.319293472" /><trkpt lat="61.952423542" lon="25.319280200" /><trkpt lat="61.952432707" lon="25.319266596" /><trkpt lat="61.952442024" lon="25.319252681" /><trkpt lat="61.952451480" lon="25.319238474" /><trkpt lat="61.952461062" lon="25.319223995" /><trkpt lat="61.952470757" lon="25.319209263" /><trkpt lat="61.952480551" lon="25.319194298" /><trkpt lat="61.952490430" lon="25.319179119" /><trkpt lat="61.952500381" lon="25.319163745" /><trkpt lat="61.952510391" lon="25.319148197" /><trkpt lat="61.952520445" lon="25.319132493" /><trkpt lat="61.952530531" lon="25.319116654" /><trkpt lat="61.952540634" lon="25.319100699" /><trkpt lat="61.952550742" lon="25.319084647" /><trkpt lat="61.952560841" lon="25.319068517" /><trkpt lat="61.952570917" lon="25.319052330" /><trkpt lat="61.952580958" lon="25.319036105" /><trkpt lat="61.952590948" lon="25.319019861" /><trkpt lat="61.952600876" lon="25.319003619" /><trkpt lat="61.952610726" lon="25.318987396" /><trkpt lat="61.952620487" lon="25.318971214" /><trkpt lat="61.952630144" lon="25.318955091" /><trkpt lat="61.952639684" lon="25.318939046" /><trkpt lat="61.952649093" lon="25.318923101" /><trkpt lat="61.952658358" lon="25.318907273" /><trkpt lat="61.952667465" lon="25.318891583" /><trkpt lat="61.952676401" lon="25.318876050" /><trkpt lat="61.952685153" lon="25.318860693" /><trkpt lat="61.952693706" lon="25.318845533" /><trkpt lat="61.952702047" lon="25.318830588" /><trkpt lat="61.952710164" lon="25.318815878" /><trkpt lat="61.952718041" lon="25.318801423" /><trkpt lat="61.952725667" lon="25.318787242" /><trkpt lat="61.952733027" lon="25.318773355" /><trkpt lat="61.952740107" lon="25.318759781" /><trkpt lat="61.952745737" lon="25.318748987" /><trkpt lat="61.952751757" lon="25.318737613" /><trkpt lat="61.952758151" lon="25.318725686" /><trkpt lat="61.952764901" lon="25.318713231" /><trkpt lat="61.952771991" lon="25.318700275" /><trkpt lat="61.952779403" lon="25.318686843" /><trkpt lat="61.952787121" lon="25.318672962" /><trkpt lat="61.952795128" lon="25.318658657" /><trkpt lat="61.952803406" lon="25.318643954" /><trkpt lat="61.952811938" lon="25.318628880" /><trkpt lat="61.952820708" lon="25.318613461" /><trkpt lat="61.952829698" lon="25.318597721" /><trkpt lat="61.952838892" lon="25.318581689" /><trkpt lat="61.952848272" lon="25.318565388" /><trkpt lat="61.952857821" lon="25.318548846" /><trkpt lat="61.952867522" lon="25.318532089" /><trkpt lat="61.952877359" lon="25.318515142" /><trkpt lat="61.952887314" lon="25.318498031" /><trkpt lat="61.952897370" lon="25.318480782" /><trkpt lat="61.952907510" lon="25.318463422" /><trkpt lat="61.952917718" lon="25.318445977" /><trkpt lat="61.952927976" lon="25.318428472" /><trkpt lat="61.952938266" lon="25.318410933" /><trkpt lat="61.952948573" lon="25.318393387" /><trkpt lat="61.952958879" lon="25.318375859" /><trkpt lat="61.952969167" lon="25.318358375" /><trkpt lat="61.952979420" lon="25.318340962" /><trkpt lat="61.952989621" lon="25.318323645" /><trkpt lat="61.952999753" lon="25.318306451" /><trkpt lat="61.953009799" lon="25.318289405" /><trkpt lat="61.953019742" lon="25.318272533" /><trkpt lat="61.953029565" lon="25.318255862" /><trkpt lat="61.953039250" lon="25.318239417" /><trkpt lat="61.953048782" lon="25.318223224" /><trkpt lat="61.953058142" lon="25.318207310" /><trkpt lat="61.953067314" lon="25.318191700" /><trkpt lat="61.953076281" lon="25.318176421" /><trkpt lat="61.953085025" lon="25.318161498" /><trkpt lat="61.953093531" lon="25.318146957" /><trkpt lat="61.953101780" lon="25.318132825" /><trkpt lat="61.953109755" lon="25.318119127" /><trkpt lat="61.953117441" lon="25.318105889" /><trkpt lat="61.953124818" lon="25.318093138" /><trkpt lat="61.953131872" lon="25.318080899" /><trkpt lat="61.953138584" lon="25.318069198" /><trkpt lat="61.953144938" lon="25.318058062" /><trkpt lat="61.953154116" lon="25.318041865" /><trkpt lat="61.953162745" lon="25.318026501" /><trkpt lat="61.953170846" lon="25.318011921" /><trkpt lat="61.953178438" lon="25.317998075" /><trkpt lat="61.953185541" lon="25.317984915" /><trkpt lat="61.953192174" lon="25.317972390" /><trkpt lat="61.953198356" lon="25.317960452" /><trkpt lat="61.953204109" lon="25.317949052" /><trkpt lat="61.953209450" lon="25.317938139" /><trkpt lat="61.953214401" lon="25.317927666" /><trkpt lat="61.953218980" lon="25.317917581" /><trkpt lat="61.953223207" lon="25.317907837" /><trkpt lat="61.953227102" lon="25.317898384" /><trkpt lat="61.953230684" lon="25.317889172" /><trkpt lat="61.953233974" lon="25.317880153" /><trkpt lat="61.953236990" lon="25.317871277" /><trkpt lat="61.953239752" lon="25.317862494" /><trkpt lat="61.953242281" lon="25.317853756" /><trkpt lat="61.953244595" lon="25.317845013" /><trkpt lat="61.953246715" lon="25.317836217" /><trkpt lat="61.953248660" lon="25.317827316" /><trkpt lat="61.953250449" lon="25.317818264" /><trkpt lat="61.953252103" lon="25.317809009" /><trkpt lat="61.953253640" lon="25.317799503" /><trkpt lat="61.953255081" lon="25.317789696" /><trkpt lat="61.953256446" lon="25.317779540" /><trkpt lat="61.953257753" lon="25.317768985" /><trkpt lat="61.953259023" lon="25.317757981" /><trkpt lat="61.953260274" lon="25.317746479" /><trkpt lat="61.953261528" lon="25.317734431" /><trkpt lat="61.953262598" lon="25.317722030" /><trkpt lat="61.953263294" lon="25.317709497" /><trkpt lat="61.953263629" lon="25.317696829" /><trkpt lat="61.953263616" lon="25.317684020" /><trkpt lat="61.953263268" lon="25.317671064" /><trkpt lat="61.953262598" lon="25.317657956" /><trkpt lat="61.953261618" lon="25.317644691" /><trkpt lat="61.953260341" lon="25.317631263" /><trkpt lat="61.953258781" lon="25.317617667" /><trkpt lat="61.953256951" lon="25.317603897" /><trkpt lat="61.953254862" lon="25.317589949" /><trkpt lat="61.953252528" lon="25.317575816" /><trkpt lat="61.953249963" lon="25.317561494" /><trkpt lat="61.953247178" lon="25.317546977" /><trkpt lat="61.953244187" lon="25.317532260" /><trkpt lat="61.953241003" lon="25.317517337" /><trkpt lat="61.953237638" lon="25.317502203" /><trkpt lat="61.953234106" lon="25.317486853" /><trkpt lat="61.953230418" lon="25.317471281" /><trkpt lat="61.953226589" lon="25.317455481" /><trkpt lat="61.953222632" lon="25.317439450" /><trkpt lat="61.953218558" lon="25.317423180" /><trkpt lat="61.953214381" lon="25.317406668" /><trkpt lat="61.953210113" lon="25.317389907" /><trkpt lat="61.953205769" lon="25.317372892" /><trkpt lat="61.953201360" lon="25.317355617" /><trkpt lat="61.953196899" lon="25.317338078" /><trkpt lat="61.953192400" lon="25.317320269" /><trkpt lat="61.953187875" lon="25.317302185" /><trkpt lat="61.953183337" lon="25.317283820" /><trkpt lat="61.953180415" lon="25.317271849" /><trkpt lat="61.953177330" lon="25.317259094" /><trkpt lat="61.953174090" lon="25.317245591" /><trkpt lat="61.953170702" lon="25.317231375" /><trkpt lat="61.953167172" lon="25.317216484" /><trkpt lat="61.953163509" lon="25.317200952" /><trkpt lat="61.953159720" lon="25.317184815" /><trkpt lat="61.953155812" lon="25.317168110" /><trkpt lat="61.953151793" lon="25.317150872" /><trkpt lat="61.953147670" lon="25.317133138" /><trkpt lat="61.953143450" lon="25.317114943" /><trkpt lat="61.953139141" lon="25.317096322" /><trkpt lat="61.953134750" lon="25.317077313" /><trkpt lat="61.953130284" lon="25.317057951" /><trkpt lat="61.953125751" lon="25.317038271" /><trkpt lat="61.953121158" lon="25.317018310" /><trkpt lat="61.953116513" lon="25.316998104" /><trkpt lat="61.953111823" lon="25.316977688" /><trkpt lat="61.953107095" lon="25.316957099" /><trkpt lat="61.953102337" lon="25.316936372" /><trkpt lat="61.953097556" lon="25.316915544" /><trkpt lat="61.953092760" lon="25.316894649" /><trkpt lat="61.953087955" lon="25.316873725" /><trkpt lat="61.953083150" lon="25.316852807" /><trkpt lat="61.953078351" lon="25.316831930" /><trkpt lat="61.953073566" lon="25.316811132" /><trkpt lat="61.953068802" lon="25.316790447" /><trkpt lat="61.953064067" lon="25.316769912" /><trkpt lat="61.953059368" lon="25.316749562" /><trkpt lat="61.953054712" lon="25.316729434" /><trkpt lat="61.953050108" lon="25.316709563" /><trkpt lat="61.953045561" lon="25.316689985" /><trkpt lat="61.953041080" lon="25.316670737" /><trkpt lat="61.953036672" lon="25.316651854" /><trkpt lat="61.953032344" lon="25.316633371" /><trkpt lat="61.953028104" lon="25.316615326" /><trkpt lat="61.953023959" lon="25.316597754" /><trkpt lat="61.953019917" lon="25.316580690" /><trkpt lat="61.953015984" lon="25.316564171" /><trkpt lat="61.953012168" lon="25.316548232" /><trkpt lat="61.953008477" lon="25.316532910" /><trkpt lat="61.953004918" lon="25.316518240" /><trkpt lat="61.953001498" lon="25.316504259" /><trkpt lat="61.952998225" lon="25.316491002" /><trkpt lat="61.952995106" lon="25.316478505" /><trkpt lat="61.952992148" lon="25.316466804" /><trkpt lat="61.952989359" lon="25.316455935" /><trkpt lat="61.952986746" lon="25.316445933" /><trkpt lat="61.952982623" lon="25.316430611" /><trkpt lat="61.952978334" lon="25.316415230" /><trkpt lat="61.952973887" lon="25.316399802" /><trkpt lat="61.952969292" lon="25.316384340" /><trkpt lat="61.952964559" lon="25.316368857" /><trkpt lat="61.952959696" lon="25.316353365" /><trkpt lat="61.952954715" lon="25.316337876" /><trkpt lat="61.952949623" lon="25.316322404" /><trkpt lat="61.952944431" lon="25.316306960" /><trkpt lat="61.952939149" lon="25.316291557" /><trkpt lat="61.952933785" lon="25.316276208" /><trkpt lat="61.952928349" lon="25.316260925" /><trkpt lat="61.952922851" lon="25.316245721" /><trkpt lat="61.952917300" lon="25.316230608" /><trkpt lat="61.952911707" lon="25.316215599" /><trkpt lat="61.952906079" lon="25.316200705" /><trkpt lat="61.952900428" lon="25.316185941" /><trkpt lat="61.952894761" lon="25.316171318" /><trkpt lat="61.952889090" lon="25.316156849" /><trkpt lat="61.952883424" lon="25.316142546" /><trkpt lat="61.952877771" lon="25.316128421" /><trkpt lat="61.952872142" lon="25.316114489" /><trkpt lat="61.952866546" lon="25.316100759" /><trkpt lat="61.952860992" lon="25.316087247" /><trkpt lat="61.952855491" lon="25.316073963" /><trkpt lat="61.952850051" lon="25.316060921" /><trkpt lat="61.952844683" lon="25.316048132" /><trkpt lat="61.952839395" lon="25.316035610" /><trkpt lat="61.952834198" lon="25.316023367" /><trkpt lat="61.952829100" lon="25.316011415" /><trkpt lat="61.952824281" lon="25.315999794" /><trkpt lat="61.952819587" lon="25.315987774" /><trkpt lat="61.952815017" lon="25.315975358" /><trkpt lat="61.952810569" lon="25.315962551" /><trkpt lat="61.952806244" lon="25.315949354" /><trkpt lat="61.952802039" lon="25.315935772" /><trkpt lat="61.952797955" lon="25.315921807" /><trkpt lat="61.952793989" lon="25.315907463" /><trkpt lat="61.952790141" lon="25.315892743" /><trkpt lat="61.952786410" lon="25.315877650" /><trkpt lat="61.952782795" lon="25.315862187" /><trkpt lat="61.952779295" lon="25.315846359" /><trkpt lat="61.952775908" lon="25.315830167" /><trkpt lat="61.952772635" lon="25.315813616" /><trkpt lat="61.952769473" lon="25.315796708" /><trkpt lat="61.952766421" lon="25.315779447" /><trkpt lat="61.952763480" lon="25.315761836" /><trkpt lat="61.952760647" lon="25.315743878" /><trkpt lat="61.952757922" lon="25.315725576" /><trkpt lat="61.952755303" lon="25.315706934" /><trkpt lat="61.952752791" lon="25.315687955" /><trkpt lat="61.952750382" lon="25.315668642" /><trkpt lat="61.952748078" lon="25.315648999" /><trkpt lat="61.952745876" lon="25.315629028" /><trkpt lat="61.952743776" lon="25.315608733" /><trkpt lat="61.952741776" lon="25.315588117" /><trkpt lat="61.952739876" lon="25.315567183" /><trkpt lat="61.952738074" lon="25.315545936" /><trkpt lat="61.952736370" lon="25.315524377" /><trkpt lat="61.952734763" lon="25.315502510" /><trkpt lat="61.952733251" lon="25.315480338" /><trkpt lat="61.952732144" lon="25.315461732" /><trkpt lat="61.952731271" lon="25.315443314" /><trkpt lat="61.952730623" lon="25.315425071" /><trkpt lat="61.952730193" lon="25.315406993" /><trkpt lat="61.952729972" lon="25.315389070" /><trkpt lat="61.952729951" lon="25.315371289" /><trkpt lat="61.952730121" lon="25.315353640" /><trkpt lat="61.952730475" lon="25.315336112" /><trkpt lat="61.952731004" lon="25.315318694" /><trkpt lat="61.952731699" lon="25.315301375" /><trkpt lat="61.952732551" lon="25.315284143" /><trkpt lat="61.952733553" lon="25.315266989" /><trkpt lat="61.952734696" lon="25.315249900" /><trkpt lat="61.952735972" lon="25.315232866" /><trkpt lat="61.952737371" lon="25.315215876" /><trkpt lat="61.952738885" lon="25.315198918" /><trkpt lat="61.952740506" lon="25.315181982" /><trkpt lat="61.952742226" lon="25.315165057" /><trkpt lat="61.952744036" lon="25.315148131" /><trkpt lat="61.952745927" lon="25.315131194" /><trkpt lat="61.952747891" lon="25.315114235" /><trkpt lat="61.952749919" lon="25.315097242" /><trkpt lat="61.952752004" lon="25.315080205" /><trkpt lat="61.952754136" lon="25.315063112" /><trkpt lat="61.952756307" lon="25.315045952" /><trkpt lat="61.952758508" lon="25.315028716" /><trkpt lat="61.952760732" lon="25.315011390" /><trkpt lat="61.952762969" lon="25.314993965" /><trkpt lat="61.952765211" lon="25.314976429" /><trkpt lat="61.952767449" lon="25.314958772" /><trkpt lat="61.952769676" lon="25.314940982" /><trkpt lat="61.952771883" lon="25.314923049" /><trkpt lat="61.952774060" lon="25.314904960" /><trkpt lat="61.952776200" lon="25.314886706" /><trkpt lat="61.952778295" lon="25.314868276" /><trkpt lat="61.952780335" lon="25.314849657" /><trkpt lat="61.952782312" lon="25.314830840" /><trkpt lat="61.952784034" lon="25.314813690" /><trkpt lat="61.952785699" lon="25.314796397" /><trkpt lat="61.952787309" lon="25.314778970" /><trkpt lat="61.952788871" lon="25.314761418" /><trkpt lat="61.952790389" lon="25.314743752" /><trkpt lat="61.952791867" lon="25.314725980" /><trkpt lat="61.952793311" lon="25.314708112" /><trkpt lat="61.952794725" lon="25.314690158" /><trkpt lat="61.952796113" lon="25.314672128" /><trkpt lat="61.952797481" lon="25.314654031" /><trkpt lat="61.952798833" lon="25.314635876" /><trkpt lat="61.952800174" lon="25.314617673" /><trkpt lat="61.952801508" lon="25.314599432" /><trkpt lat="61.952802841" lon="25.314581163" /><trkpt lat="61.952804177" lon="25.314562874" /><trkpt lat="61.952805521" lon="25.314544576" /><trkpt lat="61.952806878" lon="25.314526277" /><trkpt lat="61.952808251" lon="25.314507988" /><trkpt lat="61.952809647" lon="25.314489719" /><trkpt lat="61.952811069" lon="25.314471478" /><trkpt lat="61.952812523" lon="25.314453275" /><trkpt lat="61.952814012" lon="25.314435120" /><trkpt lat="61.952815543" lon="25.314417023" /><trkpt lat="61.952817119" lon="25.314398993" /><trkpt lat="61.952818745" lon="25.314381039" /><trkpt lat="61.952820427" lon="25.314363172" /><trkpt lat="61.952822168" lon="25.314345400" /><trkpt lat="61.952823974" lon="25.314327733" /><trkpt lat="61.952825848" lon="25.314310182" /><trkpt lat="61.952827797" lon="25.314292754" /><trkpt lat="61.952829824" lon="25.314275461" /><trkpt lat="61.952831935" lon="25.314258312" /><trkpt lat="61.952834134" lon="25.314241315" /><trkpt lat="61.952836425" lon="25.314224482" /><trkpt lat="61.952838814" lon="25.314207820" /><trkpt lat="61.952841305" lon="25.314191341" /><trkpt lat="61.952843903" lon="25.314175053" /><trkpt lat="61.952846613" lon="25.314158966" /><trkpt lat="61.952849439" lon="25.314143090" /><trkpt lat="61.952852386" lon="25.314127434" /><trkpt lat="61.952855460" lon="25.314112008" /><trkpt lat="61.952857747" lon="25.314101036" /><trkpt lat="61.952860246" lon="25.314089412" /><trkpt lat="61.952862948" lon="25.314077159" /><trkpt lat="61.952865847" lon="25.314064299" /><trkpt lat="61.952868936" lon="25.314050856" /><trkpt lat="61.952872209" lon="25.314036851" /><trkpt lat="61.952875658" lon="25.314022309" /><trkpt lat="61.952879277" lon="25.314007251" /><trkpt lat="61.952883058" lon="25.313991700" /><trkpt lat="61.952886996" lon="25.313975680" /><trkpt lat="61.952891083" lon="25.313959212" /><trkpt lat="61.952895312" lon="25.313942321" /><trkpt lat="61.952899676" lon="25.313925028" /><trkpt lat="61.952904170" lon="25.313907357" /><trkpt lat="61.952908786" lon="25.313889330" /><trkpt lat="61.952913516" lon="25.313870970" /><trkpt lat="61.952918355" lon="25.313852299" /><trkpt lat="61.952923296" lon="25.313833342" /><trkpt lat="61.952928331" lon="25.313814120" /><trkpt lat="61.952933454" lon="25.313794656" /><trkpt lat="61.952938658" lon="25.313774973" /><trkpt lat="61.952943936" lon="25.313755094" /><trkpt lat="61.952949282" lon="25.313735042" /><trkpt lat="61.952954688" lon="25.313714839" /><trkpt lat="61.952960148" lon="25.313694509" /><trkpt lat="61.952965655" lon="25.313674074" /><trkpt lat="61.952971203" lon="25.313653556" /><trkpt lat="61.952976783" lon="25.313632979" /><trkpt lat="61.952982390" lon="25.313612366" /><trkpt lat="61.952988017" lon="25.313591739" /><trkpt lat="61.952993657" lon="25.313571121" /><trkpt lat="61.952999303" lon="25.313550535" /><trkpt lat="61.953004948" lon="25.313530003" /><trkpt lat="61.953010586" lon="25.313509550" /><trkpt lat="61.953016209" lon="25.313489196" /><trkpt lat="61.953021811" lon="25.313468965" /><trkpt lat="61.953027385" lon="25.313448881" /><trkpt lat="61.953032924" lon="25.313428965" /><trkpt lat="61.953038421" lon="25.313409241" /><trkpt lat="61.953043870" lon="25.313389731" /><trkpt lat="61.953049264" lon="25.313370458" /><trkpt lat="61.953054596" lon="25.313351445" /><trkpt lat="61.953059859" lon="25.313332714" /><trkpt lat="61.953065046" lon="25.313314290" /><trkpt lat="61.953070151" lon="25.313296193" /><trkpt lat="61.953075166" lon="25.313278448" /><trkpt lat="61.953080085" lon="25.313261076" /><trkpt lat="61.953084901" lon="25.313244102" /><trkpt lat="61.953089607" lon="25.313227547" /><trkpt lat="61.953094197" lon="25.313211434" /><trkpt lat="61.953098663" lon="25.313195786" /><trkpt lat="61.953102999" lon="25.313180626" /><trkpt lat="61.953107198" lon="25.313165977" /><trkpt lat="61.953111253" lon="25.313151862" /><trkpt lat="61.953115158" lon="25.313138303" /><trkpt lat="61.953118905" lon="25.313125323" /><trkpt lat="61.953122487" lon="25.313112945" /><trkpt lat="61.953125899" lon="25.313101192" /><trkpt lat="61.953129132" lon="25.313090086" /><trkpt lat="61.953131855" lon="25.313080813" /><trkpt lat="61.953134795" lon="25.313070913" /><trkpt lat="61.953137948" lon="25.313060403" /><trkpt lat="61.953141305" lon="25.313049301" /><trkpt lat="61.953144859" lon="25.313037624" /><trkpt lat="61.953148605" lon="25.313025390" /><trkpt lat="61.953152535" lon="25.313012616" /><trkpt lat="61.953156642" lon="25.312999320" /><trkpt lat="61.953160919" lon="25.312985519" /><trkpt lat="61.953165360" lon="25.312971232" /><trkpt lat="61.953169957" lon="25.312956475" /><trkpt lat="61.953174704" lon="25.312941266" /><trkpt lat="61.953179595" lon="25.312925622" /><trkpt lat="61.953184621" lon="25.312909562" /><trkpt lat="61.953189776" lon="25.312893102" /><trkpt lat="61.953195054" lon="25.312876260" /><trkpt lat="61.953200448" lon="25.312859054" /><trkpt lat="61.953205950" lon="25.312841501" /><trkpt lat="61.953211554" lon="25.312823619" /><trkpt lat="61.953217253" lon="25.312805426" /><trkpt lat="61.953223041" lon="25.312786938" /><trkpt lat="61.953228909" lon="25.312768174" /><trkpt lat="61.953234852" lon="25.312749150" /><trkpt lat="61.953240863" lon="25.312729885" /><trkpt lat="61.953246934" lon="25.312710396" /><trkpt lat="61.953253060" lon="25.312690700" /><trkpt lat="61.953259232" lon="25.312670816" /><trkpt lat="61.953265445" lon="25.312650760" /><trkpt lat="61.953271691" lon="25.312630550" /><trkpt lat="61.953277963" lon="25.312610204" /><trkpt lat="61.953284255" lon="25.312589739" /><trkpt lat="61.953290560" lon="25.312569173" /><trkpt lat="61.953296871" lon="25.312548523" /><trkpt lat="61.953303181" lon="25.312527807" /><trkpt lat="61.953309484" lon="25.312507042" /><trkpt lat="61.953315771" lon="25.312486247" /><trkpt lat="61.953322037" lon="25.312465437" /><trkpt lat="61.953328275" lon="25.312444632" /><trkpt lat="61.953334478" lon="25.312423848" /><trkpt lat="61.953340639" lon="25.312403103" /><trkpt lat="61.953346751" lon="25.312382414" /><trkpt lat="61.953352807" lon="25.312361800" /><trkpt lat="61.953358801" lon="25.312341277" /><trkpt lat="61.953364726" lon="25.312320864" /><trkpt lat="61.953370574" lon="25.312300577" /><trkpt lat="61.953376339" lon="25.312280435" /><trkpt lat="61.953382014" lon="25.312260454" /><trkpt lat="61.953387592" lon="25.312240653" /><trkpt lat="61.953393067" lon="25.312221048" /><trkpt lat="61.953398431" lon="25.312201658" /><trkpt lat="61.953403678" lon="25.312182500" /><trkpt lat="61.953408801" lon="25.312163591" /><trkpt lat="61.953413793" lon="25.312144949" /><trkpt lat="61.953418646" lon="25.312126592" /><trkpt lat="61.953423355" lon="25.312108537" /><trkpt lat="61.953427913" lon="25.312090801" /><trkpt lat="61.953432312" lon="25.312073403" /><trkpt lat="61.953436546" lon="25.312056359" /><trkpt lat="61.953440607" lon="25.312039688" /><trkpt lat="61.953444490" lon="25.312023406" /><trkpt lat="61.953448187" lon="25.312007531" /><trkpt lat="61.953451691" lon="25.311992082" /><trkpt lat="61.953454995" lon="25.311977074" /><trkpt lat="61.953458093" lon="25.311962527" /><trkpt lat="61.953460978" lon="25.311948457" /><trkpt lat="61.953463643" lon="25.311934882" /><trkpt lat="61.953466081" lon="25.311921820" /><trkpt lat="61.953468285" lon="25.311909287" /><trkpt lat="61.953470248" lon="25.311897302" /><trkpt lat="61.953471964" lon="25.311885882" /><trkpt lat="61.953473426" lon="25.311875045" /><trkpt lat="61.953475006" lon="25.311862521" /><trkpt lat="61.953476593" lon="25.311849890" /><trkpt lat="61.953478184" lon="25.311837149" /><trkpt lat="61.953479777" lon="25.311824293" /><trkpt lat="61.953481370" lon="25.311811320" /><trkpt lat="61.953482960" lon="25.311798224" /><trkpt lat="61.953484547" lon="25.311785003" /><trkpt lat="61.953486127" lon="25.311771653" /><trkpt lat="61.953487699" lon="25.311758169" /><trkpt lat="61.953489260" lon="25.311744548" /><trkpt lat="61.953490809" lon="25.311730787" /><trkpt lat="61.953492343" lon="25.311716881" /><trkpt lat="61.953493861" lon="25.311702826" /><trkpt lat="61.953495359" lon="25.311688620" /><trkpt lat="61.953496836" lon="25.311674257" /><trkpt lat="61.953498290" lon="25.311659734" /><trkpt lat="61.953499719" lon="25.311645048" /><trkpt lat="61.953501121" lon="25.311630194" /><trkpt lat="61.953502493" lon="25.311615170" /><trkpt lat="61.953503834" lon="25.311599970" /><trkpt lat="61.953505141" lon="25.311584591" /><trkpt lat="61.953506412" lon="25.311569030" /><trkpt lat="61.953507645" lon="25.311553282" /><trkpt lat="61.953508839" lon="25.311537344" /><trkpt lat="61.953509991" lon="25.311521213" /><trkpt lat="61.953511098" lon="25.311504883" /><trkpt lat="61.953512159" lon="25.311488352" /><trkpt lat="61.953513172" lon="25.311471615" /><trkpt lat="61.953514134" lon="25.311454669" /><trkpt lat="61.953515044" lon="25.311437510" /><trkpt lat="61.953515899" lon="25.311420134" /><trkpt lat="61.953516697" lon="25.311402538" /><trkpt lat="61.953517437" lon="25.311384717" /><trkpt lat="61.953518115" lon="25.311366668" /><trkpt lat="61.953518731" lon="25.311348387" /><trkpt lat="61.953519281" lon="25.311329870" /><trkpt lat="61.953519764" lon="25.311311114" /><trkpt lat="61.953520178" lon="25.311292114" /><trkpt lat="61.953520520" lon="25.311272867" /><trkpt lat="61.953520789" lon="25.311253369" /><trkpt lat="61.953520982" lon="25.311233616" /><trkpt lat="61.953521097" lon="25.311213605" /><trkpt lat="61.953521133" lon="25.311193331" /><trkpt lat="61.953521086" lon="25.311172791" /><trkpt lat="61.953520955" lon="25.311151980" /><trkpt lat="61.953520739" lon="25.311130897" /><trkpt lat="61.953520433" lon="25.311109535" /><trkpt lat="61.953520038" lon="25.311087892" /><trkpt lat="61.953519550" lon="25.311065964" /><trkpt lat="61.953518967" lon="25.311043747" /><trkpt lat="61.953518288" lon="25.311021237" /><trkpt lat="61.953517510" lon="25.310998430" /><trkpt lat="61.953516631" lon="25.310975323" /><trkpt lat="61.953515649" lon="25.310951912" /><trkpt lat="61.953514562" lon="25.310928193" /><trkpt lat="61.953513368" lon="25.310904162" /><trkpt lat="61.953512064" lon="25.310879815" /><trkpt lat="61.953510649" lon="25.310855149" /><trkpt lat="61.953509121" lon="25.310830160" /><trkpt lat="61.953507477" lon="25.310804844" /><trkpt lat="61.953506261" lon="25.310786722" /><trkpt lat="61.953505016" lon="25.310768336" /><trkpt lat="61.953503744" lon="25.310749696" /><trkpt lat="61.953502445" lon="25.310730811" /><trkpt lat="61.953501121" lon="25.310711692" /><trkpt lat="61.953499772" lon="25.310692349" /><trkpt lat="61.953498399" lon="25.310672790" /><trkpt lat="61.953497003" lon="25.310653027" /><trkpt lat="61.953495585" lon="25.310633069" /><trkpt lat="61.953494147" lon="25.310612926" /><trkpt lat="61.953492688" lon="25.310592608" /><trkpt lat="61.953491210" lon="25.310572124" /><trkpt lat="61.953489714" lon="25.310551485" /><trkpt lat="61.953488201" lon="25.310530700" /><trkpt lat="61.953486671" lon="25.310509780" /><trkpt lat="61.953485126" lon="25.310488734" /><trkpt lat="61.953483566" lon="25.310467572" /><trkpt lat="61.953481992" lon="25.310446304" /><trkpt lat="61.953480406" lon="25.310424940" /><trkpt lat="61.953478808" lon="25.310403490" /><trkpt lat="61.953477200" lon="25.310381963" /><trkpt lat="61.953475581" lon="25.310360370" /><trkpt lat="61.953473953" lon="25.310338720" /><trkpt lat="61.953472317" lon="25.310317023" /><trkpt lat="61.953470675" lon="25.310295290" /><trkpt lat="61.953469026" lon="25.310273529" /><trkpt lat="61.953467371" lon="25.310251752" /><trkpt lat="61.953465712" lon="25.310229967" /><trkpt lat="61.953464050" lon="25.310208185" /><trkpt lat="61.953462385" lon="25.310186415" /><trkpt lat="61.953460719" lon="25.310164668" /><trkpt lat="61.953459052" lon="25.310142953" /><trkpt lat="61.953457385" lon="25.310121280" /><trkpt lat="61.953455720" lon="25.310099659" /><trkpt lat="61.953454056" lon="25.310078100" /><trkpt lat="61.953452396" lon="25.310056613" /><trkpt lat="61.953450739" lon="25.310035208" /><trkpt lat="61.953449087" lon="25.310013894" /><trkpt lat="61.953447442" lon="25.309992681" /><trkpt lat="61.953445802" lon="25.309971580" /><trkpt lat="61.953444171" lon="25.309950601" /><trkpt lat="61.953442548" lon="25.309929752" /><trkpt lat="61.953440934" lon="25.309909044" /><trkpt lat="61.953439331" lon="25.309888487" /><trkpt lat="61.953437740" lon="25.309868091" /><trkpt lat="61.953436160" lon="25.309847865" /><trkpt lat="61.953434594" lon="25.309827820" /><trkpt lat="61.953433042" lon="25.309807965" /><trkpt lat="61.953431504" lon="25.309788310" /><trkpt lat="61.953429983" lon="25.309768866" /><trkpt lat="61.953428479" lon="25.309749641" /><trkpt lat="61.953426992" lon="25.309730647" /><trkpt lat="61.953425525" lon="25.309711892" /><trkpt lat="61.953424076" lon="25.309693387" /><trkpt lat="61.953422649" lon="25.309675141" /><trkpt lat="61.953421243" lon="25.309657165" /><trkpt lat="61.953419859" lon="25.309639467" /><trkpt lat="61.953418499" lon="25.309622060" /><trkpt lat="61.953417163" lon="25.309604951" /><trkpt lat="61.953415852" lon="25.309588151" /><trkpt lat="61.953414567" lon="25.309571669" /><trkpt lat="61.953413310" lon="25.309555517" /><trkpt lat="61.953412080" lon="25.309539703" /><trkpt lat="61.953410879" lon="25.309524237" /><trkpt lat="61.953409708" lon="25.309509130" /><trkpt lat="61.953408568" lon="25.309494391" /><trkpt lat="61.953407460" lon="25.309480030" /><trkpt lat="61.953406384" lon="25.309466057" /><trkpt lat="61.953405341" lon="25.309452482" /><trkpt lat="61.953404333" lon="25.309439314" /><trkpt lat="61.953403361" lon="25.309426564" /><trkpt lat="61.953402424" lon="25.309414241" /><trkpt lat="61.953401525" lon="25.309402356" /><trkpt lat="61.953400664" lon="25.309390918" /><trkpt lat="61.953399842" lon="25.309379937" /><trkpt lat="61.953399060" lon="25.309369424" /><trkpt lat="61.953398319" lon="25.309359386" /><trkpt lat="61.953397620" lon="25.309349836" /><trkpt lat="61.953396963" lon="25.309340782" /><trkpt lat="61.953396350" lon="25.309332235" /><trkpt lat="61.953395782" lon="25.309324204" /><trkpt lat="61.953395260" lon="25.309316700" /><trkpt lat="61.953394783" lon="25.309309731" /><trkpt lat="61.953394355" lon="25.309303309" /><trkpt lat="61.953393974" lon="25.309297442" /><trkpt lat="61.953393146" lon="25.309281876" /><trkpt lat="61.953392677" lon="25.309266825" /><trkpt lat="61.953392568" lon="25.309252285" /><trkpt lat="61.953392816" lon="25.309238253" /><trkpt lat="61.953393419" lon="25.309224725" /><trkpt lat="61.953394378" lon="25.309211698" /><trkpt lat="61.953395689" lon="25.309199167" /><trkpt lat="61.953397352" lon="25.309187131" /><trkpt lat="61.953399365" lon="25.309175584" /><trkpt lat="61.953401728" lon="25.309164524" /><trkpt lat="61.953404438" lon="25.309153947" /><trkpt lat="61.953407493" lon="25.309143848" /><trkpt lat="61.953410894" lon="25.309134226" /><trkpt lat="61.953414638" lon="25.309125075" /><trkpt lat="61.953418724" lon="25.309116393" /><trkpt lat="61.953423150" lon="25.309108176" /><trkpt lat="61.953427916" lon="25.309100420" /><trkpt lat="61.953433019" lon="25.309093122" /><trkpt lat="61.953438459" lon="25.309086279" /><trkpt lat="61.953444233" lon="25.309079885" /><trkpt lat="61.953450341" lon="25.309073939" /><trkpt lat="61.953456781" lon="25.309068437" /><trkpt lat="61.953463552" lon="25.309063374" /><trkpt lat="61.953470652" lon="25.309058747" /><trkpt lat="61.953478079" lon="25.309054554" /><trkpt lat="61.953485834" lon="25.309050789" /><trkpt lat="61.953493913" lon="25.309047450" /><trkpt lat="61.953502317" lon="25.309044533" /><trkpt lat="61.953511042" lon="25.309042034" /><trkpt lat="61.953520088" lon="25.309039950" /><trkpt lat="61.953529691" lon="25.309038076" /><trkpt lat="61.953540054" lon="25.309036223" /><trkpt lat="61.953551134" lon="25.309034412" /><trkpt lat="61.953562883" lon="25.309032663" /><trkpt lat="61.953575257" lon="25.309030997" /><trkpt lat="61.953588210" lon="25.309029436" /><trkpt lat="61.953601696" lon="25.309028000" /><trkpt lat="61.953615669" lon="25.309026710" /><trkpt lat="61.953630084" lon="25.309025587" /><trkpt lat="61.953644894" lon="25.309024652" /><trkpt lat="61.953660055" lon="25.309023925" /><trkpt lat="61.953675521" lon="25.309023428" /><trkpt lat="61.953691246" lon="25.309023181" /><trkpt lat="61.953707183" lon="25.309023205" /><trkpt lat="61.953723289" lon="25.309023522" /><trkpt lat="61.953739516" lon="25.309024151" /><trkpt lat="61.953755820" lon="25.309025114" /><trkpt lat="61.953772154" lon="25.309026432" /><trkpt lat="61.953788473" lon="25.309028125" /><trkpt lat="61.953804731" lon="25.309030215" /><trkpt lat="61.953820883" lon="25.309032722" /><trkpt lat="61.953836882" lon="25.309035667" /><trkpt lat="61.953852684" lon="25.309039071" /><trkpt lat="61.953868242" lon="25.309042954" /><trkpt lat="61.953883511" lon="25.309047339" /><trkpt lat="61.953898445" lon="25.309052245" /><trkpt lat="61.953912998" lon="25.309057693" /><trkpt lat="61.953927125" lon="25.309063705" /><trkpt lat="61.953940781" lon="25.309070301" /><trkpt lat="61.953953918" lon="25.309077501" /><trkpt lat="61.953966620" lon="25.309085009" /><trkpt lat="61.953979008" lon="25.309092534" /><trkpt lat="61.953991096" lon="25.309100112" /><trkpt lat="61.954002898" lon="25.309107780" /><trkpt lat="61.954014429" lon="25.309115574" /><trkpt lat="61.954025701" lon="25.309123528" /><trkpt lat="61.954036730" lon="25.309131679" /><trkpt lat="61.954047529" lon="25.309140062" /><trkpt lat="61.954058112" lon="25.309148714" /><trkpt lat="61.954068493" lon="25.309157670" /><trkpt lat="61.954078687" lon="25.309166965" /><trkpt lat="61.954088707" lon="25.309176636" /><trkpt lat="61.954098567" lon="25.309186718" /><trkpt lat="61.954108281" lon="25.309197247" /><trkpt lat="61.954117864" lon="25.309208259" /><trkpt lat="61.954127329" lon="25.309219790" /><trkpt lat="61.954136690" lon="25.309231874" /><trkpt lat="61.954145961" lon="25.309244549" /><trkpt lat="61.954155157" lon="25.309257850" /><trkpt lat="61.954164291" lon="25.309271812" /><trkpt lat="61.954173378" lon="25.309286472" /><trkpt lat="61.954182431" lon="25.309301865" /><trkpt lat="61.954191464" lon="25.309318027" /><trkpt lat="61.954200492" lon="25.309334993" /><trkpt lat="61.954209528" lon="25.309352800" /><trkpt lat="61.954218587" lon="25.309371483" /><trkpt lat="61.954227682" lon="25.309391078" /><trkpt lat="61.954236827" lon="25.309411621" /><trkpt lat="61.954246037" lon="25.309433147" /><trkpt lat="61.954255325" lon="25.309455693" /><trkpt lat="61.954260170" lon="25.309467741" /><trkpt lat="61.954265211" lon="25.309480412" /><trkpt lat="61.954270441" lon="25.309493680" /><trkpt lat="61.954275853" lon="25.309507520" /><trkpt lat="61.954281441" lon="25.309521907" /><trkpt lat="61.954287199" lon="25.309536817" /><trkpt lat="61.954293119" lon="25.309552224" /><trkpt lat="61.954299196" lon="25.309568103" /><trkpt lat="61.954305422" lon="25.309584430" /><trkpt lat="61.954311792" lon="25.309601179" /><trkpt lat="61.954318298" lon="25.309618325" /><trkpt lat="61.954324934" lon="25.309635843" /><trkpt lat="61.954331693" lon="25.309653709" /><trkpt lat="61.954338570" lon="25.309671897" /><trkpt lat="61.954345556" lon="25.309690382" /><trkpt lat="61.954352647" lon="25.309709139" /><trkpt lat="61.954359835" lon="25.309728144" /><trkpt lat="61.954367113" lon="25.309747371" /><trkpt lat="61.954374476" lon="25.309766796" /><trkpt lat="61.954381916" lon="25.309786393" /><trkpt lat="61.954389427" lon="25.309806137" /><trkpt lat="61.954397002" lon="25.309826003" /><trkpt lat="61.954404636" lon="25.309845967" /><trkpt lat="61.954412320" lon="25.309866003" /><trkpt lat="61.954420050" lon="25.309886086" /><trkpt lat="61.954427817" lon="25.309906192" /><trkpt lat="61.954435617" lon="25.309926295" /><trkpt lat="61.954443441" lon="25.309946370" /><trkpt lat="61.954451284" lon="25.309966393" /><trkpt lat="61.954459139" lon="25.309986338" /><trkpt lat="61.954466999" lon="25.310006180" /><trkpt lat="61.954474858" lon="25.310025895" /><trkpt lat="61.954482710" lon="25.310045457" /><trkpt lat="61.954490547" lon="25.310064842" /><trkpt lat="61.954498363" lon="25.310084023" /><trkpt lat="61.954506153" lon="25.310102978" /><trkpt lat="61.954513908" lon="25.310121679" /><trkpt lat="61.954521622" lon="25.310140103" /><trkpt lat="61.954529290" lon="25.310158224" /><trkpt lat="61.954536904" lon="25.310176018" /><trkpt lat="61.954544457" lon="25.310193459" /><trkpt lat="61.954551945" lon="25.310210523" /><trkpt lat="61.954559358" lon="25.310227184" /><trkpt lat="61.954566692" lon="25.310243417" /><trkpt lat="61.954573940" lon="25.310259198" /><trkpt lat="61.954581094" lon="25.310274501" /><trkpt lat="61.954588149" lon="25.310289301" /><trkpt lat="61.954595098" lon="25.310303574" /><trkpt lat="61.954601935" lon="25.310317294" /><trkpt lat="61.954608652" lon="25.310330437" /><trkpt lat="61.954615243" lon="25.310342977" /><trkpt lat="61.954621703" lon="25.310354890" /><trkpt lat="61.954628023" lon="25.310366150" /><trkpt lat="61.954634198" lon="25.310376732" /><trkpt lat="61.954640221" lon="25.310386612" /><trkpt lat="61.954646085" lon="25.310395764" /><trkpt lat="61.954651784" lon="25.310404164" /><trkpt lat="61.954657312" lon="25.310411786" /><trkpt lat="61.954662661" lon="25.310418606" /><trkpt lat="61.954672804" lon="25.310430636" /><trkpt lat="61.954682580" lon="25.310441535" /><trkpt lat="61.954692035" lon="25.310451334" /><trkpt lat="61.954701214" lon="25.310460064" /><trkpt lat="61.954710163" lon="25.310467755" /><trkpt lat="61.954718926" lon="25.310474439" /><trkpt lat="61.954727551" lon="25.310480146" /><trkpt lat="61.954736081" lon="25.310484908" /><trkpt lat="61.954744562" lon="25.310488756" /><trkpt lat="61.954753040" lon="25.310491721" /><trkpt lat="61.954761560" lon="25.310493833" /><trkpt lat="61.954770167" lon="25.310495124" /><trkpt lat="61.954778907" lon="25.310495624" /><trkpt lat="61.954787826" lon="25.310495365" /><trkpt lat="61.954796968" lon="25.310494378" /><trkpt lat="61.954806379" lon="25.310492694" /><trkpt lat="61.954816104" lon="25.310490343" /><trkpt lat="61.954826189" lon="25.310487356" /><trkpt lat="61.954836680" lon="25.310483765" /><trkpt lat="61.954847621" lon="25.310479601" /><trkpt lat="61.954859058" lon="25.310474895" /><trkpt lat="61.954871037" lon="25.310469677" /><trkpt lat="61.954883602" lon="25.310463978" /><trkpt lat="61.954896800" lon="25.310457830" /><trkpt lat="61.954910675" lon="25.310451264" /><trkpt lat="61.954925274" lon="25.310444311" /><trkpt lat="61.954940640" lon="25.310437000" /><trkpt lat="61.954956821" lon="25.310429365" /><trkpt lat="61.954973861" lon="25.310421435" /><trkpt lat="61.954991805" lon="25.310413241" /><trkpt lat="61.955007919" lon="25.310406144" /><trkpt lat="61.955023775" lon="25.310399538" /><trkpt lat="61.955039385" lon="25.310393441" /><trkpt lat="61.955054760" lon="25.310387869" /><trkpt lat="61.955069912" lon="25.310382842" /><trkpt lat="61.955084851" lon="25.310378375" /><trkpt lat="61.955099588" lon="25.310374488" /><trkpt lat="61.955114136" lon="25.310371197" /><trkpt lat="61.955128504" lon="25.310368521" /><trkpt lat="61.955142705" lon="25.310366476" /><trkpt lat="61.955156749" lon="25.310365081" /><trkpt lat="61.955170647" lon="25.310364352" /><trkpt lat="61.955184411" lon="25.310364309" /><trkpt lat="61.955198051" lon="25.310364967" /><trkpt lat="61.955211580" lon="25.310366345" /><trkpt lat="61.955225008" lon="25.310368461" /><trkpt lat="61.955238346" lon="25.310371332" /><trkpt lat="61.955251605" lon="25.310374975" /><trkpt lat="61.955264797" lon="25.310379409" /><trkpt lat="61.955277933" lon="25.310384650" /><trkpt lat="61.955291024" lon="25.310390717" /><trkpt lat="61.955304081" lon="25.310397627" /><trkpt lat="61.955317115" lon="25.310405398" /><trkpt lat="61.955330137" lon="25.310414047" /><trkpt lat="61.955343160" lon="25.310423592" /><trkpt lat="61.955356193" lon="25.310434050" /><trkpt lat="61.955369248" lon="25.310445440" /><trkpt lat="61.955382336" lon="25.310457778" /><trkpt lat="61.955395468" lon="25.310471083" /><trkpt lat="61.955408656" lon="25.310485371" /><trkpt lat="61.955421910" lon="25.310500661" /><trkpt lat="61.955435242" lon="25.310516970" /><trkpt lat="61.955448664" lon="25.310534316" /><trkpt lat="61.955462185" lon="25.310552716" /><trkpt lat="61.955469371" lon="25.310562747" /><trkpt lat="61.955476935" lon="25.310573321" /><trkpt lat="61.955484864" lon="25.310584419" /><trkpt lat="61.955493143" lon="25.310596022" /><trkpt lat="61.955501761" lon="25.310608111" /><trkpt lat="61.955510704" lon="25.310620668" /><trkpt lat="61.955519958" lon="25.310633674" /><trkpt lat="61.955529511" lon="25.310647109" /><trkpt lat="61.955539349" lon="25.310660956" /><trkpt lat="61.955549460" lon="25.310675195" /><trkpt lat="61.955559829" lon="25.310689807" /><trkpt lat="61.955570444" lon="25.310704774" /><trkpt lat="61.955581292" lon="25.310720077" /><trkpt lat="61.955592359" lon="25.310735697" /><trkpt lat="61.955603632" lon="25.310751615" /><trkpt lat="61.955615099" lon="25.310767812" /><trkpt lat="61.955626745" lon="25.310784271" /><trkpt lat="61.955638558" lon="25.310800971" /><trkpt lat="61.955650524" lon="25.310817894" /><trkpt lat="61.955662631" lon="25.310835021" /><trkpt lat="61.955674865" lon="25.310852334" /><trkpt lat="61.955687213" lon="25.310869813" /><trkpt lat="61.955699661" lon="25.310887440" /><trkpt lat="61.955712197" lon="25.310905196" /><trkpt lat="61.955724808" lon="25.310923062" /><trkpt lat="61.955737479" lon="25.310941020" /><trkpt lat="61.955750199" lon="25.310959050" /><trkpt lat="61.955762953" lon="25.310977134" /><trkpt lat="61.955775729" lon="25.310995252" /><trkpt lat="61.955788514" lon="25.311013387" /><trkpt lat="61.955801294" lon="25.311031519" /><trkpt lat="61.955814055" lon="25.311049630" /><trkpt lat="61.955826786" lon="25.311067700" /><trkpt lat="61.955839473" lon="25.311085712" /><trkpt lat="61.955852102" lon="25.311103645" /><trkpt lat="61.955864660" lon="25.311121482" /><trkpt lat="61.955877134" lon="25.311139203" /><trkpt lat="61.955889512" lon="25.311156789" /><trkpt lat="61.955901779" lon="25.311174223" /><trkpt lat="61.955913923" lon="25.311191485" /><trkpt lat="61.955925930" lon="25.311208555" /><trkpt lat="61.955937787" lon="25.311225417" /><trkpt lat="61.955949482" lon="25.311242050" /><trkpt lat="61.955961000" lon="25.311258435" /><trkpt lat="61.955972329" lon="25.311274555" /><trkpt lat="61.955983455" lon="25.311290390" /><trkpt lat="61.955994366" lon="25.311305921" /><trkpt lat="61.956005048" lon="25.311321130" /><trkpt lat="61.956015488" lon="25.311335997" /><trkpt lat="61.956025672" lon="25.311350505" /><trkpt lat="61.956035588" lon="25.311364634" /><trkpt lat="61.956045223" lon="25.311378365" /><trkpt lat="61.956054562" lon="25.311391679" /><trkpt lat="61.956063594" lon="25.311404558" /><trkpt lat="61.956072304" lon="25.311416984" /><trkpt lat="61.956080680" lon="25.311428936" /><trkpt lat="61.956088709" lon="25.311440396" /><trkpt lat="61.956096377" lon="25.311451347" /><trkpt lat="61.956103671" lon="25.311461767" /><trkpt lat="61.956110577" lon="25.311471640" /><trkpt lat="61.956117084" lon="25.311480946" /><trkpt lat="61.956123177" lon="25.311489665" /><trkpt lat="61.956128843" lon="25.311497781" /><trkpt lat="61.956134070" lon="25.311505273" /><trkpt lat="61.956138843" lon="25.311512123" /><trkpt lat="61.956143150" lon="25.311518312" /><trkpt lat="61.956150322" lon="25.311528546" /><trkpt lat="61.956158047" lon="25.311539415" /><trkpt lat="61.956166302" lon="25.311550874" /><trkpt lat="61.956175062" lon="25.311562880" /><trkpt lat="61.956184305" lon="25.311575389" /><trkpt lat="61.956194006" lon="25.311588359" /><trkpt lat="61.956204142" lon="25.311601745" /><trkpt lat="61.956214688" lon="25.311615505" /><trkpt lat="61.956225622" lon="25.311629594" /><trkpt lat="61.956236920" lon="25.311643970" /><trkpt lat="61.956248557" lon="25.311658590" /><trkpt lat="61.956260510" lon="25.311673408" /><trkpt lat="61.956272756" lon="25.311688383" /><trkpt lat="61.956285270" lon="25.311703471" /><trkpt lat="61.956298029" lon="25.311718629" /><trkpt lat="61.956311010" lon="25.311733812" /><trkpt lat="61.956324188" lon="25.311748978" /><trkpt lat="61.956337539" lon="25.311764083" /><trkpt lat="61.956351041" lon="25.311779084" /><trkpt lat="61.956364668" lon="25.311793938" /><trkpt lat="61.956378399" lon="25.311808600" /><trkpt lat="61.956392208" lon="25.311823029" /><trkpt lat="61.956406072" lon="25.311837179" /><trkpt lat="61.956419968" lon="25.311851008" /><trkpt lat="61.956433871" lon="25.311864472" /><trkpt lat="61.956447758" lon="25.311877529" /><trkpt lat="61.956461605" lon="25.311890134" /><trkpt lat="61.956475389" lon="25.311902244" /><trkpt lat="61.956489086" lon="25.311913816" /><trkpt lat="61.956502672" lon="25.311924806" /><trkpt lat="61.956516122" lon="25.311935171" /><trkpt lat="61.956529415" lon="25.311944868" /><trkpt lat="61.956542525" lon="25.311953852" /><trkpt lat="61.956555430" lon="25.311962082" /><trkpt lat="61.956568105" lon="25.311969513" /><trkpt lat="61.956580526" lon="25.311976101" /><trkpt lat="61.956592671" lon="25.311981804" /><trkpt lat="61.956604515" lon="25.311986578" /><trkpt lat="61.956616034" lon="25.311990380" /><trkpt lat="61.956630896" lon="25.311994465" /><trkpt lat="61.956645966" lon="25.311998134" /><trkpt lat="61.956661235" lon="25.312001380" /><trkpt lat="61.956676694" lon="25.312004199" /><trkpt lat="61.956692331" lon="25.312006585" /><trkpt lat="61.956708138" lon="25.312008533" /><trkpt lat="61.956724105" lon="25.312010038" /><trkpt lat="61.956740222" lon="25.312011094" /><trkpt lat="61.956756479" lon="25.312011696" /><trkpt lat="61.956772866" lon="25.312011838" /><trkpt lat="61.956789374" lon="25.312011515" /><trkpt lat="61.956805993" lon="25.312010722" /><trkpt lat="61.956822712" lon="25.312009453" /><trkpt lat="61.956839522" lon="25.312007704" /><trkpt lat="61.956856414" lon="25.312005468" /><trkpt lat="61.956873377" lon="25.312002740" /><trkpt lat="61.956890402" lon="25.311999515" /><trkpt lat="61.956907478" lon="25.311995788" /><trkpt lat="61.956924597" lon="25.311991552" /><trkpt lat="61.956941747" lon="25.311986804" /><trkpt lat="61.956958921" lon="25.311981537" /><trkpt lat="61.956976106" lon="25.311975746" /><trkpt lat="61.956993295" lon="25.311969426" /><trkpt lat="61.957010476" lon="25.311962571" /><trkpt lat="61.957027641" lon="25.311955176" /><trkpt lat="61.957044779" lon="25.311947236" /><trkpt lat="61.957061881" lon="25.311938745" /><trkpt lat="61.957078936" lon="25.311929698" /><trkpt lat="61.957095936" lon="25.311920089" /><trkpt lat="61.957112869" lon="25.311909914" /><trkpt lat="61.957125342" lon="25.311902146" /><trkpt lat="61.957138025" lon="25.311894175" /><trkpt lat="61.957150908" lon="25.311886036" /><trkpt lat="61.957163980" lon="25.311877766" /><trkpt lat="61.957177233" lon="25.311869401" /><trkpt lat="61.957190655" lon="25.311860976" /><trkpt lat="61.957204236" lon="25.311852527" /><trkpt lat="61.957217967" lon="25.311844091" /><trkpt lat="61.957231836" lon="25.311835703" /><trkpt lat="61.957245834" lon="25.311827399" /><trkpt lat="61.957259950" lon="25.311819216" /><trkpt lat="61.957274174" lon="25.311811189" /><trkpt lat="61.957288497" lon="25.311803353" /><trkpt lat="61.957302907" lon="25.311795747" /><trkpt lat="61.957317395" lon="25.311788404" /><trkpt lat="61.957331951" lon="25.311781361" /><trkpt lat="61.957346563" lon="25.311774654" /><trkpt lat="61.957361223" lon="25.311768319" /><trkpt lat="61.957375919" lon="25.311762393" /><trkpt lat="61.957390642" lon="25.311756910" /><trkpt lat="61.957405381" lon="25.311751907" /><trkpt lat="61.957420126" lon="25.311747419" /><trkpt lat="61.957434868" lon="25.311743484" /><trkpt lat="61.957449595" lon="25.311740136" /><trkpt lat="61.957464297" lon="25.311737412" /><trkpt lat="61.957478965" lon="25.311735347" /><trkpt lat="61.957493588" lon="25.311733978" /><trkpt lat="61.957508156" lon="25.311733341" /><trkpt lat="61.957522658" lon="25.311733471" /><trkpt lat="61.957537085" lon="25.311734405" /><trkpt lat="61.957551426" lon="25.311736178" /><trkpt lat="61.957565672" lon="25.311738827" /><trkpt lat="61.957579811" lon="25.311742387" /><trkpt lat="61.957593834" lon="25.311746894" /><trkpt lat="61.957607730" lon="25.311752384" /><trkpt lat="61.957621489" lon="25.311758894" /><trkpt lat="61.957635101" lon="25.311766459" /><trkpt lat="61.957648557" lon="25.311775115" /><trkpt lat="61.957661844" lon="25.311784898" /><trkpt lat="61.957674955" lon="25.311795845" /><trkpt lat="61.957687877" lon="25.311807990" /><trkpt lat="61.957697853" lon="25.311818172" /><trkpt lat="61.957707935" lon="25.311828965" /><trkpt lat="61.957718114" lon="25.311840344" /><trkpt lat="61.957728382" lon="25.311852283" /><trkpt lat="61.957738732" lon="25.311864757" /><trkpt lat="61.957749155" lon="25.311877741" /><trkpt lat="61.957759644" lon="25.311891210" /><trkpt lat="61.957770190" lon="25.311905139" /><trkpt lat="61.957780786" lon="25.311919502" /><trkpt lat="61.957791424" lon="25.311934274" /><trkpt lat="61.957802095" lon="25.311949431" /><trkpt lat="61.957812793" lon="25.311964946" /><trkpt lat="61.957823509" lon="25.311980795" /><trkpt lat="61.957834234" lon="25.311996952" /><trkpt lat="61.957844962" lon="25.312013393" /><trkpt lat="61.957855684" lon="25.312030092" /><trkpt lat="61.957866392" lon="25.312047024" /><trkpt lat="61.957877078" lon="25.312064164" /><trkpt lat="61.957887735" lon="25.312081486" /><trkpt lat="61.957898355" lon="25.312098966" /><trkpt lat="61.957908929" lon="25.312116577" /><trkpt lat="61.957919449" lon="25.312134296" /><trkpt lat="61.957929909" lon="25.312152097" /><trkpt lat="61.957940299" lon="25.312169954" /><trkpt lat="61.957950612" lon="25.312187843" /><trkpt lat="61.957960840" lon="25.312205738" /><trkpt lat="61.957970975" lon="25.312223614" /><trkpt lat="61.957981009" lon="25.312241446" /><trkpt lat="61.957990934" lon="25.312259209" /><trkpt lat="61.958000742" lon="25.312276877" /><trkpt lat="61.958010426" lon="25.312294426" /><trkpt lat="61.958019977" lon="25.312311829" /><trkpt lat="61.958029387" lon="25.312329063" /><trkpt lat="61.958038649" lon="25.312346102" /><trkpt lat="61.958047755" lon="25.312362920" /><trkpt lat="61.958056696" lon="25.312379492" /><trkpt lat="61.958065465" lon="25.312395794" /><trkpt lat="61.958074053" lon="25.312411800" /><trkpt lat="61.958082454" lon="25.312427484" /><trkpt lat="61.958090658" lon="25.312442822" /><trkpt lat="61.958098659" lon="25.312457789" /><trkpt lat="61.958106447" lon="25.312472359" /><trkpt lat="61.958114016" lon="25.312486507" /><trkpt lat="61.958121357" lon="25.312500208" /><trkpt lat="61.958128462" lon="25.312513437" /><trkpt lat="61.958135324" lon="25.312526168" /><trkpt lat="61.958141934" lon="25.312538376" /><trkpt lat="61.958148285" lon="25.312550037" /><trkpt lat="61.958154368" lon="25.312561125" /><trkpt lat="61.958160176" lon="25.312571614" /><trkpt lat="61.958165700" lon="25.312581480" /><trkpt lat="61.958170934" lon="25.312590698" /><trkpt lat="61.958175868" lon="25.312599242" /><trkpt lat="61.958180486" lon="25.312607128" /><trkpt lat="61.958185588" lon="25.312615786" /><trkpt lat="61.958191158" lon="25.312625188" /><trkpt lat="61.958197178" lon="25.312635306" /><trkpt lat="61.958203632" lon="25.312646113" /><trkpt lat="61.958210502" lon="25.312657581" /><trkpt lat="61.958217771" lon="25.312669682" /><trkpt lat="61.958225423" lon="25.312682390" /><trkpt lat="61.958233440" lon="25.312695676" /><trkpt lat="61.958241806" lon="25.312709513" /><trkpt lat="61.958250503" lon="25.312723874" /><trkpt lat="61.958259514" lon="25.312738730" /><trkpt lat="61.958268822" lon="25.312754055" /><trkpt lat="61.958278410" lon="25.312769821" /><trkpt lat="61.958288262" lon="25.312785999" /><trkpt lat="61.958298360" lon="25.312802564" /><trkpt lat="61.958308687" lon="25.312819487" /><trkpt lat="61.958319227" lon="25.312836740" /><trkpt lat="61.958329961" lon="25.312854296" /><trkpt lat="61.958340873" lon="25.312872128" /><trkpt lat="61.958351947" lon="25.312890208" /><trkpt lat="61.958363164" lon="25.312908508" /><trkpt lat="61.958374509" lon="25.312927001" /><trkpt lat="61.958385964" lon="25.312945659" /><trkpt lat="61.958397511" lon="25.312964455" /><trkpt lat="61.958409135" lon="25.312983361" /><trkpt lat="61.958420817" lon="25.313002350" /><trkpt lat="61.958432542" lon="25.313021394" /><trkpt lat="61.958444291" lon="25.313040465" /><trkpt lat="61.958456048" lon="25.313059537" /><trkpt lat="61.958467796" lon="25.313078580" /><trkpt lat="61.958479518" lon="25.313097569" /><trkpt lat="61.958491197" lon="25.313116475" /><trkpt lat="61.958502815" lon="25.313135271" /><trkpt lat="61.958514356" lon="25.313153930" /><trkpt lat="61.958525803" lon="25.313172423" /><trkpt lat="61.958537139" lon="25.313190723" /><trkpt lat="61.958548346" lon="25.313208802" /><trkpt lat="61.958559408" lon="25.313226634" /><trkpt lat="61.958570308" lon="25.313244190" /><trkpt lat="61.958581028" lon="25.313261444" /><trkpt lat="61.958591552" lon="25.313278366" /><trkpt lat="61.958601862" lon="25.313294931" /><trkpt lat="61.958611942" lon="25.313311110" /><trkpt lat="61.958621775" lon="25.313326875" /><trkpt lat="61.958631343" lon="25.313342200" /><trkpt lat="61.958640629" lon="25.313357056" /><trkpt lat="61.958649617" lon="25.313371417" /><trkpt lat="61.958658290" lon="25.313385254" /><trkpt lat="61.958666629" lon="25.313398540" /><trkpt lat="61.958674620" lon="25.313411248" /><trkpt lat="61.958682243" lon="25.313423350" /><trkpt lat="61.958689483" lon="25.313434817" /><trkpt lat="61.958696323" lon="25.313445624" /><trkpt lat="61.958702744" lon="25.313455742" /><trkpt lat="61.958708731" lon="25.313465144" /><trkpt lat="61.958714266" lon="25.313473802" /><trkpt lat="61.958719332" lon="25.313481688" /><trkpt lat="61.958724727" lon="25.313489985" /><trkpt lat="61.958730716" lon="25.313499055" /><trkpt lat="61.958737277" lon="25.313508866" /><trkpt lat="61.958744387" lon="25.313519389" /><trkpt lat="61.958752023" lon="25.313530593" /><trkpt lat="61.958760161" lon="25.313542447" /><trkpt lat="61.958768779" lon="25.313554920" /><trkpt lat="61.958777853" lon="25.313567981" /><trkpt lat="61.958787362" lon="25.313581601" /><trkpt lat="61.958797280" lon="25.313595748" /><trkpt lat="61.958807587" lon="25.313610392" /><trkpt lat="61.958818258" lon="25.313625501" /><trkpt lat="61.958829271" lon="25.313641047" /><trkpt lat="61.958840602" lon="25.313656996" /><trkpt lat="61.958852229" lon="25.313673320" /><trkpt lat="61.958864129" lon="25.313689988" /><trkpt lat="61.958876278" lon="25.313706968" /><trkpt lat="61.958888654" lon="25.313724230" /><trkpt lat="61.958901233" lon="25.313741743" /><trkpt lat="61.958913993" lon="25.313759477" /><trkpt lat="61.958926911" lon="25.313777402" /><trkpt lat="61.958939963" lon="25.313795485" /><trkpt lat="61.958953127" lon="25.313813698" /><trkpt lat="61.958966379" lon="25.313832008" /><trkpt lat="61.958979696" lon="25.313850386" /><trkpt lat="61.958993057" lon="25.313868801" /><trkpt lat="61.959006436" lon="25.313887222" /><trkpt lat="61.959019813" lon="25.313905618" /><trkpt lat="61.959033162" lon="25.313923959" /><trkpt lat="61.959046462" lon="25.313942214" /><trkpt lat="61.959059690" lon="25.313960353" /><trkpt lat="61.959072822" lon="25.313978344" /><trkpt lat="61.959085836" lon="25.313996158" /><trkpt lat="61.959098708" lon="25.314013763" /><trkpt lat="61.959111415" lon="25.314031128" /><trkpt lat="61.959123935" lon="25.314048224" /><trkpt lat="61.959136244" lon="25.314065019" /><trkpt lat="61.959148320" lon="25.314081483" /><trkpt lat="61.959160139" lon="25.314097586" /><trkpt lat="61.959171678" lon="25.314113295" /><trkpt lat="61.959182915" lon="25.314128582" /><trkpt lat="61.959193826" lon="25.314143414" /><trkpt lat="61.959204389" lon="25.314157763" /><trkpt lat="61.959214580" lon="25.314171596" /><trkpt lat="61.959224376" lon="25.314184883" /><trkpt lat="61.959233755" lon="25.314197593" /><trkpt lat="61.959242693" lon="25.314209697" /><trkpt lat="61.959251167" lon="25.314221162" /><trkpt lat="61.959259154" lon="25.314231960" /><trkpt lat="61.959266632" lon="25.314242057" /><trkpt lat="61.959273577" lon="25.314251426" /><trkpt lat="61.959279967" lon="25.314260033" /><trkpt lat="61.959285777" lon="25.314267850" /><trkpt lat="61.959290986" lon="25.314274845" /><trkpt lat="61.959295571" lon="25.314280987" /><trkpt lat="61.959299296" lon="25.314285983" /><trkpt lat="61.959303564" lon="25.314291727" /><trkpt lat="61.959308358" lon="25.314298197" /><trkpt lat="61.959313664" lon="25.314305372" /><trkpt lat="61.959319466" lon="25.314313232" /><trkpt lat="61.959325749" lon="25.314321753" /><trkpt lat="61.959332496" lon="25.314330916" /><trkpt lat="61.959339693" lon="25.314340699" /><trkpt lat="61.959347324" lon="25.314351080" /><trkpt lat="61.959355373" lon="25.314362038" /><trkpt lat="61.959363825" lon="25.314373551" /><trkpt lat="61.959372665" lon="25.314385599" /><trkpt lat="61.959381877" lon="25.314398161" /><trkpt lat="61.959391445" lon="25.314411214" /><trkpt lat="61.959401354" lon="25.314424737" /><trkpt lat="61.959411588" lon="25.314438709" /><trkpt lat="61.959422133" lon="25.314453109" /><trkpt lat="61.959432972" lon="25.314467915" /><trkpt lat="61.959444090" lon="25.314483107" /><trkpt lat="61.959455472" lon="25.314498662" /><trkpt lat="61.959467101" lon="25.314514559" /><trkpt lat="61.959478963" lon="25.314530777" /><trkpt lat="61.959491042" lon="25.314547295" /><trkpt lat="61.959503323" lon="25.314564091" /><trkpt lat="61.959515790" lon="25.314581144" /><trkpt lat="61.959528427" lon="25.314598433" /><trkpt lat="61.959541219" lon="25.314615936" /><trkpt lat="61.959554151" lon="25.314633631" /><trkpt lat="61.959567207" lon="25.314651499" /><trkpt lat="61.959580371" lon="25.314669516" /><trkpt lat="61.959593629" lon="25.314687663" /><trkpt lat="61.959606964" lon="25.314705917" /><trkpt lat="61.959620361" lon="25.314724257" /><trkpt lat="61.959633805" lon="25.314742662" /><trkpt lat="61.959647280" lon="25.314761111" /><trkpt lat="61.959660770" lon="25.314779581" /><trkpt lat="61.959674260" lon="25.314798053" /><trkpt lat="61.959687735" lon="25.314816504" /><trkpt lat="61.959701180" lon="25.314834913" /><trkpt lat="61.959714577" lon="25.314853259" /><trkpt lat="61.959727913" lon="25.314871520" /><trkpt lat="61.959741172" lon="25.314889676" /><trkpt lat="61.959754338" lon="25.314907704" /><trkpt lat="61.959767395" lon="25.314925583" /><trkpt lat="61.959780328" lon="25.314943293" /><trkpt lat="61.959793122" lon="25.314960812" /><trkpt lat="61.959805762" lon="25.314978117" /><trkpt lat="61.959818230" lon="25.314995189" /><trkpt lat="61.959830513" lon="25.315012006" /><trkpt lat="61.959842595" lon="25.315028546" /><trkpt lat="61.959854460" lon="25.315044788" /><trkpt lat="61.959866093" lon="25.315060710" /><trkpt lat="61.959877477" lon="25.315076292" /><trkpt lat="61.959888599" lon="25.315091512" /><trkpt lat="61.959899441" lon="25.315106349" /><trkpt lat="61.959909989" lon="25.315120781" /><trkpt lat="61.959920228" lon="25.315134787" /><trkpt lat="61.959930141" lon="25.315148345" /><trkpt lat="61.959939713" lon="25.315161435" /><trkpt lat="61.959948930" lon="25.315174035" /><trkpt lat="61.959957774" lon="25.315186123" /><trkpt lat="61.959966231" lon="25.315197678" /><trkpt lat="61.959974285" lon="25.315208680" /><trkpt lat="61.959981921" lon="25.315219106" /><trkpt lat="61.959989123" lon="25.315228935" /><trkpt lat="61.959995876" lon="25.315238146" /><trkpt lat="61.960002165" lon="25.315246718" /><trkpt lat="61.960007972" lon="25.315254629" /><trkpt lat="61.960015031" lon="25.315264143" /><trkpt lat="61.960022442" lon="25.315273953" /><trkpt lat="61.960030189" lon="25.315284055" /><trkpt lat="61.960038258" lon="25.315294441" /><trkpt lat="61.960046631" lon="25.315305105" /><trkpt lat="61.960055295" lon="25.315316041" /><trkpt lat="61.960064233" lon="25.315327242" /><trkpt lat="61.960073430" lon="25.315338703" /><trkpt lat="61.960082869" lon="25.315350416" /><trkpt lat="61.960092537" lon="25.315362376" /><trkpt lat="61.960102417" lon="25.315374577" /><trkpt lat="61.960112493" lon="25.315387012" /><trkpt lat="61.960122750" lon="25.315399674" /><trkpt lat="61.960133173" lon="25.315412558" /><trkpt lat="61.960143746" lon="25.315425657" /><trkpt lat="61.960154453" lon="25.315438965" /><trkpt lat="61.960165278" lon="25.315452476" /><trkpt lat="61.960176208" lon="25.315466183" /><trkpt lat="61.960187224" lon="25.315480080" /><trkpt lat="61.960198313" lon="25.315494161" /><trkpt lat="61.960209459" lon="25.315508420" /><trkpt lat="61.960220646" lon="25.315522850" /><trkpt lat="61.960231858" lon="25.315537444" /><trkpt lat="61.960243080" lon="25.315552197" /><trkpt lat="61.960254296" lon="25.315567103" /><trkpt lat="61.960265492" lon="25.315582155" /><trkpt lat="61.960276650" lon="25.315597346" /><trkpt lat="61.960287757" lon="25.315612671" /><trkpt lat="61.960298795" lon="25.315628123" /><trkpt lat="61.960309750" lon="25.315643696" /><trkpt lat="61.960320607" lon="25.315659384" /><trkpt lat="61.960331349" lon="25.315675180" /><trkpt lat="61.960341961" lon="25.315691078" /><trkpt lat="61.960352427" lon="25.315707071" /><trkpt lat="61.960362732" lon="25.315723155" /><trkpt lat="61.960372861" lon="25.315739321" /><trkpt lat="61.960382797" lon="25.315755565" /><trkpt lat="61.960392526" lon="25.315771879" /><trkpt lat="61.960402031" lon="25.315788257" /><trkpt lat="61.960411298" lon="25.315804693" /><trkpt lat="61.960420310" lon="25.315821181" /><trkpt lat="61.960429052" lon="25.315837715" /><trkpt lat="61.960437508" lon="25.315854287" /><trkpt lat="61.960445664" lon="25.315870893" /><trkpt lat="61.960453503" lon="25.315887525" /><trkpt lat="61.960461009" lon="25.315904178" /><trkpt lat="61.960468168" lon="25.315920844" /><trkpt lat="61.960474964" lon="25.315937519" /><trkpt lat="61.960481381" lon="25.315954194" /><trkpt lat="61.960487404" lon="25.315970865" /><trkpt lat="61.960493016" lon="25.315987525" /><trkpt lat="61.960498204" lon="25.316004167" /><trkpt lat="61.960502950" lon="25.316020786" /><trkpt lat="61.960507239" lon="25.316037375" /><trkpt lat="61.960511057" lon="25.316053927" /><trkpt lat="61.960515071" lon="25.316072585" /><trkpt lat="61.960519083" lon="25.316091434" /><trkpt lat="61.960523092" lon="25.316110460" /><trkpt lat="61.960527096" lon="25.316129646" /><trkpt lat="61.960531093" lon="25.316148976" /><trkpt lat="61.960535082" lon="25.316168435" /><trkpt lat="61.960539060" lon="25.316188006" /><trkpt lat="61.960543027" lon="25.316207674" /><trkpt lat="61.960546981" lon="25.316227423" /><trkpt lat="61.960550920" lon="25.316247237" /><trkpt lat="61.960554842" lon="25.316267100" /><trkpt lat="61.960558745" lon="25.316286996" /><trkpt lat="61.960562629" lon="25.316306909" /><trkpt lat="61.960566490" lon="25.316326824" /><trkpt lat="61.960570329" lon="25.316346725" /><trkpt lat="61.960574142" lon="25.316366595" /><trkpt lat="61.960577928" lon="25.316386419" /><trkpt lat="61.960581686" lon="25.316406182" /><trkpt lat="61.960585414" lon="25.316425866" /><trkpt lat="61.960589111" lon="25.316445457" /><trkpt lat="61.960592773" lon="25.316464938" /><trkpt lat="61.960596401" lon="25.316484294" /><trkpt lat="61.960599992" lon="25.316503509" /><trkpt lat="61.960603544" lon="25.316522566" /><trkpt lat="61.960607057" lon="25.316541450" /><trkpt lat="61.960610527" lon="25.316560146" /><trkpt lat="61.960613954" lon="25.316578636" /><trkpt lat="61.960617336" lon="25.316596906" /><trkpt lat="61.960620671" lon="25.316614940" /><trkpt lat="61.960623958" lon="25.316632721" /><trkpt lat="61.960627194" lon="25.316650233" /><trkpt lat="61.960630379" lon="25.316667462" /><trkpt lat="61.960633510" lon="25.316684391" /><trkpt lat="61.960636586" lon="25.316701004" /><trkpt lat="61.960639605" lon="25.316717285" /><trkpt lat="61.960642565" lon="25.316733219" /><trkpt lat="61.960645466" lon="25.316748789" /><trkpt lat="61.960648304" lon="25.316763979" /><trkpt lat="61.960651079" lon="25.316778775" /><trkpt lat="61.960653789" lon="25.316793160" /><trkpt lat="61.960656432" lon="25.316807117" /><trkpt lat="61.960659006" lon="25.316820632" /><trkpt lat="61.960661511" lon="25.316833688" /><trkpt lat="61.960663943" lon="25.316846270" /><trkpt lat="61.960666302" lon="25.316858361" /><trkpt lat="61.960668585" lon="25.316869946" /><trkpt lat="61.960670792" lon="25.316881009" /><trkpt lat="61.960672920" lon="25.316891534" /><trkpt lat="61.960674967" lon="25.316901505" /><trkpt lat="61.960677863" lon="25.316914589" /><trkpt lat="61.960681227" lon="25.316928159" /><trkpt lat="61.960685044" lon="25.316942183" /><trkpt lat="61.960689302" lon="25.316956628" /><trkpt lat="61.960693987" lon="25.316971464" /><trkpt lat="61.960699085" lon="25.316986658" /><trkpt lat="61.960704584" lon="25.317002179" /><trkpt lat="61.960710469" lon="25.317017994" /><trkpt lat="61.960716727" lon="25.317034073" /><trkpt lat="61.960723345" lon="25.317050383" /><trkpt lat="61.960730309" lon="25.317066892" /><trkpt lat="61.960737607" lon="25.317083569" /><trkpt lat="61.960745224" lon="25.317100383" /><trkpt lat="61.960753146" lon="25.317117300" /><trkpt lat="61.960761362" lon="25.317134290" /><trkpt lat="61.960769856" lon="25.317151320" /><trkpt lat="61.960778617" lon="25.317168360" /><trkpt lat="61.960787629" lon="25.317185376" /><trkpt lat="61.960796880" lon="25.317202338" /><trkpt lat="61.960806357" lon="25.317219213" /><trkpt lat="61.960816045" lon="25.317235971" /><trkpt lat="61.960825933" lon="25.317252578" /><trkpt lat="61.960836005" lon="25.317269003" /><trkpt lat="61.960846248" lon="25.317285215" /><trkpt lat="61.960856650" lon="25.317301182" /><trkpt lat="61.960867197" lon="25.317316872" /><trkpt lat="61.960877875" lon="25.317332253" /><trkpt lat="61.960888670" lon="25.317347293" /><trkpt lat="61.960899570" lon="25.317361961" /><trkpt lat="61.960910562" lon="25.317376225" /><trkpt lat="61.960921630" lon="25.317390053" /><trkpt lat="61.960932763" lon="25.317403413" /><trkpt lat="61.960943946" lon="25.317416274" /><trkpt lat="61.960955166" lon="25.317428603" /><trkpt lat="61.960966411" lon="25.317440370" /><trkpt lat="61.960977665" lon="25.317451541" /><trkpt lat="61.960988916" lon="25.317462087" /><trkpt lat="61.960997260" lon="25.317469591" /><trkpt lat="61.961006272" lon="25.317477545" /><trkpt lat="61.961015926" lon="25.317485928" /><trkpt lat="61.961026196" lon="25.317494719" /><trkpt lat="61.961037055" lon="25.317503897" /><trkpt lat="61.961048478" lon="25.317513442" /><trkpt lat="61.961060440" lon="25.317523332" /><trkpt lat="61.961072913" lon="25.317533548" /><trkpt lat="61.961085872" lon="25.317544068" /><trkpt lat="61.961099291" lon="25.317554872" /><trkpt lat="61.961113144" lon="25.317565939" /><trkpt lat="61.961127405" lon="25.317577248" /><trkpt lat="61.961142048" lon="25.317588779" /><trkpt lat="61.961157047" lon="25.317600511" /><trkpt lat="61.961172376" lon="25.317612423" /><trkpt lat="61.961188009" lon="25.317624494" /><trkpt lat="61.961203920" lon="25.317636704" /><trkpt lat="61.961220083" lon="25.317649032" /><trkpt lat="61.961236472" lon="25.317661457" /><trkpt lat="61.961253061" lon="25.317673959" /><trkpt lat="61.961269824" lon="25.317686517" /><trkpt lat="61.961286736" lon="25.317699110" /><trkpt lat="61.961303769" lon="25.317711717" /><trkpt lat="61.961320899" lon="25.317724318" /><trkpt lat="61.961338099" lon="25.317736892" /><trkpt lat="61.961355343" lon="25.317749418" /><trkpt lat="61.961372605" lon="25.317761876" /><trkpt lat="61.961389859" lon="25.317774245" /><trkpt lat="61.961407080" lon="25.317786504" /><trkpt lat="61.961424241" lon="25.317798632" /><trkpt lat="61.961441316" lon="25.317810609" /><trkpt lat="61.961458279" lon="25.317822413" /><trkpt lat="61.961475105" lon="25.317834026" /><trkpt lat="61.961491767" lon="25.317845424" /><trkpt lat="61.961508239" lon="25.317856589" /><trkpt lat="61.961524495" lon="25.317867498" /><trkpt lat="61.961540510" lon="25.317878132" /><trkpt lat="61.961556257" lon="25.317888470" /><trkpt lat="61.961571711" lon="25.317898490" /><trkpt lat="61.961586844" lon="25.317908173" /><trkpt lat="61.961601633" lon="25.317917498" /><trkpt lat="61.961616049" lon="25.317926443" /><trkpt lat="61.961630068" lon="25.317934988" /><trkpt lat="61.961643664" lon="25.317943113" /><trkpt lat="61.961656809" lon="25.317950796" /><trkpt lat="61.961669480" lon="25.317958017" /><trkpt lat="61.961681648" lon="25.317964756" /><trkpt lat="61.961693290" lon="25.317970991" /><trkpt lat="61.961704377" lon="25.317976702" /><trkpt lat="61.961714886" lon="25.317981868" /><trkpt lat="61.961724788" lon="25.317986468" /><trkpt lat="61.961734060" lon="25.317990482" /><trkpt lat="61.961748157" lon="25.317996078" /><trkpt lat="61.961762265" lon="25.318001172" /><trkpt lat="61.961776401" lon="25.318005779" /><trkpt lat="61.961790583" lon="25.318009915" /><trkpt lat="61.961804827" lon="25.318013594" /><trkpt lat="61.961819152" lon="25.318016832" /><trkpt lat="61.961833575" lon="25.318019645" /><trkpt lat="61.961848113" lon="25.318022046" /><trkpt lat="61.961862783" lon="25.318024053" /><trkpt lat="61.961877605" lon="25.318025679" /><trkpt lat="61.961892593" lon="25.318026940" /><trkpt lat="61.961907768" lon="25.318027851" /><trkpt lat="61.961923144" lon="25.318028428" /><trkpt lat="61.961938741" lon="25.318028686" /><trkpt lat="61.961954576" lon="25.318028639" /><trkpt lat="61.961970666" lon="25.318028304" /><trkpt lat="61.961987028" lon="25.318027695" /><trkpt lat="61.962003680" lon="25.318026828" /><trkpt lat="61.962020640" lon="25.318025717" /><trkpt lat="61.962037925" lon="25.318024379" /><trkpt lat="61.962055553" lon="25.318022828" /><trkpt lat="61.962073540" lon="25.318021079" /><trkpt lat="61.962091905" lon="25.318019148" /><trkpt lat="61.962110665" lon="25.318017050" /><trkpt lat="61.962129837" lon="25.318014800" /><trkpt lat="61.962149438" lon="25.318012414" /><trkpt lat="61.962169488" lon="25.318009906" /><trkpt lat="61.962190002" lon="25.318007292" /><trkpt lat="61.962210998" lon="25.318004588" /><trkpt lat="61.962232494" lon="25.318001807" /><trkpt lat="61.962254507" lon="25.317998966" /><trkpt lat="61.962277055" lon="25.317996080" /><trkpt lat="61.962300155" lon="25.317993164" /><trkpt lat="61.962312718" lon="25.317991575" /><trkpt lat="61.962325897" lon="25.317989876" /><trkpt lat="61.962339670" lon="25.317988070" /><trkpt lat="61.962354015" lon="25.317986161" /><trkpt lat="61.962368908" lon="25.317984153" /><trkpt lat="61.962384329" lon="25.317982047" /><trkpt lat="61.962400254" lon="25.317979849" /><trkpt lat="61.962416661" lon="25.317977561" /><trkpt lat="61.962433528" lon="25.317975186" /><trkpt lat="61.962450833" lon="25.317972729" /><trkpt lat="61.962468553" lon="25.317970192" /><trkpt lat="61.962486666" lon="25.317967580" /><trkpt lat="61.962505149" lon="25.317964895" /><trkpt lat="61.962523980" lon="25.317962140" /><trkpt lat="61.962543138" lon="25.317959320" /><trkpt lat="61.962562599" lon="25.317956437" /><trkpt lat="61.962582341" lon="25.317953496" /><trkpt lat="61.962602342" lon="25.317950499" /><trkpt lat="61.962622580" lon="25.317947450" /><trkpt lat="61.962643032" lon="25.317944352" /><trkpt lat="61.962663676" lon="25.317941209" /><trkpt lat="61.962684489" lon="25.317938024" /><trkpt lat="61.962705450" lon="25.317934800" /><trkpt lat="61.962726536" lon="25.317931541" /><trkpt lat="61.962747724" lon="25.317928251" /><trkpt lat="61.962768993" lon="25.317924932" /><trkpt lat="61.962790320" lon="25.317921589" /><trkpt lat="61.962811682" lon="25.317918224" /><trkpt lat="61.962833058" lon="25.317914841" /><trkpt lat="61.962854425" lon="25.317911444" /><trkpt lat="61.962875760" lon="25.317908035" /><trkpt lat="61.962897042" lon="25.317904619" /><trkpt lat="61.962918248" lon="25.317901198" /><trkpt lat="61.962939355" lon="25.317897776" /><trkpt lat="61.962960342" lon="25.317894356" /><trkpt lat="61.962981186" lon="25.317890943" /><trkpt lat="61.963001865" lon="25.317887539" /><trkpt lat="61.963022356" lon="25.317884147" /><trkpt lat="61.963042637" lon="25.317880772" /><trkpt lat="61.963062686" lon="25.317877416" /><trkpt lat="61.963082480" lon="25.317874083" /><trkpt lat="61.963101998" lon="25.317870776" /><trkpt lat="61.963121216" lon="25.317867499" /><trkpt lat="61.963140113" lon="25.317864255" /><trkpt lat="61.963158665" lon="25.317861048" /><trkpt lat="61.963176852" lon="25.317857880" /><trkpt lat="61.963194650" lon="25.317854756" /><trkpt lat="61.963212037" lon="25.317851679" /><trkpt lat="61.963228991" lon="25.317848652" /><trkpt lat="61.963245489" lon="25.317845679" /><trkpt lat="61.963261510" lon="25.317842763" /><trkpt lat="61.963277030" lon="25.317839907" /><trkpt lat="61.963292028" lon="25.317837115" /><trkpt lat="61.963306482" lon="25.317834390" /><trkpt lat="61.963320368" lon="25.317831736" /><trkpt lat="61.963333664" lon="25.317829156" /><trkpt lat="61.963346349" lon="25.317826653" /><trkpt lat="61.963358399" lon="25.317824231" /><trkpt lat="61.963369793" lon="25.317821894" /><trkpt lat="61.963380509" lon="25.317819644" /><trkpt lat="61.963390523" lon="25.317817486" /><trkpt lat="61.963399814" lon="25.317815422" /><trkpt lat="61.963408359" lon="25.317813456" /><trkpt lat="61.963419692" lon="25.317810768" /><trkpt lat="61.963431778" lon="25.317807853" /><trkpt lat="61.963444578" lon="25.317804734" /><trkpt lat="61.963458052" lon="25.317801432" /><trkpt lat="61.963472163" lon="25.317797968" /><trkpt lat="61.963486873" lon="25.317794365" /><trkpt lat="61.963502141" lon="25.317790643" /><trkpt lat="61.963517930" lon="25.317786824" /><trkpt lat="61.963534202" lon="25.317782929" /><trkpt lat="61.963550916" lon="25.317778981" /><trkpt lat="61.963568036" lon="25.317775001" /><trkpt lat="61.963585522" lon="25.317771010" /><trkpt lat="61.963603335" lon="25.317767030" /><trkpt lat="61.963621438" lon="25.317763082" /><trkpt lat="61.963639791" lon="25.317759188" /><trkpt lat="61.963658355" lon="25.317755370" /><trkpt lat="61.963677093" lon="25.317751649" /><trkpt lat="61.963695966" lon="25.317748046" /><trkpt lat="61.963714934" lon="25.317744583" /><trkpt lat="61.963733960" lon="25.317741282" /><trkpt lat="61.963753004" lon="25.317738165" /><trkpt lat="61.963772029" lon="25.317735252" /><trkpt lat="61.963790995" lon="25.317732565" /><trkpt lat="61.963809864" lon="25.317730126" /><trkpt lat="61.963828597" lon="25.317727957" /><trkpt lat="61.963847156" lon="25.317726079" /><trkpt lat="61.963865501" lon="25.317724513" /><trkpt lat="61.963883596" lon="25.317723281" /><trkpt lat="61.963901400" lon="25.317722404" /><trkpt lat="61.963918875" lon="25.317721905" /><trkpt lat="61.963935983" lon="25.317721805" /><trkpt lat="61.963952685" lon="25.317722124" /><trkpt lat="61.963968942" lon="25.317722886" /><trkpt lat="61.963984716" lon="25.317724111" /><trkpt lat="61.963999968" lon="25.317725820" /><trkpt lat="61.964014659" lon="25.317728037" /><trkpt lat="61.964028752" lon="25.317730781" /><trkpt lat="61.964042206" lon="25.317734074" /><trkpt lat="61.964054984" lon="25.317737939" /><trkpt lat="61.964067048" lon="25.317742396" /><trkpt lat="61.964078358" lon="25.317747467" /><trkpt lat="61.964088875" lon="25.317753174" /><trkpt lat="61.964098562" lon="25.317759538" /><trkpt lat="61.964107380" lon="25.317766581" /><trkpt lat="61.964115289" lon="25.317774325" /><trkpt lat="61.964122252" lon="25.317782790" /><trkpt lat="61.964128229" lon="25.317791998" /><trkpt lat="61.964136628" lon="25.317806898" /><trkpt lat="61.964144693" lon="25.317821577" /><trkpt lat="61.964152441" lon="25.317836062" /><trkpt lat="61.964159891" lon="25.317850382" /><trkpt lat="61.964167060" lon="25.317864567" /><trkpt lat="61.964173967" lon="25.317878644" /><trkpt lat="61.964180631" lon="25.317892643" /><trkpt lat="61.964187069" lon="25.317906592" /><trkpt lat="61.964193300" lon="25.317920519" /><trkpt lat="61.964199342" lon="25.317934453" /><trkpt lat="61.964205213" lon="25.317948424" /><trkpt lat="61.964210931" lon="25.317962458" /><trkpt lat="61.964216515" lon="25.317976586" /><trkpt lat="61.964221982" lon="25.317990835" /><trkpt lat="61.964227352" lon="25.318005234" /><trkpt lat="61.964232641" lon="25.318019812" /><trkpt lat="61.964237869" lon="25.318034598" /><trkpt lat="61.964243054" lon="25.318049619" /><trkpt lat="61.964248213" lon="25.318064905" /><trkpt lat="61.964253365" lon="25.318080485" /><trkpt lat="61.964258529" lon="25.318096386" /><trkpt lat="61.964263722" lon="25.318112638" /><trkpt lat="61.964268962" lon="25.318129269" /><trkpt lat="61.964274269" lon="25.318146307" /><trkpt lat="61.964279659" lon="25.318163782" /><trkpt lat="61.964285152" lon="25.318181722" /><trkpt lat="61.964290765" lon="25.318200155" /><trkpt lat="61.964296517" lon="25.318219111" /><trkpt lat="61.964302425" lon="25.318238617" /><trkpt lat="61.964308509" lon="25.318258703" /><trkpt lat="61.964312669" lon="25.318272259" /><trkpt lat="61.964317085" lon="25.318286321" /><trkpt lat="61.964321750" lon="25.318300863" /><trkpt lat="61.964326656" lon="25.318315857" /><trkpt lat="61.964331794" lon="25.318331279" /><trkpt lat="61.964337158" lon="25.318347100" /><trkpt lat="61.964342738" lon="25.318363295" /><trkpt lat="61.964348528" lon="25.318379837" /><trkpt lat="61.964354518" lon="25.318396700" /><trkpt lat="61.964360702" lon="25.318413857" /><trkpt lat="61.964367071" lon="25.318431282" /><trkpt lat="61.964373617" lon="25.318448949" /><trkpt lat="61.964380333" lon="25.318466830" /><trkpt lat="61.964387210" lon="25.318484900" /><trkpt lat="61.964394241" lon="25.318503132" /><trkpt lat="61.964401418" lon="25.318521500" /><trkpt lat="61.964408732" lon="25.318539976" /><trkpt lat="61.964416176" lon="25.318558536" /><trkpt lat="61.964423742" lon="25.318577151" /><trkpt lat="61.964431421" lon="25.318595796" /><trkpt lat="61.964439207" lon="25.318614445" /><trkpt lat="61.964447091" lon="25.318633071" /><trkpt lat="61.964455065" lon="25.318651646" /><trkpt lat="61.964463121" lon="25.318670146" /><trkpt lat="61.964471251" lon="25.318688543" /><trkpt lat="61.964479448" lon="25.318706812" /><trkpt lat="61.964487703" lon="25.318724925" /><trkpt lat="61.964496009" lon="25.318742856" /><trkpt lat="61.964504357" lon="25.318760578" /><trkpt lat="61.964512740" lon="25.318778066" /><trkpt lat="61.964521150" lon="25.318795293" /><trkpt lat="61.964529578" lon="25.318812232" /><trkpt lat="61.964538018" lon="25.318828857" /><trkpt lat="61.964546460" lon="25.318845141" /><trkpt lat="61.964554897" lon="25.318861058" /><trkpt lat="61.964563322" lon="25.318876582" /><trkpt lat="61.964571726" lon="25.318891686" /><trkpt lat="61.964580100" lon="25.318906343" /><trkpt lat="61.964588439" lon="25.318920528" /><trkpt lat="61.964596732" lon="25.318934213" /><trkpt lat="61.964604973" lon="25.318947372" /><trkpt lat="61.964613154" lon="25.318959979" /><trkpt lat="61.964621266" lon="25.318972008" /><trkpt lat="61.964629302" lon="25.318983431" /><trkpt lat="61.964637254" lon="25.318994223" /><trkpt lat="61.964645113" lon="25.319004357" /><trkpt lat="61.964650450" lon="25.319011024" /><trkpt lat="61.964656329" lon="25.319018321" /><trkpt lat="61.964662734" lon="25.319026229" /><trkpt lat="61.964669649" lon="25.319034729" /><trkpt lat="61.964677057" lon="25.319043802" /><trkpt lat="61.964684944" lon="25.319053430" /><trkpt lat="61.964693291" lon="25.319063594" /><trkpt lat="61.964702085" lon="25.319074276" /><trkpt lat="61.964711307" lon="25.319085456" /><trkpt lat="61.964720943" lon="25.319097117" /><trkpt lat="61.964730976" lon="25.319109239" /><trkpt lat="61.964741390" lon="25.319121804" /><trkpt lat="61.964752169" lon="25.319134792" /><trkpt lat="61.964763297" lon="25.319148187" /><trkpt lat="61.964774757" lon="25.319161968" /><trkpt lat="61.964786535" lon="25.319176118" /><trkpt lat="61.964798612" lon="25.319190616" /><trkpt lat="61.964810974" lon="25.319205446" /><trkpt lat="61.964823605" lon="25.319220588" /><trkpt lat="61.964836487" lon="25.319236024" /><trkpt lat="61.964849606" lon="25.319251734" /><trkpt lat="61.964862945" lon="25.319267701" /><trkpt lat="61.964876487" lon="25.319283905" /><trkpt lat="61.964890218" lon="25.319300328" /><trkpt lat="61.964904120" lon="25.319316951" /><trkpt lat="61.964918178" lon="25.319333756" /><trkpt lat="61.964932375" lon="25.319350723" /><trkpt lat="61.964946695" lon="25.319367835" /><trkpt lat="61.964961123" lon="25.319385073" /><trkpt lat="61.964975642" lon="25.319402417" /><trkpt lat="61.964990236" lon="25.319419850" /><trkpt lat="61.965004889" lon="25.319437352" /><trkpt lat="61.965019585" lon="25.319454906" /><trkpt lat="61.965034307" lon="25.319472491" /><trkpt lat="61.965049041" lon="25.319490090" /><trkpt lat="61.965063769" lon="25.319507684" /><trkpt lat="61.965078475" lon="25.319525255" /><trkpt lat="61.965093143" lon="25.319542783" /><trkpt lat="61.965107758" lon="25.319560250" /><trkpt lat="61.965122303" lon="25.319577637" /><trkpt lat="61.965136762" lon="25.319594926" /><trkpt lat="61.965151119" lon="25.319612099" /><trkpt lat="61.965165358" lon="25.319629135" /><trkpt lat="61.965179462" lon="25.319646017" /><trkpt lat="61.965193416" lon="25.319662726" /><trkpt lat="61.965207204" lon="25.319679244" /><trkpt lat="61.965220809" lon="25.319695551" /><trkpt lat="61.965234215" lon="25.319711629" /><trkpt lat="61.965247406" lon="25.319727460" /><trkpt lat="61.965260367" lon="25.319743024" /><trkpt lat="61.965273080" lon="25.319758303" /><trkpt lat="61.965285531" lon="25.319773279" /><trkpt lat="61.965297702" lon="25.319787932" /><trkpt lat="61.965309578" lon="25.319802245" /><trkpt lat="61.965321142" lon="25.319816198" /><trkpt lat="61.965332379" lon="25.319829773" /><trkpt lat="61.965343272" lon="25.319842951" /><trkpt lat="61.965353806" lon="25.319855713" /><trkpt lat="61.965363964" lon="25.319868041" /><trkpt lat="61.965373729" lon="25.319879916" /><trkpt lat="61.965383087" lon="25.319891320" /><trkpt lat="61.965392021" lon="25.319902233" /><trkpt lat="61.965400514" lon="25.319912638" /><trkpt lat="61.965408551" lon="25.319922515" /><trkpt lat="61.965416115" lon="25.319931846" /><trkpt lat="61.965423191" lon="25.319940612" /><trkpt lat="61.965429762" lon="25.319948795" /><trkpt lat="61.965435813" lon="25.319956375" /><trkpt lat="61.965441326" lon="25.319963335" /><trkpt lat="61.965446287" lon="25.319969655" /><trkpt lat="61.965450678" lon="25.319975317" /><trkpt lat="61.965454611" lon="25.319980378" /><trkpt lat="61.965459121" lon="25.319986096" /><trkpt lat="61.965464192" lon="25.319992454" /><trkpt lat="61.965469811" lon="25.319999433" /><trkpt lat="61.965475963" lon="25.320007018" /><trkpt lat="61.965482633" lon="25.320015190" /><trkpt lat="61.965489807" lon="25.320023932" /><trkpt lat="61.965497469" lon="25.320033228" /><trkpt lat="61.965505607" lon="25.320043060" /><trkpt lat="61.965514205" lon="25.320053410" /><trkpt lat="61.965523249" lon="25.320064261" /><trkpt lat="61.965532724" lon="25.320075597" /><trkpt lat="61.965542615" lon="25.320087399" /><trkpt lat="61.965552909" lon="25.320099651" /><trkpt lat="61.965563590" lon="25.320112335" /><trkpt lat="61.965574644" lon="25.320125434" /><trkpt lat="61.965586057" lon="25.320138931" /><trkpt lat="61.965597814" lon="25.320152809" /><trkpt lat="61.965609901" lon="25.320167050" /><trkpt lat="61.965622302" lon="25.320181637" /><trkpt lat="61.965635004" lon="25.320196553" /><trkpt lat="61.965647992" lon="25.320211780" /><trkpt lat="61.965661251" lon="25.320227302" /><trkpt lat="61.965674767" lon="25.320243100" /><trkpt lat="61.965688526" lon="25.320259159" /><trkpt lat="61.965702513" lon="25.320275459" /><trkpt lat="61.965716713" lon="25.320291985" /><trkpt lat="61.965731111" lon="25.320308719" /><trkpt lat="61.965745694" lon="25.320325644" /><trkpt lat="61.965760447" lon="25.320342742" /><trkpt lat="61.965775355" lon="25.320359997" /><trkpt lat="61.965790404" lon="25.320377390" /><trkpt lat="61.965805579" lon="25.320394906" /><trkpt lat="61.965820866" lon="25.320412525" /><trkpt lat="61.965836250" lon="25.320430232" /><trkpt lat="61.965851716" lon="25.320448009" /><trkpt lat="61.965867251" lon="25.320465838" /><trkpt lat="61.965882839" lon="25.320483703" /><trkpt lat="61.965898466" lon="25.320501586" /><trkpt lat="61.965914118" lon="25.320519470" /><trkpt lat="61.965929780" lon="25.320537337" /><trkpt lat="61.965945438" lon="25.320555171" /><trkpt lat="61.965961076" lon="25.320572954" /><trkpt lat="61.965976681" lon="25.320590669" /><trkpt lat="61.965992238" lon="25.320608299" /><trkpt lat="61.966007733" lon="25.320625826" /><trkpt lat="61.966023150" lon="25.320643233" /><trkpt lat="61.966038476" lon="25.320660503" /><trkpt lat="61.966053695" lon="25.320677618" /><trkpt lat="61.966068794" lon="25.320694562" /><trkpt lat="61.966083758" lon="25.320711317" /><trkpt lat="61.966098572" lon="25.320727866" /><trkpt lat="61.966113222" lon="25.320744192" /><trkpt lat="61.966127693" lon="25.320760276" /><trkpt lat="61.966141970" lon="25.320776103" /><trkpt lat="61.966156040" lon="25.320791655" /><trkpt lat="61.966169888" lon="25.320806914" /><trkpt lat="61.966183499" lon="25.320821864" /><trkpt lat="61.966196859" lon="25.320836486" /><trkpt lat="61.966209952" lon="25.320850764" /><trkpt lat="61.966222765" lon="25.320864681" /><trkpt lat="61.966235284" lon="25.320878219" /><trkpt lat="61.966247493" lon="25.320891362" /><trkpt lat="61.966259378" lon="25.320904090" /><trkpt lat="61.966270924" lon="25.320916389" /><trkpt lat="61.966282118" lon="25.320928239" /><trkpt lat="61.966292944" lon="25.320939625" /><trkpt lat="61.966303388" lon="25.320950528" /><trkpt lat="61.966313435" lon="25.320960932" /><trkpt lat="61.966323071" lon="25.320970819" /><trkpt lat="61.966332282" lon="25.320980173" /><trkpt lat="61.966341052" lon="25.320988974" /><trkpt lat="61.966349368" lon="25.320997207" /><trkpt lat="61.966357215" lon="25.321004855" /><trkpt lat="61.966364578" lon="25.321011899" /><trkpt lat="61.966371443" lon="25.321018323" /><trkpt lat="61.966377795" lon="25.321024110" /><trkpt lat="61.966383619" lon="25.321029241" /><trkpt lat="61.966388902" lon="25.321033701" /><trkpt lat="61.966393629" lon="25.321037471" /><trkpt lat="61.966400792" lon="25.321042987" /><trkpt lat="61.966408843" lon="25.321049190" /><trkpt lat="61.966417744" lon="25.321056051" /><trkpt lat="61.966427461" lon="25.321063544" /><trkpt lat="61.966437956" lon="25.321071639" /><trkpt lat="61.966449193" lon="25.321080307" /><trkpt lat="61.966461137" lon="25.321089519" /><trkpt lat="61.966473751" lon="25.321099249" /><trkpt lat="61.966486999" lon="25.321109466" /><trkpt lat="61.966500844" lon="25.321120142" /><trkpt lat="61.966515250" lon="25.321131249" /><trkpt lat="61.966530182" lon="25.321142759" /><trkpt lat="61.966545603" lon="25.321154642" /><trkpt lat="61.966561476" lon="25.321166870" /><trkpt lat="61.966577765" lon="25.321179415" /><trkpt lat="61.966594435" lon="25.321192248" /><trkpt lat="61.966611449" lon="25.321205341" /><trkpt lat="61.966628770" lon="25.321218664" /><trkpt lat="61.966646364" lon="25.321232190" /><trkpt lat="61.966664192" lon="25.321245890" /><trkpt lat="61.966682220" lon="25.321259735" /><trkpt lat="61.966700410" lon="25.321273698" /><trkpt lat="61.966718727" lon="25.321287748" /><trkpt lat="61.966737134" lon="25.321301858" /><trkpt lat="61.966755596" lon="25.321316000" /><trkpt lat="61.966774076" lon="25.321330144" /><trkpt lat="61.966792537" lon="25.321344262" /><trkpt lat="61.966810944" lon="25.321358326" /><trkpt lat="61.966829260" lon="25.321372307" /><trkpt lat="61.966847450" lon="25.321386177" /><trkpt lat="61.966865476" lon="25.321399907" /><trkpt lat="61.966883303" lon="25.321413468" /><trkpt lat="61.966900894" lon="25.321426832" /><trkpt lat="61.966918214" lon="25.321439970" /><trkpt lat="61.966935225" lon="25.321452855" /><trkpt lat="61.966951892" lon="25.321465456" /><trkpt lat="61.966968179" lon="25.321477747" /><trkpt lat="61.966984049" lon="25.321489697" /><trkpt lat="61.966999466" lon="25.321501280" /><trkpt lat="61.967014394" lon="25.321512465" /><trkpt lat="61.967028797" lon="25.321523226" /><trkpt lat="61.967042638" lon="25.321533532" /><trkpt lat="61.967055881" lon="25.321543356" /><trkpt lat="61.967068490" lon="25.321552669" /><trkpt lat="61.967080429" lon="25.321561442" /><trkpt lat="61.967091662" lon="25.321569647" /><trkpt lat="61.967102151" lon="25.321577256" /><trkpt lat="61.967111862" lon="25.321584240" /><trkpt lat="61.967120758" lon="25.321590570" /><trkpt lat="61.967128802" lon="25.321596217" /><trkpt lat="61.967135959" lon="25.321601154" /><trkpt lat="61.967142191" lon="25.321605352" /><trkpt lat="61.967147464" lon="25.321608782" /><trkpt lat="61.967155193" lon="25.321613819" /><trkpt lat="61.967163468" lon="25.321619423" /><trkpt lat="61.967172279" lon="25.321625536" /><trkpt lat="61.967181616" lon="25.321632098" /><trkpt lat="61.967191469" lon="25.321639051" /><trkpt lat="61.967201828" lon="25.321646335" /><trkpt lat="61.967212683" lon="25.321653893" /><trkpt lat="61.967224025" lon="25.321661664" /><trkpt lat="61.967235842" lon="25.321669590" /><trkpt lat="61.967248125" lon="25.321677611" /><trkpt lat="61.967260865" lon="25.321685670" /><trkpt lat="61.967274051" lon="25.321693706" /><trkpt lat="61.967287672" lon="25.321701662" /><trkpt lat="61.967301720" lon="25.321709477" /><trkpt lat="61.967316184" lon="25.321717093" /><trkpt lat="61.967331054" lon="25.321724451" /><trkpt lat="61.967346320" lon="25.321731493" /><trkpt lat="61.967361971" lon="25.321738158" /><trkpt lat="61.967377999" lon="25.321744389" /><trkpt lat="61.967394393" lon="25.321750126" /><trkpt lat="61.967411143" lon="25.321755310" /><trkpt lat="61.967428239" lon="25.321759883" /><trkpt lat="61.967445671" lon="25.321763784" /><trkpt lat="61.967463428" lon="25.321766956" /><trkpt lat="61.967481502" lon="25.321769340" /><trkpt lat="61.967499882" lon="25.321770876" /><trkpt lat="61.967518558" lon="25.321771505" /><trkpt lat="61.967537519" lon="25.321771169" /><trkpt lat="61.967556757" lon="25.321769808" /><trkpt lat="61.967576260" lon="25.321767364" /><trkpt lat="61.967596020" lon="25.321763778" /><trkpt lat="61.967616025" lon="25.321758990" /><trkpt lat="61.967636266" lon="25.321752942" /><trkpt lat="61.967656734" lon="25.321745574" /><trkpt lat="61.967670425" lon="25.321740200" /><trkpt lat="61.967684576" lon="25.321734608" /><trkpt lat="61.967699168" lon="25.321728815" /><trkpt lat="61.967714178" lon="25.321722835" /><trkpt lat="61.967729587" lon="25.321716684" /><trkpt lat="61.967745374" lon="25.321710377" /><trkpt lat="61.967761518" lon="25.321703929" /><trkpt lat="61.967777998" lon="25.321697356" /><trkpt lat="61.967794795" lon="25.321690672" /><trkpt lat="61.967811886" lon="25.321683893" /><trkpt lat="61.967829252" lon="25.321677035" /><trkpt lat="61.967846872" lon="25.321670111" /><trkpt lat="61.967864725" lon="25.321663138" /><trkpt lat="61.967882790" lon="25.321656131" /><trkpt lat="61.967901048" lon="25.321649105" /><trkpt lat="61.967919477" lon="25.321642076" /><trkpt lat="61.967938056" lon="25.321635057" /><trkpt lat="61.967956765" lon="25.321628066" /><trkpt lat="61.967975584" lon="25.321621116" /><trkpt lat="61.967994491" lon="25.321614223" /><trkpt lat="61.968013467" lon="25.321607403" /><trkpt lat="61.968032489" lon="25.321600670" /><trkpt lat="61.968051538" lon="25.321594040" /><trkpt lat="61.968070594" lon="25.321587528" /><trkpt lat="61.968089634" lon="25.321581149" /><trkpt lat="61.968108640" lon="25.321574919" /><trkpt lat="61.968127589" lon="25.321568852" /><trkpt lat="61.968146462" lon="25.321562965" /><trkpt lat="61.968165237" lon="25.321557271" /><trkpt lat="61.968183895" lon="25.321551787" /><trkpt lat="61.968202414" lon="25.321546527" /><trkpt lat="61.968220774" lon="25.321541507" /><trkpt lat="61.968238954" lon="25.321536742" /><trkpt lat="61.968256933" lon="25.321532247" /><trkpt lat="61.968274691" lon="25.321528038" /><trkpt lat="61.968292207" lon="25.321524129" /><trkpt lat="61.968309461" lon="25.321520537" /><trkpt lat="61.968326432" lon="25.321517275" /><trkpt lat="61.968343099" lon="25.321514360" /><trkpt lat="61.968359441" lon="25.321511806" /><trkpt lat="61.968375439" lon="25.321509629" /><trkpt lat="61.968391070" lon="25.321507844" /><trkpt lat="61.968406315" lon="25.321506466" /><trkpt lat="61.968421154" lon="25.321505511" /><trkpt lat="61.968435564" lon="25.321504994" /><trkpt lat="61.968449526" lon="25.321504929" /><trkpt lat="61.968463019" lon="25.321505333" /><trkpt lat="61.968476022" lon="25.321506219" /><trkpt lat="61.968488515" lon="25.321507605" /><trkpt lat="61.968500476" lon="25.321509504" /><trkpt lat="61.968511887" lon="25.321511932" /><trkpt lat="61.968522724" lon="25.321514904" /><trkpt lat="61.968538451" lon="25.321519696" /><trkpt lat="61.968554292" lon="25.321524424" /><trkpt lat="61.968570237" lon="25.321529105" /><trkpt lat="61.968586277" lon="25.321533754" /><trkpt lat="61.968602402" lon="25.321538388" /><trkpt lat="61.968618603" lon="25.321543021" /><trkpt lat="61.968634870" lon="25.321547670" /><trkpt lat="61.968651195" lon="25.321552351" /><trkpt lat="61.968667566" lon="25.321557079" /><trkpt lat="61.968683975" lon="25.321561871" /><trkpt lat="61.968700413" lon="25.321566741" /><trkpt lat="61.968716869" lon="25.321571705" /><trkpt lat="61.968733334" lon="25.321576780" /><trkpt lat="61.968749799" lon="25.321581981" /><trkpt lat="61.968766254" lon="25.321587324" /><trkpt lat="61.968782690" lon="25.321592825" /><trkpt lat="61.968799096" lon="25.321598499" /><trkpt lat="61.968815465" lon="25.321604362" /><trkpt lat="61.968831785" lon="25.321610430" /><trkpt lat="61.968848047" lon="25.321616719" /><trkpt lat="61.968864243" lon="25.321623244" /><trkpt lat="61.968880362" lon="25.321630022" /><trkpt lat="61.968896395" lon="25.321637067" /><trkpt lat="61.968912333" lon="25.321644397" /><trkpt lat="61.968928165" lon="25.321652026" /><trkpt lat="61.968943883" lon="25.321659970" /><trkpt lat="61.968959476" lon="25.321668245" /><trkpt lat="61.968974936" lon="25.321676867" /><trkpt lat="61.968990252" lon="25.321685852" /><trkpt lat="61.969005416" lon="25.321695215" /><trkpt lat="61.969020417" lon="25.321704972" /><trkpt lat="61.969035247" lon="25.321715139" /><trkpt lat="61.969049895" lon="25.321725731" /><trkpt lat="61.969064352" lon="25.321736765" /><trkpt lat="61.969078609" lon="25.321748257" /><trkpt lat="61.969087810" lon="25.321755869" /><trkpt lat="61.969097061" lon="25.321763517" /><trkpt lat="61.969106359" lon="25.321771213" /><trkpt lat="61.969115701" lon="25.321778969" /><trkpt lat="61.969125083" lon="25.321786799" /><trkpt lat="61.969134502" lon="25.321794715" /><trkpt lat="61.969143953" lon="25.321802731" /><trkpt lat="61.969153434" lon="25.321810859" /><trkpt lat="61.969162940" lon="25.321819112" /><trkpt lat="61.969172469" lon="25.321827503" /><trkpt lat="61.969182015" lon="25.321836044" /><trkpt lat="61.969191577" lon="25.321844750" /><trkpt lat="61.969201150" lon="25.321853632" /><trkpt lat="61.969210730" lon="25.321862704" /><trkpt lat="61.969220315" lon="25.321871978" /><trkpt lat="61.969229900" lon="25.321881467" /><trkpt lat="61.969239482" lon="25.321891184" /><trkpt lat="61.969249056" lon="25.321901143" /><trkpt lat="61.969258621" lon="25.321911355" /><trkpt lat="61.969268172" lon="25.321921834" /><trkpt lat="61.969277705" lon="25.321932592" /><trkpt lat="61.969287217" lon="25.321943643" /><trkpt lat="61.969296704" lon="25.321955000" /><trkpt lat="61.969306162" lon="25.321966675" /><trkpt lat="61.969315589" lon="25.321978680" /><trkpt lat="61.969324980" lon="25.321991030" /><trkpt lat="61.969334332" lon="25.322003737" /><trkpt lat="61.969343641" lon="25.322016814" /><trkpt lat="61.969352904" lon="25.322030273" /><trkpt lat="61.969362117" lon="25.322044128" /><trkpt lat="61.969371276" lon="25.322058391" /><trkpt lat="61.969380378" lon="25.322073075" /><trkpt lat="61.969389419" lon="25.322088194" /><trkpt lat="61.969398395" lon="25.322103759" /><trkpt lat="61.969407304" lon="25.322119785" /><trkpt lat="61.969416141" lon="25.322136283" /><trkpt lat="61.969424903" lon="25.322153267" /><trkpt lat="61.969433586" lon="25.322170749" /><trkpt lat="61.969442187" lon="25.322188743" /><trkpt lat="61.969450701" lon="25.322207262" /><trkpt lat="61.969459126" lon="25.322226317" /><trkpt lat="61.969467458" lon="25.322245922" /><trkpt lat="61.969475693" lon="25.322266091" /><trkpt lat="61.969483827" lon="25.322286835" /><trkpt lat="61.969491858" lon="25.322308168" /><trkpt lat="61.969499780" lon="25.322330102" /><trkpt lat="61.969507592" lon="25.322352651" /><trkpt lat="61.969515289" lon="25.322375827" /><trkpt lat="61.969522867" lon="25.322399644" /><trkpt lat="61.969530323" lon="25.322424113" /><trkpt lat="61.969537654" lon="25.322449249" /><trkpt lat="61.969544855" lon="25.322475063" /><trkpt lat="61.969551924" lon="25.322501569" /><trkpt lat="61.969558856" lon="25.322528780" /><trkpt lat="61.969565523" lon="25.322555563" /><trkpt lat="61.969572054" lon="25.322581787" /><trkpt lat="61.969578454" lon="25.322607464" /><trkpt lat="61.969584728" lon="25.322632604" /><trkpt lat="61.969590883" lon="25.322657217" /><trkpt lat="61.969596924" lon="25.322681315" /><trkpt lat="61.969602857" lon="25.322704908" /><trkpt lat="61.969608687" lon="25.322728007" /><trkpt lat="61.969614421" lon="25.322750623" /><trkpt lat="61.969620063" lon="25.322772766" /><trkpt lat="61.969625621" lon="25.322794447" /><trkpt lat="61.969631099" lon="25.322815677" /><trkpt lat="61.969636503" lon="25.322836467" /><trkpt lat="61.969641839" lon="25.322856826" /><trkpt lat="61.969647113" lon="25.322876767" /><trkpt lat="61.969652330" lon="25.322896300" /><trkpt lat="61.969657496" lon="25.322915436" /><trkpt lat="61.969662618" lon="25.322934184" /><trkpt lat="61.969667699" lon="25.322952557" /><trkpt lat="61.969672748" lon="25.322970564" /><trkpt lat="61.969677768" lon="25.322988217" /><trkpt lat="61.969682766" lon="25.323005526" /><trkpt lat="61.969687747" lon="25.323022502" /><trkpt lat="61.969692718" lon="25.323039156" /><trkpt lat="61.969697683" lon="25.323055498" /><trkpt lat="61.969702650" lon="25.323071539" /><trkpt lat="61.969707622" lon="25.323087291" /><trkpt lat="61.969712607" lon="25.323102763" /><trkpt lat="61.969717610" lon="25.323117966" /><trkpt lat="61.969722636" lon="25.323132911" /><trkpt lat="61.969727692" lon="25.323147610" /><trkpt lat="61.969732782" lon="25.323162071" /><trkpt lat="61.969737914" lon="25.323176308" /><trkpt lat="61.969743092" lon="25.323190329" /><trkpt lat="61.969748322" lon="25.323204146" /><trkpt lat="61.969753610" lon="25.323217770" /><trkpt lat="61.969758962" lon="25.323231211" /><trkpt lat="61.969764383" lon="25.323244479" /><trkpt lat="61.969769879" lon="25.323257587" /><trkpt lat="61.969775457" lon="25.323270544" /><trkpt lat="61.969781120" lon="25.323283362" /><trkpt lat="61.969786876" lon="25.323296050" /><trkpt lat="61.969792731" lon="25.323308620" /><trkpt lat="61.969798689" lon="25.323321083" /><trkpt lat="61.969804756" lon="25.323333448" /><trkpt lat="61.969810939" lon="25.323345728" /><trkpt lat="61.969817242" lon="25.323357932" /><trkpt lat="61.969823673" lon="25.323370072" /><trkpt lat="61.969830235" lon="25.323382157" /><trkpt lat="61.969836936" lon="25.323394200" /><trkpt lat="61.969843781" lon="25.323406210" /><trkpt lat="61.969850775" lon="25.323418199" /><trkpt lat="61.969857925" lon="25.323430176" /><trkpt lat="61.969865236" lon="25.323442154" /><trkpt lat="61.969872713" lon="25.323454142" /><trkpt lat="61.969879286" lon="25.323464391" /><trkpt lat="61.969886199" lon="25.323474836" /><trkpt lat="61.969893440" lon="25.323485472" /><trkpt lat="61.969901000" lon="25.323496297" /><trkpt lat="61.969908866" lon="25.323507307" /><trkpt lat="61.969917028" lon="25.323518500" /><trkpt lat="61.969925474" lon="25.323529871" /><trkpt lat="61.969934195" lon="25.323541419" /><trkpt lat="61.969943178" lon="25.323553139" /><trkpt lat="61.969952412" lon="25.323565029" /><trkpt lat="61.969961888" lon="25.323577085" /><trkpt lat="61.969971593" lon="25.323589305" /><trkpt lat="61.969981516" lon="25.323601685" /><trkpt lat="61.969991648" lon="25.323614221" /><trkpt lat="61.970001976" lon="25.323626912" /><trkpt lat="61.970012489" lon="25.323639752" /><trkpt lat="61.970023177" lon="25.323652741" /><trkpt lat="61.970034029" lon="25.323665874" /><trkpt lat="61.970045033" lon="25.323679147" /><trkpt lat="61.970056179" lon="25.323692559" /><trkpt lat="61.970067456" lon="25.323706106" /><trkpt lat="61.970078852" lon="25.323719784" /><trkpt lat="61.970090356" lon="25.323733590" /><trkpt lat="61.970101958" lon="25.323747522" /><trkpt lat="61.970113646" lon="25.323761576" /><trkpt lat="61.970125410" lon="25.323775749" /><trkpt lat="61.970137238" lon="25.323790038" /><trkpt lat="61.970149120" lon="25.323804439" /><trkpt lat="61.970161044" lon="25.323818950" /><trkpt lat="61.970172999" lon="25.323833567" /><trkpt lat="61.970184975" lon="25.323848288" /><trkpt lat="61.970196960" lon="25.323863108" /><trkpt lat="61.970208944" lon="25.323878025" /><trkpt lat="61.970220915" lon="25.323893036" /><trkpt lat="61.970232862" lon="25.323908137" /><trkpt lat="61.970244774" lon="25.323923325" /><trkpt lat="61.970256641" lon="25.323938598" /><trkpt lat="61.970268451" lon="25.323953952" /><trkpt lat="61.970280193" lon="25.323969383" /><trkpt lat="61.970291857" lon="25.323984889" /><trkpt lat="61.970303431" lon="25.324000467" /><trkpt lat="61.970314904" lon="25.324016113" /><trkpt lat="61.970326265" lon="25.324031824" /><trkpt lat="61.970337503" lon="25.324047597" /><trkpt lat="61.970348608" lon="25.324063429" /><trkpt lat="61.970359567" lon="25.324079317" /><trkpt lat="61.970370371" lon="25.324095257" /><trkpt lat="61.970381008" lon="25.324111246" /><trkpt lat="61.970391467" lon="25.324127282" /><trkpt lat="61.970401737" lon="25.324143361" /><trkpt lat="61.970411807" lon="25.324159479" /><trkpt lat="61.970421666" lon="25.324175634" /><trkpt lat="61.970431303" lon="25.324191823" /><trkpt lat="61.970440708" lon="25.324208042" /><trkpt lat="61.970449868" lon="25.324224288" /><trkpt lat="61.970458773" lon="25.324240559" /><trkpt lat="61.970467412" lon="25.324256850" /><trkpt lat="61.970475775" lon="25.324273159" /><trkpt lat="61.970483849" lon="25.324289482" /><trkpt lat="61.970491624" lon="25.324305817" /><trkpt lat="61.970499089" lon="25.324322160" /><trkpt lat="61.970506233" lon="25.324338508" /><trkpt lat="61.970513045" lon="25.324354858" /><trkpt lat="61.970519513" lon="25.324371206" /><trkpt lat="61.970525628" lon="25.324387550" /><trkpt lat="61.970531902" lon="25.324404865" /><trkpt lat="61.970538077" lon="25.324421990" /><trkpt lat="61.970544153" lon="25.324438936" /><trkpt lat="61.970550130" lon="25.324455711" /><trkpt lat="61.970556005" lon="25.324472326" /><trkpt lat="61.970561778" lon="25.324488791" /><trkpt lat="61.970567448" lon="25.324505114" /><trkpt lat="61.970573015" lon="25.324521306" /><trkpt lat="61.970578477" lon="25.324537376" /><trkpt lat="61.970583834" lon="25.324553334" /><trkpt lat="61.970589085" lon="25.324569189" /><trkpt lat="61.970594229" lon="25.324584952" /><trkpt lat="61.970599264" lon="25.324600631" /><trkpt lat="61.970604191" lon="25.324616236" /><trkpt lat="61.970609008" lon="25.324631778" /><trkpt lat="61.970613715" lon="25.324647266" /><trkpt lat="61.970618310" lon="25.324662708" /><trkpt lat="61.970622793" lon="25.324678116" /><trkpt lat="61.970627163" lon="25.324693498" /><trkpt lat="61.970631419" lon="25.324708865" /><trkpt lat="61.970635559" lon="25.324724225" /><trkpt lat="61.970639585" lon="25.324739589" /><trkpt lat="61.970643493" lon="25.324754966" /><trkpt lat="61.970647284" lon="25.324770366" /><trkpt lat="61.970650957" lon="25.324785799" /><trkpt lat="61.970654510" lon="25.324801274" /><trkpt lat="61.970657944" lon="25.324816800" /><trkpt lat="61.970661256" lon="25.324832388" /><trkpt lat="61.970664447" lon="25.324848047" /><trkpt lat="61.970667515" lon="25.324863786" /><trkpt lat="61.970670459" lon="25.324879616" /><trkpt lat="61.970673279" lon="25.324895546" /><trkpt lat="61.970675974" lon="25.324911585" /><trkpt lat="61.970678542" lon="25.324927744" /><trkpt lat="61.970680984" lon="25.324944031" /><trkpt lat="61.970683298" lon="25.324960457" /><trkpt lat="61.970685483" lon="25.324977032" /><trkpt lat="61.970687538" lon="25.324993764" /><trkpt lat="61.970689463" lon="25.325010663" /><trkpt lat="61.970691256" lon="25.325027740" /><trkpt lat="61.970692918" lon="25.325045004" /><trkpt lat="61.970694446" lon="25.325062463" /><trkpt lat="61.970695840" lon="25.325080129" /><trkpt lat="61.970697100" lon="25.325098011" /><trkpt lat="61.970698224" lon="25.325116118" /><trkpt lat="61.970699211" lon="25.325134460" /><trkpt lat="61.970700061" lon="25.325153046" /><trkpt lat="61.970700773" lon="25.325171887" /><trkpt lat="61.970701345" lon="25.325190992" /><trkpt lat="61.970701778" lon="25.325210370" /><trkpt lat="61.970702069" lon="25.325230031" /><trkpt lat="61.970702219" lon="25.325249985" /><trkpt lat="61.970702226" lon="25.325270242" /><trkpt lat="61.970702090" lon="25.325290811" /><trkpt lat="61.970701810" lon="25.325311701" /><trkpt lat="61.970701384" lon="25.325332923" /><trkpt lat="61.970700812" lon="25.325354486" /><trkpt lat="61.970700093" lon="25.325376399" /><trkpt lat="61.970699227" lon="25.325398673" /><trkpt lat="61.970698212" lon="25.325421317" /><trkpt lat="61.970697047" lon="25.325444341" /><trkpt lat="61.970696438" lon="25.325456299" /><trkpt lat="61.970695872" lon="25.325468567" /><trkpt lat="61.970695347" lon="25.325481140" /><trkpt lat="61.970694864" lon="25.325494012" /><trkpt lat="61.970694421" lon="25.325507177" /><trkpt lat="61.970694018" lon="25.325520631" /><trkpt lat="61.970693654" lon="25.325534369" /><trkpt lat="61.970693329" lon="25.325548383" /><trkpt lat="61.970693041" lon="25.325562671" /><trkpt lat="61.970692792" lon="25.325577225" /><trkpt lat="61.970692578" lon="25.325592041" /><trkpt lat="61.970692401" lon="25.325607113" /><trkpt lat="61.970692259" lon="25.325622437" /><trkpt lat="61.970692152" lon="25.325638006" /><trkpt lat="61.970692079" lon="25.325653815" /><trkpt lat="61.970692040" lon="25.325669859" /><trkpt lat="61.970692033" lon="25.325686133" /><trkpt lat="61.970692058" lon="25.325702631" /><trkpt lat="61.970692116" lon="25.325719349" /><trkpt lat="61.970692204" lon="25.325736279" /><trkpt lat="61.970692322" lon="25.325753418" /><trkpt lat="61.970692470" lon="25.325770760" /><trkpt lat="61.970692647" lon="25.325788300" /><trkpt lat="61.970692852" lon="25.325806031" /><trkpt lat="61.970693085" lon="25.325823950" /><trkpt lat="61.970693345" lon="25.325842050" /><trkpt lat="61.970693632" lon="25.325860326" /><trkpt lat="61.970693945" lon="25.325878773" /><trkpt lat="61.970694282" lon="25.325897385" /><trkpt lat="61.970694644" lon="25.325916158" /><trkpt lat="61.970695030" lon="25.325935085" /><trkpt lat="61.970695440" lon="25.325954162" /><trkpt lat="61.970695871" lon="25.325973383" /><trkpt lat="61.970696325" lon="25.325992743" /><trkpt lat="61.970696801" lon="25.326012236" /><trkpt lat="61.970697297" lon="25.326031857" /><trkpt lat="61.970697812" lon="25.326051601" /><trkpt lat="61.970698348" lon="25.326071462" /><trkpt lat="61.970698902" lon="25.326091435" /><trkpt lat="61.970699474" lon="25.326111515" /><trkpt lat="61.970700064" lon="25.326131697" /><trkpt lat="61.970700671" lon="25.326151974" /><trkpt lat="61.970701294" lon="25.326172342" /><trkpt lat="61.970701932" lon="25.326192795" /><trkpt lat="61.970702586" lon="25.326213328" /><trkpt lat="61.970703254" lon="25.326233936" /><trkpt lat="61.970703935" lon="25.326254613" /><trkpt lat="61.970704630" lon="25.326275353" /><trkpt lat="61.970705337" lon="25.326296153" /><trkpt lat="61.970706055" lon="25.326317005" /><trkpt lat="61.970706785" lon="25.326337906" /><trkpt lat="61.970707525" lon="25.326358849" /><trkpt lat="61.970708275" lon="25.326379829" /><trkpt lat="61.970709035" lon="25.326400841" /><trkpt lat="61.970709802" lon="25.326421880" /><trkpt lat="61.970710578" lon="25.326442939" /><trkpt lat="61.970711361" lon="25.326464015" /><trkpt lat="61.970712151" lon="25.326485101" /><trkpt lat="61.970712947" lon="25.326506192" /><trkpt lat="61.970713748" lon="25.326527283" /><trkpt lat="61.970714553" lon="25.326548368" /><trkpt lat="61.970715363" lon="25.326569442" /><trkpt lat="61.970716177" lon="25.326590500" /><trkpt lat="61.970716993" lon="25.326611536" /><trkpt lat="61.970717811" lon="25.326632546" /><trkpt lat="61.970718631" lon="25.326653523" /><trkpt lat="61.970719452" lon="25.326674462" /><trkpt lat="61.970720273" lon="25.326695359" /><trkpt lat="61.970721093" lon="25.326716207" /><trkpt lat="61.970721913" lon="25.326737001" /><trkpt lat="61.970722731" lon="25.326757736" /><trkpt lat="61.970723546" lon="25.326778407" /><trkpt lat="61.970724359" lon="25.326799008" /><trkpt lat="61.970725168" lon="25.326819534" /><trkpt lat="61.970725973" lon="25.326839980" /><trkpt lat="61.970726773" lon="25.326860340" /><trkpt lat="61.970727567" lon="25.326880609" /><trkpt lat="61.970728356" lon="25.326900781" /><trkpt lat="61.970729137" lon="25.326920851" /><trkpt lat="61.970729912" lon="25.326940815" /><trkpt lat="61.970730678" lon="25.326960665" /><trkpt lat="61.970731435" lon="25.326980398" /><trkpt lat="61.970732183" lon="25.327000008" /><trkpt lat="61.970732921" lon="25.327019489" /><trkpt lat="61.970733649" lon="25.327038837" /><trkpt lat="61.970734365" lon="25.327058045" /><trkpt lat="61.970735070" lon="25.327077108" /><trkpt lat="61.970735761" lon="25.327096022" /><trkpt lat="61.970736440" lon="25.327114780" /><trkpt lat="61.970737105" lon="25.327133378" /><trkpt lat="61.970737755" lon="25.327151810" /><trkpt lat="61.970738391" lon="25.327170070" /><trkpt lat="61.970739011" lon="25.327188154" /><trkpt lat="61.970739614" lon="25.327206056" /><trkpt lat="61.970740200" lon="25.327223770" /><trkpt lat="61.970740769" lon="25.327241292" /><trkpt lat="61.970741319" lon="25.327258616" /><trkpt lat="61.970741851" lon="25.327275736" /><trkpt lat="61.970742363" lon="25.327292648" /><trkpt lat="61.970742854" lon="25.327309345" /><trkpt lat="61.970743325" lon="25.327325823" /><trkpt lat="61.970743775" lon="25.327342077" /><trkpt lat="61.970744202" lon="25.327358100" /><trkpt lat="61.970744606" lon="25.327373888" /><trkpt lat="61.970744988" lon="25.327389435" /><trkpt lat="61.970745345" lon="25.327404736" /><trkpt lat="61.970745677" lon="25.327419785" /><trkpt lat="61.970745984" lon="25.327434577" /><trkpt lat="61.970746266" lon="25.327449108" /><trkpt lat="61.970746520" lon="25.327463370" /><trkpt lat="61.970746748" lon="25.327477360" /><trkpt lat="61.970746947" lon="25.327491072" /><trkpt lat="61.970747118" lon="25.327504500" /><trkpt lat="61.970747260" lon="25.327517639" /><trkpt lat="61.970747372" lon="25.327530484" /><trkpt lat="61.970747454" lon="25.327543030" /><trkpt lat="61.970747505" lon="25.327555270" /><trkpt lat="61.970747524" lon="25.327567200" /><trkpt lat="61.970747510" lon="25.327578814" /><trkpt lat="61.970747464" lon="25.327590108" /><trkpt lat="61.970747366" lon="25.327607522" /><trkpt lat="61.970747268" lon="25.327625067" /><trkpt lat="61.970747171" lon="25.327642739" /><trkpt lat="61.970747075" lon="25.327660531" /><trkpt lat="61.970746981" lon="25.327678439" /><trkpt lat="61.970746888" lon="25.327696459" /><trkpt lat="61.970746798" lon="25.327714586" /><trkpt lat="61.970746710" lon="25.327732814" /><trkpt lat="61.970746625" lon="25.327751139" /><trkpt lat="61.970746543" lon="25.327769556" /><trkpt lat="61.970746465" lon="25.327788060" /><trkpt lat="61.970746391" lon="25.327806646" /><trkpt lat="61.970746321" lon="25.327825309" /><trkpt lat="61.970746256" lon="25.327844045" /><trkpt lat="61.970746196" lon="25.327862849" /><trkpt lat="61.970746142" lon="25.327881715" /><trkpt lat="61.970746093" lon="25.327900639" /><trkpt lat="61.970746051" lon="25.327919616" /><trkpt lat="61.970746015" lon="25.327938642" /><trkpt lat="61.970745986" lon="25.327957710" /><trkpt lat="61.970745964" lon="25.327976818" /><trkpt lat="61.970745950" lon="25.327995958" /><trkpt lat="61.970745944" lon="25.328015128" /><trkpt lat="61.970745947" lon="25.328034321" /><trkpt lat="61.970745958" lon="25.328053533" /><trkpt lat="61.970745978" lon="25.328072759" /><trkpt lat="61.970746008" lon="25.328091994" /><trkpt lat="61.970746047" lon="25.328111234" /><trkpt lat="61.970746097" lon="25.328130474" /><trkpt lat="61.970746158" lon="25.328149708" /><trkpt lat="61.970746229" lon="25.328168931" /><trkpt lat="61.970746312" lon="25.328188140" /><trkpt lat="61.970746406" lon="25.328207329" /><trkpt lat="61.970746512" lon="25.328226493" /><trkpt lat="61.970746631" lon="25.328245627" /><trkpt lat="61.970746762" lon="25.328264727" /><trkpt lat="61.970746907" lon="25.328283787" /><trkpt lat="61.970747065" lon="25.328302803" /><trkpt lat="61.970747237" lon="25.328321770" /><trkpt lat="61.970747423" lon="25.328340683" /><trkpt lat="61.970747624" lon="25.328359536" /><trkpt lat="61.970747839" lon="25.328378327" /><trkpt lat="61.970748070" lon="25.328397048" /><trkpt lat="61.970748317" lon="25.328415697" /><trkpt lat="61.970748579" lon="25.328434266" /><trkpt lat="61.970748858" lon="25.328452753" /><trkpt lat="61.970749154" lon="25.328471152" /><trkpt lat="61.970749467" lon="25.328489457" /><trkpt lat="61.970749798" lon="25.328507665" /><trkpt lat="61.970750146" lon="25.328525770" /><trkpt lat="61.970750512" lon="25.328543768" /><trkpt lat="61.970750897" lon="25.328561654" /><trkpt lat="61.970751301" lon="25.328579422" /><trkpt lat="61.970751725" lon="25.328597068" /><trkpt lat="61.970752168" lon="25.328614587" /><trkpt lat="61.970752631" lon="25.328631974" /><trkpt lat="61.970753114" lon="25.328649224" /><trkpt lat="61.970753619" lon="25.328666333" /><trkpt lat="61.970754144" lon="25.328683296" /><trkpt lat="61.970754691" lon="25.328700107" /><trkpt lat="61.970755260" lon="25.328716762" /><trkpt lat="61.970755851" lon="25.328733256" /><trkpt lat="61.970756464" lon="25.328749584" /><trkpt lat="61.970757101" lon="25.328765741" /><trkpt lat="61.970757761" lon="25.328781723" /><trkpt lat="61.970758444" lon="25.328797524" /><trkpt lat="61.970759152" lon="25.328813140" /><trkpt lat="61.970759884" lon="25.328828566" /><trkpt lat="61.970760641" lon="25.328843796" /><trkpt lat="61.970761423" lon="25.328858827" /><trkpt lat="61.970762230" lon="25.328873653" /><trkpt lat="61.970763063" lon="25.328888269" /><trkpt lat="61.970763923" lon="25.328902671" /><trkpt lat="61.970764809" lon="25.328916853" /><trkpt lat="61.970765722" lon="25.328930811" /><trkpt lat="61.970766663" lon="25.328944540" /><trkpt lat="61.970767631" lon="25.328958035" /><trkpt lat="61.970768802" lon="25.328974483" /><trkpt lat="61.970769916" lon="25.328991127" /><trkpt lat="61.970770978" lon="25.329007956" /><trkpt lat="61.970771993" lon="25.329024965" /><trkpt lat="61.970772964" lon="25.329042143" /><trkpt lat="61.970773897" lon="25.329059484" /><trkpt lat="61.970774796" lon="25.329076979" /><trkpt lat="61.970775665" lon="25.329094620" /><trkpt lat="61.970776509" lon="25.329112398" /><trkpt lat="61.970777333" lon="25.329130307" /><trkpt lat="61.970778140" lon="25.329148337" /><trkpt lat="61.970778935" lon="25.329166480" /><trkpt lat="61.970779723" lon="25.329184729" /><trkpt lat="61.970780509" lon="25.329203076" /><trkpt lat="61.970781296" lon="25.329221511" /><trkpt lat="61.970782089" lon="25.329240028" /><trkpt lat="61.970782893" lon="25.329258618" /><trkpt lat="61.970783712" lon="25.329277272" /><trkpt lat="61.970784550" lon="25.329295983" /><trkpt lat="61.970785413" lon="25.329314743" /><trkpt lat="61.970786304" lon="25.329333544" /><trkpt lat="61.970787228" lon="25.329352377" /><trkpt lat="61.970788190" lon="25.329371234" /><trkpt lat="61.970789194" lon="25.329390107" /><trkpt lat="61.970790244" lon="25.329408989" /><trkpt lat="61.970791345" lon="25.329427870" /><trkpt lat="61.970792502" lon="25.329446744" /><trkpt lat="61.970793718" lon="25.329465601" /><trkpt lat="61.970794999" lon="25.329484434" /><trkpt lat="61.970796348" lon="25.329503235" /><trkpt lat="61.970797771" lon="25.329521994" /><trkpt lat="61.970799272" lon="25.329540706" /><trkpt lat="61.970800855" lon="25.329559360" /><trkpt lat="61.970802525" lon="25.329577950" /><trkpt lat="61.970804285" lon="25.329596466" /><trkpt lat="61.970806142" lon="25.329614902" /><trkpt lat="61.970808099" lon="25.329633248" /><trkpt lat="61.970810160" lon="25.329651497" /><trkpt lat="61.970812331" lon="25.329669641" /><trkpt lat="61.970814615" lon="25.329687671" /><trkpt lat="61.970817017" lon="25.329705579" /><trkpt lat="61.970819542" lon="25.329723358" /><trkpt lat="61.970822194" lon="25.329740999" /><trkpt lat="61.970824977" lon="25.329758494" /><trkpt lat="61.970827896" lon="25.329775835" /><trkpt lat="61.970830956" lon="25.329793013" /><trkpt lat="61.970834161" lon="25.329810021" /><trkpt lat="61.970837515" lon="25.329826851" /><trkpt lat="61.970841023" lon="25.329843495" /><trkpt lat="61.970844689" lon="25.329859943" /><trkpt lat="61.970848518" lon="25.329876189" /><trkpt lat="61.970852515" lon="25.329892224" /><trkpt lat="61.970856683" lon="25.329908041" /><trkpt lat="61.970861028" lon="25.329923630" /><trkpt lat="61.970865553" lon="25.329938984" /><trkpt lat="61.970870263" lon="25.329954094" /><trkpt lat="61.970875163" lon="25.329968954" /><trkpt lat="61.970880258" lon="25.329983553" /><trkpt lat="61.970885551" lon="25.329997886" /><trkpt lat="61.970891047" lon="25.330011942" /><trkpt lat="61.970896751" lon="25.330025715" /><trkpt lat="61.970902666" lon="25.330039195" /><trkpt lat="61.970908799" lon="25.330052376" /><trkpt lat="61.970914448" lon="25.330064193" /><trkpt lat="61.970920157" lon="25.330076192" /><trkpt lat="61.970925919" lon="25.330088371" /><trkpt lat="61.970931730" lon="25.330100730" /><trkpt lat="61.970937584" lon="25.330113265" /><trkpt lat="61.970943474" lon="25.330125976" /><trkpt lat="61.970949397" lon="25.330138861" /><trkpt lat="61.970955346" lon="25.330151918" /><trkpt lat="61.970961315" lon="25.330165145" /><trkpt lat="61.970967300" lon="25.330178541" /><trkpt lat="61.970973294" lon="25.330192104" /><trkpt lat="61.970979293" lon="25.330205833" /><trkpt lat="61.970985290" lon="25.330219725" /><trkpt lat="61.970991281" lon="25.330233779" /><trkpt lat="61.970997259" lon="25.330247993" /><trkpt lat="61.971003219" lon="25.330262366" /><trkpt lat="61.971009156" lon="25.330276896" /><trkpt lat="61.971015064" lon="25.330291581" /><trkpt lat="61.971020938" lon="25.330306420" /><trkpt lat="61.971026771" lon="25.330321410" /><trkpt lat="61.971032560" lon="25.330336550" /><trkpt lat="61.971038297" lon="25.330351839" /><trkpt lat="61.971043978" lon="25.330367275" /><trkpt lat="61.971049597" lon="25.330382856" /><trkpt lat="61.971055148" lon="25.330398580" /><trkpt lat="61.971060627" lon="25.330414446" /><trkpt lat="61.971066027" lon="25.330430452" /><trkpt lat="61.971071343" lon="25.330446596" /><trkpt lat="61.971076569" lon="25.330462877" /><trkpt lat="61.971081700" lon="25.330479293" /><trkpt lat="61.971086731" lon="25.330495842" /><trkpt lat="61.971091656" lon="25.330512522" /><trkpt lat="61.971096469" lon="25.330529333" /><trkpt lat="61.971101166" lon="25.330546271" /><trkpt lat="61.971105739" lon="25.330563337" /><trkpt lat="61.971110185" lon="25.330580527" /><trkpt lat="61.971114497" lon="25.330597840" /><trkpt lat="61.971118669" lon="25.330615274" /><trkpt lat="61.971122698" lon="25.330632828" /><trkpt lat="61.971126576" lon="25.330650501" /><trkpt lat="61.971130298" lon="25.330668289" /><trkpt lat="61.971133859" lon="25.330686193" /><trkpt lat="61.971137254" lon="25.330704209" /><trkpt lat="61.971140476" lon="25.330722336" /><trkpt lat="61.971143520" lon="25.330740574" /><trkpt lat="61.971146382" lon="25.330758919" /><trkpt lat="61.971149054" lon="25.330777370" /><trkpt lat="61.971151533" lon="25.330795926" /><trkpt lat="61.971153811" lon="25.330814584" /><trkpt lat="61.971155885" lon="25.330833344" /><trkpt lat="61.971157747" lon="25.330852204" /><trkpt lat="61.971159394" lon="25.330871161" /><trkpt lat="61.971160818" lon="25.330890214" /><trkpt lat="61.971162015" lon="25.330909362" /><trkpt lat="61.971162980" lon="25.330928602" /><trkpt lat="61.971163706" lon="25.330947933" /><trkpt lat="61.971164188" lon="25.330967354" /><trkpt lat="61.971164421" lon="25.330986862" /><trkpt lat="61.971164399" lon="25.331006456" /><trkpt lat="61.971164116" lon="25.331026135" /><trkpt lat="61.971163568" lon="25.331045896" /><trkpt lat="61.971162748" lon="25.331065738" /><trkpt lat="61.971161651" lon="25.331085659" /><trkpt lat="61.971160272" lon="25.331105658" /><trkpt lat="61.971158605" lon="25.331125733" /><trkpt lat="61.971156644" lon="25.331145881" /><trkpt lat="61.971154385" lon="25.331166102" /><trkpt lat="61.971151821" lon="25.331186394" /><trkpt lat="61.971148947" lon="25.331206755" /><trkpt lat="61.971145757" lon="25.331227183" /><trkpt lat="61.971143250" lon="25.331242583" /><trkpt lat="61.971140770" lon="25.331257980" /><trkpt lat="61.971138318" lon="25.331273377" /><trkpt lat="61.971135896" lon="25.331288775" /><trkpt lat="61.971133504" lon="25.331304176" /><trkpt lat="61.971131144" lon="25.331319582" /><trkpt lat="61.971128817" lon="25.331334993" /><trkpt lat="61.971126523" lon="25.331350413" /><trkpt lat="61.971124265" lon="25.331365842" /><trkpt lat="61.971122042" lon="25.331381281" /><trkpt lat="61.971119857" lon="25.331396734" /><trkpt lat="61.971117710" lon="25.331412201" /><trkpt lat="61.971115603" lon="25.331427684" /><trkpt lat="61.971113535" lon="25.331443184" /><trkpt lat="61.971111510" lon="25.331458704" /><trkpt lat="61.971109526" lon="25.331474244" /><trkpt lat="61.971107587" lon="25.331489807" /><trkpt lat="61.971105692" lon="25.331505394" /><trkpt lat="61.971103843" lon="25.331521007" /><trkpt lat="61.971102041" lon="25.331536648" /><trkpt lat="61.971100287" lon="25.331552318" /><trkpt lat="61.971098583" lon="25.331568018" /><trkpt lat="61.971096928" lon="25.331583751" /><trkpt lat="61.971095325" lon="25.331599517" /><trkpt lat="61.971093774" lon="25.331615320" /><trkpt lat="61.971092277" lon="25.331631159" /><trkpt lat="61.971090834" lon="25.331647038" /><trkpt lat="61.971089447" lon="25.331662957" /><trkpt lat="61.971088117" lon="25.331678918" /><trkpt lat="61.971086844" lon="25.331694924" /><trkpt lat="61.971085631" lon="25.331710974" /><trkpt lat="61.971084478" lon="25.331727072" /><trkpt lat="61.971083385" lon="25.331743219" /><trkpt lat="61.971082355" lon="25.331759416" /><trkpt lat="61.971081388" lon="25.331775665" /><trkpt lat="61.971080486" lon="25.331791968" /><trkpt lat="61.971079649" lon="25.331808326" /><trkpt lat="61.971078879" lon="25.331824741" /><trkpt lat="61.971078176" lon="25.331841215" /><trkpt lat="61.971077543" lon="25.331857749" /><trkpt lat="61.971076979" lon="25.331874345" /><trkpt lat="61.971076486" lon="25.331891004" /><trkpt lat="61.971076065" lon="25.331907729" /><trkpt lat="61.971075717" lon="25.331924521" /><trkpt lat="61.971075443" lon="25.331941381" /><trkpt lat="61.971075245" lon="25.331958311" /><trkpt lat="61.971075123" lon="25.331975312" /><trkpt lat="61.971075078" lon="25.331992388" /><trkpt lat="61.971075113" lon="25.332009538" /><trkpt lat="61.971075226" lon="25.332026765" /><trkpt lat="61.971075421" lon="25.332044070" /><trkpt lat="61.971075697" lon="25.332061455" /><trkpt lat="61.971076057" lon="25.332078922" /><trkpt lat="61.971076500" lon="25.332096472" /><trkpt lat="61.971077029" lon="25.332114107" /><trkpt lat="61.971077643" lon="25.332131828" /><trkpt lat="61.971078345" lon="25.332149638" /><trkpt lat="61.971079136" lon="25.332167537" /><trkpt lat="61.971080016" lon="25.332185528" /><trkpt lat="61.971080986" lon="25.332203612" /><trkpt lat="61.971082049" lon="25.332221790" /><trkpt lat="61.971083203" lon="25.332240065" /><trkpt lat="61.971084452" lon="25.332258438" /><trkpt lat="61.971085796" lon="25.332276910" /><trkpt lat="61.971087236" lon="25.332295484" /><trkpt lat="61.971088773" lon="25.332314161" /><trkpt lat="61.971090408" lon="25.332332942" /><trkpt lat="61.971092142" lon="25.332351830" /><trkpt lat="61.971093977" lon="25.332370825" /><trkpt lat="61.971095913" lon="25.332389930" /><trkpt lat="61.971097952" lon="25.332409146" /><trkpt lat="61.971100095" lon="25.332428474" /><trkpt lat="61.971102342" lon="25.332447918" /><trkpt lat="61.971104695" lon="25.332467477" /><trkpt lat="61.971107155" lon="25.332487154" /><trkpt lat="61.971109723" lon="25.332506950" /><trkpt lat="61.971112400" lon="25.332526867" /><trkpt lat="61.971115188" lon="25.332546907" /><trkpt lat="61.971118086" lon="25.332567071" /><trkpt lat="61.971121098" lon="25.332587360" /><trkpt lat="61.971124222" lon="25.332607778" /><trkpt lat="61.971127461" lon="25.332628324" /><trkpt lat="61.971130816" lon="25.332649002" /><trkpt lat="61.971134288" lon="25.332669811" /><trkpt lat="61.971137877" lon="25.332690755" /><trkpt lat="61.971141585" lon="25.332711835" /><trkpt lat="61.971145414" lon="25.332733052" /><trkpt lat="61.971149363" lon="25.332754408" /><trkpt lat="61.971153435" lon="25.332775905" /><trkpt lat="61.971157630" lon="25.332797544" /><trkpt lat="61.971161949" lon="25.332819327" /><trkpt lat="61.971166394" lon="25.332841255" /><trkpt lat="61.971170966" lon="25.332863331" /><trkpt lat="61.971175439" lon="25.332884672" /><trkpt lat="61.971179877" lon="25.332905785" /><trkpt lat="61.971184282" lon="25.332926673" /><trkpt lat="61.971188652" lon="25.332947341" /><trkpt lat="61.971192989" lon="25.332967795" /><trkpt lat="61.971197292" lon="25.332988039" /><trkpt lat="61.971201561" lon="25.333008078" /><trkpt lat="61.971205796" lon="25.333027917" /><trkpt lat="61.971209998" lon="25.333047561" /><trkpt lat="61.971214167" lon="25.333067014" /><trkpt lat="61.971218303" lon="25.333086282" /><trkpt lat="61.971222406" lon="25.333105369" /><trkpt lat="61.971226476" lon="25.333124280" /><trkpt lat="61.971230514" lon="25.333143020" /><trkpt lat="61.971234519" lon="25.333161593" /><trkpt lat="61.971238491" lon="25.333180005" /><trkpt lat="61.971242431" lon="25.333198261" /><trkpt lat="61.971246339" lon="25.333216365" /><trkpt lat="61.971250215" lon="25.333234322" /><trkpt lat="61.971254060" lon="25.333252137" /><trkpt lat="61.971257872" lon="25.333269814" /><trkpt lat="61.971261653" lon="25.333287360" /><trkpt lat="61.971265402" lon="25.333304777" /><trkpt lat="61.971269120" lon="25.333322072" /><trkpt lat="61.971272807" lon="25.333339250" /><trkpt lat="61.971276463" lon="25.333356314" /><trkpt lat="61.971280088" lon="25.333373270" /><trkpt lat="61.971283682" lon="25.333390122" /><trkpt lat="61.971287246" lon="25.333406876" /><trkpt lat="61.971290779" lon="25.333423537" /><trkpt lat="61.971294281" lon="25.333440108" /><trkpt lat="61.971297754" lon="25.333456596" /><trkpt lat="61.971301196" lon="25.333473004" /><trkpt lat="61.971304608" lon="25.333489338" /><trkpt lat="61.971307991" lon="25.333505603" /><trkpt lat="61.971311344" lon="25.333521803" /><trkpt lat="61.971314667" lon="25.333537943" /><trkpt lat="61.971317961" lon="25.333554028" /><trkpt lat="61.971321226" lon="25.333570063" /><trkpt lat="61.971324461" lon="25.333586053" /><trkpt lat="61.971327668" lon="25.333602002" /><trkpt lat="61.971330846" lon="25.333617916" /><trkpt lat="61.971333995" lon="25.333633798" /><trkpt lat="61.971337115" lon="25.333649655" /><trkpt lat="61.971340207" lon="25.333665491" /><trkpt lat="61.971343271" lon="25.333681311" /><trkpt lat="61.971346306" lon="25.333697119" /><trkpt lat="61.971349314" lon="25.333712921" /><trkpt lat="61.971352293" lon="25.333728720" /><trkpt lat="61.971355245" lon="25.333744523" /><trkpt lat="61.971358169" lon="25.333760334" /><trkpt lat="61.971361066" lon="25.333776158" /><trkpt lat="61.971363935" lon="25.333791999" /><trkpt lat="61.971366777" lon="25.333807863" /><trkpt lat="61.971369592" lon="25.333823754" /><trkpt lat="61.971372380" lon="25.333839677" /><trkpt lat="61.971375141" lon="25.333855637" /><trkpt lat="61.971377876" lon="25.333871639" /><trkpt lat="61.971380584" lon="25.333887687" /><trkpt lat="61.971383266" lon="25.333903787" /><trkpt lat="61.971385921" lon="25.333919943" /><trkpt lat="61.971388550" lon="25.333936161" /><trkpt lat="61.971391154" lon="25.333952444" /><trkpt lat="61.971393731" lon="25.333968798" /><trkpt lat="61.971396283" lon="25.333985228" /><trkpt lat="61.971398809" lon="25.334001739" /><trkpt lat="61.971401310" lon="25.334018334" /><trkpt lat="61.971403785" lon="25.334035020" /><trkpt lat="61.971406235" lon="25.334051801" /><trkpt lat="61.971408661" lon="25.334068682" /><trkpt lat="61.971411061" lon="25.334085668" /><trkpt lat="61.971413437" lon="25.334102763" /><trkpt lat="61.971415788" lon="25.334119972" /><trkpt lat="61.971418114" lon="25.334137301" /><trkpt lat="61.971420416" lon="25.334154754" /><trkpt lat="61.971422694" lon="25.334172335" /><trkpt lat="61.971424948" lon="25.334190051" /><trkpt lat="61.971427178" lon="25.334207905" /><trkpt lat="61.971429384" lon="25.334225902" /><trkpt lat="61.971431566" lon="25.334244048" /><trkpt lat="61.971433725" lon="25.334262346" /><trkpt lat="61.971435861" lon="25.334280803" /><trkpt lat="61.971437973" lon="25.334299422" /><trkpt lat="61.971440062" lon="25.334318209" /><trkpt lat="61.971442129" lon="25.334337169" /><trkpt lat="61.971444172" lon="25.334356305" /><trkpt lat="61.971446193" lon="25.334375624" /><trkpt lat="61.971448191" lon="25.334395130" /><trkpt lat="61.971450167" lon="25.334414827" /><trkpt lat="61.971452120" lon="25.334434722" /><trkpt lat="61.971454051" lon="25.334454817" /><trkpt lat="61.971455960" lon="25.334475119" /><trkpt lat="61.971457848" lon="25.334495632" /><trkpt lat="61.971459713" lon="25.334516361" /><trkpt lat="61.971461557" lon="25.334537311" /><trkpt lat="61.971463380" lon="25.334558487" /><trkpt lat="61.971465147" lon="25.334579159" /><trkpt lat="61.971466934" lon="25.334599884" /><trkpt lat="61.971468741" lon="25.334620657" /><trkpt lat="61.971470568" lon="25.334641475" /><trkpt lat="61.971472415" lon="25.334662335" /><trkpt lat="61.971474281" lon="25.334683232" /><trkpt lat="61.971476168" lon="25.334704164" /><trkpt lat="61.971478075" lon="25.334725127" /><trkpt lat="61.971480001" lon="25.334746117" /><trkpt lat="61.971481947" lon="25.334767130" /><trkpt lat="61.971483913" lon="25.334788164" /><trkpt lat="61.971485898" lon="25.334809213" /><trkpt lat="61.971487904" lon="25.334830276" /><trkpt lat="61.971489929" lon="25.334851348" /><trkpt lat="61.971491973" lon="25.334872426" /><trkpt lat="61.971494037" lon="25.334893505" /><trkpt lat="61.971496121" lon="25.334914584" /><trkpt lat="61.971498224" lon="25.334935657" /><trkpt lat="61.971500347" lon="25.334956721" /><trkpt lat="61.971502489" lon="25.334977773" /><trkpt lat="61.971504651" lon="25.334998810" /><trkpt lat="61.971506832" lon="25.335019827" /><trkpt lat="61.971509032" lon="25.335040821" /><trkpt lat="61.971511252" lon="25.335061788" /><trkpt lat="61.971513491" lon="25.335082726" /><trkpt lat="61.971515749" lon="25.335103629" /><trkpt lat="61.971518027" lon="25.335124496" /><trkpt lat="61.971520324" lon="25.335145321" /><trkpt lat="61.971522640" lon="25.335166102" /><trkpt lat="61.971524975" lon="25.335186835" /><trkpt lat="61.971527329" lon="25.335207516" /><trkpt lat="61.971529703" lon="25.335228142" /><trkpt lat="61.971532095" lon="25.335248709" /><trkpt lat="61.971534506" lon="25.335269213" /><trkpt lat="61.971536937" lon="25.335289652" /><trkpt lat="61.971539386" lon="25.335310021" /><trkpt lat="61.971541855" lon="25.335330317" /><trkpt lat="61.971544342" lon="25.335350537" /><trkpt lat="61.971546848" lon="25.335370676" /><trkpt lat="61.971549373" lon="25.335390731" /><trkpt lat="61.971551917" lon="25.335410698" /><trkpt lat="61.971554480" lon="25.335430575" /><trkpt lat="61.971557061" lon="25.335450357" /><trkpt lat="61.971559661" lon="25.335470041" /><trkpt lat="61.971562280" lon="25.335489623" /><trkpt lat="61.971564917" lon="25.335509099" /><trkpt lat="61.971567573" lon="25.335528467" /><trkpt lat="61.971570248" lon="25.335547722" /><trkpt lat="61.971572941" lon="25.335566860" /><trkpt lat="61.971575653" lon="25.335585880" /><trkpt lat="61.971578383" lon="25.335604775" /><trkpt lat="61.971581132" lon="25.335623544" /><trkpt lat="61.971583899" lon="25.335642183" /><trkpt lat="61.971586685" lon="25.335660687" /><trkpt lat="61.971589489" lon="25.335679054" /><trkpt lat="61.971592311" lon="25.335697280" /><trkpt lat="61.971595152" lon="25.335715361" /><trkpt lat="61.971598011" lon="25.335733293" /><trkpt lat="61.971600888" lon="25.335751074" /><trkpt lat="61.971603783" lon="25.335768699" /><trkpt lat="61.971606697" lon="25.335786164" /><trkpt lat="61.971609628" lon="25.335803467" /><trkpt lat="61.971612578" lon="25.335820604" /><trkpt lat="61.971615546" lon="25.335837571" /><trkpt lat="61.971618532" lon="25.335854365" /><trkpt lat="61.971621536" lon="25.335870981" /><trkpt lat="61.971624558" lon="25.335887417" /><trkpt lat="61.971627598" lon="25.335903669" /><trkpt lat="61.971630656" lon="25.335919733" /><trkpt lat="61.971633732" lon="25.335935605" /><trkpt lat="61.971636826" lon="25.335951283" /><trkpt lat="61.971639938" lon="25.335966762" /><trkpt lat="61.971643067" lon="25.335982038" /><trkpt lat="61.971646214" lon="25.335997110" /><trkpt lat="61.971649379" lon="25.336011972" /><trkpt lat="61.971652562" lon="25.336026621" /><trkpt lat="61.971655762" lon="25.336041053" /><trkpt lat="61.971658980" lon="25.336055266" /><trkpt lat="61.971662216" lon="25.336069255" /><trkpt lat="61.971665469" lon="25.336083016" /><trkpt lat="61.971668740" lon="25.336096547" /><trkpt lat="61.971672028" lon="25.336109844" /><trkpt lat="61.971675334" lon="25.336122903" /><trkpt lat="61.971678658" lon="25.336135720" /><trkpt lat="61.971681998" lon="25.336148292" /><trkpt lat="61.971685357" lon="25.336160615" /><trkpt lat="61.971688732" lon="25.336172686" /><trkpt lat="61.971692125" lon="25.336184502" /><trkpt lat="61.971695535" lon="25.336196057" /><trkpt lat="61.971698963" lon="25.336207350" /><trkpt lat="61.971702408" lon="25.336218376" /><trkpt lat="61.971705870" lon="25.336229132" /><trkpt lat="61.971709349" lon="25.336239615" /><trkpt lat="61.971712845" lon="25.336249820" /><trkpt lat="61.971716359" lon="25.336259744" /><trkpt lat="61.971719889" lon="25.336269383" /><trkpt lat="61.971723437" lon="25.336278734" /><trkpt lat="61.971727002" lon="25.336287794" /><trkpt lat="61.971730584" lon="25.336296558" /><trkpt lat="61.971735617" lon="25.336308586" /><trkpt lat="61.971740840" lon="25.336320970" /><trkpt lat="61.971746249" lon="25.336333700" /><trkpt lat="61.971751836" lon="25.336346765" /><trkpt lat="61.971757598" lon="25.336360156" /><trkpt lat="61.971763529" lon="25.336373861" /><trkpt lat="61.971769623" lon="25.336387872" /><trkpt lat="61.971775875" lon="25.336402176" /><trkpt lat="61.971782279" lon="25.336416765" /><trkpt lat="61.971788831" lon="25.336431628" /><trkpt lat="61.971795525" lon="25.336446755" /><trkpt lat="61.971802356" lon="25.336462135" /><trkpt lat="61.971809317" lon="25.336477758" /><trkpt lat="61.971816405" lon="25.336493615" /><trkpt lat="61.971823614" lon="25.336509693" /><trkpt lat="61.971830937" lon="25.336525985" /><trkpt lat="61.971838371" lon="25.336542478" /><trkpt lat="61.971845909" lon="25.336559163" /><trkpt lat="61.971853546" lon="25.336576030" /><trkpt lat="61.971861277" lon="25.336593068" /><trkpt lat="61.971869097" lon="25.336610268" /><trkpt lat="61.971877000" lon="25.336627618" /><trkpt lat="61.971884980" lon="25.336645109" /><trkpt lat="61.971893033" lon="25.336662730" /><trkpt lat="61.971901153" lon="25.336680471" /><trkpt lat="61.971909335" lon="25.336698321" /><trkpt lat="61.971917573" lon="25.336716272" /><trkpt lat="61.971925863" lon="25.336734311" /><trkpt lat="61.971934198" lon="25.336752430" /><trkpt lat="61.971942573" lon="25.336770617" /><trkpt lat="61.971950983" lon="25.336788863" /><trkpt lat="61.971959423" lon="25.336807157" /><trkpt lat="61.971967888" lon="25.336825489" /><trkpt lat="61.971976371" lon="25.336843848" /><trkpt lat="61.971984868" lon="25.336862225" /><trkpt lat="61.971993373" lon="25.336880609" /><trkpt lat="61.972001881" lon="25.336898990" /><trkpt lat="61.972010387" lon="25.336917358" /><trkpt lat="61.972018885" lon="25.336935702" /><trkpt lat="61.972027370" lon="25.336954012" /><trkpt lat="61.972035836" lon="25.336972278" /><trkpt lat="61.972044278" lon="25.336990490" /><trkpt lat="61.972052692" lon="25.337008637" /><trkpt lat="61.972061071" lon="25.337026709" /><trkpt lat="61.972069409" lon="25.337044696" /><trkpt lat="61.972077703" lon="25.337062587" /><trkpt lat="61.972085946" lon="25.337080373" /><trkpt lat="61.972094133" lon="25.337098042" /><trkpt lat="61.972102259" lon="25.337115586" /><trkpt lat="61.972110319" lon="25.337132992" /><trkpt lat="61.972118306" lon="25.337150253" /><trkpt lat="61.972126216" lon="25.337167356" /><trkpt lat="61.972134043" lon="25.337184291" /><trkpt lat="61.972141783" lon="25.337201050" /><trkpt lat="61.972149428" lon="25.337217620" /><trkpt lat="61.972156976" lon="25.337233992" /><trkpt lat="61.972164419" lon="25.337250156" /><trkpt lat="61.972171753" lon="25.337266102" /><trkpt lat="61.972178972" lon="25.337281818" /><trkpt lat="61.972186071" lon="25.337297296" /><trkpt lat="61.972193044" lon="25.337312524" /><trkpt lat="61.972199887" lon="25.337327492" /><trkpt lat="61.972206593" lon="25.337342190" /><trkpt lat="61.972213158" lon="25.337356609" /><trkpt lat="61.972219576" lon="25.337370736" /><trkpt lat="61.972225842" lon="25.337384564" /><trkpt lat="61.972231951" lon="25.337398080" /><trkpt lat="61.972237896" lon="25.337411275" /><trkpt lat="61.972243674" lon="25.337424138" /><trkpt lat="61.972249277" lon="25.337436660" /><trkpt lat="61.972254702" lon="25.337448830" /><trkpt lat="61.972259942" lon="25.337460637" /><trkpt lat="61.972263641" lon="25.337469003" /><trkpt lat="61.972267470" lon="25.337477689" /><trkpt lat="61.972271426" lon="25.337486691" /><trkpt lat="61.972275508" lon="25.337496004" /><trkpt lat="61.972279713" lon="25.337505622" /><trkpt lat="61.972284040" lon="25.337515542" /><trkpt lat="61.972288485" lon="25.337525759" /><trkpt lat="61.972293046" lon="25.337536268" /><trkpt lat="61.972297722" lon="25.337547065" /><trkpt lat="61.972302510" lon="25.337558144" /><trkpt lat="61.972307407" lon="25.337569502" /><trkpt lat="61.972312412" lon="25.337581133" /><trkpt lat="61.972317523" lon="25.337593033" /><trkpt lat="61.972322736" lon="25.337605196" /><trkpt lat="61.972328050" lon="25.337617620" /><trkpt lat="61.972333463" lon="25.337630298" /><trkpt lat="61.972338972" lon="25.337643226" /><trkpt lat="61.972344575" lon="25.337656400" /><trkpt lat="61.972350270" lon="25.337669814" /><trkpt lat="61.972356054" lon="25.337683464" /><trkpt lat="61.972361925" lon="25.337697346" /><trkpt lat="61.972367882" lon="25.337711455" /><trkpt lat="61.972373921" lon="25.337725786" /><trkpt lat="61.972380040" lon="25.337740334" /><trkpt lat="61.972386238" lon="25.337755095" /><trkpt lat="61.972392512" lon="25.337770063" /><trkpt lat="61.972398860" lon="25.337785236" /><trkpt lat="61.972405279" lon="25.337800607" /><trkpt lat="61.972411767" lon="25.337816172" /><trkpt lat="61.972418323" lon="25.337831926" /><trkpt lat="61.972424943" lon="25.337847865" /><trkpt lat="61.972431625" lon="25.337863985" /><trkpt lat="61.972438368" lon="25.337880279" /><trkpt lat="61.972445169" lon="25.337896744" /><trkpt lat="61.972452025" lon="25.337913376" /><trkpt lat="61.972458935" lon="25.337930168" /><trkpt lat="61.972465896" lon="25.337947118" /><trkpt lat="61.972472907" lon="25.337964219" /><trkpt lat="61.972479963" lon="25.337981468" /><trkpt lat="61.972487065" lon="25.337998859" /><trkpt lat="61.972494208" lon="25.338016388" /><trkpt lat="61.972501392" lon="25.338034051" /><trkpt lat="61.972508613" lon="25.338051842" /><trkpt lat="61.972515870" lon="25.338069758" /><trkpt lat="61.972523159" lon="25.338087792" /><trkpt lat="61.972530480" lon="25.338105942" /><trkpt lat="61.972537830" lon="25.338124201" /><trkpt lat="61.972545206" lon="25.338142566" /><trkpt lat="61.972552606" lon="25.338161031" /><trkpt lat="61.972560028" lon="25.338179592" /><trkpt lat="61.972567470" lon="25.338198245" /><trkpt lat="61.972574929" lon="25.338216984" /><trkpt lat="61.972582404" lon="25.338235805" /><trkpt lat="61.972589891" lon="25.338254703" /><trkpt lat="61.972597389" lon="25.338273674" /><trkpt lat="61.972604896" lon="25.338292713" /><trkpt lat="61.972612408" lon="25.338311815" /><trkpt lat="61.972619925" lon="25.338330976" /><trkpt lat="61.972627443" lon="25.338350191" /><trkpt lat="61.972634961" lon="25.338369454" /><trkpt lat="61.972642476" lon="25.338388763" /><trkpt lat="61.972649986" lon="25.338408111" /><trkpt lat="61.972657488" lon="25.338427495" /><trkpt lat="61.972664981" lon="25.338446909" /><trkpt lat="61.972672462" lon="25.338466350" /><trkpt lat="61.972679929" lon="25.338485811" /><trkpt lat="61.972687380" lon="25.338505289" /><trkpt lat="61.972694812" lon="25.338524779" /><trkpt lat="61.972702223" lon="25.338544276" /><trkpt lat="61.972709612" lon="25.338563775" /><trkpt lat="61.972716974" lon="25.338583273" /><trkpt lat="61.972724310" lon="25.338602764" /><trkpt lat="61.972731615" lon="25.338622243" /><trkpt lat="61.972738888" lon="25.338641706" /><trkpt lat="61.972746127" lon="25.338661148" /><trkpt lat="61.972753330" lon="25.338680565" /><trkpt lat="61.972760493" lon="25.338699952" /><trkpt lat="61.972767616" lon="25.338719303" /><trkpt lat="61.972774695" lon="25.338738616" /><trkpt lat="61.972781728" lon="25.338757884" /><trkpt lat="61.972788714" lon="25.338777103" /><trkpt lat="61.972795649" lon="25.338796269" /><trkpt lat="61.972802532" lon="25.338815377" /><trkpt lat="61.972809361" lon="25.338834422" /><trkpt lat="61.972816132" lon="25.338853399" /><trkpt lat="61.972822845" lon="25.338872304" /><trkpt lat="61.972829496" lon="25.338891132" /><trkpt lat="61.972836084" lon="25.338909879" /><trkpt lat="61.972842605" lon="25.338928540" /><trkpt lat="61.972849059" lon="25.338947109" /><trkpt lat="61.972855442" lon="25.338965584" /><trkpt lat="61.972861753" lon="25.338983957" /><trkpt lat="61.972867988" lon="25.339002226" /><trkpt lat="61.972874147" lon="25.339020386" /><trkpt lat="61.972880226" lon="25.339038431" /><trkpt lat="61.972886223" lon="25.339056358" /><trkpt lat="61.972892137" lon="25.339074160" /><trkpt lat="61.972897964" lon="25.339091835" /><trkpt lat="61.972903703" lon="25.339109377" /><trkpt lat="61.972909352" lon="25.339126781" /><trkpt lat="61.972914907" lon="25.339144043" /><trkpt lat="61.972920368" lon="25.339161158" /><trkpt lat="61.972926219" lon="25.339179592" /><trkpt lat="61.972932028" lon="25.339197916" /><trkpt lat="61.972937794" lon="25.339216133" /><trkpt lat="61.972943518" lon="25.339234245" /><trkpt lat="61.972949200" lon="25.339252256" /><trkpt lat="61.972954841" lon="25.339270169" /><trkpt lat="61.972960439" lon="25.339287986" /><trkpt lat="61.972965997" lon="25.339305710" /><trkpt lat="61.972971513" lon="25.339323344" /><trkpt lat="61.972976988" lon="25.339340891" /><trkpt lat="61.972982423" lon="25.339358353" /><trkpt lat="61.972987816" lon="25.339375735" /><trkpt lat="61.972993170" lon="25.339393037" /><trkpt lat="61.972998483" lon="25.339410264" /><trkpt lat="61.973003756" lon="25.339427419" /><trkpt lat="61.973008990" lon="25.339444503" /><trkpt lat="61.973014184" lon="25.339461521" /><trkpt lat="61.973019338" lon="25.339478474" /><trkpt lat="61.973024453" lon="25.339495366" /><trkpt lat="61.973029530" lon="25.339512199" /><trkpt lat="61.973034567" lon="25.339528977" /><trkpt lat="61.973039566" lon="25.339545702" /><trkpt lat="61.973044527" lon="25.339562378" /><trkpt lat="61.973049449" lon="25.339579006" /><trkpt lat="61.973054333" lon="25.339595590" /><trkpt lat="61.973059180" lon="25.339612133" /><trkpt lat="61.973063989" lon="25.339628638" /><trkpt lat="61.973068761" lon="25.339645107" /><trkpt lat="61.973073495" lon="25.339661544" /><trkpt lat="61.973078192" lon="25.339677951" /><trkpt lat="61.973082853" lon="25.339694330" /><trkpt lat="61.973087477" lon="25.339710686" /><trkpt lat="61.973092065" lon="25.339727021" /><trkpt lat="61.973096616" lon="25.339743337" /><trkpt lat="61.973101132" lon="25.339759638" /><trkpt lat="61.973105612" lon="25.339775927" /><trkpt lat="61.973110056" lon="25.339792206" /><trkpt lat="61.973114465" lon="25.339808478" /><trkpt lat="61.973118838" lon="25.339824746" /><trkpt lat="61.973123177" lon="25.339841013" /><trkpt lat="61.973127481" lon="25.339857281" /><trkpt lat="61.973131750" lon="25.339873555" /><trkpt lat="61.973135985" lon="25.339889835" /><trkpt lat="61.973140186" lon="25.339906127" /><trkpt lat="61.973144352" lon="25.339922431" /><trkpt lat="61.973148485" lon="25.339938752" /><trkpt lat="61.973152585" lon="25.339955091" /><trkpt lat="61.973156651" lon="25.339971453" /><trkpt lat="61.973160684" lon="25.339987839" /><trkpt lat="61.973164683" lon="25.340004253" /><trkpt lat="61.973168651" lon="25.340020697" /><trkpt lat="61.973172585" lon="25.340037175" /><trkpt lat="61.973176487" lon="25.340053688" /><trkpt lat="61.973180357" lon="25.340070241" /><trkpt lat="61.973184195" lon="25.340086836" /><trkpt lat="61.973188001" lon="25.340103476" /><trkpt lat="61.973191776" lon="25.340120163" /><trkpt lat="61.973195519" lon="25.340136901" /><trkpt lat="61.973199231" lon="25.340153692" /><trkpt lat="61.973202912" lon="25.340170539" /><trkpt lat="61.973206563" lon="25.340187446" /><trkpt lat="61.973210182" lon="25.340204414" /><trkpt lat="61.973213772" lon="25.340221448" /><trkpt lat="61.973217331" lon="25.340238549" /><trkpt lat="61.973220860" lon="25.340255721" /><trkpt lat="61.973224360" lon="25.340272966" /><trkpt lat="61.973227830" lon="25.340290287" /><trkpt lat="61.973231270" lon="25.340307688" /><trkpt lat="61.973234681" lon="25.340325171" /><trkpt lat="61.973238064" lon="25.340342739" /><trkpt lat="61.973241417" lon="25.340360394" /><trkpt lat="61.973244742" lon="25.340378141" /><trkpt lat="61.973248039" lon="25.340395981" /><trkpt lat="61.973251308" lon="25.340413917" /><trkpt lat="61.973254548" lon="25.340431952" /><trkpt lat="61.973257761" lon="25.340450090" /><trkpt lat="61.973260946" lon="25.340468333" /><trkpt lat="61.973264104" lon="25.340486683" /><trkpt lat="61.973267235" lon="25.340505145" /><trkpt lat="61.973270338" lon="25.340523720" /><trkpt lat="61.973273415" lon="25.340542411" /><trkpt lat="61.973276466" lon="25.340561222" /><trkpt lat="61.973279490" lon="25.340580155" /><trkpt lat="61.973282487" lon="25.340599213" /><trkpt lat="61.973285459" lon="25.340618399" /><trkpt lat="61.973288405" lon="25.340637716" /><trkpt lat="61.973291326" lon="25.340657167" /><trkpt lat="61.973294221" lon="25.340676754" /><trkpt lat="61.973297091" lon="25.340696480" /><trkpt lat="61.973299936" lon="25.340716349" /><trkpt lat="61.973302756" lon="25.340736363" /><trkpt lat="61.973305552" lon="25.340756525" /><trkpt lat="61.973308323" lon="25.340776838" /><trkpt lat="61.973311071" lon="25.340797305" /><trkpt lat="61.973313150" lon="25.340812970" /><trkpt lat="61.973315243" lon="25.340828813" /><trkpt lat="61.973317347" lon="25.340844831" /><trkpt lat="61.973319464" lon="25.340861021" /><trkpt lat="61.973321591" lon="25.340877379" /><trkpt lat="61.973323731" lon="25.340893901" /><trkpt lat="61.973325881" lon="25.340910584" /><trkpt lat="61.973328042" lon="25.340927425" /><trkpt lat="61.973330213" lon="25.340944419" /><trkpt lat="61.973332394" lon="25.340961564" /><trkpt lat="61.973334585" lon="25.340978856" /><trkpt lat="61.973336786" lon="25.340996291" /><trkpt lat="61.973338995" lon="25.341013866" /><trkpt lat="61.973341214" lon="25.341031577" /><trkpt lat="61.973343441" lon="25.341049420" /><trkpt lat="61.973345677" lon="25.341067393" /><trkpt lat="61.973347920" lon="25.341085492" /><trkpt lat="61.973350171" lon="25.341103713" /><trkpt lat="61.973352429" lon="25.341122052" /><trkpt lat="61.973354695" lon="25.341140506" /><trkpt lat="61.973356967" lon="25.341159072" /><trkpt lat="61.973359246" lon="25.341177747" /><trkpt lat="61.973361531" lon="25.341196525" /><trkpt lat="61.973363821" lon="25.341215405" /><trkpt lat="61.973366117" lon="25.341234381" /><trkpt lat="61.973368419" lon="25.341253452" /><trkpt lat="61.973370725" lon="25.341272613" /><trkpt lat="61.973373036" lon="25.341291862" /><trkpt lat="61.973375352" lon="25.341311193" /><trkpt lat="61.973377671" lon="25.341330604" /><trkpt lat="61.973379995" lon="25.341350092" /><trkpt lat="61.973382321" lon="25.341369652" /><trkpt lat="61.973384651" lon="25.341389281" /><trkpt lat="61.973386984" lon="25.341408976" /><trkpt lat="61.973389319" lon="25.341428734" /><trkpt lat="61.973391656" lon="25.341448550" /><trkpt lat="61.973393996" lon="25.341468421" /><trkpt lat="61.973396337" lon="25.341488343" /><trkpt lat="61.973398679" lon="25.341508314" /><trkpt lat="61.973401022" lon="25.341528329" /><trkpt lat="61.973403366" lon="25.341548385" /><trkpt lat="61.973405711" lon="25.341568479" /><trkpt lat="61.973408055" lon="25.341588606" /><trkpt lat="61.973410400" lon="25.341608764" /><trkpt lat="61.973412744" lon="25.341628949" /><trkpt lat="61.973415087" lon="25.341649157" /><trkpt lat="61.973417429" lon="25.341669385" /><trkpt lat="61.973419770" lon="25.341689629" /><trkpt lat="61.973422109" lon="25.341709886" /><trkpt lat="61.973424446" lon="25.341730152" /><trkpt lat="61.973426781" lon="25.341750424" /><trkpt lat="61.973429113" lon="25.341770698" /><trkpt lat="61.973431442" lon="25.341790971" /><trkpt lat="61.973433769" lon="25.341811239" /><trkpt lat="61.973436091" lon="25.341831499" /><trkpt lat="61.973438410" lon="25.341851746" /><trkpt lat="61.973440725" lon="25.341871978" /><trkpt lat="61.973443035" lon="25.341892191" /><trkpt lat="61.973445341" lon="25.341912382" /><trkpt lat="61.973447641" lon="25.341932546" /><trkpt lat="61.973449937" lon="25.341952681" /><trkpt lat="61.973452227" lon="25.341972783" /><trkpt lat="61.973454510" lon="25.341992848" /><trkpt lat="61.973456788" lon="25.342012873" /><trkpt lat="61.973459059" lon="25.342032855" /><trkpt lat="61.973461324" lon="25.342052789" /><trkpt lat="61.973463581" lon="25.342072672" /><trkpt lat="61.973465831" lon="25.342092502" /><trkpt lat="61.973468073" lon="25.342112273" /><trkpt lat="61.973470307" lon="25.342131983" /><trkpt lat="61.973472533" lon="25.342151628" /><trkpt lat="61.973474750" lon="25.342171205" /><trkpt lat="61.973476958" lon="25.342190710" /><trkpt lat="61.973479157" lon="25.342210139" /><trkpt lat="61.973481347" lon="25.342229489" /><trkpt lat="61.973483527" lon="25.342248757" /><trkpt lat="61.973485696" lon="25.342267939" /><trkpt lat="61.973487855" lon="25.342287032" /><trkpt lat="61.973490004" lon="25.342306031" /><trkpt lat="61.973492141" lon="25.342324933" /><trkpt lat="61.973494267" lon="25.342343736" /><trkpt lat="61.973496382" lon="25.342362435" /><trkpt lat="61.973498484" lon="25.342381026" /><trkpt lat="61.973500575" lon="25.342399507" /><trkpt lat="61.973502652" lon="25.342417874" /><trkpt lat="61.973504717" lon="25.342436123" /><trkpt lat="61.973506769" lon="25.342454250" /><trkpt lat="61.973508807" lon="25.342472253" /><trkpt lat="61.973510832" lon="25.342490128" /><trkpt lat="61.973512843" lon="25.342507870" /><trkpt lat="61.973514839" lon="25.342525477" /><trkpt lat="61.973516820" lon="25.342542945" /><trkpt lat="61.973518787" lon="25.342560271" /><trkpt lat="61.973520738" lon="25.342577450" /><trkpt lat="61.973522674" lon="25.342594480" /><trkpt lat="61.973524594" lon="25.342611357" /><trkpt lat="61.973526498" lon="25.342628078" /><trkpt lat="61.973528386" lon="25.342644638" /><trkpt lat="61.973530256" lon="25.342661035" /><trkpt lat="61.973532110" lon="25.342677264" /><trkpt lat="61.973533946" lon="25.342693323" /><trkpt lat="61.973535765" lon="25.342709208" /><trkpt lat="61.973537565" lon="25.342724914" /><trkpt lat="61.973539348" lon="25.342740440" /><trkpt lat="61.973541112" lon="25.342755781" /><trkpt lat="61.973542856" lon="25.342770933" /><trkpt lat="61.973544582" lon="25.342785893" /><trkpt lat="61.973546289" lon="25.342800658" /><trkpt lat="61.973547975" lon="25.342815224" /><trkpt lat="61.973549642" lon="25.342829588" /><trkpt lat="61.973551288" lon="25.342843746" /><trkpt lat="61.973552913" lon="25.342857694" /><trkpt lat="61.973554518" lon="25.342871429" /><trkpt lat="61.973556101" lon="25.342884948" /><trkpt lat="61.973557662" lon="25.342898246" /><trkpt lat="61.973559202" lon="25.342911321" /><trkpt lat="61.973560720" lon="25.342924169" /><trkpt lat="61.973562215" lon="25.342936785" /><trkpt lat="61.973563687" lon="25.342949168" /><trkpt lat="61.973565136" lon="25.342961313" /><trkpt lat="61.973566562" lon="25.342973217" /><trkpt lat="61.973567964" lon="25.342984876" /><trkpt lat="61.973569342" lon="25.342996287" /><trkpt lat="61.973570696" lon="25.343007445" /><trkpt lat="61.973571903" lon="25.343017652" /><trkpt lat="61.973573078" lon="25.343028152" /><trkpt lat="61.973574221" lon="25.343038941" /><trkpt lat="61.973575332" lon="25.343050016" /><trkpt lat="61.973576412" lon="25.343061373" /><trkpt lat="61.973577461" lon="25.343073007" /><trkpt lat="61.973578480" lon="25.343084914" /><trkpt lat="61.973579469" lon="25.343097091" /><trkpt lat="61.973580428" lon="25.343109533" /><trkpt lat="61.973581359" lon="25.343122237" /><trkpt lat="61.973582260" lon="25.343135198" /><trkpt lat="61.973583133" lon="25.343148413" /><trkpt lat="61.973583978" lon="25.343161877" /><trkpt lat="61.973584795" lon="25.343175586" /><trkpt lat="61.973585585" lon="25.343189536" /><trkpt lat="61.973586349" lon="25.343203724" /><trkpt lat="61.973587085" lon="25.343218145" /><trkpt lat="61.973587796" lon="25.343232796" /><trkpt lat="61.973588481" lon="25.343247671" /><trkpt lat="61.973589141" lon="25.343262768" /><trkpt lat="61.973589776" lon="25.343278082" /><trkpt lat="61.973590386" lon="25.343293610" /><trkpt lat="61.973590972" lon="25.343309346" /><trkpt lat="61.973591535" lon="25.343325288" /><trkpt lat="61.973592074" lon="25.343341431" /><trkpt lat="61.973592590" lon="25.343357771" /><trkpt lat="61.973593084" lon="25.343374304" /><trkpt lat="61.973593556" lon="25.343391026" /><trkpt lat="61.973594006" lon="25.343407933" /><trkpt lat="61.973594434" lon="25.343425021" /><trkpt lat="61.973594842" lon="25.343442287" /><trkpt lat="61.973595228" lon="25.343459725" /><trkpt lat="61.973595595" lon="25.343477332" /><trkpt lat="61.973595942" lon="25.343495104" /><trkpt lat="61.973596269" lon="25.343513038" /><trkpt lat="61.973596578" lon="25.343531128" /><trkpt lat="61.973596868" lon="25.343549371" /><trkpt lat="61.973597139" lon="25.343567763" /><trkpt lat="61.973597393" lon="25.343586300" /><trkpt lat="61.973597629" lon="25.343604978" /><trkpt lat="61.973597848" lon="25.343623793" /><trkpt lat="61.973598051" lon="25.343642740" /><trkpt lat="61.973598237" lon="25.343661817" /><trkpt lat="61.973598407" lon="25.343681018" /><trkpt lat="61.973598562" lon="25.343700340" /><trkpt lat="61.973598701" lon="25.343719778" /><trkpt lat="61.973598826" lon="25.343739330" /><trkpt lat="61.973598937" lon="25.343758990" /><trkpt lat="61.973599033" lon="25.343778755" /><trkpt lat="61.973599116" lon="25.343798621" /><trkpt lat="61.973599186" lon="25.343818583" /><trkpt lat="61.973599243" lon="25.343838638" /><trkpt lat="61.973599288" lon="25.343858782" /><trkpt lat="61.973599321" lon="25.343879010" /><trkpt lat="61.973599342" lon="25.343899319" /><trkpt lat="61.973599352" lon="25.343919704" /><trkpt lat="61.973599351" lon="25.343940162" /><trkpt lat="61.973599340" lon="25.343960689" /><trkpt lat="61.973599318" lon="25.343981280" /><trkpt lat="61.973599287" lon="25.344001932" /><trkpt lat="61.973599247" lon="25.344022640" /><trkpt lat="61.973599198" lon="25.344043401" /><trkpt lat="61.973599140" lon="25.344064210" /><trkpt lat="61.973599074" lon="25.344085063" /><trkpt lat="61.973599001" lon="25.344105957" /><trkpt lat="61.973598920" lon="25.344126888" /><trkpt lat="61.973598832" lon="25.344147851" /><trkpt lat="61.973598738" lon="25.344168842" /><trkpt lat="61.973598638" lon="25.344189857" /><trkpt lat="61.973598532" lon="25.344210893" /><trkpt lat="61.973598421" lon="25.344231946" /><trkpt lat="61.973598304" lon="25.344253010" /><trkpt lat="61.973598183" lon="25.344274083" /><trkpt lat="61.973598058" lon="25.344295160" /><trkpt lat="61.973597929" lon="25.344316237" /><trkpt lat="61.973597797" lon="25.344337311" /><trkpt lat="61.973597662" lon="25.344358377" /><trkpt lat="61.973597524" lon="25.344379431" /><trkpt lat="61.973597384" lon="25.344400469" /><trkpt lat="61.973597242" lon="25.344421488" /><trkpt lat="61.973597098" lon="25.344442482" /><trkpt lat="61.973596954" lon="25.344463449" /><trkpt lat="61.973596809" lon="25.344484384" /><trkpt lat="61.973596663" lon="25.344505282" /><trkpt lat="61.973596518" lon="25.344526141" /><trkpt lat="61.973596373" lon="25.344546956" /><trkpt lat="61.973596229" lon="25.344567723" /><trkpt lat="61.973596087" lon="25.344588439" /><trkpt lat="61.973595946" lon="25.344609098" /><trkpt lat="61.973595807" lon="25.344629697" /><trkpt lat="61.973595671" lon="25.344650232" /><trkpt lat="61.973595537" lon="25.344670699" /><trkpt lat="61.973595407" lon="25.344691094" /><trkpt lat="61.973595280" lon="25.344711413" /><trkpt lat="61.973595158" lon="25.344731651" /><trkpt lat="61.973595040" lon="25.344751806" /><trkpt lat="61.973594926" lon="25.344771873" /><trkpt lat="61.973594818" lon="25.344791847" /><trkpt lat="61.973594716" lon="25.344811725" /><trkpt lat="61.973594619" lon="25.344831503" /><trkpt lat="61.973594529" lon="25.344851177" /><trkpt lat="61.973594445" lon="25.344870742" /><trkpt lat="61.973594369" lon="25.344890196" /><trkpt lat="61.973594300" lon="25.344909533" /><trkpt lat="61.973594239" lon="25.344928750" /><trkpt lat="61.973594187" lon="25.344947842" /><trkpt lat="61.973594143" lon="25.344966806" /><trkpt lat="61.973594109" lon="25.344985638" /><trkpt lat="61.973594083" lon="25.345004334" /><trkpt lat="61.973594068" lon="25.345022889" /><trkpt lat="61.973594063" lon="25.345041299" /><trkpt lat="61.973594069" lon="25.345059562" /><trkpt lat="61.973594086" lon="25.345077672" /><trkpt lat="61.973594114" lon="25.345095625" /><trkpt lat="61.973594154" lon="25.345113418" /><trkpt lat="61.973594206" lon="25.345131047" /><trkpt lat="61.973594271" lon="25.345148507" /><trkpt lat="61.973594349" lon="25.345165794" /><trkpt lat="61.973594440" lon="25.345182905" /><trkpt lat="61.973594546" lon="25.345199836" /><trkpt lat="61.973594665" lon="25.345216582" /><trkpt lat="61.973594799" lon="25.345233139" /><trkpt lat="61.973594948" lon="25.345249504" /><trkpt lat="61.973595112" lon="25.345265672" /><trkpt lat="61.973595292" lon="25.345281640" /><trkpt lat="61.973595488" lon="25.345297402" /><trkpt lat="61.973595701" lon="25.345312957" /><trkpt lat="61.973595930" lon="25.345328298" /><trkpt lat="61.973596177" lon="25.345343423" /><trkpt lat="61.973596442" lon="25.345358327" /><trkpt lat="61.973596724" lon="25.345373006" /><trkpt lat="61.973597026" lon="25.345387457" /><trkpt lat="61.973597346" lon="25.345401675" /><trkpt lat="61.973597685" lon="25.345415656" /><trkpt lat="61.973598044" lon="25.345429396" /><trkpt lat="61.973598423" lon="25.345442891" /><trkpt lat="61.973598935" lon="25.345460574" /><trkpt lat="61.973599442" lon="25.345478310" /><trkpt lat="61.973599945" lon="25.345496097" /><trkpt lat="61.973600444" lon="25.345513935" /><trkpt lat="61.973600938" lon="25.345531822" /><trkpt lat="61.973601428" lon="25.345549755" /><trkpt lat="61.973601913" lon="25.345567735" /><trkpt lat="61.973602394" lon="25.345585759" /><trkpt lat="61.973602870" lon="25.345603825" /><trkpt lat="61.973603342" lon="25.345621933" /><trkpt lat="61.973603808" lon="25.345640081" /><trkpt lat="61.973604270" lon="25.345658267" /><trkpt lat="61.973604727" lon="25.345676491" /><trkpt lat="61.973605180" lon="25.345694749" /><trkpt lat="61.973605627" lon="25.345713042" /><trkpt lat="61.973606070" lon="25.345731367" /><trkpt lat="61.973606508" lon="25.345749723" /><trkpt lat="61.973606940" lon="25.345768109" /><trkpt lat="61.973607368" lon="25.345786523" /><trkpt lat="61.973607791" lon="25.345804964" /><trkpt lat="61.973608208" lon="25.345823429" /><trkpt lat="61.973608621" lon="25.345841919" /><trkpt lat="61.973609028" lon="25.345860430" /><trkpt lat="61.973609430" lon="25.345878962" /><trkpt lat="61.973609826" lon="25.345897514" /><trkpt lat="61.973610218" lon="25.345916083" /><trkpt lat="61.973610604" lon="25.345934669" /><trkpt lat="61.973610984" lon="25.345953270" /><trkpt lat="61.973611360" lon="25.345971884" /><trkpt lat="61.973611729" lon="25.345990509" /><trkpt lat="61.973612093" lon="25.346009146" /><trkpt lat="61.973612452" lon="25.346027791" /><trkpt lat="61.973612805" lon="25.346046443" /><trkpt lat="61.973613152" lon="25.346065102" /><trkpt lat="61.973613494" lon="25.346083765" /><trkpt lat="61.973613830" lon="25.346102432" /><trkpt lat="61.973614160" lon="25.346121099" /><trkpt lat="61.973614484" lon="25.346139767" /><trkpt lat="61.973614803" lon="25.346158434" /><trkpt lat="61.973615115" lon="25.346177098" /><trkpt lat="61.973615422" lon="25.346195757" /><trkpt lat="61.973615723" lon="25.346214411" /><trkpt lat="61.973616017" lon="25.346233058" /><trkpt lat="61.973616306" lon="25.346251695" /><trkpt lat="61.973616589" lon="25.346270323" /><trkpt lat="61.973616865" lon="25.346288939" /><trkpt lat="61.973617135" lon="25.346307542" /><trkpt lat="61.973617399" lon="25.346326130" /><trkpt lat="61.973617657" lon="25.346344702" /><trkpt lat="61.973617908" lon="25.346363256" /><trkpt lat="61.973618153" lon="25.346381792" /><trkpt lat="61.973618392" lon="25.346400307" /><trkpt lat="61.973618624" lon="25.346418800" /><trkpt lat="61.973618849" lon="25.346437269" /><trkpt lat="61.973619069" lon="25.346455714" /><trkpt lat="61.973619281" lon="25.346474132" /><trkpt lat="61.973619487" lon="25.346492523" /><trkpt lat="61.973619687" lon="25.346510884" /><trkpt lat="61.973619879" lon="25.346529214" /><trkpt lat="61.973620065" lon="25.346547512" /><trkpt lat="61.973620244" lon="25.346565776" /><trkpt lat="61.973620417" lon="25.346584005" /><trkpt lat="61.973620582" lon="25.346602198" /><trkpt lat="61.973620741" lon="25.346620352" /><trkpt lat="61.973620893" lon="25.346638466" /><trkpt lat="61.973621037" lon="25.346656539" /><trkpt lat="61.973621175" lon="25.346674570" /><trkpt lat="61.973621306" lon="25.346692557" /><trkpt lat="61.973621429" lon="25.346710498" /><trkpt lat="61.973621546" lon="25.346728392" /><trkpt lat="61.973621655" lon="25.346746238" /><trkpt lat="61.973621757" lon="25.346764033" /><trkpt lat="61.973621852" lon="25.346781778" /><trkpt lat="61.973621939" lon="25.346799469" /><trkpt lat="61.973622019" lon="25.346817106" /><trkpt lat="61.973622092" lon="25.346834687" /><trkpt lat="61.973622157" lon="25.346852211" /><trkpt lat="61.973622215" lon="25.346869676" /><trkpt lat="61.973622265" lon="25.346887081" /><trkpt lat="61.973622308" lon="25.346904424" /><trkpt lat="61.973622343" lon="25.346921704" /><trkpt lat="61.973622370" lon="25.346938919" /><trkpt lat="61.973622390" lon="25.346956068" /><trkpt lat="61.973622402" lon="25.346973149" /><trkpt lat="61.973622406" lon="25.346990161" /><trkpt lat="61.973622403" lon="25.347007103" /><trkpt lat="61.973622392" lon="25.347023973" /><trkpt lat="61.973622372" lon="25.347040769" /><trkpt lat="61.973622345" lon="25.347057490" /><trkpt lat="61.973622310" lon="25.347074135" /><trkpt lat="61.973622267" lon="25.347090701" /><trkpt lat="61.973622216" lon="25.347107189" /><trkpt lat="61.973622156" lon="25.347123595" /><trkpt lat="61.973622089" lon="25.347139919" /><trkpt lat="61.973622013" lon="25.347156159" /><trkpt lat="61.973621929" lon="25.347172314" /><trkpt lat="61.973621837" lon="25.347188382" /><trkpt lat="61.973621737" lon="25.347204362" /><trkpt lat="61.973621628" lon="25.347220252" /><trkpt lat="61.973621511" lon="25.347236051" /><trkpt lat="61.973621385" lon="25.347251758" /><trkpt lat="61.973621251" lon="25.347267370" /><trkpt lat="61.973621109" lon="25.347282887" /><trkpt lat="61.973620905" lon="25.347303043" /><trkpt lat="61.973620679" lon="25.347323178" /><trkpt lat="61.973620431" lon="25.347343289" /><trkpt lat="61.973620163" lon="25.347363375" /><trkpt lat="61.973619876" lon="25.347383435" /><trkpt lat="61.973619571" lon="25.347403466" /><trkpt lat="61.973619250" lon="25.347423468" /><trkpt lat="61.973618914" lon="25.347443438" /><trkpt lat="61.973618565" lon="25.347463376" /><trkpt lat="61.973618203" lon="25.347483280" /><trkpt lat="61.973617829" lon="25.347503148" /><trkpt lat="61.973617447" lon="25.347522979" /><trkpt lat="61.973617055" lon="25.347542771" /><trkpt lat="61.973616657" lon="25.347562523" /><trkpt lat="61.973616253" lon="25.347582234" /><trkpt lat="61.973615844" lon="25.347601901" /><trkpt lat="61.973615433" lon="25.347621524" /><trkpt lat="61.973615019" lon="25.347641100" /><trkpt lat="61.973614605" lon="25.347660629" /><trkpt lat="61.973614192" lon="25.347680109" /><trkpt lat="61.973613781" lon="25.347699538" /><trkpt lat="61.973613374" lon="25.347718915" /><trkpt lat="61.973612971" lon="25.347738238" /><trkpt lat="61.973612574" lon="25.347757506" /><trkpt lat="61.973612185" lon="25.347776717" /><trkpt lat="61.973611804" lon="25.347795870" /><trkpt lat="61.973611434" lon="25.347814964" /><trkpt lat="61.973611075" lon="25.347833996" /><trkpt lat="61.973610729" lon="25.347852966" /><trkpt lat="61.973610396" lon="25.347871872" /><trkpt lat="61.973610079" lon="25.347890711" /><trkpt lat="61.973609779" lon="25.347909484" /><trkpt lat="61.973609497" lon="25.347928188" /><trkpt lat="61.973609234" lon="25.347946822" /><trkpt lat="61.973608991" lon="25.347965384" /><trkpt lat="61.973608771" lon="25.347983873" /><trkpt lat="61.973608573" lon="25.348002287" /><trkpt lat="61.973608401" lon="25.348020626" /><trkpt lat="61.973608254" lon="25.348038886" /><trkpt lat="61.973608134" lon="25.348057067" /><trkpt lat="61.973608043" lon="25.348075168" /><trkpt lat="61.973607982" lon="25.348093186" /><trkpt lat="61.973607952" lon="25.348111121" /><trkpt lat="61.973607954" lon="25.348128970" /><trkpt lat="61.973607991" lon="25.348146733" /><trkpt lat="61.973608062" lon="25.348164408" /><trkpt lat="61.973608170" lon="25.348181993" /><trkpt lat="61.973608315" lon="25.348199486" /><trkpt lat="61.973608500" lon="25.348216887" /><trkpt lat="61.973608725" lon="25.348234194" /><trkpt lat="61.973608992" lon="25.348251405" /><trkpt lat="61.973609301" lon="25.348268519" /><trkpt lat="61.973609656" lon="25.348285534" /><trkpt lat="61.973610055" lon="25.348302449" /><trkpt lat="61.973610502" lon="25.348319262" /><trkpt lat="61.973610997" lon="25.348335972" /><trkpt lat="61.973611542" lon="25.348352578" /><trkpt lat="61.973612138" lon="25.348369077" /><trkpt lat="61.973612786" lon="25.348385468" /><trkpt lat="61.973613487" lon="25.348401751" /><trkpt lat="61.973614244" lon="25.348417922" /><trkpt lat="61.973615057" lon="25.348433981" /><trkpt lat="61.973615927" lon="25.348449927" /><trkpt lat="61.973616856" lon="25.348465757" /><trkpt lat="61.973617845" lon="25.348481471" /><trkpt lat="61.973618896" lon="25.348497066" /><trkpt lat="61.973620010" lon="25.348512542" /><trkpt lat="61.973621187" lon="25.348527896" /><trkpt lat="61.973622431" lon="25.348543128" /><trkpt lat="61.973623741" lon="25.348558235" /><trkpt lat="61.973625119" lon="25.348573217" /><trkpt lat="61.973626566" lon="25.348588071" /><trkpt lat="61.973628084" lon="25.348602797" /><trkpt lat="61.973629675" lon="25.348617393" /><trkpt lat="61.973631338" lon="25.348631856" /><trkpt lat="61.973633077" lon="25.348646187" /><trkpt lat="61.973634891" lon="25.348660383" /><trkpt lat="61.973636783" lon="25.348674442" /><trkpt lat="61.973638753" lon="25.348688364" /><trkpt lat="61.973640602" lon="25.348700767" /><trkpt lat="61.973642577" lon="25.348713382" /><trkpt lat="61.973644677" lon="25.348726206" /><trkpt lat="61.973646898" lon="25.348739234" /><trkpt lat="61.973649237" lon="25.348752465" /><trkpt lat="61.973651691" lon="25.348765893" /><trkpt lat="61.973654258" lon="25.348779516" /><trkpt lat="61.973656935" lon="25.348793331" /><trkpt lat="61.973659718" lon="25.348807334" /><trkpt lat="61.973662605" lon="25.348821521" /><trkpt lat="61.973665592" lon="25.348835890" /><trkpt lat="61.973668678" lon="25.348850436" /><trkpt lat="61.973671859" lon="25.348865156" /><trkpt lat="61.973675132" lon="25.348880047" /><trkpt lat="61.973678494" lon="25.348895106" /><trkpt lat="61.973681943" lon="25.348910328" /><trkpt lat="61.973685475" lon="25.348925711" /><trkpt lat="61.973689088" lon="25.348941252" /><trkpt lat="61.973692778" lon="25.348956946" /><trkpt lat="61.973696543" lon="25.348972790" /><trkpt lat="61.973700381" lon="25.348988781" /><trkpt lat="61.973704287" lon="25.349004916" /><trkpt lat="61.973708259" lon="25.349021191" /><trkpt lat="61.973712295" lon="25.349037602" /><trkpt lat="61.973716390" lon="25.349054147" /><trkpt lat="61.973720544" lon="25.349070821" /><trkpt lat="61.973724751" lon="25.349087622" /><trkpt lat="61.973729011" lon="25.349104545" /><trkpt lat="61.973733319" lon="25.349121588" /><trkpt lat="61.973737673" lon="25.349138747" /><trkpt lat="61.973742070" lon="25.349156019" /><trkpt lat="61.973746507" lon="25.349173400" /><trkpt lat="61.973750981" lon="25.349190886" /><trkpt lat="61.973755490" lon="25.349208475" /><trkpt lat="61.973760029" lon="25.349226163" /><trkpt lat="61.973764598" lon="25.349243947" /><trkpt lat="61.973769192" lon="25.349261822" /><trkpt lat="61.973773808" lon="25.349279787" /><trkpt lat="61.973778444" lon="25.349297836" /><trkpt lat="61.973783098" lon="25.349315967" /><trkpt lat="61.973787765" lon="25.349334177" /><trkpt lat="61.973792443" lon="25.349352462" /><trkpt lat="61.973797129" lon="25.349370818" /><trkpt lat="61.973801821" lon="25.349389242" /><trkpt lat="61.973806515" lon="25.349407731" /><trkpt lat="61.973811209" lon="25.349426282" /><trkpt lat="61.973815899" lon="25.349444890" /><trkpt lat="61.973820583" lon="25.349463552" /><trkpt lat="61.973825258" lon="25.349482266" /><trkpt lat="61.973829921" lon="25.349501027" /><trkpt lat="61.973834569" lon="25.349519832" /><trkpt lat="61.973839198" lon="25.349538678" /><trkpt lat="61.973843808" lon="25.349557562" /><trkpt lat="61.973848393" lon="25.349576479" /><trkpt lat="61.973852952" lon="25.349595426" /><trkpt lat="61.973857481" lon="25.349614401" /><trkpt lat="61.973861978" lon="25.349633399" /><trkpt lat="61.973866440" lon="25.349652418" /><trkpt lat="61.973870864" lon="25.349671453" /><trkpt lat="61.973875247" lon="25.349690501" /><trkpt lat="61.973879585" lon="25.349709560" /><trkpt lat="61.973883877" lon="25.349728625" /><trkpt lat="61.973888119" lon="25.349747693" /><trkpt lat="61.973892309" lon="25.349766760" /><trkpt lat="61.973896443" lon="25.349785824" /><trkpt lat="61.973900519" lon="25.349804881" /><trkpt lat="61.973904533" lon="25.349823927" /><trkpt lat="61.973908483" lon="25.349842959" /><trkpt lat="61.973912366" lon="25.349861973" /><trkpt lat="61.973916179" lon="25.349880967" /><trkpt lat="61.973919919" lon="25.349899936" /><trkpt lat="61.973923583" lon="25.349918877" /><trkpt lat="61.973927169" lon="25.349937788" /><trkpt lat="61.973930673" lon="25.349956663" /><trkpt lat="61.973934092" lon="25.349975501" /><trkpt lat="61.973937424" lon="25.349994297" /><trkpt lat="61.973940666" lon="25.350013048" /><trkpt lat="61.973943815" lon="25.350031751" /><trkpt lat="61.973946868" lon="25.350050402" /><trkpt lat="61.973949821" lon="25.350068999" /><trkpt lat="61.973952673" lon="25.350087536" /><trkpt lat="61.973955420" lon="25.350106012" /><trkpt lat="61.973958060" lon="25.350124422" /><trkpt lat="61.973960588" lon="25.350142763" /><trkpt lat="61.973963004" lon="25.350161032" /><trkpt lat="61.973965303" lon="25.350179225" /><trkpt lat="61.973967483" lon="25.350197339" /><trkpt lat="61.973969541" lon="25.350215371" /><trkpt lat="61.973971473" lon="25.350233316" /><trkpt lat="61.973973518" lon="25.350253438" /><trkpt lat="61.973975440" lon="25.350273467" /><trkpt lat="61.973977242" lon="25.350293406" /><trkpt lat="61.973978925" lon="25.350313256" /><trkpt lat="61.973980491" lon="25.350333018" /><trkpt lat="61.973981941" lon="25.350352693" /><trkpt lat="61.973983277" lon="25.350372282" /><trkpt lat="61.973984501" lon="25.350391786" /><trkpt lat="61.973985614" lon="25.350411207" /><trkpt lat="61.973986618" lon="25.350430546" /><trkpt lat="61.973987514" lon="25.350449803" /><trkpt lat="61.973988304" lon="25.350468981" /><trkpt lat="61.973988990" lon="25.350488080" /><trkpt lat="61.973989573" lon="25.350507101" /><trkpt lat="61.973990054" lon="25.350526046" /><trkpt lat="61.973990436" lon="25.350544916" /><trkpt lat="61.973990720" lon="25.350563712" /><trkpt lat="61.973990907" lon="25.350582435" /><trkpt lat="61.973991000" lon="25.350601086" /><trkpt lat="61.973990999" lon="25.350619667" /><trkpt lat="61.973990907" lon="25.350638178" /><trkpt lat="61.973990724" lon="25.350656622" /><trkpt lat="61.973990453" lon="25.350674998" /><trkpt lat="61.973990095" lon="25.350693308" /><trkpt lat="61.973989652" lon="25.350711554" /><trkpt lat="61.973989125" lon="25.350729737" /><trkpt lat="61.973988516" lon="25.350747857" /><trkpt lat="61.973987826" lon="25.350765916" /><trkpt lat="61.973987057" lon="25.350783915" /><trkpt lat="61.973986212" lon="25.350801855" /><trkpt lat="61.973985290" lon="25.350819738" /><trkpt lat="61.973984294" lon="25.350837564" /><trkpt lat="61.973983226" lon="25.350855335" /><trkpt lat="61.973982087" lon="25.350873053" /><trkpt lat="61.973980878" lon="25.350890717" /><trkpt lat="61.973979602" lon="25.350908329" /><trkpt lat="61.973978259" lon="25.350925891" /><trkpt lat="61.973976852" lon="25.350943404" /><trkpt lat="61.973975382" lon="25.350960868" /><trkpt lat="61.973973851" lon="25.350978286" /><trkpt lat="61.973972259" lon="25.350995657" /><trkpt lat="61.973970610" lon="25.351012984" /><trkpt lat="61.973968904" lon="25.351030268" /><trkpt lat="61.973967143" lon="25.351047509" /><trkpt lat="61.973965329" lon="25.351064709" /><trkpt lat="61.973963462" lon="25.351081869" /><trkpt lat="61.973961546" lon="25.351098990" /><trkpt lat="61.973959581" lon="25.351116074" /><trkpt lat="61.973957569" lon="25.351133121" /><trkpt lat="61.973955511" lon="25.351150133" /><trkpt lat="61.973953410" lon="25.351167111" /><trkpt lat="61.973951267" lon="25.351184056" /><trkpt lat="61.973949082" lon="25.351200970" /><trkpt lat="61.973946859" lon="25.351217852" /><trkpt lat="61.973944598" lon="25.351234706" /><trkpt lat="61.973942302" lon="25.351251531" /><trkpt lat="61.973939971" lon="25.351268329" /><trkpt lat="61.973937607" lon="25.351285102" /><trkpt lat="61.973935213" lon="25.351301849" /><trkpt lat="61.973932789" lon="25.351318573" /><trkpt lat="61.973930337" lon="25.351335275" /><trkpt lat="61.973927859" lon="25.351351956" /><trkpt lat="61.973925356" lon="25.351368616" /><trkpt lat="61.973922830" lon="25.351385258" /><trkpt lat="61.973920282" lon="25.351401883" /><trkpt lat="61.973917715" lon="25.351418490" /><trkpt lat="61.973915129" lon="25.351435083" /><trkpt lat="61.973912527" lon="25.351451661" /><trkpt lat="61.973909909" lon="25.351468227" /><trkpt lat="61.973907278" lon="25.351484781" /><trkpt lat="61.973904635" lon="25.351501324" /><trkpt lat="61.973901981" lon="25.351517858" /><trkpt lat="61.973899319" lon="25.351534383" /><trkpt lat="61.973896650" lon="25.351550902" /><trkpt lat="61.973893975" lon="25.351567414" /><trkpt lat="61.973891296" lon="25.351583922" /><trkpt lat="61.973888615" lon="25.351600427" /><trkpt lat="61.973885933" lon="25.351616929" /><trkpt lat="61.973883252" lon="25.351633430" /><trkpt lat="61.973881408" lon="25.351644804" /><trkpt lat="61.973879524" lon="25.351656449" /><trkpt lat="61.973877603" lon="25.351668361" /><trkpt lat="61.973875646" lon="25.351680536" /><trkpt lat="61.973873652" lon="25.351692968" /><trkpt lat="61.973871623" lon="25.351705655" /><trkpt lat="61.973869560" lon="25.351718592" /><trkpt lat="61.973867464" lon="25.351731775" /><trkpt lat="61.973865335" lon="25.351745199" /><trkpt lat="61.973863175" lon="25.351758861" /><trkpt lat="61.973860984" lon="25.351772756" /><trkpt lat="61.973858762" lon="25.351786880" /><trkpt lat="61.973856512" lon="25.351801229" /><trkpt lat="61.973854234" lon="25.351815798" /><trkpt lat="61.973851928" lon="25.351830584" /><trkpt lat="61.973849595" lon="25.351845582" /><trkpt lat="61.973847237" lon="25.351860789" /><trkpt lat="61.973844854" lon="25.351876199" /><trkpt lat="61.973842447" lon="25.351891809" /><trkpt lat="61.973840016" lon="25.351907614" /><trkpt lat="61.973837564" lon="25.351923611" /><trkpt lat="61.973835090" lon="25.351939795" /><trkpt lat="61.973832595" lon="25.351956162" /><trkpt lat="61.973830081" lon="25.351972708" /><trkpt lat="61.973827548" lon="25.351989429" /><trkpt lat="61.973824997" lon="25.352006320" /><trkpt lat="61.973822429" lon="25.352023377" /><trkpt lat="61.973819844" lon="25.352040596" /><trkpt lat="61.973817244" lon="25.352057973" /><trkpt lat="61.973814629" lon="25.352075504" /><trkpt lat="61.973812001" lon="25.352093184" /><trkpt lat="61.973809360" lon="25.352111009" /><trkpt lat="61.973806706" lon="25.352128976" /><trkpt lat="61.973804042" lon="25.352147080" /><trkpt lat="61.973801367" lon="25.352165316" /><trkpt lat="61.973798682" lon="25.352183681" /><trkpt lat="61.973795989" lon="25.352202170" /><trkpt lat="61.973793288" lon="25.352220780" /><trkpt lat="61.973790580" lon="25.352239505" /><trkpt lat="61.973787866" lon="25.352258343" /><trkpt lat="61.973785147" lon="25.352277288" /><trkpt lat="61.973782424" lon="25.352296336" /><trkpt lat="61.973779697" lon="25.352315484" /><trkpt lat="61.973776967" lon="25.352334727" /><trkpt lat="61.973774235" lon="25.352354060" /><trkpt lat="61.973771503" lon="25.352373481" /><trkpt lat="61.973768770" lon="25.352392984" /><trkpt lat="61.973766038" lon="25.352412565" /><trkpt lat="61.973763308" lon="25.352432220" /><trkpt lat="61.973760580" lon="25.352451946" /><trkpt lat="61.973757856" lon="25.352471737" /><trkpt lat="61.973755135" lon="25.352491590" /><trkpt lat="61.973752420" lon="25.352511500" /><trkpt lat="61.973749710" lon="25.352531463" /><trkpt lat="61.973747007" lon="25.352551476" /><trkpt lat="61.973744312" lon="25.352571533" /><trkpt lat="61.973741625" lon="25.352591631" /><trkpt lat="61.973738948" lon="25.352611765" /><trkpt lat="61.973736280" lon="25.352631932" /><trkpt lat="61.973733623" lon="25.352652127" /><trkpt lat="61.973730979" lon="25.352672345" /><trkpt lat="61.973728347" lon="25.352692584" /><trkpt lat="61.973725728" lon="25.352712838" /><trkpt lat="61.973723124" lon="25.352733103" /><trkpt lat="61.973720535" lon="25.352753376" /><trkpt lat="61.973717962" lon="25.352773651" /><trkpt lat="61.973715406" lon="25.352793926" /><trkpt lat="61.973712868" lon="25.352814195" /><trkpt lat="61.973710349" lon="25.352834454" /><trkpt lat="61.973707849" lon="25.352854700" /><trkpt lat="61.973705369" lon="25.352874927" /><trkpt lat="61.973702911" lon="25.352895133" /><trkpt lat="61.973700474" lon="25.352915312" /><trkpt lat="61.973698061" lon="25.352935461" /><trkpt lat="61.973695671" lon="25.352955575" /><trkpt lat="61.973693306" lon="25.352975650" /><trkpt lat="61.973690966" lon="25.352995682" /><trkpt lat="61.973688653" lon="25.353015667" /><trkpt lat="61.973686367" lon="25.353035601" /><trkpt lat="61.973684109" lon="25.353055479" /><trkpt lat="61.973681880" lon="25.353075297" /><trkpt lat="61.973679680" lon="25.353095051" /><trkpt lat="61.973677511" lon="25.353114737" /><trkpt lat="61.973675374" lon="25.353134350" /><trkpt lat="61.973673268" lon="25.353153887" /><trkpt lat="61.973671196" lon="25.353173344" /><trkpt lat="61.973669158" lon="25.353192715" /><trkpt lat="61.973667155" lon="25.353211997" /><trkpt lat="61.973665187" lon="25.353231186" /><trkpt lat="61.973663256" lon="25.353250278" /><trkpt lat="61.973661363" lon="25.353269268" /><trkpt lat="61.973659507" lon="25.353288152" /><trkpt lat="61.973657691" lon="25.353306926" /><trkpt lat="61.973655915" lon="25.353325585" /><trkpt lat="61.973654179" lon="25.353344127" /><trkpt lat="61.973652485" lon="25.353362545" /><trkpt lat="61.973650834" lon="25.353380837" /><trkpt lat="61.973649226" lon="25.353398998" /><trkpt lat="61.973647662" lon="25.353417024" /><trkpt lat="61.973646144" lon="25.353434911" /><trkpt lat="61.973644671" lon="25.353452654" /><trkpt lat="61.973643245" lon="25.353470249" /><trkpt lat="61.973641866" lon="25.353487693" /><trkpt lat="61.973640537" lon="25.353504980" /><trkpt lat="61.973639256" lon="25.353522107" /><trkpt lat="61.973638026" lon="25.353539070" /><trkpt lat="61.973636847" lon="25.353555864" /><trkpt lat="61.973635719" lon="25.353572485" /><trkpt lat="61.973634645" lon="25.353588929" /><trkpt lat="61.973633623" lon="25.353605192" /><trkpt lat="61.973632657" lon="25.353621270" /><trkpt lat="61.973631746" lon="25.353637158" /><trkpt lat="61.973630891" lon="25.353652852" /><trkpt lat="61.973630092" lon="25.353668348" /><trkpt lat="61.973629352" lon="25.353683643" /><trkpt lat="61.973628671" lon="25.353698730" /><trkpt lat="61.973628151" lon="25.353710495" /><trkpt lat="61.973627609" lon="25.353722457" /><trkpt lat="61.973627043" lon="25.353734615" /><trkpt lat="61.973626454" lon="25.353746966" /><trkpt lat="61.973625844" lon="25.353759507" /><trkpt lat="61.973625212" lon="25.353772237" /><trkpt lat="61.973624558" lon="25.353785152" /><trkpt lat="61.973623884" lon="25.353798252" /><trkpt lat="61.973623189" lon="25.353811533" /><trkpt lat="61.973622474" lon="25.353824992" /><trkpt lat="61.973621740" lon="25.353838628" /><trkpt lat="61.973620986" lon="25.353852439" /><trkpt lat="61.973620214" lon="25.353866422" /><trkpt lat="61.973619423" lon="25.353880574" /><trkpt lat="61.973618615" lon="25.353894893" /><trkpt lat="61.973617789" lon="25.353909377" /><trkpt lat="61.973616946" lon="25.353924024" /><trkpt lat="61.973616086" lon="25.353938831" /><trkpt lat="61.973615210" lon="25.353953796" /><trkpt lat="61.973614319" lon="25.353968916" /><trkpt lat="61.973613412" lon="25.353984189" /><trkpt lat="61.973612490" lon="25.353999614" /><trkpt lat="61.973611554" lon="25.354015187" /><trkpt lat="61.973610603" lon="25.354030905" /><trkpt lat="61.973609639" lon="25.354046768" /><trkpt lat="61.973608662" lon="25.354062772" /><trkpt lat="61.973607672" lon="25.354078916" /><trkpt lat="61.973606670" lon="25.354095196" /><trkpt lat="61.973605655" lon="25.354111610" /><trkpt lat="61.973604630" lon="25.354128157" /><trkpt lat="61.973603593" lon="25.354144833" /><trkpt lat="61.973602545" lon="25.354161637" /><trkpt lat="61.973601487" lon="25.354178565" /><trkpt lat="61.973600420" lon="25.354195616" /><trkpt lat="61.973599343" lon="25.354212788" /><trkpt lat="61.973598257" lon="25.354230078" /><trkpt lat="61.973597162" lon="25.354247483" /><trkpt lat="61.973596059" lon="25.354265002" /><trkpt lat="61.973594949" lon="25.354282631" /><trkpt lat="61.973593832" lon="25.354300370" /><trkpt lat="61.973592707" lon="25.354318214" /><trkpt lat="61.973591576" lon="25.354336162" /><trkpt lat="61.973590439" lon="25.354354212" /><trkpt lat="61.973589297" lon="25.354372362" /><trkpt lat="61.973588150" lon="25.354390608" /><trkpt lat="61.973586997" lon="25.354408948" /><trkpt lat="61.973585841" lon="25.354427381" /><trkpt lat="61.973584681" lon="25.354445904" /><trkpt lat="61.973583517" lon="25.354464514" /><trkpt lat="61.973582350" lon="25.354483210" /><trkpt lat="61.973581181" lon="25.354501988" /><trkpt lat="61.973580009" lon="25.354520846" /><trkpt lat="61.973578836" lon="25.354539783" /><trkpt lat="61.973577661" lon="25.354558796" /><trkpt lat="61.973576486" lon="25.354577882" /><trkpt lat="61.973575310" lon="25.354597039" /><trkpt lat="61.973574134" lon="25.354616265" /><trkpt lat="61.973572958" lon="25.354635557" /><trkpt lat="61.973571784" lon="25.354654914" /><trkpt lat="61.973570610" lon="25.354674332" /><trkpt lat="61.973569438" lon="25.354693809" /><trkpt lat="61.973568269" lon="25.354713344" /><trkpt lat="61.973567101" lon="25.354732933" /><trkpt lat="61.973565937" lon="25.354752574" /><trkpt lat="61.973564776" lon="25.354772266" /><trkpt lat="61.973563619" lon="25.354792005" /><trkpt lat="61.973562466" lon="25.354811790" /><trkpt lat="61.973561318" lon="25.354831617" /><trkpt lat="61.973560175" lon="25.354851485" /><trkpt lat="61.973559037" lon="25.354871391" /><trkpt lat="61.973557905" lon="25.354891334" /><trkpt lat="61.973556780" lon="25.354911309" /><trkpt lat="61.973555661" lon="25.354931316" /><trkpt lat="61.973554550" lon="25.354951352" /><trkpt lat="61.973553446" lon="25.354971415" /><trkpt lat="61.973552350" lon="25.354991501" /><trkpt lat="61.973551263" lon="25.355011610" /><trkpt lat="61.973550185" lon="25.355031738" /><trkpt lat="61.973549116" lon="25.355051883" /><trkpt lat="61.973548056" lon="25.355072043" /><trkpt lat="61.973547007" lon="25.355092216" /><trkpt lat="61.973545969" lon="25.355112398" /><trkpt lat="61.973544941" lon="25.355132589" /><trkpt lat="61.973543925" lon="25.355152785" /><trkpt lat="61.973542921" lon="25.355172983" /><trkpt lat="61.973541929" lon="25.355193183" /><trkpt lat="61.973540950" lon="25.355213381" /><trkpt lat="61.973539984" lon="25.355233575" /><trkpt lat="61.973539031" lon="25.355253763" /><trkpt lat="61.973538093" lon="25.355273942" /><trkpt lat="61.973537169" lon="25.355294111" /><trkpt lat="61.973536259" lon="25.355314266" /><trkpt lat="61.973535365" lon="25.355334405" /><trkpt lat="61.973534487" lon="25.355354526" /><trkpt lat="61.973533625" lon="25.355374627" /><trkpt lat="61.973532780" lon="25.355394705" /><trkpt lat="61.973531951" lon="25.355414758" /><trkpt lat="61.973531140" lon="25.355434784" /><trkpt lat="61.973530347" lon="25.355454780" /><trkpt lat="61.973529571" lon="25.355474744" /><trkpt lat="61.973528815" lon="25.355494674" /><trkpt lat="61.973528078" lon="25.355514566" /><trkpt lat="61.973527360" lon="25.355534420" /><trkpt lat="61.973526662" lon="25.355554232" /><trkpt lat="61.973525985" lon="25.355574001" /><trkpt lat="61.973525328" lon="25.355593723" /><trkpt lat="61.973524693" lon="25.355613397" /><trkpt lat="61.973524079" lon="25.355633019" /><trkpt lat="61.973523487" lon="25.355652589" /><trkpt lat="61.973522918" lon="25.355672103" /><trkpt lat="61.973522372" lon="25.355691560" /><trkpt lat="61.973521849" lon="25.355710956" /><trkpt lat="61.973521350" lon="25.355730289" /><trkpt lat="61.973520875" lon="25.355749558" /><trkpt lat="61.973520424" lon="25.355768759" /><trkpt lat="61.973519999" lon="25.355787891" /><trkpt lat="61.973519599" lon="25.355806951" /><trkpt lat="61.973519225" lon="25.355825936" /><trkpt lat="61.973518878" lon="25.355844845" /><trkpt lat="61.973518557" lon="25.355863675" /><trkpt lat="61.973518264" lon="25.355882424" /><trkpt lat="61.973517998" lon="25.355901089" /><trkpt lat="61.973517760" lon="25.355919668" /><trkpt lat="61.973517550" lon="25.355938158" /><trkpt lat="61.973517370" lon="25.355956558" /><trkpt lat="61.973517218" lon="25.355974865" /><trkpt lat="61.973517097" lon="25.355993076" /><trkpt lat="61.973517005" lon="25.356011190" /><trkpt lat="61.973516944" lon="25.356029203" /><trkpt lat="61.973516914" lon="25.356047114" /><trkpt lat="61.973516916" lon="25.356064921" /><trkpt lat="61.973516950" lon="25.356082620" /><trkpt lat="61.973517015" lon="25.356100210" /><trkpt lat="61.973517114" lon="25.356117688" /><trkpt lat="61.973517245" lon="25.356135052" /><trkpt lat="61.973517410" lon="25.356152299" /><trkpt lat="61.973517610" lon="25.356169428" /><trkpt lat="61.973517843" lon="25.356186435" /><trkpt lat="61.973518111" lon="25.356203319" /><trkpt lat="61.973518415" lon="25.356220077" /><trkpt lat="61.973518754" lon="25.356236706" /><trkpt lat="61.973519130" lon="25.356253205" /><trkpt lat="61.973519542" lon="25.356269572" /><trkpt lat="61.973519991" lon="25.356285802" /><trkpt lat="61.973520477" lon="25.356301896" /><trkpt lat="61.973521001" lon="25.356317849" /><trkpt lat="61.973521563" lon="25.356333660" /><trkpt lat="61.973522164" lon="25.356349327" /><trkpt lat="61.973522804" lon="25.356364846" /><trkpt lat="61.973523374" lon="25.356378240" /><trkpt lat="61.973523947" lon="25.356391814" /><trkpt lat="61.973524523" lon="25.356405566" /><trkpt lat="61.973525103" lon="25.356419495" /><trkpt lat="61.973525686" lon="25.356433597" /><trkpt lat="61.973526272" lon="25.356447871" /><trkpt lat="61.973526862" lon="25.356462314" /><trkpt lat="61.973527456" lon="25.356476924" /><trkpt lat="61.973528054" lon="25.356491699" /><trkpt lat="61.973528656" lon="25.356506636" /><trkpt lat="61.973529262" lon="25.356521734" /><trkpt lat="61.973529873" lon="25.356536990" /><trkpt lat="61.973530487" lon="25.356552401" /><trkpt lat="61.973531106" lon="25.356567966" /><trkpt lat="61.973531730" lon="25.356583682" /><trkpt lat="61.973532358" lon="25.356599547" /><trkpt lat="61.973532991" lon="25.356615559" /><trkpt lat="61.973533629" lon="25.356631715" /><trkpt lat="61.973534272" lon="25.356648014" /><trkpt lat="61.973534920" lon="25.356664452" /><trkpt lat="61.973535573" lon="25.356681029" /><trkpt lat="61.973536231" lon="25.356697740" /><trkpt lat="61.973536895" lon="25.356714585" /><trkpt lat="61.973537564" lon="25.356731561" /><trkpt lat="61.973538239" lon="25.356748665" /><trkpt lat="61.973538920" lon="25.356765896" /><trkpt lat="61.973539606" lon="25.356783251" /><trkpt lat="61.973540299" lon="25.356800727" /><trkpt lat="61.973540997" lon="25.356818324" /><trkpt lat="61.973541702" lon="25.356836038" /><trkpt lat="61.973542413" lon="25.356853867" /><trkpt lat="61.973543130" lon="25.356871808" /><trkpt lat="61.973543854" lon="25.356889861" /><trkpt lat="61.973544585" lon="25.356908022" /><trkpt lat="61.973545322" lon="25.356926288" /><trkpt lat="61.973546066" lon="25.356944659" /><trkpt lat="61.973546817" lon="25.356963132" /><trkpt lat="61.973547575" lon="25.356981703" /><trkpt lat="61.973548340" lon="25.357000372" /><trkpt lat="61.973549112" lon="25.357019135" /><trkpt lat="61.973549892" lon="25.357037992" /><trkpt lat="61.973550679" lon="25.357056938" /><trkpt lat="61.973551474" lon="25.357075972" /><trkpt lat="61.973552276" lon="25.357095093" /><trkpt lat="61.973553086" lon="25.357114297" /><trkpt lat="61.973553904" lon="25.357133582" /><trkpt lat="61.973554730" lon="25.357152946" /><trkpt lat="61.973555564" lon="25.357172387" /><trkpt lat="61.973556407" lon="25.357191902" /><trkpt lat="61.973557258" lon="25.357211490" /><trkpt lat="61.973558117" lon="25.357231147" /><trkpt lat="61.973558984" lon="25.357250872" /><trkpt lat="61.973559861" lon="25.357270663" /><trkpt lat="61.973560746" lon="25.357290517" /><trkpt lat="61.973561640" lon="25.357310432" /><trkpt lat="61.973562543" lon="25.357330406" /><trkpt lat="61.973563455" lon="25.357350436" /><trkpt lat="61.973564376" lon="25.357370521" /><trkpt lat="61.973565307" lon="25.357390657" /><trkpt lat="61.973566247" lon="25.357410843" /><trkpt lat="61.973567196" lon="25.357431077" /><trkpt lat="61.973568155" lon="25.357451355" /><trkpt lat="61.973569124" lon="25.357471677" /><trkpt lat="61.973570103" lon="25.357492039" /><trkpt lat="61.973571091" lon="25.357512440" /><trkpt lat="61.973572090" lon="25.357532876" /><trkpt lat="61.973573099" lon="25.357553347" /><trkpt lat="61.973574118" lon="25.357573849" /><trkpt lat="61.973575147" lon="25.357594381" /><trkpt lat="61.973576187" lon="25.357614940" /><trkpt lat="61.973577238" lon="25.357635524" /><trkpt lat="61.973578299" lon="25.357656130" /><trkpt lat="61.973579371" lon="25.357676756" /><trkpt lat="61.973580454" lon="25.357697401" /><trkpt lat="61.973581548" lon="25.357718062" /><trkpt lat="61.973582653" lon="25.357738736" /><trkpt lat="61.973583770" lon="25.357759421" /><trkpt lat="61.973584898" lon="25.357780116" /><trkpt lat="61.973586037" lon="25.357800817" /><trkpt lat="61.973587188" lon="25.357821523" /><trkpt lat="61.973588350" lon="25.357842231" /><trkpt lat="61.973589524" lon="25.357862940" /><trkpt lat="61.973590710" lon="25.357883646" /><trkpt lat="61.973591909" lon="25.357904347" /><trkpt lat="61.973593119" lon="25.357925042" /><trkpt lat="61.973594341" lon="25.357945728" /><trkpt lat="61.973595576" lon="25.357966402" /><trkpt lat="61.973596823" lon="25.357987064" /><trkpt lat="61.973598083" lon="25.358007709" /><trkpt lat="61.973599356" lon="25.358028336" /><trkpt lat="61.973600641" lon="25.358048943" /><trkpt lat="61.973601939" lon="25.358069528" /><trkpt lat="61.973603250" lon="25.358090088" /><trkpt lat="61.973604574" lon="25.358110621" /><trkpt lat="61.973605911" lon="25.358131124" /><trkpt lat="61.973607262" lon="25.358151596" /><trkpt lat="61.973608626" lon="25.358172034" /><trkpt lat="61.973610004" lon="25.358192436" /><trkpt lat="61.973611395" lon="25.358212800" /><trkpt lat="61.973612800" lon="25.358233123" /><trkpt lat="61.973614218" lon="25.358253403" /><trkpt lat="61.973615651" lon="25.358273639" /><trkpt lat="61.973617098" lon="25.358293827" /><trkpt lat="61.973618559" lon="25.358313965" /><trkpt lat="61.973620034" lon="25.358334051" /><trkpt lat="61.973621523" lon="25.358354084" /><trkpt lat="61.973623027" lon="25.358374060" /><trkpt lat="61.973624546" lon="25.358393977" /><trkpt lat="61.973626079" lon="25.358413833" /><trkpt lat="61.973627628" lon="25.358433627" /><trkpt lat="61.973629191" lon="25.358453355" /><trkpt lat="61.973630769" lon="25.358473015" /><trkpt lat="61.973632362" lon="25.358492605" /><trkpt lat="61.973633971" lon="25.358512123" /><trkpt lat="61.973635594" lon="25.358531567" /><trkpt lat="61.973637234" lon="25.358550934" /><trkpt lat="61.973638888" lon="25.358570222" /><trkpt lat="61.973640559" lon="25.358589429" /><trkpt lat="61.973642245" lon="25.358608553" /><trkpt lat="61.973643948" lon="25.358627591" /><trkpt lat="61.973645666" lon="25.358646541" /><trkpt lat="61.973647400" lon="25.358665400" /><trkpt lat="61.973649151" lon="25.358684167" /><trkpt lat="61.973650917" lon="25.358702840" /><trkpt lat="61.973652701" lon="25.358721415" /><trkpt lat="61.973654501" lon="25.358739892" /><trkpt lat="61.973656317" lon="25.358758266" /><trkpt lat="61.973658150" lon="25.358776537" /><trkpt lat="61.973660000" lon="25.358794702" /><trkpt lat="61.973661868" lon="25.358812759" /><trkpt lat="61.973663752" lon="25.358830705" /><trkpt lat="61.973665653" lon="25.358848538" /><trkpt lat="61.973667572" lon="25.358866256" /><trkpt lat="61.973669508" lon="25.358883857" /><trkpt lat="61.973671461" lon="25.358901339" /><trkpt lat="61.973673433" lon="25.358918699" /><trkpt lat="61.973675421" lon="25.358935934" /><trkpt lat="61.973677428" lon="25.358953043" /><trkpt lat="61.973679453" lon="25.358970024" /><trkpt lat="61.973681496" lon="25.358986874" /><trkpt lat="61.973683557" lon="25.359003591" /><trkpt lat="61.973685636" lon="25.359020172" /><trkpt lat="61.973687733" lon="25.359036616" /><trkpt lat="61.973689849" lon="25.359052920" /><trkpt lat="61.973691984" lon="25.359069082" /><trkpt lat="61.973694138" lon="25.359085099" /><trkpt lat="61.973696310" lon="25.359100970" /><trkpt lat="61.973698501" lon="25.359116692" /><trkpt lat="61.973700711" lon="25.359132263" /><trkpt lat="61.973702940" lon="25.359147680" /><trkpt lat="61.973705189" lon="25.359162942" /><trkpt lat="61.973707456" lon="25.359178046" /><trkpt lat="61.973709744" lon="25.359192989" /><trkpt lat="61.973712051" lon="25.359207770" /><trkpt lat="61.973714377" lon="25.359222387" /><trkpt lat="61.973716724" lon="25.359236836" /><trkpt lat="61.973719090" lon="25.359251117" /><trkpt lat="61.973721476" lon="25.359265226" /><trkpt lat="61.973723882" lon="25.359279161" /><trkpt lat="61.973726309" lon="25.359292920" /><trkpt lat="61.973728756" lon="25.359306501" /><trkpt lat="61.973731223" lon="25.359319902" /><trkpt lat="61.973733711" lon="25.359333120" /><trkpt lat="61.973736219" lon="25.359346153" /><trkpt lat="61.973738749" lon="25.359358998" /><trkpt lat="61.973741299" lon="25.359371654" /><trkpt lat="61.973743870" lon="25.359384119" /><trkpt lat="61.973746462" lon="25.359396389" /><trkpt lat="61.973749075" lon="25.359408463" /><trkpt lat="61.973751710" lon="25.359420338" /><trkpt lat="61.973754366" lon="25.359432013" /><trkpt lat="61.973757043" lon="25.359443485" /><trkpt lat="61.973759743" lon="25.359454751" /><trkpt lat="61.973763265" lon="25.359469257" /><trkpt lat="61.973766835" lon="25.359483950" /><trkpt lat="61.973770451" lon="25.359498827" /><trkpt lat="61.973774112" lon="25.359513884" /><trkpt lat="61.973777817" lon="25.359529118" /><trkpt lat="61.973781566" lon="25.359544526" /><trkpt lat="61.973785357" lon="25.359560104" /><trkpt lat="61.973789190" lon="25.359575850" /><trkpt lat="61.973793064" lon="25.359591760" /><trkpt lat="61.973796977" lon="25.359607831" /><trkpt lat="61.973800929" lon="25.359624059" /><trkpt lat="61.973804918" lon="25.359640442" /><trkpt lat="61.973808945" lon="25.359656976" /><trkpt lat="61.973813008" lon="25.359673657" /><trkpt lat="61.973817105" lon="25.359690484" /><trkpt lat="61.973821237" lon="25.359707452" /><trkpt lat="61.973825402" lon="25.359724558" /><trkpt lat="61.973829600" lon="25.359741799" /><trkpt lat="61.973833828" lon="25.359759172" /><trkpt lat="61.973838088" lon="25.359776674" /><trkpt lat="61.973842376" lon="25.359794300" /><trkpt lat="61.973846694" lon="25.359812049" /><trkpt lat="61.973851039" lon="25.359829916" /><trkpt lat="61.973855410" lon="25.359847899" /><trkpt lat="61.973859808" lon="25.359865995" /><trkpt lat="61.973864231" lon="25.359884199" /><trkpt lat="61.973868677" lon="25.359902509" /><trkpt lat="61.973873147" lon="25.359920922" /><trkpt lat="61.973877638" lon="25.359939434" /><trkpt lat="61.973882151" lon="25.359958043" /><trkpt lat="61.973886684" lon="25.359976744" /><trkpt lat="61.973891237" lon="25.359995535" /><trkpt lat="61.973895808" lon="25.360014412" /><trkpt lat="61.973900397" lon="25.360033373" /><trkpt lat="61.973905002" lon="25.360052413" /><trkpt lat="61.973909622" lon="25.360071530" /><trkpt lat="61.973914258" lon="25.360090721" /><trkpt lat="61.973918907" lon="25.360109982" /><trkpt lat="61.973923570" lon="25.360129309" /><trkpt lat="61.973928244" lon="25.360148701" /><trkpt lat="61.973932929" lon="25.360168153" /><trkpt lat="61.973937625" lon="25.360187662" /><trkpt lat="61.973942329" lon="25.360207226" /><trkpt lat="61.973947042" lon="25.360226840" /><trkpt lat="61.973951762" lon="25.360246502" /><trkpt lat="61.973956489" lon="25.360266208" /><trkpt lat="61.973961221" lon="25.360285955" /><trkpt lat="61.973965958" lon="25.360305740" /><trkpt lat="61.973970698" lon="25.360325560" /><trkpt lat="61.973975441" lon="25.360345411" /><trkpt lat="61.973980186" lon="25.360365290" /><trkpt lat="61.973984932" lon="25.360385194" /><trkpt lat="61.973989678" lon="25.360405120" /><trkpt lat="61.973994423" lon="25.360425064" /><trkpt lat="61.973999166" lon="25.360445024" /><trkpt lat="61.974003906" lon="25.360464995" /><trkpt lat="61.974008642" lon="25.360484975" /><trkpt lat="61.974013374" lon="25.360504961" /><trkpt lat="61.974018100" lon="25.360524949" /><trkpt lat="61.974022820" lon="25.360544936" /><trkpt lat="61.974027532" lon="25.360564918" /><trkpt lat="61.974032236" lon="25.360584893" /><trkpt lat="61.974036931" lon="25.360604858" /><trkpt lat="61.974041615" lon="25.360624808" /><trkpt lat="61.974046288" lon="25.360644742" /><trkpt lat="61.974050949" lon="25.360664655" /><trkpt lat="61.974055598" lon="25.360684544" /><trkpt lat="61.974060232" lon="25.360704406" /><trkpt lat="61.974064852" lon="25.360724238" /><trkpt lat="61.974069455" lon="25.360744037" /><trkpt lat="61.974074042" lon="25.360763800" /><trkpt lat="61.974078612" lon="25.360783522" /><trkpt lat="61.974083163" lon="25.360803202" /><trkpt lat="61.974087694" lon="25.360822835" /><trkpt lat="61.974092206" lon="25.360842418" /><trkpt lat="61.974096696" lon="25.360861949" /><trkpt lat="61.974101163" lon="25.360881424" /><trkpt lat="61.974105608" lon="25.360900839" /><trkpt lat="61.974110028" lon="25.360920192" /><trkpt lat="61.974114424" lon="25.360939479" /><trkpt lat="61.974118793" lon="25.360958698" /><trkpt lat="61.974123136" lon="25.360977844" /><trkpt lat="61.974127451" lon="25.360996914" /><trkpt lat="61.974131738" lon="25.361015906" /><trkpt lat="61.974135994" lon="25.361034816" /><trkpt lat="61.974140220" lon="25.361053641" /><trkpt lat="61.974144415" lon="25.361072377" /><trkpt lat="61.974148578" lon="25.361091022" /><trkpt lat="61.974152707" lon="25.361109572" /><trkpt lat="61.974156801" lon="25.361128024" /><trkpt lat="61.974160861" lon="25.361146374" /><trkpt lat="61.974164885" lon="25.361164620" /><trkpt lat="61.974168871" lon="25.361182758" /><trkpt lat="61.974172820" lon="25.361200785" /><trkpt lat="61.974176730" lon="25.361218698" /><trkpt lat="61.974180600" lon="25.361236493" /><trkpt lat="61.974184429" lon="25.361254168" /><trkpt lat="61.974188217" lon="25.361271718" /><trkpt lat="61.974191962" lon="25.361289141" /><trkpt lat="61.974195664" lon="25.361306434" /><trkpt lat="61.974199322" lon="25.361323593" /><trkpt lat="61.974202934" lon="25.361340615" /><trkpt lat="61.974206500" lon="25.361357497" /><trkpt lat="61.974210018" lon="25.361374236" /><trkpt lat="61.974213489" lon="25.361390827" /><trkpt lat="61.974216910" lon="25.361407269" /><trkpt lat="61.974220282" lon="25.361423558" /><trkpt lat="61.974223603" lon="25.361439690" /><trkpt lat="61.974226872" lon="25.361455663" /><trkpt lat="61.974230088" lon="25.361471473" /><trkpt lat="61.974233251" lon="25.361487117" /><trkpt lat="61.974236359" lon="25.361502591" /><trkpt lat="61.974239412" lon="25.361517893" /><trkpt lat="61.974242408" lon="25.361533019" /><trkpt lat="61.974245347" lon="25.361547966" /><trkpt lat="61.974248228" lon="25.361562731" /><trkpt lat="61.974251049" lon="25.361577310" /><trkpt lat="61.974253810" lon="25.361591701" /><trkpt lat="61.974256511" lon="25.361605899" /><trkpt lat="61.974259149" lon="25.361619902" /><trkpt lat="61.974261725" lon="25.361633707" /><trkpt lat="61.974264237" lon="25.361647310" /><trkpt lat="61.974266684" lon="25.361660709" /><trkpt lat="61.974269065" lon="25.361673899" /><trkpt lat="61.974271380" lon="25.361686877" /><trkpt lat="61.974273628" lon="25.361699641" /><trkpt lat="61.974275807" lon="25.361712187" /><trkpt lat="61.974277916" lon="25.361724512" /><trkpt lat="61.974279956" lon="25.361736613" /><trkpt lat="61.974281924" lon="25.361748486" /><trkpt lat="61.974283820" lon="25.361760128" /><trkpt lat="61.974285643" lon="25.361771536" /><trkpt lat="61.974287392" lon="25.361782707" /><trkpt lat="61.974289066" lon="25.361793637" /><trkpt lat="61.974291326" lon="25.361808647" /><trkpt lat="61.974293586" lon="25.361823811" /><trkpt lat="61.974295848" lon="25.361839125" /><trkpt lat="61.974298112" lon="25.361854585" /><trkpt lat="61.974300380" lon="25.361870189" /><trkpt lat="61.974302654" lon="25.361885932" /><trkpt lat="61.974304934" lon="25.361901810" /><trkpt lat="61.974307224" lon="25.361917821" /><trkpt lat="61.974309523" lon="25.361933960" /><trkpt lat="61.974311833" lon="25.361950224" /><trkpt lat="61.974314157" lon="25.361966610" /><trkpt lat="61.974316494" lon="25.361983114" /><trkpt lat="61.974318848" lon="25.361999731" /><trkpt lat="61.974321218" lon="25.362016460" /><trkpt lat="61.974323607" lon="25.362033295" /><trkpt lat="61.974326016" lon="25.362050234" /><trkpt lat="61.974328447" lon="25.362067272" /><trkpt lat="61.974330900" lon="25.362084407" /><trkpt lat="61.974333378" lon="25.362101634" /><trkpt lat="61.974335881" lon="25.362118950" /><trkpt lat="61.974338412" lon="25.362136352" /><trkpt lat="61.974340971" lon="25.362153836" /><trkpt lat="61.974343561" lon="25.362171397" /><trkpt lat="61.974346182" lon="25.362189034" /><trkpt lat="61.974348836" lon="25.362206741" /><trkpt lat="61.974351525" lon="25.362224516" /><trkpt lat="61.974354249" lon="25.362242355" /><trkpt lat="61.974357011" lon="25.362260254" /><trkpt lat="61.974359811" lon="25.362278209" /><trkpt lat="61.974362652" lon="25.362296218" /><trkpt lat="61.974365534" lon="25.362314276" /><trkpt lat="61.974368459" lon="25.362332380" /><trkpt lat="61.974371429" lon="25.362350526" /><trkpt lat="61.974374445" lon="25.362368710" /><trkpt lat="61.974377508" lon="25.362386930" /><trkpt lat="61.974380620" lon="25.362405182" /><trkpt lat="61.974383783" lon="25.362423461" /><trkpt lat="61.974386997" lon="25.362441764" /><trkpt lat="61.974390264" lon="25.362460088" /><trkpt lat="61.974393586" lon="25.362478429" /><trkpt lat="61.974396964" lon="25.362496784" /><trkpt lat="61.974400400" lon="25.362515148" /><trkpt lat="61.974403894" lon="25.362533519" /><trkpt lat="61.974407449" lon="25.362551893" /><trkpt lat="61.974411065" lon="25.362570265" /><trkpt lat="61.974414745" lon="25.362588633" /><trkpt lat="61.974418490" lon="25.362606993" /><trkpt lat="61.974422301" lon="25.362625341" /><trkpt lat="61.974426179" lon="25.362643674" /><trkpt lat="61.974430126" lon="25.362661988" /><trkpt lat="61.974434144" lon="25.362680280" /><trkpt lat="61.974438234" lon="25.362698545" /><trkpt lat="61.974442397" lon="25.362716781" /><trkpt lat="61.974446635" lon="25.362734983" /><trkpt lat="61.974450949" lon="25.362753149" /><trkpt lat="61.974455341" lon="25.362771274" /><trkpt lat="61.974459812" lon="25.362789355" /><trkpt lat="61.974464363" lon="25.362807388" /><trkpt lat="61.974468997" lon="25.362825370" /><trkpt lat="61.974473714" lon="25.362843297" /><trkpt lat="61.974478516" lon="25.362861166" /><trkpt lat="61.974483404" lon="25.362878972" /><trkpt lat="61.974488380" lon="25.362896713" /><trkpt lat="61.974493445" lon="25.362914385" /><trkpt lat="61.974498601" lon="25.362931983" /><trkpt lat="61.974503849" lon="25.362949506" /><trkpt lat="61.974509190" lon="25.362966948" /><trkpt lat="61.974514627" lon="25.362984307" /><trkpt lat="61.974520160" lon="25.363001578" /><trkpt lat="61.974525790" lon="25.363018759" /><trkpt lat="61.974531520" lon="25.363035845" /><trkpt lat="61.974537351" lon="25.363052833" /><trkpt lat="61.974543284" lon="25.363069719" /><trkpt lat="61.974549321" lon="25.363086500" /><trkpt lat="61.974555462" lon="25.363103173" /><trkpt lat="61.974561710" lon="25.363119733" /><trkpt lat="61.974568067" lon="25.363136176" /><trkpt lat="61.974574532" lon="25.363152501" /><trkpt lat="61.974581109" lon="25.363168702" /><trkpt lat="61.974587797" lon="25.363184776" /><trkpt lat="61.974594600" lon="25.363200720" /><trkpt lat="61.974601517" lon="25.363216530" /><trkpt lat="61.974608551" lon="25.363232202" /><trkpt lat="61.974615703" lon="25.363247733" /><trkpt lat="61.974622975" lon="25.363263119" /><trkpt lat="61.974630368" lon="25.363278357" /><trkpt lat="61.974637883" lon="25.363293443" /><trkpt lat="61.974645522" lon="25.363308373" /><trkpt lat="61.974653286" lon="25.363323144" /><trkpt lat="61.974661176" lon="25.363337752" /><trkpt lat="61.974669195" lon="25.363352194" /><trkpt lat="61.974677344" lon="25.363366466" /><trkpt lat="61.974685623" lon="25.363380564" /><trkpt lat="61.974694035" lon="25.363394485" /><trkpt lat="61.974702581" lon="25.363408225" /><trkpt lat="61.974711262" lon="25.363421781" /><trkpt lat="61.974720080" lon="25.363435149" /><trkpt lat="61.974737143" lon="25.363460553" /><trkpt lat="61.974753857" lon="25.363485274" /><trkpt lat="61.974770228" lon="25.363509325" /><trkpt lat="61.974786263" lon="25.363532719" /><trkpt lat="61.974801970" lon="25.363555468" /><trkpt lat="61.974817356" lon="25.363577585" /><trkpt lat="61.974832427" lon="25.363599082" /><trkpt lat="61.974847192" lon="25.363619972" /><trkpt lat="61.974861657" lon="25.363640268" /><trkpt lat="61.974875829" lon="25.363659983" /><trkpt lat="61.974889716" lon="25.363679128" /><trkpt lat="61.974903324" lon="25.363697717" /><trkpt lat="61.974916661" lon="25.363715762" /><trkpt lat="61.974929734" lon="25.363733276" /><trkpt lat="61.974942550" lon="25.363750271" /><trkpt lat="61.974955116" lon="25.363766761" /><trkpt lat="61.974967439" lon="25.363782756" /><trkpt lat="61.974979527" lon="25.363798272" /><trkpt lat="61.974991386" lon="25.363813319" /><trkpt lat="61.975003024" lon="25.363827910" /><trkpt lat="61.975014448" lon="25.363842059" /><trkpt lat="61.975025665" lon="25.363855778" /><trkpt lat="61.975036682" lon="25.363869078" /><trkpt lat="61.975047507" lon="25.363881974" /><trkpt lat="61.975058145" lon="25.363894477" /><trkpt lat="61.975068605" lon="25.363906601" /><trkpt lat="61.975078894" lon="25.363918357" /><trkpt lat="61.975089019" lon="25.363929759" /><trkpt lat="61.975098987" lon="25.363940819" /><trkpt lat="61.975108805" lon="25.363951550" /><trkpt lat="61.975118480" lon="25.363961963" /><trkpt lat="61.975128019" lon="25.363972073" /><trkpt lat="61.975137430" lon="25.363981891" /><trkpt lat="61.975146720" lon="25.363991431" /><trkpt lat="61.975155895" lon="25.364000704" /><trkpt lat="61.975164963" lon="25.364009723" /><trkpt lat="61.975173932" lon="25.364018502" /><trkpt lat="61.975182807" lon="25.364027052" /><trkpt lat="61.975191597" lon="25.364035386" /><trkpt lat="61.975200308" lon="25.364043517" /><trkpt lat="61.975208948" lon="25.364051458" /><trkpt lat="61.975217524" lon="25.364059220" /><trkpt lat="61.975226043" lon="25.364066818" /><trkpt lat="61.975234511" lon="25.364074262" /><trkpt lat="61.975242937" lon="25.364081567" /><trkpt lat="61.975251327" lon="25.364088744" /><trkpt lat="61.975259689" lon="25.364095806" /><trkpt lat="61.975268029" lon="25.364102766" /><trkpt lat="61.975276355" lon="25.364109637" /><trkpt lat="61.975284674" lon="25.364116430" /><trkpt lat="61.975294809" lon="25.364124808" /><trkpt lat="61.975304925" lon="25.364133456" /><trkpt lat="61.975315025" lon="25.364142378" /><trkpt lat="61.975325108" lon="25.364151576" /><trkpt lat="61.975335175" lon="25.364161054" /><trkpt lat="61.975345226" lon="25.364170814" /><trkpt lat="61.975355262" lon="25.364180858" /><trkpt lat="61.975365283" lon="25.364191190" /><trkpt lat="61.975375289" lon="25.364201813" /><trkpt lat="61.975385282" lon="25.364212729" /><trkpt lat="61.975395260" lon="25.364223941" /><trkpt lat="61.975405226" lon="25.364235452" /><trkpt lat="61.975415178" lon="25.364247265" /><trkpt lat="61.975425119" lon="25.364259382" /><trkpt lat="61.975435048" lon="25.364271807" /><trkpt lat="61.975444965" lon="25.364284541" /><trkpt lat="61.975454871" lon="25.364297589" /><trkpt lat="61.975464767" lon="25.364310952" /><trkpt lat="61.975474652" lon="25.364324633" /><trkpt lat="61.975484528" lon="25.364338636" /><trkpt lat="61.975494395" lon="25.364352963" /><trkpt lat="61.975504253" lon="25.364367617" /><trkpt lat="61.975514102" lon="25.364382601" /><trkpt lat="61.975523944" lon="25.364397917" /><trkpt lat="61.975533778" lon="25.364413569" /><trkpt lat="61.975543606" lon="25.364429558" /><trkpt lat="61.975553426" lon="25.364445889" /><trkpt lat="61.975563241" lon="25.364462563" /><trkpt lat="61.975573049" lon="25.364479584" /><trkpt lat="61.975582853" lon="25.364496954" /><trkpt lat="61.975592652" lon="25.364514676" /><trkpt lat="61.975602446" lon="25.364532753" /><trkpt lat="61.975612236" lon="25.364551188" /><trkpt lat="61.975622023" lon="25.364569983" /><trkpt lat="61.975631807" lon="25.364589142" /><trkpt lat="61.975641588" lon="25.364608667" /><trkpt lat="61.975651367" lon="25.364628560" /><trkpt lat="61.975661144" lon="25.364648826" /><trkpt lat="61.975670920" lon="25.364669466" /><trkpt lat="61.975680695" lon="25.364690483" /><trkpt lat="61.975690469" lon="25.364711881" /><trkpt lat="61.975695756" lon="25.364723516" /><trkpt lat="61.975701203" lon="25.364735428" /><trkpt lat="61.975706806" lon="25.364747610" /><trkpt lat="61.975712560" lon="25.364760056" /><trkpt lat="61.975718459" lon="25.364772760" /><trkpt lat="61.975724499" lon="25.364785717" /><trkpt lat="61.975730673" lon="25.364798920" /><trkpt lat="61.975736979" lon="25.364812364" /><trkpt lat="61.975743409" lon="25.364826042" /><trkpt lat="61.975749960" lon="25.364839948" /><trkpt lat="61.975756626" lon="25.364854077" /><trkpt lat="61.975763401" lon="25.364868422" /><trkpt lat="61.975770282" lon="25.364882977" /><trkpt lat="61.975777263" lon="25.364897737" /><trkpt lat="61.975784338" lon="25.364912695" /><trkpt lat="61.975791504" lon="25.364927846" /><trkpt lat="61.975798754" lon="25.364943183" /><trkpt lat="61.975806083" lon="25.364958700" /><trkpt lat="61.975813487" lon="25.364974392" /><trkpt lat="61.975820961" lon="25.364990252" /><trkpt lat="61.975828499" lon="25.365006275" /><trkpt lat="61.975836097" lon="25.365022454" /><trkpt lat="61.975843748" lon="25.365038783" /><trkpt lat="61.975851449" lon="25.365055257" /><trkpt lat="61.975859194" lon="25.365071870" /><trkpt lat="61.975866979" lon="25.365088615" /><trkpt lat="61.975874797" lon="25.365105486" /><trkpt lat="61.975882644" lon="25.365122478" /><trkpt lat="61.975890515" lon="25.365139585" /><trkpt lat="61.975898405" lon="25.365156800" /><trkpt lat="61.975906308" lon="25.365174117" /><trkpt lat="61.975914221" lon="25.365191531" /><trkpt lat="61.975922137" lon="25.365209036" /><trkpt lat="61.975930051" lon="25.365226625" /><trkpt lat="61.975937959" lon="25.365244292" /><trkpt lat="61.975945855" lon="25.365262032" /><trkpt lat="61.975953735" lon="25.365279839" /><trkpt lat="61.975961593" lon="25.365297706" /><trkpt lat="61.975969424" lon="25.365315628" /><trkpt lat="61.975977223" lon="25.365333598" /><trkpt lat="61.975984985" lon="25.365351611" /><trkpt lat="61.975992706" lon="25.365369661" /><trkpt lat="61.976000379" lon="25.365387741" /><trkpt lat="61.976008000" lon="25.365405846" /><trkpt lat="61.976015564" lon="25.365423969" /><trkpt lat="61.976023066" lon="25.365442105" /><trkpt lat="61.976030500" lon="25.365460247" /><trkpt lat="61.976037862" lon="25.365478391" /><trkpt lat="61.976045146" lon="25.365496529" /><trkpt lat="61.976052348" lon="25.365514655" /><trkpt lat="61.976059462" lon="25.365532764" /><trkpt lat="61.976066484" lon="25.365550850" /><trkpt lat="61.976073408" lon="25.365568907" /><trkpt lat="61.976080228" lon="25.365586928" /><trkpt lat="61.976086942" lon="25.365604908" /><trkpt lat="61.976093542" lon="25.365622840" /><trkpt lat="61.976100024" lon="25.365640720" /><trkpt lat="61.976106383" lon="25.365658540" /><trkpt lat="61.976112614" lon="25.365676294" /><trkpt lat="61.976118711" lon="25.365693978" /><trkpt lat="61.976124671" lon="25.365711584" /><trkpt lat="61.976130487" lon="25.365729107" /><trkpt lat="61.976136154" lon="25.365746540" /><trkpt lat="61.976141668" lon="25.365763879" /><trkpt lat="61.976147024" lon="25.365781116" /><trkpt lat="61.976152215" lon="25.365798246" /><trkpt lat="61.976157238" lon="25.365815262" /><trkpt lat="61.976162088" lon="25.365832160" /><trkpt lat="61.976166758" lon="25.365848932" /><trkpt lat="61.976171245" lon="25.365865573" /><trkpt lat="61.976175542" lon="25.365882077" /><trkpt lat="61.976179646" lon="25.365898438" /><trkpt lat="61.976183550" lon="25.365914649" /><trkpt lat="61.976187251" lon="25.365930705" /><trkpt lat="61.976190742" lon="25.365946601" /><trkpt lat="61.976194018" lon="25.365962329" /><trkpt lat="61.976197076" lon="25.365977883" /><trkpt lat="61.976199795" lon="25.365992174" /><trkpt lat="61.976202550" lon="25.366006687" /><trkpt lat="61.976205338" lon="25.366021418" /><trkpt lat="61.976208157" lon="25.366036361" /><trkpt lat="61.976211003" lon="25.366051512" /><trkpt lat="61.976213874" lon="25.366066863" /><trkpt lat="61.976216766" lon="25.366082412" /><trkpt lat="61.976219679" lon="25.366098151" /><trkpt lat="61.976222607" lon="25.366114077" /><trkpt lat="61.976225550" lon="25.366130183" /><trkpt lat="61.976228503" lon="25.366146465" /><trkpt lat="61.976231465" lon="25.366162917" /><trkpt lat="61.976234432" lon="25.366179533" /><trkpt lat="61.976237402" lon="25.366196310" /><trkpt lat="61.976240372" lon="25.366213240" /><trkpt lat="61.976243340" lon="25.366230320" /><trkpt lat="61.976246301" lon="25.366247543" /><trkpt lat="61.976249255" lon="25.366264905" /><trkpt lat="61.976252197" lon="25.366282400" /><trkpt lat="61.976255126" lon="25.366300024" /><trkpt lat="61.976258038" lon="25.366317770" /><trkpt lat="61.976260931" lon="25.366335633" /><trkpt lat="61.976263802" lon="25.366353609" /><trkpt lat="61.976266648" lon="25.366371691" /><trkpt lat="61.976269466" lon="25.366389875" /><trkpt lat="61.976272254" lon="25.366408156" /><trkpt lat="61.976275010" lon="25.366426528" /><trkpt lat="61.976277729" lon="25.366444985" /><trkpt lat="61.976280409" lon="25.366463523" /><trkpt lat="61.976283049" lon="25.366482137" /><trkpt lat="61.976285644" lon="25.366500820" /><trkpt lat="61.976288192" lon="25.366519568" /><trkpt lat="61.976290691" lon="25.366538376" /><trkpt lat="61.976293138" lon="25.366557238" /><trkpt lat="61.976295529" lon="25.366576149" /><trkpt lat="61.976297863" lon="25.366595104" /><trkpt lat="61.976300135" lon="25.366614097" /><trkpt lat="61.976302345" lon="25.366633124" /><trkpt lat="61.976304488" lon="25.366652178" /><trkpt lat="61.976306563" lon="25.366671255" /><trkpt lat="61.976308566" lon="25.366690349" /><trkpt lat="61.976310494" lon="25.366709456" /><trkpt lat="61.976312345" lon="25.366728569" /><trkpt lat="61.976314117" lon="25.366747684" /><trkpt lat="61.976315805" lon="25.366766795" /><trkpt lat="61.976317409" lon="25.366785897" /><trkpt lat="61.976318924" lon="25.366804985" /><trkpt lat="61.976320348" lon="25.366824054" /><trkpt lat="61.976321678" lon="25.366843098" /><trkpt lat="61.976322912" lon="25.366862111" /><trkpt lat="61.976324047" lon="25.366881090" /><trkpt lat="61.976325080" lon="25.366900027" /><trkpt lat="61.976326008" lon="25.366918919" /><trkpt lat="61.976326829" lon="25.366937760" /><trkpt lat="61.976327539" lon="25.366956545" /><trkpt lat="61.976328137" lon="25.366975268" /><trkpt lat="61.976328619" lon="25.366993924" /><trkpt lat="61.976328982" lon="25.367012508" /><trkpt lat="61.976329224" lon="25.367031014" /><trkpt lat="61.976329342" lon="25.367049438" /><trkpt lat="61.976329333" lon="25.367067773" /><trkpt lat="61.976329195" lon="25.367086016" /><trkpt lat="61.976328924" lon="25.367104160" /><trkpt lat="61.976328519" lon="25.367122200" /><trkpt lat="61.976327976" lon="25.367140131" /><trkpt lat="61.976327292" lon="25.367157948" /><trkpt lat="61.976326465" lon="25.367175645" /><trkpt lat="61.976325491" lon="25.367193217" /><trkpt lat="61.976324369" lon="25.367210660" /><trkpt lat="61.976323096" lon="25.367227967" /><trkpt lat="61.976321668" lon="25.367245133" /><trkpt lat="61.976320083" lon="25.367262153" /><trkpt lat="61.976318339" lon="25.367279022" /><trkpt lat="61.976316431" lon="25.367295735" /><trkpt lat="61.976314359" lon="25.367312286" /><trkpt lat="61.976312118" lon="25.367328670" /><trkpt lat="61.976309706" lon="25.367344882" /><trkpt lat="61.976307121" lon="25.367360916" /><trkpt lat="61.976304360" lon="25.367376767" /><trkpt lat="61.976301419" lon="25.367392431" /><trkpt lat="61.976298297" lon="25.367407901" /><trkpt lat="61.976294989" lon="25.367423172" /><trkpt lat="61.976291495" lon="25.367438240" /><trkpt lat="61.976287810" lon="25.367453098" /><trkpt lat="61.976283959" lon="25.367468267" /><trkpt lat="61.976280151" lon="25.367483549" /><trkpt lat="61.976276387" lon="25.367498942" /><trkpt lat="61.976272667" lon="25.367514445" /><trkpt lat="61.976268992" lon="25.367530054" /><trkpt lat="61.976265362" lon="25.367545769" /><trkpt lat="61.976261779" lon="25.367561587" /><trkpt lat="61.976258242" lon="25.367577506" /><trkpt lat="61.976254752" lon="25.367593525" /><trkpt lat="61.976251310" lon="25.367609641" /><trkpt lat="61.976247916" lon="25.367625853" /><trkpt lat="61.976244571" lon="25.367642159" /><trkpt lat="61.976241276" lon="25.367658556" /><trkpt lat="61.976238030" lon="25.367675043" /><trkpt lat="61.976234834" lon="25.367691618" /><trkpt lat="61.976231690" lon="25.367708280" /><trkpt lat="61.976228596" lon="25.367725025" /><trkpt lat="61.976225555" lon="25.367741852" /><trkpt lat="61.976222567" lon="25.367758760" /><trkpt lat="61.976219632" lon="25.367775746" /><trkpt lat="61.976216750" lon="25.367792808" /><trkpt lat="61.976213923" lon="25.367809944" /><trkpt lat="61.976211151" lon="25.367827154" /><trkpt lat="61.976208433" lon="25.367844433" /><trkpt lat="61.976205772" lon="25.367861782" /><trkpt lat="61.976203167" lon="25.367879197" /><trkpt lat="61.976200620" lon="25.367896677" /><trkpt lat="61.976198129" lon="25.367914219" /><trkpt lat="61.976195697" lon="25.367931823" /><trkpt lat="61.976193324" lon="25.367949486" /><trkpt lat="61.976191009" lon="25.367967206" /><trkpt lat="61.976188755" lon="25.367984981" /><trkpt lat="61.976186560" lon="25.368002809" /><trkpt lat="61.976184427" lon="25.368020688" /><trkpt lat="61.976182355" lon="25.368038617" /><trkpt lat="61.976180344" lon="25.368056594" /><trkpt lat="61.976178397" lon="25.368074615" /><trkpt lat="61.976176512" lon="25.368092681" /><trkpt lat="61.976174691" lon="25.368110788" /><trkpt lat="61.976172934" lon="25.368128935" /><trkpt lat="61.976171242" lon="25.368147120" /><trkpt lat="61.976169615" lon="25.368165341" /><trkpt lat="61.976168053" lon="25.368183595" /><trkpt lat="61.976166558" lon="25.368201882" /><trkpt lat="61.976165130" lon="25.368220199" /><trkpt lat="61.976163769" lon="25.368238544" /><trkpt lat="61.976162477" lon="25.368256915" /><trkpt lat="61.976161252" lon="25.368275311" /><trkpt lat="61.976160097" lon="25.368293729" /><trkpt lat="61.976159012" lon="25.368312167" /><trkpt lat="61.976157996" lon="25.368330624" /><trkpt lat="61.976157052" lon="25.368349098" /><trkpt lat="61.976156178" lon="25.368367586" /><trkpt lat="61.976155377" lon="25.368386088" /><trkpt lat="61.976154647" lon="25.368404600" /><trkpt lat="61.976153991" lon="25.368423121" /><trkpt lat="61.976153408" lon="25.368441649" /><trkpt lat="61.976152899" lon="25.368460182" /><trkpt lat="61.976152465" lon="25.368478718" /><trkpt lat="61.976152105" lon="25.368497256" /><trkpt lat="61.976151822" lon="25.368515792" /><trkpt lat="61.976151614" lon="25.368534327" /><trkpt lat="61.976151484" lon="25.368552856" /><trkpt lat="61.976151430" lon="25.368571379" /><trkpt lat="61.976151455" lon="25.368589894" /><trkpt lat="61.976151557" lon="25.368608398" /><trkpt lat="61.976151739" lon="25.368626890" /><trkpt lat="61.976152000" lon="25.368645368" /><trkpt lat="61.976152342" lon="25.368663830" /><trkpt lat="61.976152763" lon="25.368682274" /><trkpt lat="61.976153266" lon="25.368700698" /><trkpt lat="61.976153851" lon="25.368719100" /><trkpt lat="61.976154518" lon="25.368737478" /><trkpt lat="61.976155268" lon="25.368755830" /><trkpt lat="61.976156101" lon="25.368774155" /><trkpt lat="61.976157017" lon="25.368792450" /><trkpt lat="61.976158019" lon="25.368810714" /><trkpt lat="61.976159105" lon="25.368828944" /><trkpt lat="61.976160277" lon="25.368847138" /><trkpt lat="61.976161534" lon="25.368865296" /><trkpt lat="61.976162879" lon="25.368883414" /><trkpt lat="61.976164310" lon="25.368901491" /><trkpt lat="61.976165811" lon="25.368919916" /><trkpt lat="61.976167287" lon="25.368938181" /><trkpt lat="61.976168738" lon="25.368956291" /><trkpt lat="61.976170163" lon="25.368974252" /><trkpt lat="61.976171562" lon="25.368992069" /><trkpt lat="61.976172933" lon="25.369009749" /><trkpt lat="61.976174277" lon="25.369027296" /><trkpt lat="61.976175592" lon="25.369044716" /><trkpt lat="61.976176878" lon="25.369062015" /><trkpt lat="61.976178133" lon="25.369079198" /><trkpt lat="61.976179358" lon="25.369096271" /><trkpt lat="61.976180552" lon="25.369113240" /><trkpt lat="61.976181713" lon="25.369130110" /><trkpt lat="61.976182842" lon="25.369146887" /><trkpt lat="61.976183937" lon="25.369163576" /><trkpt lat="61.976184998" lon="25.369180183" /><trkpt lat="61.976186024" lon="25.369196714" /><trkpt lat="61.976187014" lon="25.369213174" /><trkpt lat="61.976187968" lon="25.369229569" /><trkpt lat="61.976188884" lon="25.369245904" /><trkpt lat="61.976189763" lon="25.369262184" /><trkpt lat="61.976190604" lon="25.369278417" /><trkpt lat="61.976191405" lon="25.369294606" /><trkpt lat="61.976192166" lon="25.369310759" /><trkpt lat="61.976192887" lon="25.369326879" /><trkpt lat="61.976193566" lon="25.369342974" /><trkpt lat="61.976194203" lon="25.369359048" /><trkpt lat="61.976194797" lon="25.369375107" /><trkpt lat="61.976195348" lon="25.369391157" /><trkpt lat="61.976195855" lon="25.369407203" /><trkpt lat="61.976196317" lon="25.369423251" /><trkpt lat="61.976196733" lon="25.369439306" /><trkpt lat="61.976197103" lon="25.369455375" /><trkpt lat="61.976197426" lon="25.369471462" /><trkpt lat="61.976197701" lon="25.369487573" /><trkpt lat="61.976197928" lon="25.369503715" /><trkpt lat="61.976198105" lon="25.369519892" /><trkpt lat="61.976198233" lon="25.369536109" /><trkpt lat="61.976198310" lon="25.369552374" /><trkpt lat="61.976198336" lon="25.369568691" /><trkpt lat="61.976198310" lon="25.369585065" /><trkpt lat="61.976198231" lon="25.369601503" /><trkpt lat="61.976198099" lon="25.369618010" /><trkpt lat="61.976197913" lon="25.369634592" /><trkpt lat="61.976197671" lon="25.369651254" /><trkpt lat="61.976197375" lon="25.369668001" /><trkpt lat="61.976197022" lon="25.369684840" /><trkpt lat="61.976196612" lon="25.369701777" /><trkpt lat="61.976196145" lon="25.369718815" /><trkpt lat="61.976195619" lon="25.369735962" /><trkpt lat="61.976195034" lon="25.369753223" /><trkpt lat="61.976194389" lon="25.369770603" /><trkpt lat="61.976193684" lon="25.369788108" /><trkpt lat="61.976192917" lon="25.369805743" /><trkpt lat="61.976192089" lon="25.369823515" /><trkpt lat="61.976191198" lon="25.369841428" /><trkpt lat="61.976190244" lon="25.369859489" /><trkpt lat="61.976189226" lon="25.369877703" /><trkpt lat="61.976188143" lon="25.369896075" /><trkpt lat="61.976186994" lon="25.369914612" /><trkpt lat="61.976185780" lon="25.369933318" /><trkpt lat="61.976184498" lon="25.369952200" /><trkpt lat="61.976183149" lon="25.369971262" /><trkpt lat="61.976181732" lon="25.369990511" /><trkpt lat="61.976180245" lon="25.370009952" /><trkpt lat="61.976178689" lon="25.370029591" /><trkpt lat="61.976177063" lon="25.370049433" /><trkpt lat="61.976175365" lon="25.370069484" /><trkpt lat="61.976173596" lon="25.370089749" /><trkpt lat="61.976171754" lon="25.370110235" /><trkpt lat="61.976169838" lon="25.370130946" /><trkpt lat="61.976167849" lon="25.370151889" /><trkpt lat="61.976165785" lon="25.370173068" /><trkpt lat="61.976163646" lon="25.370194490" /><trkpt lat="61.976161431" lon="25.370216160" /><trkpt lat="61.976159139" lon="25.370238084" /><trkpt lat="61.976156769" lon="25.370260266" /><trkpt lat="61.976154321" lon="25.370282714" /><trkpt lat="61.976151794" lon="25.370305432" /><trkpt lat="61.976149188" lon="25.370328426" /><trkpt lat="61.976147265" lon="25.370345160" /><trkpt lat="61.976145313" lon="25.370362015" /><trkpt lat="61.976143332" lon="25.370378986" /><trkpt lat="61.976141322" lon="25.370396072" /><trkpt lat="61.976139285" lon="25.370413269" /><trkpt lat="61.976137221" lon="25.370430576" /><trkpt lat="61.976135132" lon="25.370447988" /><trkpt lat="61.976133017" lon="25.370465504" /><trkpt lat="61.976130879" lon="25.370483120" /><trkpt lat="61.976128717" lon="25.370500834" /><trkpt lat="61.976126532" lon="25.370518644" /><trkpt lat="61.976124326" lon="25.370536545" /><trkpt lat="61.976122099" lon="25.370554536" /><trkpt lat="61.976119852" lon="25.370572613" /><trkpt lat="61.976117586" lon="25.370590775" /><trkpt lat="61.976115302" lon="25.370609017" /><trkpt lat="61.976112999" lon="25.370627338" /><trkpt lat="61.976110680" lon="25.370645735" /><trkpt lat="61.976108345" lon="25.370664204" /><trkpt lat="61.976105995" lon="25.370682743" /><trkpt lat="61.976103631" lon="25.370701350" /><trkpt lat="61.976101253" lon="25.370720021" /><trkpt lat="61.976098862" lon="25.370738753" /><trkpt lat="61.976096460" lon="25.370757545" /><trkpt lat="61.976094046" lon="25.370776393" /><trkpt lat="61.976091623" lon="25.370795294" /><trkpt lat="61.976089190" lon="25.370814245" /><trkpt lat="61.976086748" lon="25.370833245" /><trkpt lat="61.976084298" lon="25.370852289" /><trkpt lat="61.976081842" lon="25.370871376" /><trkpt lat="61.976079379" lon="25.370890502" /><trkpt lat="61.976076911" lon="25.370909665" /><trkpt lat="61.976074439" lon="25.370928862" /><trkpt lat="61.976071963" lon="25.370948090" /><trkpt lat="61.976069484" lon="25.370967346" /><trkpt lat="61.976067003" lon="25.370986628" /><trkpt lat="61.976064521" lon="25.371005932" /><trkpt lat="61.976062038" lon="25.371025257" /><trkpt lat="61.976059556" lon="25.371044599" /><trkpt lat="61.976057075" lon="25.371063955" /><trkpt lat="61.976054596" lon="25.371083324" /><trkpt lat="61.976052120" lon="25.371102701" /><trkpt lat="61.976049647" lon="25.371122084" /><trkpt lat="61.976047179" lon="25.371141470" /><trkpt lat="61.976044717" lon="25.371160857" /><trkpt lat="61.976042260" lon="25.371180242" /><trkpt lat="61.976039811" lon="25.371199622" /><trkpt lat="61.976037369" lon="25.371218995" /><trkpt lat="61.976034936" lon="25.371238356" /><trkpt lat="61.976032512" lon="25.371257705" /><trkpt lat="61.976030099" lon="25.371277037" /><trkpt lat="61.976027696" lon="25.371296350" /><trkpt lat="61.976025306" lon="25.371315642" /><trkpt lat="61.976022928" lon="25.371334910" /><trkpt lat="61.976020563" lon="25.371354150" /><trkpt lat="61.976018213" lon="25.371373360" /><trkpt lat="61.976015878" lon="25.371392538" /><trkpt lat="61.976013559" lon="25.371411680" /><trkpt lat="61.976011257" lon="25.371430784" /><trkpt lat="61.976008972" lon="25.371449846" /><trkpt lat="61.976006706" lon="25.371468865" /><trkpt lat="61.976004459" lon="25.371487837" /><trkpt lat="61.976002232" lon="25.371506760" /><trkpt lat="61.976000026" lon="25.371525631" /><trkpt lat="61.975997842" lon="25.371544447" /><trkpt lat="61.975995680" lon="25.371563205" /><trkpt lat="61.975993541" lon="25.371581902" /><trkpt lat="61.975991427" lon="25.371600536" /><trkpt lat="61.975989337" lon="25.371619104" /><trkpt lat="61.975987274" lon="25.371637604" /><trkpt lat="61.975985237" lon="25.371656031" /><trkpt lat="61.975983227" lon="25.371674385" /><trkpt lat="61.975981245" lon="25.371692661" /><trkpt lat="61.975979293" lon="25.371710857" /><trkpt lat="61.975977370" lon="25.371728970" /><trkpt lat="61.975975479" lon="25.371746998" /><trkpt lat="61.975973618" lon="25.371764938" /><trkpt lat="61.975971790" lon="25.371782786" /><trkpt lat="61.975969995" lon="25.371800541" /><trkpt lat="61.975968234" lon="25.371818199" /><trkpt lat="61.975966508" lon="25.371835758" /><trkpt lat="61.975964817" lon="25.371853215" /><trkpt lat="61.975963163" lon="25.371870566" /><trkpt lat="61.975961546" lon="25.371887810" /><trkpt lat="61.975959968" lon="25.371904944" /><trkpt lat="61.975958427" lon="25.371921964" /><trkpt lat="61.975956927" lon="25.371938868" /><trkpt lat="61.975955467" lon="25.371955653" /><trkpt lat="61.975954049" lon="25.371972317" /><trkpt lat="61.975952672" lon="25.371988856" /><trkpt lat="61.975951339" lon="25.372005269" /><trkpt lat="61.975950049" lon="25.372021551" /><trkpt lat="61.975948804" lon="25.372037700" /><trkpt lat="61.975947605" lon="25.372053714" /><trkpt lat="61.975946451" lon="25.372069590" /><trkpt lat="61.975945345" lon="25.372085325" /><trkpt lat="61.975944286" lon="25.372100916" /><trkpt lat="61.975943277" lon="25.372116360" /><trkpt lat="61.975942316" lon="25.372131655" /><trkpt lat="61.975941406" lon="25.372146798" /><trkpt lat="61.975940548" lon="25.372161786" /><trkpt lat="61.975939741" lon="25.372176616" /><trkpt lat="61.975938987" lon="25.372191285" /><trkpt lat="61.975938286" lon="25.372205792" /><trkpt lat="61.975937640" lon="25.372220132" /><trkpt lat="61.975937049" lon="25.372234304" /><trkpt lat="61.975936514" lon="25.372248304" /><trkpt lat="61.975936036" lon="25.372262129" /><trkpt lat="61.975935616" lon="25.372275778" /><trkpt lat="61.975935255" lon="25.372289246" /><trkpt lat="61.975934952" lon="25.372302532" /><trkpt lat="61.975934502" lon="25.372324336" /><trkpt lat="61.975934055" lon="25.372346032" /><trkpt lat="61.975933609" lon="25.372367620" /><trkpt lat="61.975933163" lon="25.372389098" /><trkpt lat="61.975932717" lon="25.372410467" /><trkpt lat="61.975932270" lon="25.372431725" /><trkpt lat="61.975931820" lon="25.372452873" /><trkpt lat="61.975931367" lon="25.372473909" /><trkpt lat="61.975930910" lon="25.372494833" /><trkpt lat="61.975930447" lon="25.372515645" /><trkpt lat="61.975929978" lon="25.372536345" /><trkpt lat="61.975929502" lon="25.372556930" /><trkpt lat="61.975929018" lon="25.372577402" /><trkpt lat="61.975928525" lon="25.372597759" /><trkpt lat="61.975928022" lon="25.372618002" /><trkpt lat="61.975927508" lon="25.372638128" /><trkpt lat="61.975926982" lon="25.372658139" /><trkpt lat="61.975926444" lon="25.372678033" /><trkpt lat="61.975925891" lon="25.372697810" /><trkpt lat="61.975925324" lon="25.372717469" /><trkpt lat="61.975924741" lon="25.372737009" /><trkpt lat="61.975924141" lon="25.372756431" /><trkpt lat="61.975923523" lon="25.372775734" /><trkpt lat="61.975922887" lon="25.372794917" /><trkpt lat="61.975922231" lon="25.372813979" /><trkpt lat="61.975921555" lon="25.372832920" /><trkpt lat="61.975920858" lon="25.372851740" /><trkpt lat="61.975920138" lon="25.372870438" /><trkpt lat="61.975919394" lon="25.372889014" /><trkpt lat="61.975918626" lon="25.372907466" /><trkpt lat="61.975917833" lon="25.372925795" /><trkpt lat="61.975917014" lon="25.372944000" /><trkpt lat="61.975916168" lon="25.372962080" /><trkpt lat="61.975915293" lon="25.372980034" /><trkpt lat="61.975914389" lon="25.372997864" /><trkpt lat="61.975913455" lon="25.373015566" /><trkpt lat="61.975912490" lon="25.373033142" /><trkpt lat="61.975911494" lon="25.373050591" /><trkpt lat="61.975910464" lon="25.373067911" /><trkpt lat="61.975909400" lon="25.373085104" /><trkpt lat="61.975908302" lon="25.373102167" /><trkpt lat="61.975907167" lon="25.373119101" /><trkpt lat="61.975905996" lon="25.373135905" /><trkpt lat="61.975904787" lon="25.373152578" /><trkpt lat="61.975903540" lon="25.373169120" /><trkpt lat="61.975902253" lon="25.373185531" /><trkpt lat="61.975900925" lon="25.373201809" /><trkpt lat="61.975899556" lon="25.373217955" /><trkpt lat="61.975898144" lon="25.373233967" /><trkpt lat="61.975896689" lon="25.373249846" /><trkpt lat="61.975895190" lon="25.373265590" /><trkpt lat="61.975893645" lon="25.373281200" /><trkpt lat="61.975892054" lon="25.373296674" /><trkpt lat="61.975890415" lon="25.373312012" /><trkpt lat="61.975888729" lon="25.373327214" /><trkpt lat="61.975886993" lon="25.373342278" /><trkpt lat="61.975885207" lon="25.373357206" /><trkpt lat="61.975883370" lon="25.373371995" /><trkpt lat="61.975881481" lon="25.373386646" /><trkpt lat="61.975879539" lon="25.373401157" /><trkpt lat="61.975877543" lon="25.373415529" /><trkpt lat="61.975875492" lon="25.373429761" /><trkpt lat="61.975873385" lon="25.373443852" /><trkpt lat="61.975871221" lon="25.373457801" /><trkpt lat="61.975869000" lon="25.373471609" /><trkpt lat="61.975866720" lon="25.373485275" /><trkpt lat="61.975864380" lon="25.373498797" /><trkpt lat="61.975861275" lon="25.373516311" /><trkpt lat="61.975858190" lon="25.373533521" /><trkpt lat="61.975855124" lon="25.373550447" /><trkpt lat="61.975852080" lon="25.373567107" /><trkpt lat="61.975849059" lon="25.373583520" /><trkpt lat="61.975846062" lon="25.373599705" /><trkpt lat="61.975843091" lon="25.373615680" /><trkpt lat="61.975840147" lon="25.373631464" /><trkpt lat="61.975837231" lon="25.373647076" /><trkpt lat="61.975834345" lon="25.373662534" /><trkpt lat="61.975831490" lon="25.373677858" /><trkpt lat="61.975828668" lon="25.373693065" /><trkpt lat="61.975825880" lon="25.373708175" /><trkpt lat="61.975823126" lon="25.373723206" /><trkpt lat="61.975820410" lon="25.373738176" /><trkpt lat="61.975817731" lon="25.373753105" /><trkpt lat="61.975815091" lon="25.373768012" /><trkpt lat="61.975812493" lon="25.373782914" /><trkpt lat="61.975809936" lon="25.373797831" /><trkpt lat="61.975807423" lon="25.373812781" /><trkpt lat="61.975804954" lon="25.373827783" /><trkpt lat="61.975802532" lon="25.373842855" /><trkpt lat="61.975800158" lon="25.373858017" /><trkpt lat="61.975797832" lon="25.373873287" /><trkpt lat="61.975795556" lon="25.373888683" /><trkpt lat="61.975793332" lon="25.373904225" /><trkpt lat="61.975791162" lon="25.373919931" /><trkpt lat="61.975789045" lon="25.373935820" /><trkpt lat="61.975786984" lon="25.373951909" /><trkpt lat="61.975784981" lon="25.373968219" /><trkpt lat="61.975783036" lon="25.373984768" /><trkpt lat="61.975781150" lon="25.374001574" /><trkpt lat="61.975779326" lon="25.374018657" /><trkpt lat="61.975777565" lon="25.374036034" /><trkpt lat="61.975775867" lon="25.374053725" /><trkpt lat="61.975774235" lon="25.374071747" /><trkpt lat="61.975772670" lon="25.374090121" /><trkpt lat="61.975771172" lon="25.374108864" /><trkpt lat="61.975769744" lon="25.374127996" /><trkpt lat="61.975768387" lon="25.374147534" /><trkpt lat="61.975767102" lon="25.374167498" /><trkpt lat="61.975765890" lon="25.374187906" /><trkpt lat="61.975764754" lon="25.374208777" /><trkpt lat="61.975763693" lon="25.374230130" /><trkpt lat="61.975762711" lon="25.374251983" /><trkpt lat="61.975761807" lon="25.374274355" /><trkpt lat="61.975760984" lon="25.374297265" /><trkpt lat="61.975760242" lon="25.374320732" /><trkpt lat="61.975759584" lon="25.374344773" /><trkpt lat="61.975759010" lon="25.374369408" /><trkpt lat="61.975758521" lon="25.374394655" /><trkpt lat="61.975758182" lon="25.374415593" /><trkpt lat="61.975757896" lon="25.374436357" /><trkpt lat="61.975757669" lon="25.374456949" /><trkpt lat="61.975757503" lon="25.374477372" /><trkpt lat="61.975757401" lon="25.374497628" /><trkpt lat="61.975757368" lon="25.374517718" /><trkpt lat="61.975757406" lon="25.374537646" /><trkpt lat="61.975757518" lon="25.374557413" /><trkpt lat="61.975757709" lon="25.374577022" /><trkpt lat="61.975757980" lon="25.374596474" /><trkpt lat="61.975758337" lon="25.374615772" /><trkpt lat="61.975758782" lon="25.374634918" /><trkpt lat="61.975759318" lon="25.374653914" /><trkpt lat="61.975759949" lon="25.374672762" /><trkpt lat="61.975760679" lon="25.374691465" /><trkpt lat="61.975761510" lon="25.374710024" /><trkpt lat="61.975762446" lon="25.374728442" /><trkpt lat="61.975763490" lon="25.374746721" /><trkpt lat="61.975764646" lon="25.374764863" /><trkpt lat="61.975765917" lon="25.374782870" /><trkpt lat="61.975767306" lon="25.374800745" /><trkpt lat="61.975768817" lon="25.374818489" /><trkpt lat="61.975770453" lon="25.374836105" /><trkpt lat="61.975772218" lon="25.374853594" /><trkpt lat="61.975774115" lon="25.374870960" /><trkpt lat="61.975776147" lon="25.374888204" /><trkpt lat="61.975778317" lon="25.374905328" /><trkpt lat="61.975780629" lon="25.374922335" /><trkpt lat="61.975783087" lon="25.374939226" /><trkpt lat="61.975785693" lon="25.374956004" /><trkpt lat="61.975788452" lon="25.374972671" /><trkpt lat="61.975791365" lon="25.374989230" /><trkpt lat="61.975794438" lon="25.375005681" /><trkpt lat="61.975797673" lon="25.375022028" /><trkpt lat="61.975801073" lon="25.375038273" /><trkpt lat="61.975804642" lon="25.375054418" /><trkpt lat="61.975808383" lon="25.375070464" /><trkpt lat="61.975812300" lon="25.375086415" /><trkpt lat="61.975816395" lon="25.375102272" /><trkpt lat="61.975820673" lon="25.375118037" /><trkpt lat="61.975825137" lon="25.375133713" /><trkpt lat="61.975829790" lon="25.375149301" /><trkpt lat="61.975834635" lon="25.375164805" /><trkpt lat="61.975839675" lon="25.375180226" /><trkpt lat="61.975844915" lon="25.375195566" /><trkpt lat="61.975850358" lon="25.375210827" /><trkpt lat="61.975856006" lon="25.375226012" /><trkpt lat="61.975861864" lon="25.375241122" /><trkpt lat="61.975867934" lon="25.375256161" /><trkpt lat="61.975874219" lon="25.375271129" /><trkpt lat="61.975880725" lon="25.375286030" /><trkpt lat="61.975887453" lon="25.375300865" /><trkpt lat="61.975894407" lon="25.375315637" /><trkpt lat="61.975901590" lon="25.375330347" /><trkpt lat="61.975909006" lon="25.375344998" /><trkpt lat="61.975916658" lon="25.375359592" /><trkpt lat="61.975924550" lon="25.375374131" /><trkpt lat="61.975932684" lon="25.375388618" /><trkpt lat="61.975941065" lon="25.375403054" /><trkpt lat="61.975949695" lon="25.375417442" /><trkpt lat="61.975958578" lon="25.375431784" /><trkpt lat="61.975967718" lon="25.375446081" /><trkpt lat="61.975977305" lon="25.375460759" /><trkpt lat="61.975986912" lon="25.375475293" /><trkpt lat="61.975996534" lon="25.375489692" /><trkpt lat="61.976006169" lon="25.375503964" /><trkpt lat="61.976015816" lon="25.375518119" /><trkpt lat="61.976025471" lon="25.375532164" /><trkpt lat="61.976035132" lon="25.375546108" /><trkpt lat="61.976044796" lon="25.375559959" /><trkpt lat="61.976054461" lon="25.375573727" /><trkpt lat="61.976064124" lon="25.375587419" /><trkpt lat="61.976073783" lon="25.375601043" /><trkpt lat="61.976083436" lon="25.375614610" /><trkpt lat="61.976093079" lon="25.375628126" /><trkpt lat="61.976102710" lon="25.375641600" /><trkpt lat="61.976112327" lon="25.375655042" /><trkpt lat="61.976121927" lon="25.375668459" /><trkpt lat="61.976131508" lon="25.375681860" /><trkpt lat="61.976141067" lon="25.375695253" /><trkpt lat="61.976150602" lon="25.375708647" /><trkpt lat="61.976160110" lon="25.375722051" /><trkpt lat="61.976169588" lon="25.375735472" /><trkpt lat="61.976179035" lon="25.375748920" /><trkpt lat="61.976188447" lon="25.375762402" /><trkpt lat="61.976197822" lon="25.375775928" /><trkpt lat="61.976207158" lon="25.375789506" /><trkpt lat="61.976216451" lon="25.375803145" /><trkpt lat="61.976225700" lon="25.375816852" /><trkpt lat="61.976234902" lon="25.375830636" /><trkpt lat="61.976244055" lon="25.375844506" /><trkpt lat="61.976253155" lon="25.375858471" /><trkpt lat="61.976262201" lon="25.375872538" /><trkpt lat="61.976271189" lon="25.375886717" /><trkpt lat="61.976280118" lon="25.375901015" /><trkpt lat="61.976288985" lon="25.375915442" /><trkpt lat="61.976297787" lon="25.375930006" /><trkpt lat="61.976306522" lon="25.375944715" /><trkpt lat="61.976315187" lon="25.375959577" /><trkpt lat="61.976323780" lon="25.375974602" /><trkpt lat="61.976332298" lon="25.375989798" /><trkpt lat="61.976340739" lon="25.376005173" /><trkpt lat="61.976349100" lon="25.376020735" /><trkpt lat="61.976357378" lon="25.376036494" /><trkpt lat="61.976365572" lon="25.376052458" /><trkpt lat="61.976373679" lon="25.376068635" /><trkpt lat="61.976381695" lon="25.376085034" /><trkpt lat="61.976389619" lon="25.376101663" /><trkpt lat="61.976397448" lon="25.376118530" /><trkpt lat="61.976405180" lon="25.376135645" /><trkpt lat="61.976412812" lon="25.376153015" /><trkpt lat="61.976420341" lon="25.376170650" /><trkpt lat="61.976427765" lon="25.376188558" /><trkpt lat="61.976435082" lon="25.376206746" /><trkpt lat="61.976442289" lon="25.376225224" /><trkpt lat="61.976449383" lon="25.376244001" /><trkpt lat="61.976456362" lon="25.376263084" /><trkpt lat="61.976463223" lon="25.376282482" /><trkpt lat="61.976469964" lon="25.376302204" /><trkpt lat="61.976476583" lon="25.376322258" /><trkpt lat="61.976483076" lon="25.376342653" /><trkpt lat="61.976489442" lon="25.376363397" /><trkpt lat="61.976492092" lon="25.376372264" /><trkpt lat="61.976494791" lon="25.376381428" /><trkpt lat="61.976497538" lon="25.376390887" /><trkpt lat="61.976500331" lon="25.376400635" /><trkpt lat="61.976503172" lon="25.376410670" /><trkpt lat="61.976506057" lon="25.376420987" /><trkpt lat="61.976508987" lon="25.376431583" /><trkpt lat="61.976511962" lon="25.376442455" /><trkpt lat="61.976514979" lon="25.376453598" /><trkpt lat="61.976518038" lon="25.376465009" /><trkpt lat="61.976521138" lon="25.376476684" /><trkpt lat="61.976524279" lon="25.376488619" /><trkpt lat="61.976527460" lon="25.376500811" /><trkpt lat="61.976530680" lon="25.376513257" /><trkpt lat="61.976533937" lon="25.376525951" /><trkpt lat="61.976537232" lon="25.376538892" /><trkpt lat="61.976540564" lon="25.376552074" /><trkpt lat="61.976543930" lon="25.376565495" /><trkpt lat="61.976547332" lon="25.376579150" /><trkpt lat="61.976550767" lon="25.376593036" /><trkpt lat="61.976554236" lon="25.376607149" /><trkpt lat="61.976557737" lon="25.376621486" /><trkpt lat="61.976561269" lon="25.376636043" /><trkpt lat="61.976564832" lon="25.376650815" /><trkpt lat="61.976568424" lon="25.376665800" /><trkpt lat="61.976572046" lon="25.376680994" /><trkpt lat="61.976575695" lon="25.376696393" /><trkpt lat="61.976579372" lon="25.376711993" /><trkpt lat="61.976583076" lon="25.376727790" /><trkpt lat="61.976586805" lon="25.376743782" /><trkpt lat="61.976590559" lon="25.376759963" /><trkpt lat="61.976594337" lon="25.376776332" /><trkpt lat="61.976598138" lon="25.376792883" /><trkpt lat="61.976601961" lon="25.376809613" /><trkpt lat="61.976605806" lon="25.376826519" /><trkpt lat="61.976609672" lon="25.376843596" /><trkpt lat="61.976613557" lon="25.376860841" /><trkpt lat="61.976617462" lon="25.376878251" /><trkpt lat="61.976621385" lon="25.376895821" /><trkpt lat="61.976625325" lon="25.376913548" /><trkpt lat="61.976629282" lon="25.376931429" /><trkpt lat="61.976633254" lon="25.376949459" /><trkpt lat="61.976637241" lon="25.376967635" /><trkpt lat="61.976641243" lon="25.376985953" /><trkpt lat="61.976645258" lon="25.377004409" /><trkpt lat="61.976649285" lon="25.377023000" /><trkpt lat="61.976653324" lon="25.377041723" /><trkpt lat="61.976657374" lon="25.377060572" /><trkpt lat="61.976661433" lon="25.377079546" /><trkpt lat="61.976665502" lon="25.377098639" /><trkpt lat="61.976669579" lon="25.377117848" /><trkpt lat="61.976673663" lon="25.377137170" /><trkpt lat="61.976677755" lon="25.377156601" /><trkpt lat="61.976681852" lon="25.377176137" /><trkpt lat="61.976685954" lon="25.377195775" /><trkpt lat="61.976690060" lon="25.377215510" /><trkpt lat="61.976694170" lon="25.377235340" /><trkpt lat="61.976698282" lon="25.377255260" /><trkpt lat="61.976702396" lon="25.377275266" /><trkpt lat="61.976706510" lon="25.377295356" /><trkpt lat="61.976710625" lon="25.377315524" /><trkpt lat="61.976714739" lon="25.377335769" /><trkpt lat="61.976718852" lon="25.377356085" /><trkpt lat="61.976722962" lon="25.377376470" /><trkpt lat="61.976727069" lon="25.377396919" /><trkpt lat="61.976731171" lon="25.377417428" /><trkpt lat="61.976735269" lon="25.377437995" /><trkpt lat="61.976739361" lon="25.377458616" /><trkpt lat="61.976743447" lon="25.377479286" /><trkpt lat="61.976747525" lon="25.377500002" /><trkpt lat="61.976751595" lon="25.377520760" /><trkpt lat="61.976755656" lon="25.377541557" /><trkpt lat="61.976759707" lon="25.377562389" /><trkpt lat="61.976763748" lon="25.377583252" /><trkpt lat="61.976767777" lon="25.377604143" /><trkpt lat="61.976771793" lon="25.377625057" /><trkpt lat="61.976775797" lon="25.377645992" /><trkpt lat="61.976779786" lon="25.377666943" /><trkpt lat="61.976783761" lon="25.377687907" /><trkpt lat="61.976787720" lon="25.377708880" /><trkpt lat="61.976791663" lon="25.377729858" /><trkpt lat="61.976795588" lon="25.377750838" /><trkpt lat="61.976799496" lon="25.377771815" /><trkpt lat="61.976803384" lon="25.377792787" /><trkpt lat="61.976807253" lon="25.377813750" /><trkpt lat="61.976811101" lon="25.377834700" /><trkpt lat="61.976814927" lon="25.377855632" /><trkpt lat="61.976818732" lon="25.377876544" /><trkpt lat="61.976822513" lon="25.377897432" /><trkpt lat="61.976826270" lon="25.377918292" /><trkpt lat="61.976830003" lon="25.377939120" /><trkpt lat="61.976833710" lon="25.377959913" /><trkpt lat="61.976837391" lon="25.377980667" /><trkpt lat="61.976841045" lon="25.378001379" /><trkpt lat="61.976844671" lon="25.378022043" /><trkpt lat="61.976848268" lon="25.378042658" /><trkpt lat="61.976851835" lon="25.378063219" /><trkpt lat="61.976855372" lon="25.378083722" /><trkpt lat="61.976858877" lon="25.378104165" /><trkpt lat="61.976862350" lon="25.378124542" /><trkpt lat="61.976865791" lon="25.378144851" /><trkpt lat="61.976869197" lon="25.378165087" /><trkpt lat="61.976872569" lon="25.378185248" /><trkpt lat="61.976875906" lon="25.378205328" /><trkpt lat="61.976879206" lon="25.378225326" /><trkpt lat="61.976882469" lon="25.378245236" /><trkpt lat="61.976885694" lon="25.378265055" /><trkpt lat="61.976888881" lon="25.378284780" /><trkpt lat="61.976892028" lon="25.378304407" /><trkpt lat="61.976895134" lon="25.378323932" /><trkpt lat="61.976898200" lon="25.378343351" /><trkpt lat="61.976901223" lon="25.378362662" /><trkpt lat="61.976904203" lon="25.378381859" /><trkpt lat="61.976907140" lon="25.378400939" /><trkpt lat="61.976910032" lon="25.378419899" /><trkpt lat="61.976912879" lon="25.378438735" /><trkpt lat="61.976915680" lon="25.378457444" /><trkpt lat="61.976918434" lon="25.378476020" /><trkpt lat="61.976921139" lon="25.378494462" /><trkpt lat="61.976923797" lon="25.378512765" /><trkpt lat="61.976926404" lon="25.378530925" /><trkpt lat="61.976928962" lon="25.378548939" /><trkpt lat="61.976931468" lon="25.378566803" /><trkpt lat="61.976933923" lon="25.378584514" /><trkpt lat="61.976936324" lon="25.378602067" /><trkpt lat="61.976938673" lon="25.378619459" /><trkpt lat="61.976940966" lon="25.378636687" /><trkpt lat="61.976943205" lon="25.378653746" /><trkpt lat="61.976945387" lon="25.378670632" /><trkpt lat="61.976947512" lon="25.378687343" /><trkpt lat="61.976949580" lon="25.378703875" /><trkpt lat="61.976951589" lon="25.378720223" /><trkpt lat="61.976953539" lon="25.378736385" /><trkpt lat="61.976955428" lon="25.378752355" /><trkpt lat="61.976957257" lon="25.378768132" /><trkpt lat="61.976959024" lon="25.378783710" /><trkpt lat="61.976960728" lon="25.378799087" /><trkpt lat="61.976962368" lon="25.378814259" /><trkpt lat="61.976963944" lon="25.378829221" /><trkpt lat="61.976965456" lon="25.378843970" /><trkpt lat="61.976966901" lon="25.378858503" /><trkpt lat="61.976968279" lon="25.378872816" /><trkpt lat="61.976969589" lon="25.378886905" /><trkpt lat="61.976970832" lon="25.378900766" /><trkpt lat="61.976972866" lon="25.378924007" /><trkpt lat="61.976974874" lon="25.378947152" /><trkpt lat="61.976976856" lon="25.378970199" /><trkpt lat="61.976978808" lon="25.378993145" /><trkpt lat="61.976980728" lon="25.379015989" /><trkpt lat="61.976982614" lon="25.379038729" /><trkpt lat="61.976984464" lon="25.379061361" /><trkpt lat="61.976986275" lon="25.379083883" /><trkpt lat="61.976988046" lon="25.379106295" /><trkpt lat="61.976989774" lon="25.379128592" /><trkpt lat="61.976991458" lon="25.379150773" /><trkpt lat="61.976993094" lon="25.379172836" /><trkpt lat="61.976994681" lon="25.379194778" /><trkpt lat="61.976996216" lon="25.379216598" /><trkpt lat="61.976997698" lon="25.379238292" /><trkpt lat="61.976999123" lon="25.379259859" /><trkpt lat="61.977000491" lon="25.379281297" /><trkpt lat="61.977001798" lon="25.379302602" /><trkpt lat="61.977003043" lon="25.379323774" /><trkpt lat="61.977004223" lon="25.379344809" /><trkpt lat="61.977005337" lon="25.379365705" /><trkpt lat="61.977006381" lon="25.379386461" /><trkpt lat="61.977007354" lon="25.379407073" /><trkpt lat="61.977008254" lon="25.379427540" /><trkpt lat="61.977009078" lon="25.379447859" /><trkpt lat="61.977009824" lon="25.379468029" /><trkpt lat="61.977010490" lon="25.379488046" /><trkpt lat="61.977011074" lon="25.379507909" /><trkpt lat="61.977011574" lon="25.379527616" /><trkpt lat="61.977011987" lon="25.379547163" /><trkpt lat="61.977012311" lon="25.379566549" /><trkpt lat="61.977012545" lon="25.379585772" /><trkpt lat="61.977012685" lon="25.379604829" /><trkpt lat="61.977012730" lon="25.379623718" /><trkpt lat="61.977012677" lon="25.379642437" /><trkpt lat="61.977012525" lon="25.379660984" /><trkpt lat="61.977012270" lon="25.379679356" /><trkpt lat="61.977011912" lon="25.379697551" /><trkpt lat="61.977011447" lon="25.379715567" /><trkpt lat="61.977010874" lon="25.379733401" /><trkpt lat="61.977010190" lon="25.379751052" /><trkpt lat="61.977009393" lon="25.379768516" /><trkpt lat="61.977008481" lon="25.379785793" /><trkpt lat="61.977007452" lon="25.379802879" /><trkpt lat="61.977006304" lon="25.379819772" /><trkpt lat="61.977005033" lon="25.379836470" /><trkpt lat="61.977003639" lon="25.379852972" /><trkpt lat="61.977002119" lon="25.379869273" /><trkpt lat="61.977000471" lon="25.379885373" /><trkpt lat="61.976998692" lon="25.379901269" /><trkpt lat="61.976996781" lon="25.379916959" /><trkpt lat="61.976994735" lon="25.379932440" /><trkpt lat="61.976992552" lon="25.379947711" /><trkpt lat="61.976990230" lon="25.379962768" /><trkpt lat="61.976987766" lon="25.379977610" /><trkpt lat="61.976985159" lon="25.379992235" /><trkpt lat="61.976982406" lon="25.380006640" /><trkpt lat="61.976979505" lon="25.380020823" /><trkpt lat="61.976976454" lon="25.380034782" /><trkpt lat="61.976973251" lon="25.380048514" /><trkpt lat="61.976969893" lon="25.380062017" /><trkpt lat="61.976966378" lon="25.380075290" /><trkpt lat="61.976962705" lon="25.380088329" /><trkpt lat="61.976958870" lon="25.380101132" /><trkpt lat="61.976954873" lon="25.380113698" /><trkpt lat="61.976950709" lon="25.380126024" /><trkpt lat="61.976946378" lon="25.380138107" /><trkpt lat="61.976941878" lon="25.380149946" /><trkpt lat="61.976937205" lon="25.380161538" /><trkpt lat="61.976932358" lon="25.380172881" /><trkpt lat="61.976927334" lon="25.380183973" /><trkpt lat="61.976922132" lon="25.380194811" /><trkpt lat="61.976916749" lon="25.380205394" /><trkpt lat="61.976911183" lon="25.380215718" /><trkpt lat="61.976905432" lon="25.380225782" /><trkpt lat="61.976899494" lon="25.380235583" /><trkpt lat="61.976893366" lon="25.380245120" /><trkpt lat="61.976887046" lon="25.380254389" /><trkpt lat="61.976880532" lon="25.380263390" /><trkpt lat="61.976873822" lon="25.380272118" /><trkpt lat="61.976866914" lon="25.380280573" /><trkpt lat="61.976859805" lon="25.380288752" /><trkpt lat="61.976852493" lon="25.380296652" /><trkpt lat="61.976844977" lon="25.380304272" /><trkpt lat="61.976837253" lon="25.380311608" /><trkpt lat="61.976820620" lon="25.380326716" /><trkpt lat="61.976803992" lon="25.380341465" /><trkpt lat="61.976787376" lon="25.380355858" /><trkpt lat="61.976770776" lon="25.380369898" /><trkpt lat="61.976754199" lon="25.380383588" /><trkpt lat="61.976737651" lon="25.380396931" /><trkpt lat="61.976721137" lon="25.380409930" /><trkpt lat="61.976704662" lon="25.380422587" /><trkpt lat="61.976688233" lon="25.380434907" /><trkpt lat="61.976671854" lon="25.380446892" /><trkpt lat="61.976655533" lon="25.380458545" /><trkpt lat="61.976639274" lon="25.380469869" /><trkpt lat="61.976623082" lon="25.380480868" /><trkpt lat="61.976606965" lon="25.380491543" /><trkpt lat="61.976590927" lon="25.380501898" /><trkpt lat="61.976574974" lon="25.380511937" /><trkpt lat="61.976559111" lon="25.380521662" /><trkpt lat="61.976543345" lon="25.380531076" /><trkpt lat="61.976527682" lon="25.380540182" /><trkpt lat="61.976512125" lon="25.380548984" /><trkpt lat="61.976496683" lon="25.380557484" /><trkpt lat="61.976481359" lon="25.380565685" /><trkpt lat="61.976466160" lon="25.380573590" /><trkpt lat="61.976451092" lon="25.380581203" /><trkpt lat="61.976436159" lon="25.380588525" /><trkpt lat="61.976421369" lon="25.380595562" /><trkpt lat="61.976406725" lon="25.380602314" /><trkpt lat="61.976392235" lon="25.380608786" /><trkpt lat="61.976377904" lon="25.380614981" /><trkpt lat="61.976363737" lon="25.380620901" /><trkpt lat="61.976349741" lon="25.380626549" /><trkpt lat="61.976335920" lon="25.380631928" /><trkpt lat="61.976322280" lon="25.380637043" /><trkpt lat="61.976308828" lon="25.380641894" /><trkpt lat="61.976295568" lon="25.380646486" /><trkpt lat="61.976282507" lon="25.380650822" /><trkpt lat="61.976269651" lon="25.380654904" /><trkpt lat="61.976257003" lon="25.380658736" /><trkpt lat="61.976244572" lon="25.380662320" /><trkpt lat="61.976232362" lon="25.380665660" /><trkpt lat="61.976219368" lon="25.380669155" /><trkpt lat="61.976206531" lon="25.380672698" /><trkpt lat="61.976193832" lon="25.380676310" /><trkpt lat="61.976181250" lon="25.380680017" /><trkpt lat="61.976168766" lon="25.380683842" /><trkpt lat="61.976156360" lon="25.380687807" /><trkpt lat="61.976144013" lon="25.380691937" /><trkpt lat="61.976131705" lon="25.380696256" /><trkpt lat="61.976119416" lon="25.380700785" /><trkpt lat="61.976107126" lon="25.380705550" /><trkpt lat="61.976094816" lon="25.380710574" /><trkpt lat="61.976082465" lon="25.380715879" /><trkpt lat="61.976070056" lon="25.380721491" /><trkpt lat="61.976057566" lon="25.380727431" /><trkpt lat="61.976044978" lon="25.380733724" /><trkpt lat="61.976032270" lon="25.380740393" /><trkpt lat="61.976019425" lon="25.380747462" /><trkpt lat="61.976006421" lon="25.380754955" /><trkpt lat="61.975993239" lon="25.380762893" /><trkpt lat="61.975979859" lon="25.380771302" /><trkpt lat="61.975966262" lon="25.380780205" /><trkpt lat="61.975952428" lon="25.380789625" /><trkpt lat="61.975938337" lon="25.380799586" /><trkpt lat="61.975923970" lon="25.380810111" /><trkpt lat="61.975909306" lon="25.380821224" /><trkpt lat="61.975894327" lon="25.380832948" /><trkpt lat="61.975879012" lon="25.380845307" /><trkpt lat="61.975863342" lon="25.380858324" /><trkpt lat="61.975847297" lon="25.380872023" /><trkpt lat="61.975830857" lon="25.380886428" /><trkpt lat="61.975814003" lon="25.380901561" /><trkpt lat="61.975796714" lon="25.380917447" /><trkpt lat="61.975778972" lon="25.380934108" /><trkpt lat="61.975760757" lon="25.380951569" /><trkpt lat="61.975742048" lon="25.380969853" /><trkpt lat="61.975722826" lon="25.380988983" /><trkpt lat="61.975703072" lon="25.381008983" /><trkpt lat="61.975692271" lon="25.381020062" /><trkpt lat="61.975681352" lon="25.381031371" /><trkpt lat="61.975670318" lon="25.381042904" /><trkpt lat="61.975659176" lon="25.381054654" /><trkpt lat="61.975647929" lon="25.381066614" /><trkpt lat="61.975636583" lon="25.381078778" /><trkpt lat="61.975625143" lon="25.381091139" /><trkpt lat="61.975613613" lon="25.381103691" /><trkpt lat="61.975601999" lon="25.381116427" /><trkpt lat="61.975590305" lon="25.381129340" /><trkpt lat="61.975578537" lon="25.381142424" /><trkpt lat="61.975566699" lon="25.381155673" /><trkpt lat="61.975554796" lon="25.381169080" /><trkpt lat="61.975542834" lon="25.381182638" /><trkpt lat="61.975530816" lon="25.381196340" /><trkpt lat="61.975518748" lon="25.381210181" /><trkpt lat="61.975506636" lon="25.381224154" /><trkpt lat="61.975494483" lon="25.381238251" /><trkpt lat="61.975482295" lon="25.381252467" /><trkpt lat="61.975470076" lon="25.381266795" /><trkpt lat="61.975457833" lon="25.381281228" /><trkpt lat="61.975445569" lon="25.381295759" /><trkpt lat="61.975433289" lon="25.381310383" /><trkpt lat="61.975420999" lon="25.381325093" /><trkpt lat="61.975408703" lon="25.381339882" /><trkpt lat="61.975396406" lon="25.381354743" /><trkpt lat="61.975384113" lon="25.381369670" /><trkpt lat="61.975371830" lon="25.381384657" /><trkpt lat="61.975359561" lon="25.381399696" /><trkpt lat="61.975347310" lon="25.381414782" /><trkpt lat="61.975335084" lon="25.381429907" /><trkpt lat="61.975322886" lon="25.381445065" /><trkpt lat="61.975310722" lon="25.381460250" /><trkpt lat="61.975298597" lon="25.381475455" /><trkpt lat="61.975286515" lon="25.381490674" /><trkpt lat="61.975274482" lon="25.381505899" /><trkpt lat="61.975262502" lon="25.381521124" /><trkpt lat="61.975250581" lon="25.381536343" /><trkpt lat="61.975238723" lon="25.381551550" /><trkpt lat="61.975226933" lon="25.381566737" /><trkpt lat="61.975215216" lon="25.381581898" /><trkpt lat="61.975203578" lon="25.381597026" /><trkpt lat="61.975192022" lon="25.381612116" /><trkpt lat="61.975180554" lon="25.381627160" /><trkpt lat="61.975169179" lon="25.381642151" /><trkpt lat="61.975157902" lon="25.381657084" /><trkpt lat="61.975146728" lon="25.381671951" /><trkpt lat="61.975135661" lon="25.381686747" /><trkpt lat="61.975124707" lon="25.381701464" /><trkpt lat="61.975113870" lon="25.381716096" /><trkpt lat="61.975103156" lon="25.381730636" /><trkpt lat="61.975092569" lon="25.381745078" /><trkpt lat="61.975082114" lon="25.381759416" /><trkpt lat="61.975071797" lon="25.381773642" /><trkpt lat="61.975061621" lon="25.381787750" /><trkpt lat="61.975051593" lon="25.381801734" /><trkpt lat="61.975041716" lon="25.381815587" /><trkpt lat="61.975031997" lon="25.381829302" /><trkpt lat="61.975022439" lon="25.381842873" /><trkpt lat="61.975013048" lon="25.381856294" /><trkpt lat="61.975003829" lon="25.381869557" /><trkpt lat="61.974994786" lon="25.381882656" /><trkpt lat="61.974985925" lon="25.381895585" /><trkpt lat="61.974977250" lon="25.381908337" /><trkpt lat="61.974968767" lon="25.381920906" /><trkpt lat="61.974960480" lon="25.381933284" /><trkpt lat="61.974952394" lon="25.381945466" /><trkpt lat="61.974944514" lon="25.381957445" /><trkpt lat="61.974936845" lon="25.381969213" /><trkpt lat="61.974927140" lon="25.381984163" /><trkpt lat="61.974917351" lon="25.381999206" /><trkpt lat="61.974907482" lon="25.382014336" /><trkpt lat="61.974897537" lon="25.382029547" /><trkpt lat="61.974887521" lon="25.382044833" /><trkpt lat="61.974877439" lon="25.382060188" /><trkpt lat="61.974867293" lon="25.382075605" /><trkpt lat="61.974857089" lon="25.382091078" /><trkpt lat="61.974846830" lon="25.382106602" /><trkpt lat="61.974836521" lon="25.382122170" /><trkpt lat="61.974826167" lon="25.382137776" /><trkpt lat="61.974815770" lon="25.382153414" /><trkpt lat="61.974805337" lon="25.382169078" /><trkpt lat="61.974794870" lon="25.382184761" /><trkpt lat="61.974784374" lon="25.382200457" /><trkpt lat="61.974773853" lon="25.382216161" /><trkpt lat="61.974763311" lon="25.382231867" /><trkpt lat="61.974752754" lon="25.382247567" /><trkpt lat="61.974742184" lon="25.382263257" /><trkpt lat="61.974731606" lon="25.382278929" /><trkpt lat="61.974721025" lon="25.382294578" /><trkpt lat="61.974710444" lon="25.382310197" /><trkpt lat="61.974699868" lon="25.382325781" /><trkpt lat="61.974689301" lon="25.382341323" /><trkpt lat="61.974678748" lon="25.382356817" /><trkpt lat="61.974668211" lon="25.382372258" /><trkpt lat="61.974657697" lon="25.382387638" /><trkpt lat="61.974647208" lon="25.382402952" /><trkpt lat="61.974636750" lon="25.382418194" /><trkpt lat="61.974626326" lon="25.382433357" /><trkpt lat="61.974615940" lon="25.382448436" /><trkpt lat="61.974605598" lon="25.382463423" /><trkpt lat="61.974595302" lon="25.382478314" /><trkpt lat="61.974585058" lon="25.382493102" /><trkpt lat="61.974574869" lon="25.382507781" /><trkpt lat="61.974564740" lon="25.382522345" /><trkpt lat="61.974554675" lon="25.382536787" /><trkpt lat="61.974544678" lon="25.382551101" /><trkpt lat="61.974534754" lon="25.382565282" /><trkpt lat="61.974524906" lon="25.382579323" /><trkpt lat="61.974515139" lon="25.382593218" /><trkpt lat="61.974505457" lon="25.382606961" /><trkpt lat="61.974495865" lon="25.382620546" /><trkpt lat="61.974486366" lon="25.382633966" /><trkpt lat="61.974476965" lon="25.382647216" /><trkpt lat="61.974467665" lon="25.382660290" /><trkpt lat="61.974458472" lon="25.382673180" /><trkpt lat="61.974449390" lon="25.382685882" /><trkpt lat="61.974440422" lon="25.382698389" /><trkpt lat="61.974431573" lon="25.382710694" /><trkpt lat="61.974422847" lon="25.382722793" /><trkpt lat="61.974414249" lon="25.382734678" /><trkpt lat="61.974405782" lon="25.382746343" /><trkpt lat="61.974397451" lon="25.382757783" /><trkpt lat="61.974389721" lon="25.382768399" /><trkpt lat="61.974381917" lon="25.382779159" /><trkpt lat="61.974374041" lon="25.382790066" /><trkpt lat="61.974366096" lon="25.382801119" /><trkpt lat="61.974358083" lon="25.382812320" /><trkpt lat="61.974350006" lon="25.382823671" /><trkpt lat="61.974341867" lon="25.382835172" /><trkpt lat="61.974333667" lon="25.382846825" /><trkpt lat="61.974325409" lon="25.382858630" /><trkpt lat="61.974317096" lon="25.382870590" /><trkpt lat="61.974308730" lon="25.382882704" /><trkpt lat="61.974300313" lon="25.382894975" /><trkpt lat="61.974291847" lon="25.382907403" /><trkpt lat="61.974283335" lon="25.382919990" /><trkpt lat="61.974274780" lon="25.382932736" /><trkpt lat="61.974266182" lon="25.382945643" /><trkpt lat="61.974257546" lon="25.382958713" /><trkpt lat="61.974248873" lon="25.382971945" /><trkpt lat="61.974240165" lon="25.382985341" /><trkpt lat="61.974231424" lon="25.382998904" /><trkpt lat="61.974222654" lon="25.383012632" /><trkpt lat="61.974213856" lon="25.383026529" /><trkpt lat="61.974205033" lon="25.383040594" /><trkpt lat="61.974196188" lon="25.383054829" /><trkpt lat="61.974187321" lon="25.383069236" /><trkpt lat="61.974178436" lon="25.383083815" /><trkpt lat="61.974169535" lon="25.383098568" /><trkpt lat="61.974160621" lon="25.383113495" /><trkpt lat="61.974151695" lon="25.383128598" /><trkpt lat="61.974142760" lon="25.383143879" /><trkpt lat="61.974133819" lon="25.383159337" /><trkpt lat="61.974124873" lon="25.383174974" /><trkpt lat="61.974115925" lon="25.383190793" /><trkpt lat="61.974106978" lon="25.383206792" /><trkpt lat="61.974098033" lon="25.383222975" /><trkpt lat="61.974089093" lon="25.383239341" /><trkpt lat="61.974080160" lon="25.383255893" /><trkpt lat="61.974071237" lon="25.383272631" /><trkpt lat="61.974062326" lon="25.383289556" /><trkpt lat="61.974053429" lon="25.383306670" /><trkpt lat="61.974044549" lon="25.383323973" /><trkpt lat="61.974035688" lon="25.383341467" /><trkpt lat="61.974026848" lon="25.383359154" /><trkpt lat="61.974018031" lon="25.383377033" /><trkpt lat="61.974009240" lon="25.383395107" /><trkpt lat="61.974000478" lon="25.383413376" /><trkpt lat="61.973991746" lon="25.383431842" /><trkpt lat="61.973983047" lon="25.383450506" /><trkpt lat="61.973974383" lon="25.383469369" /><trkpt lat="61.973965757" lon="25.383488432" /><trkpt lat="61.973957170" lon="25.383507696" /><trkpt lat="61.973948626" lon="25.383527162" /><trkpt lat="61.973940126" lon="25.383546832" /><trkpt lat="61.973931673" lon="25.383566707" /><trkpt lat="61.973923269" lon="25.383586788" /><trkpt lat="61.973914917" lon="25.383607075" /><trkpt lat="61.973906618" lon="25.383627571" /><trkpt lat="61.973898376" lon="25.383648276" /><trkpt lat="61.973893096" lon="25.383661667" /><trkpt lat="61.973887730" lon="25.383675309" /><trkpt lat="61.973882277" lon="25.383689195" /><trkpt lat="61.973876742" lon="25.383703319" /><trkpt lat="61.973871125" lon="25.383717676" /><trkpt lat="61.973865430" lon="25.383732259" /><trkpt lat="61.973859657" lon="25.383747063" /><trkpt lat="61.973853810" lon="25.383762081" /><trkpt lat="61.973847889" lon="25.383777307" /><trkpt lat="61.973841898" lon="25.383792736" /><trkpt lat="61.973835839" lon="25.383808361" /><trkpt lat="61.973829713" lon="25.383824176" /><trkpt lat="61.973823522" lon="25.383840175" /><trkpt lat="61.973817269" lon="25.383856353" /><trkpt lat="61.973810956" lon="25.383872703" /><trkpt lat="61.973804585" lon="25.383889219" /><trkpt lat="61.973798157" lon="25.383905896" /><trkpt lat="61.973791676" lon="25.383922726" /><trkpt lat="61.973785142" lon="25.383939705" /><trkpt lat="61.973778559" lon="25.383956826" /><trkpt lat="61.973771928" lon="25.383974082" /><trkpt lat="61.973765251" lon="25.383991469" /><trkpt lat="61.973758531" lon="25.384008980" /><trkpt lat="61.973751770" lon="25.384026609" /><trkpt lat="61.973744968" lon="25.384044350" /><trkpt lat="61.973738130" lon="25.384062197" /><trkpt lat="61.973731256" lon="25.384080144" /><trkpt lat="61.973724350" lon="25.384098184" /><trkpt lat="61.973717412" lon="25.384116313" /><trkpt lat="61.973710445" lon="25.384134523" /><trkpt lat="61.973703451" lon="25.384152810" /><trkpt lat="61.973696433" lon="25.384171166" /><trkpt lat="61.973689392" lon="25.384189586" /><trkpt lat="61.973682330" lon="25.384208064" /><trkpt lat="61.973675250" lon="25.384226593" /><trkpt lat="61.973668153" lon="25.384245169" /><trkpt lat="61.973661042" lon="25.384263784" /><trkpt lat="61.973653919" lon="25.384282432" /><trkpt lat="61.973646785" lon="25.384301109" /><trkpt lat="61.973639643" lon="25.384319807" /><trkpt lat="61.973632496" lon="25.384338521" /><trkpt lat="61.973625344" lon="25.384357244" /><trkpt lat="61.973618191" lon="25.384375971" /><trkpt lat="61.973611038" lon="25.384394695" /><trkpt lat="61.973603887" lon="25.384413411" /><trkpt lat="61.973596741" lon="25.384432113" /><trkpt lat="61.973589601" lon="25.384450794" /><trkpt lat="61.973582470" lon="25.384469448" /><trkpt lat="61.973575349" lon="25.384488070" /><trkpt lat="61.973568242" lon="25.384506654" /><trkpt lat="61.973561149" lon="25.384525192" /><trkpt lat="61.973554073" lon="25.384543681" /><trkpt lat="61.973547016" lon="25.384562112" /><trkpt lat="61.973539981" lon="25.384580481" /><trkpt lat="61.973532968" lon="25.384598781" /><trkpt lat="61.973525981" lon="25.384617007" /><trkpt lat="61.973519021" lon="25.384635151" /><trkpt lat="61.973512091" lon="25.384653210" /><trkpt lat="61.973505192" lon="25.384671175" /><trkpt lat="61.973498327" lon="25.384689041" /><trkpt lat="61.973491498" lon="25.384706803" /><trkpt lat="61.973484706" lon="25.384724454" /><trkpt lat="61.973477955" lon="25.384741988" /><trkpt lat="61.973471245" lon="25.384759399" /><trkpt lat="61.973464580" lon="25.384776681" /><trkpt lat="61.973457960" lon="25.384793828" /><trkpt lat="61.973451389" lon="25.384810834" /><trkpt lat="61.973444869" lon="25.384827694" /><trkpt lat="61.973438400" lon="25.384844400" /><trkpt lat="61.973431987" lon="25.384860947" /><trkpt lat="61.973425630" lon="25.384877330" /><trkpt lat="61.973419331" lon="25.384893541" /><trkpt lat="61.973413094" lon="25.384909575" /><trkpt lat="61.973406919" lon="25.384925426" /><trkpt lat="61.973400809" lon="25.384941088" /><trkpt lat="61.973394766" lon="25.384956555" /><trkpt lat="61.973388793" lon="25.384971820" /><trkpt lat="61.973382891" lon="25.384986878" /><trkpt lat="61.973377061" lon="25.385001724" /><trkpt lat="61.973371308" lon="25.385016350" /><trkpt lat="61.973365632" lon="25.385030750" /><trkpt lat="61.973360035" lon="25.385044920" /><trkpt lat="61.973354520" lon="25.385058852" /><trkpt lat="61.973349089" lon="25.385072540" /><trkpt lat="61.973343744" lon="25.385085980" /><trkpt lat="61.973338486" lon="25.385099164" /><trkpt lat="61.973333319" lon="25.385112086" /><trkpt lat="61.973328244" lon="25.385124741" /><trkpt lat="61.973323263" lon="25.385137123" /><trkpt lat="61.973318378" lon="25.385149225" /><trkpt lat="61.973313591" lon="25.385161042" /><trkpt lat="61.973307556" lon="25.385175942" /><trkpt lat="61.973301425" lon="25.385191129" /><trkpt lat="61.973295202" lon="25.385206594" /><trkpt lat="61.973288890" lon="25.385222326" /><trkpt lat="61.973282494" lon="25.385238314" /><trkpt lat="61.973276016" lon="25.385254550" /><trkpt lat="61.973269462" lon="25.385271022" /><trkpt lat="61.973262833" lon="25.385287720" /><trkpt lat="61.973256133" lon="25.385304635" /><trkpt lat="61.973249367" lon="25.385321755" /><trkpt lat="61.973242538" lon="25.385339070" /><trkpt lat="61.973235650" lon="25.385356570" /><trkpt lat="61.973228705" lon="25.385374246" /><trkpt lat="61.973221708" lon="25.385392086" /><trkpt lat="61.973214663" lon="25.385410080" /><trkpt lat="61.973207572" lon="25.385428218" /><trkpt lat="61.973200440" lon="25.385446490" /><trkpt lat="61.973193270" lon="25.385464886" /><trkpt lat="61.973186065" lon="25.385483395" /><trkpt lat="61.973178830" lon="25.385502007" /><trkpt lat="61.973171568" lon="25.385520712" /><trkpt lat="61.973164282" lon="25.385539500" /><trkpt lat="61.973156977" lon="25.385558360" /><trkpt lat="61.973149655" lon="25.385577281" /><trkpt lat="61.973142321" lon="25.385596255" /><trkpt lat="61.973134978" lon="25.385615270" /><trkpt lat="61.973127629" lon="25.385634316" /><trkpt lat="61.973120278" lon="25.385653383" /><trkpt lat="61.973112929" lon="25.385672461" /><trkpt lat="61.973105586" lon="25.385691539" /><trkpt lat="61.973098252" lon="25.385710607" /><trkpt lat="61.973090930" lon="25.385729656" /><trkpt lat="61.973083624" lon="25.385748674" /><trkpt lat="61.973076338" lon="25.385767651" /><trkpt lat="61.973069076" lon="25.385786578" /><trkpt lat="61.973061840" lon="25.385805443" /><trkpt lat="61.973054636" lon="25.385824237" /><trkpt lat="61.973047465" lon="25.385842949" /><trkpt lat="61.973040333" lon="25.385861569" /><trkpt lat="61.973033241" lon="25.385880088" /><trkpt lat="61.973026195" lon="25.385898493" /><trkpt lat="61.973019198" lon="25.385916776" /><trkpt lat="61.973012252" lon="25.385934926" /><trkpt lat="61.973005363" lon="25.385952933" /><trkpt lat="61.972998533" lon="25.385970786" /><trkpt lat="61.972991766" lon="25.385988476" /><trkpt lat="61.972985066" lon="25.386005992" /><trkpt lat="61.972978437" lon="25.386023323" /><trkpt lat="61.972971881" lon="25.386040459" /><trkpt lat="61.972965402" lon="25.386057391" /><trkpt lat="61.972959005" lon="25.386074108" /><trkpt lat="61.972952693" lon="25.386090600" /><trkpt lat="61.972946468" lon="25.386106856" /><trkpt lat="61.972940336" lon="25.386122866" /><trkpt lat="61.972934299" lon="25.386138620" /><trkpt lat="61.972928362" lon="25.386154107" /><trkpt lat="61.972922527" lon="25.386169318" /><trkpt lat="61.972916799" lon="25.386184242" /><trkpt lat="61.972911180" lon="25.386198869" /><trkpt lat="61.972905675" lon="25.386213188" /><trkpt lat="61.972900288" lon="25.386227190" /><trkpt lat="61.972895021" lon="25.386240864" /><trkpt lat="61.972889878" lon="25.386254200" /><trkpt lat="61.972884864" lon="25.386267187" /><trkpt lat="61.972879981" lon="25.386279815" /><trkpt lat="61.972875233" lon="25.386292074" /><trkpt lat="61.972870624" lon="25.386303955" /><trkpt lat="61.972866158" lon="25.386315445" /><trkpt lat="61.972861838" lon="25.386326536" /><trkpt lat="61.972857667" lon="25.386337217" /><trkpt lat="61.972853649" lon="25.386347477" /><trkpt lat="61.972849789" lon="25.386357307" /><trkpt lat="61.972842156" lon="25.386376820" /><trkpt lat="61.972834828" lon="25.386395829" /><trkpt lat="61.972827824" lon="25.386414356" /><trkpt lat="61.972821166" lon="25.386432423" /><trkpt lat="61.972814874" lon="25.386450051" /><trkpt lat="61.972808968" lon="25.386467263" /><trkpt lat="61.972803469" lon="25.386484079" /><trkpt lat="61.972798396" lon="25.386500523" /><trkpt lat="61.972793772" lon="25.386516615" /><trkpt lat="61.972789616" lon="25.386532378" /><trkpt lat="61.972785948" lon="25.386547833" /><trkpt lat="61.972782789" lon="25.386563002" /><trkpt lat="61.972780160" lon="25.386577907" /><trkpt lat="61.972778080" lon="25.386592569" /><trkpt lat="61.972776571" lon="25.386607011" /><trkpt lat="61.972775653" lon="25.386621254" /><trkpt lat="61.972775346" lon="25.386635319" /><trkpt lat="61.972775671" lon="25.386649229" /><trkpt lat="61.972776648" lon="25.386663006" /><trkpt lat="61.972778298" lon="25.386676670" /><trkpt lat="61.972780641" lon="25.386690245" /><trkpt lat="61.972783698" lon="25.386703751" /><trkpt lat="61.972787488" lon="25.386717211" /><trkpt lat="61.972792034" lon="25.386730645" /><trkpt lat="61.972797354" lon="25.386744077" /><trkpt lat="61.972803470" lon="25.386757528" /><trkpt lat="61.972810401" lon="25.386771019" /><trkpt lat="61.972818169" lon="25.386784573" /><trkpt lat="61.972826794" lon="25.386798210" /><trkpt lat="61.972836296" lon="25.386811954" /><trkpt lat="61.972846696" lon="25.386825825" /><trkpt lat="61.972858014" lon="25.386839845" /><trkpt lat="61.972870270" lon="25.386854037" /><trkpt lat="61.972883486" lon="25.386868421" /><trkpt lat="61.972897682" lon="25.386883020" /><trkpt lat="61.972907045" lon="25.386892409" /><trkpt lat="61.972916762" lon="25.386902174" /><trkpt lat="61.972926818" lon="25.386912300" /><trkpt lat="61.972937201" lon="25.386922775" /><trkpt lat="61.972947896" lon="25.386933582" /><trkpt lat="61.972958890" lon="25.386944709" /><trkpt lat="61.972970171" lon="25.386956142" /><trkpt lat="61.972981724" lon="25.386967866" /><trkpt lat="61.972993536" lon="25.386979867" /><trkpt lat="61.973005594" lon="25.386992131" /><trkpt lat="61.973017883" lon="25.387004643" /><trkpt lat="61.973030392" lon="25.387017391" /><trkpt lat="61.973043106" lon="25.387030359" /><trkpt lat="61.973056011" lon="25.387043534" /><trkpt lat="61.973069096" lon="25.387056901" /><trkpt lat="61.973082345" lon="25.387070447" /><trkpt lat="61.973095745" lon="25.387084156" /><trkpt lat="61.973109284" lon="25.387098016" /><trkpt lat="61.973122948" lon="25.387112012" /><trkpt lat="61.973136723" lon="25.387126130" /><trkpt lat="61.973150595" lon="25.387140355" /><trkpt lat="61.973164552" lon="25.387154674" /><trkpt lat="61.973178580" lon="25.387169073" /><trkpt lat="61.973192666" lon="25.387183537" /><trkpt lat="61.973206795" lon="25.387198053" /><trkpt lat="61.973220955" lon="25.387212605" /><trkpt lat="61.973235133" lon="25.387227181" /><trkpt lat="61.973249314" lon="25.387241766" /><trkpt lat="61.973263486" lon="25.387256345" /><trkpt lat="61.973277634" lon="25.387270906" /><trkpt lat="61.973291746" lon="25.387285433" /><trkpt lat="61.973305808" lon="25.387299912" /><trkpt lat="61.973319807" lon="25.387314330" /><trkpt lat="61.973333729" lon="25.387328673" /><trkpt lat="61.973347560" lon="25.387342925" /><trkpt lat="61.973361288" lon="25.387357073" /><trkpt lat="61.973374899" lon="25.387371104" /><trkpt lat="61.973388379" lon="25.387385002" /><trkpt lat="61.973401715" lon="25.387398754" /><trkpt lat="61.973414894" lon="25.387412346" /><trkpt lat="61.973427902" lon="25.387425763" /><trkpt lat="61.973440726" lon="25.387438992" /><trkpt lat="61.973453352" lon="25.387452018" /><trkpt lat="61.973465766" lon="25.387464827" /><trkpt lat="61.973477957" lon="25.387477405" /><trkpt lat="61.973489909" lon="25.387489738" /><trkpt lat="61.973501609" lon="25.387501812" /><trkpt lat="61.973513045" lon="25.387513613" /><trkpt lat="61.973524202" lon="25.387525127" /><trkpt lat="61.973535068" lon="25.387536338" /><trkpt lat="61.973545628" lon="25.387547235" /><trkpt lat="61.973555870" lon="25.387557801" /><trkpt lat="61.973565780" lon="25.387568024" /><trkpt lat="61.973575344" lon="25.387577889" /><trkpt lat="61.973584549" lon="25.387587381" /><trkpt lat="61.973593382" lon="25.387596488" /><trkpt lat="61.973601545" lon="25.387604851" /><trkpt lat="61.973610155" lon="25.387613575" /><trkpt lat="61.973619197" lon="25.387622649" /><trkpt lat="61.973628655" lon="25.387632063" /><trkpt lat="61.973638514" lon="25.387641806" /><trkpt lat="61.973648756" lon="25.387651866" /><trkpt lat="61.973659367" lon="25.387662234" /><trkpt lat="61.973670331" lon="25.387672899" /><trkpt lat="61.973681632" lon="25.387683849" /><trkpt lat="61.973693255" lon="25.387695075" /><trkpt lat="61.973705182" lon="25.387706564" /><trkpt lat="61.973717400" lon="25.387718307" /><trkpt lat="61.973729891" lon="25.387730292" /><trkpt lat="61.973742640" lon="25.387742510" /><trkpt lat="61.973755631" lon="25.387754948" /><trkpt lat="61.973768849" lon="25.387767597" /><trkpt lat="61.973782278" lon="25.387780445" /><trkpt lat="61.973795901" lon="25.387793482" /><trkpt lat="61.973809704" lon="25.387806697" /><trkpt lat="61.973823670" lon="25.387820079" /><trkpt lat="61.973837783" lon="25.387833618" /><trkpt lat="61.973852028" lon="25.387847302" /><trkpt lat="61.973866389" lon="25.387861121" /><trkpt lat="61.973880850" lon="25.387875064" /><trkpt lat="61.973895396" lon="25.387889120" /><trkpt lat="61.973910010" lon="25.387903279" /><trkpt lat="61.973924677" lon="25.387917530" /><trkpt lat="61.973939381" lon="25.387931861" /><trkpt lat="61.973954106" lon="25.387946263" /><trkpt lat="61.973968836" lon="25.387960724" /><trkpt lat="61.973983556" lon="25.387975234" /><trkpt lat="61.973998250" lon="25.387989782" /><trkpt lat="61.974012902" lon="25.388004357" /><trkpt lat="61.974027496" lon="25.388018948" /><trkpt lat="61.974042016" lon="25.388033545" /><trkpt lat="61.974056448" lon="25.388048136" /><trkpt lat="61.974070774" lon="25.388062711" /><trkpt lat="61.974084979" lon="25.388077260" /><trkpt lat="61.974099047" lon="25.388091771" /><trkpt lat="61.974112963" lon="25.388106234" /><trkpt lat="61.974126710" lon="25.388120637" /><trkpt lat="61.974140274" lon="25.388134971" /><trkpt lat="61.974153637" lon="25.388149224" /><trkpt lat="61.974166785" lon="25.388163385" /><trkpt lat="61.974179702" lon="25.388177444" /><trkpt lat="61.974192371" lon="25.388191390" /><trkpt lat="61.974204777" lon="25.388205213" /><trkpt lat="61.974216904" lon="25.388218901" /><trkpt lat="61.974228737" lon="25.388232443" /><trkpt lat="61.974240259" lon="25.388245830" /><trkpt lat="61.974251455" lon="25.388259049" /><trkpt lat="61.974262309" lon="25.388272091" /><trkpt lat="61.974272805" lon="25.388284944" /><trkpt lat="61.974282927" lon="25.388297598" /><trkpt lat="61.974292661" lon="25.388310042" /><trkpt lat="61.974301989" lon="25.388322266" /><trkpt lat="61.974310896" lon="25.388334257" /><trkpt lat="61.974319366" lon="25.388346007" /><trkpt lat="61.974327384" lon="25.388357503" /><trkpt lat="61.974334933" lon="25.388368735" /><trkpt lat="61.974341998" lon="25.388379693" /><trkpt lat="61.974350666" lon="25.388393545" /><trkpt lat="61.974359339" lon="25.388407588" /><trkpt lat="61.974368016" lon="25.388421786" /><trkpt lat="61.974376697" lon="25.388436106" /><trkpt lat="61.974385380" lon="25.388450515" /><trkpt lat="61.974394064" lon="25.388464979" /><trkpt lat="61.974402748" lon="25.388479463" /><trkpt lat="61.974411430" lon="25.388493935" /><trkpt lat="61.974420111" lon="25.388508360" /><trkpt lat="61.974428788" lon="25.388522705" /><trkpt lat="61.974437461" lon="25.388536936" /><trkpt lat="61.974446129" lon="25.388551019" /><trkpt lat="61.974454790" lon="25.388564920" /><trkpt lat="61.974463443" lon="25.388578606" /><trkpt lat="61.974472088" lon="25.388592043" /><trkpt lat="61.974480722" lon="25.388605197" /><trkpt lat="61.974489346" lon="25.388618035" /><trkpt lat="61.974497958" lon="25.388630521" /><trkpt lat="61.974506556" lon="25.388642624" /><trkpt lat="61.974515141" lon="25.388654309" /><trkpt lat="61.974523710" lon="25.388665542" /><trkpt lat="61.974532262" lon="25.388676290" /><trkpt lat="61.974540797" lon="25.388686518" /><trkpt lat="61.974549314" lon="25.388696194" /><trkpt lat="61.974557811" lon="25.388705282" /><trkpt lat="61.974566287" lon="25.388713751" /><trkpt lat="61.974574741" lon="25.388721565" /><trkpt lat="61.974583172" lon="25.388728691" /><trkpt lat="61.974591579" lon="25.388735095" /><trkpt lat="61.974599961" lon="25.388740744" /><trkpt lat="61.974608317" lon="25.388745603" /><trkpt lat="61.974616645" lon="25.388749639" /><trkpt lat="61.974624945" lon="25.388752819" /><trkpt lat="61.974633215" lon="25.388755108" /><trkpt lat="61.974641455" lon="25.388756472" /><trkpt lat="61.974649663" lon="25.388756879" /><trkpt lat="61.974657838" lon="25.388756293" /><trkpt lat="61.974665979" lon="25.388754682" /><trkpt lat="61.974674085" lon="25.388752012" /><trkpt lat="61.974682155" lon="25.388748248" /><trkpt lat="61.974690188" lon="25.388743358" /><trkpt lat="61.974698183" lon="25.388737307" /><trkpt lat="61.974706138" lon="25.388730061" /><trkpt lat="61.974714053" lon="25.388721588" /><trkpt lat="61.974721926" lon="25.388711852" /><trkpt lat="61.974729757" lon="25.388700821" /><trkpt lat="61.974737544" lon="25.388688460" /><trkpt lat="61.974745286" lon="25.388674736" /><trkpt lat="61.974752131" lon="25.388661849" /><trkpt lat="61.974758945" lon="25.388648819" /><trkpt lat="61.974765724" lon="25.388635645" /><trkpt lat="61.974772469" lon="25.388622328" /><trkpt lat="61.974779178" lon="25.388608867" /><trkpt lat="61.974785849" lon="25.388595263" /><trkpt lat="61.974792482" lon="25.388581515" /><trkpt lat="61.974799075" lon="25.388567624" /><trkpt lat="61.974805627" lon="25.388553590" /><trkpt lat="61.974812136" lon="25.388539411" /><trkpt lat="61.974818602" lon="25.388525090" /><trkpt lat="61.974825023" lon="25.388510625" /><trkpt lat="61.974831398" lon="25.388496016" /><trkpt lat="61.974837725" lon="25.388481264" /><trkpt lat="61.974844004" lon="25.388466368" /><trkpt lat="61.974850233" lon="25.388451329" /><trkpt lat="61.974856411" lon="25.388436146" /><trkpt lat="61.974862537" lon="25.388420820" /><trkpt lat="61.974868609" lon="25.388405351" /><trkpt lat="61.974874626" lon="25.388389738" /><trkpt lat="61.974880587" lon="25.388373981" /><trkpt lat="61.974886491" lon="25.388358081" /><trkpt lat="61.974892336" lon="25.388342037" /><trkpt lat="61.974898121" lon="25.388325850" /><trkpt lat="61.974903846" lon="25.388309520" /><trkpt lat="61.974909507" lon="25.388293046" /><trkpt lat="61.974915106" lon="25.388276428" /><trkpt lat="61.974920639" lon="25.388259667" /><trkpt lat="61.974926107" lon="25.388242762" /><trkpt lat="61.974931507" lon="25.388225714" /><trkpt lat="61.974936838" lon="25.388208523" /><trkpt lat="61.974942100" lon="25.388191188" /><trkpt lat="61.974947291" lon="25.388173709" /><trkpt lat="61.974952409" lon="25.388156087" /><trkpt lat="61.974957454" lon="25.388138322" /><trkpt lat="61.974962424" lon="25.388120413" /><trkpt lat="61.974967318" lon="25.388102360" /><trkpt lat="61.974972134" lon="25.388084164" /><trkpt lat="61.974976872" lon="25.388065825" /><trkpt lat="61.974981530" lon="25.388047342" /><trkpt lat="61.974986107" lon="25.388028715" /><trkpt lat="61.974990602" lon="25.388009946" /><trkpt lat="61.974995013" lon="25.387991032" /><trkpt lat="61.974999340" lon="25.387971975" /><trkpt lat="61.975003580" lon="25.387952775" /><trkpt lat="61.975007733" lon="25.387933431" /><trkpt lat="61.975011798" lon="25.387913943" /><trkpt lat="61.975015773" lon="25.387894313" /><trkpt lat="61.975019656" lon="25.387874538" /><trkpt lat="61.975023448" lon="25.387854620" /><trkpt lat="61.975027146" lon="25.387834559" /><trkpt lat="61.975030749" lon="25.387814354" /><trkpt lat="61.975034256" lon="25.387794006" /><trkpt lat="61.975037666" lon="25.387773514" /><trkpt lat="61.975040518" lon="25.387756055" /><trkpt lat="61.975043404" lon="25.387738387" /><trkpt lat="61.975046324" lon="25.387720520" /><trkpt lat="61.975049279" lon="25.387702464" /><trkpt lat="61.975052268" lon="25.387684231" /><trkpt lat="61.975055294" lon="25.387665830" /><trkpt lat="61.975058355" lon="25.387647273" /><trkpt lat="61.975061453" lon="25.387628570" /><trkpt lat="61.975064587" lon="25.387609731" /><trkpt lat="61.975067760" lon="25.387590767" /><trkpt lat="61.975070970" lon="25.387571689" /><trkpt lat="61.975074218" lon="25.387552507" /><trkpt lat="61.975077505" lon="25.387533231" /><trkpt lat="61.975080831" lon="25.387513873" /><trkpt lat="61.975084197" lon="25.387494442" /><trkpt lat="61.975087603" lon="25.387474950" /><trkpt lat="61.975091050" lon="25.387455407" /><trkpt lat="61.975094537" lon="25.387435824" /><trkpt lat="61.975098067" lon="25.387416210" /><trkpt lat="61.975101638" lon="25.387396577" /><trkpt lat="61.975105252" lon="25.387376935" /><trkpt lat="61.975108908" lon="25.387357295" /><trkpt lat="61.975112609" lon="25.387337667" /><trkpt lat="61.975116352" lon="25.387318062" /><trkpt lat="61.975120141" lon="25.387298491" /><trkpt lat="61.975123974" lon="25.387278963" /><trkpt lat="61.975127852" lon="25.387259490" /><trkpt lat="61.975131776" lon="25.387240082" /><trkpt lat="61.975135746" lon="25.387220749" /><trkpt lat="61.975139762" lon="25.387201503" /><trkpt lat="61.975143826" lon="25.387182353" /><trkpt lat="61.975147937" lon="25.387163311" /><trkpt lat="61.975152097" lon="25.387144387" /><trkpt lat="61.975156304" lon="25.387125591" /><trkpt lat="61.975160561" lon="25.387106934" /><trkpt lat="61.975164867" lon="25.387088427" /><trkpt lat="61.975169223" lon="25.387070080" /><trkpt lat="61.975173629" lon="25.387051903" /><trkpt lat="61.975178086" lon="25.387033908" /><trkpt lat="61.975182594" lon="25.387016104" /><trkpt lat="61.975187154" lon="25.386998503" /><trkpt lat="61.975191766" lon="25.386981115" /><trkpt lat="61.975196431" lon="25.386963950" /><trkpt lat="61.975201148" lon="25.386947019" /><trkpt lat="61.975205920" lon="25.386930333" /><trkpt lat="61.975210745" lon="25.386913901" /><trkpt lat="61.975215624" lon="25.386897736" /><trkpt lat="61.975220559" lon="25.386881847" /><trkpt lat="61.975225549" lon="25.386866245" /><trkpt lat="61.975230595" lon="25.386850940" /><trkpt lat="61.975235697" lon="25.386835943" /><trkpt lat="61.975240856" lon="25.386821264" /><trkpt lat="61.975246072" lon="25.386806915" /><trkpt lat="61.975251346" lon="25.386792905" /><trkpt lat="61.975256678" lon="25.386779245" /><trkpt lat="61.975262068" lon="25.386765946" /><trkpt lat="61.975267518" lon="25.386753019" /><trkpt lat="61.975273027" lon="25.386740473" /><trkpt lat="61.975278596" lon="25.386728319" /><trkpt lat="61.975284226" lon="25.386716569" /><trkpt lat="61.975289917" lon="25.386705232" /><trkpt lat="61.975295668" lon="25.386694319" /><trkpt lat="61.975301482" lon="25.386683841" /><trkpt lat="61.975307358" lon="25.386673808" /><trkpt lat="61.975319418" lon="25.386654221" /><trkpt lat="61.975331226" lon="25.386635907" /><trkpt lat="61.975342813" lon="25.386618801" /><trkpt lat="61.975354212" lon="25.386602837" /><trkpt lat="61.975365453" lon="25.386587950" /><trkpt lat="61.975376568" lon="25.386574072" /><trkpt lat="61.975387589" lon="25.386561139" /><trkpt lat="61.975398547" lon="25.386549084" /><trkpt lat="61.975409473" lon="25.386537842" /><trkpt lat="61.975420400" lon="25.386527346" /><trkpt lat="61.975431358" lon="25.386517531" /><trkpt lat="61.975442378" lon="25.386508330" /><trkpt lat="61.975453494" lon="25.386499679" /><trkpt lat="61.975464735" lon="25.386491510" /><trkpt lat="61.975476133" lon="25.386483758" /><trkpt lat="61.975487721" lon="25.386476358" /><trkpt lat="61.975499528" lon="25.386469243" /><trkpt lat="61.975511588" lon="25.386462347" /><trkpt lat="61.975523930" lon="25.386455604" /><trkpt lat="61.975536588" lon="25.386448949" /><trkpt lat="61.975549591" lon="25.386442316" /><trkpt lat="61.975562972" lon="25.386435638" /><trkpt lat="61.975576763" lon="25.386428851" /><trkpt lat="61.975590994" lon="25.386421887" /><trkpt lat="61.975605697" lon="25.386414681" /><trkpt lat="61.975620904" lon="25.386407167" /><trkpt lat="61.975636645" lon="25.386399279" /><trkpt lat="61.975652954" lon="25.386390952" /><trkpt lat="61.975669860" lon="25.386382119" /><trkpt lat="61.975687395" lon="25.386372714" /><trkpt lat="61.975705592" lon="25.386362672" /><trkpt lat="61.975715398" lon="25.386357108" /><trkpt lat="61.975725652" lon="25.386351155" /><trkpt lat="61.975736338" lon="25.386344824" /><trkpt lat="61.975747443" lon="25.386338129" /><trkpt lat="61.975758950" lon="25.386331081" /><trkpt lat="61.975770846" lon="25.386323694" /><trkpt lat="61.975783116" lon="25.386315979" /><trkpt lat="61.975795746" lon="25.386307950" /><trkpt lat="61.975808719" lon="25.386299618" /><trkpt lat="61.975822022" lon="25.386290997" /><trkpt lat="61.975835641" lon="25.386282099" /><trkpt lat="61.975849560" lon="25.386272936" /><trkpt lat="61.975863764" lon="25.386263521" /><trkpt lat="61.975878239" lon="25.386253866" /><trkpt lat="61.975892971" lon="25.386243984" /><trkpt lat="61.975907944" lon="25.386233888" /><trkpt lat="61.975923144" lon="25.386223589" /><trkpt lat="61.975938556" lon="25.386213101" /><trkpt lat="61.975954165" lon="25.386202436" /><trkpt lat="61.975969957" lon="25.386191607" /><trkpt lat="61.975985918" lon="25.386180625" /><trkpt lat="61.976002031" lon="25.386169504" /><trkpt lat="61.976018283" lon="25.386158256" /><trkpt lat="61.976034659" lon="25.386146894" /><trkpt lat="61.976051145" lon="25.386135429" /><trkpt lat="61.976067724" lon="25.386123875" /><trkpt lat="61.976084384" lon="25.386112245" /><trkpt lat="61.976101109" lon="25.386100550" /><trkpt lat="61.976117884" lon="25.386088803" /><trkpt lat="61.976134695" lon="25.386077017" /><trkpt lat="61.976151526" lon="25.386065204" /><trkpt lat="61.976168364" lon="25.386053376" /><trkpt lat="61.976185194" lon="25.386041547" /><trkpt lat="61.976202001" lon="25.386029729" /><trkpt lat="61.976218770" lon="25.386017933" /><trkpt lat="61.976235486" lon="25.386006174" /><trkpt lat="61.976252135" lon="25.385994463" /><trkpt lat="61.976268702" lon="25.385982813" /><trkpt lat="61.976285172" lon="25.385971236" /><trkpt lat="61.976301532" lon="25.385959744" /><trkpt lat="61.976317765" lon="25.385948352" /><trkpt lat="61.976333857" lon="25.385937070" /><trkpt lat="61.976349794" lon="25.385925911" /><trkpt lat="61.976365561" lon="25.385914888" /><trkpt lat="61.976381143" lon="25.385904014" /><trkpt lat="61.976396526" lon="25.385893301" /><trkpt lat="61.976411694" lon="25.385882761" /><trkpt lat="61.976426633" lon="25.385872407" /><trkpt lat="61.976441329" lon="25.385862252" /><trkpt lat="61.976455766" lon="25.385852307" /><trkpt lat="61.976469930" lon="25.385842586" /><trkpt lat="61.976483807" lon="25.385833101" /><trkpt lat="61.976497381" lon="25.385823865" /><trkpt lat="61.976510638" lon="25.385814890" /><trkpt lat="61.976523563" lon="25.385806188" /><trkpt lat="61.976536142" lon="25.385797772" /><trkpt lat="61.976548359" lon="25.385789655" /><trkpt lat="61.976560200" lon="25.385781850" /><trkpt lat="61.976571651" lon="25.385774367" /><trkpt lat="61.976582696" lon="25.385767221" /><trkpt lat="61.976599680" lon="25.385756289" /><trkpt lat="61.976616416" lon="25.385745515" /><trkpt lat="61.976632919" lon="25.385734903" /><trkpt lat="61.976649203" lon="25.385724456" /><trkpt lat="61.976665282" lon="25.385714177" /><trkpt lat="61.976681172" lon="25.385704069" /><trkpt lat="61.976696885" lon="25.385694134" /><trkpt lat="61.976712437" lon="25.385684375" /><trkpt lat="61.976727842" lon="25.385674796" /><trkpt lat="61.976743114" lon="25.385665400" /><trkpt lat="61.976758268" lon="25.385656189" /><trkpt lat="61.976773317" lon="25.385647166" /><trkpt lat="61.976788276" lon="25.385638335" /><trkpt lat="61.976803160" lon="25.385629697" /><trkpt lat="61.976817983" lon="25.385621257" /><trkpt lat="61.976832759" lon="25.385613017" /><trkpt lat="61.976847502" lon="25.385604979" /><trkpt lat="61.976862227" lon="25.385597148" /><trkpt lat="61.976876949" lon="25.385589525" /><trkpt lat="61.976891681" lon="25.385582114" /><trkpt lat="61.976906437" lon="25.385574918" /><trkpt lat="61.976921233" lon="25.385567939" /><trkpt lat="61.976936082" lon="25.385561181" /><trkpt lat="61.976950999" lon="25.385554647" /><trkpt lat="61.976965998" lon="25.385548339" /><trkpt lat="61.976981093" lon="25.385542260" /><trkpt lat="61.976996300" lon="25.385536414" /><trkpt lat="61.977011631" lon="25.385530802" /><trkpt lat="61.977027102" lon="25.385525429" /><trkpt lat="61.977042726" lon="25.385520297" /><trkpt lat="61.977058519" lon="25.385515409" /><trkpt lat="61.977074494" lon="25.385510768" /><trkpt lat="61.977090666" lon="25.385506377" /><trkpt lat="61.977107049" lon="25.385502238" /><trkpt lat="61.977123658" lon="25.385498356" /><trkpt lat="61.977140506" lon="25.385494732" /><trkpt lat="61.977157608" lon="25.385491370" /><trkpt lat="61.977174979" lon="25.385488272" /><trkpt lat="61.977184126" lon="25.385486685" /><trkpt lat="61.977193817" lon="25.385484934" /><trkpt lat="61.977204036" lon="25.385483026" /><trkpt lat="61.977214771" lon="25.385480968" /><trkpt lat="61.977226008" lon="25.385478768" /><trkpt lat="61.977237733" lon="25.385476433" /><trkpt lat="61.977249933" lon="25.385473970" /><trkpt lat="61.977262593" lon="25.385471387" /><trkpt lat="61.977275701" lon="25.385468691" /><trkpt lat="61.977289242" lon="25.385465889" /><trkpt lat="61.977303203" lon="25.385462989" /><trkpt lat="61.977317571" lon="25.385459997" /><trkpt lat="61.977332331" lon="25.385456922" /><trkpt lat="61.977347470" lon="25.385453770" /><trkpt lat="61.977362974" lon="25.385450549" /><trkpt lat="61.977378830" lon="25.385447266" /><trkpt lat="61.977395023" lon="25.385443929" /><trkpt lat="61.977411542" lon="25.385440545" /><trkpt lat="61.977428370" lon="25.385437121" /><trkpt lat="61.977445496" lon="25.385433664" /><trkpt lat="61.977462905" lon="25.385430183" /><trkpt lat="61.977480584" lon="25.385426683" /><trkpt lat="61.977498519" lon="25.385423173" /><trkpt lat="61.977516696" lon="25.385419659" /><trkpt lat="61.977535102" lon="25.385416150" /><trkpt lat="61.977553723" lon="25.385412652" /><trkpt lat="61.977572545" lon="25.385409173" /><trkpt lat="61.977591555" lon="25.385405720" /><trkpt lat="61.977610739" lon="25.385402301" /><trkpt lat="61.977630084" lon="25.385398922" /><trkpt lat="61.977649575" lon="25.385395591" /><trkpt lat="61.977669200" lon="25.385392316" /><trkpt lat="61.977688944" lon="25.385389103" /><trkpt lat="61.977708794" lon="25.385385961" /><trkpt lat="61.977728736" lon="25.385382895" /><trkpt lat="61.977748756" lon="25.385379915" /><trkpt lat="61.977768841" lon="25.385377026" /><trkpt lat="61.977788978" lon="25.385374237" /><trkpt lat="61.977809152" lon="25.385371555" /><trkpt lat="61.977829349" lon="25.385368986" /><trkpt lat="61.977849557" lon="25.385366539" /><trkpt lat="61.977869762" lon="25.385364220" /><trkpt lat="61.977889949" lon="25.385362038" /><trkpt lat="61.977910106" lon="25.385359998" /><trkpt lat="61.977930219" lon="25.385358109" /><trkpt lat="61.977950273" lon="25.385356379" /><trkpt lat="61.977970255" lon="25.385354813" /><trkpt lat="61.977990152" lon="25.385353420" /><trkpt lat="61.978009950" lon="25.385352207" /><trkpt lat="61.978029636" lon="25.385351181" /><trkpt lat="61.978049195" lon="25.385350350" /><trkpt lat="61.978068614" lon="25.385349720" /><trkpt lat="61.978087879" lon="25.385349300" /><trkpt lat="61.978106977" lon="25.385349096" /><trkpt lat="61.978125894" lon="25.385349116" /><trkpt lat="61.978144617" lon="25.385349368" /><trkpt lat="61.978163131" lon="25.385349857" /><trkpt lat="61.978181423" lon="25.385350593" /><trkpt lat="61.978199479" lon="25.385351582" /><trkpt lat="61.978217287" lon="25.385352831" /><trkpt lat="61.978234831" lon="25.385354348" /><trkpt lat="61.978252099" lon="25.385356140" /><trkpt lat="61.978269076" lon="25.385358215" /><trkpt lat="61.978285750" lon="25.385360579" /><trkpt lat="61.978302106" lon="25.385363240" /><trkpt lat="61.978318131" lon="25.385366206" /><trkpt lat="61.978333811" lon="25.385369484" /><trkpt lat="61.978349133" lon="25.385373080" /><trkpt lat="61.978364082" lon="25.385377003" /><trkpt lat="61.978378646" lon="25.385381260" /><trkpt lat="61.978392810" lon="25.385385858" /><trkpt lat="61.978406561" lon="25.385390804" /><trkpt lat="61.978419885" lon="25.385396106" /><trkpt lat="61.978432768" lon="25.385401770" /><trkpt lat="61.978445198" lon="25.385407805" /><trkpt lat="61.978458603" lon="25.385414659" /><trkpt lat="61.978472293" lon="25.385421689" /><trkpt lat="61.978486261" lon="25.385428888" /><trkpt lat="61.978500495" lon="25.385436250" /><trkpt lat="61.978514987" lon="25.385443767" /><trkpt lat="61.978529728" lon="25.385451434" /><trkpt lat="61.978544708" lon="25.385459243" /><trkpt lat="61.978559917" lon="25.385467189" /><trkpt lat="61.978575347" lon="25.385475263" /><trkpt lat="61.978590987" lon="25.385483460" /><trkpt lat="61.978606829" lon="25.385491773" /><trkpt lat="61.978622863" lon="25.385500195" /><trkpt lat="61.978639080" lon="25.385508720" /><trkpt lat="61.978655470" lon="25.385517340" /><trkpt lat="61.978672023" lon="25.385526050" /><trkpt lat="61.978688732" lon="25.385534843" /><trkpt lat="61.978705585" lon="25.385543711" /><trkpt lat="61.978722574" lon="25.385552649" /><trkpt lat="61.978739690" lon="25.385561649" /><trkpt lat="61.978756922" lon="25.385570705" /><trkpt lat="61.978774262" lon="25.385579811" /><trkpt lat="61.978791701" lon="25.385588959" /><trkpt lat="61.978809228" lon="25.385598143" /><trkpt lat="61.978826834" lon="25.385607356" /><trkpt lat="61.978844510" lon="25.385616592" /><trkpt lat="61.978862247" lon="25.385625844" /><trkpt lat="61.978880036" lon="25.385635106" /><trkpt lat="61.978897866" lon="25.385644370" /><trkpt lat="61.978915728" lon="25.385653629" /><trkpt lat="61.978933614" lon="25.385662879" /><trkpt lat="61.978951513" lon="25.385672111" /><trkpt lat="61.978969416" lon="25.385681319" /><trkpt lat="61.978987315" lon="25.385690496" /><trkpt lat="61.979005199" lon="25.385699636" /><trkpt lat="61.979023058" lon="25.385708732" /><trkpt lat="61.979040885" lon="25.385717777" /><trkpt lat="61.979058669" lon="25.385726765" /><trkpt lat="61.979076401" lon="25.385735689" /><trkpt lat="61.979094072" lon="25.385744542" /><trkpt lat="61.979111671" lon="25.385753318" /><trkpt lat="61.979129191" lon="25.385762010" /><trkpt lat="61.979146620" lon="25.385770612" /><trkpt lat="61.979163951" lon="25.385779116" /><trkpt lat="61.979181174" lon="25.385787516" /><trkpt lat="61.979198278" lon="25.385795805" /><trkpt lat="61.979215255" lon="25.385803978" /><trkpt lat="61.979232096" lon="25.385812026" /><trkpt lat="61.979248791" lon="25.385819944" /><trkpt lat="61.979265331" lon="25.385827724" /><trkpt lat="61.979281705" lon="25.385835361" /><trkpt lat="61.979297906" lon="25.385842847" /><trkpt lat="61.979313923" lon="25.385850175" /><trkpt lat="61.979329747" lon="25.385857340" /><trkpt lat="61.979345369" lon="25.385864334" /><trkpt lat="61.979360779" lon="25.385871151" /><trkpt lat="61.979375968" lon="25.385877784" /><trkpt lat="61.979390927" lon="25.385884227" /><trkpt lat="61.979405646" lon="25.385890472" /><trkpt lat="61.979420115" lon="25.385896513" /><trkpt lat="61.979434326" lon="25.385902344" /><trkpt lat="61.979448269" lon="25.385907958" /><trkpt lat="61.979461934" lon="25.385913348" /><trkpt lat="61.979475313" lon="25.385918507" /><trkpt lat="61.979488395" lon="25.385923429" /><trkpt lat="61.979501172" lon="25.385928107" /><trkpt lat="61.979513634" lon="25.385932534" /><trkpt lat="61.979525772" lon="25.385936705" /><trkpt lat="61.979537575" lon="25.385940611" /><trkpt lat="61.979549036" lon="25.385944247" /><trkpt lat="61.979562882" lon="25.385948489" /><trkpt lat="61.979576615" lon="25.385952586" /><trkpt lat="61.979590242" lon="25.385956525" /><trkpt lat="61.979603768" lon="25.385960296" /><trkpt lat="61.979617201" lon="25.385963885" /><trkpt lat="61.979630549" lon="25.385967281" /><trkpt lat="61.979643817" lon="25.385970472" /><trkpt lat="61.979657012" lon="25.385973447" /><trkpt lat="61.979670142" lon="25.385976192" /><trkpt lat="61.979683214" lon="25.385978697" /><trkpt lat="61.979696234" lon="25.385980950" /><trkpt lat="61.979709209" lon="25.385982938" /><trkpt lat="61.979722147" lon="25.385984650" /><trkpt lat="61.979735053" lon="25.385986073" /><trkpt lat="61.979747935" lon="25.385987196" /><trkpt lat="61.979760800" lon="25.385988007" /><trkpt lat="61.979773655" lon="25.385988494" /><trkpt lat="61.979786506" lon="25.385988645" /><trkpt lat="61.979799360" lon="25.385988448" /><trkpt lat="61.979812225" lon="25.385987892" /><trkpt lat="61.979825107" lon="25.385986964" /><trkpt lat="61.979838014" lon="25.385985652" /><trkpt lat="61.979850951" lon="25.385983944" /><trkpt lat="61.979863926" lon="25.385981829" /><trkpt lat="61.979876946" lon="25.385979295" /><trkpt lat="61.979890017" lon="25.385976330" /><trkpt lat="61.979903147" lon="25.385972921" /><trkpt lat="61.979916343" lon="25.385969058" /><trkpt lat="61.979929611" lon="25.385964727" /><trkpt lat="61.979942958" lon="25.385959917" /><trkpt lat="61.979956391" lon="25.385954617" /><trkpt lat="61.979969917" lon="25.385948814" /><trkpt lat="61.979983543" lon="25.385942496" /><trkpt lat="61.979997276" lon="25.385935652" /><trkpt lat="61.980011122" lon="25.385928269" /><trkpt lat="61.980025089" lon="25.385920336" /><trkpt lat="61.980039183" lon="25.385911841" /><trkpt lat="61.980053412" lon="25.385902771" /><trkpt lat="61.980067782" lon="25.385893115" /><trkpt lat="61.980082300" lon="25.385882861" /><trkpt lat="61.980096972" lon="25.385871998" /><trkpt lat="61.980111807" lon="25.385860512" /><trkpt lat="61.980126811" lon="25.385848393" /><trkpt lat="61.980141990" lon="25.385835628" /><trkpt lat="61.980157352" lon="25.385822205" /><trkpt lat="61.980172903" lon="25.385808113" /><trkpt lat="61.980188650" lon="25.385793339" /><trkpt lat="61.980204601" lon="25.385777872" /><trkpt lat="61.980220761" lon="25.385761700" /><trkpt lat="61.980237139" lon="25.385744810" /><trkpt lat="61.980253741" lon="25.385727192" /><trkpt lat="61.980270573" lon="25.385708833" /><trkpt lat="61.980287643" lon="25.385689720" /><trkpt lat="61.980304957" lon="25.385669843" /><trkpt lat="61.980322523" lon="25.385649189" /><trkpt lat="61.980340347" lon="25.385627747" /><trkpt lat="61.980350476" lon="25.385615441" /><trkpt lat="61.980360752" lon="25.385602987" /><trkpt lat="61.980371171" lon="25.385590390" /><trkpt lat="61.980381729" lon="25.385577653" /><trkpt lat="61.980392423" lon="25.385564780" /><trkpt lat="61.980403250" lon="25.385551775" /><trkpt lat="61.980414207" lon="25.385538641" /><trkpt lat="61.980425289" lon="25.385525383" /><trkpt lat="61.980436494" lon="25.385512003" /><trkpt lat="61.980447818" lon="25.385498507" /><trkpt lat="61.980459258" lon="25.385484897" /><trkpt lat="61.980470810" lon="25.385471178" /><trkpt lat="61.980482472" lon="25.385457353" /><trkpt lat="61.980494239" lon="25.385443426" /><trkpt lat="61.980506108" lon="25.385429401" /><trkpt lat="61.980518076" lon="25.385415282" /><trkpt lat="61.980530140" lon="25.385401072" /><trkpt lat="61.980542296" lon="25.385386776" /><trkpt lat="61.980554540" lon="25.385372396" /><trkpt lat="61.980566870" lon="25.385357938" /><trkpt lat="61.980579282" lon="25.385343404" /><trkpt lat="61.980591772" lon="25.385328799" /><trkpt lat="61.980604338" lon="25.385314126" /><trkpt lat="61.980616975" lon="25.385299389" /><trkpt lat="61.980629681" lon="25.385284591" /><trkpt lat="61.980642451" lon="25.385269738" /><trkpt lat="61.980655284" lon="25.385254832" /><trkpt lat="61.980668174" lon="25.385239877" /><trkpt lat="61.980681120" lon="25.385224878" /><trkpt lat="61.980694117" lon="25.385209837" /><trkpt lat="61.980707162" lon="25.385194759" /><trkpt lat="61.980720251" lon="25.385179647" /><trkpt lat="61.980733382" lon="25.385164506" /><trkpt lat="61.980746551" lon="25.385149339" /><trkpt lat="61.980759755" lon="25.385134149" /><trkpt lat="61.980772989" lon="25.385118941" /><trkpt lat="61.980786251" lon="25.385103719" /><trkpt lat="61.980799538" lon="25.385088486" /><trkpt lat="61.980812846" lon="25.385073246" /><trkpt lat="61.980826171" lon="25.385058002" /><trkpt lat="61.980839510" lon="25.385042760" /><trkpt lat="61.980852861" lon="25.385027522" /><trkpt lat="61.980866218" lon="25.385012292" /><trkpt lat="61.980879580" lon="25.384997074" /><trkpt lat="61.980892943" lon="25.384981872" /><trkpt lat="61.980906302" lon="25.384966690" /><trkpt lat="61.980919656" lon="25.384951531" /><trkpt lat="61.980933000" lon="25.384936399" /><trkpt lat="61.980946331" lon="25.384921298" /><trkpt lat="61.980959646" lon="25.384906232" /><trkpt lat="61.980972941" lon="25.384891205" /><trkpt lat="61.980986214" lon="25.384876220" /><trkpt lat="61.980999459" lon="25.384861282" /><trkpt lat="61.981012675" lon="25.384846393" /><trkpt lat="61.981025858" lon="25.384831558" /><trkpt lat="61.981039004" lon="25.384816781" /><trkpt lat="61.981052110" lon="25.384802065" /><trkpt lat="61.981065173" lon="25.384787415" /><trkpt lat="61.981078189" lon="25.384772833" /><trkpt lat="61.981091155" lon="25.384758325" /><trkpt lat="61.981104068" lon="25.384743893" /><trkpt lat="61.981116923" lon="25.384729541" /><trkpt lat="61.981129718" lon="25.384715273" /><trkpt lat="61.981142450" lon="25.384701094" /><trkpt lat="61.981155114" lon="25.384687006" /><trkpt lat="61.981167708" lon="25.384673014" /><trkpt lat="61.981180228" lon="25.384659121" /><trkpt lat="61.981192671" lon="25.384645332" /><trkpt lat="61.981205033" lon="25.384631649" /><trkpt lat="61.981217312" lon="25.384618077" /><trkpt lat="61.981229502" lon="25.384604620" /><trkpt lat="61.981241602" lon="25.384591281" /><trkpt lat="61.981253608" lon="25.384578065" /><trkpt lat="61.981265517" lon="25.384564974" /><trkpt lat="61.981277324" lon="25.384552013" /><trkpt lat="61.981289027" lon="25.384539186" /><trkpt lat="61.981300622" lon="25.384526496" /><trkpt lat="61.981312107" lon="25.384513947" /><trkpt lat="61.981323476" lon="25.384501543" /><trkpt lat="61.981334728" lon="25.384489288" /><trkpt lat="61.981345859" lon="25.384477186" /><trkpt lat="61.981356865" lon="25.384465240" /><trkpt lat="61.981367743" lon="25.384453454" /><trkpt lat="61.981378489" lon="25.384441832" /><trkpt lat="61.981389101" lon="25.384430378" /><trkpt lat="61.981399574" lon="25.384419095" /><trkpt lat="61.981409906" lon="25.384407988" /><trkpt lat="61.981420093" lon="25.384397059" /><trkpt lat="61.981430132" lon="25.384386314" /><trkpt lat="61.981440018" lon="25.384375756" /><trkpt lat="61.981449750" lon="25.384365388" /><trkpt lat="61.981459323" lon="25.384355214" /><trkpt lat="61.981468735" lon="25.384345239" /><trkpt lat="61.981477980" lon="25.384335465" /><trkpt lat="61.981487058" lon="25.384325898" /><trkpt lat="61.981495963" lon="25.384316539" /><trkpt lat="61.981504693" lon="25.384307394" /><trkpt lat="61.981513244" lon="25.384298467" /><trkpt lat="61.981521612" lon="25.384289760" /><trkpt lat="61.981529795" lon="25.384281278" /><trkpt lat="61.981537346" lon="25.384273456" /><trkpt lat="61.981545151" lon="25.384265350" /><trkpt lat="61.981553206" lon="25.384256965" /><trkpt lat="61.981561507" lon="25.384248305" /><trkpt lat="61.981570049" lon="25.384239377" /><trkpt lat="61.981578827" lon="25.384230185" /><trkpt lat="61.981587836" lon="25.384220736" /><trkpt lat="61.981597072" lon="25.384211033" /><trkpt lat="61.981606530" lon="25.384201083" /><trkpt lat="61.981616205" lon="25.384190891" /><trkpt lat="61.981626094" lon="25.384180462" /><trkpt lat="61.981636190" lon="25.384169801" /><trkpt lat="61.981646489" lon="25.384158914" /><trkpt lat="61.981656987" lon="25.384147806" /><trkpt lat="61.981667679" lon="25.384136482" /><trkpt lat="61.981678560" lon="25.384124948" /><trkpt lat="61.981689625" lon="25.384113208" /><trkpt lat="61.981700871" lon="25.384101269" /><trkpt lat="61.981712291" lon="25.384089135" /><trkpt lat="61.981723882" lon="25.384076812" /><trkpt lat="61.981735639" lon="25.384064304" /><trkpt lat="61.981747557" lon="25.384051618" /><trkpt lat="61.981759631" lon="25.384038759" /><trkpt lat="61.981771856" lon="25.384025732" /><trkpt lat="61.981784229" lon="25.384012541" /><trkpt lat="61.981796744" lon="25.383999193" /><trkpt lat="61.981809397" lon="25.383985693" /><trkpt lat="61.981822182" lon="25.383972046" /><trkpt lat="61.981835095" lon="25.383958258" /><trkpt lat="61.981848133" lon="25.383944333" /><trkpt lat="61.981861288" lon="25.383930277" /><trkpt lat="61.981874558" lon="25.383916095" /><trkpt lat="61.981887938" lon="25.383901793" /><trkpt lat="61.981901422" lon="25.383887375" /><trkpt lat="61.981915006" lon="25.383872848" /><trkpt lat="61.981928686" lon="25.383858216" /><trkpt lat="61.981942456" lon="25.383843485" /><trkpt lat="61.981956312" lon="25.383828660" /><trkpt lat="61.981970249" lon="25.383813746" /><trkpt lat="61.981984263" lon="25.383798748" /><trkpt lat="61.981998349" lon="25.383783673" /><trkpt lat="61.982012502" lon="25.383768525" /><trkpt lat="61.982026717" lon="25.383753309" /><trkpt lat="61.982040990" lon="25.383738031" /><trkpt lat="61.982055317" lon="25.383722696" /><trkpt lat="61.982069691" lon="25.383707309" /><trkpt lat="61.982084110" lon="25.383691876" /><trkpt lat="61.982098567" lon="25.383676402" /><trkpt lat="61.982113059" lon="25.383660893" /><trkpt lat="61.982127580" lon="25.383645352" /><trkpt lat="61.982142126" lon="25.383629787" /><trkpt lat="61.982156693" lon="25.383614202" /><trkpt lat="61.982171275" lon="25.383598602" /><trkpt lat="61.982185868" lon="25.383582993" /><trkpt lat="61.982200467" lon="25.383567379" /><trkpt lat="61.982215068" lon="25.383551767" /><trkpt lat="61.982229665" lon="25.383536162" /><trkpt lat="61.982244254" lon="25.383520569" /><trkpt lat="61.982258831" lon="25.383504992" /><trkpt lat="61.982273391" lon="25.383489439" /><trkpt lat="61.982287928" lon="25.383473913" /><trkpt lat="61.982302439" lon="25.383458420" /><trkpt lat="61.982316919" lon="25.383442965" /><trkpt lat="61.982331362" lon="25.383427554" /><trkpt lat="61.982345764" lon="25.383412192" /><trkpt lat="61.982360122" lon="25.383396884" /><trkpt lat="61.982374429" lon="25.383381636" /><trkpt lat="61.982388681" lon="25.383366452" /><trkpt lat="61.982402873" lon="25.383351339" /><trkpt lat="61.982417002" lon="25.383336301" /><trkpt lat="61.982431061" lon="25.383321344" /><trkpt lat="61.982445047" lon="25.383306473" /><trkpt lat="61.982458954" lon="25.383291693" /><trkpt lat="61.982472779" lon="25.383277009" /><trkpt lat="61.982486515" lon="25.383262428" /><trkpt lat="61.982500160" lon="25.383247954" /><trkpt lat="61.982513707" lon="25.383233592" /><trkpt lat="61.982527152" lon="25.383219348" /><trkpt lat="61.982540491" lon="25.383205226" /><trkpt lat="61.982553719" lon="25.383191234" /><trkpt lat="61.982566831" lon="25.383177375" /><trkpt lat="61.982579822" lon="25.383163655" /><trkpt lat="61.982592689" lon="25.383150079" /><trkpt lat="61.982605425" lon="25.383136652" /><trkpt lat="61.982618026" lon="25.383123381" /><trkpt lat="61.982630489" lon="25.383110269" /><trkpt lat="61.982642807" lon="25.383097323" /><trkpt lat="61.982654976" lon="25.383084548" /><trkpt lat="61.982666992" lon="25.383071948" /><trkpt lat="61.982678850" lon="25.383059530" /><trkpt lat="61.982690545" lon="25.383047299" /><trkpt lat="61.982702073" lon="25.383035259" /><trkpt lat="61.982713428" lon="25.383023417" /><trkpt lat="61.982724607" lon="25.383011777" /><trkpt lat="61.982735604" lon="25.383000344" /><trkpt lat="61.982746415" lon="25.382989125" /><trkpt lat="61.982757035" lon="25.382978124" /><trkpt lat="61.982767459" lon="25.382967347" /><trkpt lat="61.982777683" lon="25.382956799" /><trkpt lat="61.982787701" lon="25.382946485" /><trkpt lat="61.982797510" lon="25.382936410" /><trkpt lat="61.982807105" lon="25.382926580" /><trkpt lat="61.982816481" lon="25.382917001" /><trkpt lat="61.982825632" lon="25.382907676" /><trkpt lat="61.982834555" lon="25.382898613" /><trkpt lat="61.982843245" lon="25.382889815" /><trkpt lat="61.982851698" lon="25.382881289" /><trkpt lat="61.982859907" lon="25.382873039" /><trkpt lat="61.982867869" lon="25.382865071" /><trkpt lat="61.982876571" lon="25.382856395" /><trkpt lat="61.982885586" lon="25.382847429" /><trkpt lat="61.982894908" lon="25.382838181" /><trkpt lat="61.982904530" lon="25.382828656" /><trkpt lat="61.982914445" lon="25.382818863" /><trkpt lat="61.982924646" lon="25.382808807" /><trkpt lat="61.982935127" lon="25.382798495" /><trkpt lat="61.982945880" lon="25.382787934" /><trkpt lat="61.982956899" lon="25.382777131" /><trkpt lat="61.982968177" lon="25.382766092" /><trkpt lat="61.982979707" lon="25.382754825" /><trkpt lat="61.982991482" lon="25.382743335" /><trkpt lat="61.983003495" lon="25.382731630" /><trkpt lat="61.983015740" lon="25.382719716" /><trkpt lat="61.983028210" lon="25.382707601" /><trkpt lat="61.983040897" lon="25.382695290" /><trkpt lat="61.983053795" lon="25.382682791" /><trkpt lat="61.983066898" lon="25.382670110" /><trkpt lat="61.983080197" lon="25.382657253" /><trkpt lat="61.983093687" lon="25.382644229" /><trkpt lat="61.983107361" lon="25.382631043" /><trkpt lat="61.983121211" lon="25.382617702" /><trkpt lat="61.983135231" lon="25.382604213" /><trkpt lat="61.983149414" lon="25.382590583" /><trkpt lat="61.983163753" lon="25.382576818" /><trkpt lat="61.983178241" lon="25.382562925" /><trkpt lat="61.983192872" lon="25.382548910" /><trkpt lat="61.983207639" lon="25.382534782" /><trkpt lat="61.983222534" lon="25.382520545" /><trkpt lat="61.983237551" lon="25.382506208" /><trkpt lat="61.983252683" lon="25.382491776" /><trkpt lat="61.983267924" lon="25.382477257" /><trkpt lat="61.983283265" lon="25.382462656" /><trkpt lat="61.983298702" lon="25.382447982" /><trkpt lat="61.983314226" lon="25.382433240" /><trkpt lat="61.983329830" lon="25.382418438" /><trkpt lat="61.983345509" lon="25.382403582" /><trkpt lat="61.983361255" lon="25.382388678" /><trkpt lat="61.983377061" lon="25.382373734" /><trkpt lat="61.983392920" lon="25.382358756" /><trkpt lat="61.983408826" lon="25.382343751" /><trkpt lat="61.983424772" lon="25.382328726" /><trkpt lat="61.983440750" lon="25.382313687" /><trkpt lat="61.983456755" lon="25.382298642" /><trkpt lat="61.983472779" lon="25.382283596" /><trkpt lat="61.983488815" lon="25.382268557" /><trkpt lat="61.983504856" lon="25.382253531" /><trkpt lat="61.983520896" lon="25.382238525" /><trkpt lat="61.983536928" lon="25.382223546" /><trkpt lat="61.983552945" lon="25.382208601" /><trkpt lat="61.983568940" lon="25.382193695" /><trkpt lat="61.983584906" lon="25.382178837" /><trkpt lat="61.983600837" lon="25.382164032" /><trkpt lat="61.983616725" lon="25.382149288" /><trkpt lat="61.983632563" lon="25.382134611" /><trkpt lat="61.983648346" lon="25.382120008" /><trkpt lat="61.983664066" lon="25.382105485" /><trkpt lat="61.983679715" lon="25.382091050" /><trkpt lat="61.983695288" lon="25.382076709" /><trkpt lat="61.983710778" lon="25.382062469" /><trkpt lat="61.983726177" lon="25.382048336" /><trkpt lat="61.983741478" lon="25.382034317" /><trkpt lat="61.983756676" lon="25.382020419" /><trkpt lat="61.983771763" lon="25.382006649" /><trkpt lat="61.983786731" lon="25.381993013" /><trkpt lat="61.983801576" lon="25.381979519" /><trkpt lat="61.983816288" lon="25.381966172" /><trkpt lat="61.983830863" lon="25.381952980" /><trkpt lat="61.983845292" lon="25.381939949" /><trkpt lat="61.983859569" lon="25.381927087" /><trkpt lat="61.983873687" lon="25.381914399" /><trkpt lat="61.983887639" lon="25.381901892" /><trkpt lat="61.983901419" lon="25.381889574" /><trkpt lat="61.983915020" lon="25.381877451" /><trkpt lat="61.983928434" lon="25.381865529" /><trkpt lat="61.983941655" lon="25.381853816" /><trkpt lat="61.983954675" lon="25.381842318" /><trkpt lat="61.983967490" lon="25.381831042" /><trkpt lat="61.983980090" lon="25.381819994" /><trkpt lat="61.983992470" lon="25.381809182" /><trkpt lat="61.984004622" lon="25.381798612" /><trkpt lat="61.984016541" lon="25.381788291" /><trkpt lat="61.984028218" lon="25.381778225" /><trkpt lat="61.984039647" lon="25.381768421" /><trkpt lat="61.984050821" lon="25.381758886" /><trkpt lat="61.984061734" lon="25.381749627" /><trkpt lat="61.984072379" lon="25.381740650" /><trkpt lat="61.984082747" lon="25.381731963" /><trkpt lat="61.984092834" lon="25.381723571" /><trkpt lat="61.984102632" lon="25.381715482" /><trkpt lat="61.984112134" lon="25.381707702" /><trkpt lat="61.984121333" lon="25.381700238" /><trkpt lat="61.984130223" lon="25.381693097" /><trkpt lat="61.984138796" lon="25.381686286" /><trkpt lat="61.984147046" lon="25.381679811" /><trkpt lat="61.984154966" lon="25.381673678" /><trkpt lat="61.984162549" lon="25.381667896" /><trkpt lat="61.984169788" lon="25.381662469" /><trkpt lat="61.984176676" lon="25.381657406" /><trkpt lat="61.984183207" lon="25.381652713" /><trkpt lat="61.984199293" lon="25.381641457" /><trkpt lat="61.984215002" lon="25.381630803" /><trkpt lat="61.984230356" lon="25.381620761" /><trkpt lat="61.984245375" lon="25.381611341" /><trkpt lat="61.984260080" lon="25.381602552" /><trkpt lat="61.984274491" lon="25.381594405" /><trkpt lat="61.984288631" lon="25.381586909" /><trkpt lat="61.984302519" lon="25.381580074" /><trkpt lat="61.984316177" lon="25.381573909" /><trkpt lat="61.984329625" lon="25.381568425" /><trkpt lat="61.984342884" lon="25.381563631" /><trkpt lat="61.984355976" lon="25.381559537" /><trkpt lat="61.984368921" lon="25.381556153" /><trkpt lat="61.984381740" lon="25.381553489" /><trkpt lat="61.984394455" lon="25.381551553" /><trkpt lat="61.984407085" lon="25.381550357" /><trkpt lat="61.984419651" lon="25.381549909" /><trkpt lat="61.984432176" lon="25.381550220" /><trkpt lat="61.984444679" lon="25.381551299" /><trkpt lat="61.984457182" lon="25.381553157" /><trkpt lat="61.984469705" lon="25.381555802" /><trkpt lat="61.984482269" lon="25.381559244" /><trkpt lat="61.984494895" lon="25.381563495" /><trkpt lat="61.984507605" lon="25.381568562" /><trkpt lat="61.984520418" lon="25.381574456" /><trkpt lat="61.984533357" lon="25.381581187" /><trkpt lat="61.984546441" lon="25.381588765" /><trkpt lat="61.984559691" lon="25.381597198" /><trkpt lat="61.984573130" lon="25.381606498" /><trkpt lat="61.984586777" lon="25.381616673" /><trkpt lat="61.984600653" lon="25.381627734" /><trkpt lat="61.984614779" lon="25.381639690" /><trkpt lat="61.984629177" lon="25.381652552" /><trkpt lat="61.984643867" lon="25.381666328" /><trkpt lat="61.984658870" lon="25.381681028" /><trkpt lat="61.984674206" lon="25.381696663" /><trkpt lat="61.984689898" lon="25.381713243" /><trkpt lat="61.984705965" lon="25.381730776" /><trkpt lat="61.984722428" lon="25.381749272" /><trkpt lat="61.984736819" lon="25.381765566" /><trkpt lat="61.984751097" lon="25.381781552" /><trkpt lat="61.984765265" lon="25.381797241" /><trkpt lat="61.984779321" lon="25.381812642" /><trkpt lat="61.984793267" lon="25.381827767" /><trkpt lat="61.984807102" lon="25.381842624" /><trkpt lat="61.984820828" lon="25.381857226" /><trkpt lat="61.984834444" lon="25.381871581" /><trkpt lat="61.984847950" lon="25.381885700" /><trkpt lat="61.984861347" lon="25.381899594" /><trkpt lat="61.984874636" lon="25.381913272" /><trkpt lat="61.984887816" lon="25.381926745" /><trkpt lat="61.984900889" lon="25.381940023" /><trkpt lat="61.984913853" lon="25.381953116" /><trkpt lat="61.984926711" lon="25.381966035" /><trkpt lat="61.984939461" lon="25.381978789" /><trkpt lat="61.984952104" lon="25.381991389" /><trkpt lat="61.984964642" lon="25.382003846" /><trkpt lat="61.984977073" lon="25.382016169" /><trkpt lat="61.984989398" lon="25.382028369" /><trkpt lat="61.985001619" lon="25.382040456" /><trkpt lat="61.985013734" lon="25.382052440" /><trkpt lat="61.985025744" lon="25.382064332" /><trkpt lat="61.985037650" lon="25.382076141" /><trkpt lat="61.985049452" lon="25.382087878" /><trkpt lat="61.985061151" lon="25.382099554" /><trkpt lat="61.985072746" lon="25.382111177" /><trkpt lat="61.985084238" lon="25.382122760" /><trkpt lat="61.985095627" lon="25.382134311" /><trkpt lat="61.985106914" lon="25.382145842" /><trkpt lat="61.985118099" lon="25.382157362" /><trkpt lat="61.985129182" lon="25.382168882" /><trkpt lat="61.985140164" lon="25.382180411" /><trkpt lat="61.985151045" lon="25.382191961" /><trkpt lat="61.985161825" lon="25.382203541" /><trkpt lat="61.985172505" lon="25.382215161" /><trkpt lat="61.985183084" lon="25.382226833" /><trkpt lat="61.985193564" lon="25.382238565" /><trkpt lat="61.985203945" lon="25.382250369" /><trkpt lat="61.985214226" lon="25.382262255" /><trkpt lat="61.985224409" lon="25.382274232" /><trkpt lat="61.985234494" lon="25.382286312" /><trkpt lat="61.985244480" lon="25.382298504" /><trkpt lat="61.985254369" lon="25.382310818" /><trkpt lat="61.985264160" lon="25.382323265" /><trkpt lat="61.985274930" lon="25.382337112" /><trkpt lat="61.985285334" lon="25.382350516" /><trkpt lat="61.985295392" lon="25.382363518" /><trkpt lat="61.985305125" lon="25.382376158" /><trkpt lat="61.985314553" lon="25.382388476" /><trkpt lat="61.985323698" lon="25.382400513" /><trkpt lat="61.985332581" lon="25.382412308" /><trkpt lat="61.985341221" lon="25.382423902" /><trkpt lat="61.985349641" lon="25.382435334" /><trkpt lat="61.985357860" lon="25.382446647" /><trkpt lat="61.985365899" lon="25.382457878" /><trkpt lat="61.985373780" lon="25.382469070" /><trkpt lat="61.985381523" lon="25.382480261" /><trkpt lat="61.985389149" lon="25.382491493" /><trkpt lat="61.985396678" lon="25.382502805" /><trkpt lat="61.985404132" lon="25.382514238" /><trkpt lat="61.985411531" lon="25.382525832" /><trkpt lat="61.985418896" lon="25.382537627" /><trkpt lat="61.985426247" lon="25.382549664" /><trkpt lat="61.985433607" lon="25.382561982" /><trkpt lat="61.985440994" lon="25.382574622" /><trkpt lat="61.985448431" lon="25.382587624" /><trkpt lat="61.985455938" lon="25.382601028" /><trkpt lat="61.985463535" lon="25.382614875" /><trkpt lat="61.985471244" lon="25.382629205" /><trkpt lat="61.985479085" lon="25.382644057" /><trkpt lat="61.985487079" lon="25.382659473" /><trkpt lat="61.985495247" lon="25.382675493" /><trkpt lat="61.985503610" lon="25.382692156" /><trkpt lat="61.985512188" lon="25.382709503" /><trkpt lat="61.985521002" lon="25.382727575" /><trkpt lat="61.985530074" lon="25.382746410" /><trkpt lat="61.985539423" lon="25.382766051" /><trkpt lat="61.985549070" lon="25.382786536" /><trkpt lat="61.985559037" lon="25.382807907" /><trkpt lat="61.985569345" lon="25.382830203" /><trkpt lat="61.985580013" lon="25.382853464" /><trkpt lat="61.985591063" lon="25.382877731" /><trkpt lat="61.985602515" lon="25.382903045" /><trkpt lat="61.985614391" lon="25.382929444" /><trkpt lat="61.985621465" lon="25.382945174" /><trkpt lat="61.985628661" lon="25.382961106" /><trkpt lat="61.985635974" lon="25.382977229" /><trkpt lat="61.985643401" lon="25.382993536" /><trkpt lat="61.985650935" lon="25.383010018" /><trkpt lat="61.985658573" lon="25.383026667" /><trkpt lat="61.985666310" lon="25.383043473" /><trkpt lat="61.985674140" lon="25.383060429" /><trkpt lat="61.985682059" lon="25.383077526" /><trkpt lat="61.985690063" lon="25.383094754" /><trkpt lat="61.985698146" lon="25.383112105" /><trkpt lat="61.985706304" lon="25.383129572" /><trkpt lat="61.985714532" lon="25.383147144" /><trkpt lat="61.985722826" lon="25.383164814" /><trkpt lat="61.985731180" lon="25.383182573" /><trkpt lat="61.985739591" lon="25.383200412" /><trkpt lat="61.985748052" lon="25.383218323" /><trkpt lat="61.985756560" lon="25.383236297" /><trkpt lat="61.985765109" lon="25.383254325" /><trkpt lat="61.985773696" lon="25.383272399" /><trkpt lat="61.985782315" lon="25.383290510" /><trkpt lat="61.985790961" lon="25.383308649" /><trkpt lat="61.985799630" lon="25.383326809" /><trkpt lat="61.985808316" lon="25.383344979" /><trkpt lat="61.985817017" lon="25.383363153" /><trkpt lat="61.985825725" lon="25.383381320" /><trkpt lat="61.985834438" lon="25.383399473" /><trkpt lat="61.985843149" lon="25.383417602" /><trkpt lat="61.985851855" lon="25.383435700" /><trkpt lat="61.985860550" lon="25.383453757" /><trkpt lat="61.985869230" lon="25.383471765" /><trkpt lat="61.985877890" lon="25.383489715" /><trkpt lat="61.985886526" lon="25.383507600" /><trkpt lat="61.985895132" lon="25.383525409" /><trkpt lat="61.985903704" lon="25.383543134" /><trkpt lat="61.985912237" lon="25.383560768" /><trkpt lat="61.985920726" lon="25.383578300" /><trkpt lat="61.985929167" lon="25.383595723" /><trkpt lat="61.985937555" lon="25.383613028" /><trkpt lat="61.985945885" lon="25.383630207" /><trkpt lat="61.985954153" lon="25.383647250" /><trkpt lat="61.985962353" lon="25.383664149" /><trkpt lat="61.985970481" lon="25.383680895" /><trkpt lat="61.985978532" lon="25.383697481" /><trkpt lat="61.985986502" lon="25.383713896" /><trkpt lat="61.985994386" lon="25.383730133" /><trkpt lat="61.986002178" lon="25.383746184" /><trkpt lat="61.986009875" lon="25.383762038" /><trkpt lat="61.986017471" lon="25.383777688" /><trkpt lat="61.986024962" lon="25.383793125" /><trkpt lat="61.986032343" lon="25.383808341" /><trkpt lat="61.986039609" lon="25.383823327" /><trkpt lat="61.986046756" lon="25.383838074" /><trkpt lat="61.986053778" lon="25.383852573" /><trkpt lat="61.986060672" lon="25.383866816" /><trkpt lat="61.986067432" lon="25.383880795" /><trkpt lat="61.986074054" lon="25.383894501" /><trkpt lat="61.986080532" lon="25.383907924" /><trkpt lat="61.986086862" lon="25.383921058" /><trkpt lat="61.986093040" lon="25.383933892" /><trkpt lat="61.986099060" lon="25.383946418" /><trkpt lat="61.986104919" lon="25.383958628" /><trkpt lat="61.986110610" lon="25.383970513" /><trkpt lat="61.986116130" lon="25.383982064" /><trkpt lat="61.986121473" lon="25.383993273" /><trkpt lat="61.986126636" lon="25.384004131" /><trkpt lat="61.986131612" lon="25.384014630" /><trkpt lat="61.986136398" lon="25.384024761" /><trkpt lat="61.986140989" lon="25.384034514" /><trkpt lat="61.986147011" lon="25.384047599" /><trkpt lat="61.986152926" lon="25.384060973" /><trkpt lat="61.986158737" lon="25.384074627" /><trkpt lat="61.986164447" lon="25.384088553" /><trkpt lat="61.986170061" lon="25.384102744" /><trkpt lat="61.986175580" lon="25.384117190" /><trkpt lat="61.986181009" lon="25.384131883" /><trkpt lat="61.986186350" lon="25.384146816" /><trkpt lat="61.986191608" lon="25.384161980" /><trkpt lat="61.986196785" lon="25.384177366" /><trkpt lat="61.986201884" lon="25.384192967" /><trkpt lat="61.986206910" lon="25.384208774" /><trkpt lat="61.986211864" lon="25.384224780" /><trkpt lat="61.986216751" lon="25.384240975" /><trkpt lat="61.986221574" lon="25.384257351" /><trkpt lat="61.986226336" lon="25.384273901" /><trkpt lat="61.986231041" lon="25.384290616" /><trkpt lat="61.986235691" lon="25.384307487" /><trkpt lat="61.986240290" lon="25.384324507" /><trkpt lat="61.986244842" lon="25.384341667" /><trkpt lat="61.986249350" lon="25.384358960" /><trkpt lat="61.986253816" lon="25.384376376" /><trkpt lat="61.986258245" lon="25.384393907" /><trkpt lat="61.986262639" lon="25.384411546" /><trkpt lat="61.986267002" lon="25.384429283" /><trkpt lat="61.986271337" lon="25.384447112" /><trkpt lat="61.986275648" lon="25.384465023" /><trkpt lat="61.986279937" lon="25.384483008" /><trkpt lat="61.986284209" lon="25.384501059" /><trkpt lat="61.986288466" lon="25.384519168" /><trkpt lat="61.986292712" lon="25.384537327" /><trkpt lat="61.986296950" lon="25.384555526" /><trkpt lat="61.986301183" lon="25.384573759" /><trkpt lat="61.986305415" lon="25.384592017" /><trkpt lat="61.986309649" lon="25.384610290" /><trkpt lat="61.986313888" lon="25.384628573" /><trkpt lat="61.986318135" lon="25.384646855" /><trkpt lat="61.986322395" lon="25.384665129" /><trkpt lat="61.986326669" lon="25.384683386" /><trkpt lat="61.986330962" lon="25.384701619" /><trkpt lat="61.986335277" lon="25.384719819" /><trkpt lat="61.986339617" lon="25.384737977" /><trkpt lat="61.986343985" lon="25.384756086" /><trkpt lat="61.986348385" lon="25.384774137" /><trkpt lat="61.986352820" lon="25.384792122" /><trkpt lat="61.986357293" lon="25.384810033" /><trkpt lat="61.986361808" lon="25.384827862" /><trkpt lat="61.986366367" lon="25.384845600" /><trkpt lat="61.986370975" lon="25.384863238" /><trkpt lat="61.986375635" lon="25.384880770" /><trkpt lat="61.986380349" lon="25.384898186" /><trkpt lat="61.986384428" lon="25.384913136" /><trkpt lat="61.986388601" lon="25.384928473" /><trkpt lat="61.986392866" lon="25.384944178" /><trkpt lat="61.986397221" lon="25.384960237" /><trkpt lat="61.986401662" lon="25.384976631" /><trkpt lat="61.986406187" lon="25.384993345" /><trkpt lat="61.986410794" lon="25.385010362" /><trkpt lat="61.986415481" lon="25.385027666" /><trkpt lat="61.986420245" lon="25.385045240" /><trkpt lat="61.986425083" lon="25.385063067" /><trkpt lat="61.986429993" lon="25.385081131" /><trkpt lat="61.986434973" lon="25.385099416" /><trkpt lat="61.986440020" lon="25.385117904" /><trkpt lat="61.986445132" lon="25.385136580" /><trkpt lat="61.986450306" lon="25.385155426" /><trkpt lat="61.986455540" lon="25.385174427" /><trkpt lat="61.986460831" lon="25.385193565" /><trkpt lat="61.986466178" lon="25.385212825" /><trkpt lat="61.986471577" lon="25.385232189" /><trkpt lat="61.986477025" lon="25.385251641" /><trkpt lat="61.986482522" lon="25.385271165" /><trkpt lat="61.986488063" lon="25.385290744" /><trkpt lat="61.986493648" lon="25.385310361" /><trkpt lat="61.986499272" lon="25.385330000" /><trkpt lat="61.986504934" lon="25.385349644" /><trkpt lat="61.986510632" lon="25.385369278" /><trkpt lat="61.986516363" lon="25.385388883" /><trkpt lat="61.986522124" lon="25.385408444" /><trkpt lat="61.986527912" lon="25.385427945" /><trkpt lat="61.986533727" lon="25.385447368" /><trkpt lat="61.986539565" lon="25.385466697" /><trkpt lat="61.986545423" lon="25.385485916" /><trkpt lat="61.986551299" lon="25.385505008" /><trkpt lat="61.986557191" lon="25.385523956" /><trkpt lat="61.986563097" lon="25.385542745" /><trkpt lat="61.986569013" lon="25.385561357" /><trkpt lat="61.986574938" lon="25.385579775" /><trkpt lat="61.986580869" lon="25.385597984" /><trkpt lat="61.986586803" lon="25.385615967" /><trkpt lat="61.986592738" lon="25.385633707" /><trkpt lat="61.986598672" lon="25.385651188" /><trkpt lat="61.986604602" lon="25.385668393" /><trkpt lat="61.986610526" lon="25.385685305" /><trkpt lat="61.986616441" lon="25.385701909" /><trkpt lat="61.986622344" lon="25.385718187" /><trkpt lat="61.986628234" lon="25.385734124" /><trkpt lat="61.986634108" lon="25.385749701" /><trkpt lat="61.986639964" lon="25.385764904" /><trkpt lat="61.986645798" lon="25.385779715" /><trkpt lat="61.986651609" lon="25.385794118" /><trkpt lat="61.986657394" lon="25.385808096" /><trkpt lat="61.986663151" lon="25.385821633" /><trkpt lat="61.986668877" lon="25.385834713" /><trkpt lat="61.986674570" lon="25.385847318" /><trkpt lat="61.986680227" lon="25.385859432" /><trkpt lat="61.986685846" lon="25.385871038" /><trkpt lat="61.986691424" lon="25.385882121" /><trkpt lat="61.986696959" lon="25.385892664" /><trkpt lat="61.986702449" lon="25.385902649" /><trkpt lat="61.986707891" lon="25.385912061" /><trkpt lat="61.986714098" lon="25.385922550" /><trkpt lat="61.986720451" lon="25.385933364" /><trkpt lat="61.986726946" lon="25.385944497" /><trkpt lat="61.986733577" lon="25.385955941" /><trkpt lat="61.986740342" lon="25.385967690" /><trkpt lat="61.986747234" lon="25.385979737" /><trkpt lat="61.986754249" lon="25.385992074" /><trkpt lat="61.986761383" lon="25.386004696" /><trkpt lat="61.986768631" lon="25.386017594" /><trkpt lat="61.986775988" lon="25.386030762" /><trkpt lat="61.986783451" lon="25.386044193" /><trkpt lat="61.986791014" lon="25.386057881" /><trkpt lat="61.986798673" lon="25.386071818" /><trkpt lat="61.986806423" lon="25.386085997" /><trkpt lat="61.986814260" lon="25.386100412" /><trkpt lat="61.986822179" lon="25.386115055" /><trkpt lat="61.986830175" lon="25.386129920" /><trkpt lat="61.986838245" lon="25.386144999" /><trkpt lat="61.986846383" lon="25.386160286" /><trkpt lat="61.986854585" lon="25.386175774" /><trkpt lat="61.986862846" lon="25.386191456" /><trkpt lat="61.986871162" lon="25.386207325" /><trkpt lat="61.986879528" lon="25.386223374" /><trkpt lat="61.986887940" lon="25.386239597" /><trkpt lat="61.986896392" lon="25.386255985" /><trkpt lat="61.986904882" lon="25.386272533" /><trkpt lat="61.986913403" lon="25.386289233" /><trkpt lat="61.986921951" lon="25.386306079" /><trkpt lat="61.986930522" lon="25.386323063" /><trkpt lat="61.986939111" lon="25.386340179" /><trkpt lat="61.986947714" lon="25.386357420" /><trkpt lat="61.986956326" lon="25.386374779" /><trkpt lat="61.986964942" lon="25.386392248" /><trkpt lat="61.986973559" lon="25.386409822" /><trkpt lat="61.986982170" lon="25.386427492" /><trkpt lat="61.986990772" lon="25.386445253" /><trkpt lat="61.986999361" lon="25.386463097" /><trkpt lat="61.987007931" lon="25.386481017" /><trkpt lat="61.987016478" lon="25.386499007" /><trkpt lat="61.987024998" lon="25.386517059" /><trkpt lat="61.987033486" lon="25.386535166" /><trkpt lat="61.987041937" lon="25.386553323" /><trkpt lat="61.987050346" lon="25.386571521" /><trkpt lat="61.987058710" lon="25.386589754" /><trkpt lat="61.987067024" lon="25.386608014" /><trkpt lat="61.987075282" lon="25.386626296" /><trkpt lat="61.987083481" lon="25.386644592" /><trkpt lat="61.987091617" lon="25.386662895" /><trkpt lat="61.987099683" lon="25.386681198" /><trkpt lat="61.987107676" lon="25.386699494" /><trkpt lat="61.987115592" lon="25.386717777" /><trkpt lat="61.987123425" lon="25.386736040" /><trkpt lat="61.987131171" lon="25.386754274" /><trkpt lat="61.987138877" lon="25.386772414" /><trkpt lat="61.987146590" lon="25.386790398" /><trkpt lat="61.987154306" lon="25.386808232" /><trkpt lat="61.987162022" lon="25.386825921" /><trkpt lat="61.987169735" lon="25.386843471" /><trkpt lat="61.987177440" lon="25.386860886" /><trkpt lat="61.987185133" lon="25.386878172" /><trkpt lat="61.987192812" lon="25.386895334" /><trkpt lat="61.987200473" lon="25.386912377" /><trkpt lat="61.987208111" lon="25.386929306" /><trkpt lat="61.987215723" lon="25.386946127" /><trkpt lat="61.987223306" lon="25.386962844" /><trkpt lat="61.987230856" lon="25.386979463" /><trkpt lat="61.987238369" lon="25.386995989" /><trkpt lat="61.987245842" lon="25.387012428" /><trkpt lat="61.987253271" lon="25.387028784" /><trkpt lat="61.987260652" lon="25.387045062" /><trkpt lat="61.987267981" lon="25.387061268" /><trkpt lat="61.987275256" lon="25.387077407" /><trkpt lat="61.987282472" lon="25.387093485" /><trkpt lat="61.987289625" lon="25.387109506" /><trkpt lat="61.987296713" lon="25.387125475" /><trkpt lat="61.987303730" lon="25.387141398" /><trkpt lat="61.987310675" lon="25.387157280" /><trkpt lat="61.987317543" lon="25.387173126" /><trkpt lat="61.987324329" lon="25.387188941" /><trkpt lat="61.987331032" lon="25.387204731" /><trkpt lat="61.987337647" lon="25.387220500" /><trkpt lat="61.987344170" lon="25.387236255" /><trkpt lat="61.987350598" lon="25.387251999" /><trkpt lat="61.987356927" lon="25.387267739" /><trkpt lat="61.987363153" lon="25.387283479" /><trkpt lat="61.987369273" lon="25.387299225" /><trkpt lat="61.987375284" lon="25.387314981" /><trkpt lat="61.987381180" lon="25.387330754" /><trkpt lat="61.987386960" lon="25.387346547" /><trkpt lat="61.987392619" lon="25.387362368" /><trkpt lat="61.987398153" lon="25.387378219" /><trkpt lat="61.987403559" lon="25.387394108" /><trkpt lat="61.987408834" lon="25.387410038" /><trkpt lat="61.987413973" lon="25.387426015" /><trkpt lat="61.987418972" lon="25.387442045" /><trkpt lat="61.987423829" lon="25.387458133" /><trkpt lat="61.987428540" lon="25.387474283" /><trkpt lat="61.987433101" lon="25.387490500" /><trkpt lat="61.987437507" lon="25.387506791" /><trkpt lat="61.987441757" lon="25.387523161" /><trkpt lat="61.987445845" lon="25.387539613" /><trkpt lat="61.987449769" lon="25.387556155" /><trkpt lat="61.987453524" lon="25.387572790" /><trkpt lat="61.987457108" lon="25.387589524" /><trkpt lat="61.987460515" lon="25.387606362" /><trkpt lat="61.987463744" lon="25.387623310" /><trkpt lat="61.987466823" lon="25.387640135" /><trkpt lat="61.987469905" lon="25.387657221" /><trkpt lat="61.987472991" lon="25.387674554" /><trkpt lat="61.987476083" lon="25.387692120" /><trkpt lat="61.987479182" lon="25.387709904" /><trkpt lat="61.987482292" lon="25.387727890" /><trkpt lat="61.987485414" lon="25.387746066" /><trkpt lat="61.987488551" lon="25.387764416" /><trkpt lat="61.987491703" lon="25.387782926" /><trkpt lat="61.987494873" lon="25.387801582" /><trkpt lat="61.987498064" lon="25.387820368" /><trkpt lat="61.987501277" lon="25.387839270" /><trkpt lat="61.987504513" lon="25.387858274" /><trkpt lat="61.987507777" lon="25.387877366" /><trkpt lat="61.987511068" lon="25.387896530" /><trkpt lat="61.987514390" lon="25.387915753" /><trkpt lat="61.987517744" lon="25.387935019" /><trkpt lat="61.987521132" lon="25.387954315" /><trkpt lat="61.987524556" lon="25.387973625" /><trkpt lat="61.987528019" lon="25.387992935" /><trkpt lat="61.987531522" lon="25.388012231" /><trkpt lat="61.987535067" lon="25.388031499" /><trkpt lat="61.987538657" lon="25.388050723" /><trkpt lat="61.987542293" lon="25.388069889" /><trkpt lat="61.987545978" lon="25.388088982" /><trkpt lat="61.987549713" lon="25.388107989" /><trkpt lat="61.987553500" lon="25.388126895" /><trkpt lat="61.987557342" lon="25.388145684" /><trkpt lat="61.987561240" lon="25.388164344" /><trkpt lat="61.987565196" lon="25.388182858" /><trkpt lat="61.987569214" lon="25.388201213" /><trkpt lat="61.987573293" lon="25.388219394" /><trkpt lat="61.987577437" lon="25.388237386" /><trkpt lat="61.987581648" lon="25.388255175" /><trkpt lat="61.987585927" lon="25.388272747" /><trkpt lat="61.987590277" lon="25.388290087" /><trkpt lat="61.987594699" lon="25.388307181" /><trkpt lat="61.987599196" lon="25.388324013" /><trkpt lat="61.987603770" lon="25.388340570" /><trkpt lat="61.987608422" lon="25.388356837" /><trkpt lat="61.987613155" lon="25.388372799" /><trkpt lat="61.987617970" lon="25.388388442" /><trkpt lat="61.987622871" lon="25.388403752" /><trkpt lat="61.987627857" lon="25.388418713" /><trkpt lat="61.987632933" lon="25.388433312" /><trkpt lat="61.987638099" lon="25.388447534" /><trkpt lat="61.987643358" lon="25.388461364" /><trkpt lat="61.987648712" lon="25.388474788" /><trkpt lat="61.987654163" lon="25.388487791" /><trkpt lat="61.987659712" lon="25.388500360" /><trkpt lat="61.987665362" lon="25.388512478" /><trkpt lat="61.987671115" lon="25.388524132" /><trkpt lat="61.987676973" lon="25.388535308" /><trkpt lat="61.987682937" lon="25.388545990" /><trkpt lat="61.987687932" lon="25.388554720" /><trkpt lat="61.987693207" lon="25.388564083" /><trkpt lat="61.987698755" lon="25.388574060" /><trkpt lat="61.987704567" lon="25.388584631" /><trkpt lat="61.987710634" lon="25.388595777" /><trkpt lat="61.987716948" lon="25.388607479" /><trkpt lat="61.987723501" lon="25.388619717" /><trkpt lat="61.987730283" lon="25.388632472" /><trkpt lat="61.987737286" lon="25.388645724" /><trkpt lat="61.987744502" lon="25.388659455" /><trkpt lat="61.987751923" lon="25.388673644" /><trkpt lat="61.987759539" lon="25.388688273" /><trkpt lat="61.987767342" lon="25.388703322" /><trkpt lat="61.987775323" lon="25.388718771" /><trkpt lat="61.987783475" lon="25.388734602" /><trkpt lat="61.987791788" lon="25.388750795" /><trkpt lat="61.987800254" lon="25.388767330" /><trkpt lat="61.987808864" lon="25.388784188" /><trkpt lat="61.987817610" lon="25.388801351" /><trkpt lat="61.987826483" lon="25.388818797" /><trkpt lat="61.987835475" lon="25.388836509" /><trkpt lat="61.987844578" lon="25.388854467" /><trkpt lat="61.987853781" lon="25.388872651" /><trkpt lat="61.987863078" lon="25.388891041" /><trkpt lat="61.987872460" lon="25.388909620" /><trkpt lat="61.987881917" lon="25.388928366" /><trkpt lat="61.987891442" lon="25.388947262" /><trkpt lat="61.987901026" lon="25.388966287" /><trkpt lat="61.987910660" lon="25.388985422" /><trkpt lat="61.987920336" lon="25.389004648" /><trkpt lat="61.987930045" lon="25.389023945" /><trkpt lat="61.987939779" lon="25.389043294" /><trkpt lat="61.987949529" lon="25.389062676" /><trkpt lat="61.987959287" lon="25.389082072" /><trkpt lat="61.987969044" lon="25.389101461" /><trkpt lat="61.987978791" lon="25.389120824" /><trkpt lat="61.987988520" lon="25.389140143" /><trkpt lat="61.987998223" lon="25.389159398" /><trkpt lat="61.988007891" lon="25.389178568" /><trkpt lat="61.988017515" lon="25.389197636" /><trkpt lat="61.988027087" lon="25.389216582" /><trkpt lat="61.988036599" lon="25.389235386" /><trkpt lat="61.988046041" lon="25.389254029" /><trkpt lat="61.988055405" lon="25.389272492" /><trkpt lat="61.988064683" lon="25.389290754" /><trkpt lat="61.988073866" lon="25.389308798" /><trkpt lat="61.988082945" lon="25.389326603" /><trkpt lat="61.988091913" lon="25.389344150" /><trkpt lat="61.988100760" lon="25.389361420" /><trkpt lat="61.988109478" lon="25.389378393" /><trkpt lat="61.988118058" lon="25.389395050" /><trkpt lat="61.988126492" lon="25.389411372" /><trkpt lat="61.988134772" lon="25.389427339" /><trkpt lat="61.988142888" lon="25.389442932" /><trkpt lat="61.988150832" lon="25.389458131" /><trkpt lat="61.988158596" lon="25.389472918" /><trkpt lat="61.988166171" lon="25.389487272" /><trkpt lat="61.988173549" lon="25.389501175" /><trkpt lat="61.988180721" lon="25.389514606" /><trkpt lat="61.988187678" lon="25.389527548" /><trkpt lat="61.988194413" lon="25.389539979" /><trkpt lat="61.988200915" lon="25.389551882" /><trkpt lat="61.988207178" lon="25.389563236" /><trkpt lat="61.988213191" lon="25.389574022" /><trkpt lat="61.988218948" lon="25.389584221" /><trkpt lat="61.988224439" lon="25.389593814" /><trkpt lat="61.988229655" lon="25.389602780" /><trkpt lat="61.988234406" lon="25.389611036" /><trkpt lat="61.988239339" lon="25.389619918" /><trkpt lat="61.988244451" lon="25.389629405" /><trkpt lat="61.988249739" lon="25.389639476" /><trkpt lat="61.988255200" lon="25.389650111" /><trkpt lat="61.988260833" lon="25.389661290" /><trkpt lat="61.988266634" lon="25.389672991" /><trkpt lat="61.988272600" lon="25.389685194" /><trkpt lat="61.988278730" lon="25.389697879" /><trkpt lat="61.988285019" lon="25.389711024" /><trkpt lat="61.988291467" lon="25.389724610" /><trkpt lat="61.988298069" lon="25.389738615" /><trkpt lat="61.988304823" lon="25.389753019" /><trkpt lat="61.988311727" lon="25.389767802" /><trkpt lat="61.988318778" lon="25.389782943" /><trkpt lat="61.988325973" lon="25.389798421" /><trkpt lat="61.988333309" lon="25.389814215" /><trkpt lat="61.988340784" lon="25.389830306" /><trkpt lat="61.988348395" lon="25.389846672" /><trkpt lat="61.988356140" lon="25.389863293" /><trkpt lat="61.988364016" lon="25.389880148" /><trkpt lat="61.988372019" lon="25.389897216" /><trkpt lat="61.988380148" lon="25.389914478" /><trkpt lat="61.988388400" lon="25.389931912" /><trkpt lat="61.988396771" lon="25.389949498" /><trkpt lat="61.988405260" lon="25.389967215" /><trkpt lat="61.988413864" lon="25.389985043" /><trkpt lat="61.988422580" lon="25.390002961" /><trkpt lat="61.988431405" lon="25.390020948" /><trkpt lat="61.988440336" lon="25.390038984" /><trkpt lat="61.988449372" lon="25.390057049" /><trkpt lat="61.988458509" lon="25.390075121" /><trkpt lat="61.988467744" lon="25.390093180" /><trkpt lat="61.988477075" lon="25.390111205" /><trkpt lat="61.988486500" lon="25.390129176" /><trkpt lat="61.988496015" lon="25.390147072" /><trkpt lat="61.988505618" lon="25.390164873" /><trkpt lat="61.988515306" lon="25.390182558" /><trkpt lat="61.988525076" lon="25.390200106" /><trkpt lat="61.988534927" lon="25.390217498" /><trkpt lat="61.988544854" lon="25.390234711" /><trkpt lat="61.988554856" lon="25.390251726" /><trkpt lat="61.988564930" lon="25.390268522" /><trkpt lat="61.988575073" lon="25.390285078" /><trkpt lat="61.988585282" lon="25.390301374" /><trkpt lat="61.988595555" lon="25.390317389" /><trkpt lat="61.988605889" lon="25.390333103" /><trkpt lat="61.988616281" lon="25.390348495" /><trkpt lat="61.988626729" lon="25.390363544" /><trkpt lat="61.988637230" lon="25.390378230" /><trkpt lat="61.988647782" lon="25.390392532" /><trkpt lat="61.988658381" lon="25.390406430" /><trkpt lat="61.988669025" lon="25.390419903" /><trkpt lat="61.988679711" lon="25.390432930" /><trkpt lat="61.988690437" lon="25.390445491" /><trkpt lat="61.988701199" lon="25.390457565" /><trkpt lat="61.988711996" lon="25.390469132" /><trkpt lat="61.988722825" lon="25.390480170" /><trkpt lat="61.988733682" lon="25.390490660" /><trkpt lat="61.988744566" lon="25.390500581" /><trkpt lat="61.988755473" lon="25.390509912" /><trkpt lat="61.988766401" lon="25.390518632" /><trkpt lat="61.988777347" lon="25.390526722" /><trkpt lat="61.988788308" lon="25.390534159" /><trkpt lat="61.988799283" lon="25.390540925" /><trkpt lat="61.988810267" lon="25.390546997" /><trkpt lat="61.988821259" lon="25.390552357" /><trkpt lat="61.988832255" lon="25.390556982" /><trkpt lat="61.988843254" lon="25.390560852" /><trkpt lat="61.988854252" lon="25.390563947" /><trkpt lat="61.988865247" lon="25.390566247" /><trkpt lat="61.988876235" lon="25.390567730" /><trkpt lat="61.988887215" lon="25.390568376" /><trkpt lat="61.988902273" lon="25.390568423" /><trkpt lat="61.988917213" lon="25.390567961" /><trkpt lat="61.988932037" lon="25.390566997" /><trkpt lat="61.988946746" lon="25.390565539" /><trkpt lat="61.988961342" lon="25.390563593" /><trkpt lat="61.988975825" lon="25.390561165" /><trkpt lat="61.988990198" lon="25.390558264" /><trkpt lat="61.989004460" lon="25.390554895" /><trkpt lat="61.989018614" lon="25.390551066" /><trkpt lat="61.989032661" lon="25.390546784" /><trkpt lat="61.989046601" lon="25.390542055" /><trkpt lat="61.989060436" lon="25.390536887" /><trkpt lat="61.989074168" lon="25.390531286" /><trkpt lat="61.989087797" lon="25.390525259" /><trkpt lat="61.989101324" lon="25.390518814" /><trkpt lat="61.989114752" lon="25.390511957" /><trkpt lat="61.989128080" lon="25.390504695" /><trkpt lat="61.989141311" lon="25.390497034" /><trkpt lat="61.989154445" lon="25.390488983" /><trkpt lat="61.989167484" lon="25.390480548" /><trkpt lat="61.989180430" lon="25.390471735" /><trkpt lat="61.989193282" lon="25.390462552" /><trkpt lat="61.989206043" lon="25.390453005" /><trkpt lat="61.989218713" lon="25.390443103" /><trkpt lat="61.989231294" lon="25.390432850" /><trkpt lat="61.989243787" lon="25.390422255" /><trkpt lat="61.989256194" lon="25.390411324" /><trkpt lat="61.989268515" lon="25.390400064" /><trkpt lat="61.989280752" lon="25.390388482" /><trkpt lat="61.989292905" lon="25.390376585" /><trkpt lat="61.989304977" lon="25.390364381" /><trkpt lat="61.989316969" lon="25.390351875" /><trkpt lat="61.989328880" lon="25.390339075" /><trkpt lat="61.989340714" lon="25.390325987" /><trkpt lat="61.989352471" lon="25.390312619" /><trkpt lat="61.989364152" lon="25.390298978" /><trkpt lat="61.989375758" lon="25.390285070" /><trkpt lat="61.989387291" lon="25.390270902" /><trkpt lat="61.989398752" lon="25.390256482" /><trkpt lat="61.989410142" lon="25.390241815" /><trkpt lat="61.989421463" lon="25.390226910" /><trkpt lat="61.989432715" lon="25.390211773" /><trkpt lat="61.989443900" lon="25.390196411" /><trkpt lat="61.989455019" lon="25.390180831" /><trkpt lat="61.989466073" lon="25.390165039" /><trkpt lat="61.989477063" lon="25.390149044" /><trkpt lat="61.989487991" lon="25.390132851" /><trkpt lat="61.989498858" lon="25.390116467" /><trkpt lat="61.989509665" lon="25.390099900" /><trkpt lat="61.989520414" lon="25.390083156" /><trkpt lat="61.989531105" lon="25.390066242" /><trkpt lat="61.989541740" lon="25.390049166" /><trkpt lat="61.989552319" lon="25.390031934" /><trkpt lat="61.989564935" lon="25.390011427" /><trkpt lat="61.989577367" lon="25.389991603" /><trkpt lat="61.989589628" lon="25.389972464" /><trkpt lat="61.989601731" lon="25.389954011" /><trkpt lat="61.989613686" lon="25.389936245" /><trkpt lat="61.989625507" lon="25.389919169" /><trkpt lat="61.989637204" lon="25.389902784" /><trkpt lat="61.989648791" lon="25.389887090" /><trkpt lat="61.989660279" lon="25.389872091" /><trkpt lat="61.989671681" lon="25.389857787" /><trkpt lat="61.989683008" lon="25.389844179" /><trkpt lat="61.989694273" lon="25.389831270" /><trkpt lat="61.989705487" lon="25.389819060" /><trkpt lat="61.989716663" lon="25.389807552" /><trkpt lat="61.989727813" lon="25.389796747" /><trkpt lat="61.989738948" lon="25.389786646" /><trkpt lat="61.989750081" lon="25.389777250" /><trkpt lat="61.989761225" lon="25.389768562" /><trkpt lat="61.989772390" lon="25.389760583" /><trkpt lat="61.989783589" lon="25.389753315" /><trkpt lat="61.989794835" lon="25.389746758" /><trkpt lat="61.989806138" lon="25.389740914" /><trkpt lat="61.989817512" lon="25.389735785" /><trkpt lat="61.989828968" lon="25.389731373" /><trkpt lat="61.989840519" lon="25.389727679" /><trkpt lat="61.989852176" lon="25.389724704" /><trkpt lat="61.989863952" lon="25.389722450" /><trkpt lat="61.989875858" lon="25.389720918" /><trkpt lat="61.989887907" lon="25.389720111" /><trkpt lat="61.989900111" lon="25.389720029" /><trkpt lat="61.989912481" lon="25.389720674" /><trkpt lat="61.989925030" lon="25.389722047" /><trkpt lat="61.989937770" lon="25.389724150" /><trkpt lat="61.989950714" lon="25.389726985" /><trkpt lat="61.989963872" lon="25.389730553" /><trkpt lat="61.989977257" lon="25.389734855" /><trkpt lat="61.989990882" lon="25.389739894" /><trkpt lat="61.990004758" lon="25.389745670" /><trkpt lat="61.990018897" lon="25.389752185" /><trkpt lat="61.990033311" lon="25.389759441" /><trkpt lat="61.990048014" lon="25.389767438" /><trkpt lat="61.990063015" lon="25.389776180" /><trkpt lat="61.990078328" lon="25.389785666" /><trkpt lat="61.990093965" lon="25.389795899" /><trkpt lat="61.990106827" lon="25.389804337" /><trkpt lat="61.990119658" lon="25.389812382" /><trkpt lat="61.990132452" lon="25.389820061" /><trkpt lat="61.990145202" lon="25.389827402" /><trkpt lat="61.990157904" lon="25.389834432" /><trkpt lat="61.990170552" lon="25.389841177" /><trkpt lat="61.990183140" lon="25.389847664" /><trkpt lat="61.990195662" lon="25.389853921" /><trkpt lat="61.990208113" lon="25.389859974" /><trkpt lat="61.990220488" lon="25.389865851" /><trkpt lat="61.990232779" lon="25.389871578" /><trkpt lat="61.990244982" lon="25.389877182" /><trkpt lat="61.990257092" lon="25.389882691" /><trkpt lat="61.990269102" lon="25.389888131" /><trkpt lat="61.990281007" lon="25.389893530" /><trkpt lat="61.990292800" lon="25.389898913" /><trkpt lat="61.990304478" lon="25.389904309" /><trkpt lat="61.990316033" lon="25.389909744" /><trkpt lat="61.990327460" lon="25.389915246" /><trkpt lat="61.990338754" lon="25.389920840" /><trkpt lat="61.990349908" lon="25.389926555" /><trkpt lat="61.990360918" lon="25.389932417" /><trkpt lat="61.990371777" lon="25.389938453" /><trkpt lat="61.990382480" lon="25.389944690" /><trkpt lat="61.990393021" lon="25.389951156" /><trkpt lat="61.990403394" lon="25.389957876" /><trkpt lat="61.990413595" lon="25.389964879" /><trkpt lat="61.990423616" lon="25.389972190" /><trkpt lat="61.990433453" lon="25.389979838" /><trkpt lat="61.990443100" lon="25.389987848" /><trkpt lat="61.990452551" lon="25.389996249" /><trkpt lat="61.990461801" lon="25.390005067" /><trkpt lat="61.990470843" lon="25.390014328" /><trkpt lat="61.990479673" lon="25.390024061" /><trkpt lat="61.990488284" lon="25.390034291" /><trkpt lat="61.990496671" lon="25.390045047" /><trkpt lat="61.990504828" lon="25.390056354" /><trkpt lat="61.990512750" lon="25.390068240" /><trkpt lat="61.990520430" lon="25.390080732" /><trkpt lat="61.990527864" lon="25.390093857" /><trkpt lat="61.990535045" lon="25.390107642" /><trkpt lat="61.990541969" lon="25.390122113" /><trkpt lat="61.990548628" lon="25.390137299" /><trkpt lat="61.990555018" lon="25.390153225" /><trkpt lat="61.990561133" lon="25.390169919" /><trkpt lat="61.990566967" lon="25.390187407" /><trkpt lat="61.990572514" lon="25.390205717" /><trkpt lat="61.990577770" lon="25.390224876" /><trkpt lat="61.990582728" lon="25.390244911" /><trkpt lat="61.990587382" lon="25.390265848" /><trkpt lat="61.990591727" lon="25.390287715" /><trkpt lat="61.990595758" lon="25.390310538" /><trkpt lat="61.990599468" lon="25.390334346" /><trkpt lat="61.990602852" lon="25.390359163" /><trkpt lat="61.990604793" lon="25.390374485" /><trkpt lat="61.990606755" lon="25.390390046" /><trkpt lat="61.990608738" lon="25.390405840" /><trkpt lat="61.990610741" lon="25.390421862" /><trkpt lat="61.990612764" lon="25.390438104" /><trkpt lat="61.990614808" lon="25.390454559" /><trkpt lat="61.990616872" lon="25.390471223" /><trkpt lat="61.990618956" lon="25.390488087" /><trkpt lat="61.990621060" lon="25.390505145" /><trkpt lat="61.990623185" lon="25.390522392" /><trkpt lat="61.990625330" lon="25.390539820" /><trkpt lat="61.990627494" lon="25.390557423" /><trkpt lat="61.990629679" lon="25.390575194" /><trkpt lat="61.990631884" lon="25.390593127" /><trkpt lat="61.990634108" lon="25.390611216" /><trkpt lat="61.990636353" lon="25.390629454" /><trkpt lat="61.990638618" lon="25.390647835" /><trkpt lat="61.990640902" lon="25.390666351" /><trkpt lat="61.990643206" lon="25.390684997" /><trkpt lat="61.990645530" lon="25.390703766" /><trkpt lat="61.990647873" lon="25.390722652" /><trkpt lat="61.990650236" lon="25.390741648" /><trkpt lat="61.990652619" lon="25.390760747" /><trkpt lat="61.990655021" lon="25.390779943" /><trkpt lat="61.990657443" lon="25.390799230" /><trkpt lat="61.990659885" lon="25.390818602" /><trkpt lat="61.990662345" lon="25.390838050" /><trkpt lat="61.990664826" lon="25.390857570" /><trkpt lat="61.990667325" lon="25.390877155" /><trkpt lat="61.990669844" lon="25.390896797" /><trkpt lat="61.990672382" lon="25.390916491" /><trkpt lat="61.990674940" lon="25.390936231" /><trkpt lat="61.990677516" lon="25.390956009" /><trkpt lat="61.990680112" lon="25.390975819" /><trkpt lat="61.990682727" lon="25.390995655" /><trkpt lat="61.990685361" lon="25.391015511" /><trkpt lat="61.990688014" lon="25.391035378" /><trkpt lat="61.990690686" lon="25.391055253" /><trkpt lat="61.990693377" lon="25.391075127" /><trkpt lat="61.990696087" lon="25.391094994" /><trkpt lat="61.990698815" lon="25.391114848" /><trkpt lat="61.990701563" lon="25.391134682" /><trkpt lat="61.990704329" lon="25.391154490" /><trkpt lat="61.990707114" lon="25.391174265" /><trkpt lat="61.990709918" lon="25.391194001" /><trkpt lat="61.990712741" lon="25.391213691" /><trkpt lat="61.990715582" lon="25.391233329" /><trkpt lat="61.990718441" lon="25.391252909" /><trkpt lat="61.990721319" lon="25.391272423" /><trkpt lat="61.990724216" lon="25.391291866" /><trkpt lat="61.990727131" lon="25.391311230" /><trkpt lat="61.990730065" lon="25.391330510" /><trkpt lat="61.990733017" lon="25.391349699" /><trkpt lat="61.990735987" lon="25.391368790" /><trkpt lat="61.990738975" lon="25.391387777" /><trkpt lat="61.990741982" lon="25.391406653" /><trkpt lat="61.990745007" lon="25.391425412" /><trkpt lat="61.990748050" lon="25.391444048" /><trkpt lat="61.990751111" lon="25.391462554" /><trkpt lat="61.990754191" lon="25.391480923" /><trkpt lat="61.990757288" lon="25.391499149" /><trkpt lat="61.990760404" lon="25.391517225" /><trkpt lat="61.990763537" lon="25.391535146" /><trkpt lat="61.990766688" lon="25.391552904" /><trkpt lat="61.990769857" lon="25.391570492" /><trkpt lat="61.990773044" lon="25.391587906" /><trkpt lat="61.990776249" lon="25.391605137" /><trkpt lat="61.990779471" lon="25.391622180" /><trkpt lat="61.990782712" lon="25.391639028" /><trkpt lat="61.990785969" lon="25.391655675" /><trkpt lat="61.990789245" lon="25.391672113" /><trkpt lat="61.990792538" lon="25.391688337" /><trkpt lat="61.990795849" lon="25.391704340" /><trkpt lat="61.990799177" lon="25.391720116" /><trkpt lat="61.990802522" lon="25.391735658" /><trkpt lat="61.990805885" lon="25.391750959" /><trkpt lat="61.990809266" lon="25.391766014" /><trkpt lat="61.990812663" lon="25.391780815" /><trkpt lat="61.990816078" lon="25.391795356" /><trkpt lat="61.990819510" lon="25.391809631" /><trkpt lat="61.990822960" lon="25.391823633" /><trkpt lat="61.990826426" lon="25.391837356" /><trkpt lat="61.990829910" lon="25.391850793" /><trkpt lat="61.990833411" lon="25.391863937" /><trkpt lat="61.990836929" lon="25.391876783" /><trkpt lat="61.990840464" lon="25.391889323" /><trkpt lat="61.990844016" lon="25.391901552" /><trkpt lat="61.990847584" lon="25.391913462" /><trkpt lat="61.990851170" lon="25.391925048" /><trkpt lat="61.990854772" lon="25.391936302" /><trkpt lat="61.990860068" lon="25.391952577" /><trkpt lat="61.990865469" lon="25.391969204" /><trkpt lat="61.990870969" lon="25.391986166" /><trkpt lat="61.990876564" lon="25.392003447" /><trkpt lat="61.990882248" lon="25.392021030" /><trkpt lat="61.990888016" lon="25.392038900" /><trkpt lat="61.990893863" lon="25.392057039" /><trkpt lat="61.990899784" lon="25.392075432" /><trkpt lat="61.990905774" lon="25.392094061" /><trkpt lat="61.990911826" lon="25.392112910" /><trkpt lat="61.990917937" lon="25.392131962" /><trkpt lat="61.990924100" lon="25.392151202" /><trkpt lat="61.990930312" lon="25.392170613" /><trkpt lat="61.990936565" lon="25.392190178" /><trkpt lat="61.990942856" lon="25.392209880" /><trkpt lat="61.990949180" lon="25.392229704" /><trkpt lat="61.990955530" lon="25.392249633" /><trkpt lat="61.990961901" lon="25.392269650" /><trkpt lat="61.990968290" lon="25.392289739" /><trkpt lat="61.990974689" lon="25.392309883" /><trkpt lat="61.990981095" lon="25.392330066" /><trkpt lat="61.990987501" lon="25.392350272" /><trkpt lat="61.990993903" lon="25.392370483" /><trkpt lat="61.991000296" lon="25.392390684" /><trkpt lat="61.991006674" lon="25.392410858" /><trkpt lat="61.991013032" lon="25.392430988" /><trkpt lat="61.991019365" lon="25.392451059" /><trkpt lat="61.991025667" lon="25.392471053" /><trkpt lat="61.991031935" lon="25.392490954" /><trkpt lat="61.991038161" lon="25.392510746" /><trkpt lat="61.991044341" lon="25.392530411" /><trkpt lat="61.991050471" lon="25.392549935" /><trkpt lat="61.991056544" lon="25.392569300" /><trkpt lat="61.991062555" lon="25.392588489" /><trkpt lat="61.991068500" lon="25.392607487" /><trkpt lat="61.991074373" lon="25.392626276" /><trkpt lat="61.991080168" lon="25.392644841" /><trkpt lat="61.991085882" lon="25.392663164" /><trkpt lat="61.991091508" lon="25.392681230" /><trkpt lat="61.991097041" lon="25.392699022" /><trkpt lat="61.991102476" lon="25.392716523" /><trkpt lat="61.991107808" lon="25.392733716" /><trkpt lat="61.991113032" lon="25.392750587" /><trkpt lat="61.991118142" lon="25.392767117" /><trkpt lat="61.991123134" lon="25.392783291" /><trkpt lat="61.991128001" lon="25.392799091" /><trkpt lat="61.991132740" lon="25.392814503" /><trkpt lat="61.991137344" lon="25.392829508" /><trkpt lat="61.991141809" lon="25.392844091" /><trkpt lat="61.991146128" lon="25.392858234" /><trkpt lat="61.991150298" lon="25.392871923" /><trkpt lat="61.991154313" lon="25.392885140" /><trkpt lat="61.991158168" lon="25.392897868" /><trkpt lat="61.991161857" lon="25.392910091" /><trkpt lat="61.991165375" lon="25.392921793" /><trkpt lat="61.991168717" lon="25.392932958" /><trkpt lat="61.991171878" lon="25.392943568" /><trkpt lat="61.991174853" lon="25.392953607" /><trkpt lat="61.991177637" lon="25.392963060" /><trkpt lat="61.991180223" lon="25.392971908" /><trkpt lat="61.991182608" lon="25.392980136" /><trkpt lat="61.991184785" lon="25.392987728" /><trkpt lat="61.991188019" lon="25.392999281" /><trkpt lat="61.991191286" lon="25.393011396" /><trkpt lat="61.991194572" lon="25.393024050" /><trkpt lat="61.991197865" lon="25.393037220" /><trkpt lat="61.991201150" lon="25.393050886" /><trkpt lat="61.991204414" lon="25.393065024" /><trkpt lat="61.991207643" lon="25.393079613" /><trkpt lat="61.991210824" lon="25.393094630" /><trkpt lat="61.991213942" lon="25.393110054" /><trkpt lat="61.991216984" lon="25.393125862" /><trkpt lat="61.991219936" lon="25.393142032" /><trkpt lat="61.991222785" lon="25.393158542" /><trkpt lat="61.991225516" lon="25.393175370" /><trkpt lat="61.991228117" lon="25.393192493" /><trkpt lat="61.991230573" lon="25.393209890" /><trkpt lat="61.991232871" lon="25.393227539" /><trkpt lat="61.991234997" lon="25.393245417" /><trkpt lat="61.991236938" lon="25.393263502" /><trkpt lat="61.991238679" lon="25.393281772" /><trkpt lat="61.991240207" lon="25.393300205" /><trkpt lat="61.991241509" lon="25.393318779" /><trkpt lat="61.991242569" lon="25.393337472" /><trkpt lat="61.991243376" lon="25.393356261" /><trkpt lat="61.991243915" lon="25.393375125" /><trkpt lat="61.991244173" lon="25.393394041" /><trkpt lat="61.991244135" lon="25.393412987" /><trkpt lat="61.991243789" lon="25.393431941" /><trkpt lat="61.991243119" lon="25.393450881" /><trkpt lat="61.991242114" lon="25.393469785" /><trkpt lat="61.991240758" lon="25.393488631" /><trkpt lat="61.991239039" lon="25.393507396" /><trkpt lat="61.991236942" lon="25.393526058" /><trkpt lat="61.991234455" lon="25.393544596" /><trkpt lat="61.991231562" lon="25.393562987" /><trkpt lat="61.991228251" lon="25.393581209" /><trkpt lat="61.991224508" lon="25.393599240" /><trkpt lat="61.991220319" lon="25.393617057" /><trkpt lat="61.991215670" lon="25.393634639" /><trkpt lat="61.991210548" lon="25.393651964" /><trkpt lat="61.991204939" lon="25.393669009" /><trkpt lat="61.991200876" lon="25.393680653" /><trkpt lat="61.991196632" lon="25.393692667" /><trkpt lat="61.991192216" lon="25.393705040" /><trkpt lat="61.991187632" lon="25.393717763" /><trkpt lat="61.991182888" lon="25.393730827" /><trkpt lat="61.991177991" lon="25.393744221" /><trkpt lat="61.991172947" lon="25.393757935" /><trkpt lat="61.991167762" lon="25.393771961" /><trkpt lat="61.991162444" lon="25.393786288" /><trkpt lat="61.991156998" lon="25.393800907" /><trkpt lat="61.991151432" lon="25.393815808" /><trkpt lat="61.991145752" lon="25.393830981" /><trkpt lat="61.991139965" lon="25.393846416" /><trkpt lat="61.991134078" lon="25.393862104" /><trkpt lat="61.991128096" lon="25.393878036" /><trkpt lat="61.991122027" lon="25.393894200" /><trkpt lat="61.991115877" lon="25.393910589" /><trkpt lat="61.991109653" lon="25.393927191" /><trkpt lat="61.991103362" lon="25.393943997" /><trkpt lat="61.991097010" lon="25.393960998" /><trkpt lat="61.991090603" lon="25.393978184" /><trkpt lat="61.991084149" lon="25.393995545" /><trkpt lat="61.991077654" lon="25.394013071" /><trkpt lat="61.991071125" lon="25.394030752" /><trkpt lat="61.991064567" lon="25.394048580" /><trkpt lat="61.991057989" lon="25.394066544" /><trkpt lat="61.991051396" lon="25.394084634" /><trkpt lat="61.991044796" lon="25.394102841" /><trkpt lat="61.991038194" lon="25.394121155" /><trkpt lat="61.991031597" lon="25.394139566" /><trkpt lat="61.991025013" lon="25.394158065" /><trkpt lat="61.991018447" lon="25.394176642" /><trkpt lat="61.991011906" lon="25.394195287" /><trkpt lat="61.991005397" lon="25.394213991" /><trkpt lat="61.990998927" lon="25.394232743" /><trkpt lat="61.990992501" lon="25.394251534" /><trkpt lat="61.990986128" lon="25.394270355" /><trkpt lat="61.990979813" lon="25.394289195" /><trkpt lat="61.990973563" lon="25.394308045" /><trkpt lat="61.990967384" lon="25.394326895" /><trkpt lat="61.990961284" lon="25.394345736" /><trkpt lat="61.990955268" lon="25.394364557" /><trkpt lat="61.990949344" lon="25.394383349" /><trkpt lat="61.990943518" lon="25.394402103" /><trkpt lat="61.990937797" lon="25.394420808" /><trkpt lat="61.990932187" lon="25.394439455" /><trkpt lat="61.990926696" lon="25.394458035" /><trkpt lat="61.990921328" lon="25.394476536" /><trkpt lat="61.990916092" lon="25.394494951" /><trkpt lat="61.990910994" lon="25.394513268" /><trkpt lat="61.990906041" lon="25.394531479" /><trkpt lat="61.990901238" lon="25.394549573" /><trkpt lat="61.990896593" lon="25.394567541" /><trkpt lat="61.990892113" lon="25.394585373" /><trkpt lat="61.990887803" lon="25.394603059" /><trkpt lat="61.990883671" lon="25.394620591" /><trkpt lat="61.990879723" lon="25.394637957" /><trkpt lat="61.990875966" lon="25.394655148" /><trkpt lat="61.990872407" lon="25.394672155" /><trkpt lat="61.990869385" lon="25.394686932" /><trkpt lat="61.990866323" lon="25.394701912" /><trkpt lat="61.990863223" lon="25.394717090" /><trkpt lat="61.990860086" lon="25.394732461" /><trkpt lat="61.990856916" lon="25.394748019" /><trkpt lat="61.990853713" lon="25.394763758" /><trkpt lat="61.990850481" lon="25.394779674" /><trkpt lat="61.990847221" lon="25.394795761" /><trkpt lat="61.990843935" lon="25.394812013" /><trkpt lat="61.990840626" lon="25.394828425" /><trkpt lat="61.990837296" lon="25.394844992" /><trkpt lat="61.990833947" lon="25.394861707" /><trkpt lat="61.990830580" lon="25.394878567" /><trkpt lat="61.990827198" lon="25.394895564" /><trkpt lat="61.990823804" lon="25.394912695" /><trkpt lat="61.990820398" lon="25.394929953" /><trkpt lat="61.990816984" lon="25.394947333" /><trkpt lat="61.990813564" lon="25.394964830" /><trkpt lat="61.990810139" lon="25.394982438" /><trkpt lat="61.990806712" lon="25.395000151" /><trkpt lat="61.990803284" lon="25.395017965" /><trkpt lat="61.990799859" lon="25.395035874" /><trkpt lat="61.990796437" lon="25.395053872" /><trkpt lat="61.990793022" lon="25.395071955" /><trkpt lat="61.990789615" lon="25.395090116" /><trkpt lat="61.990786218" lon="25.395108350" /><trkpt lat="61.990782834" lon="25.395126652" /><trkpt lat="61.990779464" lon="25.395145016" /><trkpt lat="61.990776112" lon="25.395163437" /><trkpt lat="61.990772778" lon="25.395181910" /><trkpt lat="61.990769465" lon="25.395200428" /><trkpt lat="61.990766175" lon="25.395218988" /><trkpt lat="61.990762910" lon="25.395237582" /><trkpt lat="61.990759672" lon="25.395256206" /><trkpt lat="61.990756464" lon="25.395274855" /><trkpt lat="61.990753288" lon="25.395293523" /><trkpt lat="61.990750145" lon="25.395312204" /><trkpt lat="61.990747038" lon="25.395330893" /><trkpt lat="61.990743969" lon="25.395349585" /><trkpt lat="61.990740940" lon="25.395368274" /><trkpt lat="61.990737952" lon="25.395386955" /><trkpt lat="61.990735010" lon="25.395405622" /><trkpt lat="61.990732113" lon="25.395424271" /><trkpt lat="61.990729265" lon="25.395442894" /><trkpt lat="61.990726467" lon="25.395461488" /><trkpt lat="61.990723723" lon="25.395480047" /><trkpt lat="61.990721033" lon="25.395498565" /><trkpt lat="61.990718399" lon="25.395517036" /><trkpt lat="61.990715825" lon="25.395535457" /><trkpt lat="61.990713312" lon="25.395553820" /><trkpt lat="61.990710863" lon="25.395572120" /><trkpt lat="61.990708479" lon="25.395590353" /><trkpt lat="61.990706162" lon="25.395608513" /><trkpt lat="61.990703915" lon="25.395626593" /><trkpt lat="61.990701739" lon="25.395644590" /><trkpt lat="61.990699637" lon="25.395662497" /><trkpt lat="61.990697612" lon="25.395680309" /><trkpt lat="61.990695664" lon="25.395698021" /><trkpt lat="61.990693797" lon="25.395715627" /><trkpt lat="61.990692012" lon="25.395733121" /><trkpt lat="61.990690311" lon="25.395750499" /><trkpt lat="61.990688697" lon="25.395767755" /><trkpt lat="61.990687171" lon="25.395784883" /><trkpt lat="61.990685736" lon="25.395801878" /><trkpt lat="61.990684395" lon="25.395818735" /><trkpt lat="61.990683148" lon="25.395835448" /><trkpt lat="61.990681998" lon="25.395852012" /><trkpt lat="61.990680947" lon="25.395868421" /><trkpt lat="61.990679895" lon="25.395886989" /><trkpt lat="61.990679001" lon="25.395905675" /><trkpt lat="61.990678263" lon="25.395924471" /><trkpt lat="61.990677675" lon="25.395943368" /><trkpt lat="61.990677233" lon="25.395962360" /><trkpt lat="61.990676932" lon="25.395981438" /><trkpt lat="61.990676767" lon="25.396000595" /><trkpt lat="61.990676736" lon="25.396019823" /><trkpt lat="61.990676832" lon="25.396039114" /><trkpt lat="61.990677052" lon="25.396058460" /><trkpt lat="61.990677390" lon="25.396077854" /><trkpt lat="61.990677844" lon="25.396097288" /><trkpt lat="61.990678407" lon="25.396116754" /><trkpt lat="61.990679075" lon="25.396136245" /><trkpt lat="61.990679845" lon="25.396155752" /><trkpt lat="61.990680711" lon="25.396175268" /><trkpt lat="61.990681670" lon="25.396194786" /><trkpt lat="61.990682716" lon="25.396214297" /><trkpt lat="61.990683845" lon="25.396233793" /><trkpt lat="61.990685053" lon="25.396253268" /><trkpt lat="61.990686335" lon="25.396272713" /><trkpt lat="61.990687686" lon="25.396292120" /><trkpt lat="61.990689103" lon="25.396311482" /><trkpt lat="61.990690581" lon="25.396330791" /><trkpt lat="61.990692115" lon="25.396350039" /><trkpt lat="61.990693700" lon="25.396369218" /><trkpt lat="61.990695333" lon="25.396388321" /><trkpt lat="61.990697009" lon="25.396407340" /><trkpt lat="61.990698723" lon="25.396426268" /><trkpt lat="61.990700471" lon="25.396445096" /><trkpt lat="61.990702248" lon="25.396463816" /><trkpt lat="61.990704051" lon="25.396482422" /><trkpt lat="61.990705874" lon="25.396500904" /><trkpt lat="61.990707712" lon="25.396519256" /><trkpt lat="61.990709562" lon="25.396537470" /><trkpt lat="61.990711420" lon="25.396555538" /><trkpt lat="61.990713279" lon="25.396573452" /><trkpt lat="61.990715137" lon="25.396591205" /><trkpt lat="61.990716988" lon="25.396608788" /><trkpt lat="61.990718829" lon="25.396626194" /><trkpt lat="61.990720654" lon="25.396643416" /><trkpt lat="61.990722459" lon="25.396660445" /><trkpt lat="61.990724239" lon="25.396677273" /><trkpt lat="61.990725991" lon="25.396693894" /><trkpt lat="61.990727710" lon="25.396710299" /><trkpt lat="61.990729391" lon="25.396726480" /><trkpt lat="61.990731029" lon="25.396742430" /><trkpt lat="61.990732621" lon="25.396758142" /><trkpt lat="61.990734162" lon="25.396773606" /><trkpt lat="61.990735647" lon="25.396788816" /><trkpt lat="61.990737071" lon="25.396803763" /><trkpt lat="61.990738431" lon="25.396818441" /><trkpt lat="61.990739722" lon="25.396832841" /><trkpt lat="61.990740940" lon="25.396846955" /><trkpt lat="61.990742079" lon="25.396860776" /><trkpt lat="61.990743135" lon="25.396874296" /><trkpt lat="61.990744105" lon="25.396887507" /><trkpt lat="61.990744983" lon="25.396900402" /><trkpt lat="61.990745765" lon="25.396912972" /><trkpt lat="61.990746447" lon="25.396925211" /><trkpt lat="61.990747333" lon="25.396942383" /><trkpt lat="61.990748192" lon="25.396959421" /><trkpt lat="61.990749021" lon="25.396976339" /><trkpt lat="61.990749818" lon="25.396993149" /><trkpt lat="61.990750581" lon="25.397009863" /><trkpt lat="61.990751309" lon="25.397026494" /><trkpt lat="61.990751998" lon="25.397043054" /><trkpt lat="61.990752648" lon="25.397059557" /><trkpt lat="61.990753255" lon="25.397076015" /><trkpt lat="61.990753818" lon="25.397092440" /><trkpt lat="61.990754336" lon="25.397108845" /><trkpt lat="61.990754805" lon="25.397125243" /><trkpt lat="61.990755224" lon="25.397141646" /><trkpt lat="61.990755590" lon="25.397158066" /><trkpt lat="61.990755903" lon="25.397174518" /><trkpt lat="61.990756159" lon="25.397191012" /><trkpt lat="61.990756357" lon="25.397207562" /><trkpt lat="61.990756494" lon="25.397224180" /><trkpt lat="61.990756569" lon="25.397240878" /><trkpt lat="61.990756579" lon="25.397257670" /><trkpt lat="61.990756523" lon="25.397274569" /><trkpt lat="61.990756399" lon="25.397291585" /><trkpt lat="61.990756204" lon="25.397308733" /><trkpt lat="61.990755936" lon="25.397326025" /><trkpt lat="61.990755593" lon="25.397343473" /><trkpt lat="61.990755174" lon="25.397361091" /><trkpt lat="61.990754676" lon="25.397378889" /><trkpt lat="61.990754098" lon="25.397396882" /><trkpt lat="61.990753436" lon="25.397415082" /><trkpt lat="61.990752690" lon="25.397433501" /><trkpt lat="61.990751856" lon="25.397452152" /><trkpt lat="61.990750934" lon="25.397471048" /><trkpt lat="61.990749921" lon="25.397490201" /><trkpt lat="61.990748814" lon="25.397509624" /><trkpt lat="61.990747613" lon="25.397529329" /><trkpt lat="61.990746314" lon="25.397549329" /><trkpt lat="61.990744917" lon="25.397569637" /><trkpt lat="61.990743418" lon="25.397590264" /><trkpt lat="61.990741816" lon="25.397611225" /><trkpt lat="61.990740108" lon="25.397632531" /><trkpt lat="61.990738294" lon="25.397654195" /><trkpt lat="61.990736370" lon="25.397676229" /><trkpt lat="61.990734379" lon="25.397698095" /><trkpt lat="61.990732374" lon="25.397719266" /><trkpt lat="61.990730366" lon="25.397739779" /><trkpt lat="61.990728364" lon="25.397759671" /><trkpt lat="61.990726381" lon="25.397778978" /><trkpt lat="61.990724427" lon="25.397797734" /><trkpt lat="61.990722514" lon="25.397815978" /><trkpt lat="61.990720652" lon="25.397833743" /><trkpt lat="61.990718853" lon="25.397851068" /><trkpt lat="61.990717127" lon="25.397867987" /><trkpt lat="61.990715485" lon="25.397884536" /><trkpt lat="61.990713939" lon="25.397900753" /><trkpt lat="61.990712500" lon="25.397916672" /><trkpt lat="61.990711178" lon="25.397932331" /><trkpt lat="61.990709984" lon="25.397947764" /><trkpt lat="61.990708930" lon="25.397963008" /><trkpt lat="61.990708027" lon="25.397978100" /><trkpt lat="61.990707285" lon="25.397993074" /><trkpt lat="61.990706716" lon="25.398007968" /><trkpt lat="61.990706330" lon="25.398022817" /><trkpt lat="61.990706139" lon="25.398037657" /><trkpt lat="61.990706154" lon="25.398052525" /><trkpt lat="61.990706385" lon="25.398067456" /><trkpt lat="61.990706844" lon="25.398082486" /><trkpt lat="61.990707542" lon="25.398097652" /><trkpt lat="61.990708490" lon="25.398112990" /><trkpt lat="61.990709698" lon="25.398128536" /><trkpt lat="61.990711178" lon="25.398144325" /><trkpt lat="61.990712940" lon="25.398160393" /><trkpt lat="61.990714997" lon="25.398176778" /><trkpt lat="61.990717358" lon="25.398193515" /><trkpt lat="61.990720035" lon="25.398210639" /><trkpt lat="61.990723039" lon="25.398228188" /><trkpt lat="61.990726381" lon="25.398246196" /><trkpt lat="61.990730072" lon="25.398264701" /><trkpt lat="61.990734122" lon="25.398283738" /><trkpt lat="61.990738544" lon="25.398303343" /><trkpt lat="61.990743347" lon="25.398323553" /><trkpt lat="61.990748544" lon="25.398344403" /><trkpt lat="61.990754144" lon="25.398365929" /><trkpt lat="61.990760159" lon="25.398388167" /><trkpt lat="61.990766600" lon="25.398411155" /><trkpt lat="61.990771868" lon="25.398429694" /><trkpt lat="61.990777119" lon="25.398448263" /><trkpt lat="61.990782351" lon="25.398466857" /><trkpt lat="61.990787565" lon="25.398485473" /><trkpt lat="61.990792758" lon="25.398504106" /><trkpt lat="61.990797930" lon="25.398522752" /><trkpt lat="61.990803079" lon="25.398541407" /><trkpt lat="61.990808206" lon="25.398560065" /><trkpt lat="61.990813308" lon="25.398578723" /><trkpt lat="61.990818385" lon="25.398597377" /><trkpt lat="61.990823435" lon="25.398616022" /><trkpt lat="61.990828458" lon="25.398634654" /><trkpt lat="61.990833453" lon="25.398653268" /><trkpt lat="61.990838419" lon="25.398671860" /><trkpt lat="61.990843354" lon="25.398690426" /><trkpt lat="61.990848258" lon="25.398708962" /><trkpt lat="61.990853129" lon="25.398727463" /><trkpt lat="61.990857967" lon="25.398745924" /><trkpt lat="61.990862771" lon="25.398764343" /><trkpt lat="61.990867539" lon="25.398782713" /><trkpt lat="61.990872271" lon="25.398801031" /><trkpt lat="61.990876965" lon="25.398819293" /><trkpt lat="61.990881621" lon="25.398837495" /><trkpt lat="61.990886237" lon="25.398855631" /><trkpt lat="61.990890813" lon="25.398873697" /><trkpt lat="61.990895347" lon="25.398891690" /><trkpt lat="61.990899839" lon="25.398909605" /><trkpt lat="61.990904287" lon="25.398927438" /><trkpt lat="61.990908691" lon="25.398945184" /><trkpt lat="61.990913049" lon="25.398962839" /><trkpt lat="61.990917360" lon="25.398980398" /><trkpt lat="61.990921624" lon="25.398997858" /><trkpt lat="61.990925839" lon="25.399015214" /><trkpt lat="61.990930005" lon="25.399032461" /><trkpt lat="61.990934120" lon="25.399049596" /><trkpt lat="61.990938183" lon="25.399066614" /><trkpt lat="61.990942193" lon="25.399083511" /><trkpt lat="61.990946150" lon="25.399100282" /><trkpt lat="61.990950052" lon="25.399116923" /><trkpt lat="61.990953898" lon="25.399133430" /><trkpt lat="61.990957688" lon="25.399149798" /><trkpt lat="61.990961420" lon="25.399166024" /><trkpt lat="61.990965093" lon="25.399182102" /><trkpt lat="61.990968706" lon="25.399198029" /><trkpt lat="61.990972258" lon="25.399213799" /><trkpt lat="61.990975749" lon="25.399229410" /><trkpt lat="61.990979177" lon="25.399244856" /><trkpt lat="61.990982540" lon="25.399260133" /><trkpt lat="61.990985839" lon="25.399275237" /><trkpt lat="61.990989073" lon="25.399290163" /><trkpt lat="61.990992239" lon="25.399304908" /><trkpt lat="61.990995337" lon="25.399319467" /><trkpt lat="61.990998366" lon="25.399333835" /><trkpt lat="61.991002876" lon="25.399355366" /><trkpt lat="61.991007336" lon="25.399376732" /><trkpt lat="61.991011745" lon="25.399397928" /><trkpt lat="61.991016102" lon="25.399418945" /><trkpt lat="61.991020407" lon="25.399439778" /><trkpt lat="61.991024660" lon="25.399460419" /><trkpt lat="61.991028858" lon="25.399480863" /><trkpt lat="61.991033003" lon="25.399501101" /><trkpt lat="61.991037093" lon="25.399521127" /><trkpt lat="61.991041126" lon="25.399540936" /><trkpt lat="61.991045104" lon="25.399560519" /><trkpt lat="61.991049024" lon="25.399579869" /><trkpt lat="61.991052886" lon="25.399598982" /><trkpt lat="61.991056690" lon="25.399617848" /><trkpt lat="61.991060435" lon="25.399636463" /><trkpt lat="61.991064120" lon="25.399654818" /><trkpt lat="61.991067744" lon="25.399672908" /><trkpt lat="61.991071307" lon="25.399690725" /><trkpt lat="61.991074808" lon="25.399708263" /><trkpt lat="61.991078246" lon="25.399725515" /><trkpt lat="61.991081620" lon="25.399742475" /><trkpt lat="61.991084931" lon="25.399759134" /><trkpt lat="61.991088176" lon="25.399775488" /><trkpt lat="61.991091356" lon="25.399791528" /><trkpt lat="61.991094470" lon="25.399807248" /><trkpt lat="61.991097516" lon="25.399822642" /><trkpt lat="61.991100495" lon="25.399837703" /><trkpt lat="61.991103406" lon="25.399852424" /><trkpt lat="61.991106248" lon="25.399866797" /><trkpt lat="61.991109019" lon="25.399880818" /><trkpt lat="61.991111720" lon="25.399894477" /><trkpt lat="61.991114350" lon="25.399907770" /><trkpt lat="61.991116909" lon="25.399920689" /><trkpt lat="61.991119394" lon="25.399933227" /><trkpt lat="61.991121806" lon="25.399945378" /><trkpt lat="61.991124377" lon="25.399959074" /><trkpt lat="61.991126549" lon="25.399972262" /><trkpt lat="61.991128328" lon="25.399984936" /><trkpt lat="61.991129720" lon="25.399997087" /><trkpt lat="61.991130728" lon="25.400008708" /><trkpt lat="61.991131359" lon="25.400019794" /><trkpt lat="61.991131617" lon="25.400030335" /><trkpt lat="61.991131507" lon="25.400040326" /><trkpt lat="61.991131034" lon="25.400049759" /><trkpt lat="61.991130203" lon="25.400058627" /><trkpt lat="61.991129020" lon="25.400066923" /><trkpt lat="61.991127489" lon="25.400074639" /><trkpt lat="61.991125616" lon="25.400081769" /><trkpt lat="61.991123405" lon="25.400088305" /><trkpt lat="61.991120861" lon="25.400094241" /><trkpt lat="61.991117990" lon="25.400099568" /><trkpt lat="61.991114797" lon="25.400104281" /><trkpt lat="61.991111286" lon="25.400108371" /><trkpt lat="61.991107463" lon="25.400111831" /><trkpt lat="61.991103332" lon="25.400114655" /><trkpt lat="61.991098899" lon="25.400116836" /><trkpt lat="61.991094169" lon="25.400118365" /><trkpt lat="61.991089147" lon="25.400119237" /><trkpt lat="61.991083837" lon="25.400119443" /><trkpt lat="61.991078245" lon="25.400118977" /><trkpt lat="61.991072376" lon="25.400117831" /><trkpt lat="61.991066236" lon="25.400115999" /><trkpt lat="61.991059828" lon="25.400113473" /><trkpt lat="61.991053158" lon="25.400110246" /><trkpt lat="61.991046231" lon="25.400106311" /><trkpt lat="61.991038985" lon="25.400101863" /><trkpt lat="61.991031363" lon="25.400097122" /><trkpt lat="61.991023372" lon="25.400092117" /><trkpt lat="61.991015021" lon="25.400086875" /><trkpt lat="61.991006320" lon="25.400081426" /><trkpt lat="61.990997278" lon="25.400075798" /><trkpt lat="61.990987903" lon="25.400070020" /><trkpt lat="61.990978205" lon="25.400064120" /><trkpt lat="61.990968191" lon="25.400058128" /><trkpt lat="61.990957873" lon="25.400052071" /><trkpt lat="61.990947257" lon="25.400045978" /><trkpt lat="61.990936354" lon="25.400039878" /><trkpt lat="61.990925172" lon="25.400033799" /><trkpt lat="61.990913720" lon="25.400027771" /><trkpt lat="61.990902007" lon="25.400021821" /><trkpt lat="61.990890042" lon="25.400015979" /><trkpt lat="61.990877835" lon="25.400010272" /><trkpt lat="61.990865393" lon="25.400004730" /><trkpt lat="61.990852726" lon="25.399999381" /><trkpt lat="61.990839844" lon="25.399994254" /><trkpt lat="61.990826754" lon="25.399989377" /><trkpt lat="61.990813466" lon="25.399984779" /><trkpt lat="61.990799988" lon="25.399980489" /><trkpt lat="61.990786331" lon="25.399976535" /><trkpt lat="61.990772502" lon="25.399972945" /><trkpt lat="61.990758510" lon="25.399969749" /><trkpt lat="61.990744366" lon="25.399966975" /><trkpt lat="61.990730077" lon="25.399964652" /><trkpt lat="61.990715652" lon="25.399962808" /><trkpt lat="61.990701101" lon="25.399961472" /><trkpt lat="61.990688707" lon="25.399960435" /><trkpt lat="61.990675893" lon="25.399959141" /><trkpt lat="61.990662681" lon="25.399957628" /><trkpt lat="61.990649096" lon="25.399955938" /><trkpt lat="61.990635159" lon="25.399954110" /><trkpt lat="61.990620894" lon="25.399952183" /><trkpt lat="61.990606324" lon="25.399950199" /><trkpt lat="61.990591472" lon="25.399948197" /><trkpt lat="61.990576360" lon="25.399946216" /><trkpt lat="61.990561013" lon="25.399944298" /><trkpt lat="61.990545452" lon="25.399942482" /><trkpt lat="61.990529701" lon="25.399940809" /><trkpt lat="61.990513782" lon="25.399939317" /><trkpt lat="61.990497720" lon="25.399938047" /><trkpt lat="61.990481536" lon="25.399937040" /><trkpt lat="61.990465255" lon="25.399936335" /><trkpt lat="61.990448898" lon="25.399935971" /><trkpt lat="61.990432489" lon="25.399935991" /><trkpt lat="61.990416050" lon="25.399936432" /><trkpt lat="61.990399606" lon="25.399937335" /><trkpt lat="61.990383178" lon="25.399938741" /><trkpt lat="61.990366791" lon="25.399940689" /><trkpt lat="61.990350466" lon="25.399943219" /><trkpt lat="61.990334227" lon="25.399946372" /><trkpt lat="61.990318097" lon="25.399950186" /><trkpt lat="61.990302098" lon="25.399954703" /><trkpt lat="61.990286255" lon="25.399959963" /><trkpt lat="61.990270589" lon="25.399966004" /><trkpt lat="61.990255124" lon="25.399972868" /><trkpt lat="61.990239883" lon="25.399980595" /><trkpt lat="61.990224889" lon="25.399989223" /><trkpt lat="61.990210165" lon="25.399998794" /><trkpt lat="61.990195734" lon="25.400009348" /><trkpt lat="61.990181619" lon="25.400020924" /><trkpt lat="61.990167842" lon="25.400033562" /><trkpt lat="61.990154427" lon="25.400047302" /><trkpt lat="61.990141079" lon="25.400061902" /><trkpt lat="61.990128231" lon="25.400076287" /><trkpt lat="61.990115862" lon="25.400090481" /><trkpt lat="61.990103954" lon="25.400104506" /><trkpt lat="61.990092489" lon="25.400118385" /><trkpt lat="61.990081447" lon="25.400132140" /><trkpt lat="61.990070808" lon="25.400145793" /><trkpt lat="61.990060555" lon="25.400159368" /><trkpt lat="61.990050667" lon="25.400172886" /><trkpt lat="61.990041127" lon="25.400186370" /><trkpt lat="61.990031914" lon="25.400199844" /><trkpt lat="61.990023010" lon="25.400213328" /><trkpt lat="61.990014396" lon="25.400226847" /><trkpt lat="61.990006053" lon="25.400240421" /><trkpt lat="61.989997962" lon="25.400254075" /><trkpt lat="61.989990103" lon="25.400267830" /><trkpt lat="61.989982457" lon="25.400281708" /><trkpt lat="61.989975007" lon="25.400295733" /><trkpt lat="61.989967732" lon="25.400309927" /><trkpt lat="61.989960613" lon="25.400324313" /><trkpt lat="61.989953632" lon="25.400338912" /><trkpt lat="61.989946769" lon="25.400353748" /><trkpt lat="61.989940006" lon="25.400368843" /><trkpt lat="61.989933323" lon="25.400384219" /><trkpt lat="61.989926702" lon="25.400399899" /><trkpt lat="61.989920123" lon="25.400415906" /><trkpt lat="61.989913567" lon="25.400432262" /><trkpt lat="61.989907015" lon="25.400448990" /><trkpt lat="61.989900449" lon="25.400466112" /><trkpt lat="61.989893849" lon="25.400483650" /><trkpt lat="61.989887195" lon="25.400501627" /><trkpt lat="61.989880470" lon="25.400520067" /><trkpt lat="61.989873654" lon="25.400538990" /><trkpt lat="61.989866728" lon="25.400558420" /><trkpt lat="61.989859673" lon="25.400578380" /><trkpt lat="61.989851585" lon="25.400601347" /><trkpt lat="61.989843913" lon="25.400623075" /><trkpt lat="61.989836601" lon="25.400643611" /><trkpt lat="61.989829595" lon="25.400663002" /><trkpt lat="61.989822840" lon="25.400681297" /><trkpt lat="61.989816281" lon="25.400698543" /><trkpt lat="61.989809863" lon="25.400714787" /><trkpt lat="61.989803531" lon="25.400730077" /><trkpt lat="61.989797230" lon="25.400744462" /><trkpt lat="61.989790906" lon="25.400757988" /><trkpt lat="61.989784503" lon="25.400770704" /><trkpt lat="61.989777968" lon="25.400782657" /><trkpt lat="61.989771244" lon="25.400793894" /><trkpt lat="61.989764277" lon="25.400804464" /><trkpt lat="61.989757012" lon="25.400814414" /><trkpt lat="61.989749395" lon="25.400823792" /><trkpt lat="61.989741370" lon="25.400832645" /><trkpt lat="61.989732882" lon="25.400841022" /><trkpt lat="61.989723878" lon="25.400848969" /><trkpt lat="61.989714301" lon="25.400856535" /><trkpt lat="61.989704097" lon="25.400863767" /><trkpt lat="61.989693211" lon="25.400870713" /><trkpt lat="61.989681589" lon="25.400877420" /><trkpt lat="61.989669174" lon="25.400883937" /><trkpt lat="61.989655914" lon="25.400890311" /><trkpt lat="61.989641752" lon="25.400896589" /><trkpt lat="61.989626634" lon="25.400902820" /><trkpt lat="61.989610504" lon="25.400909050" /><trkpt lat="61.989593309" lon="25.400915329" /><trkpt lat="61.989574993" lon="25.400921702" /><trkpt lat="61.989559651" lon="25.400927015" /><trkpt lat="61.989544266" lon="25.400932511" /><trkpt lat="61.989528838" lon="25.400938187" /><trkpt lat="61.989513369" lon="25.400944037" /><trkpt lat="61.989497859" lon="25.400950058" /><trkpt lat="61.989482310" lon="25.400956244" /><trkpt lat="61.989466721" lon="25.400962592" /><trkpt lat="61.989451095" lon="25.400969097" /><trkpt lat="61.989435432" lon="25.400975754" /><trkpt lat="61.989419733" lon="25.400982560" /><trkpt lat="61.989403998" lon="25.400989509" /><trkpt lat="61.989388229" lon="25.400996597" /><trkpt lat="61.989372427" lon="25.401003820" /><trkpt lat="61.989356592" lon="25.401011173" /><trkpt lat="61.989340726" lon="25.401018652" /><trkpt lat="61.989324829" lon="25.401026252" /><trkpt lat="61.989308901" lon="25.401033969" /><trkpt lat="61.989292945" lon="25.401041799" /><trkpt lat="61.989276961" lon="25.401049737" /><trkpt lat="61.989260950" lon="25.401057778" /><trkpt lat="61.989244913" lon="25.401065918" /><trkpt lat="61.989228850" lon="25.401074153" /><trkpt lat="61.989212762" lon="25.401082479" /><trkpt lat="61.989196651" lon="25.401090890" /><trkpt lat="61.989180518" lon="25.401099382" /><trkpt lat="61.989164362" lon="25.401107952" /><trkpt lat="61.989148186" lon="25.401116593" /><trkpt lat="61.989131989" lon="25.401125303" /><trkpt lat="61.989115774" lon="25.401134076" /><trkpt lat="61.989099540" lon="25.401142909" /><trkpt lat="61.989083289" lon="25.401151796" /><trkpt lat="61.989067022" lon="25.401160733" /><trkpt lat="61.989050739" lon="25.401169716" /><trkpt lat="61.989034442" lon="25.401178740" /><trkpt lat="61.989018130" lon="25.401187801" /><trkpt lat="61.989001806" lon="25.401196895" /><trkpt lat="61.988985470" lon="25.401206017" /><trkpt lat="61.988974497" lon="25.401212230" /><trkpt lat="61.988963180" lon="25.401218792" /><trkpt lat="61.988951534" lon="25.401225695" /><trkpt lat="61.988939571" lon="25.401232929" /><trkpt lat="61.988927305" lon="25.401240483" /><trkpt lat="61.988914750" lon="25.401248349" /><trkpt lat="61.988901918" lon="25.401256518" /><trkpt lat="61.988888824" lon="25.401264978" /><trkpt lat="61.988875480" lon="25.401273722" /><trkpt lat="61.988861901" lon="25.401282739" /><trkpt lat="61.988848099" lon="25.401292020" /><trkpt lat="61.988834088" lon="25.401301556" /><trkpt lat="61.988819882" lon="25.401311336" /><trkpt lat="61.988805493" lon="25.401321352" /><trkpt lat="61.988790936" lon="25.401331593" /><trkpt lat="61.988776224" lon="25.401342051" /><trkpt lat="61.988761369" lon="25.401352715" /><trkpt lat="61.988746386" lon="25.401363577" /><trkpt lat="61.988731288" lon="25.401374626" /><trkpt lat="61.988716089" lon="25.401385854" /><trkpt lat="61.988700801" lon="25.401397250" /><trkpt lat="61.988685439" lon="25.401408805" /><trkpt lat="61.988670016" lon="25.401420510" /><trkpt lat="61.988654544" lon="25.401432354" /><trkpt lat="61.988639038" lon="25.401444330" /><trkpt lat="61.988623511" lon="25.401456426" /><trkpt lat="61.988607977" lon="25.401468633" /><trkpt lat="61.988592448" lon="25.401480943" /><trkpt lat="61.988576939" lon="25.401493345" /><trkpt lat="61.988561462" lon="25.401505830" /><trkpt lat="61.988546032" lon="25.401518388" /><trkpt lat="61.988530661" lon="25.401531010" /><trkpt lat="61.988515363" lon="25.401543686" /><trkpt lat="61.988500151" lon="25.401556406" /><trkpt lat="61.988485040" lon="25.401569162" /><trkpt lat="61.988470041" lon="25.401581944" /><trkpt lat="61.988455169" lon="25.401594742" /><trkpt lat="61.988440438" lon="25.401607546" /><trkpt lat="61.988425860" lon="25.401620348" /><trkpt lat="61.988411449" lon="25.401633137" /><trkpt lat="61.988397218" lon="25.401645904" /><trkpt lat="61.988383181" lon="25.401658639" /><trkpt lat="61.988369352" lon="25.401671334" /><trkpt lat="61.988355743" lon="25.401683978" /><trkpt lat="61.988342368" lon="25.401696561" /><trkpt lat="61.988329241" lon="25.401709075" /><trkpt lat="61.988316375" lon="25.401721510" /><trkpt lat="61.988303783" lon="25.401733857" /><trkpt lat="61.988291479" lon="25.401746104" /><trkpt lat="61.988279476" lon="25.401758245" /><trkpt lat="61.988267788" lon="25.401770268" /><trkpt lat="61.988256429" lon="25.401782164" /><trkpt lat="61.988245410" lon="25.401793923" /><trkpt lat="61.988234747" lon="25.401805537" /><trkpt lat="61.988224452" lon="25.401816996" /><trkpt lat="61.988214539" lon="25.401828289" /><trkpt lat="61.988203766" lon="25.401840602" /><trkpt lat="61.988192794" lon="25.401852929" /><trkpt lat="61.988181636" lon="25.401865271" /><trkpt lat="61.988170301" lon="25.401877630" /><trkpt lat="61.988158801" lon="25.401890007" /><trkpt lat="61.988147148" lon="25.401902404" /><trkpt lat="61.988135351" lon="25.401914822" /><trkpt lat="61.988123423" lon="25.401927262" /><trkpt lat="61.988111374" lon="25.401939727" /><trkpt lat="61.988099215" lon="25.401952216" /><trkpt lat="61.988086957" lon="25.401964733" /><trkpt lat="61.988074612" lon="25.401977279" /><trkpt lat="61.988062190" lon="25.401989854" /><trkpt lat="61.988049703" lon="25.402002460" /><trkpt lat="61.988037161" lon="25.402015099" /><trkpt lat="61.988024576" lon="25.402027773" /><trkpt lat="61.988011958" lon="25.402040482" /><trkpt lat="61.987999319" lon="25.402053228" /><trkpt lat="61.987986670" lon="25.402066012" /><trkpt lat="61.987974022" lon="25.402078837" /><trkpt lat="61.987961385" lon="25.402091703" /><trkpt lat="61.987948772" lon="25.402104613" /><trkpt lat="61.987936192" lon="25.402117566" /><trkpt lat="61.987923657" lon="25.402130566" /><trkpt lat="61.987911179" lon="25.402143613" /><trkpt lat="61.987898767" lon="25.402156708" /><trkpt lat="61.987886434" lon="25.402169854" /><trkpt lat="61.987874190" lon="25.402183051" /><trkpt lat="61.987862046" lon="25.402196302" /><trkpt lat="61.987850013" lon="25.402209607" /><trkpt lat="61.987838103" lon="25.402222968" /><trkpt lat="61.987826327" lon="25.402236387" /><trkpt lat="61.987814694" lon="25.402249865" /><trkpt lat="61.987803218" lon="25.402263403" /><trkpt lat="61.987791908" lon="25.402277003" /><trkpt lat="61.987780775" lon="25.402290666" /><trkpt lat="61.987769832" lon="25.402304394" /><trkpt lat="61.987759088" lon="25.402318189" /><trkpt lat="61.987748555" lon="25.402332051" /><trkpt lat="61.987738244" lon="25.402345982" /><trkpt lat="61.987728165" lon="25.402359984" /><trkpt lat="61.987718331" lon="25.402374058" /><trkpt lat="61.987708752" lon="25.402388205" /><trkpt lat="61.987699439" lon="25.402402427" /><trkpt lat="61.987690403" lon="25.402416726" /><trkpt lat="61.987681655" lon="25.402431103" /><trkpt lat="61.987673207" lon="25.402445559" /><trkpt lat="61.987665068" lon="25.402460096" /><trkpt lat="61.987657251" lon="25.402474715" /><trkpt lat="61.987649767" lon="25.402489418" /><trkpt lat="61.987642626" lon="25.402504206" /><trkpt lat="61.987636893" lon="25.402516477" /><trkpt lat="61.987631155" lon="25.402528891" /><trkpt lat="61.987625416" lon="25.402541449" /><trkpt lat="61.987619679" lon="25.402554152" /><trkpt lat="61.987613948" lon="25.402567001" /><trkpt lat="61.987608225" lon="25.402579995" /><trkpt lat="61.987602514" lon="25.402593138" /><trkpt lat="61.987596818" lon="25.402606428" /><trkpt lat="61.987591141" lon="25.402619867" /><trkpt lat="61.987585485" lon="25.402633455" /><trkpt lat="61.987579855" lon="25.402647194" /><trkpt lat="61.987574253" lon="25.402661085" /><trkpt lat="61.987568682" lon="25.402675127" /><trkpt lat="61.987563147" lon="25.402689322" /><trkpt lat="61.987557650" lon="25.402703671" /><trkpt lat="61.987552195" lon="25.402718175" /><trkpt lat="61.987546784" lon="25.402732833" /><trkpt lat="61.987541422" lon="25.402747648" /><trkpt lat="61.987536112" lon="25.402762620" /><trkpt lat="61.987530856" lon="25.402777749" /><trkpt lat="61.987525658" lon="25.402793038" /><trkpt lat="61.987520521" lon="25.402808485" /><trkpt lat="61.987515450" lon="25.402824093" /><trkpt lat="61.987510446" lon="25.402839861" /><trkpt lat="61.987505514" lon="25.402855792" /><trkpt lat="61.987500656" lon="25.402871885" /><trkpt lat="61.987495876" lon="25.402888141" /><trkpt lat="61.987491177" lon="25.402904562" /><trkpt lat="61.987486563" lon="25.402921147" /><trkpt lat="61.987482036" lon="25.402937899" /><trkpt lat="61.987477601" lon="25.402954817" /><trkpt lat="61.987473260" lon="25.402971902" /><trkpt lat="61.987469016" lon="25.402989156" /><trkpt lat="61.987464874" lon="25.403006579" /><trkpt lat="61.987460836" lon="25.403024172" /><trkpt lat="61.987456905" lon="25.403041936" /><trkpt lat="61.987453086" lon="25.403059871" /><trkpt lat="61.987449380" lon="25.403077978" /><trkpt lat="61.987445792" lon="25.403096259" /><trkpt lat="61.987442325" lon="25.403114713" /><trkpt lat="61.987438982" lon="25.403133342" /><trkpt lat="61.987435766" lon="25.403152147" /><trkpt lat="61.987432681" lon="25.403171128" /><trkpt lat="61.987429730" lon="25.403190287" /><trkpt lat="61.987426916" lon="25.403209623" /><trkpt lat="61.987424242" lon="25.403229138" /><trkpt lat="61.987421713" lon="25.403248833" /><trkpt lat="61.987419331" lon="25.403268708" /><trkpt lat="61.987417099" lon="25.403288765" /><trkpt lat="61.987415021" lon="25.403309003" /><trkpt lat="61.987413099" lon="25.403329425" /><trkpt lat="61.987411339" lon="25.403350030" /><trkpt lat="61.987409742" lon="25.403370819" /><trkpt lat="61.987408311" lon="25.403391794" /><trkpt lat="61.987407052" lon="25.403412955" /><trkpt lat="61.987405965" lon="25.403434303" /><trkpt lat="61.987405056" lon="25.403455839" /><trkpt lat="61.987404326" lon="25.403477563" /><trkpt lat="61.987403780" lon="25.403499476" /><trkpt lat="61.987403421" lon="25.403521580" /><trkpt lat="61.987403252" lon="25.403543874" /><trkpt lat="61.987403276" lon="25.403566360" /><trkpt lat="61.987403318" lon="25.403575689" /><trkpt lat="61.987403345" lon="25.403585371" /><trkpt lat="61.987403358" lon="25.403595401" /><trkpt lat="61.987403357" lon="25.403605774" /><trkpt lat="61.987403341" lon="25.403616485" /><trkpt lat="61.987403312" lon="25.403627530" /><trkpt lat="61.987403269" lon="25.403638904" /><trkpt lat="61.987403213" lon="25.403650601" /><trkpt lat="61.987403143" lon="25.403662619" /><trkpt lat="61.987403060" lon="25.403674950" /><trkpt lat="61.987402964" lon="25.403687592" /><trkpt lat="61.987402855" lon="25.403700538" /><trkpt lat="61.987402734" lon="25.403713785" /><trkpt lat="61.987402601" lon="25.403727327" /><trkpt lat="61.987402455" lon="25.403741160" /><trkpt lat="61.987402298" lon="25.403755279" /><trkpt lat="61.987402129" lon="25.403769679" /><trkpt lat="61.987401948" lon="25.403784355" /><trkpt lat="61.987401756" lon="25.403799303" /><trkpt lat="61.987401552" lon="25.403814517" /><trkpt lat="61.987401338" lon="25.403829994" /><trkpt lat="61.987401113" lon="25.403845728" /><trkpt lat="61.987400877" lon="25.403861715" /><trkpt lat="61.987400631" lon="25.403877949" /><trkpt lat="61.987400375" lon="25.403894426" /><trkpt lat="61.987400109" lon="25.403911141" /><trkpt lat="61.987399833" lon="25.403928090" /><trkpt lat="61.987399547" lon="25.403945268" /><trkpt lat="61.987399252" lon="25.403962669" /><trkpt lat="61.987398948" lon="25.403980289" /><trkpt lat="61.987398635" lon="25.403998124" /><trkpt lat="61.987398313" lon="25.404016169" /><trkpt lat="61.987397982" lon="25.404034418" /><trkpt lat="61.987397643" lon="25.404052867" /><trkpt lat="61.987397295" lon="25.404071511" /><trkpt lat="61.987396940" lon="25.404090346" /><trkpt lat="61.987396576" lon="25.404109367" /><trkpt lat="61.987396205" lon="25.404128568" /><trkpt lat="61.987395827" lon="25.404147946" /><trkpt lat="61.987395441" lon="25.404167495" /><trkpt lat="61.987395048" lon="25.404187210" /><trkpt lat="61.987394648" lon="25.404207088" /><trkpt lat="61.987394242" lon="25.404227123" /><trkpt lat="61.987393829" lon="25.404247309" /><trkpt lat="61.987393409" lon="25.404267644" /><trkpt lat="61.987392984" lon="25.404288121" /><trkpt lat="61.987392553" lon="25.404308736" /><trkpt lat="61.987392116" lon="25.404329484" /><trkpt lat="61.987391673" lon="25.404350361" /><trkpt lat="61.987391225" lon="25.404371362" /><trkpt lat="61.987390772" lon="25.404392481" /><trkpt lat="61.987390314" lon="25.404413714" /><trkpt lat="61.987389851" lon="25.404435057" /><trkpt lat="61.987389384" lon="25.404456504" /><trkpt lat="61.987388912" lon="25.404478052" /><trkpt lat="61.987388436" lon="25.404499694" /><trkpt lat="61.987387956" lon="25.404521426" /><trkpt lat="61.987387473" lon="25.404543244" /><trkpt lat="61.987386985" lon="25.404565143" /><trkpt lat="61.987386495" lon="25.404587118" /><trkpt lat="61.987386001" lon="25.404609163" /><trkpt lat="61.987385504" lon="25.404631276" /><trkpt lat="61.987385004" lon="25.404653449" /><trkpt lat="61.987384502" lon="25.404675680" /><trkpt lat="61.987383997" lon="25.404697963" /><trkpt lat="61.987383490" lon="25.404720293" /><trkpt lat="61.987382981" lon="25.404742666" /><trkpt lat="61.987382470" lon="25.404765076" /><trkpt lat="61.987381958" lon="25.404787520" /><trkpt lat="61.987381444" lon="25.404809991" /><trkpt lat="61.987380929" lon="25.404832486" /><trkpt lat="61.987380412" lon="25.404855000" /><trkpt lat="61.987379895" lon="25.404877528" /><trkpt lat="61.987379377" lon="25.404900065" /><trkpt lat="61.987378859" lon="25.404922606" /><trkpt lat="61.987378341" lon="25.404945147" /><trkpt lat="61.987377822" lon="25.404967682" /><trkpt lat="61.987377303" lon="25.404990208" /><trkpt lat="61.987376785" lon="25.405012719" /><trkpt lat="61.987376267" lon="25.405035210" /><trkpt lat="61.987375750" lon="25.405057677" /><trkpt lat="61.987375234" lon="25.405080116" /><trkpt lat="61.987374718" lon="25.405102520" /><trkpt lat="61.987374204" lon="25.405124886" /><trkpt lat="61.987373692" lon="25.405147208" /><trkpt lat="61.987373181" lon="25.405169482" /><trkpt lat="61.987372672" lon="25.405191704" /><trkpt lat="61.987372165" lon="25.405213868" /><trkpt lat="61.987371660" lon="25.405235969" /><trkpt lat="61.987371158" lon="25.405258003" /><trkpt lat="61.987370658" lon="25.405279965" /><trkpt lat="61.987370162" lon="25.405301850" /><trkpt lat="61.987369668" lon="25.405323654" /><trkpt lat="61.987369177" lon="25.405345372" /><trkpt lat="61.987368690" lon="25.405366998" /><trkpt lat="61.987368206" lon="25.405388529" /><trkpt lat="61.987367726" lon="25.405409959" /><trkpt lat="61.987367250" lon="25.405431283" /><trkpt lat="61.987366779" lon="25.405452498" /><trkpt lat="61.987366311" lon="25.405473597" /><trkpt lat="61.987365849" lon="25.405494577" /><trkpt lat="61.987365390" lon="25.405515432" /><trkpt lat="61.987364937" lon="25.405536158" /><trkpt lat="61.987364489" lon="25.405556751" /><trkpt lat="61.987364047" lon="25.405577204" /><trkpt lat="61.987363610" lon="25.405597513" /><trkpt lat="61.987363178" lon="25.405617675" /><trkpt lat="61.987362753" lon="25.405637683" /><trkpt lat="61.987362334" lon="25.405657534" /><trkpt lat="61.987361921" lon="25.405677221" /><trkpt lat="61.987361514" lon="25.405696742" /><trkpt lat="61.987361114" lon="25.405716090" /><trkpt lat="61.987360722" lon="25.405735261" /><trkpt lat="61.987360336" lon="25.405754250" /><trkpt lat="61.987359957" lon="25.405773053" /><trkpt lat="61.987359586" lon="25.405791665" /><trkpt lat="61.987359223" lon="25.405810080" /><trkpt lat="61.987358867" lon="25.405828295" /><trkpt lat="61.987358520" lon="25.405846304" /><trkpt lat="61.987358181" lon="25.405864103" /><trkpt lat="61.987357850" lon="25.405881687" /><trkpt lat="61.987357528" lon="25.405899051" /><trkpt lat="61.987357214" lon="25.405916190" /><trkpt lat="61.987356910" lon="25.405933099" /><trkpt lat="61.987356615" lon="25.405949775" /><trkpt lat="61.987356329" lon="25.405966211" /><trkpt lat="61.987356053" lon="25.405982403" /><trkpt lat="61.987355787" lon="25.405998348" /><trkpt lat="61.987355531" lon="25.406014038" /><trkpt lat="61.987355285" lon="25.406029471" /><trkpt lat="61.987355049" lon="25.406044641" /><trkpt lat="61.987354824" lon="25.406059543" /><trkpt lat="61.987354610" lon="25.406074173" /><trkpt lat="61.987354407" lon="25.406088525" /><trkpt lat="61.987354215" lon="25.406102596" /><trkpt lat="61.987354034" lon="25.406116380" /><trkpt lat="61.987353865" lon="25.406129872" /><trkpt lat="61.987353707" lon="25.406143068" /><trkpt lat="61.987353562" lon="25.406155963" /><trkpt lat="61.987353428" lon="25.406168553" /><trkpt lat="61.987353307" lon="25.406180831" /><trkpt lat="61.987353198" lon="25.406192795" /><trkpt lat="61.987353103" lon="25.406204438" /><trkpt lat="61.987353020" lon="25.406215756" /><trkpt lat="61.987352950" lon="25.406226745" /><trkpt lat="61.987352893" lon="25.406237399" /><trkpt lat="61.987352850" lon="25.406247714" /><trkpt lat="61.987352821" lon="25.406257685" /><trkpt lat="61.987352806" lon="25.406267308" /><trkpt lat="61.987352804" lon="25.406276576" /><trkpt lat="61.987352817" lon="25.406285487" /><trkpt lat="61.987352844" lon="25.406294034" /><trkpt lat="61.987352886" lon="25.406302214" /><trkpt lat="61.987352936" lon="25.406311473" /><trkpt lat="61.987352973" lon="25.406321126" /><trkpt lat="61.987352997" lon="25.406331167" /><trkpt lat="61.987353009" lon="25.406341590" /><trkpt lat="61.987353010" lon="25.406352389" /><trkpt lat="61.987352998" lon="25.406363559" /><trkpt lat="61.987352974" lon="25.406375093" /><trkpt lat="61.987352939" lon="25.406386985" /><trkpt lat="61.987352893" lon="25.406399230" /><trkpt lat="61.987352835" lon="25.406411821" /><trkpt lat="61.987352767" lon="25.406424753" /><trkpt lat="61.987352687" lon="25.406438019" /><trkpt lat="61.987352598" lon="25.406451614" /><trkpt lat="61.987352497" lon="25.406465531" /><trkpt lat="61.987352387" lon="25.406479766" /><trkpt lat="61.987352267" lon="25.406494310" /><trkpt lat="61.987352136" lon="25.406509160" /><trkpt lat="61.987351997" lon="25.406524309" /><trkpt lat="61.987351847" lon="25.406539750" /><trkpt lat="61.987351689" lon="25.406555478" /><trkpt lat="61.987351521" lon="25.406571487" /><trkpt lat="61.987351345" lon="25.406587772" /><trkpt lat="61.987351160" lon="25.406604325" /><trkpt lat="61.987350966" lon="25.406621141" /><trkpt lat="61.987350764" lon="25.406638215" /><trkpt lat="61.987350554" lon="25.406655540" /><trkpt lat="61.987350337" lon="25.406673110" /><trkpt lat="61.987350111" lon="25.406690919" /><trkpt lat="61.987349878" lon="25.406708962" /><trkpt lat="61.987349638" lon="25.406727232" /><trkpt lat="61.987349390" lon="25.406745723" /><trkpt lat="61.987349136" lon="25.406764430" /><trkpt lat="61.987348874" lon="25.406783347" /><trkpt lat="61.987348607" lon="25.406802467" /><trkpt lat="61.987348332" lon="25.406821785" /><trkpt lat="61.987348052" lon="25.406841294" /><trkpt lat="61.987347766" lon="25.406860989" /><trkpt lat="61.987347473" lon="25.406880864" /><trkpt lat="61.987347176" lon="25.406900913" /><trkpt lat="61.987346872" lon="25.406921130" /><trkpt lat="61.987346564" lon="25.406941508" /><trkpt lat="61.987346250" lon="25.406962043" /><trkpt lat="61.987345932" lon="25.406982727" /><trkpt lat="61.987345609" lon="25.407003556" /><trkpt lat="61.987345281" lon="25.407024523" /><trkpt lat="61.987344949" lon="25.407045622" /><trkpt lat="61.987344613" lon="25.407066847" /><trkpt lat="61.987344274" lon="25.407088192" /><trkpt lat="61.987343930" lon="25.407109652" /><trkpt lat="61.987343583" lon="25.407131220" /><trkpt lat="61.987343233" lon="25.407152890" /><trkpt lat="61.987342879" lon="25.407174657" /><trkpt lat="61.987342523" lon="25.407196514" /><trkpt lat="61.987342163" lon="25.407218456" /><trkpt lat="61.987341802" lon="25.407240477" /><trkpt lat="61.987341437" lon="25.407262570" /><trkpt lat="61.987341071" lon="25.407284730" /><trkpt lat="61.987340703" lon="25.407306950" /><trkpt lat="61.987340332" lon="25.407329226" /><trkpt lat="61.987339961" lon="25.407351550" /><trkpt lat="61.987339587" lon="25.407373917" /><trkpt lat="61.987339213" lon="25.407396321" /><trkpt lat="61.987338837" lon="25.407418756" /><trkpt lat="61.987338461" lon="25.407441216" /><trkpt lat="61.987338084" lon="25.407463695" /><trkpt lat="61.987337706" lon="25.407486187" /><trkpt lat="61.987337329" lon="25.407508686" /><trkpt lat="61.987336951" lon="25.407531187" /><trkpt lat="61.987336573" lon="25.407553682" /><trkpt lat="61.987336195" lon="25.407576167" /><trkpt lat="61.987335818" lon="25.407598636" /><trkpt lat="61.987335442" lon="25.407621082" /><trkpt lat="61.987335066" lon="25.407643499" /><trkpt lat="61.987334692" lon="25.407665882" /><trkpt lat="61.987334319" lon="25.407688224" /><trkpt lat="61.987333947" lon="25.407710520" /><trkpt lat="61.987333576" lon="25.407732763" /><trkpt lat="61.987333208" lon="25.407754949" /><trkpt lat="61.987332842" lon="25.407777070" /><trkpt lat="61.987332478" lon="25.407799120" /><trkpt lat="61.987332116" lon="25.407821095" /><trkpt lat="61.987331756" lon="25.407842987" /><trkpt lat="61.987331400" lon="25.407864792" /><trkpt lat="61.987331046" lon="25.407886502" /><trkpt lat="61.987330696" lon="25.407908113" /><trkpt lat="61.987330349" lon="25.407929617" /><trkpt lat="61.987330005" lon="25.407951010" /><trkpt lat="61.987329666" lon="25.407972284" /><trkpt lat="61.987329330" lon="25.407993435" /><trkpt lat="61.987328998" lon="25.408014456" /><trkpt lat="61.987328670" lon="25.408035342" /><trkpt lat="61.987328347" lon="25.408056086" /><trkpt lat="61.987328029" lon="25.408076682" /><trkpt lat="61.987327715" lon="25.408097125" /><trkpt lat="61.987327407" lon="25.408117408" /><trkpt lat="61.987327104" lon="25.408137526" /><trkpt lat="61.987326806" lon="25.408157472" /><trkpt lat="61.987326514" lon="25.408177241" /><trkpt lat="61.987326227" lon="25.408196827" /><trkpt lat="61.987325947" lon="25.408216223" /><trkpt lat="61.987325673" lon="25.408235424" /><trkpt lat="61.987325405" lon="25.408254424" /><trkpt lat="61.987325144" lon="25.408273217" /><trkpt lat="61.987324889" lon="25.408291797" /><trkpt lat="61.987324641" lon="25.408310158" /><trkpt lat="61.987324401" lon="25.408328294" /><trkpt lat="61.987324168" lon="25.408346199" /><trkpt lat="61.987323942" lon="25.408363867" /><trkpt lat="61.987323725" lon="25.408381292" /><trkpt lat="61.987323515" lon="25.408398468" /><trkpt lat="61.987323313" lon="25.408415390" /><trkpt lat="61.987323119" lon="25.408432051" /><trkpt lat="61.987322934" lon="25.408448445" /><trkpt lat="61.987322758" lon="25.408464567" /><trkpt lat="61.987322590" lon="25.408480410" /><trkpt lat="61.987322432" lon="25.408495969" /><trkpt lat="61.987322283" lon="25.408511237" /><trkpt lat="61.987322143" lon="25.408526209" /><trkpt lat="61.987322013" lon="25.408540879" /><trkpt lat="61.987321892" lon="25.408555240" /><trkpt lat="61.987321782" lon="25.408569287" /><trkpt lat="61.987321682" lon="25.408583013" /><trkpt lat="61.987321592" lon="25.408596414" /><trkpt lat="61.987321512" lon="25.408609482" /><trkpt lat="61.987321444" lon="25.408622213" /><trkpt lat="61.987321386" lon="25.408634599" /><trkpt lat="61.987321340" lon="25.408646635" /><trkpt lat="61.987321305" lon="25.408658316" /><trkpt lat="61.987321281" lon="25.408669634" /><trkpt lat="61.987321270" lon="25.408680585" /><trkpt lat="61.987321270" lon="25.408691162" /><trkpt lat="61.987321282" lon="25.408701359" /><trkpt lat="61.987321306" lon="25.408711171" /><trkpt lat="61.987321343" lon="25.408720591" /><trkpt lat="61.987321393" lon="25.408729613" /></trkseg></trk></gpx>