<?xml version='1.0' encoding='utf-8'?>
<gpx version="1.1" creator="OpenTrack rally2gpx source authoring" xmlns="http://www.topografix.com/GPX/1/1"><metadata><name>SS 6+10 - Äänekoski</name><link href="https://www.rally-maps.com/Rally-Finland-2019" /><desc>Complete source route; Rally-Maps spline tangents expanded before GPX export. No source elevation is supplied.</desc></metadata><trk><trkseg><trkpt lat="62.573712979" lon="25.693693401" /><trkpt lat="62.573711921" lon="25.693695264" /><trkpt lat="62.573710676" lon="25.693697459" /><trkpt lat="62.573709246" lon="25.693699984" /><trkpt lat="62.573707634" lon="25.693702835" /><trkpt lat="62.573705839" lon="25.693706010" /><trkpt lat="62.573703865" lon="25.693709507" /><trkpt lat="62.573701712" lon="25.693713322" /><trkpt lat="62.573699382" lon="25.693717453" /><trkpt lat="62.573696876" lon="25.693721897" /><trkpt lat="62.573694196" lon="25.693726651" /><trkpt lat="62.573691344" lon="25.693731713" /><trkpt lat="62.573688320" lon="25.693737080" /><trkpt lat="62.573685128" lon="25.693742749" /><trkpt lat="62.573681767" lon="25.693748718" /><trkpt lat="62.573678240" lon="25.693754984" /><trkpt lat="62.573674548" lon="25.693761543" /><trkpt lat="62.573670692" lon="25.693768394" /><trkpt lat="62.573666675" lon="25.693775533" /><trkpt lat="62.573662498" lon="25.693782959" /><trkpt lat="62.573658162" lon="25.693790667" /><trkpt lat="62.573653668" lon="25.693798656" /><trkpt lat="62.573649019" lon="25.693806922" /><trkpt lat="62.573644215" lon="25.693815464" /><trkpt lat="62.573639259" lon="25.693824277" /><trkpt lat="62.573634152" lon="25.693833361" /><trkpt lat="62.573628895" lon="25.693842711" /><trkpt lat="62.573623490" lon="25.693852324" /><trkpt lat="62.573617939" lon="25.693862200" /><trkpt lat="62.573612242" lon="25.693872334" /><trkpt lat="62.573606402" lon="25.693882723" /><trkpt lat="62.573600420" lon="25.693893366" /><trkpt lat="62.573594297" lon="25.693904260" /><trkpt lat="62.573588036" lon="25.693915401" /><trkpt lat="62.573581637" lon="25.693926787" /><trkpt lat="62.573575102" lon="25.693938415" /><trkpt lat="62.573568433" lon="25.693950283" /><trkpt lat="62.573561631" lon="25.693962387" /><trkpt lat="62.573554698" lon="25.693974726" /><trkpt lat="62.573547635" lon="25.693987296" /><trkpt lat="62.573540444" lon="25.694000094" /><trkpt lat="62.573533126" lon="25.694013119" /><trkpt lat="62.573525682" lon="25.694026366" /><trkpt lat="62.573518115" lon="25.694039834" /><trkpt lat="62.573510426" lon="25.694053520" /><trkpt lat="62.573502617" lon="25.694067421" /><trkpt lat="62.573494688" lon="25.694081534" /><trkpt lat="62.573486642" lon="25.694095856" /><trkpt lat="62.573478479" lon="25.694110386" /><trkpt lat="62.573470202" lon="25.694125119" /><trkpt lat="62.573461812" lon="25.694140054" /><trkpt lat="62.573453311" lon="25.694155187" /><trkpt lat="62.573444700" lon="25.694170516" /><trkpt lat="62.573435980" lon="25.694186039" /><trkpt lat="62.573427154" lon="25.694201752" /><trkpt lat="62.573418222" lon="25.694217652" /><trkpt lat="62.573409186" lon="25.694233738" /><trkpt lat="62.573400048" lon="25.694250006" /><trkpt lat="62.573390809" lon="25.694266453" /><trkpt lat="62.573381471" lon="25.694283078" /><trkpt lat="62.573372035" lon="25.694299876" /><trkpt lat="62.573362503" lon="25.694316846" /><trkpt lat="62.573352876" lon="25.694333984" /><trkpt lat="62.573343156" lon="25.694351288" /><trkpt lat="62.573333345" lon="25.694368756" /><trkpt lat="62.573323443" lon="25.694386384" /><trkpt lat="62.573313453" lon="25.694404169" /><trkpt lat="62.573303376" lon="25.694422110" /><trkpt lat="62.573293213" lon="25.694440203" /><trkpt lat="62.573282967" lon="25.694458445" /><trkpt lat="62.573272637" lon="25.694476835" /><trkpt lat="62.573262227" lon="25.694495368" /><trkpt lat="62.573251738" lon="25.694514043" /><trkpt lat="62.573241170" lon="25.694532856" /><trkpt lat="62.573230526" lon="25.694551806" /><trkpt lat="62.573219808" lon="25.694570888" /><trkpt lat="62.573209016" lon="25.694590101" /><trkpt lat="62.573198152" lon="25.694609442" /><trkpt lat="62.573187218" lon="25.694628908" /><trkpt lat="62.573176216" lon="25.694648496" /><trkpt lat="62.573165146" lon="25.694668204" /><trkpt lat="62.573154010" lon="25.694688029" /><trkpt lat="62.573142810" lon="25.694707967" /><trkpt lat="62.573131548" lon="25.694728017" /><trkpt lat="62.573120225" lon="25.694748176" /><trkpt lat="62.573108842" lon="25.694768441" /><trkpt lat="62.573097401" lon="25.694788809" /><trkpt lat="62.573085903" lon="25.694809277" /><trkpt lat="62.573074350" lon="25.694829843" /><trkpt lat="62.573062744" lon="25.694850505" /><trkpt lat="62.573051086" lon="25.694871258" /><trkpt lat="62.573039378" lon="25.694892101" /><trkpt lat="62.573027621" lon="25.694913031" /><trkpt lat="62.573015816" lon="25.694934045" /><trkpt lat="62.573003966" lon="25.694955141" /><trkpt lat="62.572992071" lon="25.694976315" /><trkpt lat="62.572980133" lon="25.694997565" /><trkpt lat="62.572968154" lon="25.695018889" /><trkpt lat="62.572956136" lon="25.695040283" /><trkpt lat="62.572944079" lon="25.695061744" /><trkpt lat="62.572931986" lon="25.695083271" /><trkpt lat="62.572919857" lon="25.695104860" /><trkpt lat="62.572907695" lon="25.695126509" /><trkpt lat="62.572895501" lon="25.695148214" /><trkpt lat="62.572883276" lon="25.695169974" /><trkpt lat="62.572871022" lon="25.695191785" /><trkpt lat="62.572858740" lon="25.695213645" /><trkpt lat="62.572846433" lon="25.695235551" /><trkpt lat="62.572834101" lon="25.695257500" /><trkpt lat="62.572821746" lon="25.695279490" /><trkpt lat="62.572809370" lon="25.695301517" /><trkpt lat="62.572796973" lon="25.695323579" /><trkpt lat="62.572784559" lon="25.695345674" /><trkpt lat="62.572772128" lon="25.695367799" /><trkpt lat="62.572759681" lon="25.695389950" /><trkpt lat="62.572747220" lon="25.695412125" /><trkpt lat="62.572734748" lon="25.695434322" /><trkpt lat="62.572722264" lon="25.695456538" /><trkpt lat="62.572709771" lon="25.695478769" /><trkpt lat="62.572697271" lon="25.695501014" /><trkpt lat="62.572684765" lon="25.695523270" /><trkpt lat="62.572672253" lon="25.695545533" /><trkpt lat="62.572659739" lon="25.695567801" /><trkpt lat="62.572647223" lon="25.695590072" /><trkpt lat="62.572634708" lon="25.695612342" /><trkpt lat="62.572622193" lon="25.695634609" /><trkpt lat="62.572609682" lon="25.695656871" /><trkpt lat="62.572597175" lon="25.695679123" /><trkpt lat="62.572584674" lon="25.695701365" /><trkpt lat="62.572572181" lon="25.695723593" /><trkpt lat="62.572559697" lon="25.695745803" /><trkpt lat="62.572547223" lon="25.695767995" /><trkpt lat="62.572534762" lon="25.695790164" /><trkpt lat="62.572522314" lon="25.695812308" /><trkpt lat="62.572509882" lon="25.695834425" /><trkpt lat="62.572497466" lon="25.695856511" /><trkpt lat="62.572485069" lon="25.695878564" /><trkpt lat="62.572472691" lon="25.695900582" /><trkpt lat="62.572460335" lon="25.695922561" /><trkpt lat="62.572448002" lon="25.695944498" /><trkpt lat="62.572435692" lon="25.695966392" /><trkpt lat="62.572423409" lon="25.695988239" /><trkpt lat="62.572411153" lon="25.696010037" /><trkpt lat="62.572398927" lon="25.696031782" /><trkpt lat="62.572386730" lon="25.696053472" /><trkpt lat="62.572374566" lon="25.696075105" /><trkpt lat="62.572362435" lon="25.696096678" /><trkpt lat="62.572350339" lon="25.696118187" /><trkpt lat="62.572338280" lon="25.696139631" /><trkpt lat="62.572326259" lon="25.696161006" /><trkpt lat="62.572314278" lon="25.696182310" /><trkpt lat="62.572302337" lon="25.696203540" /><trkpt lat="62.572290440" lon="25.696224693" /><trkpt lat="62.572278587" lon="25.696245767" /><trkpt lat="62.572266779" lon="25.696266759" /><trkpt lat="62.572255019" lon="25.696287665" /><trkpt lat="62.572243307" lon="25.696308485" /><trkpt lat="62.572231646" lon="25.696329213" /><trkpt lat="62.572220036" lon="25.696349849" /><trkpt lat="62.572208480" lon="25.696370389" /><trkpt lat="62.572196979" lon="25.696390831" /><trkpt lat="62.572185534" lon="25.696411171" /><trkpt lat="62.572174147" lon="25.696431407" /><trkpt lat="62.572162820" lon="25.696451537" /><trkpt lat="62.572151554" lon="25.696471557" /><trkpt lat="62.572140350" lon="25.696491466" /><trkpt lat="62.572129210" lon="25.696511259" /><trkpt lat="62.572118136" lon="25.696530935" /><trkpt lat="62.572107129" lon="25.696550490" /><trkpt lat="62.572096191" lon="25.696569922" /><trkpt lat="62.572085322" lon="25.696589229" /><trkpt lat="62.572074526" lon="25.696608407" /><trkpt lat="62.572063802" lon="25.696627454" /><trkpt lat="62.572053154" lon="25.696646367" /><trkpt lat="62.572042581" lon="25.696665143" /><trkpt lat="62.572032087" lon="25.696683780" /><trkpt lat="62.572021672" lon="25.696702275" /><trkpt lat="62.572011337" lon="25.696720625" /><trkpt lat="62.572001085" lon="25.696738827" /><trkpt lat="62.571990917" lon="25.696756879" /><trkpt lat="62.571980834" lon="25.696774778" /><trkpt lat="62.571970838" lon="25.696792522" /><trkpt lat="62.571960931" lon="25.696810106" /><trkpt lat="62.571951114" lon="25.696827530" /><trkpt lat="62.571941388" lon="25.696844790" /><trkpt lat="62.571931755" lon="25.696861883" /><trkpt lat="62.571922217" lon="25.696878807" /><trkpt lat="62.571912775" lon="25.696895558" /><trkpt lat="62.571903430" lon="25.696912135" /><trkpt lat="62.571894185" lon="25.696928534" /><trkpt lat="62.571885041" lon="25.696944753" /><trkpt lat="62.571875998" lon="25.696960789" /><trkpt lat="62.571867060" lon="25.696976639" /><trkpt lat="62.571858226" lon="25.696992301" /><trkpt lat="62.571849500" lon="25.697007771" /><trkpt lat="62.571840881" lon="25.697023048" /><trkpt lat="62.571832373" lon="25.697038128" /><trkpt lat="62.571823976" lon="25.697053009" /><trkpt lat="62.571815691" lon="25.697067687" /><trkpt lat="62.571807522" lon="25.697082161" /><trkpt lat="62.571799468" lon="25.697096427" /><trkpt lat="62.571791531" lon="25.697110483" /><trkpt lat="62.571783714" lon="25.697124326" /><trkpt lat="62.571776017" lon="25.697137953" /><trkpt lat="62.571768442" lon="25.697151362" /><trkpt lat="62.571760991" lon="25.697164549" /><trkpt lat="62.571753665" lon="25.697177513" /><trkpt lat="62.571746466" lon="25.697190250" /><trkpt lat="62.571739394" lon="25.697202758" /><trkpt lat="62.571732453" lon="25.697215034" /><trkpt lat="62.571725642" lon="25.697227074" /><trkpt lat="62.571718964" lon="25.697238878" /><trkpt lat="62.571712421" lon="25.697250441" /><trkpt lat="62.571706013" lon="25.697261761" /><trkpt lat="62.571699743" lon="25.697272835" /><trkpt lat="62.571693611" lon="25.697283661" /><trkpt lat="62.571687620" lon="25.697294236" /><trkpt lat="62.571681771" lon="25.697304557" /><trkpt lat="62.571676065" lon="25.697314621" /><trkpt lat="62.571670504" lon="25.697324426" /><trkpt lat="62.571665090" lon="25.697333969" /><trkpt lat="62.571659823" lon="25.697343247" /><trkpt lat="62.571654706" lon="25.697352258" /><trkpt lat="62.571649741" lon="25.697360998" /><trkpt lat="62.571644927" lon="25.697369466" /><trkpt lat="62.571640268" lon="25.697377658" /><trkpt lat="62.571635765" lon="25.697385571" /><trkpt lat="62.571631418" lon="25.697393203" /><trkpt lat="62.571627230" lon="25.697400551" /><trkpt lat="62.571623203" lon="25.697407613" /><trkpt lat="62.571619337" lon="25.697414386" /><trkpt lat="62.571615634" lon="25.697420866" /><trkpt lat="62.571612097" lon="25.697427052" /><trkpt lat="62.571608725" lon="25.697432940" /><trkpt lat="62.571605522" lon="25.697438528" /><trkpt lat="62.571602487" lon="25.697443812" /><trkpt lat="62.571599624" lon="25.697448792" /><trkpt lat="62.571596933" lon="25.697453463" /><trkpt lat="62.571594416" lon="25.697457822" /><trkpt lat="62.571592075" lon="25.697461868" /><trkpt lat="62.571589910" lon="25.697465598" /><trkpt lat="62.571587924" lon="25.697469008" /><trkpt lat="62.571586118" lon="25.697472095" /><trkpt lat="62.571580723" lon="25.697481316" /><trkpt lat="62.571575184" lon="25.697490817" /><trkpt lat="62.571569504" lon="25.697500595" /><trkpt lat="62.571563684" lon="25.697510645" /><trkpt lat="62.571557728" lon="25.697520962" /><trkpt lat="62.571551638" lon="25.697531541" /><trkpt lat="62.571545415" lon="25.697542379" /><trkpt lat="62.571539063" lon="25.697553470" /><trkpt lat="62.571532584" lon="25.697564809" /><trkpt lat="62.571525980" lon="25.697576393" /><trkpt lat="62.571519253" lon="25.697588217" /><trkpt lat="62.571512407" lon="25.697600275" /><trkpt lat="62.571505442" lon="25.697612564" /><trkpt lat="62.571498362" lon="25.697625078" /><trkpt lat="62.571491170" lon="25.697637814" /><trkpt lat="62.571483866" lon="25.697650766" /><trkpt lat="62.571476455" lon="25.697663930" /><trkpt lat="62.571468937" lon="25.697677301" /><trkpt lat="62.571461316" lon="25.697690875" /><trkpt lat="62.571453594" lon="25.697704647" /><trkpt lat="62.571445773" lon="25.697718612" /><trkpt lat="62.571437856" lon="25.697732766" /><trkpt lat="62.571429845" lon="25.697747105" /><trkpt lat="62.571421743" lon="25.697761623" /><trkpt lat="62.571413551" lon="25.697776316" /><trkpt lat="62.571405272" lon="25.697791179" /><trkpt lat="62.571396909" lon="25.697806208" /><trkpt lat="62.571388463" lon="25.697821398" /><trkpt lat="62.571379938" lon="25.697836745" /><trkpt lat="62.571371336" lon="25.697852244" /><trkpt lat="62.571362658" lon="25.697867890" /><trkpt lat="62.571353908" lon="25.697883679" /><trkpt lat="62.571345088" lon="25.697899606" /><trkpt lat="62.571336199" lon="25.697915666" /><trkpt lat="62.571327246" lon="25.697931855" /><trkpt lat="62.571318229" lon="25.697948169" /><trkpt lat="62.571309151" lon="25.697964602" /><trkpt lat="62.571300016" lon="25.697981150" /><trkpt lat="62.571290824" lon="25.697997808" /><trkpt lat="62.571281578" lon="25.698014573" /><trkpt lat="62.571272281" lon="25.698031438" /><trkpt lat="62.571262936" lon="25.698048401" /><trkpt lat="62.571253544" lon="25.698065455" /><trkpt lat="62.571244108" lon="25.698082596" /><trkpt lat="62.571234630" lon="25.698099820" /><trkpt lat="62.571225112" lon="25.698117123" /><trkpt lat="62.571215558" lon="25.698134499" /><trkpt lat="62.571205969" lon="25.698151943" /><trkpt lat="62.571196348" lon="25.698169452" /><trkpt lat="62.571186697" lon="25.698187021" /><trkpt lat="62.571177018" lon="25.698204645" /><trkpt lat="62.571167315" lon="25.698222319" /><trkpt lat="62.571157588" lon="25.698240039" /><trkpt lat="62.571147841" lon="25.698257801" /><trkpt lat="62.571138077" lon="25.698275599" /><trkpt lat="62.571128296" lon="25.698293429" /><trkpt lat="62.571118503" lon="25.698311286" /><trkpt lat="62.571108698" lon="25.698329167" /><trkpt lat="62.571098885" lon="25.698347065" /><trkpt lat="62.571089066" lon="25.698364977" /><trkpt lat="62.571079243" lon="25.698382898" /><trkpt lat="62.571069419" lon="25.698400823" /><trkpt lat="62.571059595" lon="25.698418748" /><trkpt lat="62.571049775" lon="25.698436668" /><trkpt lat="62.571039961" lon="25.698454579" /><trkpt lat="62.571030155" lon="25.698472475" /><trkpt lat="62.571020360" lon="25.698490353" /><trkpt lat="62.571010577" lon="25.698508207" /><trkpt lat="62.571000810" lon="25.698526034" /><trkpt lat="62.570991060" lon="25.698543828" /><trkpt lat="62.570981330" lon="25.698561585" /><trkpt lat="62.570971623" lon="25.698579300" /><trkpt lat="62.570961940" lon="25.698596968" /><trkpt lat="62.570952284" lon="25.698614586" /><trkpt lat="62.570942658" lon="25.698632148" /><trkpt lat="62.570933064" lon="25.698649650" /><trkpt lat="62.570923504" lon="25.698667087" /><trkpt lat="62.570913981" lon="25.698684454" /><trkpt lat="62.570905170" lon="25.698700577" /><trkpt lat="62.570896389" lon="25.698716756" /><trkpt lat="62.570887638" lon="25.698732992" /><trkpt lat="62.570878916" lon="25.698749281" /><trkpt lat="62.570870225" lon="25.698765621" /><trkpt lat="62.570861564" lon="25.698782011" /><trkpt lat="62.570852933" lon="25.698798448" /><trkpt lat="62.570844334" lon="25.698814931" /><trkpt lat="62.570835765" lon="25.698831457" /><trkpt lat="62.570827226" lon="25.698848026" /><trkpt lat="62.570818720" lon="25.698864634" /><trkpt lat="62.570810244" lon="25.698881280" /><trkpt lat="62.570801800" lon="25.698897961" /><trkpt lat="62.570793388" lon="25.698914677" /><trkpt lat="62.570785007" lon="25.698931424" /><trkpt lat="62.570776659" lon="25.698948202" /><trkpt lat="62.570768342" lon="25.698965007" /><trkpt lat="62.570760059" lon="25.698981839" /><trkpt lat="62.570751807" lon="25.698998695" /><trkpt lat="62.570743589" lon="25.699015573" /><trkpt lat="62.570735403" lon="25.699032471" /><trkpt lat="62.570727251" lon="25.699049387" /><trkpt lat="62.570719132" lon="25.699066319" /><trkpt lat="62.570711046" lon="25.699083266" /><trkpt lat="62.570702994" lon="25.699100226" /><trkpt lat="62.570694975" lon="25.699117195" /><trkpt lat="62.570686991" lon="25.699134174" /><trkpt lat="62.570679040" lon="25.699151158" /><trkpt lat="62.570671124" lon="25.699168148" /><trkpt lat="62.570663243" lon="25.699185139" /><trkpt lat="62.570655396" lon="25.699202132" /><trkpt lat="62.570647584" lon="25.699219123" /><trkpt lat="62.570639807" lon="25.699236111" /><trkpt lat="62.570632066" lon="25.699253094" /><trkpt lat="62.570624359" lon="25.699270070" /><trkpt lat="62.570616688" lon="25.699287036" /><trkpt lat="62.570609053" lon="25.699303991" /><trkpt lat="62.570601454" lon="25.699320934" /><trkpt lat="62.570593891" lon="25.699337861" /><trkpt lat="62.570586364" lon="25.699354772" /><trkpt lat="62.570578873" lon="25.699371663" /><trkpt lat="62.570571420" lon="25.699388534" /><trkpt lat="62.570564002" lon="25.699405382" /><trkpt lat="62.570556622" lon="25.699422205" /><trkpt lat="62.570549279" lon="25.699439001" /><trkpt lat="62.570541974" lon="25.699455769" /><trkpt lat="62.570534705" lon="25.699472506" /><trkpt lat="62.570527475" lon="25.699489211" /><trkpt lat="62.570520282" lon="25.699505880" /><trkpt lat="62.570513127" lon="25.699522514" /><trkpt lat="62.570506010" lon="25.699539109" /><trkpt lat="62.570498932" lon="25.699555664" /><trkpt lat="62.570491892" lon="25.699572176" /><trkpt lat="62.570484891" lon="25.699588644" /><trkpt lat="62.570477929" lon="25.699605066" /><trkpt lat="62.570471006" lon="25.699621439" /><trkpt lat="62.570464122" lon="25.699637762" /><trkpt lat="62.570457277" lon="25.699654033" /><trkpt lat="62.570450473" lon="25.699670250" /><trkpt lat="62.570443707" lon="25.699686412" /><trkpt lat="62.570436982" lon="25.699702515" /><trkpt lat="62.570430297" lon="25.699718558" /><trkpt lat="62.570423652" lon="25.699734539" /><trkpt lat="62.570417047" lon="25.699750456" /><trkpt lat="62.570410484" lon="25.699766308" /><trkpt lat="62.570403961" lon="25.699782091" /><trkpt lat="62.570397479" lon="25.699797805" /><trkpt lat="62.570391038" lon="25.699813448" /><trkpt lat="62.570384638" lon="25.699829016" /><trkpt lat="62.570378280" lon="25.699844509" /><trkpt lat="62.570371964" lon="25.699859925" /><trkpt lat="62.570365689" lon="25.699875261" /><trkpt lat="62.570359457" lon="25.699890516" /><trkpt lat="62.570353266" lon="25.699905687" /><trkpt lat="62.570347118" lon="25.699920772" /><trkpt lat="62.570341013" lon="25.699935771" /><trkpt lat="62.570334950" lon="25.699950680" /><trkpt lat="62.570328930" lon="25.699965498" /><trkpt lat="62.570322954" lon="25.699980223" /><trkpt lat="62.570317020" lon="25.699994853" /><trkpt lat="62.570311130" lon="25.700009385" /><trkpt lat="62.570305284" lon="25.700023819" /><trkpt lat="62.570299481" lon="25.700038151" /><trkpt lat="62.570293723" lon="25.700052381" /><trkpt lat="62.570286946" lon="25.700069214" /><trkpt lat="62.570280192" lon="25.700086163" /><trkpt lat="62.570273462" lon="25.700103224" /><trkpt lat="62.570266757" lon="25.700120392" /><trkpt lat="62.570260079" lon="25.700137662" /><trkpt lat="62.570253431" lon="25.700155029" /><trkpt lat="62.570246813" lon="25.700172488" /><trkpt lat="62.570240227" lon="25.700190034" /><trkpt lat="62.570233675" lon="25.700207663" /><trkpt lat="62.570227158" lon="25.700225369" /><trkpt lat="62.570220679" lon="25.700243149" /><trkpt lat="62.570214238" lon="25.700260996" /><trkpt lat="62.570207838" lon="25.700278906" /><trkpt lat="62.570201480" lon="25.700296874" /><trkpt lat="62.570195166" lon="25.700314896" /><trkpt lat="62.570188897" lon="25.700332966" /><trkpt lat="62.570182675" lon="25.700351079" /><trkpt lat="62.570176502" lon="25.700369232" /><trkpt lat="62.570170380" lon="25.700387418" /><trkpt lat="62.570164309" lon="25.700405633" /><trkpt lat="62.570158293" lon="25.700423873" /><trkpt lat="62.570152331" lon="25.700442132" /><trkpt lat="62.570146427" lon="25.700460405" /><trkpt lat="62.570140581" lon="25.700478688" /><trkpt lat="62.570134796" lon="25.700496976" /><trkpt lat="62.570129073" lon="25.700515264" /><trkpt lat="62.570123413" lon="25.700533547" /><trkpt lat="62.570117819" lon="25.700551820" /><trkpt lat="62.570112292" lon="25.700570078" /><trkpt lat="62.570106833" lon="25.700588317" /><trkpt lat="62.570101445" lon="25.700606531" /><trkpt lat="62.570096129" lon="25.700624716" /><trkpt lat="62.570090886" lon="25.700642867" /><trkpt lat="62.570085719" lon="25.700660979" /><trkpt lat="62.570080628" lon="25.700679048" /><trkpt lat="62.570075616" lon="25.700697068" /><trkpt lat="62.570070684" lon="25.700715034" /><trkpt lat="62.570065835" lon="25.700732942" /><trkpt lat="62.570061068" lon="25.700750786" /><trkpt lat="62.570056387" lon="25.700768563" /><trkpt lat="62.570051793" lon="25.700786266" /><trkpt lat="62.570047288" lon="25.700803892" /><trkpt lat="62.570042872" lon="25.700821435" /><trkpt lat="62.570038549" lon="25.700838891" /><trkpt lat="62.570034319" lon="25.700856254" /><trkpt lat="62.570030184" lon="25.700873520" /><trkpt lat="62.570026145" lon="25.700890685" /><trkpt lat="62.570022206" lon="25.700907742" /><trkpt lat="62.570018366" lon="25.700924687" /><trkpt lat="62.570014629" lon="25.700941516" /><trkpt lat="62.570010994" lon="25.700958223" /><trkpt lat="62.570007465" lon="25.700974804" /><trkpt lat="62.570004043" lon="25.700991253" /><trkpt lat="62.570000729" lon="25.701007567" /><trkpt lat="62.569997525" lon="25.701023740" /><trkpt lat="62.569994433" lon="25.701039766" /><trkpt lat="62.569991454" lon="25.701055643" /><trkpt lat="62.569988590" lon="25.701071363" /><trkpt lat="62.569985843" lon="25.701086924" /><trkpt lat="62.569983214" lon="25.701102319" /><trkpt lat="62.569980705" lon="25.701117544" /><trkpt lat="62.569978318" lon="25.701132595" /><trkpt lat="62.569976055" lon="25.701147465" /><trkpt lat="62.569973916" lon="25.701162151" /><trkpt lat="62.569971904" lon="25.701176647" /><trkpt lat="62.569970020" lon="25.701190949" /><trkpt lat="62.569968266" lon="25.701205052" /><trkpt lat="62.569966644" lon="25.701218951" /><trkpt lat="62.569965155" lon="25.701232641" /><trkpt lat="62.569963801" lon="25.701246117" /><trkpt lat="62.569962584" lon="25.701259375" /><trkpt lat="62.569962004" lon="25.701266184" /><trkpt lat="62.569961421" lon="25.701273369" /><trkpt lat="62.569960835" lon="25.701280925" /><trkpt lat="62.569960247" lon="25.701288848" /><trkpt lat="62.569959656" lon="25.701297132" /><trkpt lat="62.569959063" lon="25.701305773" /><trkpt lat="62.569958467" lon="25.701314767" /><trkpt lat="62.569957868" lon="25.701324108" /><trkpt lat="62.569957268" lon="25.701333792" /><trkpt lat="62.569956665" lon="25.701343814" /><trkpt lat="62.569956060" lon="25.701354170" /><trkpt lat="62.569955453" lon="25.701364854" /><trkpt lat="62.569954844" lon="25.701375862" /><trkpt lat="62.569954233" lon="25.701387190" /><trkpt lat="62.569953620" lon="25.701398833" /><trkpt lat="62.569953006" lon="25.701410786" /><trkpt lat="62.569952390" lon="25.701423044" /><trkpt lat="62.569951772" lon="25.701435602" /><trkpt lat="62.569951153" lon="25.701448457" /><trkpt lat="62.569950532" lon="25.701461603" /><trkpt lat="62.569949911" lon="25.701475035" /><trkpt lat="62.569949288" lon="25.701488749" /><trkpt lat="62.569948664" lon="25.701502740" /><trkpt lat="62.569948039" lon="25.701517004" /><trkpt lat="62.569947413" lon="25.701531535" /><trkpt lat="62.569946786" lon="25.701546330" /><trkpt lat="62.569946158" lon="25.701561383" /><trkpt lat="62.569945530" lon="25.701576689" /><trkpt lat="62.569944901" lon="25.701592245" /><trkpt lat="62.569944271" lon="25.701608044" /><trkpt lat="62.569943641" lon="25.701624084" /><trkpt lat="62.569943011" lon="25.701640358" /><trkpt lat="62.569942380" lon="25.701656862" /><trkpt lat="62.569941749" lon="25.701673592" /><trkpt lat="62.569941118" lon="25.701690543" /><trkpt lat="62.569940487" lon="25.701707710" /><trkpt lat="62.569939857" lon="25.701725088" /><trkpt lat="62.569939226" lon="25.701742673" /><trkpt lat="62.569938595" lon="25.701760459" /><trkpt lat="62.569937965" lon="25.701778444" /><trkpt lat="62.569937335" lon="25.701796620" /><trkpt lat="62.569936706" lon="25.701814985" /><trkpt lat="62.569936077" lon="25.701833533" /><trkpt lat="62.569935449" lon="25.701852259" /><trkpt lat="62.569934822" lon="25.701871159" /><trkpt lat="62.569934195" lon="25.701890229" /><trkpt lat="62.569933570" lon="25.701909463" /><trkpt lat="62.569932945" lon="25.701928856" /><trkpt lat="62.569932322" lon="25.701948405" /><trkpt lat="62.569931699" lon="25.701968104" /><trkpt lat="62.569931078" lon="25.701987948" /><trkpt lat="62.569930459" lon="25.702007934" /><trkpt lat="62.569929840" lon="25.702028055" /><trkpt lat="62.569929223" lon="25.702048309" /><trkpt lat="62.569928608" lon="25.702068689" /><trkpt lat="62.569927994" lon="25.702089191" /><trkpt lat="62.569927383" lon="25.702109811" /><trkpt lat="62.569926773" lon="25.702130544" /><trkpt lat="62.569926165" lon="25.702151385" /><trkpt lat="62.569925559" lon="25.702172329" /><trkpt lat="62.569924955" lon="25.702193371" /><trkpt lat="62.569924353" lon="25.702214508" /><trkpt lat="62.569923753" lon="25.702235734" /><trkpt lat="62.569923156" lon="25.702257045" /><trkpt lat="62.569922561" lon="25.702278435" /><trkpt lat="62.569921969" lon="25.702299901" /><trkpt lat="62.569921380" lon="25.702321437" /><trkpt lat="62.569920793" lon="25.702343039" /><trkpt lat="62.569920208" lon="25.702364703" /><trkpt lat="62.569919627" lon="25.702386422" /><trkpt lat="62.569919049" lon="25.702408194" /><trkpt lat="62.569918473" lon="25.702430012" /><trkpt lat="62.569917901" lon="25.702451873" /><trkpt lat="62.569917332" lon="25.702473771" /><trkpt lat="62.569916766" lon="25.702495702" /><trkpt lat="62.569916204" lon="25.702517662" /><trkpt lat="62.569915645" lon="25.702539645" /><trkpt lat="62.569915090" lon="25.702561647" /><trkpt lat="62.569914538" lon="25.702583663" /><trkpt lat="62.569913990" lon="25.702605689" /><trkpt lat="62.569913445" lon="25.702627719" /><trkpt lat="62.569912905" lon="25.702649749" /><trkpt lat="62.569912369" lon="25.702671775" /><trkpt lat="62.569911836" lon="25.702693792" /><trkpt lat="62.569911308" lon="25.702715794" /><trkpt lat="62.569910784" lon="25.702737778" /><trkpt lat="62.569910264" lon="25.702759738" /><trkpt lat="62.569909749" lon="25.702781670" /><trkpt lat="62.569909238" lon="25.702803570" /><trkpt lat="62.569908731" lon="25.702825431" /><trkpt lat="62.569908229" lon="25.702847251" /><trkpt lat="62.569907732" lon="25.702869024" /><trkpt lat="62.569907240" lon="25.702890745" /><trkpt lat="62.569906753" lon="25.702912410" /><trkpt lat="62.569906270" lon="25.702934014" /><trkpt lat="62.569905793" lon="25.702955552" /><trkpt lat="62.569905321" lon="25.702977020" /><trkpt lat="62.569904854" lon="25.702998413" /><trkpt lat="62.569904392" lon="25.703019726" /><trkpt lat="62.569903936" lon="25.703040955" /><trkpt lat="62.569903485" lon="25.703062094" /><trkpt lat="62.569903040" lon="25.703083140" /><trkpt lat="62.569902600" lon="25.703104087" /><trkpt lat="62.569902166" lon="25.703124931" /><trkpt lat="62.569901738" lon="25.703145666" /><trkpt lat="62.569901316" lon="25.703166290" /><trkpt lat="62.569900900" lon="25.703186795" /><trkpt lat="62.569900490" lon="25.703207179" /><trkpt lat="62.569900086" lon="25.703227436" /><trkpt lat="62.569899689" lon="25.703247562" /><trkpt lat="62.569899297" lon="25.703267552" /><trkpt lat="62.569898912" lon="25.703287401" /><trkpt lat="62.569898534" lon="25.703307104" /><trkpt lat="62.569898162" lon="25.703326657" /><trkpt lat="62.569897797" lon="25.703346055" /><trkpt lat="62.569897438" lon="25.703365293" /><trkpt lat="62.569897087" lon="25.703384368" /><trkpt lat="62.569896742" lon="25.703403273" /><trkpt lat="62.569896405" lon="25.703422005" /><trkpt lat="62.569896074" lon="25.703440558" /><trkpt lat="62.569895751" lon="25.703458928" /><trkpt lat="62.569895434" lon="25.703477110" /><trkpt lat="62.569895126" lon="25.703495100" /><trkpt lat="62.569894824" lon="25.703512893" /><trkpt lat="62.569894530" lon="25.703530484" /><trkpt lat="62.569894244" lon="25.703547868" /><trkpt lat="62.569893965" lon="25.703565041" /><trkpt lat="62.569893695" lon="25.703581998" /><trkpt lat="62.569893432" lon="25.703598734" /><trkpt lat="62.569893176" lon="25.703615245" /><trkpt lat="62.569892929" lon="25.703631526" /><trkpt lat="62.569892691" lon="25.703647573" /><trkpt lat="62.569892460" lon="25.703663379" /><trkpt lat="62.569892237" lon="25.703678942" /><trkpt lat="62.569892023" lon="25.703694256" /><trkpt lat="62.569891817" lon="25.703709316" /><trkpt lat="62.569891620" lon="25.703724119" /><trkpt lat="62.569891432" lon="25.703738658" /><trkpt lat="62.569891252" lon="25.703752929" /><trkpt lat="62.569891081" lon="25.703766929" /><trkpt lat="62.569890919" lon="25.703780651" /><trkpt lat="62.569890822" lon="25.703789030" /><trkpt lat="62.569890724" lon="25.703797656" /><trkpt lat="62.569890625" lon="25.703806528" /><trkpt lat="62.569890524" lon="25.703815642" /><trkpt lat="62.569890422" lon="25.703824997" /><trkpt lat="62.569890319" lon="25.703834591" /><trkpt lat="62.569890215" lon="25.703844421" /><trkpt lat="62.569890109" lon="25.703854486" /><trkpt lat="62.569890002" lon="25.703864783" /><trkpt lat="62.569889893" lon="25.703875310" /><trkpt lat="62.569889783" lon="25.703886064" /><trkpt lat="62.569889673" lon="25.703897045" /><trkpt lat="62.569889560" lon="25.703908250" /><trkpt lat="62.569889447" lon="25.703919675" /><trkpt lat="62.569889332" lon="25.703931321" /><trkpt lat="62.569889217" lon="25.703943183" /><trkpt lat="62.569889100" lon="25.703955261" /><trkpt lat="62.569888982" lon="25.703967551" /><trkpt lat="62.569888862" lon="25.703980053" /><trkpt lat="62.569888742" lon="25.703992763" /><trkpt lat="62.569888620" lon="25.704005679" /><trkpt lat="62.569888497" lon="25.704018800" /><trkpt lat="62.569888374" lon="25.704032123" /><trkpt lat="62.569888249" lon="25.704045646" /><trkpt lat="62.569888123" lon="25.704059368" /><trkpt lat="62.569887995" lon="25.704073285" /><trkpt lat="62.569887867" lon="25.704087395" /><trkpt lat="62.569887738" lon="25.704101698" /><trkpt lat="62.569887608" lon="25.704116189" /><trkpt lat="62.569887476" lon="25.704130868" /><trkpt lat="62.569887344" lon="25.704145732" /><trkpt lat="62.569887211" lon="25.704160779" /><trkpt lat="62.569887076" lon="25.704176007" /><trkpt lat="62.569886941" lon="25.704191413" /><trkpt lat="62.569886805" lon="25.704206996" /><trkpt lat="62.569886667" lon="25.704222753" /><trkpt lat="62.569886529" lon="25.704238683" /><trkpt lat="62.569886390" lon="25.704254783" /><trkpt lat="62.569886250" lon="25.704271050" /><trkpt lat="62.569886109" lon="25.704287484" /><trkpt lat="62.569885967" lon="25.704304081" /><trkpt lat="62.569885824" lon="25.704320840" /><trkpt lat="62.569885680" lon="25.704337758" /><trkpt lat="62.569885536" lon="25.704354834" /><trkpt lat="62.569885390" lon="25.704372064" /><trkpt lat="62.569885244" lon="25.704389448" /><trkpt lat="62.569885097" lon="25.704406982" /><trkpt lat="62.569884949" lon="25.704424665" /><trkpt lat="62.569884801" lon="25.704442495" /><trkpt lat="62.569884651" lon="25.704460469" /><trkpt lat="62.569884501" lon="25.704478585" /><trkpt lat="62.569884350" lon="25.704496841" /><trkpt lat="62.569884198" lon="25.704515236" /><trkpt lat="62.569884045" lon="25.704533766" /><trkpt lat="62.569883892" lon="25.704552430" /><trkpt lat="62.569883738" lon="25.704571225" /><trkpt lat="62.569883583" lon="25.704590150" /><trkpt lat="62.569883428" lon="25.704609202" /><trkpt lat="62.569883272" lon="25.704628380" /><trkpt lat="62.569883115" lon="25.704647680" /><trkpt lat="62.569882957" lon="25.704667101" /><trkpt lat="62.569882799" lon="25.704686641" /><trkpt lat="62.569882641" lon="25.704706297" /><trkpt lat="62.569882481" lon="25.704726068" /><trkpt lat="62.569882321" lon="25.704745951" /><trkpt lat="62.569882161" lon="25.704765944" /><trkpt lat="62.569881999" lon="25.704786045" /><trkpt lat="62.569881838" lon="25.704806253" /><trkpt lat="62.569881675" lon="25.704826563" /><trkpt lat="62.569881512" lon="25.704846976" /><trkpt lat="62.569881349" lon="25.704867487" /><trkpt lat="62.569881185" lon="25.704888096" /><trkpt lat="62.569881020" lon="25.704908801" /><trkpt lat="62.569880855" lon="25.704929598" /><trkpt lat="62.569880690" lon="25.704950486" /><trkpt lat="62.569880524" lon="25.704971463" /><trkpt lat="62.569880357" lon="25.704992526" /><trkpt lat="62.569880190" lon="25.705013674" /><trkpt lat="62.569880023" lon="25.705034904" /><trkpt lat="62.569879855" lon="25.705056214" /><trkpt lat="62.569879687" lon="25.705077602" /><trkpt lat="62.569879518" lon="25.705099067" /><trkpt lat="62.569879349" lon="25.705120604" /><trkpt lat="62.569879180" lon="25.705142214" /><trkpt lat="62.569879010" lon="25.705163893" /><trkpt lat="62.569878839" lon="25.705185639" /><trkpt lat="62.569878669" lon="25.705207450" /><trkpt lat="62.569878498" lon="25.705229324" /><trkpt lat="62.569878327" lon="25.705251260" /><trkpt lat="62.569878155" lon="25.705273254" /><trkpt lat="62.569877983" lon="25.705295304" /><trkpt lat="62.569877811" lon="25.705317409" /><trkpt lat="62.569877639" lon="25.705339566" /><trkpt lat="62.569877466" lon="25.705361774" /><trkpt lat="62.569877293" lon="25.705384029" /><trkpt lat="62.569877119" lon="25.705406330" /><trkpt lat="62.569876946" lon="25.705428675" /><trkpt lat="62.569876772" lon="25.705451062" /><trkpt lat="62.569876598" lon="25.705473488" /><trkpt lat="62.569876424" lon="25.705495952" /><trkpt lat="62.569876250" lon="25.705518450" /><trkpt lat="62.569876075" lon="25.705540982" /><trkpt lat="62.569875901" lon="25.705563544" /><trkpt lat="62.569875726" lon="25.705586136" /><trkpt lat="62.569875551" lon="25.705608753" /><trkpt lat="62.569875376" lon="25.705631396" /><trkpt lat="62.569875201" lon="25.705654060" /><trkpt lat="62.569875025" lon="25.705676745" /><trkpt lat="62.569874850" lon="25.705699448" /><trkpt lat="62.569874674" lon="25.705722167" /><trkpt lat="62.569874499" lon="25.705744899" /><trkpt lat="62.569874323" lon="25.705767643" /><trkpt lat="62.569874147" lon="25.705790397" /><trkpt lat="62.569873972" lon="25.705813157" /><trkpt lat="62.569873796" lon="25.705835923" /><trkpt lat="62.569873620" lon="25.705858693" /><trkpt lat="62.569873444" lon="25.705881462" /><trkpt lat="62.569873269" lon="25.705904231" /><trkpt lat="62.569873093" lon="25.705926997" /><trkpt lat="62.569872917" lon="25.705949756" /><trkpt lat="62.569872742" lon="25.705972508" /><trkpt lat="62.569872566" lon="25.705995251" /><trkpt lat="62.569872391" lon="25.706017981" /><trkpt lat="62.569872215" lon="25.706040697" /><trkpt lat="62.569872040" lon="25.706063397" /><trkpt lat="62.569871865" lon="25.706086079" /><trkpt lat="62.569871690" lon="25.706108740" /><trkpt lat="62.569871515" lon="25.706131379" /><trkpt lat="62.569871340" lon="25.706153992" /><trkpt lat="62.569871165" lon="25.706176579" /><trkpt lat="62.569870991" lon="25.706199137" /><trkpt lat="62.569870816" lon="25.706221663" /><trkpt lat="62.569870642" lon="25.706244156" /><trkpt lat="62.569870468" lon="25.706266614" /><trkpt lat="62.569870294" lon="25.706289033" /><trkpt lat="62.569870121" lon="25.706311413" /><trkpt lat="62.569869948" lon="25.706333752" /><trkpt lat="62.569869775" lon="25.706356046" /><trkpt lat="62.569869602" lon="25.706378293" /><trkpt lat="62.569869430" lon="25.706400493" /><trkpt lat="62.569869257" lon="25.706422642" /><trkpt lat="62.569869085" lon="25.706444738" /><trkpt lat="62.569868914" lon="25.706466779" /><trkpt lat="62.569868743" lon="25.706488764" /><trkpt lat="62.569868572" lon="25.706510689" /><trkpt lat="62.569868401" lon="25.706532554" /><trkpt lat="62.569868231" lon="25.706554354" /><trkpt lat="62.569868061" lon="25.706576090" /><trkpt lat="62.569867891" lon="25.706597758" /><trkpt lat="62.569867722" lon="25.706619355" /><trkpt lat="62.569867554" lon="25.706640881" /><trkpt lat="62.569867385" lon="25.706662333" /><trkpt lat="62.569867218" lon="25.706683709" /><trkpt lat="62.569867050" lon="25.706705006" /><trkpt lat="62.569866883" lon="25.706726223" /><trkpt lat="62.569866717" lon="25.706747358" /><trkpt lat="62.569866551" lon="25.706768407" /><trkpt lat="62.569866385" lon="25.706789369" /><trkpt lat="62.569866220" lon="25.706810243" /><trkpt lat="62.569866056" lon="25.706831025" /><trkpt lat="62.569865892" lon="25.706851714" /><trkpt lat="62.569865728" lon="25.706872307" /><trkpt lat="62.569865565" lon="25.706892803" /><trkpt lat="62.569865403" lon="25.706913199" /><trkpt lat="62.569865241" lon="25.706933493" /><trkpt lat="62.569865080" lon="25.706953683" /><trkpt lat="62.569864919" lon="25.706973767" /><trkpt lat="62.569864759" lon="25.706993743" /><trkpt lat="62.569864600" lon="25.707013608" /><trkpt lat="62.569864441" lon="25.707033360" /><trkpt lat="62.569864283" lon="25.707052998" /><trkpt lat="62.569864126" lon="25.707072518" /><trkpt lat="62.569863969" lon="25.707091920" /><trkpt lat="62.569863813" lon="25.707111200" /><trkpt lat="62.569863657" lon="25.707130357" /><trkpt lat="62.569863502" lon="25.707149389" /><trkpt lat="62.569863348" lon="25.707168293" /><trkpt lat="62.569863195" lon="25.707187067" /><trkpt lat="62.569863043" lon="25.707205710" /><trkpt lat="62.569862891" lon="25.707224218" /><trkpt lat="62.569862740" lon="25.707242590" /><trkpt lat="62.569862589" lon="25.707260824" /><trkpt lat="62.569862440" lon="25.707278917" /><trkpt lat="62.569862291" lon="25.707296868" /><trkpt lat="62.569862143" lon="25.707314674" /><trkpt lat="62.569861996" lon="25.707332333" /><trkpt lat="62.569861850" lon="25.707349843" /><trkpt lat="62.569861705" lon="25.707367202" /><trkpt lat="62.569861560" lon="25.707384407" /><trkpt lat="62.569861416" lon="25.707401457" /><trkpt lat="62.569861274" lon="25.707418349" /><trkpt lat="62.569861132" lon="25.707435082" /><trkpt lat="62.569860991" lon="25.707451653" /><trkpt lat="62.569860851" lon="25.707468060" /><trkpt lat="62.569860711" lon="25.707484300" /><trkpt lat="62.569860573" lon="25.707500372" /><trkpt lat="62.569860436" lon="25.707516274" /><trkpt lat="62.569860300" lon="25.707532003" /><trkpt lat="62.569860164" lon="25.707547558" /><trkpt lat="62.569860030" lon="25.707562935" /><trkpt lat="62.569859897" lon="25.707578134" /><trkpt lat="62.569859764" lon="25.707593151" /><trkpt lat="62.569859633" lon="25.707607985" /><trkpt lat="62.569859503" lon="25.707622634" /><trkpt lat="62.569859373" lon="25.707637095" /><trkpt lat="62.569859245" lon="25.707651366" /><trkpt lat="62.569859118" lon="25.707665445" /><trkpt lat="62.569858992" lon="25.707679331" /><trkpt lat="62.569858867" lon="25.707693020" /><trkpt lat="62.569858743" lon="25.707706511" /><trkpt lat="62.569858620" lon="25.707719801" /><trkpt lat="62.569858499" lon="25.707732889" /><trkpt lat="62.569858378" lon="25.707745772" /><trkpt lat="62.569858259" lon="25.707758449" /><trkpt lat="62.569858141" lon="25.707770916" /><trkpt lat="62.569858024" lon="25.707783172" /><trkpt lat="62.569857908" lon="25.707795215" /><trkpt lat="62.569857793" lon="25.707807042" /><trkpt lat="62.569857680" lon="25.707818652" /><trkpt lat="62.569857568" lon="25.707830042" /><trkpt lat="62.569857457" lon="25.707841210" /><trkpt lat="62.569857347" lon="25.707852154" /><trkpt lat="62.569857239" lon="25.707862872" /><trkpt lat="62.569857132" lon="25.707873362" /><trkpt lat="62.569857026" lon="25.707883621" /><trkpt lat="62.569856921" lon="25.707893648" /><trkpt lat="62.569856818" lon="25.707903440" /><trkpt lat="62.569856716" lon="25.707912995" /><trkpt lat="62.569856616" lon="25.707922311" /><trkpt lat="62.569856516" lon="25.707931386" /><trkpt lat="62.569856418" lon="25.707940218" /><trkpt lat="62.569856322" lon="25.707948804" /><trkpt lat="62.569856159" lon="25.707963543" /><trkpt lat="62.569856003" lon="25.707978456" /><trkpt lat="62.569855853" lon="25.707993538" /><trkpt lat="62.569855708" lon="25.708008787" /><trkpt lat="62.569855570" lon="25.708024200" /><trkpt lat="62.569855437" lon="25.708039775" /><trkpt lat="62.569855310" lon="25.708055509" /><trkpt lat="62.569855187" lon="25.708071398" /><trkpt lat="62.569855070" lon="25.708087439" /><trkpt lat="62.569854957" lon="25.708103631" /><trkpt lat="62.569854849" lon="25.708119969" /><trkpt lat="62.569854745" lon="25.708136452" /><trkpt lat="62.569854646" lon="25.708153076" /><trkpt lat="62.569854550" lon="25.708169839" /><trkpt lat="62.569854457" lon="25.708186737" /><trkpt lat="62.569854369" lon="25.708203768" /><trkpt lat="62.569854283" lon="25.708220929" /><trkpt lat="62.569854201" lon="25.708238217" /><trkpt lat="62.569854121" lon="25.708255629" /><trkpt lat="62.569854044" lon="25.708273162" /><trkpt lat="62.569853970" lon="25.708290813" /><trkpt lat="62.569853897" lon="25.708308581" /><trkpt lat="62.569853827" lon="25.708326460" /><trkpt lat="62.569853758" lon="25.708344450" /><trkpt lat="62.569853691" lon="25.708362547" /><trkpt lat="62.569853625" lon="25.708380747" /><trkpt lat="62.569853561" lon="25.708399049" /><trkpt lat="62.569853497" lon="25.708417450" /><trkpt lat="62.569853435" lon="25.708435946" /><trkpt lat="62.569853372" lon="25.708454534" /><trkpt lat="62.569853310" lon="25.708473212" /><trkpt lat="62.569853249" lon="25.708491978" /><trkpt lat="62.569853187" lon="25.708510827" /><trkpt lat="62.569853124" lon="25.708529757" /><trkpt lat="62.569853062" lon="25.708548766" /><trkpt lat="62.569852998" lon="25.708567850" /><trkpt lat="62.569852934" lon="25.708587007" /><trkpt lat="62.569852868" lon="25.708606234" /><trkpt lat="62.569852801" lon="25.708625527" /><trkpt lat="62.569852733" lon="25.708644885" /><trkpt lat="62.569852662" lon="25.708664304" /><trkpt lat="62.569852590" lon="25.708683781" /><trkpt lat="62.569852516" lon="25.708703313" /><trkpt lat="62.569852439" lon="25.708722898" /><trkpt lat="62.569852359" lon="25.708742533" /><trkpt lat="62.569852277" lon="25.708762214" /><trkpt lat="62.569852192" lon="25.708781940" /><trkpt lat="62.569852103" lon="25.708801707" /><trkpt lat="62.569852011" lon="25.708821512" /><trkpt lat="62.569851916" lon="25.708841352" /><trkpt lat="62.569851816" lon="25.708861225" /><trkpt lat="62.569851712" lon="25.708881127" /><trkpt lat="62.569851604" lon="25.708901057" /><trkpt lat="62.569851492" lon="25.708921010" /><trkpt lat="62.569851375" lon="25.708940984" /><trkpt lat="62.569851253" lon="25.708960977" /><trkpt lat="62.569851126" lon="25.708980985" /><trkpt lat="62.569850993" lon="25.709001005" /><trkpt lat="62.569850855" lon="25.709021035" /><trkpt lat="62.569850711" lon="25.709041072" /><trkpt lat="62.569850562" lon="25.709061113" /><trkpt lat="62.569850406" lon="25.709081155" /><trkpt lat="62.569850243" lon="25.709101195" /><trkpt lat="62.569850074" lon="25.709121230" /><trkpt lat="62.569849899" lon="25.709141258" /><trkpt lat="62.569849716" lon="25.709161275" /><trkpt lat="62.569849526" lon="25.709181279" /><trkpt lat="62.569849329" lon="25.709201267" /><trkpt lat="62.569849124" lon="25.709221236" /><trkpt lat="62.569848911" lon="25.709241183" /><trkpt lat="62.569848690" lon="25.709261105" /><trkpt lat="62.569848461" lon="25.709281000" /><trkpt lat="62.569848223" lon="25.709300864" /><trkpt lat="62.569847976" lon="25.709320695" /><trkpt lat="62.569847721" lon="25.709340490" /><trkpt lat="62.569847457" lon="25.709360246" /><trkpt lat="62.569847183" lon="25.709379960" /><trkpt lat="62.569846900" lon="25.709399629" /><trkpt lat="62.569846607" lon="25.709419251" /><trkpt lat="62.569846304" lon="25.709438822" /><trkpt lat="62.569845991" lon="25.709458339" /><trkpt lat="62.569845667" lon="25.709477801" /><trkpt lat="62.569845333" lon="25.709497203" /><trkpt lat="62.569844989" lon="25.709516544" /><trkpt lat="62.569844633" lon="25.709535819" /><trkpt lat="62.569844266" lon="25.709555027" /><trkpt lat="62.569843887" lon="25.709574165" /><trkpt lat="62.569843497" lon="25.709593229" /><trkpt lat="62.569843096" lon="25.709612217" /><trkpt lat="62.569842682" lon="25.709631126" /><trkpt lat="62.569842256" lon="25.709649952" /><trkpt lat="62.569841817" lon="25.709668694" /><trkpt lat="62.569841366" lon="25.709687349" /><trkpt lat="62.569840901" lon="25.709705912" /><trkpt lat="62.569840424" lon="25.709724382" /><trkpt lat="62.569839934" lon="25.709742756" /><trkpt lat="62.569839430" lon="25.709761031" /><trkpt lat="62.569838912" lon="25.709779204" /><trkpt lat="62.569838380" lon="25.709797272" /><trkpt lat="62.569837834" lon="25.709815232" /><trkpt lat="62.569837274" lon="25.709833082" /><trkpt lat="62.569836699" lon="25.709850818" /><trkpt lat="62.569836110" lon="25.709868438" /><trkpt lat="62.569835505" lon="25.709885938" /><trkpt lat="62.569834886" lon="25.709903317" /><trkpt lat="62.569834251" lon="25.709920570" /><trkpt lat="62.569833600" lon="25.709937696" /><trkpt lat="62.569832934" lon="25.709954691" /><trkpt lat="62.569832251" lon="25.709971553" /><trkpt lat="62.569831552" lon="25.709988279" /><trkpt lat="62.569830837" lon="25.710004865" /><trkpt lat="62.569830105" lon="25.710021309" /><trkpt lat="62.569829357" lon="25.710037608" /><trkpt lat="62.569828591" lon="25.710053759" /><trkpt lat="62.569827808" lon="25.710069760" /><trkpt lat="62.569827007" lon="25.710085607" /><trkpt lat="62.569826189" lon="25.710101297" /><trkpt lat="62.569825353" lon="25.710116829" /><trkpt lat="62.569824499" lon="25.710132198" /><trkpt lat="62.569823626" lon="25.710147402" /><trkpt lat="62.569822735" lon="25.710162439" /><trkpt lat="62.569821825" lon="25.710177304" /><trkpt lat="62.569820897" lon="25.710191996" /><trkpt lat="62.569819949" lon="25.710206512" /><trkpt lat="62.569818981" lon="25.710220848" /><trkpt lat="62.569817994" lon="25.710235002" /><trkpt lat="62.569816988" lon="25.710248972" /><trkpt lat="62.569815961" lon="25.710262753" /><trkpt lat="62.569814914" lon="25.710276343" /><trkpt lat="62.569813847" lon="25.710289740" /><trkpt lat="62.569812759" lon="25.710302941" /><trkpt lat="62.569811650" lon="25.710315942" /><trkpt lat="62.569810520" lon="25.710328741" /><trkpt lat="62.569809369" lon="25.710341334" /><trkpt lat="62.569807549" lon="25.710360781" /><trkpt lat="62.569805710" lon="25.710380196" /><trkpt lat="62.569803854" lon="25.710399581" /><trkpt lat="62.569801982" lon="25.710418934" /><trkpt lat="62.569800095" lon="25.710438256" /><trkpt lat="62.569798195" lon="25.710457547" /><trkpt lat="62.569796283" lon="25.710476805" /><trkpt lat="62.569794360" lon="25.710496031" /><trkpt lat="62.569792428" lon="25.710515224" /><trkpt lat="62.569790489" lon="25.710534385" /><trkpt lat="62.569788542" lon="25.710553513" /><trkpt lat="62.569786591" lon="25.710572607" /><trkpt lat="62.569784636" lon="25.710591668" /><trkpt lat="62.569782678" lon="25.710610696" /><trkpt lat="62.569780719" lon="25.710629689" /><trkpt lat="62.569778761" lon="25.710648648" /><trkpt lat="62.569776804" lon="25.710667573" /><trkpt lat="62.569774850" lon="25.710686462" /><trkpt lat="62.569772900" lon="25.710705317" /><trkpt lat="62.569770956" lon="25.710724137" /><trkpt lat="62.569769019" lon="25.710742920" /><trkpt lat="62.569767090" lon="25.710761669" /><trkpt lat="62.569765171" lon="25.710780381" /><trkpt lat="62.569763263" lon="25.710799057" /><trkpt lat="62.569761367" lon="25.710817696" /><trkpt lat="62.569759485" lon="25.710836298" /><trkpt lat="62.569757618" lon="25.710854864" /><trkpt lat="62.569755768" lon="25.710873392" /><trkpt lat="62.569753936" lon="25.710891883" /><trkpt lat="62.569752122" lon="25.710910336" /><trkpt lat="62.569750329" lon="25.710928750" /><trkpt lat="62.569748558" lon="25.710947127" /><trkpt lat="62.569746811" lon="25.710965465" /><trkpt lat="62.569745088" lon="25.710983764" /><trkpt lat="62.569743390" lon="25.711002024" /><trkpt lat="62.569741720" lon="25.711020245" /><trkpt lat="62.569740079" lon="25.711038426" /><trkpt lat="62.569738468" lon="25.711056567" /><trkpt lat="62.569736888" lon="25.711074668" /><trkpt lat="62.569735340" lon="25.711092729" /><trkpt lat="62.569733827" lon="25.711110750" /><trkpt lat="62.569732349" lon="25.711128729" /><trkpt lat="62.569730908" lon="25.711146668" /><trkpt lat="62.569729505" lon="25.711164565" /><trkpt lat="62.569728141" lon="25.711182420" /><trkpt lat="62.569726818" lon="25.711200234" /><trkpt lat="62.569725537" lon="25.711218005" /><trkpt lat="62.569724300" lon="25.711235734" /><trkpt lat="62.569723108" lon="25.711253421" /><trkpt lat="62.569721961" lon="25.711271065" /><trkpt lat="62.569720863" lon="25.711288665" /><trkpt lat="62.569719813" lon="25.711306222" /><trkpt lat="62.569718814" lon="25.711323736" /><trkpt lat="62.569717866" lon="25.711341206" /><trkpt lat="62.569716971" lon="25.711358631" /><trkpt lat="62.569716130" lon="25.711376013" /><trkpt lat="62.569715345" lon="25.711393349" /><trkpt lat="62.569714618" lon="25.711410641" /><trkpt lat="62.569713948" lon="25.711427887" /><trkpt lat="62.569713338" lon="25.711445089" /><trkpt lat="62.569712790" lon="25.711462244" /><trkpt lat="62.569712303" lon="25.711479354" /><trkpt lat="62.569711881" lon="25.711496417" /><trkpt lat="62.569711523" lon="25.711513434" /><trkpt lat="62.569711233" lon="25.711530405" /><trkpt lat="62.569711009" lon="25.711547328" /><trkpt lat="62.569710856" lon="25.711564205" /><trkpt lat="62.569710772" lon="25.711581034" /><trkpt lat="62.569710761" lon="25.711597815" /><trkpt lat="62.569710823" lon="25.711614548" /><trkpt lat="62.569710959" lon="25.711631233" /><trkpt lat="62.569711171" lon="25.711647870" /><trkpt lat="62.569711461" lon="25.711664458" /><trkpt lat="62.569711829" lon="25.711680997" /><trkpt lat="62.569712278" lon="25.711697487" /><trkpt lat="62.569712807" lon="25.711713928" /><trkpt lat="62.569713420" lon="25.711730319" /><trkpt lat="62.569714116" lon="25.711746659" /><trkpt lat="62.569714898" lon="25.711762950" /><trkpt lat="62.569715767" lon="25.711779190" /><trkpt lat="62.569716723" lon="25.711795380" /><trkpt lat="62.569717770" lon="25.711811518" /><trkpt lat="62.569718907" lon="25.711827606" /><trkpt lat="62.569720136" lon="25.711843642" /><trkpt lat="62.569721459" lon="25.711859626" /><trkpt lat="62.569722876" lon="25.711875558" /><trkpt lat="62.569723920" lon="25.711886766" /><trkpt lat="62.569725001" lon="25.711898147" /><trkpt lat="62.569726119" lon="25.711909700" /><trkpt lat="62.569727272" lon="25.711921422" /><trkpt lat="62.569728461" lon="25.711933311" /><trkpt lat="62.569729684" lon="25.711945368" /><trkpt lat="62.569730941" lon="25.711957589" /><trkpt lat="62.569732231" lon="25.711969972" /><trkpt lat="62.569733552" lon="25.711982518" /><trkpt lat="62.569734905" lon="25.711995223" /><trkpt lat="62.569736288" lon="25.712008087" /><trkpt lat="62.569737701" lon="25.712021106" /><trkpt lat="62.569739143" lon="25.712034281" /><trkpt lat="62.569740614" lon="25.712047610" /><trkpt lat="62.569742111" lon="25.712061090" /><trkpt lat="62.569743635" lon="25.712074720" /><trkpt lat="62.569745186" lon="25.712088498" /><trkpt lat="62.569746761" lon="25.712102423" /><trkpt lat="62.569748360" lon="25.712116494" /><trkpt lat="62.569749983" lon="25.712130708" /><trkpt lat="62.569751629" lon="25.712145064" /><trkpt lat="62.569753297" lon="25.712159560" /><trkpt lat="62.569754986" lon="25.712174195" /><trkpt lat="62.569756695" lon="25.712188967" /><trkpt lat="62.569758424" lon="25.712203874" /><trkpt lat="62.569760172" lon="25.712218915" /><trkpt lat="62.569761938" lon="25.712234089" /><trkpt lat="62.569763722" lon="25.712249393" /><trkpt lat="62.569765522" lon="25.712264826" /><trkpt lat="62.569767338" lon="25.712280386" /><trkpt lat="62.569769169" lon="25.712296072" /><trkpt lat="62.569771014" lon="25.712311882" /><trkpt lat="62.569772872" lon="25.712327814" /><trkpt lat="62.569774744" lon="25.712343867" /><trkpt lat="62.569776627" lon="25.712360039" /><trkpt lat="62.569778522" lon="25.712376329" /><trkpt lat="62.569780427" lon="25.712392735" /><trkpt lat="62.569782341" lon="25.712409255" /><trkpt lat="62.569784264" lon="25.712425888" /><trkpt lat="62.569786196" lon="25.712442632" /><trkpt lat="62.569788135" lon="25.712459485" /><trkpt lat="62.569790080" lon="25.712476446" /><trkpt lat="62.569792031" lon="25.712493513" /><trkpt lat="62.569793987" lon="25.712510685" /><trkpt lat="62.569795947" lon="25.712527959" /><trkpt lat="62.569797911" lon="25.712545335" /><trkpt lat="62.569799877" lon="25.712562811" /><trkpt lat="62.569801845" lon="25.712580384" /><trkpt lat="62.569803815" lon="25.712598054" /><trkpt lat="62.569805785" lon="25.712615819" /><trkpt lat="62.569807754" lon="25.712633677" /><trkpt lat="62.569809722" lon="25.712651627" /><trkpt lat="62.569811688" lon="25.712669666" /><trkpt lat="62.569813652" lon="25.712687794" /><trkpt lat="62.569815611" lon="25.712706008" /><trkpt lat="62.569817567" lon="25.712724307" /><trkpt lat="62.569819518" lon="25.712742690" /><trkpt lat="62.569821462" lon="25.712761155" /><trkpt lat="62.569823400" lon="25.712779699" /><trkpt lat="62.569825331" lon="25.712798322" /><trkpt lat="62.569827254" lon="25.712817023" /><trkpt lat="62.569829167" lon="25.712835798" /><trkpt lat="62.569831071" lon="25.712854647" /><trkpt lat="62.569832965" lon="25.712873568" /><trkpt lat="62.569834847" lon="25.712892560" /><trkpt lat="62.569836717" lon="25.712911620" /><trkpt lat="62.569838575" lon="25.712930747" /><trkpt lat="62.569840419" lon="25.712949940" /><trkpt lat="62.569842248" lon="25.712969197" /><trkpt lat="62.569844063" lon="25.712988516" /><trkpt lat="62.569845861" lon="25.713007896" /><trkpt lat="62.569847643" lon="25.713027334" /><trkpt lat="62.569849407" lon="25.713046830" /><trkpt lat="62.569851154" lon="25.713066382" /><trkpt lat="62.569852881" lon="25.713085988" /><trkpt lat="62.569854589" lon="25.713105647" /><trkpt lat="62.569856276" lon="25.713125356" /><trkpt lat="62.569857941" lon="25.713145115" /><trkpt lat="62.569859585" lon="25.713164921" /><trkpt lat="62.569861206" lon="25.713184774" /><trkpt lat="62.569862803" lon="25.713204670" /><trkpt lat="62.569864376" lon="25.713224610" /><trkpt lat="62.569865924" lon="25.713244590" /><trkpt lat="62.569867446" lon="25.713264610" /><trkpt lat="62.569868941" lon="25.713284668" /><trkpt lat="62.569870408" lon="25.713304763" /><trkpt lat="62.569871848" lon="25.713324891" /><trkpt lat="62.569873258" lon="25.713345053" /><trkpt lat="62.569874638" lon="25.713365246" /><trkpt lat="62.569875988" lon="25.713385469" /><trkpt lat="62.569877307" lon="25.713405721" /><trkpt lat="62.569878594" lon="25.713425998" /><trkpt lat="62.569879847" lon="25.713446301" /><trkpt lat="62.569881067" lon="25.713466626" /><trkpt lat="62.569882253" lon="25.713486974" /><trkpt lat="62.569883403" lon="25.713507341" /><trkpt lat="62.569884518" lon="25.713527727" /><trkpt lat="62.569885595" lon="25.713548129" /><trkpt lat="62.569886635" lon="25.713568547" /><trkpt lat="62.569887637" lon="25.713588978" /><trkpt lat="62.569888600" lon="25.713609421" /><trkpt lat="62.569889523" lon="25.713629874" /><trkpt lat="62.569890405" lon="25.713650336" /><trkpt lat="62.569891246" lon="25.713670804" /><trkpt lat="62.569892045" lon="25.713691278" /><trkpt lat="62.569892801" lon="25.713711756" /><trkpt lat="62.569893513" lon="25.713732236" /><trkpt lat="62.569894180" lon="25.713752717" /><trkpt lat="62.569894803" lon="25.713773196" /><trkpt lat="62.569895379" lon="25.713793673" /><trkpt lat="62.569895909" lon="25.713814145" /><trkpt lat="62.569896391" lon="25.713834611" /><trkpt lat="62.569896824" lon="25.713855069" /><trkpt lat="62.569897209" lon="25.713875519" /><trkpt lat="62.569897544" lon="25.713895957" /><trkpt lat="62.569897828" lon="25.713916383" /><trkpt lat="62.569898060" lon="25.713936794" /><trkpt lat="62.569898241" lon="25.713957190" /><trkpt lat="62.569898368" lon="25.713977569" /><trkpt lat="62.569898442" lon="25.713997928" /><trkpt lat="62.569898461" lon="25.714018267" /><trkpt lat="62.569898425" lon="25.714038583" /><trkpt lat="62.569898332" lon="25.714058876" /><trkpt lat="62.569898192" lon="25.714078221" /><trkpt lat="62.569898002" lon="25.714097583" /><trkpt lat="62.569897761" lon="25.714116961" /><trkpt lat="62.569897472" lon="25.714136352" /><trkpt lat="62.569897134" lon="25.714155758" /><trkpt lat="62.569896748" lon="25.714175176" /><trkpt lat="62.569896314" lon="25.714194606" /><trkpt lat="62.569895833" lon="25.714214046" /><trkpt lat="62.569895306" lon="25.714233496" /><trkpt lat="62.569894732" lon="25.714252955" /><trkpt lat="62.569894113" lon="25.714272422" /><trkpt lat="62.569893450" lon="25.714291895" /><trkpt lat="62.569892741" lon="25.714311375" /><trkpt lat="62.569891989" lon="25.714330859" /><trkpt lat="62.569891194" lon="25.714350347" /><trkpt lat="62.569890356" lon="25.714369839" /><trkpt lat="62.569889475" lon="25.714389332" /><trkpt lat="62.569888553" lon="25.714408827" /><trkpt lat="62.569887589" lon="25.714428321" /><trkpt lat="62.569886585" lon="25.714447815" /><trkpt lat="62.569885541" lon="25.714467307" /><trkpt lat="62.569884457" lon="25.714486797" /><trkpt lat="62.569883334" lon="25.714506282" /><trkpt lat="62.569882172" lon="25.714525763" /><trkpt lat="62.569880973" lon="25.714545238" /><trkpt lat="62.569879736" lon="25.714564707" /><trkpt lat="62.569878462" lon="25.714584168" /><trkpt lat="62.569877151" lon="25.714603621" /><trkpt lat="62.569875805" lon="25.714623064" /><trkpt lat="62.569874423" lon="25.714642497" /><trkpt lat="62.569873006" lon="25.714661918" /><trkpt lat="62.569871556" lon="25.714681327" /><trkpt lat="62.569870071" lon="25.714700723" /><trkpt lat="62.569868553" lon="25.714720105" /><trkpt lat="62.569867003" lon="25.714739471" /><trkpt lat="62.569865420" lon="25.714758821" /><trkpt lat="62.569863805" lon="25.714778154" /><trkpt lat="62.569862160" lon="25.714797469" /><trkpt lat="62.569860484" lon="25.714816765" /><trkpt lat="62.569858778" lon="25.714836041" /><trkpt lat="62.569857042" lon="25.714855296" /><trkpt lat="62.569855277" lon="25.714874528" /><trkpt lat="62.569853484" lon="25.714893738" /><trkpt lat="62.569851663" lon="25.714912925" /><trkpt lat="62.569849815" lon="25.714932086" /><trkpt lat="62.569847940" lon="25.714951221" /><trkpt lat="62.569846038" lon="25.714970330" /><trkpt lat="62.569844111" lon="25.714989411" /><trkpt lat="62.569842158" lon="25.715008464" /><trkpt lat="62.569840181" lon="25.715027487" /><trkpt lat="62.569838179" lon="25.715046479" /><trkpt lat="62.569836154" lon="25.715065440" /><trkpt lat="62.569834106" lon="25.715084368" /><trkpt lat="62.569832035" lon="25.715103263" /><trkpt lat="62.569829942" lon="25.715122123" /><trkpt lat="62.569827828" lon="25.715140948" /><trkpt lat="62.569825692" lon="25.715159737" /><trkpt lat="62.569823536" lon="25.715178489" /><trkpt lat="62.569821360" lon="25.715197202" /><trkpt lat="62.569819165" lon="25.715215876" /><trkpt lat="62.569816951" lon="25.715234510" /><trkpt lat="62.569814718" lon="25.715253102" /><trkpt lat="62.569812468" lon="25.715271653" /><trkpt lat="62.569810200" lon="25.715290160" /><trkpt lat="62.569807915" lon="25.715308624" /><trkpt lat="62.569805615" lon="25.715327042" /><trkpt lat="62.569803299" lon="25.715345415" /><trkpt lat="62.569800967" lon="25.715363741" /><trkpt lat="62.569798621" lon="25.715382019" /><trkpt lat="62.569796261" lon="25.715400248" /><trkpt lat="62.569793887" lon="25.715418427" /><trkpt lat="62.569791500" lon="25.715436556" /><trkpt lat="62.569789101" lon="25.715454633" /><trkpt lat="62.569786690" lon="25.715472657" /><trkpt lat="62.569784267" lon="25.715490628" /><trkpt lat="62.569781834" lon="25.715508544" /><trkpt lat="62.569779390" lon="25.715526405" /><trkpt lat="62.569776936" lon="25.715544209" /><trkpt lat="62.569774473" lon="25.715561955" /><trkpt lat="62.569772001" lon="25.715579644" /><trkpt lat="62.569769521" lon="25.715597273" /><trkpt lat="62.569767033" lon="25.715614841" /><trkpt lat="62.569764538" lon="25.715632349" /><trkpt lat="62.569762037" lon="25.715649794" /><trkpt lat="62.569759529" lon="25.715667176" /><trkpt lat="62.569757015" lon="25.715684493" /><trkpt lat="62.569754497" lon="25.715701746" /><trkpt lat="62.569751974" lon="25.715718933" /><trkpt lat="62.569749447" lon="25.715736052" /><trkpt lat="62.569746917" lon="25.715753104" /><trkpt lat="62.569744384" lon="25.715770086" /><trkpt lat="62.569741848" lon="25.715786999" /><trkpt lat="62.569739311" lon="25.715803841" /><trkpt lat="62.569736772" lon="25.715820611" /><trkpt lat="62.569734232" lon="25.715837308" /><trkpt lat="62.569731693" lon="25.715853931" /><trkpt lat="62.569729153" lon="25.715870480" /><trkpt lat="62.569726614" lon="25.715886953" /><trkpt lat="62.569724077" lon="25.715903349" /><trkpt lat="62.569721541" lon="25.715919668" /><trkpt lat="62.569719008" lon="25.715935908" /><trkpt lat="62.569716478" lon="25.715952069" /><trkpt lat="62.569713951" lon="25.715968149" /><trkpt lat="62.569711428" lon="25.715984148" /><trkpt lat="62.569708910" lon="25.716000064" /><trkpt lat="62.569706396" lon="25.716015897" /><trkpt lat="62.569703889" lon="25.716031646" /><trkpt lat="62.569701387" lon="25.716047310" /><trkpt lat="62.569698892" lon="25.716062887" /><trkpt lat="62.569696405" lon="25.716078377" /><trkpt lat="62.569693925" lon="25.716093779" /><trkpt lat="62.569691453" lon="25.716109092" /><trkpt lat="62.569688990" lon="25.716124315" /><trkpt lat="62.569686536" lon="25.716139446" /><trkpt lat="62.569684093" lon="25.716154486" /><trkpt lat="62.569681659" lon="25.716169433" /><trkpt lat="62.569679237" lon="25.716184286" /><trkpt lat="62.569676826" lon="25.716199044" /><trkpt lat="62.569674426" lon="25.716213706" /><trkpt lat="62.569672040" lon="25.716228272" /><trkpt lat="62.569669666" lon="25.716242739" /><trkpt lat="62.569667306" lon="25.716257108" /><trkpt lat="62.569664960" lon="25.716271378" /><trkpt lat="62.569662629" lon="25.716285546" /><trkpt lat="62.569660313" lon="25.716299613" /><trkpt lat="62.569658013" lon="25.716313578" /><trkpt lat="62.569655728" lon="25.716327439" /><trkpt lat="62.569653461" lon="25.716341196" /><trkpt lat="62.569651211" lon="25.716354847" /><trkpt lat="62.569648687" lon="25.716370231" /><trkpt lat="62.569646144" lon="25.716385872" /><trkpt lat="62.569643583" lon="25.716401764" /><trkpt lat="62.569641002" lon="25.716417901" /><trkpt lat="62.569638403" lon="25.716434278" /><trkpt lat="62.569635785" lon="25.716450888" /><trkpt lat="62.569633149" lon="25.716467726" /><trkpt lat="62.569630494" lon="25.716484785" /><trkpt lat="62.569627820" lon="25.716502060" /><trkpt lat="62.569625129" lon="25.716519545" /><trkpt lat="62.569622419" lon="25.716537234" /><trkpt lat="62.569619690" lon="25.716555121" /><trkpt lat="62.569616944" lon="25.716573200" /><trkpt lat="62.569614180" lon="25.716591466" /><trkpt lat="62.569611397" lon="25.716609912" /><trkpt lat="62.569608597" lon="25.716628533" /><trkpt lat="62.569605779" lon="25.716647322" /><trkpt lat="62.569602943" lon="25.716666274" /><trkpt lat="62.569600090" lon="25.716685384" /><trkpt lat="62.569597219" lon="25.716704644" /><trkpt lat="62.569594330" lon="25.716724049" /><trkpt lat="62.569591424" lon="25.716743594" /><trkpt lat="62.569588501" lon="25.716763272" /><trkpt lat="62.569585560" lon="25.716783078" /><trkpt lat="62.569582602" lon="25.716803005" /><trkpt lat="62.569579628" lon="25.716823048" /><trkpt lat="62.569576636" lon="25.716843201" /><trkpt lat="62.569573627" lon="25.716863458" /><trkpt lat="62.569570601" lon="25.716883814" /><trkpt lat="62.569567559" lon="25.716904261" /><trkpt lat="62.569564499" lon="25.716924795" /><trkpt lat="62.569561423" lon="25.716945409" /><trkpt lat="62.569558331" lon="25.716966097" /><trkpt lat="62.569555222" lon="25.716986855" /><trkpt lat="62.569552097" lon="25.717007675" /><trkpt lat="62.569548955" lon="25.717028552" /><trkpt lat="62.569545797" lon="25.717049480" /><trkpt lat="62.569542623" lon="25.717070454" /><trkpt lat="62.569539433" lon="25.717091466" /><trkpt lat="62.569536226" lon="25.717112512" /><trkpt lat="62.569533004" lon="25.717133586" /><trkpt lat="62.569529766" lon="25.717154681" /><trkpt lat="62.569526512" lon="25.717175792" /><trkpt lat="62.569523243" lon="25.717196913" /><trkpt lat="62.569519958" lon="25.717218038" /><trkpt lat="62.569516657" lon="25.717239161" /><trkpt lat="62.569513341" lon="25.717260276" /><trkpt lat="62.569510009" lon="25.717281377" /><trkpt lat="62.569506662" lon="25.717302459" /><trkpt lat="62.569503300" lon="25.717323515" /><trkpt lat="62.569499923" lon="25.717344540" /><trkpt lat="62.569496531" lon="25.717365528" /><trkpt lat="62.569493123" lon="25.717386473" /><trkpt lat="62.569489701" lon="25.717407369" /><trkpt lat="62.569486264" lon="25.717428210" /><trkpt lat="62.569482812" lon="25.717448990" /><trkpt lat="62.569479345" lon="25.717469704" /><trkpt lat="62.569475864" lon="25.717490345" /><trkpt lat="62.569472368" lon="25.717510907" /><trkpt lat="62.569468858" lon="25.717531386" /><trkpt lat="62.569465333" lon="25.717551774" /><trkpt lat="62.569461795" lon="25.717572066" /><trkpt lat="62.569458241" lon="25.717592257" /><trkpt lat="62.569454674" lon="25.717612339" /><trkpt lat="62.569451093" lon="25.717632308" /><trkpt lat="62.569447497" lon="25.717652157" /><trkpt lat="62.569443888" lon="25.717671881" /><trkpt lat="62.569440265" lon="25.717691474" /><trkpt lat="62.569436628" lon="25.717710929" /><trkpt lat="62.569432978" lon="25.717730241" /><trkpt lat="62.569429314" lon="25.717749404" /><trkpt lat="62.569425636" lon="25.717768412" /><trkpt lat="62.569421945" lon="25.717787260" /><trkpt lat="62.569418240" lon="25.717805941" /><trkpt lat="62.569414523" lon="25.717824449" /><trkpt lat="62.569410792" lon="25.717842779" /><trkpt lat="62.569407048" lon="25.717860925" /><trkpt lat="62.569403291" lon="25.717878880" /><trkpt lat="62.569399520" lon="25.717896640" /><trkpt lat="62.569395737" lon="25.717914197" /><trkpt lat="62.569391942" lon="25.717931547" /><trkpt lat="62.569388133" lon="25.717948683" /><trkpt lat="62.569384312" lon="25.717965599" /><trkpt lat="62.569380478" lon="25.717982290" /><trkpt lat="62.569376632" lon="25.717998750" /><trkpt lat="62.569372773" lon="25.718014972" /><trkpt lat="62.569368902" lon="25.718030951" /><trkpt lat="62.569365018" lon="25.718046682" /><trkpt lat="62.569361123" lon="25.718062157" /><trkpt lat="62.569357215" lon="25.718077371" /><trkpt lat="62.569353295" lon="25.718092319" /><trkpt lat="62.569349364" lon="25.718106995" /><trkpt lat="62.569345420" lon="25.718121392" /><trkpt lat="62.569341465" lon="25.718135504" /><trkpt lat="62.569337497" lon="25.718149327" /><trkpt lat="62.569333519" lon="25.718162853" /><trkpt lat="62.569329528" lon="25.718176077" /><trkpt lat="62.569325526" lon="25.718188994" /><trkpt lat="62.569321513" lon="25.718201597" /><trkpt lat="62.569317489" lon="25.718213880" /><trkpt lat="62.569313453" lon="25.718225838" /><trkpt lat="62.569309406" lon="25.718237464" /><trkpt lat="62.569305347" lon="25.718248753" /><trkpt lat="62.569301278" lon="25.718259699" /><trkpt lat="62.569297198" lon="25.718270296" /><trkpt lat="62.569293107" lon="25.718280538" /><trkpt lat="62.569289005" lon="25.718290419" /><trkpt lat="62.569284893" lon="25.718299934" /><trkpt lat="62.569280770" lon="25.718309076" /><trkpt lat="62.569276636" lon="25.718317839" /><trkpt lat="62.569272492" lon="25.718326219" /><trkpt lat="62.569268337" lon="25.718334208" /><trkpt lat="62.569264172" lon="25.718341801" /><trkpt lat="62.569259997" lon="25.718348992" /><trkpt lat="62.569255812" lon="25.718355775" /><trkpt lat="62.569248590" lon="25.718366978" /><trkpt lat="62.569241104" lon="25.718378338" /><trkpt lat="62.569233361" lon="25.718389853" /><trkpt lat="62.569225370" lon="25.718401519" /><trkpt lat="62.569217137" lon="25.718413335" /><trkpt lat="62.569208672" lon="25.718425297" /><trkpt lat="62.569199983" lon="25.718437402" /><trkpt lat="62.569191076" lon="25.718449648" /><trkpt lat="62.569181961" lon="25.718462033" /><trkpt lat="62.569172645" lon="25.718474552" /><trkpt lat="62.569163136" lon="25.718487204" /><trkpt lat="62.569153442" lon="25.718499985" /><trkpt lat="62.569143571" lon="25.718512894" /><trkpt lat="62.569133531" lon="25.718525926" /><trkpt lat="62.569123330" lon="25.718539080" /><trkpt lat="62.569112976" lon="25.718552353" /><trkpt lat="62.569102477" lon="25.718565742" /><trkpt lat="62.569091841" lon="25.718579243" /><trkpt lat="62.569081076" lon="25.718592855" /><trkpt lat="62.569070190" lon="25.718606575" /><trkpt lat="62.569059190" lon="25.718620399" /><trkpt lat="62.569048086" lon="25.718634326" /><trkpt lat="62.569036884" lon="25.718648351" /><trkpt lat="62.569025593" lon="25.718662474" /><trkpt lat="62.569014220" lon="25.718676690" /><trkpt lat="62.569002774" lon="25.718690997" /><trkpt lat="62.568991263" lon="25.718705392" /><trkpt lat="62.568979695" lon="25.718719873" /><trkpt lat="62.568968076" lon="25.718734436" /><trkpt lat="62.568956417" lon="25.718749080" /><trkpt lat="62.568944724" lon="25.718763800" /><trkpt lat="62.568933006" lon="25.718778595" /><trkpt lat="62.568921270" lon="25.718793462" /><trkpt lat="62.568909524" lon="25.718808398" /><trkpt lat="62.568897777" lon="25.718823399" /><trkpt lat="62.568886036" lon="25.718838464" /><trkpt lat="62.568874310" lon="25.718853590" /><trkpt lat="62.568862605" lon="25.718868774" /><trkpt lat="62.568850931" lon="25.718884012" /><trkpt lat="62.568839296" lon="25.718899303" /><trkpt lat="62.568827706" lon="25.718914643" /><trkpt lat="62.568816171" lon="25.718930031" /><trkpt lat="62.568804698" lon="25.718945462" /><trkpt lat="62.568793295" lon="25.718960934" /><trkpt lat="62.568781970" lon="25.718976445" /><trkpt lat="62.568770731" lon="25.718991992" /><trkpt lat="62.568759586" lon="25.719007572" /><trkpt lat="62.568748543" lon="25.719023181" /><trkpt lat="62.568737611" lon="25.719038819" /><trkpt lat="62.568726796" lon="25.719054481" /><trkpt lat="62.568716107" lon="25.719070164" /><trkpt lat="62.568705552" lon="25.719085867" /><trkpt lat="62.568695138" lon="25.719101587" /><trkpt lat="62.568684875" lon="25.719117320" /><trkpt lat="62.568674769" lon="25.719133064" /><trkpt lat="62.568664829" lon="25.719148816" /><trkpt lat="62.568655063" lon="25.719164573" /><trkpt lat="62.568645478" lon="25.719180333" /><trkpt lat="62.568636084" lon="25.719196092" /><trkpt lat="62.568626886" lon="25.719211849" /><trkpt lat="62.568617895" lon="25.719227600" /><trkpt lat="62.568609117" lon="25.719243342" /><trkpt lat="62.568600560" lon="25.719259073" /><trkpt lat="62.568592233" lon="25.719274790" /><trkpt lat="62.568584144" lon="25.719290491" /><trkpt lat="62.568576300" lon="25.719306172" /><trkpt lat="62.568568709" lon="25.719321830" /><trkpt lat="62.568561380" lon="25.719337463" /><trkpt lat="62.568554592" lon="25.719351825" /><trkpt lat="62.568547458" lon="25.719366203" /><trkpt lat="62.568539990" lon="25.719380595" /><trkpt lat="62.568532195" lon="25.719395000" /><trkpt lat="62.568524084" lon="25.719409415" /><trkpt lat="62.568515667" lon="25.719423839" /><trkpt lat="62.568506952" lon="25.719438270" /><trkpt lat="62.568497950" lon="25.719452706" /><trkpt lat="62.568488671" lon="25.719467146" /><trkpt lat="62.568479123" lon="25.719481588" /><trkpt lat="62.568469317" lon="25.719496030" /><trkpt lat="62.568459262" lon="25.719510471" /><trkpt lat="62.568448968" lon="25.719524908" /><trkpt lat="62.568438444" lon="25.719539340" /><trkpt lat="62.568427700" lon="25.719553766" /><trkpt lat="62.568416746" lon="25.719568183" /><trkpt lat="62.568405590" lon="25.719582589" /><trkpt lat="62.568394244" lon="25.719596983" /><trkpt lat="62.568382717" lon="25.719611364" /><trkpt lat="62.568371017" lon="25.719625729" /><trkpt lat="62.568359155" lon="25.719640077" /><trkpt lat="62.568347141" lon="25.719654405" /><trkpt lat="62.568334984" lon="25.719668713" /><trkpt lat="62.568322693" lon="25.719682998" /><trkpt lat="62.568310278" lon="25.719697259" /><trkpt lat="62.568297749" lon="25.719711494" /><trkpt lat="62.568285116" lon="25.719725701" /><trkpt lat="62.568272388" lon="25.719739879" /><trkpt lat="62.568259575" lon="25.719754025" /><trkpt lat="62.568246686" lon="25.719768138" /><trkpt lat="62.568233731" lon="25.719782217" /><trkpt lat="62.568220719" lon="25.719796258" /><trkpt lat="62.568207661" lon="25.719810262" /><trkpt lat="62.568194566" lon="25.719824226" /><trkpt lat="62.568181443" lon="25.719838147" /><trkpt lat="62.568168302" lon="25.719852026" /><trkpt lat="62.568155153" lon="25.719865859" /><trkpt lat="62.568142006" lon="25.719879645" /><trkpt lat="62.568128869" lon="25.719893382" /><trkpt lat="62.568115753" lon="25.719907068" /><trkpt lat="62.568102667" lon="25.719920703" /><trkpt lat="62.568089621" lon="25.719934283" /><trkpt lat="62.568076625" lon="25.719947808" /><trkpt lat="62.568063687" lon="25.719961275" /><trkpt lat="62.568050818" lon="25.719974683" /><trkpt lat="62.568038028" lon="25.719988030" /><trkpt lat="62.568025326" lon="25.720001314" /><trkpt lat="62.568012721" lon="25.720014533" /><trkpt lat="62.568000223" lon="25.720027687" /><trkpt lat="62.567987842" lon="25.720040772" /><trkpt lat="62.567975588" lon="25.720053788" /><trkpt lat="62.567963470" lon="25.720066732" /><trkpt lat="62.567951497" lon="25.720079603" /><trkpt lat="62.567939680" lon="25.720092399" /><trkpt lat="62.567928028" lon="25.720105118" /><trkpt lat="62.567916550" lon="25.720117759" /><trkpt lat="62.567905257" lon="25.720130319" /><trkpt lat="62.567894157" lon="25.720142798" /><trkpt lat="62.567883261" lon="25.720155193" /><trkpt lat="62.567872578" lon="25.720167502" /><trkpt lat="62.567862117" lon="25.720179724" /><trkpt lat="62.567851889" lon="25.720191857" /><trkpt lat="62.567841903" lon="25.720203900" /><trkpt lat="62.567832169" lon="25.720215850" /><trkpt lat="62.567822695" lon="25.720227706" /><trkpt lat="62.567813493" lon="25.720239466" /><trkpt lat="62.567804571" lon="25.720251128" /><trkpt lat="62.567795939" lon="25.720262691" /><trkpt lat="62.567787606" lon="25.720274152" /><trkpt lat="62.567779583" lon="25.720285511" /><trkpt lat="62.567771879" lon="25.720296765" /><trkpt lat="62.567764504" lon="25.720307912" /><trkpt lat="62.567757466" lon="25.720318951" /><trkpt lat="62.567750777" lon="25.720329881" /><trkpt lat="62.567747010" lon="25.720336293" /><trkpt lat="62.567743123" lon="25.720343147" /><trkpt lat="62.567739120" lon="25.720350435" /><trkpt lat="62.567735001" lon="25.720358151" /><trkpt lat="62.567730770" lon="25.720366288" /><trkpt lat="62.567726428" lon="25.720374840" /><trkpt lat="62.567721976" lon="25.720383801" /><trkpt lat="62.567717418" lon="25.720393164" /><trkpt lat="62.567712755" lon="25.720402922" /><trkpt lat="62.567707988" lon="25.720413069" /><trkpt lat="62.567703121" lon="25.720423599" /><trkpt lat="62.567698155" lon="25.720434504" /><trkpt lat="62.567693092" lon="25.720445779" /><trkpt lat="62.567687934" lon="25.720457416" /><trkpt lat="62.567682684" lon="25.720469410" /><trkpt lat="62.567677343" lon="25.720481754" /><trkpt lat="62.567671912" lon="25.720494441" /><trkpt lat="62.567666395" lon="25.720507464" /><trkpt lat="62.567660794" lon="25.720520818" /><trkpt lat="62.567655109" lon="25.720534495" /><trkpt lat="62.567649344" lon="25.720548490" /><trkpt lat="62.567643500" lon="25.720562795" /><trkpt lat="62.567637579" lon="25.720577405" /><trkpt lat="62.567631584" lon="25.720592312" /><trkpt lat="62.567625516" lon="25.720607510" /><trkpt lat="62.567619378" lon="25.720622993" /><trkpt lat="62.567613171" lon="25.720638753" /><trkpt lat="62.567606897" lon="25.720654786" /><trkpt lat="62.567600558" lon="25.720671083" /><trkpt lat="62.567594158" lon="25.720687639" /><trkpt lat="62.567587696" lon="25.720704447" /><trkpt lat="62.567581176" lon="25.720721500" /><trkpt lat="62.567574600" lon="25.720738792" /><trkpt lat="62.567567969" lon="25.720756317" /><trkpt lat="62.567561285" lon="25.720774067" /><trkpt lat="62.567554551" lon="25.720792037" /><trkpt lat="62.567547769" lon="25.720810220" /><trkpt lat="62.567540940" lon="25.720828609" /><trkpt lat="62.567534067" lon="25.720847198" /><trkpt lat="62.567527152" lon="25.720865981" /><trkpt lat="62.567520196" lon="25.720884950" /><trkpt lat="62.567513202" lon="25.720904099" /><trkpt lat="62.567506171" lon="25.720923422" /><trkpt lat="62.567499106" lon="25.720942913" /><trkpt lat="62.567492009" lon="25.720962564" /><trkpt lat="62.567484882" lon="25.720982369" /><trkpt lat="62.567477726" lon="25.721002322" /><trkpt lat="62.567470544" lon="25.721022416" /><trkpt lat="62.567463338" lon="25.721042645" /><trkpt lat="62.567456109" lon="25.721063002" /><trkpt lat="62.567448861" lon="25.721083480" /><trkpt lat="62.567441594" lon="25.721104074" /><trkpt lat="62.567434311" lon="25.721124776" /><trkpt lat="62.567427015" lon="25.721145580" /><trkpt lat="62.567419705" lon="25.721166479" /><trkpt lat="62.567412386" lon="25.721187468" /><trkpt lat="62.567405059" lon="25.721208539" /><trkpt lat="62.567397726" lon="25.721229686" /><trkpt lat="62.567390388" lon="25.721250903" /><trkpt lat="62.567383049" lon="25.721272182" /><trkpt lat="62.567375710" lon="25.721293518" /><trkpt lat="62.567368372" lon="25.721314904" /><trkpt lat="62.567361039" lon="25.721336333" /><trkpt lat="62.567353712" lon="25.721357799" /><trkpt lat="62.567346393" lon="25.721379295" /><trkpt lat="62.567339084" lon="25.721400815" /><trkpt lat="62.567331787" lon="25.721422352" /><trkpt lat="62.567324504" lon="25.721443901" /><trkpt lat="62.567317237" lon="25.721465453" /><trkpt lat="62.567309989" lon="25.721487003" /><trkpt lat="62.567302760" lon="25.721508544" /><trkpt lat="62.567295554" lon="25.721530070" /><trkpt lat="62.567288372" lon="25.721551575" /><trkpt lat="62.567281217" lon="25.721573050" /><trkpt lat="62.567274089" lon="25.721594491" /><trkpt lat="62.567266992" lon="25.721615891" /><trkpt lat="62.567259927" lon="25.721637243" /><trkpt lat="62.567252897" lon="25.721658540" /><trkpt lat="62.567245902" lon="25.721679776" /><trkpt lat="62.567238946" lon="25.721700945" /><trkpt lat="62.567232031" lon="25.721722040" /><trkpt lat="62.567225158" lon="25.721743054" /><trkpt lat="62.567218329" lon="25.721763981" /><trkpt lat="62.567211547" lon="25.721784815" /><trkpt lat="62.567204813" lon="25.721805549" /><trkpt lat="62.567198129" lon="25.721826176" /><trkpt lat="62.567191498" lon="25.721846690" /><trkpt lat="62.567184922" lon="25.721867085" /><trkpt lat="62.567178402" lon="25.721887353" /><trkpt lat="62.567171940" lon="25.721907488" /><trkpt lat="62.567165539" lon="25.721927485" /><trkpt lat="62.567159201" lon="25.721947336" /><trkpt lat="62.567152927" lon="25.721967034" /><trkpt lat="62.567146720" lon="25.721986574" /><trkpt lat="62.567140581" lon="25.722005949" /><trkpt lat="62.567134513" lon="25.722025151" /><trkpt lat="62.567128518" lon="25.722044176" /><trkpt lat="62.567122597" lon="25.722063015" /><trkpt lat="62.567116753" lon="25.722081664" /><trkpt lat="62.567110988" lon="25.722100114" /><trkpt lat="62.567105303" lon="25.722118360" /><trkpt lat="62.567099702" lon="25.722136396" /><trkpt lat="62.567094185" lon="25.722154213" /><trkpt lat="62.567088754" lon="25.722171807" /><trkpt lat="62.567083413" lon="25.722189171" /><trkpt lat="62.567078162" lon="25.722206297" /><trkpt lat="62.567073005" lon="25.722223180" /><trkpt lat="62.567067942" lon="25.722239813" /><trkpt lat="62.567062975" lon="25.722256190" /><trkpt lat="62.567058108" lon="25.722272303" /><trkpt lat="62.567053342" lon="25.722288147" /><trkpt lat="62.567048679" lon="25.722303715" /><trkpt lat="62.567044120" lon="25.722319000" /><trkpt lat="62.567039669" lon="25.722333996" /><trkpt lat="62.567035326" lon="25.722348696" /><trkpt lat="62.567031095" lon="25.722363094" /><trkpt lat="62.567026976" lon="25.722377184" /><trkpt lat="62.567022973" lon="25.722390958" /><trkpt lat="62.567019086" lon="25.722404411" /><trkpt lat="62.567015319" lon="25.722417535" /><trkpt lat="62.567011673" lon="25.722430325" /><trkpt lat="62.567008149" lon="25.722442773" /><trkpt lat="62.567004751" lon="25.722454874" /><trkpt lat="62.567001480" lon="25.722466620" /><trkpt lat="62.566998339" lon="25.722478006" /><trkpt lat="62.566995328" lon="25.722489024" /><trkpt lat="62.566992451" lon="25.722499668" /><trkpt lat="62.566989709" lon="25.722509932" /><trkpt lat="62.566987104" lon="25.722519809" /><trkpt lat="62.566984638" lon="25.722529292" /><trkpt lat="62.566982126" lon="25.722539201" /><trkpt lat="62.566979611" lon="25.722549456" /><trkpt lat="62.566977095" lon="25.722560052" /><trkpt lat="62.566974577" lon="25.722570983" /><trkpt lat="62.566972058" lon="25.722582245" /><trkpt lat="62.566969536" lon="25.722593831" /><trkpt lat="62.566967012" lon="25.722605736" /><trkpt lat="62.566964487" lon="25.722617955" /><trkpt lat="62.566961960" lon="25.722630483" /><trkpt lat="62.566959431" lon="25.722643314" /><trkpt lat="62.566956900" lon="25.722656442" /><trkpt lat="62.566954368" lon="25.722669863" /><trkpt lat="62.566951834" lon="25.722683570" /><trkpt lat="62.566949298" lon="25.722697559" /><trkpt lat="62.566946760" lon="25.722711824" /><trkpt lat="62.566944221" lon="25.722726360" /><trkpt lat="62.566941680" lon="25.722741161" /><trkpt lat="62.566939137" lon="25.722756221" /><trkpt lat="62.566936593" lon="25.722771536" /><trkpt lat="62.566934047" lon="25.722787101" /><trkpt lat="62.566931499" lon="25.722802908" /><trkpt lat="62.566928950" lon="25.722818954" /><trkpt lat="62.566926399" lon="25.722835233" /><trkpt lat="62.566923847" lon="25.722851740" /><trkpt lat="62.566921293" lon="25.722868468" /><trkpt lat="62.566918737" lon="25.722885413" /><trkpt lat="62.566916180" lon="25.722902569" /><trkpt lat="62.566913622" lon="25.722919931" /><trkpt lat="62.566911062" lon="25.722937493" /><trkpt lat="62.566908501" lon="25.722955251" /><trkpt lat="62.566905938" lon="25.722973198" /><trkpt lat="62.566903373" lon="25.722991329" /><trkpt lat="62.566900808" lon="25.723009639" /><trkpt lat="62.566898240" lon="25.723028122" /><trkpt lat="62.566895672" lon="25.723046774" /><trkpt lat="62.566893102" lon="25.723065588" /><trkpt lat="62.566890530" lon="25.723084559" /><trkpt lat="62.566887958" lon="25.723103682" /><trkpt lat="62.566885384" lon="25.723122952" /><trkpt lat="62.566882808" lon="25.723142362" /><trkpt lat="62.566880232" lon="25.723161908" /><trkpt lat="62.566877654" lon="25.723181584" /><trkpt lat="62.566875074" lon="25.723201385" /><trkpt lat="62.566872494" lon="25.723221306" /><trkpt lat="62.566869912" lon="25.723241340" /><trkpt lat="62.566867329" lon="25.723261483" /><trkpt lat="62.566864745" lon="25.723281729" /><trkpt lat="62.566862160" lon="25.723302073" /><trkpt lat="62.566859573" lon="25.723322509" /><trkpt lat="62.566856985" lon="25.723343033" /><trkpt lat="62.566854396" lon="25.723363637" /><trkpt lat="62.566851806" lon="25.723384318" /><trkpt lat="62.566849215" lon="25.723405070" /><trkpt lat="62.566846623" lon="25.723425887" /><trkpt lat="62.566844030" lon="25.723446764" /><trkpt lat="62.566841435" lon="25.723467696" /><trkpt lat="62.566838840" lon="25.723488677" /><trkpt lat="62.566836243" lon="25.723509701" /><trkpt lat="62.566833646" lon="25.723530764" /><trkpt lat="62.566831047" lon="25.723551860" /><trkpt lat="62.566828447" lon="25.723572984" /><trkpt lat="62.566825847" lon="25.723594129" /><trkpt lat="62.566823245" lon="25.723615291" /><trkpt lat="62.566820643" lon="25.723636465" /><trkpt lat="62.566818040" lon="25.723657645" /><trkpt lat="62.566815435" lon="25.723678825" /><trkpt lat="62.566812830" lon="25.723700000" /><trkpt lat="62.566810224" lon="25.723721165" /><trkpt lat="62.566807617" lon="25.723742314" /><trkpt lat="62.566805009" lon="25.723763443" /><trkpt lat="62.566802401" lon="25.723784545" /><trkpt lat="62.566799791" lon="25.723805614" /><trkpt lat="62.566797181" lon="25.723826647" /><trkpt lat="62.566794570" lon="25.723847637" /><trkpt lat="62.566791958" lon="25.723868579" /><trkpt lat="62.566789345" lon="25.723889467" /><trkpt lat="62.566786732" lon="25.723910297" /><trkpt lat="62.566784118" lon="25.723931062" /><trkpt lat="62.566781503" lon="25.723951758" /><trkpt lat="62.566778888" lon="25.723972378" /><trkpt lat="62.566776271" lon="25.723992918" /><trkpt lat="62.566773654" lon="25.724013372" /><trkpt lat="62.566771037" lon="25.724033735" /><trkpt lat="62.566768419" lon="25.724054001" /><trkpt lat="62.566765800" lon="25.724074165" /><trkpt lat="62.566763181" lon="25.724094222" /><trkpt lat="62.566760561" lon="25.724114166" /><trkpt lat="62.566757940" lon="25.724133991" /><trkpt lat="62.566755319" lon="25.724153692" /><trkpt lat="62.566752697" lon="25.724173265" /><trkpt lat="62.566750075" lon="25.724192703" /><trkpt lat="62.566747452" lon="25.724212001" /><trkpt lat="62.566744829" lon="25.724231154" /><trkpt lat="62.566742206" lon="25.724250156" /><trkpt lat="62.566739581" lon="25.724269002" /><trkpt lat="62.566736957" lon="25.724287686" /><trkpt lat="62.566734332" lon="25.724306204" /><trkpt lat="62.566731706" lon="25.724324549" /><trkpt lat="62.566729080" lon="25.724342716" /><trkpt lat="62.566726454" lon="25.724360700" /><trkpt lat="62.566723828" lon="25.724378496" /><trkpt lat="62.566721201" lon="25.724396098" /><trkpt lat="62.566718573" lon="25.724413500" /><trkpt lat="62.566715946" lon="25.724430698" /><trkpt lat="62.566713318" lon="25.724447686" /><trkpt lat="62.566710689" lon="25.724464458" /><trkpt lat="62.566708061" lon="25.724481009" /><trkpt lat="62.566705432" lon="25.724497334" /><trkpt lat="62.566702803" lon="25.724513427" /><trkpt lat="62.566700174" lon="25.724529283" /><trkpt lat="62.566697544" lon="25.724544896" /><trkpt lat="62.566694915" lon="25.724560261" /><trkpt lat="62.566692285" lon="25.724575373" /><trkpt lat="62.566689655" lon="25.724590227" /><trkpt lat="62.566687024" lon="25.724604816" /><trkpt lat="62.566684394" lon="25.724619135" /><trkpt lat="62.566681763" lon="25.724633180" /><trkpt lat="62.566679133" lon="25.724646944" /><trkpt lat="62.566676502" lon="25.724660423" /><trkpt lat="62.566673871" lon="25.724673610" /><trkpt lat="62.566671241" lon="25.724686500" /><trkpt lat="62.566668610" lon="25.724699089" /><trkpt lat="62.566665979" lon="25.724711371" /><trkpt lat="62.566663348" lon="25.724723339" /><trkpt lat="62.566661317" lon="25.724732356" /><trkpt lat="62.566659177" lon="25.724741653" /><trkpt lat="62.566656932" lon="25.724751228" /><trkpt lat="62.566654581" lon="25.724761076" /><trkpt lat="62.566652126" lon="25.724771194" /><trkpt lat="62.566649569" lon="25.724781580" /><trkpt lat="62.566646910" lon="25.724792229" /><trkpt lat="62.566644151" lon="25.724803138" /><trkpt lat="62.566641293" lon="25.724814304" /><trkpt lat="62.566638337" lon="25.724825724" /><trkpt lat="62.566635285" lon="25.724837394" /><trkpt lat="62.566632138" lon="25.724849311" /><trkpt lat="62.566628896" lon="25.724861471" /><trkpt lat="62.566625562" lon="25.724873871" /><trkpt lat="62.566622137" lon="25.724886508" /><trkpt lat="62.566618621" lon="25.724899379" /><trkpt lat="62.566615016" lon="25.724912480" /><trkpt lat="62.566611324" lon="25.724925807" /><trkpt lat="62.566607545" lon="25.724939358" /><trkpt lat="62.566603681" lon="25.724953129" /><trkpt lat="62.566599733" lon="25.724967117" /><trkpt lat="62.566595702" lon="25.724981318" /><trkpt lat="62.566591589" lon="25.724995728" /><trkpt lat="62.566587397" lon="25.725010346" /><trkpt lat="62.566583125" lon="25.725025167" /><trkpt lat="62.566578776" lon="25.725040187" /><trkpt lat="62.566574350" lon="25.725055404" /><trkpt lat="62.566569849" lon="25.725070815" /><trkpt lat="62.566565274" lon="25.725086415" /><trkpt lat="62.566560626" lon="25.725102202" /><trkpt lat="62.566555907" lon="25.725118171" /><trkpt lat="62.566551117" lon="25.725134321" /><trkpt lat="62.566546259" lon="25.725150647" /><trkpt lat="62.566541332" lon="25.725167146" /><trkpt lat="62.566536339" lon="25.725183815" /><trkpt lat="62.566531281" lon="25.725200650" /><trkpt lat="62.566526159" lon="25.725217649" /><trkpt lat="62.566520974" lon="25.725234807" /><trkpt lat="62.566515728" lon="25.725252121" /><trkpt lat="62.566510421" lon="25.725269588" /><trkpt lat="62.566505055" lon="25.725287205" /><trkpt lat="62.566499632" lon="25.725304968" /><trkpt lat="62.566494152" lon="25.725322874" /><trkpt lat="62.566488616" lon="25.725340919" /><trkpt lat="62.566483027" lon="25.725359101" /><trkpt lat="62.566477385" lon="25.725377416" /><trkpt lat="62.566471691" lon="25.725395860" /><trkpt lat="62.566465947" lon="25.725414430" /><trkpt lat="62.566460154" lon="25.725433123" /><trkpt lat="62.566454314" lon="25.725451935" /><trkpt lat="62.566448426" lon="25.725470864" /><trkpt lat="62.566442494" lon="25.725489905" /><trkpt lat="62.566436517" lon="25.725509056" /><trkpt lat="62.566430497" lon="25.725528312" /><trkpt lat="62.566424436" lon="25.725547671" /><trkpt lat="62.566418335" lon="25.725567130" /><trkpt lat="62.566412195" lon="25.725586684" /><trkpt lat="62.566406016" lon="25.725606331" /><trkpt lat="62.566399802" lon="25.725626068" /><trkpt lat="62.566393552" lon="25.725645890" /><trkpt lat="62.566387267" lon="25.725665795" /><trkpt lat="62.566380950" lon="25.725685779" /><trkpt lat="62.566374602" lon="25.725705839" /><trkpt lat="62.566368223" lon="25.725725971" /><trkpt lat="62.566361815" lon="25.725746172" /><trkpt lat="62.566355379" lon="25.725766439" /><trkpt lat="62.566348917" lon="25.725786769" /><trkpt lat="62.566342429" lon="25.725807158" /><trkpt lat="62.566335917" lon="25.725827602" /><trkpt lat="62.566329383" lon="25.725848099" /><trkpt lat="62.566322827" lon="25.725868645" /><trkpt lat="62.566316250" lon="25.725889236" /><trkpt lat="62.566309654" lon="25.725909870" /><trkpt lat="62.566303041" lon="25.725930542" /><trkpt lat="62.566296411" lon="25.725951251" /><trkpt lat="62.566289765" lon="25.725971991" /><trkpt lat="62.566283106" lon="25.725992761" /><trkpt lat="62.566276433" lon="25.726013556" /><trkpt lat="62.566269749" lon="25.726034373" /><trkpt lat="62.566263055" lon="25.726055209" /><trkpt lat="62.566256351" lon="25.726076060" /><trkpt lat="62.566249640" lon="25.726096924" /><trkpt lat="62.566242922" lon="25.726117796" /><trkpt lat="62.566236199" lon="25.726138674" /><trkpt lat="62.566229471" lon="25.726159554" /><trkpt lat="62.566222741" lon="25.726180432" /><trkpt lat="62.566216009" lon="25.726201306" /><trkpt lat="62.566209277" lon="25.726222172" /><trkpt lat="62.566202545" lon="25.726243026" /><trkpt lat="62.566195816" lon="25.726263866" /><trkpt lat="62.566189090" lon="25.726284688" /><trkpt lat="62.566182369" lon="25.726305488" /><trkpt lat="62.566175653" lon="25.726326264" /><trkpt lat="62.566168945" lon="25.726347011" /><trkpt lat="62.566162245" lon="25.726367727" /><trkpt lat="62.566155554" lon="25.726388409" /><trkpt lat="62.566148875" lon="25.726409052" /><trkpt lat="62.566142207" lon="25.726429653" /><trkpt lat="62.566135553" lon="25.726450210" /><trkpt lat="62.566128914" lon="25.726470718" /><trkpt lat="62.566122290" lon="25.726491175" /><trkpt lat="62.566115683" lon="25.726511577" /><trkpt lat="62.566109095" lon="25.726531920" /><trkpt lat="62.566102527" lon="25.726552202" /><trkpt lat="62.566095979" lon="25.726572419" /><trkpt lat="62.566089453" lon="25.726592567" /><trkpt lat="62.566082951" lon="25.726612644" /><trkpt lat="62.566076473" lon="25.726632646" /><trkpt lat="62.566070021" lon="25.726652569" /><trkpt lat="62.566063596" lon="25.726672411" /><trkpt lat="62.566057199" lon="25.726692167" /><trkpt lat="62.566050832" lon="25.726711835" /><trkpt lat="62.566044496" lon="25.726731412" /><trkpt lat="62.566038192" lon="25.726750893" /><trkpt lat="62.566031921" lon="25.726770275" /><trkpt lat="62.566025685" lon="25.726789556" /><trkpt lat="62.566019484" lon="25.726808731" /><trkpt lat="62.566013321" lon="25.726827798" /><trkpt lat="62.566007196" lon="25.726846752" /><trkpt lat="62.566001110" lon="25.726865592" /><trkpt lat="62.565995066" lon="25.726884313" /><trkpt lat="62.565989063" lon="25.726902911" /><trkpt lat="62.565983104" lon="25.726921385" /><trkpt lat="62.565977189" lon="25.726939730" /><trkpt lat="62.565971320" lon="25.726957942" /><trkpt lat="62.565965498" lon="25.726976020" /><trkpt lat="62.565959724" lon="25.726993958" /><trkpt lat="62.565954000" lon="25.727011754" /><trkpt lat="62.565948326" lon="25.727029405" /><trkpt lat="62.565942705" lon="25.727046907" /><trkpt lat="62.565937137" lon="25.727064257" /><trkpt lat="62.565931623" lon="25.727081451" /><trkpt lat="62.565926166" lon="25.727098487" /><trkpt lat="62.565920765" lon="25.727115360" /><trkpt lat="62.565915422" lon="25.727132068" /><trkpt lat="62.565910139" lon="25.727148606" /><trkpt lat="62.565904917" lon="25.727164972" /><trkpt lat="62.565899757" lon="25.727181163" /><trkpt lat="62.565894660" lon="25.727197175" /><trkpt lat="62.565889628" lon="25.727213004" /><trkpt lat="62.565884661" lon="25.727228648" /><trkpt lat="62.565879761" lon="25.727244102" /><trkpt lat="62.565874930" lon="25.727259364" /><trkpt lat="62.565870168" lon="25.727274430" /><trkpt lat="62.565865477" lon="25.727289298" /><trkpt lat="62.565860858" lon="25.727303962" /><trkpt lat="62.565856312" lon="25.727318421" /><trkpt lat="62.565851841" lon="25.727332671" /><trkpt lat="62.565847445" lon="25.727346708" /><trkpt lat="62.565843126" lon="25.727360529" /><trkpt lat="62.565838886" lon="25.727374131" /><trkpt lat="62.565834725" lon="25.727387510" /><trkpt lat="62.565830645" lon="25.727400664" /><trkpt lat="62.565826646" lon="25.727413588" /><trkpt lat="62.565822731" lon="25.727426279" /><trkpt lat="62.565818901" lon="25.727438734" /><trkpt lat="62.565815156" lon="25.727450950" /><trkpt lat="62.565811498" lon="25.727462924" /><trkpt lat="62.565807928" lon="25.727474651" /><trkpt lat="62.565804448" lon="25.727486129" /><trkpt lat="62.565801059" lon="25.727497354" /><trkpt lat="62.565797761" lon="25.727508322" /><trkpt lat="62.565794557" lon="25.727519032" /><trkpt lat="62.565791447" lon="25.727529478" /><trkpt lat="62.565788433" lon="25.727539659" /><trkpt lat="62.565782085" lon="25.727561290" /><trkpt lat="62.565775917" lon="25.727582569" /><trkpt lat="62.565769926" lon="25.727603505" /><trkpt lat="62.565764111" lon="25.727624110" /><trkpt lat="62.565758469" lon="25.727644392" /><trkpt lat="62.565752997" lon="25.727664361" /><trkpt lat="62.565747695" lon="25.727684029" /><trkpt lat="62.565742558" lon="25.727703404" /><trkpt lat="62.565737585" lon="25.727722496" /><trkpt lat="62.565732774" lon="25.727741316" /><trkpt lat="62.565728122" lon="25.727759873" /><trkpt lat="62.565723628" lon="25.727778178" /><trkpt lat="62.565719288" lon="25.727796241" /><trkpt lat="62.565715100" lon="25.727814071" /><trkpt lat="62.565711063" lon="25.727831678" /><trkpt lat="62.565707173" lon="25.727849073" /><trkpt lat="62.565703429" lon="25.727866265" /><trkpt lat="62.565699828" lon="25.727883264" /><trkpt lat="62.565696368" lon="25.727900080" /><trkpt lat="62.565693047" lon="25.727916724" /><trkpt lat="62.565689862" lon="25.727933205" /><trkpt lat="62.565686811" lon="25.727949533" /><trkpt lat="62.565683892" lon="25.727965719" /><trkpt lat="62.565681102" lon="25.727981771" /><trkpt lat="62.565678439" lon="25.727997701" /><trkpt lat="62.565675902" lon="25.728013518" /><trkpt lat="62.565673486" lon="25.728029232" /><trkpt lat="62.565671192" lon="25.728044852" /><trkpt lat="62.565669015" lon="25.728060390" /><trkpt lat="62.565666953" lon="25.728075855" /><trkpt lat="62.565665005" lon="25.728091257" /><trkpt lat="62.565663169" lon="25.728106605" /><trkpt lat="62.565661441" lon="25.728121911" /><trkpt lat="62.565659819" lon="25.728137183" /><trkpt lat="62.565658302" lon="25.728152432" /><trkpt lat="62.565656886" lon="25.728167669" /><trkpt lat="62.565655570" lon="25.728182901" /><trkpt lat="62.565654352" lon="25.728198141" /><trkpt lat="62.565653228" lon="25.728213397" /><trkpt lat="62.565652197" lon="25.728228680" /><trkpt lat="62.565651256" lon="25.728244000" /><trkpt lat="62.565650404" lon="25.728259366" /><trkpt lat="62.565649637" lon="25.728274789" /><trkpt lat="62.565648954" lon="25.728290278" /><trkpt lat="62.565648352" lon="25.728305844" /><trkpt lat="62.565647829" lon="25.728321497" /><trkpt lat="62.565647383" lon="25.728337246" /><trkpt lat="62.565647011" lon="25.728353101" /><trkpt lat="62.565646711" lon="25.728369073" /><trkpt lat="62.565646481" lon="25.728385171" /><trkpt lat="62.565646318" lon="25.728401406" /><trkpt lat="62.565646220" lon="25.728417787" /><trkpt lat="62.565646185" lon="25.728434324" /><trkpt lat="62.565646211" lon="25.728451028" /><trkpt lat="62.565646295" lon="25.728467908" /><trkpt lat="62.565646434" lon="25.728484974" /><trkpt lat="62.565646628" lon="25.728502236" /><trkpt lat="62.565646873" lon="25.728519705" /><trkpt lat="62.565647166" lon="25.728537390" /><trkpt lat="62.565647507" lon="25.728555300" /><trkpt lat="62.565647892" lon="25.728573447" /><trkpt lat="62.565648319" lon="25.728591840" /><trkpt lat="62.565648786" lon="25.728610489" /><trkpt lat="62.565649291" lon="25.728629404" /><trkpt lat="62.565649831" lon="25.728648595" /><trkpt lat="62.565650404" lon="25.728668072" /><trkpt lat="62.565651007" lon="25.728687845" /><trkpt lat="62.565651639" lon="25.728707924" /><trkpt lat="62.565652297" lon="25.728728318" /><trkpt lat="62.565652979" lon="25.728749039" /><trkpt lat="62.565653682" lon="25.728770095" /><trkpt lat="62.565654405" lon="25.728791497" /><trkpt lat="62.565655144" lon="25.728813255" /><trkpt lat="62.565655898" lon="25.728835379" /><trkpt lat="62.565656664" lon="25.728857878" /><trkpt lat="62.565657441" lon="25.728880763" /><trkpt lat="62.565658130" lon="25.728901321" /><trkpt lat="62.565658803" lon="25.728921721" /><trkpt lat="62.565659458" lon="25.728941968" /><trkpt lat="62.565660096" lon="25.728962064" /><trkpt lat="62.565660715" lon="25.728982013" /><trkpt lat="62.565661315" lon="25.729001819" /><trkpt lat="62.565661896" lon="25.729021483" /><trkpt lat="62.565662457" lon="25.729041011" /><trkpt lat="62.565662998" lon="25.729060404" /><trkpt lat="62.565663518" lon="25.729079667" /><trkpt lat="62.565664017" lon="25.729098802" /><trkpt lat="62.565664494" lon="25.729117814" /><trkpt lat="62.565664948" lon="25.729136704" /><trkpt lat="62.565665381" lon="25.729155478" /><trkpt lat="62.565665790" lon="25.729174137" /><trkpt lat="62.565666175" lon="25.729192685" /><trkpt lat="62.565666536" lon="25.729211125" /><trkpt lat="62.565666873" lon="25.729229462" /><trkpt lat="62.565667184" lon="25.729247697" /><trkpt lat="62.565667470" lon="25.729265835" /><trkpt lat="62.565667730" lon="25.729283878" /><trkpt lat="62.565667963" lon="25.729301831" /><trkpt lat="62.565668169" lon="25.729319696" /><trkpt lat="62.565668348" lon="25.729337476" /><trkpt lat="62.565668498" lon="25.729355175" /><trkpt lat="62.565668620" lon="25.729372796" /><trkpt lat="62.565668713" lon="25.729390343" /><trkpt lat="62.565668777" lon="25.729407819" /><trkpt lat="62.565668811" lon="25.729425226" /><trkpt lat="62.565668814" lon="25.729442569" /><trkpt lat="62.565668786" lon="25.729459851" /><trkpt lat="62.565668727" lon="25.729477075" /><trkpt lat="62.565668637" lon="25.729494244" /><trkpt lat="62.565668513" lon="25.729511361" /><trkpt lat="62.565668357" lon="25.729528431" /><trkpt lat="62.565668168" lon="25.729545455" /><trkpt lat="62.565667945" lon="25.729562438" /><trkpt lat="62.565667687" lon="25.729579383" /><trkpt lat="62.565667395" lon="25.729596293" /><trkpt lat="62.565667067" lon="25.729613172" /><trkpt lat="62.565666704" lon="25.729630022" /><trkpt lat="62.565666305" lon="25.729646847" /><trkpt lat="62.565665868" lon="25.729663650" /><trkpt lat="62.565665395" lon="25.729680435" /><trkpt lat="62.565664884" lon="25.729697205" /><trkpt lat="62.565664335" lon="25.729713963" /><trkpt lat="62.565663747" lon="25.729730713" /><trkpt lat="62.565663120" lon="25.729747457" /><trkpt lat="62.565662454" lon="25.729764200" /><trkpt lat="62.565661747" lon="25.729780944" /><trkpt lat="62.565661000" lon="25.729797692" /><trkpt lat="62.565660212" lon="25.729814449" /><trkpt lat="62.565659382" lon="25.729831217" /><trkpt lat="62.565658510" lon="25.729848000" /><trkpt lat="62.565657596" lon="25.729864800" /><trkpt lat="62.565656638" lon="25.729881622" /><trkpt lat="62.565655638" lon="25.729898468" /><trkpt lat="62.565654593" lon="25.729915342" /><trkpt lat="62.565653504" lon="25.729932248" /><trkpt lat="62.565652370" lon="25.729949187" /><trkpt lat="62.565651190" lon="25.729966165" /><trkpt lat="62.565649965" lon="25.729983183" /><trkpt lat="62.565648693" lon="25.730000246" /><trkpt lat="62.565647375" lon="25.730017357" /><trkpt lat="62.565646009" lon="25.730034518" /><trkpt lat="62.565644595" lon="25.730051734" /><trkpt lat="62.565643133" lon="25.730069007" /><trkpt lat="62.565641623" lon="25.730086341" /><trkpt lat="62.565640063" lon="25.730103739" /><trkpt lat="62.565638453" lon="25.730121205" /><trkpt lat="62.565636793" lon="25.730138741" /><trkpt lat="62.565635082" lon="25.730156352" /><trkpt lat="62.565633321" lon="25.730174039" /><trkpt lat="62.565631507" lon="25.730191808" /><trkpt lat="62.565629641" lon="25.730209660" /><trkpt lat="62.565627723" lon="25.730227600" /><trkpt lat="62.565625752" lon="25.730245630" /><trkpt lat="62.565623727" lon="25.730263754" /><trkpt lat="62.565621647" lon="25.730281976" /><trkpt lat="62.565619514" lon="25.730300297" /><trkpt lat="62.565617325" lon="25.730318723" /><trkpt lat="62.565615081" lon="25.730337256" /><trkpt lat="62.565612780" lon="25.730355899" /><trkpt lat="62.565610423" lon="25.730374655" /><trkpt lat="62.565608010" lon="25.730393529" /><trkpt lat="62.565606338" lon="25.730406295" /><trkpt lat="62.565604592" lon="25.730419248" /><trkpt lat="62.565602774" lon="25.730432386" /><trkpt lat="62.565600885" lon="25.730445704" /><trkpt lat="62.565598924" lon="25.730459202" /><trkpt lat="62.565596894" lon="25.730472876" /><trkpt lat="62.565594795" lon="25.730486724" /><trkpt lat="62.565592628" lon="25.730500742" /><trkpt lat="62.565590393" lon="25.730514929" /><trkpt lat="62.565588093" lon="25.730529281" /><trkpt lat="62.565585727" lon="25.730543796" /><trkpt lat="62.565583298" lon="25.730558472" /><trkpt lat="62.565580804" lon="25.730573304" /><trkpt lat="62.565578249" lon="25.730588292" /><trkpt lat="62.565575631" lon="25.730603432" /><trkpt lat="62.565572954" lon="25.730618721" /><trkpt lat="62.565570216" lon="25.730634157" /><trkpt lat="62.565567420" lon="25.730649738" /><trkpt lat="62.565564566" lon="25.730665459" /><trkpt lat="62.565561656" lon="25.730681320" /><trkpt lat="62.565558689" lon="25.730697317" /><trkpt lat="62.565555667" lon="25.730713447" /><trkpt lat="62.565552591" lon="25.730729708" /><trkpt lat="62.565549462" lon="25.730746098" /><trkpt lat="62.565546281" lon="25.730762612" /><trkpt lat="62.565543049" lon="25.730779250" /><trkpt lat="62.565539766" lon="25.730796008" /><trkpt lat="62.565536434" lon="25.730812883" /><trkpt lat="62.565533053" lon="25.730829873" /><trkpt lat="62.565529624" lon="25.730846975" /><trkpt lat="62.565526149" lon="25.730864186" /><trkpt lat="62.565522628" lon="25.730881504" /><trkpt lat="62.565519063" lon="25.730898926" /><trkpt lat="62.565515453" lon="25.730916450" /><trkpt lat="62.565511800" lon="25.730934073" /><trkpt lat="62.565508106" lon="25.730951791" /><trkpt lat="62.565504370" lon="25.730969603" /><trkpt lat="62.565500594" lon="25.730987506" /><trkpt lat="62.565496779" lon="25.731005497" /><trkpt lat="62.565492925" lon="25.731023573" /><trkpt lat="62.565489035" lon="25.731041732" /><trkpt lat="62.565485107" lon="25.731059971" /><trkpt lat="62.565481144" lon="25.731078287" /><trkpt lat="62.565477147" lon="25.731096679" /><trkpt lat="62.565473115" lon="25.731115142" /><trkpt lat="62.565469051" lon="25.731133674" /><trkpt lat="62.565464955" lon="25.731152273" /><trkpt lat="62.565460829" lon="25.731170937" /><trkpt lat="62.565456672" lon="25.731189661" /><trkpt lat="62.565452486" lon="25.731208445" /><trkpt lat="62.565448272" lon="25.731227284" /><trkpt lat="62.565444031" lon="25.731246177" /><trkpt lat="62.565439763" lon="25.731265120" /><trkpt lat="62.565435470" lon="25.731284111" /><trkpt lat="62.565431153" lon="25.731303148" /><trkpt lat="62.565426812" lon="25.731322227" /><trkpt lat="62.565422449" lon="25.731341347" /><trkpt lat="62.565418064" lon="25.731360503" /><trkpt lat="62.565413658" lon="25.731379695" /><trkpt lat="62.565409232" lon="25.731398918" /><trkpt lat="62.565404788" lon="25.731418170" /><trkpt lat="62.565400326" lon="25.731437450" /><trkpt lat="62.565395846" lon="25.731456753" /><trkpt lat="62.565391351" lon="25.731476077" /><trkpt lat="62.565386840" lon="25.731495420" /><trkpt lat="62.565382315" lon="25.731514779" /><trkpt lat="62.565377777" lon="25.731534152" /><trkpt lat="62.565373226" lon="25.731553535" /><trkpt lat="62.565368664" lon="25.731572925" /><trkpt lat="62.565364091" lon="25.731592322" /><trkpt lat="62.565359509" lon="25.731611720" /><trkpt lat="62.565354918" lon="25.731631119" /><trkpt lat="62.565350320" lon="25.731650515" /><trkpt lat="62.565345714" lon="25.731669905" /><trkpt lat="62.565341103" lon="25.731689288" /><trkpt lat="62.565336486" lon="25.731708659" /><trkpt lat="62.565331866" lon="25.731728017" /><trkpt lat="62.565327242" lon="25.731747359" /><trkpt lat="62.565322617" lon="25.731766683" /><trkpt lat="62.565317990" lon="25.731785985" /><trkpt lat="62.565313362" lon="25.731805262" /><trkpt lat="62.565308736" lon="25.731824513" /><trkpt lat="62.565304110" lon="25.731843735" /><trkpt lat="62.565299488" lon="25.731862924" /><trkpt lat="62.565294868" lon="25.731882079" /><trkpt lat="62.565290253" lon="25.731901196" /><trkpt lat="62.565285643" lon="25.731920273" /><trkpt lat="62.565281039" lon="25.731939307" /><trkpt lat="62.565276443" lon="25.731958295" /><trkpt lat="62.565271854" lon="25.731977236" /><trkpt lat="62.565267274" lon="25.731996125" /><trkpt lat="62.565262704" lon="25.732014961" /><trkpt lat="62.565258145" lon="25.732033741" /><trkpt lat="62.565253598" lon="25.732052462" /><trkpt lat="62.565249063" lon="25.732071122" /><trkpt lat="62.565244542" lon="25.732089717" /><trkpt lat="62.565240035" lon="25.732108246" /><trkpt lat="62.565235544" lon="25.732126705" /><trkpt lat="62.565231069" lon="25.732145092" /><trkpt lat="62.565226611" lon="25.732163404" /><trkpt lat="62.565222171" lon="25.732181638" /><trkpt lat="62.565217751" lon="25.732199792" /><trkpt lat="62.565213350" lon="25.732217863" /><trkpt lat="62.565208971" lon="25.732235849" /><trkpt lat="62.565204614" lon="25.732253746" /><trkpt lat="62.565200279" lon="25.732271553" /><trkpt lat="62.565195968" lon="25.732289266" /><trkpt lat="62.565191682" lon="25.732306883" /><trkpt lat="62.565187421" lon="25.732324401" /><trkpt lat="62.565183187" lon="25.732341817" /><trkpt lat="62.565178980" lon="25.732359129" /><trkpt lat="62.565174802" lon="25.732376334" /><trkpt lat="62.565170653" lon="25.732393430" /><trkpt lat="62.565166534" lon="25.732410413" /><trkpt lat="62.565162447" lon="25.732427281" /><trkpt lat="62.565158391" lon="25.732444032" /><trkpt lat="62.565154369" lon="25.732460662" /><trkpt lat="62.565150380" lon="25.732477169" /><trkpt lat="62.565146427" lon="25.732493551" /><trkpt lat="62.565142509" lon="25.732509805" /><trkpt lat="62.565138628" lon="25.732525927" /><trkpt lat="62.565134785" lon="25.732541916" /><trkpt lat="62.565130980" lon="25.732557769" /><trkpt lat="62.565127214" lon="25.732573482" /><trkpt lat="62.565123489" lon="25.732589054" /><trkpt lat="62.565119806" lon="25.732604482" /><trkpt lat="62.565116165" lon="25.732619762" /><trkpt lat="62.565109554" lon="25.732647241" /><trkpt lat="62.565103043" lon="25.732673713" /><trkpt lat="62.565096626" lon="25.732699201" /><trkpt lat="62.565090297" lon="25.732723727" /><trkpt lat="62.565084049" lon="25.732747312" /><trkpt lat="62.565077878" lon="25.732769978" /><trkpt lat="62.565071775" lon="25.732791748" /><trkpt lat="62.565065737" lon="25.732812642" /><trkpt lat="62.565059756" lon="25.732832682" /><trkpt lat="62.565053826" lon="25.732851891" /><trkpt lat="62.565047942" lon="25.732870289" /><trkpt lat="62.565042097" lon="25.732887900" /><trkpt lat="62.565036285" lon="25.732904743" /><trkpt lat="62.565030501" lon="25.732920842" /><trkpt lat="62.565024737" lon="25.732936218" /><trkpt lat="62.565018989" lon="25.732950892" /><trkpt lat="62.565013251" lon="25.732964887" /><trkpt lat="62.565007515" lon="25.732978224" /><trkpt lat="62.565001776" lon="25.732990925" /><trkpt lat="62.564996028" lon="25.733003011" /><trkpt lat="62.564990265" lon="25.733014505" /><trkpt lat="62.564984481" lon="25.733025429" /><trkpt lat="62.564978670" lon="25.733035803" /><trkpt lat="62.564972826" lon="25.733045650" /><trkpt lat="62.564966942" lon="25.733054991" /><trkpt lat="62.564961013" lon="25.733063848" /><trkpt lat="62.564955032" lon="25.733072244" /><trkpt lat="62.564948995" lon="25.733080199" /><trkpt lat="62.564942893" lon="25.733087735" /><trkpt lat="62.564936722" lon="25.733094875" /><trkpt lat="62.564930476" lon="25.733101640" /><trkpt lat="62.564924148" lon="25.733108051" /><trkpt lat="62.564917732" lon="25.733114131" /><trkpt lat="62.564911223" lon="25.733119901" /><trkpt lat="62.564904614" lon="25.733125383" /><trkpt lat="62.564897899" lon="25.733130599" /><trkpt lat="62.564891072" lon="25.733135570" /><trkpt lat="62.564884127" lon="25.733140318" /><trkpt lat="62.564877058" lon="25.733144865" /><trkpt lat="62.564869860" lon="25.733149233" /><trkpt lat="62.564862525" lon="25.733153444" /><trkpt lat="62.564855048" lon="25.733157518" /><trkpt lat="62.564847423" lon="25.733161479" /><trkpt lat="62.564839644" lon="25.733165347" /><trkpt lat="62.564831704" lon="25.733169145" /><trkpt lat="62.564823598" lon="25.733172894" /><trkpt lat="62.564815320" lon="25.733176615" /><trkpt lat="62.564806863" lon="25.733180332" /><trkpt lat="62.564798222" lon="25.733184065" /><trkpt lat="62.564789391" lon="25.733187836" /><trkpt lat="62.564780363" lon="25.733191667" /><trkpt lat="62.564771132" lon="25.733195580" /><trkpt lat="62.564761693" lon="25.733199597" /><trkpt lat="62.564752039" lon="25.733203738" /><trkpt lat="62.564742164" lon="25.733208027" /><trkpt lat="62.564732062" lon="25.733212484" /><trkpt lat="62.564721728" lon="25.733217132" /><trkpt lat="62.564711154" lon="25.733221992" /><trkpt lat="62.564700336" lon="25.733227086" /><trkpt lat="62.564689267" lon="25.733232436" /><trkpt lat="62.564677940" lon="25.733238063" /><trkpt lat="62.564666351" lon="25.733243989" /><trkpt lat="62.564654492" lon="25.733250237" /><trkpt lat="62.564642359" lon="25.733256827" /><trkpt lat="62.564629944" lon="25.733263781" /><trkpt lat="62.564617241" lon="25.733271122" /><trkpt lat="62.564604246" lon="25.733278871" /><trkpt lat="62.564590951" lon="25.733287049" /><trkpt lat="62.564577350" lon="25.733295679" /><trkpt lat="62.564565309" lon="25.733303028" /><trkpt lat="62.564553217" lon="25.733309602" /><trkpt lat="62.564541076" lon="25.733315416" /><trkpt lat="62.564528890" lon="25.733320483" /><trkpt lat="62.564516661" lon="25.733324819" /><trkpt lat="62.564504393" lon="25.733328437" /><trkpt lat="62.564492088" lon="25.733331352" /><trkpt lat="62.564479751" lon="25.733333578" /><trkpt lat="62.564467383" lon="25.733335129" /><trkpt lat="62.564454988" lon="25.733336019" /><trkpt lat="62.564442569" lon="25.733336264" /><trkpt lat="62.564430130" lon="25.733335877" /><trkpt lat="62.564417672" lon="25.733334872" /><trkpt lat="62.564405200" lon="25.733333264" /><trkpt lat="62.564392716" lon="25.733331067" /><trkpt lat="62.564380223" lon="25.733328296" /><trkpt lat="62.564367725" lon="25.733324964" /><trkpt lat="62.564355225" lon="25.733321087" /><trkpt lat="62.564342724" lon="25.733316677" /><trkpt lat="62.564330228" lon="25.733311750" /><trkpt lat="62.564317738" lon="25.733306320" /><trkpt lat="62.564305258" lon="25.733300401" /><trkpt lat="62.564292791" lon="25.733294008" /><trkpt lat="62.564280340" lon="25.733287154" /><trkpt lat="62.564267907" lon="25.733279855" /><trkpt lat="62.564255497" lon="25.733272124" /><trkpt lat="62.564243112" lon="25.733263975" /><trkpt lat="62.564230755" lon="25.733255423" /><trkpt lat="62.564218429" lon="25.733246483" /><trkpt lat="62.564206138" lon="25.733237168" /><trkpt lat="62.564193884" lon="25.733227493" /><trkpt lat="62.564181670" lon="25.733217472" /><trkpt lat="62.564169500" lon="25.733207120" /><trkpt lat="62.564157377" lon="25.733196450" /><trkpt lat="62.564145303" lon="25.733185478" /><trkpt lat="62.564133282" lon="25.733174216" /><trkpt lat="62.564121316" lon="25.733162681" /><trkpt lat="62.564109410" lon="25.733150885" /><trkpt lat="62.564097565" lon="25.733138843" /><trkpt lat="62.564085786" lon="25.733126570" /><trkpt lat="62.564074075" lon="25.733114080" /><trkpt lat="62.564062434" lon="25.733101387" /><trkpt lat="62.564050868" lon="25.733088505" /><trkpt lat="62.564039379" lon="25.733075449" /><trkpt lat="62.564027971" lon="25.733062233" /><trkpt lat="62.564016646" lon="25.733048871" /><trkpt lat="62.564005407" lon="25.733035378" /><trkpt lat="62.563994258" lon="25.733021768" /><trkpt lat="62.563983201" lon="25.733008055" /><trkpt lat="62.563972241" lon="25.732994253" /><trkpt lat="62.563961379" lon="25.732980377" /><trkpt lat="62.563950618" lon="25.732966441" /><trkpt lat="62.563939963" lon="25.732952460" /><trkpt lat="62.563929416" lon="25.732938447" /><trkpt lat="62.563918979" lon="25.732924418" /><trkpt lat="62.563908657" lon="25.732910385" /><trkpt lat="62.563898452" lon="25.732896364" /><trkpt lat="62.563888367" lon="25.732882369" /><trkpt lat="62.563878405" lon="25.732868414" /><trkpt lat="62.563868570" lon="25.732854513" /><trkpt lat="62.563858864" lon="25.732840682" /><trkpt lat="62.563849291" lon="25.732826933" /><trkpt lat="62.563839853" lon="25.732813281" /><trkpt lat="62.563830554" lon="25.732799742" /><trkpt lat="62.563821396" lon="25.732786328" /><trkpt lat="62.563812384" lon="25.732773054" /><trkpt lat="62.563803519" lon="25.732759935" /><trkpt lat="62.563794805" lon="25.732746985" /><trkpt lat="62.563786245" lon="25.732734218" /><trkpt lat="62.563777842" lon="25.732721648" /><trkpt lat="62.563769599" lon="25.732709290" /><trkpt lat="62.563761520" lon="25.732697158" /><trkpt lat="62.563753606" lon="25.732685266" /><trkpt lat="62.563745862" lon="25.732673629" /><trkpt lat="62.563738291" lon="25.732662261" /><trkpt lat="62.563730894" lon="25.732651175" /><trkpt lat="62.563723677" lon="25.732640388" /><trkpt lat="62.563716641" lon="25.732629912" /><trkpt lat="62.563709789" lon="25.732619762" /><trkpt lat="62.563699548" lon="25.732604971" /><trkpt lat="62.563688981" lon="25.732590357" /><trkpt lat="62.563678096" lon="25.732575929" /><trkpt lat="62.563666905" lon="25.732561692" /><trkpt lat="62.563655418" lon="25.732547653" /><trkpt lat="62.563643647" lon="25.732533818" /><trkpt lat="62.563631600" lon="25.732520193" /><trkpt lat="62.563619290" lon="25.732506787" /><trkpt lat="62.563606726" lon="25.732493603" /><trkpt lat="62.563593920" lon="25.732480650" /><trkpt lat="62.563580881" lon="25.732467934" /><trkpt lat="62.563567620" lon="25.732455461" /><trkpt lat="62.563554149" lon="25.732443238" /><trkpt lat="62.563540476" lon="25.732431271" /><trkpt lat="62.563526614" lon="25.732419567" /><trkpt lat="62.563512572" lon="25.732408131" /><trkpt lat="62.563498361" lon="25.732396972" /><trkpt lat="62.563483991" lon="25.732386094" /><trkpt lat="62.563469474" lon="25.732375506" /><trkpt lat="62.563454819" lon="25.732365212" /><trkpt lat="62.563440038" lon="25.732355220" /><trkpt lat="62.563425141" lon="25.732345536" /><trkpt lat="62.563410138" lon="25.732336166" /><trkpt lat="62.563395040" lon="25.732327118" /><trkpt lat="62.563379857" lon="25.732318397" /><trkpt lat="62.563364601" lon="25.732310010" /><trkpt lat="62.563349281" lon="25.732301964" /><trkpt lat="62.563333909" lon="25.732294264" /><trkpt lat="62.563318494" lon="25.732286919" /><trkpt lat="62.563303047" lon="25.732279933" /><trkpt lat="62.563287580" lon="25.732273313" /><trkpt lat="62.563272102" lon="25.732267067" /><trkpt lat="62.563256623" lon="25.732261199" /><trkpt lat="62.563241156" lon="25.732255718" /><trkpt lat="62.563225709" lon="25.732250629" /><trkpt lat="62.563210294" lon="25.732245940" /><trkpt lat="62.563194922" lon="25.732241655" /><trkpt lat="62.563179602" lon="25.732237782" /><trkpt lat="62.563164346" lon="25.732234328" /><trkpt lat="62.563149163" lon="25.732231298" /><trkpt lat="62.563134065" lon="25.732228700" /><trkpt lat="62.563119062" lon="25.732226540" /><trkpt lat="62.563104164" lon="25.732224824" /><trkpt lat="62.563089383" lon="25.732223558" /><trkpt lat="62.563074728" lon="25.732222750" /><trkpt lat="62.563060211" lon="25.732222406" /><trkpt lat="62.563045842" lon="25.732222531" /><trkpt lat="62.563031631" lon="25.732223134" /><trkpt lat="62.563017588" lon="25.732224220" /><trkpt lat="62.563003726" lon="25.732225795" /><trkpt lat="62.562990053" lon="25.732227867" /><trkpt lat="62.562976581" lon="25.732230441" /><trkpt lat="62.562963320" lon="25.732233524" /><trkpt lat="62.562947910" lon="25.732237266" /><trkpt lat="62.562932655" lon="25.732240619" /><trkpt lat="62.562917550" lon="25.732243576" /><trkpt lat="62.562902589" lon="25.732246129" /><trkpt lat="62.562887767" lon="25.732248271" /><trkpt lat="62.562873077" lon="25.732249994" /><trkpt lat="62.562858513" lon="25.732251292" /><trkpt lat="62.562844072" lon="25.732252156" /><trkpt lat="62.562829745" lon="25.732252579" /><trkpt lat="62.562815529" lon="25.732252554" /><trkpt lat="62.562801416" lon="25.732252073" /><trkpt lat="62.562787402" lon="25.732251129" /><trkpt lat="62.562773481" lon="25.732249715" /><trkpt lat="62.562759647" lon="25.732247823" /><trkpt lat="62.562745895" lon="25.732245445" /><trkpt lat="62.562732217" lon="25.732242575" /><trkpt lat="62.562718610" lon="25.732239205" /><trkpt lat="62.562705068" lon="25.732235327" /><trkpt lat="62.562691583" lon="25.732230934" /><trkpt lat="62.562678152" lon="25.732226019" /><trkpt lat="62.562664768" lon="25.732220573" /><trkpt lat="62.562651425" lon="25.732214591" /><trkpt lat="62.562638119" lon="25.732208064" /><trkpt lat="62.562624842" lon="25.732200985" /><trkpt lat="62.562611589" lon="25.732193346" /><trkpt lat="62.562598356" lon="25.732185141" /><trkpt lat="62.562585135" lon="25.732176361" /><trkpt lat="62.562571922" lon="25.732167000" /><trkpt lat="62.562558710" lon="25.732157049" /><trkpt lat="62.562545495" lon="25.732146502" /><trkpt lat="62.562532269" lon="25.732135350" /><trkpt lat="62.562519028" lon="25.732123588" /><trkpt lat="62.562505766" lon="25.732111206" /><trkpt lat="62.562492477" lon="25.732098198" /><trkpt lat="62.562479155" lon="25.732084557" /><trkpt lat="62.562465796" lon="25.732070274" /><trkpt lat="62.562452392" lon="25.732055343" /><trkpt lat="62.562438939" lon="25.732039756" /><trkpt lat="62.562425430" lon="25.732023506" /><trkpt lat="62.562411860" lon="25.732006585" /><trkpt lat="62.562398224" lon="25.731988986" /><trkpt lat="62.562384515" lon="25.731970701" /><trkpt lat="62.562370728" lon="25.731951723" /><trkpt lat="62.562356857" lon="25.731932045" /><trkpt lat="62.562342896" lon="25.731911659" /><trkpt lat="62.562333647" lon="25.731898028" /><trkpt lat="62.562324174" lon="25.731884197" /><trkpt lat="62.562314484" lon="25.731870176" /><trkpt lat="62.562304583" lon="25.731855973" /><trkpt lat="62.562294478" lon="25.731841599" /><trkpt lat="62.562284176" lon="25.731827063" /><trkpt lat="62.562273683" lon="25.731812374" /><trkpt lat="62.562263006" lon="25.731797543" /><trkpt lat="62.562252151" lon="25.731782577" /><trkpt lat="62.562241126" lon="25.731767488" /><trkpt lat="62.562229937" lon="25.731752284" /><trkpt lat="62.562218590" lon="25.731736975" /><trkpt lat="62.562207092" lon="25.731721571" /><trkpt lat="62.562195450" lon="25.731706080" /><trkpt lat="62.562183670" lon="25.731690513" /><trkpt lat="62.562171760" lon="25.731674879" /><trkpt lat="62.562159725" lon="25.731659188" /><trkpt lat="62.562147572" lon="25.731643448" /><trkpt lat="62.562135308" lon="25.731627670" /><trkpt lat="62.562122940" lon="25.731611863" /><trkpt lat="62.562110474" lon="25.731596036" /><trkpt lat="62.562097917" lon="25.731580200" /><trkpt lat="62.562085275" lon="25.731564363" /><trkpt lat="62.562072555" lon="25.731548535" /><trkpt lat="62.562059765" lon="25.731532725" /><trkpt lat="62.562046909" lon="25.731516944" /><trkpt lat="62.562033996" lon="25.731501200" /><trkpt lat="62.562021031" lon="25.731485503" /><trkpt lat="62.562008022" lon="25.731469863" /><trkpt lat="62.561994974" lon="25.731454288" /><trkpt lat="62.561981895" lon="25.731438789" /><trkpt lat="62.561968792" lon="25.731423376" /><trkpt lat="62.561955670" lon="25.731408056" /><trkpt lat="62.561942536" lon="25.731392841" /><trkpt lat="62.561929398" lon="25.731377740" /><trkpt lat="62.561916262" lon="25.731362761" /><trkpt lat="62.561903134" lon="25.731347915" /><trkpt lat="62.561890020" lon="25.731333211" /><trkpt lat="62.561876929" lon="25.731318659" /><trkpt lat="62.561863866" lon="25.731304268" /><trkpt lat="62.561850838" lon="25.731290047" /><trkpt lat="62.561837851" lon="25.731276006" /><trkpt lat="62.561824913" lon="25.731262155" /><trkpt lat="62.561812029" lon="25.731248503" /><trkpt lat="62.561799207" lon="25.731235060" /><trkpt lat="62.561786453" lon="25.731221835" /><trkpt lat="62.561773774" lon="25.731208837" /><trkpt lat="62.561761176" lon="25.731196077" /><trkpt lat="62.561748667" lon="25.731183563" /><trkpt lat="62.561736252" lon="25.731171305" /><trkpt lat="62.561723938" lon="25.731159313" /><trkpt lat="62.561711732" lon="25.731147596" /><trkpt lat="62.561699641" lon="25.731136163" /><trkpt lat="62.561687671" lon="25.731125025" /><trkpt lat="62.561675829" lon="25.731114190" /><trkpt lat="62.561664121" lon="25.731103669" /><trkpt lat="62.561652555" lon="25.731093470" /><trkpt lat="62.561641136" lon="25.731083603" /><trkpt lat="62.561629872" lon="25.731074078" /><trkpt lat="62.561618768" lon="25.731064904" /><trkpt lat="62.561607833" lon="25.731056091" /><trkpt lat="62.561597071" lon="25.731047647" /><trkpt lat="62.561586491" lon="25.731039584" /><trkpt lat="62.561576098" lon="25.731031910" /><trkpt lat="62.561565900" lon="25.731024634" /><trkpt lat="62.561555902" lon="25.731017767" /><trkpt lat="62.561546112" lon="25.731011317" /><trkpt lat="62.561536536" lon="25.731005294" /><trkpt lat="62.561527180" lon="25.730999708" /><trkpt lat="62.561517291" lon="25.730994023" /><trkpt lat="62.561506959" lon="25.730988185" /><trkpt lat="62.561496196" lon="25.730982198" /><trkpt lat="62.561485016" lon="25.730976064" /><trkpt lat="62.561473430" lon="25.730969786" /><trkpt lat="62.561461453" lon="25.730963366" /><trkpt lat="62.561449096" lon="25.730956809" /><trkpt lat="62.561436373" lon="25.730950116" /><trkpt lat="62.561423297" lon="25.730943290" /><trkpt lat="62.561409880" lon="25.730936334" /><trkpt lat="62.561396135" lon="25.730929251" /><trkpt lat="62.561382075" lon="25.730922043" /><trkpt lat="62.561367713" lon="25.730914714" /><trkpt lat="62.561353061" lon="25.730907266" /><trkpt lat="62.561338134" lon="25.730899702" /><trkpt lat="62.561322942" lon="25.730892025" /><trkpt lat="62.561307500" lon="25.730884238" /><trkpt lat="62.561291821" lon="25.730876343" /><trkpt lat="62.561275916" lon="25.730868343" /><trkpt lat="62.561259798" lon="25.730860241" /><trkpt lat="62.561243482" lon="25.730852040" /><trkpt lat="62.561226979" lon="25.730843743" /><trkpt lat="62.561210302" lon="25.730835352" /><trkpt lat="62.561193465" lon="25.730826870" /><trkpt lat="62.561176480" lon="25.730818300" /><trkpt lat="62.561159359" lon="25.730809645" /><trkpt lat="62.561142116" lon="25.730800908" /><trkpt lat="62.561124764" lon="25.730792091" /><trkpt lat="62.561107315" lon="25.730783197" /><trkpt lat="62.561089783" lon="25.730774229" /><trkpt lat="62.561072179" lon="25.730765190" /><trkpt lat="62.561054518" lon="25.730756083" /><trkpt lat="62.561036811" lon="25.730746910" /><trkpt lat="62.561019072" lon="25.730737674" /><trkpt lat="62.561001314" lon="25.730728378" /><trkpt lat="62.560983549" lon="25.730719025" /><trkpt lat="62.560965790" lon="25.730709618" /><trkpt lat="62.560948050" lon="25.730700159" /><trkpt lat="62.560930342" lon="25.730690651" /><trkpt lat="62.560912678" lon="25.730681097" /><trkpt lat="62.560895072" lon="25.730671500" /><trkpt lat="62.560877537" lon="25.730661863" /><trkpt lat="62.560860085" lon="25.730652188" /><trkpt lat="62.560842729" lon="25.730642478" /><trkpt lat="62.560825482" lon="25.730632736" /><trkpt lat="62.560808357" lon="25.730622965" /><trkpt lat="62.560791366" lon="25.730613167" /><trkpt lat="62.560774523" lon="25.730603346" /><trkpt lat="62.560757840" lon="25.730593504" /><trkpt lat="62.560741330" lon="25.730583644" /><trkpt lat="62.560725007" lon="25.730573768" /><trkpt lat="62.560708882" lon="25.730563881" /><trkpt lat="62.560692969" lon="25.730553983" /><trkpt lat="62.560677281" lon="25.730544079" /><trkpt lat="62.560661830" lon="25.730534171" /><trkpt lat="62.560646629" lon="25.730524262" /><trkpt lat="62.560631691" lon="25.730514354" /><trkpt lat="62.560617030" lon="25.730504450" /><trkpt lat="62.560602657" lon="25.730494554" /><trkpt lat="62.560588585" lon="25.730484668" /><trkpt lat="62.560574829" lon="25.730474794" /><trkpt lat="62.560561399" lon="25.730464936" /><trkpt lat="62.560548310" lon="25.730455096" /><trkpt lat="62.560535573" lon="25.730445278" /><trkpt lat="62.560523203" lon="25.730435483" /><trkpt lat="62.560511211" lon="25.730425715" /><trkpt lat="62.560499329" lon="25.730416275" /><trkpt lat="62.560487281" lon="25.730407453" /><trkpt lat="62.560475074" lon="25.730399242" /><trkpt lat="62.560462711" lon="25.730391634" /><trkpt lat="62.560450199" lon="25.730384619" /><trkpt lat="62.560437542" lon="25.730378189" /><trkpt lat="62.560424746" lon="25.730372336" /><trkpt lat="62.560411814" lon="25.730367050" /><trkpt lat="62.560398754" lon="25.730362323" /><trkpt lat="62.560385569" lon="25.730358147" /><trkpt lat="62.560372265" lon="25.730354513" /><trkpt lat="62.560358847" lon="25.730351412" /><trkpt lat="62.560345320" lon="25.730348835" /><trkpt lat="62.560331689" lon="25.730346775" /><trkpt lat="62.560317959" lon="25.730345221" /><trkpt lat="62.560304136" lon="25.730344167" /><trkpt lat="62.560290224" lon="25.730343603" /><trkpt lat="62.560276229" lon="25.730343520" /><trkpt lat="62.560262155" lon="25.730343910" /><trkpt lat="62.560248008" lon="25.730344765" /><trkpt lat="62.560233793" lon="25.730346075" /><trkpt lat="62.560219515" lon="25.730347832" /><trkpt lat="62.560205180" lon="25.730350028" /><trkpt lat="62.560190791" lon="25.730352653" /><trkpt lat="62.560176355" lon="25.730355699" /><trkpt lat="62.560161876" lon="25.730359159" /><trkpt lat="62.560147360" lon="25.730363022" /><trkpt lat="62.560132811" lon="25.730367280" /><trkpt lat="62.560118235" lon="25.730371925" /><trkpt lat="62.560103637" lon="25.730376948" /><trkpt lat="62.560089022" lon="25.730382341" /><trkpt lat="62.560074395" lon="25.730388094" /><trkpt lat="62.560059761" lon="25.730394199" /><trkpt lat="62.560045125" lon="25.730400649" /><trkpt lat="62.560030493" lon="25.730407433" /><trkpt lat="62.560015870" lon="25.730414543" /><trkpt lat="62.560001260" lon="25.730421971" /><trkpt lat="62.559986668" lon="25.730429709" /><trkpt lat="62.559972101" lon="25.730437747" /><trkpt lat="62.559957562" lon="25.730446076" /><trkpt lat="62.559943058" lon="25.730454689" /><trkpt lat="62.559928593" lon="25.730463577" /><trkpt lat="62.559914172" lon="25.730472730" /><trkpt lat="62.559899800" lon="25.730482141" /><trkpt lat="62.559885483" lon="25.730491801" /><trkpt lat="62.559871225" lon="25.730501701" /><trkpt lat="62.559857032" lon="25.730511832" /><trkpt lat="62.559842909" lon="25.730522186" /><trkpt lat="62.559828861" lon="25.730532755" /><trkpt lat="62.559814893" lon="25.730543529" /><trkpt lat="62.559801009" lon="25.730554500" /><trkpt lat="62.559787217" lon="25.730565660" /><trkpt lat="62.559773519" lon="25.730576999" /><trkpt lat="62.559759922" lon="25.730588510" /><trkpt lat="62.559746430" lon="25.730600183" /><trkpt lat="62.559733050" lon="25.730612010" /><trkpt lat="62.559719784" lon="25.730623983" /><trkpt lat="62.559706640" lon="25.730636092" /><trkpt lat="62.559693622" lon="25.730648329" /><trkpt lat="62.559680735" lon="25.730660686" /><trkpt lat="62.559667984" lon="25.730673153" /><trkpt lat="62.559655374" lon="25.730685723" /><trkpt lat="62.559642911" lon="25.730698386" /><trkpt lat="62.559630599" lon="25.730711135" /><trkpt lat="62.559618444" lon="25.730723959" /><trkpt lat="62.559606451" lon="25.730736852" /><trkpt lat="62.559597307" lon="25.730746973" /><trkpt lat="62.559588159" lon="25.730757493" /><trkpt lat="62.559579009" lon="25.730768405" /><trkpt lat="62.559569859" lon="25.730779697" /><trkpt lat="62.559560710" lon="25.730791362" /><trkpt lat="62.559551564" lon="25.730803389" /><trkpt lat="62.559542423" lon="25.730815770" /><trkpt lat="62.559533289" lon="25.730828495" /><trkpt lat="62.559524163" lon="25.730841556" /><trkpt lat="62.559515048" lon="25.730854941" /><trkpt lat="62.559505946" lon="25.730868644" /><trkpt lat="62.559496858" lon="25.730882653" /><trkpt lat="62.559487786" lon="25.730896961" /><trkpt lat="62.559478731" lon="25.730911557" /><trkpt lat="62.559469697" lon="25.730926433" /><trkpt lat="62.559460684" lon="25.730941579" /><trkpt lat="62.559451695" lon="25.730956985" /><trkpt lat="62.559442731" lon="25.730972644" /><trkpt lat="62.559433794" lon="25.730988545" /><trkpt lat="62.559424886" lon="25.731004679" /><trkpt lat="62.559416009" lon="25.731021036" /><trkpt lat="62.559407165" lon="25.731037609" /><trkpt lat="62.559398355" lon="25.731054386" /><trkpt lat="62.559389581" lon="25.731071360" /><trkpt lat="62.559380846" lon="25.731088521" /><trkpt lat="62.559372150" lon="25.731105859" /><trkpt lat="62.559363497" lon="25.731123366" /><trkpt lat="62.559354887" lon="25.731141031" /><trkpt lat="62.559346323" lon="25.731158847" /><trkpt lat="62.559337806" lon="25.731176803" /><trkpt lat="62.559329339" lon="25.731194890" /><trkpt lat="62.559320922" lon="25.731213099" /><trkpt lat="62.559312559" lon="25.731231421" /><trkpt lat="62.559304250" lon="25.731249846" /><trkpt lat="62.559295998" lon="25.731268366" /><trkpt lat="62.559287804" lon="25.731286970" /><trkpt lat="62.559279671" lon="25.731305651" /><trkpt lat="62.559271600" lon="25.731324397" /><trkpt lat="62.559263593" lon="25.731343201" /><trkpt lat="62.559255651" lon="25.731362053" /><trkpt lat="62.559247777" lon="25.731380943" /><trkpt lat="62.559239973" lon="25.731399863" /><trkpt lat="62.559232240" lon="25.731418803" /><trkpt lat="62.559224581" lon="25.731437754" /><trkpt lat="62.559216996" lon="25.731456707" /><trkpt lat="62.559209488" lon="25.731475652" /><trkpt lat="62.559202059" lon="25.731494580" /><trkpt lat="62.559194711" lon="25.731513481" /><trkpt lat="62.559187445" lon="25.731532348" /><trkpt lat="62.559180263" lon="25.731551169" /><trkpt lat="62.559173167" lon="25.731569937" /><trkpt lat="62.559166160" lon="25.731588642" /><trkpt lat="62.559159242" lon="25.731607274" /><trkpt lat="62.559152415" lon="25.731625824" /><trkpt lat="62.559145683" lon="25.731644284" /><trkpt lat="62.559139045" lon="25.731662643" /><trkpt lat="62.559132505" lon="25.731680892" /><trkpt lat="62.559126063" lon="25.731699023" /><trkpt lat="62.559119723" lon="25.731717026" /><trkpt lat="62.559113485" lon="25.731734892" /><trkpt lat="62.559107351" lon="25.731752611" /><trkpt lat="62.559101324" lon="25.731770174" /><trkpt lat="62.559095405" lon="25.731787572" /><trkpt lat="62.559089597" lon="25.731804796" /><trkpt lat="62.559083900" lon="25.731821836" /><trkpt lat="62.559078316" lon="25.731838683" /><trkpt lat="62.559072849" lon="25.731855329" /><trkpt lat="62.559067499" lon="25.731871763" /><trkpt lat="62.559062268" lon="25.731887976" /><trkpt lat="62.559057158" lon="25.731903959" /><trkpt lat="62.559052171" lon="25.731919703" /><trkpt lat="62.559047309" lon="25.731935199" /><trkpt lat="62.559042573" lon="25.731950437" /><trkpt lat="62.559037966" lon="25.731965409" /><trkpt lat="62.559033490" lon="25.731980104" /><trkpt lat="62.559029145" lon="25.731994513" /><trkpt lat="62.559024935" lon="25.732008628" /><trkpt lat="62.559020860" lon="25.732022439" /><trkpt lat="62.559016923" lon="25.732035937" /><trkpt lat="62.559013125" lon="25.732049112" /><trkpt lat="62.559009469" lon="25.732061955" /><trkpt lat="62.559005956" lon="25.732074457" /><trkpt lat="62.559002588" lon="25.732086610" /><trkpt lat="62.558999367" lon="25.732098402" /><trkpt lat="62.558996295" lon="25.732109826" /><trkpt lat="62.558993373" lon="25.732120872" /><trkpt lat="62.558989671" lon="25.732134970" /><trkpt lat="62.558985872" lon="25.732149394" /><trkpt lat="62.558981977" lon="25.732164133" /><trkpt lat="62.558977988" lon="25.732179176" /><trkpt lat="62.558973908" lon="25.732194512" /><trkpt lat="62.558969738" lon="25.732210129" /><trkpt lat="62.558965479" lon="25.732226018" /><trkpt lat="62.558961134" lon="25.732242167" /><trkpt lat="62.558956705" lon="25.732258564" /><trkpt lat="62.558952193" lon="25.732275199" /><trkpt lat="62.558947600" lon="25.732292061" /><trkpt lat="62.558942928" lon="25.732309138" /><trkpt lat="62.558938178" lon="25.732326421" /><trkpt lat="62.558933354" lon="25.732343897" /><trkpt lat="62.558928456" lon="25.732361555" /><trkpt lat="62.558923485" lon="25.732379386" /><trkpt lat="62.558918446" lon="25.732397376" /><trkpt lat="62.558913337" lon="25.732415517" /><trkpt lat="62.558908163" lon="25.732433796" /><trkpt lat="62.558902924" lon="25.732452203" /><trkpt lat="62.558897623" lon="25.732470726" /><trkpt lat="62.558892261" lon="25.732489355" /><trkpt lat="62.558886839" lon="25.732508078" /><trkpt lat="62.558881361" lon="25.732526885" /><trkpt lat="62.558875827" lon="25.732545764" /><trkpt lat="62.558870240" lon="25.732564705" /><trkpt lat="62.558864601" lon="25.732583696" /><trkpt lat="62.558858912" lon="25.732602726" /><trkpt lat="62.558853175" lon="25.732621785" /><trkpt lat="62.558847392" lon="25.732640861" /><trkpt lat="62.558841565" lon="25.732659943" /><trkpt lat="62.558835695" lon="25.732679021" /><trkpt lat="62.558829784" lon="25.732698083" /><trkpt lat="62.558823835" lon="25.732717118" /><trkpt lat="62.558817848" lon="25.732736116" /><trkpt lat="62.558811826" lon="25.732755064" /><trkpt lat="62.558805770" lon="25.732773953" /><trkpt lat="62.558799683" lon="25.732792771" /><trkpt lat="62.558793567" lon="25.732811507" /><trkpt lat="62.558787422" lon="25.732830151" /><trkpt lat="62.558781251" lon="25.732848690" /><trkpt lat="62.558775056" lon="25.732867114" /><trkpt lat="62.558768838" lon="25.732885413" /><trkpt lat="62.558762599" lon="25.732903574" /><trkpt lat="62.558756342" lon="25.732921587" /><trkpt lat="62.558750068" lon="25.732939442" /><trkpt lat="62.558743779" lon="25.732957126" /><trkpt lat="62.558737476" lon="25.732974630" /><trkpt lat="62.558731161" lon="25.732991941" /><trkpt lat="62.558724837" lon="25.733009049" /><trkpt lat="62.558718505" lon="25.733025943" /><trkpt lat="62.558712167" lon="25.733042611" /><trkpt lat="62.558705825" lon="25.733059044" /><trkpt lat="62.558699480" lon="25.733075229" /><trkpt lat="62.558693135" lon="25.733091157" /><trkpt lat="62.558686791" lon="25.733106814" /><trkpt lat="62.558680450" lon="25.733122192" /><trkpt lat="62.558674114" lon="25.733137278" /><trkpt lat="62.558667785" lon="25.733152062" /><trkpt lat="62.558661464" lon="25.733166533" /><trkpt lat="62.558655153" lon="25.733180679" /><trkpt lat="62.558648855" lon="25.733194490" /><trkpt lat="62.558642571" lon="25.733207955" /><trkpt lat="62.558636302" lon="25.733221062" /><trkpt lat="62.558630051" lon="25.733233800" /><trkpt lat="62.558623820" lon="25.733246160" /><trkpt lat="62.558617610" lon="25.733258128" /><trkpt lat="62.558610607" lon="25.733270768" /><trkpt lat="62.558603008" lon="25.733283248" /><trkpt lat="62.558594830" lon="25.733295571" /><trkpt lat="62.558586091" lon="25.733307735" /><trkpt lat="62.558576806" lon="25.733319742" /><trkpt lat="62.558566995" lon="25.733331592" /><trkpt lat="62.558556673" lon="25.733343286" /><trkpt lat="62.558545858" lon="25.733354823" /><trkpt lat="62.558534568" lon="25.733366204" /><trkpt lat="62.558522819" lon="25.733377430" /><trkpt lat="62.558510629" lon="25.733388501" /><trkpt lat="62.558498015" lon="25.733399417" /><trkpt lat="62.558484995" lon="25.733410179" /><trkpt lat="62.558471585" lon="25.733420787" /><trkpt lat="62.558457803" lon="25.733431241" /><trkpt lat="62.558443666" lon="25.733441543" /><trkpt lat="62.558429191" lon="25.733451692" /><trkpt lat="62.558414396" lon="25.733461689" /><trkpt lat="62.558399298" lon="25.733471534" /><trkpt lat="62.558383913" lon="25.733481228" /><trkpt lat="62.558368260" lon="25.733490770" /><trkpt lat="62.558352355" lon="25.733500162" /><trkpt lat="62.558336217" lon="25.733509404" /><trkpt lat="62.558319861" lon="25.733518496" /><trkpt lat="62.558303305" lon="25.733527439" /><trkpt lat="62.558286567" lon="25.733536233" /><trkpt lat="62.558269663" lon="25.733544878" /><trkpt lat="62.558252611" lon="25.733553375" /><trkpt lat="62.558235429" lon="25.733561725" /><trkpt lat="62.558218133" lon="25.733569927" /><trkpt lat="62.558200740" lon="25.733577982" /><trkpt lat="62.558183269" lon="25.733585890" /><trkpt lat="62.558165735" lon="25.733593653" /><trkpt lat="62.558148157" lon="25.733601269" /><trkpt lat="62.558130552" lon="25.733608741" /><trkpt lat="62.558112936" lon="25.733616067" /><trkpt lat="62.558095328" lon="25.733623249" /><trkpt lat="62.558077744" lon="25.733630287" /><trkpt lat="62.558060201" lon="25.733637181" /><trkpt lat="62.558042717" lon="25.733643932" /><trkpt lat="62.558025310" lon="25.733650540" /><trkpt lat="62.558007995" lon="25.733657005" /><trkpt lat="62.557990791" lon="25.733663329" /><trkpt lat="62.557973715" lon="25.733669511" /><trkpt lat="62.557956784" lon="25.733675551" /><trkpt lat="62.557940015" lon="25.733681451" /><trkpt lat="62.557923426" lon="25.733687210" /><trkpt lat="62.557907033" lon="25.733692829" /><trkpt lat="62.557890855" lon="25.733698309" /><trkpt lat="62.557874907" lon="25.733703649" /><trkpt lat="62.557859208" lon="25.733708850" /><trkpt lat="62.557843775" lon="25.733713913" /><trkpt lat="62.557828624" lon="25.733718838" /><trkpt lat="62.557813774" lon="25.733723626" /><trkpt lat="62.557799241" lon="25.733728276" /><trkpt lat="62.557785043" lon="25.733732789" /><trkpt lat="62.557771197" lon="25.733737166" /><trkpt lat="62.557757720" lon="25.733741407" /><trkpt lat="62.557744629" lon="25.733745512" /><trkpt lat="62.557731942" lon="25.733749483" /><trkpt lat="62.557719675" lon="25.733753318" /><trkpt lat="62.557707847" lon="25.733757019" /><trkpt lat="62.557695186" lon="25.733760603" /><trkpt lat="62.557682446" lon="25.733763459" /><trkpt lat="62.557669631" lon="25.733765604" /><trkpt lat="62.557656747" lon="25.733767053" /><trkpt lat="62.557643795" lon="25.733767821" /><trkpt lat="62.557630781" lon="25.733767925" /><trkpt lat="62.557617709" lon="25.733767379" /><trkpt lat="62.557604582" lon="25.733766200" /><trkpt lat="62.557591404" lon="25.733764403" /><trkpt lat="62.557578179" lon="25.733762004" /><trkpt lat="62.557564911" lon="25.733759018" /><trkpt lat="62.557551605" lon="25.733755461" /><trkpt lat="62.557538263" lon="25.733751349" /><trkpt lat="62.557524890" lon="25.733746697" /><trkpt lat="62.557511489" lon="25.733741522" /><trkpt lat="62.557498066" lon="25.733735838" /><trkpt lat="62.557484623" lon="25.733729661" /><trkpt lat="62.557471164" lon="25.733723007" /><trkpt lat="62.557457694" lon="25.733715892" /><trkpt lat="62.557444217" lon="25.733708331" /><trkpt lat="62.557430736" lon="25.733700340" /><trkpt lat="62.557417254" lon="25.733691934" /><trkpt lat="62.557403778" lon="25.733683129" /><trkpt lat="62.557390309" lon="25.733673941" /><trkpt lat="62.557376852" lon="25.733664386" /><trkpt lat="62.557363411" lon="25.733654479" /><trkpt lat="62.557349990" lon="25.733644235" /><trkpt lat="62.557336593" lon="25.733633671" /><trkpt lat="62.557323223" lon="25.733622801" /><trkpt lat="62.557309885" lon="25.733611642" /><trkpt lat="62.557296583" lon="25.733600210" /><trkpt lat="62.557283320" lon="25.733588519" /><trkpt lat="62.557270101" lon="25.733576586" /><trkpt lat="62.557256929" lon="25.733564427" /><trkpt lat="62.557243808" lon="25.733552056" /><trkpt lat="62.557230742" lon="25.733539489" /><trkpt lat="62.557217736" lon="25.733526743" /><trkpt lat="62.557204792" lon="25.733513832" /><trkpt lat="62.557191915" lon="25.733500773" /><trkpt lat="62.557179110" lon="25.733487581" /><trkpt lat="62.557166379" lon="25.733474271" /><trkpt lat="62.557153727" lon="25.733460860" /><trkpt lat="62.557141157" lon="25.733447363" /><trkpt lat="62.557128674" lon="25.733433795" /><trkpt lat="62.557116282" lon="25.733420173" /><trkpt lat="62.557103984" lon="25.733406511" /><trkpt lat="62.557091784" lon="25.733392826" /><trkpt lat="62.557079687" lon="25.733379134" /><trkpt lat="62.557067696" lon="25.733365449" /><trkpt lat="62.557055815" lon="25.733351787" /><trkpt lat="62.557044048" lon="25.733338165" /><trkpt lat="62.557032399" lon="25.733324597" /><trkpt lat="62.557020872" lon="25.733311100" /><trkpt lat="62.557009471" lon="25.733297689" /><trkpt lat="62.556998199" lon="25.733284380" /><trkpt lat="62.556987062" lon="25.733271187" /><trkpt lat="62.556976062" lon="25.733258128" /><trkpt lat="62.556963640" lon="25.733244036" /><trkpt lat="62.556950820" lon="25.733230775" /><trkpt lat="62.556937619" lon="25.733218324" /><trkpt lat="62.556924054" lon="25.733206659" /><trkpt lat="62.556910143" lon="25.733195759" /><trkpt lat="62.556895904" lon="25.733185601" /><trkpt lat="62.556881353" lon="25.733176163" /><trkpt lat="62.556866509" lon="25.733167423" /><trkpt lat="62.556851390" lon="25.733159358" /><trkpt lat="62.556836011" lon="25.733151945" /><trkpt lat="62.556820392" lon="25.733145164" /><trkpt lat="62.556804550" lon="25.733138991" /><trkpt lat="62.556788502" lon="25.733133403" /><trkpt lat="62.556772266" lon="25.733128380" /><trkpt lat="62.556755860" lon="25.733123898" /><trkpt lat="62.556739301" lon="25.733119934" /><trkpt lat="62.556722606" lon="25.733116468" /><trkpt lat="62.556705793" lon="25.733113476" /><trkpt lat="62.556688880" lon="25.733110935" /><trkpt lat="62.556671884" lon="25.733108825" /><trkpt lat="62.556654823" lon="25.733107122" /><trkpt lat="62.556637714" lon="25.733105804" /><trkpt lat="62.556620576" lon="25.733104849" /><trkpt lat="62.556603424" lon="25.733104234" /><trkpt lat="62.556586278" lon="25.733103937" /><trkpt lat="62.556569154" lon="25.733103936" /><trkpt lat="62.556552071" lon="25.733104209" /><trkpt lat="62.556535045" lon="25.733104732" /><trkpt lat="62.556518094" lon="25.733105485" /><trkpt lat="62.556501237" lon="25.733106444" /><trkpt lat="62.556484489" lon="25.733107587" /><trkpt lat="62.556467870" lon="25.733108892" /><trkpt lat="62.556451396" lon="25.733110336" /><trkpt lat="62.556435085" lon="25.733111898" /><trkpt lat="62.556418954" lon="25.733113555" /><trkpt lat="62.556403022" lon="25.733115284" /><trkpt lat="62.556387305" lon="25.733117063" /><trkpt lat="62.556371822" lon="25.733118870" /><trkpt lat="62.556356590" lon="25.733120683" /><trkpt lat="62.556341626" lon="25.733122479" /><trkpt lat="62.556326948" lon="25.733124236" /><trkpt lat="62.556312573" lon="25.733125932" /><trkpt lat="62.556298519" lon="25.733127544" /><trkpt lat="62.556284804" lon="25.733129050" /><trkpt lat="62.556271446" lon="25.733130427" /><trkpt lat="62.556258461" lon="25.733131654" /><trkpt lat="62.556245867" lon="25.733132708" /><trkpt lat="62.556233682" lon="25.733133566" /><trkpt lat="62.556221923" lon="25.733134207" /><trkpt lat="62.556210609" lon="25.733134608" /><trkpt lat="62.556199756" lon="25.733134747" /><trkpt lat="62.556186228" lon="25.733134718" /><trkpt lat="62.556172079" lon="25.733134637" /><trkpt lat="62.556157339" lon="25.733134505" /><trkpt lat="62.556142038" lon="25.733134327" /><trkpt lat="62.556126209" lon="25.733134106" /><trkpt lat="62.556109881" lon="25.733133847" /><trkpt lat="62.556093087" lon="25.733133553" /><trkpt lat="62.556075856" lon="25.733133227" /><trkpt lat="62.556058220" lon="25.733132874" /><trkpt lat="62.556040210" lon="25.733132497" /><trkpt lat="62.556021857" lon="25.733132100" /><trkpt lat="62.556003192" lon="25.733131687" /><trkpt lat="62.555984246" lon="25.733131261" /><trkpt lat="62.555965050" lon="25.733130826" /><trkpt lat="62.555945635" lon="25.733130386" /><trkpt lat="62.555926031" lon="25.733129944" /><trkpt lat="62.555906270" lon="25.733129505" /><trkpt lat="62.555886384" lon="25.733129072" /><trkpt lat="62.555866402" lon="25.733128649" /><trkpt lat="62.555846356" lon="25.733128240" /><trkpt lat="62.555826276" lon="25.733127847" /><trkpt lat="62.555806195" lon="25.733127476" /><trkpt lat="62.555786142" lon="25.733127129" /><trkpt lat="62.555766150" lon="25.733126811" /><trkpt lat="62.555746248" lon="25.733126525" /><trkpt lat="62.555726468" lon="25.733126275" /><trkpt lat="62.555706840" lon="25.733126065" /><trkpt lat="62.555687397" lon="25.733125898" /><trkpt lat="62.555668168" lon="25.733125779" /><trkpt lat="62.555649185" lon="25.733125710" /><trkpt lat="62.555630479" lon="25.733125696" /><trkpt lat="62.555612081" lon="25.733125740" /><trkpt lat="62.555594021" lon="25.733125847" /><trkpt lat="62.555576332" lon="25.733126019" /><trkpt lat="62.555559043" lon="25.733126261" /><trkpt lat="62.555542185" lon="25.733126576" /><trkpt lat="62.555525791" lon="25.733126968" /><trkpt lat="62.555509890" lon="25.733127441" /><trkpt lat="62.555494514" lon="25.733127999" /><trkpt lat="62.555479694" lon="25.733128644" /><trkpt lat="62.555465460" lon="25.733129382" /><trkpt lat="62.555454248" lon="25.733129590" /><trkpt lat="62.555443009" lon="25.733128965" /><trkpt lat="62.555431745" lon="25.733127529" /><trkpt lat="62.555420458" lon="25.733125304" /><trkpt lat="62.555409151" lon="25.733122309" /><trkpt lat="62.555397824" lon="25.733118568" /><trkpt lat="62.555386481" lon="25.733114101" /><trkpt lat="62.555375122" lon="25.733108930" /><trkpt lat="62.555363749" lon="25.733103075" /><trkpt lat="62.555352366" lon="25.733096559" /><trkpt lat="62.555340973" lon="25.733089403" /><trkpt lat="62.555329572" lon="25.733081628" /><trkpt lat="62.555318166" lon="25.733073255" /><trkpt lat="62.555306755" lon="25.733064305" /><trkpt lat="62.555295343" lon="25.733054801" /><trkpt lat="62.555283931" lon="25.733044763" /><trkpt lat="62.555272521" lon="25.733034213" /><trkpt lat="62.555261114" lon="25.733023173" /><trkpt lat="62.555249713" lon="25.733011662" /><trkpt lat="62.555238320" lon="25.732999704" /><trkpt lat="62.555226936" lon="25.732987318" /><trkpt lat="62.555215564" lon="25.732974528" /><trkpt lat="62.555204205" lon="25.732961353" /><trkpt lat="62.555192861" lon="25.732947815" /><trkpt lat="62.555181535" lon="25.732933936" /><trkpt lat="62.555170227" lon="25.732919737" /><trkpt lat="62.555158940" lon="25.732905239" /><trkpt lat="62.555147676" lon="25.732890464" /><trkpt lat="62.555136437" lon="25.732875433" /><trkpt lat="62.555125225" lon="25.732860168" /><trkpt lat="62.555114040" lon="25.732844689" /><trkpt lat="62.555102887" lon="25.732829018" /><trkpt lat="62.555091765" lon="25.732813176" /><trkpt lat="62.555080678" lon="25.732797186" /><trkpt lat="62.555069627" lon="25.732781067" /><trkpt lat="62.555058614" lon="25.732764842" /><trkpt lat="62.555047641" lon="25.732748532" /><trkpt lat="62.555036710" lon="25.732732158" /><trkpt lat="62.555025822" lon="25.732715741" /><trkpt lat="62.555014980" lon="25.732699303" /><trkpt lat="62.555004186" lon="25.732682866" /><trkpt lat="62.554993441" lon="25.732666450" /><trkpt lat="62.554982747" lon="25.732650077" /><trkpt lat="62.554972107" lon="25.732633769" /><trkpt lat="62.554961522" lon="25.732617546" /><trkpt lat="62.554950993" lon="25.732601430" /><trkpt lat="62.554940524" lon="25.732585442" /><trkpt lat="62.554930116" lon="25.732569605" /><trkpt lat="62.554919770" lon="25.732553938" /><trkpt lat="62.554909489" lon="25.732538463" /><trkpt lat="62.554899274" lon="25.732523203" /><trkpt lat="62.554890630" lon="25.732510514" /><trkpt lat="62.554881723" lon="25.732497780" /><trkpt lat="62.554872560" lon="25.732485005" /><trkpt lat="62.554863145" lon="25.732472196" /><trkpt lat="62.554853484" lon="25.732459358" /><trkpt lat="62.554843582" lon="25.732446497" /><trkpt lat="62.554833443" lon="25.732433619" /><trkpt lat="62.554823073" lon="25.732420730" /><trkpt lat="62.554812478" lon="25.732407835" /><trkpt lat="62.554801662" lon="25.732394941" /><trkpt lat="62.554790630" lon="25.732382054" /><trkpt lat="62.554779388" lon="25.732369178" /><trkpt lat="62.554767941" lon="25.732356320" /><trkpt lat="62.554756294" lon="25.732343486" /><trkpt lat="62.554744452" lon="25.732330681" /><trkpt lat="62.554732420" lon="25.732317912" /><trkpt lat="62.554720204" lon="25.732305184" /><trkpt lat="62.554707809" lon="25.732292502" /><trkpt lat="62.554695239" lon="25.732279874" /><trkpt lat="62.554682500" lon="25.732267304" /><trkpt lat="62.554669598" lon="25.732254798" /><trkpt lat="62.554656537" lon="25.732242363" /><trkpt lat="62.554643322" lon="25.732230004" /><trkpt lat="62.554629959" lon="25.732217726" /><trkpt lat="62.554616452" lon="25.732205536" /><trkpt lat="62.554602808" lon="25.732193440" /><trkpt lat="62.554589031" lon="25.732181442" /><trkpt lat="62.554575126" lon="25.732169550" /><trkpt lat="62.554561098" lon="25.732157769" /><trkpt lat="62.554546953" lon="25.732146104" /><trkpt lat="62.554532696" lon="25.732134562" /><trkpt lat="62.554518332" lon="25.732123148" /><trkpt lat="62.554503866" lon="25.732111869" /><trkpt lat="62.554489303" lon="25.732100729" /><trkpt lat="62.554474649" lon="25.732089735" /><trkpt lat="62.554459908" lon="25.732078893" /><trkpt lat="62.554445086" lon="25.732068208" /><trkpt lat="62.554430188" lon="25.732057687" /><trkpt lat="62.554415219" lon="25.732047334" /><trkpt lat="62.554400184" lon="25.732037156" /><trkpt lat="62.554385089" lon="25.732027159" /><trkpt lat="62.554369938" lon="25.732017349" /><trkpt lat="62.554354737" lon="25.732007730" /><trkpt lat="62.554339491" lon="25.731998310" /><trkpt lat="62.554324205" lon="25.731989094" /><trkpt lat="62.554308884" lon="25.731980087" /><trkpt lat="62.554293533" lon="25.731971296" /><trkpt lat="62.554278158" lon="25.731962726" /><trkpt lat="62.554262764" lon="25.731954384" /><trkpt lat="62.554247356" lon="25.731946274" /><trkpt lat="62.554231938" lon="25.731938403" /><trkpt lat="62.554216517" lon="25.731930777" /><trkpt lat="62.554201098" lon="25.731923401" /><trkpt lat="62.554185684" lon="25.731916282" /><trkpt lat="62.554170283" lon="25.731909424" /><trkpt lat="62.554154898" lon="25.731902835" /><trkpt lat="62.554139536" lon="25.731896519" /><trkpt lat="62.554124200" lon="25.731890482" /><trkpt lat="62.554108897" lon="25.731884731" /><trkpt lat="62.554093632" lon="25.731879271" /><trkpt lat="62.554078409" lon="25.731874108" /><trkpt lat="62.554059924" lon="25.731867935" /><trkpt lat="62.554041560" lon="25.731861646" /><trkpt lat="62.554023317" lon="25.731855243" /><trkpt lat="62.554005195" lon="25.731848725" /><trkpt lat="62.553987198" lon="25.731842093" /><trkpt lat="62.553969324" lon="25.731835349" /><trkpt lat="62.553951577" lon="25.731828491" /><trkpt lat="62.553933957" lon="25.731821521" /><trkpt lat="62.553916464" lon="25.731814439" /><trkpt lat="62.553899102" lon="25.731807246" /><trkpt lat="62.553881869" lon="25.731799943" /><trkpt lat="62.553864769" lon="25.731792529" /><trkpt lat="62.553847801" lon="25.731785005" /><trkpt lat="62.553830967" lon="25.731777372" /><trkpt lat="62.553814269" lon="25.731769631" /><trkpt lat="62.553797707" lon="25.731761781" /><trkpt lat="62.553781283" lon="25.731753824" /><trkpt lat="62.553764997" lon="25.731745760" /><trkpt lat="62.553748852" lon="25.731737589" /><trkpt lat="62.553732848" lon="25.731729312" /><trkpt lat="62.553716986" lon="25.731720929" /><trkpt lat="62.553701268" lon="25.731712442" /><trkpt lat="62.553685695" lon="25.731703850" /><trkpt lat="62.553670267" lon="25.731695153" /><trkpt lat="62.553654987" lon="25.731686354" /><trkpt lat="62.553639855" lon="25.731677451" /><trkpt lat="62.553624873" lon="25.731668446" /><trkpt lat="62.553610041" lon="25.731659339" /><trkpt lat="62.553595361" lon="25.731650130" /><trkpt lat="62.553580835" lon="25.731640821" /><trkpt lat="62.553566462" lon="25.731631411" /><trkpt lat="62.553552246" lon="25.731621901" /><trkpt lat="62.553538185" lon="25.731612291" /><trkpt lat="62.553524283" lon="25.731602583" /><trkpt lat="62.553510540" lon="25.731592777" /><trkpt lat="62.553496956" lon="25.731582872" /><trkpt lat="62.553483535" lon="25.731572871" /><trkpt lat="62.553470276" lon="25.731562772" /><trkpt lat="62.553457180" lon="25.731552577" /><trkpt lat="62.553444250" lon="25.731542287" /><trkpt lat="62.553431486" lon="25.731531901" /><trkpt lat="62.553418889" lon="25.731521420" /><trkpt lat="62.553406460" lon="25.731510846" /><trkpt lat="62.553394202" lon="25.731500177" /><trkpt lat="62.553382114" lon="25.731489415" /><trkpt lat="62.553370198" lon="25.731478561" /><trkpt lat="62.553358456" lon="25.731467614" /><trkpt lat="62.553346888" lon="25.731456576" /><trkpt lat="62.553335496" lon="25.731445446" /><trkpt lat="62.553324280" lon="25.731434226" /><trkpt lat="62.553310087" lon="25.731419859" /><trkpt lat="62.553296030" lon="25.731405646" /><trkpt lat="62.553282099" lon="25.731391596" /><trkpt lat="62.553268285" lon="25.731377716" /><trkpt lat="62.553254576" lon="25.731364011" /><trkpt lat="62.553240964" lon="25.731350490" /><trkpt lat="62.553227439" lon="25.731337160" /><trkpt lat="62.553213989" lon="25.731324027" /><trkpt lat="62.553200606" lon="25.731311098" /><trkpt lat="62.553187279" lon="25.731298382" /><trkpt lat="62.553173999" lon="25.731285883" /><trkpt lat="62.553160754" lon="25.731273611" /><trkpt lat="62.553147536" lon="25.731261571" /><trkpt lat="62.553134334" lon="25.731249771" /><trkpt lat="62.553121139" lon="25.731238218" /><trkpt lat="62.553107939" lon="25.731226919" /><trkpt lat="62.553094726" lon="25.731215881" /><trkpt lat="62.553081489" lon="25.731205111" /><trkpt lat="62.553068219" lon="25.731194617" /><trkpt lat="62.553054904" lon="25.731184404" /><trkpt lat="62.553041536" lon="25.731174480" /><trkpt lat="62.553028104" lon="25.731164853" /><trkpt lat="62.553014598" lon="25.731155529" /><trkpt lat="62.553001008" lon="25.731146515" /><trkpt lat="62.552987325" lon="25.731137819" /><trkpt lat="62.552973538" lon="25.731129448" /><trkpt lat="62.552959637" lon="25.731121407" /><trkpt lat="62.552945612" lon="25.731113706" /><trkpt lat="62.552931453" lon="25.731106350" /><trkpt lat="62.552917151" lon="25.731099347" /><trkpt lat="62.552902695" lon="25.731092703" /><trkpt lat="62.552888075" lon="25.731086426" /><trkpt lat="62.552873281" lon="25.731080524" /><trkpt lat="62.552858303" lon="25.731075002" /><trkpt lat="62.552843132" lon="25.731069868" /><trkpt lat="62.552827756" lon="25.731065129" /><trkpt lat="62.552812167" lon="25.731060792" /><trkpt lat="62.552796354" lon="25.731056864" /><trkpt lat="62.552780307" lon="25.731053352" /><trkpt lat="62.552768104" lon="25.731050716" /><trkpt lat="62.552755750" lon="25.731047757" /><trkpt lat="62.552743253" lon="25.731044475" /><trkpt lat="62.552730623" lon="25.731040870" /><trkpt lat="62.552717867" lon="25.731036941" /><trkpt lat="62.552704995" lon="25.731032687" /><trkpt lat="62.552692014" lon="25.731028108" /><trkpt lat="62.552678933" lon="25.731023202" /><trkpt lat="62.552665760" lon="25.731017970" /><trkpt lat="62.552652504" lon="25.731012410" /><trkpt lat="62.552639174" lon="25.731006521" /><trkpt lat="62.552625777" lon="25.731000304" /><trkpt lat="62.552612323" lon="25.730993757" /><trkpt lat="62.552598819" lon="25.730986880" /><trkpt lat="62.552585274" lon="25.730979672" /><trkpt lat="62.552571696" lon="25.730972132" /><trkpt lat="62.552558095" lon="25.730964259" /><trkpt lat="62.552544478" lon="25.730956054" /><trkpt lat="62.552530854" lon="25.730947515" /><trkpt lat="62.552517231" lon="25.730938641" /><trkpt lat="62.552503617" lon="25.730929433" /><trkpt lat="62.552490022" lon="25.730919888" /><trkpt lat="62.552476453" lon="25.730910007" /><trkpt lat="62.552462920" lon="25.730899789" /><trkpt lat="62.552449430" lon="25.730889233" /><trkpt lat="62.552435992" lon="25.730878338" /><trkpt lat="62.552422614" lon="25.730867104" /><trkpt lat="62.552409305" lon="25.730855531" /><trkpt lat="62.552396073" lon="25.730843616" /><trkpt lat="62.552382927" lon="25.730831360" /><trkpt lat="62.552369875" lon="25.730818763" /><trkpt lat="62.552356925" lon="25.730805822" /><trkpt lat="62.552344087" lon="25.730792539" /><trkpt lat="62.552331368" lon="25.730778911" /><trkpt lat="62.552318776" lon="25.730764938" /><trkpt lat="62.552306322" lon="25.730750620" /><trkpt lat="62.552294012" lon="25.730735956" /><trkpt lat="62.552281855" lon="25.730720946" /><trkpt lat="62.552269859" lon="25.730705587" /><trkpt lat="62.552258034" lon="25.730689881" /><trkpt lat="62.552246388" lon="25.730673825" /><trkpt lat="62.552234928" lon="25.730657420" /><trkpt lat="62.552223664" lon="25.730640665" /><trkpt lat="62.552212603" lon="25.730623559" /><trkpt lat="62.552201755" lon="25.730606102" /><trkpt lat="62.552191128" lon="25.730588292" /><trkpt lat="62.552180730" lon="25.730570129" /><trkpt lat="62.552170569" lon="25.730551612" /><trkpt lat="62.552160654" lon="25.730532741" /><trkpt lat="62.552150994" lon="25.730513515" /><trkpt lat="62.552141597" lon="25.730493933" /><trkpt lat="62.552132472" lon="25.730473995" /><trkpt lat="62.552126247" lon="25.730459971" /><trkpt lat="62.552120039" lon="25.730445795" /><trkpt lat="62.552113848" lon="25.730431470" /><trkpt lat="62.552107677" lon="25.730416999" /><trkpt lat="62.552101529" lon="25.730402385" /><trkpt lat="62.552095406" lon="25.730387631" /><trkpt lat="62.552089309" lon="25.730372739" /><trkpt lat="62.552083242" lon="25.730357712" /><trkpt lat="62.552077207" lon="25.730342554" /><trkpt lat="62.552071206" lon="25.730327266" /><trkpt lat="62.552065242" lon="25.730311852" /><trkpt lat="62.552059316" lon="25.730296315" /><trkpt lat="62.552053431" lon="25.730280657" /><trkpt lat="62.552047589" lon="25.730264881" /><trkpt lat="62.552041793" lon="25.730248990" /><trkpt lat="62.552036045" lon="25.730232987" /><trkpt lat="62.552030348" lon="25.730216875" /><trkpt lat="62.552024703" lon="25.730200656" /><trkpt lat="62.552019113" lon="25.730184334" /><trkpt lat="62.552013581" lon="25.730167910" /><trkpt lat="62.552008107" lon="25.730151389" /><trkpt lat="62.552002696" lon="25.730134772" /><trkpt lat="62.551997350" lon="25.730118063" /><trkpt lat="62.551992069" lon="25.730101265" /><trkpt lat="62.551986858" lon="25.730084380" /><trkpt lat="62.551981718" lon="25.730067410" /><trkpt lat="62.551976651" lon="25.730050360" /><trkpt lat="62.551971660" lon="25.730033231" /><trkpt lat="62.551966748" lon="25.730016027" /><trkpt lat="62.551961915" lon="25.729998751" /><trkpt lat="62.551957166" lon="25.729981404" /><trkpt lat="62.551952502" lon="25.729963991" /><trkpt lat="62.551947925" lon="25.729946513" /><trkpt lat="62.551943438" lon="25.729928974" /><trkpt lat="62.551939044" lon="25.729911377" /><trkpt lat="62.551934743" lon="25.729893723" /><trkpt lat="62.551930540" lon="25.729876017" /><trkpt lat="62.551926435" lon="25.729858261" /><trkpt lat="62.551922432" lon="25.729840458" /><trkpt lat="62.551918532" lon="25.729822610" /><trkpt lat="62.551914739" lon="25.729804721" /><trkpt lat="62.551911054" lon="25.729786793" /><trkpt lat="62.551907479" lon="25.729768829" /><trkpt lat="62.551904018" lon="25.729750832" /><trkpt lat="62.551900672" lon="25.729732804" /><trkpt lat="62.551897443" lon="25.729714749" /><trkpt lat="62.551894335" lon="25.729696670" /><trkpt lat="62.551891348" lon="25.729678569" /><trkpt lat="62.551888487" lon="25.729660448" /><trkpt lat="62.551885752" lon="25.729642312" /><trkpt lat="62.551883146" lon="25.729624162" /><trkpt lat="62.551880672" lon="25.729606001" /><trkpt lat="62.551878332" lon="25.729587833" /><trkpt lat="62.551876128" lon="25.729569660" /><trkpt lat="62.551874063" lon="25.729551485" /><trkpt lat="62.551872139" lon="25.729533311" /><trkpt lat="62.551870357" lon="25.729515140" /><trkpt lat="62.551868721" lon="25.729496976" /><trkpt lat="62.551867233" lon="25.729478821" /><trkpt lat="62.551865895" lon="25.729460678" /><trkpt lat="62.551864710" lon="25.729442550" /><trkpt lat="62.551863679" lon="25.729424440" /><trkpt lat="62.551862806" lon="25.729406350" /><trkpt lat="62.551862092" lon="25.729388283" /><trkpt lat="62.551861539" lon="25.729370243" /><trkpt lat="62.551861151" lon="25.729352231" /><trkpt lat="62.551860929" lon="25.729334252" /><trkpt lat="62.551860875" lon="25.729316307" /><trkpt lat="62.551860993" lon="25.729298399" /><trkpt lat="62.551861284" lon="25.729280532" /><trkpt lat="62.551861751" lon="25.729262708" /><trkpt lat="62.551862396" lon="25.729244930" /><trkpt lat="62.551863221" lon="25.729227201" /><trkpt lat="62.551864228" lon="25.729209523" /><trkpt lat="62.551865421" lon="25.729191899" /><trkpt lat="62.551866736" lon="25.729174098" /><trkpt lat="62.551868074" lon="25.729156359" /><trkpt lat="62.551869433" lon="25.729138680" /><trkpt lat="62.551870811" lon="25.729121057" /><trkpt lat="62.551872207" lon="25.729103489" /><trkpt lat="62.551873619" lon="25.729085973" /><trkpt lat="62.551875046" lon="25.729068507" /><trkpt lat="62.551876486" lon="25.729051087" /><trkpt lat="62.551877937" lon="25.729033711" /><trkpt lat="62.551879397" lon="25.729016378" /><trkpt lat="62.551880865" lon="25.728999083" /><trkpt lat="62.551882340" lon="25.728981826" /><trkpt lat="62.551883819" lon="25.728964602" /><trkpt lat="62.551885301" lon="25.728947410" /><trkpt lat="62.551886785" lon="25.728930247" /><trkpt lat="62.551888268" lon="25.728913111" /><trkpt lat="62.551889749" lon="25.728895999" /><trkpt lat="62.551891227" lon="25.728878908" /><trkpt lat="62.551892699" lon="25.728861836" /><trkpt lat="62.551894164" lon="25.728844780" /><trkpt lat="62.551895621" lon="25.728827738" /><trkpt lat="62.551897068" lon="25.728810708" /><trkpt lat="62.551898502" lon="25.728793686" /><trkpt lat="62.551899924" lon="25.728776670" /><trkpt lat="62.551901330" lon="25.728759658" /><trkpt lat="62.551902719" lon="25.728742647" /><trkpt lat="62.551904090" lon="25.728725635" /><trkpt lat="62.551905440" lon="25.728708619" /><trkpt lat="62.551906769" lon="25.728691596" /><trkpt lat="62.551908075" lon="25.728674564" /><trkpt lat="62.551909355" lon="25.728657521" /><trkpt lat="62.551910609" lon="25.728640463" /><trkpt lat="62.551911835" lon="25.728623389" /><trkpt lat="62.551913030" lon="25.728606296" /><trkpt lat="62.551914194" lon="25.728589181" /><trkpt lat="62.551915325" lon="25.728572041" /><trkpt lat="62.551916420" lon="25.728554875" /><trkpt lat="62.551917479" lon="25.728537679" /><trkpt lat="62.551918500" lon="25.728520451" /><trkpt lat="62.551919481" lon="25.728503189" /><trkpt lat="62.551920421" lon="25.728485890" /><trkpt lat="62.551921317" lon="25.728468551" /><trkpt lat="62.551922168" lon="25.728451170" /><trkpt lat="62.551922973" lon="25.728433745" /><trkpt lat="62.551923730" lon="25.728416272" /><trkpt lat="62.551924437" lon="25.728398750" /><trkpt lat="62.551925093" lon="25.728381175" /><trkpt lat="62.551925696" lon="25.728363546" /><trkpt lat="62.551926244" lon="25.728345859" /><trkpt lat="62.551926735" lon="25.728328112" /><trkpt lat="62.551927169" lon="25.728310303" /><trkpt lat="62.551927543" lon="25.728292429" /><trkpt lat="62.551927856" lon="25.728274488" /><trkpt lat="62.551928106" lon="25.728256476" /><trkpt lat="62.551928291" lon="25.728238392" /><trkpt lat="62.551928410" lon="25.728220232" /><trkpt lat="62.551928461" lon="25.728201995" /><trkpt lat="62.551928442" lon="25.728183678" /><trkpt lat="62.551928353" lon="25.728165278" /><trkpt lat="62.551928190" lon="25.728146793" /><trkpt lat="62.551927953" lon="25.728128219" /><trkpt lat="62.551927640" lon="25.728109556" /><trkpt lat="62.551927250" lon="25.728090799" /><trkpt lat="62.551926779" lon="25.728071947" /><trkpt lat="62.551926228" lon="25.728052997" /><trkpt lat="62.551925594" lon="25.728033947" /><trkpt lat="62.551924876" lon="25.728014793" /><trkpt lat="62.551924072" lon="25.727995534" /><trkpt lat="62.551923180" lon="25.727976166" /><trkpt lat="62.551922198" lon="25.727956688" /><trkpt lat="62.551921126" lon="25.727937096" /><trkpt lat="62.551919961" lon="25.727917389" /><trkpt lat="62.551918702" lon="25.727897563" /><trkpt lat="62.551917347" lon="25.727877617" /><trkpt lat="62.551916319" lon="25.727863261" /><trkpt lat="62.551915230" lon="25.727848669" /><trkpt lat="62.551914083" lon="25.727833846" /><trkpt lat="62.551912877" lon="25.727818798" /><trkpt lat="62.551911613" lon="25.727803529" /><trkpt lat="62.551910292" lon="25.727788046" /><trkpt lat="62.551908915" lon="25.727772351" /><trkpt lat="62.551907481" lon="25.727756452" /><trkpt lat="62.551905993" lon="25.727740353" /><trkpt lat="62.551904449" lon="25.727724060" /><trkpt lat="62.551902852" lon="25.727707577" /><trkpt lat="62.551901201" lon="25.727690909" /><trkpt lat="62.551899498" lon="25.727674062" /><trkpt lat="62.551897742" lon="25.727657042" /><trkpt lat="62.551895935" lon="25.727639852" /><trkpt lat="62.551894077" lon="25.727622498" /><trkpt lat="62.551892169" lon="25.727604986" /><trkpt lat="62.551890211" lon="25.727587320" /><trkpt lat="62.551888204" lon="25.727569506" /><trkpt lat="62.551886149" lon="25.727551549" /><trkpt lat="62.551884046" lon="25.727533454" /><trkpt lat="62.551881896" lon="25.727515226" /><trkpt lat="62.551879700" lon="25.727496870" /><trkpt lat="62.551877458" lon="25.727478391" /><trkpt lat="62.551875171" lon="25.727459796" /><trkpt lat="62.551872839" lon="25.727441087" /><trkpt lat="62.551870463" lon="25.727422272" /><trkpt lat="62.551868044" lon="25.727403355" /><trkpt lat="62.551865583" lon="25.727384341" /><trkpt lat="62.551863079" lon="25.727365235" /><trkpt lat="62.551860534" lon="25.727346043" /><trkpt lat="62.551857948" lon="25.727326769" /><trkpt lat="62.551855323" lon="25.727307419" /><trkpt lat="62.551852658" lon="25.727287998" /><trkpt lat="62.551849953" lon="25.727268511" /><trkpt lat="62.551847211" lon="25.727248964" /><trkpt lat="62.551844431" lon="25.727229360" /><trkpt lat="62.551841615" lon="25.727209707" /><trkpt lat="62.551838762" lon="25.727190007" /><trkpt lat="62.551835873" lon="25.727170268" /><trkpt lat="62.551832949" lon="25.727150494" /><trkpt lat="62.551829991" lon="25.727130690" /><trkpt lat="62.551826999" lon="25.727110861" /><trkpt lat="62.551823974" lon="25.727091012" /><trkpt lat="62.551820917" lon="25.727071150" /><trkpt lat="62.551817827" lon="25.727051277" /><trkpt lat="62.551814707" lon="25.727031401" /><trkpt lat="62.551811556" lon="25.727011526" /><trkpt lat="62.551808374" lon="25.726991657" /><trkpt lat="62.551805164" lon="25.726971799" /><trkpt lat="62.551801925" lon="25.726951958" /><trkpt lat="62.551798657" lon="25.726932138" /><trkpt lat="62.551795363" lon="25.726912345" /><trkpt lat="62.551792041" lon="25.726892584" /><trkpt lat="62.551788694" lon="25.726872861" /><trkpt lat="62.551785320" lon="25.726853179" /><trkpt lat="62.551781922" lon="25.726833545" /><trkpt lat="62.551778500" lon="25.726813963" /><trkpt lat="62.551775054" lon="25.726794439" /><trkpt lat="62.551771585" lon="25.726774978" /><trkpt lat="62.551768093" lon="25.726755585" /><trkpt lat="62.551764580" lon="25.726736265" /><trkpt lat="62.551761046" lon="25.726717023" /><trkpt lat="62.551757491" lon="25.726697865" /><trkpt lat="62.551753917" lon="25.726678795" /><trkpt lat="62.551750323" lon="25.726659819" /><trkpt lat="62.551746711" lon="25.726640942" /><trkpt lat="62.551743080" lon="25.726622169" /><trkpt lat="62.551739433" lon="25.726603505" /><trkpt lat="62.551735769" lon="25.726584956" /><trkpt lat="62.551732088" lon="25.726566526" /><trkpt lat="62.551728393" lon="25.726548220" /><trkpt lat="62.551724682" lon="25.726530045" /><trkpt lat="62.551720958" lon="25.726512004" /><trkpt lat="62.551717220" lon="25.726494104" /><trkpt lat="62.551713469" lon="25.726476348" /><trkpt lat="62.551709705" lon="25.726458743" /><trkpt lat="62.551705931" lon="25.726441294" /><trkpt lat="62.551702145" lon="25.726424005" /><trkpt lat="62.551698349" lon="25.726406882" /><trkpt lat="62.551694543" lon="25.726389931" /><trkpt lat="62.551690728" lon="25.726373155" /><trkpt lat="62.551686905" lon="25.726356561" /><trkpt lat="62.551683074" lon="25.726340153" /><trkpt lat="62.551679235" lon="25.726323936" /><trkpt lat="62.551675390" lon="25.726307917" /><trkpt lat="62.551671540" lon="25.726292099" /><trkpt lat="62.551667683" lon="25.726276488" /><trkpt lat="62.551663823" lon="25.726261090" /><trkpt lat="62.551659958" lon="25.726245909" /><trkpt lat="62.551656090" lon="25.726230950" /><trkpt lat="62.551652219" lon="25.726216219" /><trkpt lat="62.551648346" lon="25.726201721" /><trkpt lat="62.551644472" lon="25.726187461" /><trkpt lat="62.551640597" lon="25.726173444" /><trkpt lat="62.551636721" lon="25.726159675" /><trkpt lat="62.551632846" lon="25.726146159" /><trkpt lat="62.551628972" lon="25.726132902" /><trkpt lat="62.551625100" lon="25.726119909" /><trkpt lat="62.551621230" lon="25.726107185" /><trkpt lat="62.551617363" lon="25.726094735" /><trkpt lat="62.551613499" lon="25.726082563" /><trkpt lat="62.551609640" lon="25.726070677" /><trkpt lat="62.551605786" lon="25.726059079" /><trkpt lat="62.551596363" lon="25.726031195" /><trkpt lat="62.551587163" lon="25.726004240" /><trkpt lat="62.551578172" lon="25.725978193" /><trkpt lat="62.551569376" lon="25.725953033" /><trkpt lat="62.551560762" lon="25.725928740" /><trkpt lat="62.551552316" lon="25.725905294" /><trkpt lat="62.551544025" lon="25.725882674" /><trkpt lat="62.551535875" lon="25.725860860" /><trkpt lat="62.551527854" lon="25.725839832" /><trkpt lat="62.551519948" lon="25.725819569" /><trkpt lat="62.551512143" lon="25.725800050" /><trkpt lat="62.551504425" lon="25.725781255" /><trkpt lat="62.551496783" lon="25.725763165" /><trkpt lat="62.551489201" lon="25.725745757" /><trkpt lat="62.551481667" lon="25.725729013" /><trkpt lat="62.551474167" lon="25.725712911" /><trkpt lat="62.551466688" lon="25.725697431" /><trkpt lat="62.551459217" lon="25.725682553" /><trkpt lat="62.551451739" lon="25.725668257" /><trkpt lat="62.551444242" lon="25.725654521" /><trkpt lat="62.551436713" lon="25.725641325" /><trkpt lat="62.551429137" lon="25.725628650" /><trkpt lat="62.551421501" lon="25.725616474" /><trkpt lat="62.551413792" lon="25.725604777" /><trkpt lat="62.551405997" lon="25.725593539" /><trkpt lat="62.551398101" lon="25.725582740" /><trkpt lat="62.551390093" lon="25.725572358" /><trkpt lat="62.551381957" lon="25.725562374" /><trkpt lat="62.551373682" lon="25.725552767" /><trkpt lat="62.551365253" lon="25.725543516" /><trkpt lat="62.551356656" lon="25.725534602" /><trkpt lat="62.551347880" lon="25.725526004" /><trkpt lat="62.551338909" lon="25.725517701" /><trkpt lat="62.551329732" lon="25.725509673" /><trkpt lat="62.551320333" lon="25.725501900" /><trkpt lat="62.551310701" lon="25.725494361" /><trkpt lat="62.551300821" lon="25.725487035" /><trkpt lat="62.551290680" lon="25.725479903" /><trkpt lat="62.551280264" lon="25.725472944" /><trkpt lat="62.551269561" lon="25.725466137" /><trkpt lat="62.551258557" lon="25.725459463" /><trkpt lat="62.551247238" lon="25.725452900" /><trkpt lat="62.551239128" lon="25.725448175" /><trkpt lat="62.551230615" lon="25.725442978" /><trkpt lat="62.551221711" lon="25.725437321" /><trkpt lat="62.551212427" lon="25.725431216" /><trkpt lat="62.551202775" lon="25.725424677" /><trkpt lat="62.551192767" lon="25.725417715" /><trkpt lat="62.551182414" lon="25.725410342" /><trkpt lat="62.551171729" lon="25.725402572" /><trkpt lat="62.551160723" lon="25.725394416" /><trkpt lat="62.551149407" lon="25.725385886" /><trkpt lat="62.551137794" lon="25.725376996" /><trkpt lat="62.551125894" lon="25.725367756" /><trkpt lat="62.551113721" lon="25.725358181" /><trkpt lat="62.551101285" lon="25.725348281" /><trkpt lat="62.551088597" lon="25.725338070" /><trkpt lat="62.551075671" lon="25.725327559" /><trkpt lat="62.551062517" lon="25.725316761" /><trkpt lat="62.551049148" lon="25.725305689" /><trkpt lat="62.551035574" lon="25.725294354" /><trkpt lat="62.551021808" lon="25.725282769" /><trkpt lat="62.551007862" lon="25.725270947" /><trkpt lat="62.550993746" lon="25.725258899" /><trkpt lat="62.550979473" lon="25.725246639" /><trkpt lat="62.550965055" lon="25.725234177" /><trkpt lat="62.550950502" lon="25.725221528" /><trkpt lat="62.550935828" lon="25.725208702" /><trkpt lat="62.550921043" lon="25.725195713" /><trkpt lat="62.550906159" lon="25.725182572" /><trkpt lat="62.550891188" lon="25.725169293" /><trkpt lat="62.550876142" lon="25.725155886" /><trkpt lat="62.550861032" lon="25.725142366" /><trkpt lat="62.550845870" lon="25.725128744" /><trkpt lat="62.550830668" lon="25.725115032" /><trkpt lat="62.550815437" lon="25.725101242" /><trkpt lat="62.550800190" lon="25.725087388" /><trkpt lat="62.550784937" lon="25.725073481" /><trkpt lat="62.550769691" lon="25.725059534" /><trkpt lat="62.550754463" lon="25.725045559" /><trkpt lat="62.550739265" lon="25.725031568" /><trkpt lat="62.550724108" lon="25.725017574" /><trkpt lat="62.550709005" lon="25.725003589" /><trkpt lat="62.550693967" lon="25.724989626" /><trkpt lat="62.550679006" lon="25.724975696" /><trkpt lat="62.550664133" lon="25.724961813" /><trkpt lat="62.550649361" lon="25.724947987" /><trkpt lat="62.550634700" lon="25.724934233" /><trkpt lat="62.550620162" lon="25.724920562" /><trkpt lat="62.550605760" lon="25.724906986" /><trkpt lat="62.550591505" lon="25.724893518" /><trkpt lat="62.550577409" lon="25.724880170" /><trkpt lat="62.550563482" lon="25.724866954" /><trkpt lat="62.550549738" lon="25.724853883" /><trkpt lat="62.550536188" lon="25.724840970" /><trkpt lat="62.550522843" lon="25.724828225" /><trkpt lat="62.550509715" lon="25.724815663" /><trkpt lat="62.550496816" lon="25.724803295" /><trkpt lat="62.550484158" lon="25.724791133" /><trkpt lat="62.550471751" lon="25.724779190" /><trkpt lat="62.550459609" lon="25.724767478" /><trkpt lat="62.550447743" lon="25.724756009" /><trkpt lat="62.550436163" lon="25.724744797" /><trkpt lat="62.550423187" lon="25.724732237" /><trkpt lat="62.550410089" lon="25.724719596" /><trkpt lat="62.550396876" lon="25.724706882" /><trkpt lat="62.550383553" lon="25.724694101" /><trkpt lat="62.550370125" lon="25.724681261" /><trkpt lat="62.550356599" lon="25.724668370" /><trkpt lat="62.550342980" lon="25.724655435" /><trkpt lat="62.550329274" lon="25.724642463" /><trkpt lat="62.550315487" lon="25.724629462" /><trkpt lat="62.550301625" lon="25.724616438" /><trkpt lat="62.550287692" lon="25.724603400" /><trkpt lat="62.550273696" lon="25.724590354" /><trkpt lat="62.550259642" lon="25.724577309" /><trkpt lat="62.550245535" lon="25.724564271" /><trkpt lat="62.550231381" lon="25.724551247" /><trkpt lat="62.550217186" lon="25.724538246" /><trkpt lat="62.550202956" lon="25.724525274" /><trkpt lat="62.550188697" lon="25.724512339" /><trkpt lat="62.550174414" lon="25.724499448" /><trkpt lat="62.550160112" lon="25.724486608" /><trkpt lat="62.550145799" lon="25.724473827" /><trkpt lat="62.550131479" lon="25.724461113" /><trkpt lat="62.550117158" lon="25.724448472" /><trkpt lat="62.550102842" lon="25.724435912" /><trkpt lat="62.550088537" lon="25.724423441" /><trkpt lat="62.550074249" lon="25.724411065" /><trkpt lat="62.550059983" lon="25.724398792" /><trkpt lat="62.550045744" lon="25.724386629" /><trkpt lat="62.550031540" lon="25.724374584" /><trkpt lat="62.550017375" lon="25.724362665" /><trkpt lat="62.550003255" lon="25.724350878" /><trkpt lat="62.549989186" lon="25.724339230" /><trkpt lat="62.549975173" lon="25.724327730" /><trkpt lat="62.549961224" lon="25.724316384" /><trkpt lat="62.549947342" lon="25.724305200" /><trkpt lat="62.549933535" lon="25.724294186" /><trkpt lat="62.549919807" lon="25.724283348" /><trkpt lat="62.549906164" lon="25.724272694" /><trkpt lat="62.549892613" lon="25.724262231" /><trkpt lat="62.549879159" lon="25.724251967" /><trkpt lat="62.549865807" lon="25.724241909" /><trkpt lat="62.549852564" lon="25.724232064" /><trkpt lat="62.549839435" lon="25.724222441" /><trkpt lat="62.549826426" lon="25.724213045" /><trkpt lat="62.549813543" lon="25.724203885" /><trkpt lat="62.549800791" lon="25.724194967" /><trkpt lat="62.549788177" lon="25.724186300" /><trkpt lat="62.549775705" lon="25.724177890" /><trkpt lat="62.549763382" lon="25.724169746" /><trkpt lat="62.549751214" lon="25.724161873" /><trkpt lat="62.549739205" lon="25.724154280" /><trkpt lat="62.549727363" lon="25.724146974" /><trkpt lat="62.549715692" lon="25.724139963" /><trkpt lat="62.549704199" lon="25.724133253" /><trkpt lat="62.549693877" lon="25.724127321" /><trkpt lat="62.549683110" lon="25.724121141" /><trkpt lat="62.549671910" lon="25.724114723" /><trkpt lat="62.549660290" lon="25.724108079" /><trkpt lat="62.549648262" lon="25.724101219" /><trkpt lat="62.549635840" lon="25.724094156" /><trkpt lat="62.549623037" lon="25.724086899" /><trkpt lat="62.549609864" lon="25.724079460" /><trkpt lat="62.549596335" lon="25.724071850" /><trkpt lat="62.549582464" lon="25.724064080" /><trkpt lat="62.549568261" lon="25.724056162" /><trkpt lat="62.549553741" lon="25.724048105" /><trkpt lat="62.549538916" lon="25.724039922" /><trkpt lat="62.549523799" lon="25.724031623" /><trkpt lat="62.549508403" lon="25.724023219" /><trkpt lat="62.549492741" lon="25.724014722" /><trkpt lat="62.549476825" lon="25.724006142" /><trkpt lat="62.549460668" lon="25.723997491" /><trkpt lat="62.549444283" lon="25.723988779" /><trkpt lat="62.549427684" lon="25.723980018" /><trkpt lat="62.549410881" lon="25.723971219" /><trkpt lat="62.549393890" lon="25.723962393" /><trkpt lat="62.549376721" lon="25.723953550" /><trkpt lat="62.549359389" lon="25.723944702" /><trkpt lat="62.549341906" lon="25.723935860" /><trkpt lat="62.549324284" lon="25.723927035" /><trkpt lat="62.549306537" lon="25.723918239" /><trkpt lat="62.549288677" lon="25.723909481" /><trkpt lat="62.549270718" lon="25.723900774" /><trkpt lat="62.549252671" lon="25.723892128" /><trkpt lat="62.549234550" lon="25.723883554" /><trkpt lat="62.549216368" lon="25.723875063" /><trkpt lat="62.549198138" lon="25.723866667" /><trkpt lat="62.549179871" lon="25.723858377" /><trkpt lat="62.549161582" lon="25.723850203" /><trkpt lat="62.549143282" lon="25.723842157" /><trkpt lat="62.549124985" lon="25.723834249" /><trkpt lat="62.549106704" lon="25.723826491" /><trkpt lat="62.549088451" lon="25.723818894" /><trkpt lat="62.549070239" lon="25.723811469" /><trkpt lat="62.549052081" lon="25.723804227" /><trkpt lat="62.549033989" lon="25.723797178" /><trkpt lat="62.549015978" lon="25.723790335" /><trkpt lat="62.548998058" lon="25.723783708" /><trkpt lat="62.548980244" lon="25.723777308" /><trkpt lat="62.548962548" lon="25.723771146" /><trkpt lat="62.548944982" lon="25.723765234" /><trkpt lat="62.548927560" lon="25.723759582" /><trkpt lat="62.548910295" lon="25.723754201" /><trkpt lat="62.548893199" lon="25.723749103" /><trkpt lat="62.548876285" lon="25.723744298" /><trkpt lat="62.548859565" lon="25.723739798" /><trkpt lat="62.548843054" lon="25.723735613" /><trkpt lat="62.548826763" lon="25.723731756" /><trkpt lat="62.548810705" lon="25.723728236" /><trkpt lat="62.548794893" lon="25.723725065" /><trkpt lat="62.548779340" lon="25.723722253" /><trkpt lat="62.548764059" lon="25.723719813" /><trkpt lat="62.548749063" lon="25.723717755" /><trkpt lat="62.548734364" lon="25.723716090" /><trkpt lat="62.548719975" lon="25.723714828" /><trkpt lat="62.548702328" lon="25.723713886" /><trkpt lat="62.548684816" lon="25.723713667" /><trkpt lat="62.548667439" lon="25.723714147" /><trkpt lat="62.548650194" lon="25.723715299" /><trkpt lat="62.548633081" lon="25.723717096" /><trkpt lat="62.548616099" lon="25.723719513" /><trkpt lat="62.548599247" lon="25.723722523" /><trkpt lat="62.548582523" lon="25.723726100" /><trkpt lat="62.548565928" lon="25.723730217" /><trkpt lat="62.548549459" lon="25.723734849" /><trkpt lat="62.548533117" lon="25.723739969" /><trkpt lat="62.548516899" lon="25.723745551" /><trkpt lat="62.548500805" lon="25.723751568" /><trkpt lat="62.548484833" lon="25.723757994" /><trkpt lat="62.548468984" lon="25.723764803" /><trkpt lat="62.548453255" lon="25.723771970" /><trkpt lat="62.548437647" lon="25.723779466" /><trkpt lat="62.548422157" lon="25.723787267" /><trkpt lat="62.548406785" lon="25.723795346" /><trkpt lat="62.548391529" lon="25.723803677" /><trkpt lat="62.548376390" lon="25.723812233" /><trkpt lat="62.548361365" lon="25.723820988" /><trkpt lat="62.548346453" lon="25.723829916" /><trkpt lat="62.548331655" lon="25.723838990" /><trkpt lat="62.548316968" lon="25.723848185" /><trkpt lat="62.548302393" lon="25.723857475" /><trkpt lat="62.548287926" lon="25.723866832" /><trkpt lat="62.548273569" lon="25.723876230" /><trkpt lat="62.548259319" lon="25.723885644" /><trkpt lat="62.548245176" lon="25.723895047" /><trkpt lat="62.548231138" lon="25.723904413" /><trkpt lat="62.548217206" lon="25.723913715" /><trkpt lat="62.548203377" lon="25.723922928" /><trkpt lat="62.548189650" lon="25.723932024" /><trkpt lat="62.548176025" lon="25.723940979" /><trkpt lat="62.548162501" lon="25.723949764" /><trkpt lat="62.548149077" lon="25.723958355" /><trkpt lat="62.548135751" lon="25.723966725" /><trkpt lat="62.548122523" lon="25.723974848" /><trkpt lat="62.548109391" lon="25.723982697" /><trkpt lat="62.548096355" lon="25.723990246" /><trkpt lat="62.548083413" lon="25.723997469" /><trkpt lat="62.548070566" lon="25.724004340" /><trkpt lat="62.548057810" lon="25.724010832" /><trkpt lat="62.548045146" lon="25.724016919" /><trkpt lat="62.548032573" lon="25.724022575" /><trkpt lat="62.548020090" lon="25.724027774" /><trkpt lat="62.548007694" lon="25.724032489" /><trkpt lat="62.547995387" lon="25.724036694" /><trkpt lat="62.547983712" lon="25.724040145" /><trkpt lat="62.547971381" lon="25.724043219" /><trkpt lat="62.547958421" lon="25.724045928" /><trkpt lat="62.547944856" lon="25.724048286" /><trkpt lat="62.547930714" lon="25.724050304" /><trkpt lat="62.547916019" lon="25.724051995" /><trkpt lat="62.547900797" lon="25.724053372" /><trkpt lat="62.547885075" lon="25.724054447" /><trkpt lat="62.547868878" lon="25.724055233" /><trkpt lat="62.547852231" lon="25.724055742" /><trkpt lat="62.547835162" lon="25.724055987" /><trkpt lat="62.547817695" lon="25.724055980" /><trkpt lat="62.547799856" lon="25.724055734" /><trkpt lat="62.547781671" lon="25.724055262" /><trkpt lat="62.547763167" lon="25.724054575" /><trkpt lat="62.547744368" lon="25.724053687" /><trkpt lat="62.547725300" lon="25.724052610" /><trkpt lat="62.547705990" lon="25.724051357" /><trkpt lat="62.547686464" lon="25.724049940" /><trkpt lat="62.547666746" lon="25.724048371" /><trkpt lat="62.547646863" lon="25.724046664" /><trkpt lat="62.547626841" lon="25.724044830" /><trkpt lat="62.547606705" lon="25.724042883" /><trkpt lat="62.547586481" lon="25.724040834" /><trkpt lat="62.547566196" lon="25.724038697" /><trkpt lat="62.547545875" lon="25.724036484" /><trkpt lat="62.547525543" lon="25.724034207" /><trkpt lat="62.547505227" lon="25.724031879" /><trkpt lat="62.547484952" lon="25.724029513" /><trkpt lat="62.547464744" lon="25.724027120" /><trkpt lat="62.547444630" lon="25.724024715" /><trkpt lat="62.547424634" lon="25.724022308" /><trkpt lat="62.547404782" lon="25.724019913" /><trkpt lat="62.547385102" lon="25.724017543" /><trkpt lat="62.547365617" lon="25.724015209" /><trkpt lat="62.547346354" lon="25.724012924" /><trkpt lat="62.547327340" lon="25.724010701" /><trkpt lat="62.547308599" lon="25.724008553" /><trkpt lat="62.547290157" lon="25.724006492" /><trkpt lat="62.547272041" lon="25.724004529" /><trkpt lat="62.547254276" lon="25.724002679" /><trkpt lat="62.547236888" lon="25.724000954" /><trkpt lat="62.547219903" lon="25.723999365" /><trkpt lat="62.547203346" lon="25.723997927" /><trkpt lat="62.547187244" lon="25.723996650" /><trkpt lat="62.547171621" lon="25.723995548" /><trkpt lat="62.547156505" lon="25.723994633" /><trkpt lat="62.547141921" lon="25.723993918" /><trkpt lat="62.547127894" lon="25.723993415" /><trkpt lat="62.547114451" lon="25.723993137" /><trkpt lat="62.547101617" lon="25.723993097" /><trkpt lat="62.547089418" lon="25.723993306" /><trkpt lat="62.547077880" lon="25.723993778" /><trkpt lat="62.547069131" lon="25.723994486" /><trkpt lat="62.547059851" lon="25.723995680" /><trkpt lat="62.547050055" lon="25.723997348" /><trkpt lat="62.547039757" lon="25.723999479" /><trkpt lat="62.547028972" lon="25.724002059" /><trkpt lat="62.547017715" lon="25.724005077" /><trkpt lat="62.547005999" lon="25.724008520" /><trkpt lat="62.546993840" lon="25.724012375" /><trkpt lat="62.546981252" lon="25.724016630" /><trkpt lat="62.546968248" lon="25.724021273" /><trkpt lat="62.546954845" lon="25.724026291" /><trkpt lat="62.546941056" lon="25.724031672" /><trkpt lat="62.546926896" lon="25.724037404" /><trkpt lat="62.546912379" lon="25.724043474" /><trkpt lat="62.546897520" lon="25.724049870" /><trkpt lat="62.546882333" lon="25.724056579" /><trkpt lat="62.546866833" lon="25.724063590" /><trkpt lat="62.546851035" lon="25.724070888" /><trkpt lat="62.546834952" lon="25.724078464" /><trkpt lat="62.546818599" lon="25.724086303" /><trkpt lat="62.546801991" lon="25.724094393" /><trkpt lat="62.546785142" lon="25.724102723" /><trkpt lat="62.546768067" lon="25.724111279" /><trkpt lat="62.546750780" lon="25.724120050" /><trkpt lat="62.546733296" lon="25.724129023" /><trkpt lat="62.546715629" lon="25.724138185" /><trkpt lat="62.546697794" lon="25.724147524" /><trkpt lat="62.546679805" lon="25.724157028" /><trkpt lat="62.546661677" lon="25.724166685" /><trkpt lat="62.546643424" lon="25.724176481" /><trkpt lat="62.546625061" lon="25.724186405" /><trkpt lat="62.546606601" lon="25.724196445" /><trkpt lat="62.546588061" lon="25.724206587" /><trkpt lat="62.546569453" lon="25.724216820" /><trkpt lat="62.546550794" lon="25.724227130" /><trkpt lat="62.546532096" lon="25.724237507" /><trkpt lat="62.546513375" lon="25.724247937" /><trkpt lat="62.546494645" lon="25.724258407" /><trkpt lat="62.546475921" lon="25.724268906" /><trkpt lat="62.546457217" lon="25.724279422" /><trkpt lat="62.546438547" lon="25.724289941" /><trkpt lat="62.546419927" lon="25.724300451" /><trkpt lat="62.546401370" lon="25.724310941" /><trkpt lat="62.546382891" lon="25.724321397" /><trkpt lat="62.546364505" lon="25.724331807" /><trkpt lat="62.546346226" lon="25.724342159" /><trkpt lat="62.546328068" lon="25.724352440" /><trkpt lat="62.546310047" lon="25.724362639" /><trkpt lat="62.546292176" lon="25.724372742" /><trkpt lat="62.546274470" lon="25.724382738" /><trkpt lat="62.546256944" lon="25.724392613" /><trkpt lat="62.546239611" lon="25.724402356" /><trkpt lat="62.546222488" lon="25.724411954" /><trkpt lat="62.546205587" lon="25.724421394" /><trkpt lat="62.546188923" lon="25.724430666" /><trkpt lat="62.546172512" lon="25.724439754" /><trkpt lat="62.546156367" lon="25.724448649" /><trkpt lat="62.546140503" lon="25.724457337" /><trkpt lat="62.546124935" lon="25.724465805" /><trkpt lat="62.546109677" lon="25.724474042" /><trkpt lat="62.546094743" lon="25.724482035" /><trkpt lat="62.546080148" lon="25.724489772" /><trkpt lat="62.546065906" lon="25.724497240" /><trkpt lat="62.546052033" lon="25.724504426" /><trkpt lat="62.546038542" lon="25.724511319" /><trkpt lat="62.546025447" lon="25.724517907" /><trkpt lat="62.546012764" lon="25.724524176" /><trkpt lat="62.546000508" lon="25.724530114" /><trkpt lat="62.545988691" lon="25.724535709" /><trkpt lat="62.545977329" lon="25.724540949" /><trkpt lat="62.545966509" lon="25.724545966" /><trkpt lat="62.545955690" lon="25.724551183" /><trkpt lat="62.545944872" lon="25.724556603" /><trkpt lat="62.545934057" lon="25.724562227" /><trkpt lat="62.545923245" lon="25.724568057" /><trkpt lat="62.545912437" lon="25.724574095" /><trkpt lat="62.545901634" lon="25.724580342" /><trkpt lat="62.545890836" lon="25.724586800" /><trkpt lat="62.545880044" lon="25.724593472" /><trkpt lat="62.545869260" lon="25.724600359" /><trkpt lat="62.545858483" lon="25.724607462" /><trkpt lat="62.545847716" lon="25.724614784" /><trkpt lat="62.545836958" lon="25.724622327" /><trkpt lat="62.545826210" lon="25.724630091" /><trkpt lat="62.545815473" lon="25.724638080" /><trkpt lat="62.545804749" lon="25.724646295" /><trkpt lat="62.545794037" lon="25.724654737" /><trkpt lat="62.545783338" lon="25.724663408" /><trkpt lat="62.545772654" lon="25.724672311" /><trkpt lat="62.545761985" lon="25.724681448" /><trkpt lat="62.545751332" lon="25.724690818" /><trkpt lat="62.545740695" lon="25.724700426" /><trkpt lat="62.545730076" lon="25.724710272" /><trkpt lat="62.545719475" lon="25.724720359" /><trkpt lat="62.545708894" lon="25.724730688" /><trkpt lat="62.545698332" lon="25.724741260" /><trkpt lat="62.545687791" lon="25.724752079" /><trkpt lat="62.545677271" lon="25.724763144" /><trkpt lat="62.545666774" lon="25.724774460" /><trkpt lat="62.545656299" lon="25.724786026" /><trkpt lat="62.545645849" lon="25.724797846" /><trkpt lat="62.545635423" lon="25.724809920" /><trkpt lat="62.545625023" lon="25.724822251" /><trkpt lat="62.545614649" lon="25.724834841" /><trkpt lat="62.545604301" lon="25.724847691" /><trkpt lat="62.545593982" lon="25.724860802" /><trkpt lat="62.545583691" lon="25.724874178" /><trkpt lat="62.545573430" lon="25.724887819" /><trkpt lat="62.545563199" lon="25.724901728" /><trkpt lat="62.545552999" lon="25.724915906" /><trkpt lat="62.545542831" lon="25.724930355" /><trkpt lat="62.545532695" lon="25.724945078" /><trkpt lat="62.545522593" lon="25.724960075" /><trkpt lat="62.545512525" lon="25.724975348" /><trkpt lat="62.545502492" lon="25.724990900" /><trkpt lat="62.545492494" lon="25.725006732" /><trkpt lat="62.545482534" lon="25.725022846" /><trkpt lat="62.545472610" lon="25.725039244" /><trkpt lat="62.545462725" lon="25.725055927" /><trkpt lat="62.545452879" lon="25.725072898" /><trkpt lat="62.545443072" lon="25.725090158" /><trkpt lat="62.545433307" lon="25.725107709" /><trkpt lat="62.545423582" lon="25.725125553" /><trkpt lat="62.545413900" lon="25.725143692" /><trkpt lat="62.545404260" lon="25.725162127" /><trkpt lat="62.545394664" lon="25.725180860" /><trkpt lat="62.545385113" lon="25.725199893" /><trkpt lat="62.545375607" lon="25.725219229" /><trkpt lat="62.545366147" lon="25.725238868" /><trkpt lat="62.545356734" lon="25.725258812" /><trkpt lat="62.545347369" lon="25.725279064" /><trkpt lat="62.545338053" lon="25.725299625" /><trkpt lat="62.545328785" lon="25.725320497" /><trkpt lat="62.545319568" lon="25.725341682" /><trkpt lat="62.545310402" lon="25.725363181" /><trkpt lat="62.545301287" lon="25.725384997" /><trkpt lat="62.545292225" lon="25.725407131" /><trkpt lat="62.545283216" lon="25.725429585" /><trkpt lat="62.545274261" lon="25.725452361" /><trkpt lat="62.545265361" lon="25.725475460" /><trkpt lat="62.545256516" lon="25.725498885" /><trkpt lat="62.545247728" lon="25.725522637" /><trkpt lat="62.545241829" lon="25.725538761" /><trkpt lat="62.545235917" lon="25.725554946" /><trkpt lat="62.545229996" lon="25.725571190" /><trkpt lat="62.545224064" lon="25.725587492" /><trkpt lat="62.545218122" lon="25.725603850" /><trkpt lat="62.545212171" lon="25.725620265" /><trkpt lat="62.545206211" lon="25.725636733" /><trkpt lat="62.545200243" lon="25.725653255" /><trkpt lat="62.545194267" lon="25.725669828" /><trkpt lat="62.545188284" lon="25.725686452" /><trkpt lat="62.545182294" lon="25.725703125" /><trkpt lat="62.545176298" lon="25.725719846" /><trkpt lat="62.545170296" lon="25.725736614" /><trkpt lat="62.545164288" lon="25.725753427" /><trkpt lat="62.545158276" lon="25.725770285" /><trkpt lat="62.545152259" lon="25.725787185" /><trkpt lat="62.545146238" lon="25.725804127" /><trkpt lat="62.545140214" lon="25.725821110" /><trkpt lat="62.545134187" lon="25.725838131" /><trkpt lat="62.545128157" lon="25.725855191" /><trkpt lat="62.545122126" lon="25.725872287" /><trkpt lat="62.545116093" lon="25.725889418" /><trkpt lat="62.545110059" lon="25.725906584" /><trkpt lat="62.545104024" lon="25.725923782" /><trkpt lat="62.545097990" lon="25.725941012" /><trkpt lat="62.545091955" lon="25.725958272" /><trkpt lat="62.545085922" lon="25.725975562" /><trkpt lat="62.545079890" lon="25.725992879" /><trkpt lat="62.545073861" lon="25.726010223" /><trkpt lat="62.545067833" lon="25.726027592" /><trkpt lat="62.545061808" lon="25.726044985" /><trkpt lat="62.545055787" lon="25.726062400" /><trkpt lat="62.545049770" lon="25.726079838" /><trkpt lat="62.545043757" lon="25.726097295" /><trkpt lat="62.545037748" lon="25.726114772" /><trkpt lat="62.545031745" lon="25.726132266" /><trkpt lat="62.545025748" lon="25.726149776" /><trkpt lat="62.545019757" lon="25.726167302" /><trkpt lat="62.545013773" lon="25.726184842" /><trkpt lat="62.545007796" lon="25.726202394" /><trkpt lat="62.545001826" lon="25.726219958" /><trkpt lat="62.544995865" lon="25.726237532" /><trkpt lat="62.544989913" lon="25.726255115" /><trkpt lat="62.544983970" lon="25.726272705" /><trkpt lat="62.544978036" lon="25.726290302" /><trkpt lat="62.544972113" lon="25.726307904" /><trkpt lat="62.544966200" lon="25.726325509" /><trkpt lat="62.544960298" lon="25.726343118" /><trkpt lat="62.544954408" lon="25.726360727" /><trkpt lat="62.544948530" lon="25.726378337" /><trkpt lat="62.544942664" lon="25.726395945" /><trkpt lat="62.544936812" lon="25.726413551" /><trkpt lat="62.544930973" lon="25.726431154" /><trkpt lat="62.544925148" lon="25.726448751" /><trkpt lat="62.544919338" lon="25.726466342" /><trkpt lat="62.544913542" lon="25.726483925" /><trkpt lat="62.544907762" lon="25.726501500" /><trkpt lat="62.544901998" lon="25.726519065" /><trkpt lat="62.544896251" lon="25.726536618" /><trkpt lat="62.544890520" lon="25.726554159" /><trkpt lat="62.544884807" lon="25.726571686" /><trkpt lat="62.544879111" lon="25.726589198" /><trkpt lat="62.544873434" lon="25.726606693" /><trkpt lat="62.544867776" lon="25.726624171" /><trkpt lat="62.544862137" lon="25.726641630" /><trkpt lat="62.544856519" lon="25.726659069" /><trkpt lat="62.544850920" lon="25.726676487" /><trkpt lat="62.544845342" lon="25.726693882" /><trkpt lat="62.544839786" lon="25.726711253" /><trkpt lat="62.544834251" lon="25.726728599" /><trkpt lat="62.544828738" lon="25.726745918" /><trkpt lat="62.544823248" lon="25.726763210" /><trkpt lat="62.544817782" lon="25.726780473" /><trkpt lat="62.544812339" lon="25.726797705" /><trkpt lat="62.544806920" lon="25.726814906" /><trkpt lat="62.544801526" lon="25.726832075" /><trkpt lat="62.544796158" lon="25.726849209" /><trkpt lat="62.544790814" lon="25.726866308" /><trkpt lat="62.544785497" lon="25.726883371" /><trkpt lat="62.544780207" lon="25.726900395" /><trkpt lat="62.544774943" lon="25.726917381" /><trkpt lat="62.544769708" lon="25.726934327" /><trkpt lat="62.544764500" lon="25.726951230" /><trkpt lat="62.544759321" lon="25.726968092" /><trkpt lat="62.544754171" lon="25.726984909" /><trkpt lat="62.544749050" lon="25.727001680" /><trkpt lat="62.544743959" lon="25.727018405" /><trkpt lat="62.544738899" lon="25.727035082" /><trkpt lat="62.544733870" lon="25.727051710" /><trkpt lat="62.544728873" lon="25.727068288" /><trkpt lat="62.544723907" lon="25.727084814" /><trkpt lat="62.544718974" lon="25.727101287" /><trkpt lat="62.544714073" lon="25.727117706" /><trkpt lat="62.544709206" lon="25.727134069" /><trkpt lat="62.544704373" lon="25.727150376" /><trkpt lat="62.544699574" lon="25.727166625" /><trkpt lat="62.544694810" lon="25.727182814" /><trkpt lat="62.544690082" lon="25.727198943" /><trkpt lat="62.544685389" lon="25.727215011" /><trkpt lat="62.544680733" lon="25.727231015" /><trkpt lat="62.544676113" lon="25.727246955" /><trkpt lat="62.544671531" lon="25.727262829" /><trkpt lat="62.544666986" lon="25.727278637" /><trkpt lat="62.544662480" lon="25.727294377" /><trkpt lat="62.544658012" lon="25.727310047" /><trkpt lat="62.544653584" lon="25.727325647" /><trkpt lat="62.544649195" lon="25.727341175" /><trkpt lat="62.544644219" lon="25.727358852" /><trkpt lat="62.544639238" lon="25.727376613" /><trkpt lat="62.544634251" lon="25.727394455" /><trkpt lat="62.544629258" lon="25.727412373" /><trkpt lat="62.544624257" lon="25.727430365" /><trkpt lat="62.544619249" lon="25.727448426" /><trkpt lat="62.544614233" lon="25.727466554" /><trkpt lat="62.544609208" lon="25.727484745" /><trkpt lat="62.544604174" lon="25.727502994" /><trkpt lat="62.544599130" lon="25.727521300" /><trkpt lat="62.544594077" lon="25.727539657" /><trkpt lat="62.544589013" lon="25.727558063" /><trkpt lat="62.544583938" lon="25.727576514" /><trkpt lat="62.544578852" lon="25.727595007" /><trkpt lat="62.544573753" lon="25.727613538" /><trkpt lat="62.544568642" lon="25.727632104" /><trkpt lat="62.544563518" lon="25.727650700" /><trkpt lat="62.544558380" lon="25.727669324" /><trkpt lat="62.544553228" lon="25.727687972" /><trkpt lat="62.544548062" lon="25.727706640" /><trkpt lat="62.544542880" lon="25.727725325" /><trkpt lat="62.544537683" lon="25.727744024" /><trkpt lat="62.544532471" lon="25.727762732" /><trkpt lat="62.544527241" lon="25.727781447" /><trkpt lat="62.544521994" lon="25.727800164" /><trkpt lat="62.544516730" lon="25.727818881" /><trkpt lat="62.544511448" lon="25.727837593" /><trkpt lat="62.544506148" lon="25.727856298" /><trkpt lat="62.544500828" lon="25.727874991" /><trkpt lat="62.544495489" lon="25.727893670" /><trkpt lat="62.544490129" lon="25.727912330" /><trkpt lat="62.544484749" lon="25.727930968" /><trkpt lat="62.544479348" lon="25.727949581" /><trkpt lat="62.544473926" lon="25.727968165" /><trkpt lat="62.544468481" lon="25.727986716" /><trkpt lat="62.544463014" lon="25.728005232" /><trkpt lat="62.544457524" lon="25.728023708" /><trkpt lat="62.544452010" lon="25.728042141" /><trkpt lat="62.544446473" lon="25.728060527" /><trkpt lat="62.544440910" lon="25.728078863" /><trkpt lat="62.544435323" lon="25.728097146" /><trkpt lat="62.544429710" lon="25.728115371" /><trkpt lat="62.544424071" lon="25.728133536" /><trkpt lat="62.544418406" lon="25.728151636" /><trkpt lat="62.544412713" lon="25.728169669" /><trkpt lat="62.544406993" lon="25.728187630" /><trkpt lat="62.544401245" lon="25.728205517" /><trkpt lat="62.544395468" lon="25.728223325" /><trkpt lat="62.544389663" lon="25.728241052" /><trkpt lat="62.544383827" lon="25.728258693" /><trkpt lat="62.544377962" lon="25.728276245" /><trkpt lat="62.544372066" lon="25.728293705" /><trkpt lat="62.544366139" lon="25.728311069" /><trkpt lat="62.544360181" lon="25.728328333" /><trkpt lat="62.544354190" lon="25.728345495" /><trkpt lat="62.544348167" lon="25.728362550" /><trkpt lat="62.544342111" lon="25.728379494" /><trkpt lat="62.544336021" lon="25.728396326" /><trkpt lat="62.544329897" lon="25.728413040" /><trkpt lat="62.544323739" lon="25.728429633" /><trkpt lat="62.544317546" lon="25.728446103" /><trkpt lat="62.544311317" lon="25.728462444" /><trkpt lat="62.544305052" lon="25.728478655" /><trkpt lat="62.544298750" lon="25.728494730" /><trkpt lat="62.544292411" lon="25.728510668" /><trkpt lat="62.544286035" lon="25.728526463" /><trkpt lat="62.544279621" lon="25.728542114" /><trkpt lat="62.544273168" lon="25.728557615" /><trkpt lat="62.544266676" lon="25.728572964" /><trkpt lat="62.544260145" lon="25.728588157" /><trkpt lat="62.544253573" lon="25.728603191" /><trkpt lat="62.544246961" lon="25.728618062" /><trkpt lat="62.544240308" lon="25.728632766" /><trkpt lat="62.544233614" lon="25.728647301" /><trkpt lat="62.544226877" lon="25.728661662" /><trkpt lat="62.544220098" lon="25.728675845" /><trkpt lat="62.544213275" lon="25.728689849" /><trkpt lat="62.544206410" lon="25.728703668" /><trkpt lat="62.544199500" lon="25.728717299" /><trkpt lat="62.544192545" lon="25.728730739" /><trkpt lat="62.544185546" lon="25.728743985" /><trkpt lat="62.544178500" lon="25.728757032" /><trkpt lat="62.544171409" lon="25.728769878" /><trkpt lat="62.544164271" lon="25.728782518" /><trkpt lat="62.544157087" lon="25.728794950" /><trkpt lat="62.544149854" lon="25.728807169" /><trkpt lat="62.544142574" lon="25.728819172" /><trkpt lat="62.544135245" lon="25.728830956" /><trkpt lat="62.544127867" lon="25.728842518" /><trkpt lat="62.544120439" lon="25.728853852" /><trkpt lat="62.544112961" lon="25.728864957" /><trkpt lat="62.544105433" lon="25.728875828" /><trkpt lat="62.544097854" lon="25.728886463" /><trkpt lat="62.544090223" lon="25.728896856" /><trkpt lat="62.544076772" lon="25.728914354" /><trkpt lat="62.544063082" lon="25.728931093" /><trkpt lat="62.544049164" lon="25.728947087" /><trkpt lat="62.544035030" lon="25.728962351" /><trkpt lat="62.544020691" lon="25.728976899" /><trkpt lat="62.544006156" lon="25.728990745" /><trkpt lat="62.543991438" lon="25.729003902" /><trkpt lat="62.543976547" lon="25.729016386" /><trkpt lat="62.543961494" lon="25.729028210" /><trkpt lat="62.543946290" lon="25.729039388" /><trkpt lat="62.543930946" lon="25.729049935" /><trkpt lat="62.543915473" lon="25.729059864" /><trkpt lat="62.543899882" lon="25.729069190" /><trkpt lat="62.543884183" lon="25.729077926" /><trkpt lat="62.543868388" lon="25.729086087" /><trkpt lat="62.543852508" lon="25.729093687" /><trkpt lat="62.543836553" lon="25.729100740" /><trkpt lat="62.543820535" lon="25.729107261" /><trkpt lat="62.543804464" lon="25.729113262" /><trkpt lat="62.543788351" lon="25.729118759" /><trkpt lat="62.543772208" lon="25.729123765" /><trkpt lat="62.543756045" lon="25.729128295" /><trkpt lat="62.543739873" lon="25.729132362" /><trkpt lat="62.543723703" lon="25.729135981" /><trkpt lat="62.543707546" lon="25.729139166" /><trkpt lat="62.543691413" lon="25.729141931" /><trkpt lat="62.543675315" lon="25.729144290" /><trkpt lat="62.543659263" lon="25.729146257" /><trkpt lat="62.543643267" lon="25.729147847" /><trkpt lat="62.543627340" lon="25.729149072" /><trkpt lat="62.543611490" lon="25.729149948" /><trkpt lat="62.543595730" lon="25.729150489" /><trkpt lat="62.543580071" lon="25.729150709" /><trkpt lat="62.543564523" lon="25.729150621" /><trkpt lat="62.543549098" lon="25.729150240" /><trkpt lat="62.543533805" lon="25.729149580" /><trkpt lat="62.543518657" lon="25.729148655" /><trkpt lat="62.543503664" lon="25.729147480" /><trkpt lat="62.543488837" lon="25.729146067" /><trkpt lat="62.543474187" lon="25.729144432" /><trkpt lat="62.543459725" lon="25.729142589" /><trkpt lat="62.543445462" lon="25.729140551" /><trkpt lat="62.543431408" lon="25.729138333" /><trkpt lat="62.543417576" lon="25.729135949" /><trkpt lat="62.543403975" lon="25.729133412" /><trkpt lat="62.543390616" lon="25.729130738" /><trkpt lat="62.543377511" lon="25.729127940" /><trkpt lat="62.543364671" lon="25.729125032" /><trkpt lat="62.543352106" lon="25.729122028" /><trkpt lat="62.543339827" lon="25.729118943" /><trkpt lat="62.543327845" lon="25.729115790" /><trkpt lat="62.543316172" lon="25.729112584" /><trkpt lat="62.543304818" lon="25.729109339" /><trkpt lat="62.543293794" lon="25.729106069" /><trkpt lat="62.543283718" lon="25.729103304" /><trkpt lat="62.543273042" lon="25.729100907" /><trkpt lat="62.543261786" lon="25.729098868" /><trkpt lat="62.543249968" lon="25.729097177" /><trkpt lat="62.543237606" lon="25.729095827" /><trkpt lat="62.543224721" lon="25.729094809" /><trkpt lat="62.543211330" lon="25.729094113" /><trkpt lat="62.543197452" lon="25.729093731" /><trkpt lat="62.543183107" lon="25.729093655" /><trkpt lat="62.543168313" lon="25.729093874" /><trkpt lat="62.543153089" lon="25.729094382" /><trkpt lat="62.543137453" lon="25.729095168" /><trkpt lat="62.543121425" lon="25.729096224" /><trkpt lat="62.543105023" lon="25.729097542" /><trkpt lat="62.543088267" lon="25.729099112" /><trkpt lat="62.543071174" lon="25.729100925" /><trkpt lat="62.543053765" lon="25.729102973" /><trkpt lat="62.543036057" lon="25.729105248" /><trkpt lat="62.543018069" lon="25.729107740" /><trkpt lat="62.542999821" lon="25.729110440" /><trkpt lat="62.542981331" lon="25.729113339" /><trkpt lat="62.542962618" lon="25.729116430" /><trkpt lat="62.542943701" lon="25.729119703" /><trkpt lat="62.542924598" lon="25.729123149" /><trkpt lat="62.542905329" lon="25.729126759" /><trkpt lat="62.542885912" lon="25.729130526" /><trkpt lat="62.542866366" lon="25.729134439" /><trkpt lat="62.542846710" lon="25.729138490" /><trkpt lat="62.542826963" lon="25.729142671" /><trkpt lat="62.542807143" lon="25.729146972" /><trkpt lat="62.542787270" lon="25.729151385" /><trkpt lat="62.542767362" lon="25.729155901" /><trkpt lat="62.542747438" lon="25.729160511" /><trkpt lat="62.542727517" lon="25.729165207" /><trkpt lat="62.542707618" lon="25.729169979" /><trkpt lat="62.542687759" lon="25.729174819" /><trkpt lat="62.542667960" lon="25.729179718" /><trkpt lat="62.542648239" lon="25.729184667" /><trkpt lat="62.542628614" lon="25.729189658" /><trkpt lat="62.542609106" lon="25.729194681" /><trkpt lat="62.542589732" lon="25.729199728" /><trkpt lat="62.542570512" lon="25.729204790" /><trkpt lat="62.542551464" lon="25.729209858" /><trkpt lat="62.542532607" lon="25.729214924" /><trkpt lat="62.542513960" lon="25.729219979" /><trkpt lat="62.542495542" lon="25.729225013" /><trkpt lat="62.542477372" lon="25.729230019" /><trkpt lat="62.542459468" lon="25.729234986" /><trkpt lat="62.542441849" lon="25.729239908" /><trkpt lat="62.542424535" lon="25.729244774" /><trkpt lat="62.542407543" lon="25.729249576" /><trkpt lat="62.542390893" lon="25.729254305" /><trkpt lat="62.542374603" lon="25.729258952" /><trkpt lat="62.542358694" lon="25.729263509" /><trkpt lat="62.542343182" lon="25.729267967" /><trkpt lat="62.542328087" lon="25.729272316" /><trkpt lat="62.542313428" lon="25.729276549" /><trkpt lat="62.542299224" lon="25.729280656" /><trkpt lat="62.542285493" lon="25.729284629" /><trkpt lat="62.542272255" lon="25.729288459" /><trkpt lat="62.542258471" lon="25.729292818" /><trkpt lat="62.542244944" lon="25.729297837" /><trkpt lat="62.542231669" lon="25.729303499" /><trkpt lat="62.542218644" lon="25.729309786" /><trkpt lat="62.542205864" lon="25.729316680" /><trkpt lat="62.542193326" lon="25.729324165" /><trkpt lat="62.542181026" lon="25.729332223" /><trkpt lat="62.542168960" lon="25.729340836" /><trkpt lat="62.542157124" lon="25.729349988" /><trkpt lat="62.542145515" lon="25.729359660" /><trkpt lat="62.542134130" lon="25.729369835" /><trkpt lat="62.542122964" lon="25.729380497" /><trkpt lat="62.542112013" lon="25.729391626" /><trkpt lat="62.542101274" lon="25.729403207" /><trkpt lat="62.542090744" lon="25.729415222" /><trkpt lat="62.542080418" lon="25.729427652" /><trkpt lat="62.542070293" lon="25.729440482" /><trkpt lat="62.542060365" lon="25.729453693" /><trkpt lat="62.542050630" lon="25.729467267" /><trkpt lat="62.542041085" lon="25.729481189" /><trkpt lat="62.542031726" lon="25.729495439" /><trkpt lat="62.542022549" lon="25.729510002" /><trkpt lat="62.542013551" lon="25.729524859" /><trkpt lat="62.542004727" lon="25.729539992" /><trkpt lat="62.541996074" lon="25.729555385" /><trkpt lat="62.541987589" lon="25.729571021" /><trkpt lat="62.541979267" lon="25.729586881" /><trkpt lat="62.541971105" lon="25.729602948" /><trkpt lat="62.541963100" lon="25.729619205" /><trkpt lat="62.541955246" lon="25.729635635" /><trkpt lat="62.541947542" lon="25.729652219" /><trkpt lat="62.541939982" lon="25.729668942" /><trkpt lat="62.541932564" lon="25.729685784" /><trkpt lat="62.541925284" lon="25.729702729" /><trkpt lat="62.541918137" lon="25.729719760" /><trkpt lat="62.541911120" lon="25.729736859" /><trkpt lat="62.541904230" lon="25.729754008" /><trkpt lat="62.541897463" lon="25.729771191" /><trkpt lat="62.541890814" lon="25.729788389" /><trkpt lat="62.541884281" lon="25.729805586" /><trkpt lat="62.541877859" lon="25.729822763" /><trkpt lat="62.541871545" lon="25.729839904" /><trkpt lat="62.541865336" lon="25.729856991" /><trkpt lat="62.541859226" lon="25.729874007" /><trkpt lat="62.541853214" lon="25.729890935" /><trkpt lat="62.541847294" lon="25.729907756" /><trkpt lat="62.541841464" lon="25.729924453" /><trkpt lat="62.541835719" lon="25.729941010" /><trkpt lat="62.541830056" lon="25.729957408" /><trkpt lat="62.541824470" lon="25.729973631" /><trkpt lat="62.541818960" lon="25.729989660" /><trkpt lat="62.541813520" lon="25.730005479" /><trkpt lat="62.541808147" lon="25.730021069" /><trkpt lat="62.541802837" lon="25.730036415" /><trkpt lat="62.541797587" lon="25.730051497" /><trkpt lat="62.541792392" lon="25.730066299" /><trkpt lat="62.541786216" lon="25.730083335" /><trkpt lat="62.541779749" lon="25.730100245" /><trkpt lat="62.541772999" lon="25.730117026" /><trkpt lat="62.541765972" lon="25.730133678" /><trkpt lat="62.541758673" lon="25.730150199" /><trkpt lat="62.541751110" lon="25.730166589" /><trkpt lat="62.541743288" lon="25.730182846" /><trkpt lat="62.541735214" lon="25.730198969" /><trkpt lat="62.541726894" lon="25.730214958" /><trkpt lat="62.541718335" lon="25.730230810" /><trkpt lat="62.541709542" lon="25.730246525" /><trkpt lat="62.541700523" lon="25.730262101" /><trkpt lat="62.541691283" lon="25.730277537" /><trkpt lat="62.541681828" lon="25.730292833" /><trkpt lat="62.541672166" lon="25.730307986" /><trkpt lat="62.541662302" lon="25.730322997" /><trkpt lat="62.541652242" lon="25.730337863" /><trkpt lat="62.541641993" lon="25.730352583" /><trkpt lat="62.541631562" lon="25.730367157" /><trkpt lat="62.541620954" lon="25.730381583" /><trkpt lat="62.541610176" lon="25.730395860" /><trkpt lat="62.541599234" lon="25.730409987" /><trkpt lat="62.541588134" lon="25.730423962" /><trkpt lat="62.541576884" lon="25.730437785" /><trkpt lat="62.541565488" lon="25.730451455" /><trkpt lat="62.541553954" lon="25.730464969" /><trkpt lat="62.541542287" lon="25.730478328" /><trkpt lat="62.541530494" lon="25.730491529" /><trkpt lat="62.541518582" lon="25.730504572" /><trkpt lat="62.541506556" lon="25.730517455" /><trkpt lat="62.541494423" lon="25.730530178" /><trkpt lat="62.541482190" lon="25.730542739" /><trkpt lat="62.541469861" lon="25.730555137" /><trkpt lat="62.541457445" lon="25.730567371" /><trkpt lat="62.541444947" lon="25.730579440" /><trkpt lat="62.541432373" lon="25.730591342" /><trkpt lat="62.541419730" lon="25.730603076" /><trkpt lat="62.541407024" lon="25.730614642" /><trkpt lat="62.541394262" lon="25.730626038" /><trkpt lat="62.541381449" lon="25.730637262" /><trkpt lat="62.541368592" lon="25.730648315" /><trkpt lat="62.541355697" lon="25.730659193" /><trkpt lat="62.541342771" lon="25.730669898" /><trkpt lat="62.541329820" lon="25.730680426" /><trkpt lat="62.541316850" lon="25.730690777" /><trkpt lat="62.541303868" lon="25.730700951" /><trkpt lat="62.541290879" lon="25.730710945" /><trkpt lat="62.541277891" lon="25.730720758" /><trkpt lat="62.541263880" lon="25.730730988" /><trkpt lat="62.541249561" lon="25.730740937" /><trkpt lat="62.541234948" lon="25.730750613" /><trkpt lat="62.541220056" lon="25.730760022" /><trkpt lat="62.541204898" lon="25.730769171" /><trkpt lat="62.541189490" lon="25.730778065" /><trkpt lat="62.541173845" lon="25.730786711" /><trkpt lat="62.541157978" lon="25.730795115" /><trkpt lat="62.541141903" lon="25.730803285" /><trkpt lat="62.541125635" lon="25.730811225" /><trkpt lat="62.541109187" lon="25.730818943" /><trkpt lat="62.541092575" lon="25.730826445" /><trkpt lat="62.541075812" lon="25.730833737" /><trkpt lat="62.541058913" lon="25.730840825" /><trkpt lat="62.541041892" lon="25.730847716" /><trkpt lat="62.541024763" lon="25.730854417" /><trkpt lat="62.541007542" lon="25.730860933" /><trkpt lat="62.540990241" lon="25.730867271" /><trkpt lat="62.540972876" lon="25.730873438" /><trkpt lat="62.540955461" lon="25.730879439" /><trkpt lat="62.540938010" lon="25.730885282" /><trkpt lat="62.540920538" lon="25.730890971" /><trkpt lat="62.540903058" lon="25.730896515" /><trkpt lat="62.540885586" lon="25.730901918" /><trkpt lat="62.540868135" lon="25.730907189" /><trkpt lat="62.540850720" lon="25.730912331" /><trkpt lat="62.540833355" lon="25.730917354" /><trkpt lat="62.540816054" lon="25.730922261" /><trkpt lat="62.540798832" lon="25.730927061" /><trkpt lat="62.540781704" lon="25.730931759" /><trkpt lat="62.540764683" lon="25.730936361" /><trkpt lat="62.540747784" lon="25.730940875" /><trkpt lat="62.540731020" lon="25.730945306" /><trkpt lat="62.540714408" lon="25.730949660" /><trkpt lat="62.540697960" lon="25.730953945" /><trkpt lat="62.540681692" lon="25.730958166" /><trkpt lat="62.540665616" lon="25.730962330" /><trkpt lat="62.540649749" lon="25.730966443" /><trkpt lat="62.540634104" lon="25.730970511" /><trkpt lat="62.540618695" lon="25.730974542" /><trkpt lat="62.540603538" lon="25.730978540" /><trkpt lat="62.540588645" lon="25.730982513" /><trkpt lat="62.540574032" lon="25.730986467" /><trkpt lat="62.540559712" lon="25.730990409" /><trkpt lat="62.540545701" lon="25.730994344" /><trkpt lat="62.540532475" lon="25.730998435" /><trkpt lat="62.540519321" lon="25.731003162" /><trkpt lat="62.540506237" lon="25.731008507" /><trkpt lat="62.540493222" lon="25.731014450" /><trkpt lat="62.540480275" lon="25.731020972" /><trkpt lat="62.540467392" lon="25.731028053" /><trkpt lat="62.540454573" lon="25.731035675" /><trkpt lat="62.540441816" lon="25.731043817" /><trkpt lat="62.540429119" lon="25.731052462" /><trkpt lat="62.540416481" lon="25.731061589" /><trkpt lat="62.540403899" lon="25.731071180" /><trkpt lat="62.540391373" lon="25.731081215" /><trkpt lat="62.540378900" lon="25.731091675" /><trkpt lat="62.540366478" lon="25.731102541" /><trkpt lat="62.540354106" lon="25.731113793" /><trkpt lat="62.540341783" lon="25.731125413" /><trkpt lat="62.540329505" lon="25.731137381" /><trkpt lat="62.540317273" lon="25.731149678" /><trkpt lat="62.540305084" lon="25.731162285" /><trkpt lat="62.540292935" lon="25.731175182" /><trkpt lat="62.540280827" lon="25.731188350" /><trkpt lat="62.540268756" lon="25.731201770" /><trkpt lat="62.540256722" lon="25.731215424" /><trkpt lat="62.540244722" lon="25.731229290" /><trkpt lat="62.540232755" lon="25.731243352" /><trkpt lat="62.540220818" lon="25.731257588" /><trkpt lat="62.540208911" lon="25.731271980" /><trkpt lat="62.540197032" lon="25.731286509" /><trkpt lat="62.540185178" lon="25.731301156" /><trkpt lat="62.540173349" lon="25.731315900" /><trkpt lat="62.540161542" lon="25.731330724" /><trkpt lat="62.540149756" lon="25.731345608" /><trkpt lat="62.540137989" lon="25.731360532" /><trkpt lat="62.540126239" lon="25.731375478" /><trkpt lat="62.540114505" lon="25.731390426" /><trkpt lat="62.540102784" lon="25.731405356" /><trkpt lat="62.540091076" lon="25.731420251" /><trkpt lat="62.540079378" lon="25.731435090" /><trkpt lat="62.540067689" lon="25.731449854" /><trkpt lat="62.540056007" lon="25.731464524" /><trkpt lat="62.540044330" lon="25.731479082" /><trkpt lat="62.540032657" lon="25.731493506" /><trkpt lat="62.540020985" lon="25.731507780" /><trkpt lat="62.540009314" lon="25.731521882" /><trkpt lat="62.539997641" lon="25.731535794" /><trkpt lat="62.539985965" lon="25.731549497" /><trkpt lat="62.539974284" lon="25.731562972" /><trkpt lat="62.539962878" lon="25.731575527" /><trkpt lat="62.539951084" lon="25.731587579" /><trkpt lat="62.539938915" lon="25.731599132" /><trkpt lat="62.539926385" lon="25.731610194" /><trkpt lat="62.539913508" lon="25.731620769" /><trkpt lat="62.539900298" lon="25.731630863" /><trkpt lat="62.539886767" lon="25.731640482" /><trkpt lat="62.539872930" lon="25.731649633" /><trkpt lat="62.539858800" lon="25.731658319" /><trkpt lat="62.539844390" lon="25.731666548" /><trkpt lat="62.539829716" lon="25.731674325" /><trkpt lat="62.539814789" lon="25.731681656" /><trkpt lat="62.539799624" lon="25.731688547" /><trkpt lat="62.539784234" lon="25.731695002" /><trkpt lat="62.539768633" lon="25.731701029" /><trkpt lat="62.539752835" lon="25.731706633" /><trkpt lat="62.539736853" lon="25.731711819" /><trkpt lat="62.539720701" lon="25.731716593" /><trkpt lat="62.539704392" lon="25.731720961" /><trkpt lat="62.539687940" lon="25.731724929" /><trkpt lat="62.539671359" lon="25.731728503" /><trkpt lat="62.539654662" lon="25.731731687" /><trkpt lat="62.539637863" lon="25.731734489" /><trkpt lat="62.539620976" lon="25.731736914" /><trkpt lat="62.539604014" lon="25.731738967" /><trkpt lat="62.539586991" lon="25.731740654" /><trkpt lat="62.539569920" lon="25.731741981" /><trkpt lat="62.539552815" lon="25.731742954" /><trkpt lat="62.539535690" lon="25.731743578" /><trkpt lat="62.539518558" lon="25.731743860" /><trkpt lat="62.539501433" lon="25.731743804" /><trkpt lat="62.539484329" lon="25.731743417" /><trkpt lat="62.539467258" lon="25.731742705" /><trkpt lat="62.539450236" lon="25.731741673" /><trkpt lat="62.539433275" lon="25.731740326" /><trkpt lat="62.539416389" lon="25.731738672" /><trkpt lat="62.539399592" lon="25.731736714" /><trkpt lat="62.539382897" lon="25.731734460" /><trkpt lat="62.539366318" lon="25.731731915" /><trkpt lat="62.539349869" lon="25.731729085" /><trkpt lat="62.539333563" lon="25.731725975" /><trkpt lat="62.539317413" lon="25.731722591" /><trkpt lat="62.539301435" lon="25.731718939" /><trkpt lat="62.539285640" lon="25.731715024" /><trkpt lat="62.539270042" lon="25.731710853" /><trkpt lat="62.539254657" lon="25.731706432" /><trkpt lat="62.539239496" lon="25.731701765" /><trkpt lat="62.539224573" lon="25.731696858" /><trkpt lat="62.539209903" lon="25.731691718" /><trkpt lat="62.539189847" lon="25.731684818" /><trkpt lat="62.539170379" lon="25.731678822" /><trkpt lat="62.539151479" lon="25.731673715" /><trkpt lat="62.539133128" lon="25.731669479" /><trkpt lat="62.539115309" lon="25.731666100" /><trkpt lat="62.539098002" lon="25.731663562" /><trkpt lat="62.539081189" lon="25.731661849" /><trkpt lat="62.539064850" lon="25.731660945" /><trkpt lat="62.539048968" lon="25.731660835" /><trkpt lat="62.539033523" lon="25.731661502" /><trkpt lat="62.539018498" lon="25.731662932" /><trkpt lat="62.539003872" lon="25.731665107" /><trkpt lat="62.538989628" lon="25.731668013" /><trkpt lat="62.538975747" lon="25.731671634" /><trkpt lat="62.538962210" lon="25.731675953" /><trkpt lat="62.538948998" lon="25.731680956" /><trkpt lat="62.538936093" lon="25.731686626" /><trkpt lat="62.538923476" lon="25.731692948" /><trkpt lat="62.538911128" lon="25.731699905" /><trkpt lat="62.538899031" lon="25.731707483" /><trkpt lat="62.538887166" lon="25.731715665" /><trkpt lat="62.538875514" lon="25.731724435" /><trkpt lat="62.538864056" lon="25.731733779" /><trkpt lat="62.538852775" lon="25.731743679" /><trkpt lat="62.538841650" lon="25.731754121" /><trkpt lat="62.538830664" lon="25.731765088" /><trkpt lat="62.538819798" lon="25.731776564" /><trkpt lat="62.538809033" lon="25.731788535" /><trkpt lat="62.538798351" lon="25.731800984" /><trkpt lat="62.538787732" lon="25.731813895" /><trkpt lat="62.538777158" lon="25.731827254" /><trkpt lat="62.538766610" lon="25.731841042" /><trkpt lat="62.538756070" lon="25.731855247" /><trkpt lat="62.538745519" lon="25.731869850" /><trkpt lat="62.538734938" lon="25.731884837" /><trkpt lat="62.538730661" lon="25.731891073" /><trkpt lat="62.538726171" lon="25.731897838" /><trkpt lat="62.538721472" lon="25.731905123" /><trkpt lat="62.538716569" lon="25.731912916" /><trkpt lat="62.538711466" lon="25.731921208" /><trkpt lat="62.538706167" lon="25.731929987" /><trkpt lat="62.538700678" lon="25.731939242" /><trkpt lat="62.538695002" lon="25.731948965" /><trkpt lat="62.538689143" lon="25.731959142" /><trkpt lat="62.538683106" lon="25.731969765" /><trkpt lat="62.538676896" lon="25.731980823" /><trkpt lat="62.538670517" lon="25.731992304" /><trkpt lat="62.538663973" lon="25.732004199" /><trkpt lat="62.538657268" lon="25.732016496" /><trkpt lat="62.538650408" lon="25.732029186" /><trkpt lat="62.538643395" lon="25.732042257" /><trkpt lat="62.538636236" lon="25.732055699" /><trkpt lat="62.538628933" lon="25.732069501" /><trkpt lat="62.538621492" lon="25.732083653" /><trkpt lat="62.538613917" lon="25.732098145" /><trkpt lat="62.538606212" lon="25.732112965" /><trkpt lat="62.538598382" lon="25.732128103" /><trkpt lat="62.538590430" lon="25.732143548" /><trkpt lat="62.538582362" lon="25.732159290" /><trkpt lat="62.538574182" lon="25.732175319" /><trkpt lat="62.538565894" lon="25.732191623" /><trkpt lat="62.538557502" lon="25.732208192" /><trkpt lat="62.538549011" lon="25.732225015" /><trkpt lat="62.538540425" lon="25.732242083" /><trkpt lat="62.538531749" lon="25.732259383" /><trkpt lat="62.538522987" lon="25.732276907" /><trkpt lat="62.538514144" lon="25.732294642" /><trkpt lat="62.538505223" lon="25.732312579" /><trkpt lat="62.538496229" lon="25.732330707" /><trkpt lat="62.538487167" lon="25.732349015" /><trkpt lat="62.538478041" lon="25.732367492" /><trkpt lat="62.538468855" lon="25.732386129" /><trkpt lat="62.538459614" lon="25.732404915" /><trkpt lat="62.538450322" lon="25.732423838" /><trkpt lat="62.538440983" lon="25.732442889" /><trkpt lat="62.538431602" lon="25.732462056" /><trkpt lat="62.538422183" lon="25.732481330" /><trkpt lat="62.538412731" lon="25.732500699" /><trkpt lat="62.538403249" lon="25.732520153" /><trkpt lat="62.538393743" lon="25.732539681" /><trkpt lat="62.538384217" lon="25.732559274" /><trkpt lat="62.538374675" lon="25.732578919" /><trkpt lat="62.538365121" lon="25.732598607" /><trkpt lat="62.538355560" lon="25.732618327" /><trkpt lat="62.538345997" lon="25.732638068" /><trkpt lat="62.538336435" lon="25.732657821" /><trkpt lat="62.538326878" lon="25.732677573" /><trkpt lat="62.538317333" lon="25.732697315" /><trkpt lat="62.538307802" lon="25.732717036" /><trkpt lat="62.538298290" lon="25.732736726" /><trkpt lat="62.538288801" lon="25.732756374" /><trkpt lat="62.538279341" lon="25.732775968" /><trkpt lat="62.538269913" lon="25.732795500" /><trkpt lat="62.538260521" lon="25.732814957" /><trkpt lat="62.538251170" lon="25.732834330" /><trkpt lat="62.538241865" lon="25.732853608" /><trkpt lat="62.538232610" lon="25.732872780" /><trkpt lat="62.538223408" lon="25.732891836" /><trkpt lat="62.538214266" lon="25.732910765" /><trkpt lat="62.538205186" lon="25.732929557" /><trkpt lat="62.538196173" lon="25.732948200" /><trkpt lat="62.538187232" lon="25.732966685" /><trkpt lat="62.538178368" lon="25.732985001" /><trkpt lat="62.538169583" lon="25.733003136" /><trkpt lat="62.538160884" lon="25.733021082" /><trkpt lat="62.538152273" lon="25.733038826" /><trkpt lat="62.538143756" lon="25.733056359" /><trkpt lat="62.538135337" lon="25.733073669" /><trkpt lat="62.538127021" lon="25.733090747" /><trkpt lat="62.538118811" lon="25.733107581" /><trkpt lat="62.538110712" lon="25.733124161" /><trkpt lat="62.538102729" lon="25.733140477" /><trkpt lat="62.538094865" lon="25.733156517" /><trkpt lat="62.538087126" lon="25.733172272" /><trkpt lat="62.538079515" lon="25.733187731" /><trkpt lat="62.538072038" lon="25.733202882" /><trkpt lat="62.538064697" lon="25.733217716" /><trkpt lat="62.538057499" lon="25.733232222" /><trkpt lat="62.538050446" lon="25.733246389" /><trkpt lat="62.538043544" lon="25.733260207" /><trkpt lat="62.538036797" lon="25.733273664" /><trkpt lat="62.538030209" lon="25.733286752" /><trkpt lat="62.538023785" lon="25.733299458" /><trkpt lat="62.538017529" lon="25.733311772" /><trkpt lat="62.538005461" lon="25.733335425" /><trkpt lat="62.537993658" lon="25.733358466" /><trkpt lat="62.537982105" lon="25.733380903" /><trkpt lat="62.537970787" lon="25.733402744" /><trkpt lat="62.537959690" lon="25.733423998" /><trkpt lat="62.537948801" lon="25.733444673" /><trkpt lat="62.537938103" lon="25.733464777" /><trkpt lat="62.537927584" lon="25.733484318" /><trkpt lat="62.537917229" lon="25.733503304" /><trkpt lat="62.537907023" lon="25.733521743" /><trkpt lat="62.537896953" lon="25.733539643" /><trkpt lat="62.537887003" lon="25.733557013" /><trkpt lat="62.537877160" lon="25.733573860" /><trkpt lat="62.537867409" lon="25.733590194" /><trkpt lat="62.537857736" lon="25.733606021" /><trkpt lat="62.537848126" lon="25.733621350" /><trkpt lat="62.537838566" lon="25.733636189" /><trkpt lat="62.537829041" lon="25.733650546" /><trkpt lat="62.537819536" lon="25.733664430" /><trkpt lat="62.537810037" lon="25.733677848" /><trkpt lat="62.537800530" lon="25.733690809" /><trkpt lat="62.537791000" lon="25.733703320" /><trkpt lat="62.537781434" lon="25.733715390" /><trkpt lat="62.537771817" lon="25.733727028" /><trkpt lat="62.537762134" lon="25.733738240" /><trkpt lat="62.537752371" lon="25.733749035" /><trkpt lat="62.537742514" lon="25.733759422" /><trkpt lat="62.537732549" lon="25.733769409" /><trkpt lat="62.537722461" lon="25.733779003" /><trkpt lat="62.537712235" lon="25.733788212" /><trkpt lat="62.537701858" lon="25.733797046" /><trkpt lat="62.537691316" lon="25.733805511" /><trkpt lat="62.537680593" lon="25.733813616" /><trkpt lat="62.537669676" lon="25.733821370" /><trkpt lat="62.537658550" lon="25.733828780" /><trkpt lat="62.537647200" lon="25.733835855" /><trkpt lat="62.537635614" lon="25.733842602" /><trkpt lat="62.537623775" lon="25.733849029" /><trkpt lat="62.537611670" lon="25.733855146" /><trkpt lat="62.537599285" lon="25.733860959" /><trkpt lat="62.537586605" lon="25.733866478" /><trkpt lat="62.537573616" lon="25.733871710" /><trkpt lat="62.537560303" lon="25.733876663" /><trkpt lat="62.537546652" lon="25.733881345" /><trkpt lat="62.537532649" lon="25.733885765" /><trkpt lat="62.537518977" lon="25.733890005" /><trkpt lat="62.537505124" lon="25.733894502" /><trkpt lat="62.537491100" lon="25.733899255" /><trkpt lat="62.537476914" lon="25.733904259" /><trkpt lat="62.537462573" lon="25.733909511" /><trkpt lat="62.537448086" lon="25.733915006" /><trkpt lat="62.537433461" lon="25.733920740" /><trkpt lat="62.537418708" lon="25.733926712" /><trkpt lat="62.537403833" lon="25.733932915" /><trkpt lat="62.537388847" lon="25.733939348" /><trkpt lat="62.537373756" lon="25.733946005" /><trkpt lat="62.537358571" lon="25.733952884" /><trkpt lat="62.537343298" lon="25.733959981" /><trkpt lat="62.537327947" lon="25.733967291" /><trkpt lat="62.537312525" lon="25.733974812" /><trkpt lat="62.537297043" lon="25.733982539" /><trkpt lat="62.537281506" lon="25.733990469" /><trkpt lat="62.537265926" lon="25.733998598" /><trkpt lat="62.537250308" lon="25.734006922" /><trkpt lat="62.537234663" lon="25.734015437" /><trkpt lat="62.537218999" lon="25.734024141" /><trkpt lat="62.537203323" lon="25.734033029" /><trkpt lat="62.537187645" lon="25.734042097" /><trkpt lat="62.537171973" lon="25.734051342" /><trkpt lat="62.537156315" lon="25.734060760" /><trkpt lat="62.537140680" lon="25.734070347" /><trkpt lat="62.537125076" lon="25.734080100" /><trkpt lat="62.537109511" lon="25.734090014" /><trkpt lat="62.537093995" lon="25.734100087" /><trkpt lat="62.537078535" lon="25.734110314" /><trkpt lat="62.537063140" lon="25.734120692" /><trkpt lat="62.537047818" lon="25.734131216" /><trkpt lat="62.537032578" lon="25.734141884" /><trkpt lat="62.537017428" lon="25.734152691" /><trkpt lat="62.537002377" lon="25.734163635" /><trkpt lat="62.536987433" lon="25.734174710" /><trkpt lat="62.536972605" lon="25.734185913" /><trkpt lat="62.536957900" lon="25.734197242" /><trkpt lat="62.536943328" lon="25.734208691" /><trkpt lat="62.536928897" lon="25.734220257" /><trkpt lat="62.536914615" lon="25.734231937" /><trkpt lat="62.536900490" lon="25.734243726" /><trkpt lat="62.536886532" lon="25.734255622" /><trkpt lat="62.536872748" lon="25.734267620" /><trkpt lat="62.536859148" lon="25.734279716" /><trkpt lat="62.536845738" lon="25.734291907" /><trkpt lat="62.536832529" lon="25.734304190" /><trkpt lat="62.536823978" lon="25.734312449" /><trkpt lat="62.536815436" lon="25.734321128" /><trkpt lat="62.536806904" lon="25.734330217" /><trkpt lat="62.536798383" lon="25.734339709" /><trkpt lat="62.536789874" lon="25.734349593" /><trkpt lat="62.536781378" lon="25.734359861" /><trkpt lat="62.536772895" lon="25.734370504" /><trkpt lat="62.536764426" lon="25.734381514" /><trkpt lat="62.536755972" lon="25.734392881" /><trkpt lat="62.536747533" lon="25.734404596" /><trkpt lat="62.536739112" lon="25.734416651" /><trkpt lat="62.536730707" lon="25.734429037" /><trkpt lat="62.536722321" lon="25.734441744" /><trkpt lat="62.536713954" lon="25.734454764" /><trkpt lat="62.536705606" lon="25.734468089" /><trkpt lat="62.536697279" lon="25.734481709" /><trkpt lat="62.536688973" lon="25.734495614" /><trkpt lat="62.536680690" lon="25.734509798" /><trkpt lat="62.536672429" lon="25.734524250" /><trkpt lat="62.536664192" lon="25.734538961" /><trkpt lat="62.536655980" lon="25.734553923" /><trkpt lat="62.536647792" lon="25.734569128" /><trkpt lat="62.536639631" lon="25.734584565" /><trkpt lat="62.536631497" lon="25.734600226" /><trkpt lat="62.536623390" lon="25.734616103" /><trkpt lat="62.536615312" lon="25.734632186" /><trkpt lat="62.536607263" lon="25.734648466" /><trkpt lat="62.536599244" lon="25.734664935" /><trkpt lat="62.536591256" lon="25.734681584" /><trkpt lat="62.536583300" lon="25.734698403" /><trkpt lat="62.536575376" lon="25.734715384" /><trkpt lat="62.536567486" lon="25.734732519" /><trkpt lat="62.536559629" lon="25.734749798" /><trkpt lat="62.536551807" lon="25.734767212" /><trkpt lat="62.536544021" lon="25.734784752" /><trkpt lat="62.536536272" lon="25.734802410" /><trkpt lat="62.536528559" lon="25.734820177" /><trkpt lat="62.536520885" lon="25.734838043" /><trkpt lat="62.536513249" lon="25.734856000" /><trkpt lat="62.536505653" lon="25.734874040" /><trkpt lat="62.536498098" lon="25.734892152" /><trkpt lat="62.536490583" lon="25.734910329" /><trkpt lat="62.536483111" lon="25.734928561" /><trkpt lat="62.536475681" lon="25.734946839" /><trkpt lat="62.536468295" lon="25.734965155" /><trkpt lat="62.536460953" lon="25.734983500" /><trkpt lat="62.536453657" lon="25.735001865" /><trkpt lat="62.536446406" lon="25.735020240" /><trkpt lat="62.536439203" lon="25.735038618" /><trkpt lat="62.536432046" lon="25.735056989" /><trkpt lat="62.536424939" lon="25.735075344" /><trkpt lat="62.536417880" lon="25.735093674" /><trkpt lat="62.536410871" lon="25.735111971" /><trkpt lat="62.536403913" lon="25.735130226" /><trkpt lat="62.536397007" lon="25.735148430" /><trkpt lat="62.536390153" lon="25.735166573" /><trkpt lat="62.536383352" lon="25.735184648" /><trkpt lat="62.536376605" lon="25.735202644" /><trkpt lat="62.536369913" lon="25.735220554" /><trkpt lat="62.536363276" lon="25.735238368" /><trkpt lat="62.536356695" lon="25.735256078" /><trkpt lat="62.536350172" lon="25.735273674" /><trkpt lat="62.536343706" lon="25.735291148" /><trkpt lat="62.536337300" lon="25.735308491" /><trkpt lat="62.536330952" lon="25.735325694" /><trkpt lat="62.536324665" lon="25.735342748" /><trkpt lat="62.536318440" lon="25.735359644" /><trkpt lat="62.536312276" lon="25.735376373" /><trkpt lat="62.536306174" lon="25.735392927" /><trkpt lat="62.536300136" lon="25.735409296" /><trkpt lat="62.536294163" lon="25.735425472" /><trkpt lat="62.536288254" lon="25.735441446" /><trkpt lat="62.536281787" lon="25.735458740" /><trkpt lat="62.536275207" lon="25.735475997" /><trkpt lat="62.536268519" lon="25.735493218" /><trkpt lat="62.536261725" lon="25.735510402" /><trkpt lat="62.536254830" lon="25.735527549" /><trkpt lat="62.536247836" lon="25.735544660" /><trkpt lat="62.536240747" lon="25.735561735" /><trkpt lat="62.536233567" lon="25.735578773" /><trkpt lat="62.536226299" lon="25.735595776" /><trkpt lat="62.536218947" lon="25.735612742" /><trkpt lat="62.536211514" lon="25.735629673" /><trkpt lat="62.536204004" lon="25.735646568" /><trkpt lat="62.536196421" lon="25.735663427" /><trkpt lat="62.536188767" lon="25.735680251" /><trkpt lat="62.536181046" lon="25.735697040" /><trkpt lat="62.536173262" lon="25.735713793" /><trkpt lat="62.536165418" lon="25.735730511" /><trkpt lat="62.536157519" lon="25.735747194" /><trkpt lat="62.536149566" lon="25.735763842" /><trkpt lat="62.536141565" lon="25.735780455" /><trkpt lat="62.536133517" lon="25.735797034" /><trkpt lat="62.536125428" lon="25.735813578" /><trkpt lat="62.536117300" lon="25.735830087" /><trkpt lat="62.536109137" lon="25.735846563" /><trkpt lat="62.536100942" lon="25.735863004" /><trkpt lat="62.536092719" lon="25.735879410" /><trkpt lat="62.536084472" lon="25.735895783" /><trkpt lat="62.536076203" lon="25.735912122" /><trkpt lat="62.536067917" lon="25.735928427" /><trkpt lat="62.536059617" lon="25.735944698" /><trkpt lat="62.536051307" lon="25.735960936" /><trkpt lat="62.536042989" lon="25.735977140" /><trkpt lat="62.536034668" lon="25.735993311" /><trkpt lat="62.536026347" lon="25.736009448" /><trkpt lat="62.536018029" lon="25.736025553" /><trkpt lat="62.536009719" lon="25.736041624" /><trkpt lat="62.536001419" lon="25.736057663" /><trkpt lat="62.535993133" lon="25.736073669" /><trkpt lat="62.535984864" lon="25.736089642" /><trkpt lat="62.535976617" lon="25.736105582" /><trkpt lat="62.535968394" lon="25.736121490" /><trkpt lat="62.535960199" lon="25.736137366" /><trkpt lat="62.535952036" lon="25.736153209" /><trkpt lat="62.535943908" lon="25.736169020" /><trkpt lat="62.535935819" lon="25.736184800" /><trkpt lat="62.535927771" lon="25.736200547" /><trkpt lat="62.535919770" lon="25.736216262" /><trkpt lat="62.535911817" lon="25.736231946" /><trkpt lat="62.535903917" lon="25.736247599" /><trkpt lat="62.535896074" lon="25.736263219" /><trkpt lat="62.535888290" lon="25.736278809" /><trkpt lat="62.535880569" lon="25.736294367" /><trkpt lat="62.535872915" lon="25.736309894" /><trkpt lat="62.535865331" lon="25.736325390" /><trkpt lat="62.535857821" lon="25.736340856" /><trkpt lat="62.535850388" lon="25.736356290" /><trkpt lat="62.535843036" lon="25.736371694" /><trkpt lat="62.535835768" lon="25.736387067" /><trkpt lat="62.535828588" lon="25.736402410" /><trkpt lat="62.535821499" lon="25.736417722" /><trkpt lat="62.535814505" lon="25.736433004" /><trkpt lat="62.535807610" lon="25.736448256" /><trkpt lat="62.535800816" lon="25.736463478" /><trkpt lat="62.535794127" lon="25.736478670" /><trkpt lat="62.535787548" lon="25.736493833" /><trkpt lat="62.535781080" lon="25.736508965" /><trkpt lat="62.535771138" lon="25.736531609" /><trkpt lat="62.535760993" lon="25.736553148" /><trkpt lat="62.535750650" lon="25.736573612" /><trkpt lat="62.535740116" lon="25.736593028" /><trkpt lat="62.535729395" lon="25.736611425" /><trkpt lat="62.535718493" lon="25.736628830" /><trkpt lat="62.535707416" lon="25.736645270" /><trkpt lat="62.535696170" lon="25.736660775" /><trkpt lat="62.535684759" lon="25.736675372" /><trkpt lat="62.535673191" lon="25.736689089" /><trkpt lat="62.535661469" lon="25.736701953" /><trkpt lat="62.535649601" lon="25.736713994" /><trkpt lat="62.535637591" lon="25.736725238" /><trkpt lat="62.535625445" lon="25.736735713" /><trkpt lat="62.535613168" lon="25.736745449" /><trkpt lat="62.535600767" lon="25.736754471" /><trkpt lat="62.535588247" lon="25.736762810" /><trkpt lat="62.535575613" lon="25.736770491" /><trkpt lat="62.535562872" lon="25.736777544" /><trkpt lat="62.535550028" lon="25.736783996" /><trkpt lat="62.535537087" lon="25.736789876" /><trkpt lat="62.535524055" lon="25.736795210" /><trkpt lat="62.535510938" lon="25.736800027" /><trkpt lat="62.535497741" lon="25.736804356" /><trkpt lat="62.535484469" lon="25.736808223" /><trkpt lat="62.535471129" lon="25.736811657" /><trkpt lat="62.535457726" lon="25.736814686" /><trkpt lat="62.535444265" lon="25.736817338" /><trkpt lat="62.535430752" lon="25.736819640" /><trkpt lat="62.535417193" lon="25.736821621" /><trkpt lat="62.535403594" lon="25.736823308" /><trkpt lat="62.535389959" lon="25.736824730" /><trkpt lat="62.535376294" lon="25.736825914" /><trkpt lat="62.535362606" lon="25.736826888" /><trkpt lat="62.535348900" lon="25.736827681" /><trkpt lat="62.535335180" lon="25.736828320" /><trkpt lat="62.535321454" lon="25.736828833" /><trkpt lat="62.535307726" lon="25.736829248" /><trkpt lat="62.535294002" lon="25.736829593" /><trkpt lat="62.535280288" lon="25.736829895" /><trkpt lat="62.535266590" lon="25.736830184" /><trkpt lat="62.535252912" lon="25.736830486" /><trkpt lat="62.535239260" lon="25.736830831" /><trkpt lat="62.535225301" lon="25.736831049" /><trkpt lat="62.535210719" lon="25.736830961" /><trkpt lat="62.535195549" lon="25.736830572" /><trkpt lat="62.535179827" lon="25.736829890" /><trkpt lat="62.535163589" lon="25.736828920" /><trkpt lat="62.535146870" lon="25.736827669" /><trkpt lat="62.535129705" lon="25.736826144" /><trkpt lat="62.535112131" lon="25.736824351" /><trkpt lat="62.535094182" lon="25.736822296" /><trkpt lat="62.535075893" lon="25.736819986" /><trkpt lat="62.535057302" lon="25.736817428" /><trkpt lat="62.535038442" lon="25.736814627" /><trkpt lat="62.535019349" lon="25.736811591" /><trkpt lat="62.535000059" lon="25.736808326" /><trkpt lat="62.534980608" lon="25.736804838" /><trkpt lat="62.534961030" lon="25.736801134" /><trkpt lat="62.534941361" lon="25.736797220" /><trkpt lat="62.534921638" lon="25.736793103" /><trkpt lat="62.534901894" lon="25.736788789" /><trkpt lat="62.534882166" lon="25.736784285" /><trkpt lat="62.534862490" lon="25.736779597" /><trkpt lat="62.534842899" lon="25.736774732" /><trkpt lat="62.534823431" lon="25.736769696" /><trkpt lat="62.534804121" lon="25.736764496" /><trkpt lat="62.534785004" lon="25.736759138" /><trkpt lat="62.534766115" lon="25.736753628" /><trkpt lat="62.534747490" lon="25.736747973" /><trkpt lat="62.534729165" lon="25.736742180" /><trkpt lat="62.534711174" lon="25.736736255" /><trkpt lat="62.534693554" lon="25.736730205" /><trkpt lat="62.534676340" lon="25.736724035" /><trkpt lat="62.534659567" lon="25.736717753" /><trkpt lat="62.534643272" lon="25.736711365" /><trkpt lat="62.534627488" lon="25.736704878" /><trkpt lat="62.534612252" lon="25.736698297" /><trkpt lat="62.534597600" lon="25.736691630" /><trkpt lat="62.534583566" lon="25.736684882" /><trkpt lat="62.534570187" lon="25.736678061" /><trkpt lat="62.534557497" lon="25.736671172" /><trkpt lat="62.534545532" lon="25.736664223" /><trkpt lat="62.534534328" lon="25.736657220" /><trkpt lat="62.534523921" lon="25.736650168" /><trkpt lat="62.534514345" lon="25.736643076" /><trkpt lat="62.534501570" lon="25.736633256" /><trkpt lat="62.534489451" lon="25.736624158" /><trkpt lat="62.534477957" lon="25.736615751" /><trkpt lat="62.534467057" lon="25.736608004" /><trkpt lat="62.534456720" lon="25.736600883" /><trkpt lat="62.534446915" lon="25.736594359" /><trkpt lat="62.534437612" lon="25.736588397" /><trkpt lat="62.534428778" lon="25.736582968" /><trkpt lat="62.534420384" lon="25.736578039" /><trkpt lat="62.534412398" lon="25.736573577" /><trkpt lat="62.534404790" lon="25.736569552" /><trkpt lat="62.534397528" lon="25.736565932" /><trkpt lat="62.534390582" lon="25.736562684" /><trkpt lat="62.534383920" lon="25.736559777" /><trkpt lat="62.534377511" lon="25.736557179" /><trkpt lat="62.534371326" lon="25.736554858" /><trkpt lat="62.534365332" lon="25.736552783" /><trkpt lat="62.534359499" lon="25.736550921" /><trkpt lat="62.534353795" lon="25.736549241" /><trkpt lat="62.534348191" lon="25.736547710" /><trkpt lat="62.534342654" lon="25.736546298" /><trkpt lat="62.534337155" lon="25.736544971" /><trkpt lat="62.534331662" lon="25.736543699" /><trkpt lat="62.534326143" lon="25.736542450" /><trkpt lat="62.534320569" lon="25.736541191" /><trkpt lat="62.534314908" lon="25.736539891" /><trkpt lat="62.534309130" lon="25.736538519" /><trkpt lat="62.534303203" lon="25.736537041" /><trkpt lat="62.534297096" lon="25.736535427" /><trkpt lat="62.534290779" lon="25.736533644" /><trkpt lat="62.534284381" lon="25.736531864" /><trkpt lat="62.534278047" lon="25.736530241" /><trkpt lat="62.534271766" lon="25.736528717" /><trkpt lat="62.534265527" lon="25.736527234" /><trkpt lat="62.534259319" lon="25.736525734" /><trkpt lat="62.534253132" lon="25.736524160" /><trkpt lat="62.534246955" lon="25.736522453" /><trkpt lat="62.534240777" lon="25.736520557" /><trkpt lat="62.534234587" lon="25.736518412" /><trkpt lat="62.534228375" lon="25.736515962" /><trkpt lat="62.534222130" lon="25.736513148" /><trkpt lat="62.534215841" lon="25.736509912" /><trkpt lat="62.534209498" lon="25.736506197" /><trkpt lat="62.534203090" lon="25.736501946" /><trkpt lat="62.534196606" lon="25.736497099" /><trkpt lat="62.534190035" lon="25.736491600" /><trkpt lat="62.534183367" lon="25.736485390" /><trkpt lat="62.534176591" lon="25.736478412" /><trkpt lat="62.534169696" lon="25.736470608" /><trkpt lat="62.534162672" lon="25.736461920" /><trkpt lat="62.534155507" lon="25.736452290" /><trkpt lat="62.534148192" lon="25.736441661" /><trkpt lat="62.534140715" lon="25.736429974" /><trkpt lat="62.534133065" lon="25.736417172" /><trkpt lat="62.534125233" lon="25.736403197" /><trkpt lat="62.534117206" lon="25.736387991" /><trkpt lat="62.534108975" lon="25.736371497" /><trkpt lat="62.534100529" lon="25.736353656" /><trkpt lat="62.534091857" lon="25.736334410" /><trkpt lat="62.534082948" lon="25.736313703" /><trkpt lat="62.534076469" lon="25.736298340" /><trkpt lat="62.534069934" lon="25.736282907" /><trkpt lat="62.534063341" lon="25.736267407" /><trkpt lat="62.534056690" lon="25.736251841" /><trkpt lat="62.534049982" lon="25.736236213" /><trkpt lat="62.534043215" lon="25.736220525" /><trkpt lat="62.534036389" lon="25.736204780" /><trkpt lat="62.534029503" lon="25.736188980" /><trkpt lat="62.534022558" lon="25.736173129" /><trkpt lat="62.534015553" lon="25.736157228" /><trkpt lat="62.534008487" lon="25.736141280" /><trkpt lat="62.534001360" lon="25.736125287" /><trkpt lat="62.533994171" lon="25.736109254" /><trkpt lat="62.533986921" lon="25.736093181" /><trkpt lat="62.533979608" lon="25.736077072" /><trkpt lat="62.533972233" lon="25.736060929" /><trkpt lat="62.533964795" lon="25.736044754" /><trkpt lat="62.533957293" lon="25.736028551" /><trkpt lat="62.533949727" lon="25.736012322" /><trkpt lat="62.533942097" lon="25.735996070" /><trkpt lat="62.533934402" lon="25.735979797" /><trkpt lat="62.533926641" lon="25.735963505" /><trkpt lat="62.533918815" lon="25.735947198" /><trkpt lat="62.533910923" lon="25.735930878" /><trkpt lat="62.533902965" lon="25.735914547" /><trkpt lat="62.533894939" lon="25.735898209" /><trkpt lat="62.533886847" lon="25.735881865" /><trkpt lat="62.533878686" lon="25.735865519" /><trkpt lat="62.533870458" lon="25.735849172" /><trkpt lat="62.533862160" lon="25.735832828" /><trkpt lat="62.533853794" lon="25.735816489" /><trkpt lat="62.533845359" lon="25.735800158" /><trkpt lat="62.533836853" lon="25.735783837" /><trkpt lat="62.533828277" lon="25.735767529" /><trkpt lat="62.533819631" lon="25.735751237" /><trkpt lat="62.533810913" lon="25.735734963" /><trkpt lat="62.533802124" lon="25.735718709" /><trkpt lat="62.533793263" lon="25.735702479" /><trkpt lat="62.533784330" lon="25.735686275" /><trkpt lat="62.533775324" lon="25.735670099" /><trkpt lat="62.533766245" lon="25.735653955" /><trkpt lat="62.533757092" lon="25.735637844" /><trkpt lat="62.533748607" lon="25.735623026" /><trkpt lat="62.533739941" lon="25.735607970" /><trkpt lat="62.533731103" lon="25.735592692" /><trkpt lat="62.533722103" lon="25.735577207" /><trkpt lat="62.533712951" lon="25.735561532" /><trkpt lat="62.533703657" lon="25.735545681" /><trkpt lat="62.533694231" lon="25.735529671" /><trkpt lat="62.533684683" lon="25.735513516" /><trkpt lat="62.533675022" lon="25.735497234" /><trkpt lat="62.533665258" lon="25.735480839" /><trkpt lat="62.533655401" lon="25.735464347" /><trkpt lat="62.533645461" lon="25.735447773" /><trkpt lat="62.533635448" lon="25.735431134" /><trkpt lat="62.533625372" lon="25.735414445" /><trkpt lat="62.533615242" lon="25.735397721" /><trkpt lat="62.533605068" lon="25.735380979" /><trkpt lat="62.533594861" lon="25.735364233" /><trkpt lat="62.533584630" lon="25.735347500" /><trkpt lat="62.533574384" lon="25.735330796" /><trkpt lat="62.533564134" lon="25.735314135" /><trkpt lat="62.533553890" lon="25.735297534" /><trkpt lat="62.533543661" lon="25.735281008" /><trkpt lat="62.533533458" lon="25.735264572" /><trkpt lat="62.533523289" lon="25.735248244" /><trkpt lat="62.533513165" lon="25.735232037" /><trkpt lat="62.533503096" lon="25.735215968" /><trkpt lat="62.533493092" lon="25.735200053" /><trkpt lat="62.533483162" lon="25.735184306" /><trkpt lat="62.533473317" lon="25.735168745" /><trkpt lat="62.533463565" lon="25.735153384" /><trkpt lat="62.533453918" lon="25.735138238" /><trkpt lat="62.533444384" lon="25.735123325" /><trkpt lat="62.533434975" lon="25.735108659" /><trkpt lat="62.533425698" lon="25.735094255" /><trkpt lat="62.533416565" lon="25.735080131" /><trkpt lat="62.533407585" lon="25.735066301" /><trkpt lat="62.533398768" lon="25.735052780" /><trkpt lat="62.533390125" lon="25.735039586" /><trkpt lat="62.533381663" lon="25.735026732" /><trkpt lat="62.533373395" lon="25.735014236" /><trkpt lat="62.533365329" lon="25.735002111" /><trkpt lat="62.533357475" lon="25.734990376" /><trkpt lat="62.533349843" lon="25.734979044" /><trkpt lat="62.533342443" lon="25.734968131" /><trkpt lat="62.533335285" lon="25.734957654" /><trkpt lat="62.533328379" lon="25.734947627" /><trkpt lat="62.533320041" lon="25.734935456" /><trkpt lat="62.533311444" lon="25.734922698" /><trkpt lat="62.533302601" lon="25.734909412" /><trkpt lat="62.533293526" lon="25.734895657" /><trkpt lat="62.533284232" lon="25.734881492" /><trkpt lat="62.533274734" lon="25.734866976" /><trkpt lat="62.533265044" lon="25.734852167" /><trkpt lat="62.533255176" lon="25.734837126" /><trkpt lat="62.533245144" lon="25.734821909" /><trkpt lat="62.533234961" lon="25.734806578" /><trkpt lat="62.533224641" lon="25.734791189" /><trkpt lat="62.533214196" lon="25.734775804" /><trkpt lat="62.533203642" lon="25.734760479" /><trkpt lat="62.533192991" lon="25.734745275" /><trkpt lat="62.533182257" lon="25.734730249" /><trkpt lat="62.533171454" lon="25.734715462" /><trkpt lat="62.533160594" lon="25.734700971" /><trkpt lat="62.533149692" lon="25.734686837" /><trkpt lat="62.533138761" lon="25.734673117" /><trkpt lat="62.533127814" lon="25.734659870" /><trkpt lat="62.533116866" lon="25.734647157" /><trkpt lat="62.533105929" lon="25.734635035" /><trkpt lat="62.533095017" lon="25.734623563" /><trkpt lat="62.533084144" lon="25.734612800" /><trkpt lat="62.533073324" lon="25.734602806" /><trkpt lat="62.533062569" lon="25.734593639" /><trkpt lat="62.533051894" lon="25.734585358" /><trkpt lat="62.533041311" lon="25.734578022" /><trkpt lat="62.533030835" lon="25.734571690" /><trkpt lat="62.533020479" lon="25.734566421" /><trkpt lat="62.533010256" lon="25.734562273" /><trkpt lat="62.533000181" lon="25.734559306" /><trkpt lat="62.532990266" lon="25.734557579" /><trkpt lat="62.532980525" lon="25.734557150" /><trkpt lat="62.532970972" lon="25.734558078" /><trkpt lat="62.532961620" lon="25.734560423" /><trkpt lat="62.532952483" lon="25.734564243" /><trkpt lat="62.532943574" lon="25.734569597" /><trkpt lat="62.532934173" lon="25.734576264" /><trkpt lat="62.532924053" lon="25.734583623" /><trkpt lat="62.532913255" lon="25.734591637" /><trkpt lat="62.532901821" lon="25.734600267" /><trkpt lat="62.532889792" lon="25.734609474" /><trkpt lat="62.532877210" lon="25.734619220" /><trkpt lat="62.532864118" lon="25.734629466" /><trkpt lat="62.532850555" lon="25.734640174" /><trkpt lat="62.532836564" lon="25.734651305" /><trkpt lat="62.532822186" lon="25.734662820" /><trkpt lat="62.532807463" lon="25.734674681" /><trkpt lat="62.532792437" lon="25.734686848" /><trkpt lat="62.532777148" lon="25.734699285" /><trkpt lat="62.532761640" lon="25.734711951" /><trkpt lat="62.532745952" lon="25.734724809" /><trkpt lat="62.532730127" lon="25.734737819" /><trkpt lat="62.532714206" lon="25.734750944" /><trkpt lat="62.532698231" lon="25.734764144" /><trkpt lat="62.532682243" lon="25.734777381" /><trkpt lat="62.532666284" lon="25.734790617" /><trkpt lat="62.532650396" lon="25.734803812" /><trkpt lat="62.532634619" lon="25.734816928" /><trkpt lat="62.532618997" lon="25.734829927" /><trkpt lat="62.532603569" lon="25.734842770" /><trkpt lat="62.532588378" lon="25.734855418" /><trkpt lat="62.532573465" lon="25.734867832" /><trkpt lat="62.532558873" lon="25.734879975" /><trkpt lat="62.532544641" lon="25.734891808" /><trkpt lat="62.532530813" lon="25.734903291" /><trkpt lat="62.532517429" lon="25.734914387" /><trkpt lat="62.532504531" lon="25.734925056" /><trkpt lat="62.532492161" lon="25.734935261" /><trkpt lat="62.532480360" lon="25.734944962" /><trkpt lat="62.532469170" lon="25.734954121" /><trkpt lat="62.532458632" lon="25.734962699" /><trkpt lat="62.532448788" lon="25.734970658" /><trkpt lat="62.532439679" lon="25.734977959" /><trkpt lat="62.532428704" lon="25.734986405" /><trkpt lat="62.532417325" lon="25.734994590" /><trkpt lat="62.532405573" lon="25.735002530" /><trkpt lat="62.532393479" lon="25.735010241" /><trkpt lat="62.532381073" lon="25.735017742" /><trkpt lat="62.532368385" lon="25.735025047" /><trkpt lat="62.532355447" lon="25.735032174" /><trkpt lat="62.532342289" lon="25.735039141" /><trkpt lat="62.532328941" lon="25.735045963" /><trkpt lat="62.532315434" lon="25.735052657" /><trkpt lat="62.532301799" lon="25.735059241" /><trkpt lat="62.532288067" lon="25.735065731" /><trkpt lat="62.532274267" lon="25.735072144" /><trkpt lat="62.532260431" lon="25.735078496" /><trkpt lat="62.532246589" lon="25.735084804" /><trkpt lat="62.532232772" lon="25.735091086" /><trkpt lat="62.532219011" lon="25.735097358" /><trkpt lat="62.532205335" lon="25.735103637" /><trkpt lat="62.532191775" lon="25.735109939" /><trkpt lat="62.532178363" lon="25.735116281" /><trkpt lat="62.532165129" lon="25.735122680" /><trkpt lat="62.532152103" lon="25.735129154" /><trkpt lat="62.532139315" lon="25.735135718" /><trkpt lat="62.532126798" lon="25.735142389" /><trkpt lat="62.532114580" lon="25.735149185" /><trkpt lat="62.532102693" lon="25.735156122" /><trkpt lat="62.532091168" lon="25.735163216" /><trkpt lat="62.532080034" lon="25.735170486" /><trkpt lat="62.532069323" lon="25.735177946" /><trkpt lat="62.532059065" lon="25.735185615" /><trkpt lat="62.532048615" lon="25.735193738" /><trkpt lat="62.532037351" lon="25.735202520" /><trkpt lat="62.532025343" lon="25.735211914" /><trkpt lat="62.532012658" lon="25.735221872" /><trkpt lat="62.531999367" lon="25.735232347" /><trkpt lat="62.531985537" lon="25.735243293" /><trkpt lat="62.531971238" lon="25.735254663" /><trkpt lat="62.531956537" lon="25.735266409" /><trkpt lat="62.531941504" lon="25.735278484" /><trkpt lat="62.531926207" lon="25.735290841" /><trkpt lat="62.531910715" lon="25.735303433" /><trkpt lat="62.531895097" lon="25.735316214" /><trkpt lat="62.531879422" lon="25.735329136" /><trkpt lat="62.531863757" lon="25.735342152" /><trkpt lat="62.531848172" lon="25.735355215" /><trkpt lat="62.531832736" lon="25.735368278" /><trkpt lat="62.531817516" lon="25.735381294" /><trkpt lat="62.531802583" lon="25.735394215" /><trkpt lat="62.531788004" lon="25.735406996" /><trkpt lat="62.531773849" lon="25.735419589" /><trkpt lat="62.531760185" lon="25.735431946" /><trkpt lat="62.531747082" lon="25.735444021" /><trkpt lat="62.531734608" lon="25.735455767" /><trkpt lat="62.531722832" lon="25.735467136" /><trkpt lat="62.531711823" lon="25.735478082" /><trkpt lat="62.531701649" lon="25.735488558" /><trkpt lat="62.531692380" lon="25.735498516" /><trkpt lat="62.531684083" lon="25.735507909" /><trkpt lat="62.531676827" lon="25.735516691" /><trkpt lat="62.531670682" lon="25.735524815" /><trkpt lat="62.531665236" lon="25.735532672" /><trkpt lat="62.531660038" lon="25.735540681" /><trkpt lat="62.531655100" lon="25.735548831" /><trkpt lat="62.531650429" lon="25.735557114" /><trkpt lat="62.531646036" lon="25.735565520" /><trkpt lat="62.531641930" lon="25.735574038" /><trkpt lat="62.531638121" lon="25.735582661" /><trkpt lat="62.531634618" lon="25.735591378" /><trkpt lat="62.531631432" lon="25.735600179" /><trkpt lat="62.531628572" lon="25.735609056" /><trkpt lat="62.531626047" lon="25.735617998" /><trkpt lat="62.531623867" lon="25.735626996" /><trkpt lat="62.531622041" lon="25.735636041" /><trkpt lat="62.531620580" lon="25.735645122" /><trkpt lat="62.531619493" lon="25.735654231" /><trkpt lat="62.531618790" lon="25.735663358" /><trkpt lat="62.531618479" lon="25.735672493" /><trkpt lat="62.531618571" lon="25.735681627" /><trkpt lat="62.531619076" lon="25.735690751" /><trkpt lat="62.531620003" lon="25.735699854" /><trkpt lat="62.531621361" lon="25.735708927" /><trkpt lat="62.531623161" lon="25.735717961" /><trkpt lat="62.531625412" lon="25.735726946" /><trkpt lat="62.531628123" lon="25.735735872" /><trkpt lat="62.531631304" lon="25.735744731" /><trkpt lat="62.531634965" lon="25.735753512" /><trkpt lat="62.531639115" lon="25.735762206" /><trkpt lat="62.531643764" lon="25.735770804" /><trkpt lat="62.531648922" lon="25.735779295" /><trkpt lat="62.531654598" lon="25.735787671" /><trkpt lat="62.531660273" lon="25.735795650" /><trkpt lat="62.531665459" lon="25.735803011" /><trkpt lat="62.531670215" lon="25.735809833" /><trkpt lat="62.531674601" lon="25.735816199" /><trkpt lat="62.531678675" lon="25.735822188" /><trkpt lat="62.531682497" lon="25.735827881" /><trkpt lat="62.531686125" lon="25.735833359" /><trkpt lat="62.531689619" lon="25.735838702" /><trkpt lat="62.531693038" lon="25.735843990" /><trkpt lat="62.531696441" lon="25.735849305" /><trkpt lat="62.531699886" lon="25.735854726" /><trkpt lat="62.531703434" lon="25.735860335" /><trkpt lat="62.531707142" lon="25.735866212" /><trkpt lat="62.531711071" lon="25.735872437" /><trkpt lat="62.531715278" lon="25.735879091" /><trkpt lat="62.531719824" lon="25.735886255" /><trkpt lat="62.531724767" lon="25.735894010" /><trkpt lat="62.531730166" lon="25.735902434" /><trkpt lat="62.531736081" lon="25.735911611" /><trkpt lat="62.531742570" lon="25.735921619" /><trkpt lat="62.531749692" lon="25.735932539" /><trkpt lat="62.531757507" lon="25.735944453" /><trkpt lat="62.531766074" lon="25.735957440" /><trkpt lat="62.531775451" lon="25.735971581" /><trkpt lat="62.531785698" lon="25.735986957" /><trkpt lat="62.531796873" lon="25.736003648" /><trkpt lat="62.531809037" lon="25.736021735" /><trkpt lat="62.531822247" lon="25.736041298" /><trkpt lat="62.531836563" lon="25.736062419" /><trkpt lat="62.531852045" lon="25.736085176" /><trkpt lat="62.531862250" lon="25.736100293" /><trkpt lat="62.531872335" lon="25.736115507" /><trkpt lat="62.531882298" lon="25.736130815" /><trkpt lat="62.531892141" lon="25.736146214" /><trkpt lat="62.531901862" lon="25.736161698" /><trkpt lat="62.531911463" lon="25.736177263" /><trkpt lat="62.531920943" lon="25.736192907" /><trkpt lat="62.531930301" lon="25.736208625" /><trkpt lat="62.531939539" lon="25.736224412" /><trkpt lat="62.531948656" lon="25.736240265" /><trkpt lat="62.531957652" lon="25.736256179" /><trkpt lat="62.531966526" lon="25.736272152" /><trkpt lat="62.531975280" lon="25.736288178" /><trkpt lat="62.531983913" lon="25.736304253" /><trkpt lat="62.531992425" lon="25.736320374" /><trkpt lat="62.532000816" lon="25.736336537" /><trkpt lat="62.532009086" lon="25.736352737" /><trkpt lat="62.532017234" lon="25.736368971" /><trkpt lat="62.532025262" lon="25.736385234" /><trkpt lat="62.532033169" lon="25.736401522" /><trkpt lat="62.532040955" lon="25.736417832" /><trkpt lat="62.532048620" lon="25.736434159" /><trkpt lat="62.532056164" lon="25.736450500" /><trkpt lat="62.532063587" lon="25.736466850" /><trkpt lat="62.532070889" lon="25.736483205" /><trkpt lat="62.532078070" lon="25.736499561" /><trkpt lat="62.532085131" lon="25.736515915" /><trkpt lat="62.532092070" lon="25.736532262" /><trkpt lat="62.532098888" lon="25.736548598" /><trkpt lat="62.532105585" lon="25.736564919" /><trkpt lat="62.532112161" lon="25.736581221" /><trkpt lat="62.532118617" lon="25.736597500" /><trkpt lat="62.532124951" lon="25.736613753" /><trkpt lat="62.532131164" lon="25.736629974" /><trkpt lat="62.532137256" lon="25.736646160" /><trkpt lat="62.532143228" lon="25.736662307" /><trkpt lat="62.532149078" lon="25.736678411" /><trkpt lat="62.532154808" lon="25.736694468" /><trkpt lat="62.532160416" lon="25.736710474" /><trkpt lat="62.532165903" lon="25.736726424" /><trkpt lat="62.532171270" lon="25.736742316" /><trkpt lat="62.532176515" lon="25.736758144" /><trkpt lat="62.532181640" lon="25.736773905" /><trkpt lat="62.532186643" lon="25.736789594" /><trkpt lat="62.532191526" lon="25.736805209" /><trkpt lat="62.532196288" lon="25.736820744" /><trkpt lat="62.532200928" lon="25.736836195" /><trkpt lat="62.532205232" lon="25.736850780" /><trkpt lat="62.532209534" lon="25.736865563" /><trkpt lat="62.532213832" lon="25.736880539" /><trkpt lat="62.532218127" lon="25.736895701" /><trkpt lat="62.532222419" lon="25.736911045" /><trkpt lat="62.532226706" lon="25.736926565" /><trkpt lat="62.532230988" lon="25.736942256" /><trkpt lat="62.532235266" lon="25.736958110" /><trkpt lat="62.532239538" lon="25.736974125" /><trkpt lat="62.532243804" lon="25.736990292" /><trkpt lat="62.532248064" lon="25.737006608" /><trkpt lat="62.532252318" lon="25.737023066" /><trkpt lat="62.532256565" lon="25.737039661" /><trkpt lat="62.532260805" lon="25.737056387" /><trkpt lat="62.532265037" lon="25.737073239" /><trkpt lat="62.532269261" lon="25.737090211" /><trkpt lat="62.532273476" lon="25.737107298" /><trkpt lat="62.532277683" lon="25.737124493" /><trkpt lat="62.532281880" lon="25.737141792" /><trkpt lat="62.532286068" lon="25.737159189" /><trkpt lat="62.532290246" lon="25.737176678" /><trkpt lat="62.532294414" lon="25.737194254" /><trkpt lat="62.532298571" lon="25.737211911" /><trkpt lat="62.532302717" lon="25.737229643" /><trkpt lat="62.532306851" lon="25.737247445" /><trkpt lat="62.532310973" lon="25.737265312" /><trkpt lat="62.532315083" lon="25.737283237" /><trkpt lat="62.532319181" lon="25.737301216" /><trkpt lat="62.532323265" lon="25.737319242" /><trkpt lat="62.532327337" lon="25.737337311" /><trkpt lat="62.532331394" lon="25.737355416" /><trkpt lat="62.532335437" lon="25.737373551" /><trkpt lat="62.532339466" lon="25.737391713" /><trkpt lat="62.532343479" lon="25.737409893" /><trkpt lat="62.532347477" lon="25.737428089" /><trkpt lat="62.532351460" lon="25.737446292" /><trkpt lat="62.532355426" lon="25.737464499" /><trkpt lat="62.532359376" lon="25.737482703" /><trkpt lat="62.532363309" lon="25.737500900" /><trkpt lat="62.532367225" lon="25.737519082" /><trkpt lat="62.532371123" lon="25.737537245" /><trkpt lat="62.532375004" lon="25.737555384" /><trkpt lat="62.532378865" lon="25.737573492" /><trkpt lat="62.532382708" lon="25.737591564" /><trkpt lat="62.532386532" lon="25.737609594" /><trkpt lat="62.532390336" lon="25.737627578" /><trkpt lat="62.532394121" lon="25.737645509" /><trkpt lat="62.532397885" lon="25.737663381" /><trkpt lat="62.532401628" lon="25.737681190" /><trkpt lat="62.532405350" lon="25.737698929" /><trkpt lat="62.532407975" lon="25.737711427" /><trkpt lat="62.532410694" lon="25.737724328" /><trkpt lat="62.532413504" lon="25.737737619" /><trkpt lat="62.532416403" lon="25.737751290" /><trkpt lat="62.532419389" lon="25.737765328" /><trkpt lat="62.532422459" lon="25.737779723" /><trkpt lat="62.532425611" lon="25.737794464" /><trkpt lat="62.532428843" lon="25.737809538" /><trkpt lat="62.532432153" lon="25.737824934" /><trkpt lat="62.532435538" lon="25.737840642" /><trkpt lat="62.532438995" lon="25.737856649" /><trkpt lat="62.532442524" lon="25.737872944" /><trkpt lat="62.532446120" lon="25.737889516" /><trkpt lat="62.532449783" lon="25.737906353" /><trkpt lat="62.532453509" lon="25.737923444" /><trkpt lat="62.532457296" lon="25.737940778" /><trkpt lat="62.532461143" lon="25.737958343" /><trkpt lat="62.532465046" lon="25.737976127" /><trkpt lat="62.532469004" lon="25.737994120" /><trkpt lat="62.532473014" lon="25.738012310" /><trkpt lat="62.532477073" lon="25.738030686" /><trkpt lat="62.532481180" lon="25.738049235" /><trkpt lat="62.532485333" lon="25.738067948" /><trkpt lat="62.532489528" lon="25.738086811" /><trkpt lat="62.532493764" lon="25.738105815" /><trkpt lat="62.532498038" lon="25.738124947" /><trkpt lat="62.532502348" lon="25.738144196" /><trkpt lat="62.532506691" lon="25.738163551" /><trkpt lat="62.532511066" lon="25.738183000" /><trkpt lat="62.532515470" lon="25.738202532" /><trkpt lat="62.532519901" lon="25.738222136" /><trkpt lat="62.532524356" lon="25.738241800" /><trkpt lat="62.532528834" lon="25.738261512" /><trkpt lat="62.532533331" lon="25.738281262" /><trkpt lat="62.532537845" lon="25.738301038" /><trkpt lat="62.532542375" lon="25.738320828" /><trkpt lat="62.532546918" lon="25.738340621" /><trkpt lat="62.532551471" lon="25.738360406" /><trkpt lat="62.532556033" lon="25.738380172" /><trkpt lat="62.532560600" lon="25.738399906" /><trkpt lat="62.532565171" lon="25.738419597" /><trkpt lat="62.532569744" lon="25.738439235" /><trkpt lat="62.532574316" lon="25.738458808" /><trkpt lat="62.532578884" lon="25.738478304" /><trkpt lat="62.532583447" lon="25.738497711" /><trkpt lat="62.532588001" lon="25.738517019" /><trkpt lat="62.532592546" lon="25.738536217" /><trkpt lat="62.532597078" lon="25.738555292" /><trkpt lat="62.532601596" lon="25.738574233" /><trkpt lat="62.532606096" lon="25.738593029" /><trkpt lat="62.532610577" lon="25.738611668" /><trkpt lat="62.532615036" lon="25.738630140" /><trkpt lat="62.532619471" lon="25.738648432" /><trkpt lat="62.532623879" lon="25.738666534" /><trkpt lat="62.532628260" lon="25.738684433" /><trkpt lat="62.532632609" lon="25.738702119" /><trkpt lat="62.532636925" lon="25.738719580" /><trkpt lat="62.532641205" lon="25.738736805" /><trkpt lat="62.532645447" lon="25.738753782" /><trkpt lat="62.532649649" lon="25.738770500" /><trkpt lat="62.532653809" lon="25.738786947" /><trkpt lat="62.532657924" lon="25.738803112" /><trkpt lat="62.532661992" lon="25.738818984" /><trkpt lat="62.532666010" lon="25.738834551" /><trkpt lat="62.532669977" lon="25.738849802" /><trkpt lat="62.532673890" lon="25.738864726" /><trkpt lat="62.532677746" lon="25.738879310" /><trkpt lat="62.532681543" lon="25.738893545" /><trkpt lat="62.532685280" lon="25.738907417" /><trkpt lat="62.532688954" lon="25.738920916" /><trkpt lat="62.532692561" lon="25.738934031" /><trkpt lat="62.532696101" lon="25.738946750" /><trkpt lat="62.532700655" lon="25.738962909" /><trkpt lat="62.532705302" lon="25.738979195" /><trkpt lat="62.532710039" lon="25.738995603" /><trkpt lat="62.532714865" lon="25.739012127" /><trkpt lat="62.532719778" lon="25.739028761" /><trkpt lat="62.532724776" lon="25.739045500" /><trkpt lat="62.532729857" lon="25.739062336" /><trkpt lat="62.532735019" lon="25.739079265" /><trkpt lat="62.532740261" lon="25.739096280" /><trkpt lat="62.532745579" lon="25.739113376" /><trkpt lat="62.532750973" lon="25.739130546" /><trkpt lat="62.532756439" lon="25.739147786" /><trkpt lat="62.532761978" lon="25.739165089" /><trkpt lat="62.532767585" lon="25.739182448" /><trkpt lat="62.532773260" lon="25.739199860" /><trkpt lat="62.532779001" lon="25.739217316" /><trkpt lat="62.532784805" lon="25.739234812" /><trkpt lat="62.532790671" lon="25.739252342" /><trkpt lat="62.532796597" lon="25.739269900" /><trkpt lat="62.532802580" lon="25.739287480" /><trkpt lat="62.532808619" lon="25.739305076" /><trkpt lat="62.532814712" lon="25.739322682" /><trkpt lat="62.532820857" lon="25.739340292" /><trkpt lat="62.532827051" lon="25.739357901" /><trkpt lat="62.532833294" lon="25.739375503" /><trkpt lat="62.532839583" lon="25.739393092" /><trkpt lat="62.532845916" lon="25.739410661" /><trkpt lat="62.532852291" lon="25.739428206" /><trkpt lat="62.532858706" lon="25.739445720" /><trkpt lat="62.532865160" lon="25.739463197" /><trkpt lat="62.532871650" lon="25.739480631" /><trkpt lat="62.532878174" lon="25.739498017" /><trkpt lat="62.532884731" lon="25.739515349" /><trkpt lat="62.532891319" lon="25.739532621" /><trkpt lat="62.532897935" lon="25.739549827" /><trkpt lat="62.532904577" lon="25.739566961" /><trkpt lat="62.532911244" lon="25.739584018" /><trkpt lat="62.532917934" lon="25.739600990" /><trkpt lat="62.532924645" lon="25.739617874" /><trkpt lat="62.532931375" lon="25.739634662" /><trkpt lat="62.532938121" lon="25.739651348" /><trkpt lat="62.532944883" lon="25.739667928" /><trkpt lat="62.532951658" lon="25.739684395" /><trkpt lat="62.532958443" lon="25.739700743" /><trkpt lat="62.532965238" lon="25.739716967" /><trkpt lat="62.532972040" lon="25.739733060" /><trkpt lat="62.532978847" lon="25.739749017" /><trkpt lat="62.532985657" lon="25.739764831" /><trkpt lat="62.532992469" lon="25.739780497" /><trkpt lat="62.532999281" lon="25.739796010" /><trkpt lat="62.533006089" lon="25.739811362" /><trkpt lat="62.533012893" lon="25.739826549" /><trkpt lat="62.533019691" lon="25.739841565" /><trkpt lat="62.533026481" lon="25.739856403" /><trkpt lat="62.533033260" lon="25.739871057" /><trkpt lat="62.533040027" lon="25.739885523" /><trkpt lat="62.533045244" lon="25.739896632" /><trkpt lat="62.533050661" lon="25.739908205" /><trkpt lat="62.533056272" lon="25.739920227" /><trkpt lat="62.533062070" lon="25.739932686" /><trkpt lat="62.533068050" lon="25.739945567" /><trkpt lat="62.533074207" lon="25.739958858" /><trkpt lat="62.533080534" lon="25.739972546" /><trkpt lat="62.533087025" lon="25.739986617" /><trkpt lat="62.533093675" lon="25.740001058" /><trkpt lat="62.533100477" lon="25.740015856" /><trkpt lat="62.533107427" lon="25.740030997" /><trkpt lat="62.533114517" lon="25.740046469" /><trkpt lat="62.533121743" lon="25.740062257" /><trkpt lat="62.533129099" lon="25.740078349" /><trkpt lat="62.533136577" lon="25.740094732" /><trkpt lat="62.533144174" lon="25.740111391" /><trkpt lat="62.533151882" lon="25.740128315" /><trkpt lat="62.533159696" lon="25.740145489" /><trkpt lat="62.533167611" lon="25.740162900" /><trkpt lat="62.533175620" lon="25.740180535" /><trkpt lat="62.533183717" lon="25.740198382" /><trkpt lat="62.533191897" lon="25.740216426" /><trkpt lat="62.533200154" lon="25.740234654" /><trkpt lat="62.533208481" lon="25.740253053" /><trkpt lat="62.533216874" lon="25.740271610" /><trkpt lat="62.533225326" lon="25.740290311" /><trkpt lat="62.533233832" lon="25.740309144" /><trkpt lat="62.533242385" lon="25.740328094" /><trkpt lat="62.533250980" lon="25.740347149" /><trkpt lat="62.533259610" lon="25.740366296" /><trkpt lat="62.533268271" lon="25.740385521" /><trkpt lat="62.533276956" lon="25.740404810" /><trkpt lat="62.533285659" lon="25.740424152" /><trkpt lat="62.533294375" lon="25.740443531" /><trkpt lat="62.533303098" lon="25.740462936" /><trkpt lat="62.533311821" lon="25.740482353" /><trkpt lat="62.533320540" lon="25.740501768" /><trkpt lat="62.533329247" lon="25.740521169" /><trkpt lat="62.533337938" lon="25.740540541" /><trkpt lat="62.533346606" lon="25.740559872" /><trkpt lat="62.533355246" lon="25.740579149" /><trkpt lat="62.533363852" lon="25.740598358" /><trkpt lat="62.533372418" lon="25.740617486" /><trkpt lat="62.533380938" lon="25.740636520" /><trkpt lat="62.533389406" lon="25.740655446" /><trkpt lat="62.533397816" lon="25.740674252" /><trkpt lat="62.533406163" lon="25.740692923" /><trkpt lat="62.533414441" lon="25.740711447" /><trkpt lat="62.533422644" lon="25.740729811" /><trkpt lat="62.533430765" lon="25.740748000" /><trkpt lat="62.533438800" lon="25.740766002" /><trkpt lat="62.533446742" lon="25.740783804" /><trkpt lat="62.533454586" lon="25.740801393" /><trkpt lat="62.533462325" lon="25.740818754" /><trkpt lat="62.533469955" lon="25.740835875" /><trkpt lat="62.533477468" lon="25.740852743" /><trkpt lat="62.533484859" lon="25.740869344" /><trkpt lat="62.533492123" lon="25.740885665" /><trkpt lat="62.533499253" lon="25.740901692" /><trkpt lat="62.533506244" lon="25.740917414" /><trkpt lat="62.533513089" lon="25.740932815" /><trkpt lat="62.533519783" lon="25.740947883" /><trkpt lat="62.533526321" lon="25.740962605" /><trkpt lat="62.533532696" lon="25.740976968" /><trkpt lat="62.533538902" lon="25.740990957" /><trkpt lat="62.533544933" lon="25.741004561" /><trkpt lat="62.533550785" lon="25.741017765" /><trkpt lat="62.533556450" lon="25.741030556" /><trkpt lat="62.533561923" lon="25.741042922" /><trkpt lat="62.533567199" lon="25.741054848" /><trkpt lat="62.533572270" lon="25.741066322" /><trkpt lat="62.533577133" lon="25.741077330" /><trkpt lat="62.533581780" lon="25.741087859" /><trkpt lat="62.533586205" lon="25.741097896" /><trkpt lat="62.533590986" lon="25.741108742" /><trkpt lat="62.533595939" lon="25.741119974" /><trkpt lat="62.533601056" lon="25.741131582" /><trkpt lat="62.533606334" lon="25.741143555" /><trkpt lat="62.533611766" lon="25.741155885" /><trkpt lat="62.533617347" lon="25.741168560" /><trkpt lat="62.533623071" lon="25.741181572" /><trkpt lat="62.533628933" lon="25.741194911" /><trkpt lat="62.533634928" lon="25.741208565" /><trkpt lat="62.533641049" lon="25.741222526" /><trkpt lat="62.533647292" lon="25.741236784" /><trkpt lat="62.533653651" lon="25.741251329" /><trkpt lat="62.533660119" lon="25.741266150" /><trkpt lat="62.533666693" lon="25.741281238" /><trkpt lat="62.533673366" lon="25.741296584" /><trkpt lat="62.533680132" lon="25.741312176" /><trkpt lat="62.533686987" lon="25.741328006" /><trkpt lat="62.533693924" lon="25.741344063" /><trkpt lat="62.533700938" lon="25.741360338" /><trkpt lat="62.533708024" lon="25.741376821" /><trkpt lat="62.533715176" lon="25.741393501" /><trkpt lat="62.533722389" lon="25.741410368" /><trkpt lat="62.533729657" lon="25.741427414" /><trkpt lat="62.533736974" lon="25.741444628" /><trkpt lat="62.533744335" lon="25.741462000" /><trkpt lat="62.533751735" lon="25.741479520" /><trkpt lat="62.533759167" lon="25.741497178" /><trkpt lat="62.533766627" lon="25.741514965" /><trkpt lat="62.533774109" lon="25.741532870" /><trkpt lat="62.533781607" lon="25.741550884" /><trkpt lat="62.533789116" lon="25.741568997" /><trkpt lat="62.533796631" lon="25.741587199" /><trkpt lat="62.533804145" lon="25.741605479" /><trkpt lat="62.533811654" lon="25.741623829" /><trkpt lat="62.533819151" lon="25.741642237" /><trkpt lat="62.533826631" lon="25.741660695" /><trkpt lat="62.533834090" lon="25.741679193" /><trkpt lat="62.533841520" lon="25.741697720" /><trkpt lat="62.533848917" lon="25.741716266" /><trkpt lat="62.533856276" lon="25.741734822" /><trkpt lat="62.533863589" lon="25.741753378" /><trkpt lat="62.533870853" lon="25.741771924" /><trkpt lat="62.533878062" lon="25.741790450" /><trkpt lat="62.533885210" lon="25.741808946" /><trkpt lat="62.533892291" lon="25.741827402" /><trkpt lat="62.533899300" lon="25.741845809" /><trkpt lat="62.533906232" lon="25.741864156" /><trkpt lat="62.533913080" lon="25.741882433" /><trkpt lat="62.533919840" lon="25.741900632" /><trkpt lat="62.533926506" lon="25.741918740" /><trkpt lat="62.533933073" lon="25.741936750" /><trkpt lat="62.533939534" lon="25.741954651" /><trkpt lat="62.533945885" lon="25.741972433" /><trkpt lat="62.533952119" lon="25.741990085" /><trkpt lat="62.533958232" lon="25.742007600" /><trkpt lat="62.533964218" lon="25.742024965" /><trkpt lat="62.533970070" lon="25.742042172" /><trkpt lat="62.533975785" lon="25.742059211" /><trkpt lat="62.533981356" lon="25.742076071" /><trkpt lat="62.533986777" lon="25.742092743" /><trkpt lat="62.533992044" lon="25.742109217" /><trkpt lat="62.533997150" lon="25.742125483" /><trkpt lat="62.534002090" lon="25.742141531" /><trkpt lat="62.534006859" lon="25.742157352" /><trkpt lat="62.534011452" lon="25.742172934" /><trkpt lat="62.534015861" lon="25.742188269" /><trkpt lat="62.534020083" lon="25.742203347" /><trkpt lat="62.534024111" lon="25.742218157" /><trkpt lat="62.534028496" lon="25.742234843" /><trkpt lat="62.534032744" lon="25.742251637" /><trkpt lat="62.534036857" lon="25.742268537" /><trkpt lat="62.534040835" lon="25.742285537" /><trkpt lat="62.534044680" lon="25.742302636" /><trkpt lat="62.534048394" lon="25.742319827" /><trkpt lat="62.534051976" lon="25.742337108" /><trkpt lat="62.534055429" lon="25.742354474" /><trkpt lat="62.534058753" lon="25.742371922" /><trkpt lat="62.534061950" lon="25.742389448" /><trkpt lat="62.534065020" lon="25.742407047" /><trkpt lat="62.534067966" lon="25.742424717" /><trkpt lat="62.534070788" lon="25.742442452" /><trkpt lat="62.534073486" lon="25.742460249" /><trkpt lat="62.534076064" lon="25.742478105" /><trkpt lat="62.534078521" lon="25.742496015" /><trkpt lat="62.534080858" lon="25.742513975" /><trkpt lat="62.534083078" lon="25.742531981" /><trkpt lat="62.534085180" lon="25.742550030" /><trkpt lat="62.534087167" lon="25.742568118" /><trkpt lat="62.534089039" lon="25.742586240" /><trkpt lat="62.534090797" lon="25.742604393" /><trkpt lat="62.534092443" lon="25.742622573" /><trkpt lat="62.534093978" lon="25.742640775" /><trkpt lat="62.534095403" lon="25.742658997" /><trkpt lat="62.534096719" lon="25.742677234" /><trkpt lat="62.534097928" lon="25.742695482" /><trkpt lat="62.534099029" lon="25.742713737" /><trkpt lat="62.534100026" lon="25.742731995" /><trkpt lat="62.534100918" lon="25.742750253" /><trkpt lat="62.534101707" lon="25.742768507" /><trkpt lat="62.534102394" lon="25.742786752" /><trkpt lat="62.534102980" lon="25.742804985" /><trkpt lat="62.534103467" lon="25.742823202" /><trkpt lat="62.534103855" lon="25.742841398" /><trkpt lat="62.534104146" lon="25.742859571" /><trkpt lat="62.534104341" lon="25.742877715" /><trkpt lat="62.534104441" lon="25.742895828" /><trkpt lat="62.534104447" lon="25.742913905" /><trkpt lat="62.534104360" lon="25.742931942" /><trkpt lat="62.534104182" lon="25.742949936" /><trkpt lat="62.534103913" lon="25.742967882" /><trkpt lat="62.534103555" lon="25.742985777" /><trkpt lat="62.534103110" lon="25.743003616" /><trkpt lat="62.534102577" lon="25.743021396" /><trkpt lat="62.534101958" lon="25.743039113" /><trkpt lat="62.534101255" lon="25.743056763" /><trkpt lat="62.534100468" lon="25.743074342" /><trkpt lat="62.534099600" lon="25.743091846" /><trkpt lat="62.534098650" lon="25.743109271" /><trkpt lat="62.534097620" lon="25.743126613" /><trkpt lat="62.534096511" lon="25.743143869" /><trkpt lat="62.534095325" lon="25.743161034" /><trkpt lat="62.534094062" lon="25.743178105" /><trkpt lat="62.534092724" lon="25.743195078" /><trkpt lat="62.534091311" lon="25.743211948" /><trkpt lat="62.534089826" lon="25.743228712" /><trkpt lat="62.534088269" lon="25.743245365" /><trkpt lat="62.534086641" lon="25.743261905" /><trkpt lat="62.534084943" lon="25.743278327" /><trkpt lat="62.534083019" lon="25.743296134" /><trkpt lat="62.534081027" lon="25.743313859" /><trkpt lat="62.534078967" lon="25.743331507" /><trkpt lat="62.534076840" lon="25.743349081" /><trkpt lat="62.534074645" lon="25.743366584" /><trkpt lat="62.534072383" lon="25.743384020" /><trkpt lat="62.534070055" lon="25.743401394" /><trkpt lat="62.534067660" lon="25.743418708" /><trkpt lat="62.534065199" lon="25.743435966" /><trkpt lat="62.534062673" lon="25.743453172" /><trkpt lat="62.534060082" lon="25.743470330" /><trkpt lat="62.534057427" lon="25.743487443" /><trkpt lat="62.534054706" lon="25.743504515" /><trkpt lat="62.534051922" lon="25.743521550" /><trkpt lat="62.534049074" lon="25.743538551" /><trkpt lat="62.534046162" lon="25.743555523" /><trkpt lat="62.534043188" lon="25.743572467" /><trkpt lat="62.534040151" lon="25.743589390" /><trkpt lat="62.534037052" lon="25.743606293" /><trkpt lat="62.534033890" lon="25.743623181" /><trkpt lat="62.534030668" lon="25.743640057" /><trkpt lat="62.534027384" lon="25.743656926" /><trkpt lat="62.534024039" lon="25.743673790" /><trkpt lat="62.534020633" lon="25.743690654" /><trkpt lat="62.534017168" lon="25.743707520" /><trkpt lat="62.534013642" lon="25.743724394" /><trkpt lat="62.534010058" lon="25.743741278" /><trkpt lat="62.534006414" lon="25.743758176" /><trkpt lat="62.534002711" lon="25.743775092" /><trkpt lat="62.533998951" lon="25.743792029" /><trkpt lat="62.533995132" lon="25.743808992" /><trkpt lat="62.533991255" lon="25.743825983" /><trkpt lat="62.533987321" lon="25.743843007" /><trkpt lat="62.533983331" lon="25.743860067" /><trkpt lat="62.533979283" lon="25.743877167" /><trkpt lat="62.533975180" lon="25.743894310" /><trkpt lat="62.533971021" lon="25.743911501" /><trkpt lat="62.533966806" lon="25.743928742" /><trkpt lat="62.533962536" lon="25.743946038" /><trkpt lat="62.533958211" lon="25.743963392" /><trkpt lat="62.533953832" lon="25.743980808" /><trkpt lat="62.533949399" lon="25.743998290" /><trkpt lat="62.533944912" lon="25.744015841" /><trkpt lat="62.533940371" lon="25.744033465" /><trkpt lat="62.533935778" lon="25.744051166" /><trkpt lat="62.533931132" lon="25.744068946" /><trkpt lat="62.533926434" lon="25.744086811" /><trkpt lat="62.533921683" lon="25.744104764" /><trkpt lat="62.533916882" lon="25.744122807" /><trkpt lat="62.533912029" lon="25.744140946" /><trkpt lat="62.533907125" lon="25.744159183" /><trkpt lat="62.533902170" lon="25.744177523" /><trkpt lat="62.533897166" lon="25.744195969" /><trkpt lat="62.533892112" lon="25.744214524" /><trkpt lat="62.533887008" lon="25.744233193" /><trkpt lat="62.533882643" lon="25.744249132" /><trkpt lat="62.533878227" lon="25.744265252" /><trkpt lat="62.533873759" lon="25.744281546" /><trkpt lat="62.533869239" lon="25.744298006" /><trkpt lat="62.533864666" lon="25.744314625" /><trkpt lat="62.533860040" lon="25.744331393" /><trkpt lat="62.533855361" lon="25.744348305" /><trkpt lat="62.533850628" lon="25.744365352" /><trkpt lat="62.533845840" lon="25.744382527" /><trkpt lat="62.533840998" lon="25.744399821" /><trkpt lat="62.533836100" lon="25.744417227" /><trkpt lat="62.533831147" lon="25.744434738" /><trkpt lat="62.533826138" lon="25.744452346" /><trkpt lat="62.533821072" lon="25.744470043" /><trkpt lat="62.533815949" lon="25.744487821" /><trkpt lat="62.533810769" lon="25.744505672" /><trkpt lat="62.533805531" lon="25.744523590" /><trkpt lat="62.533800235" lon="25.744541566" /><trkpt lat="62.533794880" lon="25.744559593" /><trkpt lat="62.533789466" lon="25.744577662" /><trkpt lat="62.533783992" lon="25.744595767" /><trkpt lat="62.533778458" lon="25.744613899" /><trkpt lat="62.533772864" lon="25.744632051" /><trkpt lat="62.533767209" lon="25.744650216" /><trkpt lat="62.533761493" lon="25.744668384" /><trkpt lat="62.533755715" lon="25.744686550" /><trkpt lat="62.533749874" lon="25.744704704" /><trkpt lat="62.533743972" lon="25.744722840" /><trkpt lat="62.533738006" lon="25.744740950" /><trkpt lat="62.533731976" lon="25.744759025" /><trkpt lat="62.533725883" lon="25.744777059" /><trkpt lat="62.533719725" lon="25.744795043" /><trkpt lat="62.533713503" lon="25.744812970" /><trkpt lat="62.533707215" lon="25.744830833" /><trkpt lat="62.533700862" lon="25.744848623" /><trkpt lat="62.533694442" lon="25.744866333" /><trkpt lat="62.533687957" lon="25.744883955" /><trkpt lat="62.533681404" lon="25.744901481" /><trkpt lat="62.533674783" lon="25.744918904" /><trkpt lat="62.533668095" lon="25.744936216" /><trkpt lat="62.533661339" lon="25.744953410" /><trkpt lat="62.533654514" lon="25.744970477" /><trkpt lat="62.533647620" lon="25.744987410" /><trkpt lat="62.533640656" lon="25.745004202" /><trkpt lat="62.533633622" lon="25.745020844" /><trkpt lat="62.533626518" lon="25.745037329" /><trkpt lat="62.533619343" lon="25.745053649" /><trkpt lat="62.533612096" lon="25.745069797" /><trkpt lat="62.533604778" lon="25.745085764" /><trkpt lat="62.533597388" lon="25.745101544" /><trkpt lat="62.533589925" lon="25.745117128" /><trkpt lat="62.533582389" lon="25.745132509" /><trkpt lat="62.533574779" lon="25.745147679" /><trkpt lat="62.533567096" lon="25.745162630" /><trkpt lat="62.533559338" lon="25.745177355" /><trkpt lat="62.533551506" lon="25.745191846" /><trkpt lat="62.533543598" lon="25.745206095" /><trkpt lat="62.533535615" lon="25.745220094" /><trkpt lat="62.533527555" lon="25.745233837" /><trkpt lat="62.533519419" lon="25.745247315" /><trkpt lat="62.533511206" lon="25.745260520" /><trkpt lat="62.533502916" lon="25.745273445" /><trkpt lat="62.533494548" lon="25.745286083" /><trkpt lat="62.533486101" lon="25.745298424" /><trkpt lat="62.533477576" lon="25.745310463" /><trkpt lat="62.533465844" lon="25.745326713" /><trkpt lat="62.533454331" lon="25.745342608" /><trkpt lat="62.533443033" lon="25.745358167" /><trkpt lat="62.533431941" lon="25.745373412" /><trkpt lat="62.533421049" lon="25.745388362" /><trkpt lat="62.533410350" lon="25.745403039" /><trkpt lat="62.533399839" lon="25.745417464" /><trkpt lat="62.533389507" lon="25.745431656" /><trkpt lat="62.533379350" lon="25.745445637" /><trkpt lat="62.533369359" lon="25.745459428" /><trkpt lat="62.533359528" lon="25.745473048" /><trkpt lat="62.533349852" lon="25.745486519" /><trkpt lat="62.533340322" lon="25.745499862" /><trkpt lat="62.533330932" lon="25.745513097" /><trkpt lat="62.533321676" lon="25.745526245" /><trkpt lat="62.533312548" lon="25.745539326" /><trkpt lat="62.533303539" lon="25.745552361" /><trkpt lat="62.533294645" lon="25.745565371" /><trkpt lat="62.533285857" lon="25.745578377" /><trkpt lat="62.533277170" lon="25.745591398" /><trkpt lat="62.533268577" lon="25.745604457" /><trkpt lat="62.533260071" lon="25.745617573" /><trkpt lat="62.533251645" lon="25.745630768" /><trkpt lat="62.533243294" lon="25.745644061" /><trkpt lat="62.533235009" lon="25.745657474" /><trkpt lat="62.533226786" lon="25.745671028" /><trkpt lat="62.533218616" lon="25.745684742" /><trkpt lat="62.533210493" lon="25.745698638" /><trkpt lat="62.533202411" lon="25.745712736" /><trkpt lat="62.533194364" lon="25.745727058" /><trkpt lat="62.533186343" lon="25.745741623" /><trkpt lat="62.533178343" lon="25.745756453" /><trkpt lat="62.533170357" lon="25.745771567" /><trkpt lat="62.533162379" lon="25.745786988" /><trkpt lat="62.533154402" lon="25.745802735" /><trkpt lat="62.533146418" lon="25.745818829" /><trkpt lat="62.533138422" lon="25.745835290" /><trkpt lat="62.533130407" lon="25.745852141" /><trkpt lat="62.533122366" lon="25.745869400" /><trkpt lat="62.533114293" lon="25.745887090" /><trkpt lat="62.533106181" lon="25.745905230" /><trkpt lat="62.533098022" lon="25.745923841" /><trkpt lat="62.533089812" lon="25.745942944" /><trkpt lat="62.533081542" lon="25.745962560" /><trkpt lat="62.533073207" lon="25.745982708" /><trkpt lat="62.533064799" lon="25.746003411" /><trkpt lat="62.533056313" lon="25.746024689" /><trkpt lat="62.533050263" lon="25.746039935" /><trkpt lat="62.533044080" lon="25.746055403" /><trkpt lat="62.533037768" lon="25.746071083" /><trkpt lat="62.533031332" lon="25.746086966" /><trkpt lat="62.533024774" lon="25.746103042" /><trkpt lat="62.533018100" lon="25.746119303" /><trkpt lat="62.533011312" lon="25.746135740" /><trkpt lat="62.533004415" lon="25.746152342" /><trkpt lat="62.532997412" lon="25.746169101" /><trkpt lat="62.532990308" lon="25.746186008" /><trkpt lat="62.532983106" lon="25.746203053" /><trkpt lat="62.532975810" lon="25.746220226" /><trkpt lat="62.532968424" lon="25.746237520" /><trkpt lat="62.532960952" lon="25.746254924" /><trkpt lat="62.532953398" lon="25.746272430" /><trkpt lat="62.532945765" lon="25.746290027" /><trkpt lat="62.532938058" lon="25.746307708" /><trkpt lat="62.532930280" lon="25.746325462" /><trkpt lat="62.532922436" lon="25.746343280" /><trkpt lat="62.532914529" lon="25.746361154" /><trkpt lat="62.532906563" lon="25.746379073" /><trkpt lat="62.532898541" lon="25.746397029" /><trkpt lat="62.532890469" lon="25.746415013" /><trkpt lat="62.532882349" lon="25.746433014" /><trkpt lat="62.532874186" lon="25.746451025" /><trkpt lat="62.532865983" lon="25.746469035" /><trkpt lat="62.532857745" lon="25.746487035" /><trkpt lat="62.532849474" lon="25.746505017" /><trkpt lat="62.532841176" lon="25.746522971" /><trkpt lat="62.532832854" lon="25.746540887" /><trkpt lat="62.532824511" lon="25.746558757" /><trkpt lat="62.532816152" lon="25.746576571" /><trkpt lat="62.532807781" lon="25.746594320" /><trkpt lat="62.532799401" lon="25.746611995" /><trkpt lat="62.532791017" lon="25.746629586" /><trkpt lat="62.532782631" lon="25.746647085" /><trkpt lat="62.532774249" lon="25.746664482" /><trkpt lat="62.532765874" lon="25.746681767" /><trkpt lat="62.532757509" lon="25.746698932" /><trkpt lat="62.532749160" lon="25.746715967" /><trkpt lat="62.532740829" lon="25.746732864" /><trkpt lat="62.532732520" lon="25.746749612" /><trkpt lat="62.532724238" lon="25.746766203" /><trkpt lat="62.532715985" lon="25.746782627" /><trkpt lat="62.532707767" lon="25.746798875" /><trkpt lat="62.532699587" lon="25.746814938" /><trkpt lat="62.532691449" lon="25.746830807" /><trkpt lat="62.532683357" lon="25.746846472" /><trkpt lat="62.532675314" lon="25.746861924" /><trkpt lat="62.532667325" lon="25.746877154" /><trkpt lat="62.532659393" lon="25.746892153" /><trkpt lat="62.532651522" lon="25.746906912" /><trkpt lat="62.532643716" lon="25.746921420" /><trkpt lat="62.532635980" lon="25.746935669" /><trkpt lat="62.532628316" lon="25.746949650" /><trkpt lat="62.532620729" lon="25.746963354" /><trkpt lat="62.532613223" lon="25.746976771" /><trkpt lat="62.532605801" lon="25.746989892" /><trkpt lat="62.532598467" lon="25.747002707" /><trkpt lat="62.532591226" lon="25.747015208" /><trkpt lat="62.532584081" lon="25.747027385" /><trkpt lat="62.532577036" lon="25.747039230" /><trkpt lat="62.532570095" lon="25.747050732" /><trkpt lat="62.532563261" lon="25.747061882" /><trkpt lat="62.532556540" lon="25.747072672" /><trkpt lat="62.532549933" lon="25.747083092" /><trkpt lat="62.532543447" lon="25.747093133" /><trkpt lat="62.532533962" lon="25.747107672" /><trkpt lat="62.532524637" lon="25.747121977" /><trkpt lat="62.532515464" lon="25.747136067" /><trkpt lat="62.532506437" lon="25.747149962" /><trkpt lat="62.532497547" lon="25.747163680" /><trkpt lat="62.532488787" lon="25.747177242" /><trkpt lat="62.532480150" lon="25.747190667" /><trkpt lat="62.532471628" lon="25.747203974" /><trkpt lat="62.532463214" lon="25.747217182" /><trkpt lat="62.532454901" lon="25.747230311" /><trkpt lat="62.532446680" lon="25.747243381" /><trkpt lat="62.532438545" lon="25.747256410" /><trkpt lat="62.532430488" lon="25.747269419" /><trkpt lat="62.532422502" lon="25.747282425" /><trkpt lat="62.532414579" lon="25.747295450" /><trkpt lat="62.532406712" lon="25.747308512" /><trkpt lat="62.532398893" lon="25.747321631" /><trkpt lat="62.532391114" lon="25.747334826" /><trkpt lat="62.532383370" lon="25.747348117" /><trkpt lat="62.532375651" lon="25.747361522" /><trkpt lat="62.532367951" lon="25.747375062" /><trkpt lat="62.532360262" lon="25.747388755" /><trkpt lat="62.532352577" lon="25.747402621" /><trkpt lat="62.532344888" lon="25.747416680" /><trkpt lat="62.532337188" lon="25.747430951" /><trkpt lat="62.532329470" lon="25.747445453" /><trkpt lat="62.532321725" lon="25.747460206" /><trkpt lat="62.532313947" lon="25.747475229" /><trkpt lat="62.532306128" lon="25.747490541" /><trkpt lat="62.532298261" lon="25.747506162" /><trkpt lat="62.532290337" lon="25.747522112" /><trkpt lat="62.532282351" lon="25.747538409" /><trkpt lat="62.532274294" lon="25.747555073" /><trkpt lat="62.532266159" lon="25.747572123" /><trkpt lat="62.532257938" lon="25.747589580" /><trkpt lat="62.532249625" lon="25.747607462" /><trkpt lat="62.532241211" lon="25.747625788" /><trkpt lat="62.532232689" lon="25.747644578" /><trkpt lat="62.532224052" lon="25.747663852" /><trkpt lat="62.532215292" lon="25.747683629" /><trkpt lat="62.532206402" lon="25.747703928" /><trkpt lat="62.532197374" lon="25.747724768" /><trkpt lat="62.532188201" lon="25.747746170" /><trkpt lat="62.532178876" lon="25.747768152" /><trkpt lat="62.532169391" lon="25.747790734" /><trkpt lat="62.532164230" lon="25.747803142" /><trkpt lat="62.532159000" lon="25.747815839" /><trkpt lat="62.532153701" lon="25.747828817" /><trkpt lat="62.532148336" lon="25.747842071" /><trkpt lat="62.532142907" lon="25.747855593" /><trkpt lat="62.532137416" lon="25.747869377" /><trkpt lat="62.532131863" lon="25.747883417" /><trkpt lat="62.532126252" lon="25.747897704" /><trkpt lat="62.532120584" lon="25.747912233" /><trkpt lat="62.532114861" lon="25.747926997" /><trkpt lat="62.532109084" lon="25.747941990" /><trkpt lat="62.532103256" lon="25.747957204" /><trkpt lat="62.532097379" lon="25.747972633" /><trkpt lat="62.532091453" lon="25.747988270" /><trkpt lat="62.532085482" lon="25.748004108" /><trkpt lat="62.532079466" lon="25.748020141" /><trkpt lat="62.532073408" lon="25.748036362" /><trkpt lat="62.532067310" lon="25.748052765" /><trkpt lat="62.532061172" lon="25.748069342" /><trkpt lat="62.532054998" lon="25.748086087" /><trkpt lat="62.532048789" lon="25.748102993" /><trkpt lat="62.532042547" lon="25.748120054" /><trkpt lat="62.532036273" lon="25.748137263" /><trkpt lat="62.532029970" lon="25.748154612" /><trkpt lat="62.532023639" lon="25.748172096" /><trkpt lat="62.532017283" lon="25.748189708" /><trkpt lat="62.532010902" lon="25.748207441" /><trkpt lat="62.532004499" lon="25.748225288" /><trkpt lat="62.531998076" lon="25.748243242" /><trkpt lat="62.531991634" lon="25.748261297" /><trkpt lat="62.531985175" lon="25.748279447" /><trkpt lat="62.531978702" lon="25.748297684" /><trkpt lat="62.531972216" lon="25.748316001" /><trkpt lat="62.531965718" lon="25.748334393" /><trkpt lat="62.531959211" lon="25.748352852" /><trkpt lat="62.531952696" lon="25.748371372" /><trkpt lat="62.531946176" lon="25.748389945" /><trkpt lat="62.531939652" lon="25.748408566" /><trkpt lat="62.531933125" lon="25.748427228" /><trkpt lat="62.531926599" lon="25.748445923" /><trkpt lat="62.531920074" lon="25.748464645" /><trkpt lat="62.531913552" lon="25.748483387" /><trkpt lat="62.531907036" lon="25.748502144" /><trkpt lat="62.531900527" lon="25.748520907" /><trkpt lat="62.531894027" lon="25.748539670" /><trkpt lat="62.531887537" lon="25.748558428" /><trkpt lat="62.531881060" lon="25.748577172" /><trkpt lat="62.531874598" lon="25.748595896" /><trkpt lat="62.531868152" lon="25.748614593" /><trkpt lat="62.531861723" lon="25.748633258" /><trkpt lat="62.531855315" lon="25.748651882" /><trkpt lat="62.531848929" lon="25.748670460" /><trkpt lat="62.531842566" lon="25.748688984" /><trkpt lat="62.531836228" lon="25.748707448" /><trkpt lat="62.531829918" lon="25.748725846" /><trkpt lat="62.531823636" lon="25.748744170" /><trkpt lat="62.531817386" lon="25.748762413" /><trkpt lat="62.531811168" lon="25.748780570" /><trkpt lat="62.531804985" lon="25.748798633" /><trkpt lat="62.531798838" lon="25.748816596" /><trkpt lat="62.531792730" lon="25.748834452" /><trkpt lat="62.531786661" lon="25.748852195" /><trkpt lat="62.531780635" lon="25.748869816" /><trkpt lat="62.531774652" lon="25.748887311" /><trkpt lat="62.531768714" lon="25.748904672" /><trkpt lat="62.531762824" lon="25.748921892" /><trkpt lat="62.531756984" lon="25.748938965" /><trkpt lat="62.531751194" lon="25.748955884" /><trkpt lat="62.531745457" lon="25.748972643" /><trkpt lat="62.531739775" lon="25.748989234" /><trkpt lat="62.531734149" lon="25.749005651" /><trkpt lat="62.531728581" lon="25.749021887" /><trkpt lat="62.531723074" lon="25.749037936" /><trkpt lat="62.531717629" lon="25.749053790" /><trkpt lat="62.531712248" lon="25.749069444" /><trkpt lat="62.531706932" lon="25.749084890" /><trkpt lat="62.531701684" lon="25.749100122" /><trkpt lat="62.531696505" lon="25.749115133" /><trkpt lat="62.531691397" lon="25.749129916" /><trkpt lat="62.531686363" lon="25.749144464" /><trkpt lat="62.531681403" lon="25.749158772" /><trkpt lat="62.531676519" lon="25.749172832" /><trkpt lat="62.531671715" lon="25.749186637" /><trkpt lat="62.531666990" lon="25.749200181" /><trkpt lat="62.531662102" lon="25.749214247" /><trkpt lat="62.531657153" lon="25.749228623" /><trkpt lat="62.531652145" lon="25.749243300" /><trkpt lat="62.531647078" lon="25.749258268" /><trkpt lat="62.531641955" lon="25.749273519" /><trkpt lat="62.531636776" lon="25.749289043" /><trkpt lat="62.531631544" lon="25.749304831" /><trkpt lat="62.531626259" lon="25.749320873" /><trkpt lat="62.531620922" lon="25.749337161" /><trkpt lat="62.531615537" lon="25.749353684" /><trkpt lat="62.531610102" lon="25.749370434" /><trkpt lat="62.531604621" lon="25.749387401" /><trkpt lat="62.531599094" lon="25.749404577" /><trkpt lat="62.531593524" lon="25.749421951" /><trkpt lat="62.531587910" lon="25.749439515" /><trkpt lat="62.531582255" lon="25.749457259" /><trkpt lat="62.531576560" lon="25.749475174" /><trkpt lat="62.531570827" lon="25.749493251" /><trkpt lat="62.531565056" lon="25.749511480" /><trkpt lat="62.531559250" lon="25.749529852" /><trkpt lat="62.531553410" lon="25.749548358" /><trkpt lat="62.531547536" lon="25.749566988" /><trkpt lat="62.531541631" lon="25.749585734" /><trkpt lat="62.531535696" lon="25.749604586" /><trkpt lat="62.531529732" lon="25.749623535" /><trkpt lat="62.531523740" lon="25.749642571" /><trkpt lat="62.531517723" lon="25.749661685" /><trkpt lat="62.531511681" lon="25.749680868" /><trkpt lat="62.531505617" lon="25.749700110" /><trkpt lat="62.531499530" lon="25.749719403" /><trkpt lat="62.531493423" lon="25.749738737" /><trkpt lat="62.531487297" lon="25.749758103" /><trkpt lat="62.531481153" lon="25.749777491" /><trkpt lat="62.531474994" lon="25.749796892" /><trkpt lat="62.531468819" lon="25.749816298" /><trkpt lat="62.531462632" lon="25.749835698" /><trkpt lat="62.531456432" lon="25.749855083" /><trkpt lat="62.531450222" lon="25.749874444" /><trkpt lat="62.531444002" lon="25.749893772" /><trkpt lat="62.531437775" lon="25.749913058" /><trkpt lat="62.531431541" lon="25.749932292" /><trkpt lat="62.531425303" lon="25.749951464" /><trkpt lat="62.531419061" lon="25.749970567" /><trkpt lat="62.531412817" lon="25.749989590" /><trkpt lat="62.531406572" lon="25.750008524" /><trkpt lat="62.531400327" lon="25.750027359" /><trkpt lat="62.531394085" lon="25.750046088" /><trkpt lat="62.531387846" lon="25.750064699" /><trkpt lat="62.531381612" lon="25.750083185" /><trkpt lat="62.531375384" lon="25.750101535" /><trkpt lat="62.531369164" lon="25.750119740" /><trkpt lat="62.531362953" lon="25.750137792" /><trkpt lat="62.531356752" lon="25.750155681" /><trkpt lat="62.531350563" lon="25.750173397" /><trkpt lat="62.531344388" lon="25.750190931" /><trkpt lat="62.531338227" lon="25.750208275" /><trkpt lat="62.531332082" lon="25.750225418" /><trkpt lat="62.531325954" lon="25.750242352" /><trkpt lat="62.531319845" lon="25.750259067" /><trkpt lat="62.531313757" lon="25.750275554" /><trkpt lat="62.531307690" lon="25.750291803" /><trkpt lat="62.531301646" lon="25.750307806" /><trkpt lat="62.531295627" lon="25.750323552" /><trkpt lat="62.531289633" lon="25.750339034" /><trkpt lat="62.531283667" lon="25.750354241" /><trkpt lat="62.531277729" lon="25.750369164" /><trkpt lat="62.531271821" lon="25.750383794" /><trkpt lat="62.531265945" lon="25.750398122" /><trkpt lat="62.531260101" lon="25.750412138" /><trkpt lat="62.531254292" lon="25.750425833" /><trkpt lat="62.531248518" lon="25.750439198" /><trkpt lat="62.531242781" lon="25.750452224" /><trkpt lat="62.531237083" lon="25.750464901" /><trkpt lat="62.531231424" lon="25.750477220" /><trkpt lat="62.531225807" lon="25.750489171" /><trkpt lat="62.531220232" lon="25.750500746" /><trkpt lat="62.531214702" lon="25.750511935" /><trkpt lat="62.531209217" lon="25.750522729" /><trkpt lat="62.531203778" lon="25.750533118" /><trkpt lat="62.531198388" lon="25.750543094" /><trkpt lat="62.531193047" lon="25.750552646" /><trkpt lat="62.531182857" lon="25.750570667" /><trkpt lat="62.531172789" lon="25.750588703" /><trkpt lat="62.531162841" lon="25.750606747" /><trkpt lat="62.531153011" lon="25.750624788" /><trkpt lat="62.531143297" lon="25.750642816" /><trkpt lat="62.531133698" lon="25.750660823" /><trkpt lat="62.531124213" lon="25.750678799" /><trkpt lat="62.531114839" lon="25.750696734" /><trkpt lat="62.531105575" lon="25.750714619" /><trkpt lat="62.531096420" lon="25.750732445" /><trkpt lat="62.531087371" lon="25.750750201" /><trkpt lat="62.531078427" lon="25.750767879" /><trkpt lat="62.531069586" lon="25.750785469" /><trkpt lat="62.531060847" lon="25.750802961" /><trkpt lat="62.531052208" lon="25.750820347" /><trkpt lat="62.531043667" lon="25.750837616" /><trkpt lat="62.531035223" lon="25.750854759" /><trkpt lat="62.531026874" lon="25.750871766" /><trkpt lat="62.531018618" lon="25.750888629" /><trkpt lat="62.531010454" lon="25.750905337" /><trkpt lat="62.531002380" lon="25.750921882" /><trkpt lat="62.530994395" lon="25.750938253" /><trkpt lat="62.530986496" lon="25.750954441" /><trkpt lat="62.530978682" lon="25.750970437" /><trkpt lat="62.530970951" lon="25.750986231" /><trkpt lat="62.530963302" lon="25.751001814" /><trkpt lat="62.530955734" lon="25.751017176" /><trkpt lat="62.530948243" lon="25.751032308" /><trkpt lat="62.530940830" lon="25.751047201" /><trkpt lat="62.530933492" lon="25.751061844" /><trkpt lat="62.530926227" lon="25.751076228" /><trkpt lat="62.530919033" lon="25.751090345" /><trkpt lat="62.530911910" lon="25.751104183" /><trkpt lat="62.530904856" lon="25.751117735" /><trkpt lat="62.530897868" lon="25.751130990" /><trkpt lat="62.530890945" lon="25.751143939" /><trkpt lat="62.530884086" lon="25.751156572" /><trkpt lat="62.530877289" lon="25.751168881" /><trkpt lat="62.530870551" lon="25.751180855" /><trkpt lat="62.530863873" lon="25.751192484" /><trkpt lat="62.530857251" lon="25.751203761" /><trkpt lat="62.530850684" lon="25.751214674" /></trkseg></trk></gpx>