<?xml version='1.0' encoding='utf-8'?>
<gpx version="1.1" creator="OpenTrack rally2gpx source authoring" xmlns="http://www.topografix.com/GPX/1/1"><metadata><name>SS 4+8 - Urria</name><link href="https://www.rally-maps.com/Rally-Finland-2019" /><desc>Complete source route; Rally-Maps spline tangents expanded before GPX export. No source elevation is supplied.</desc></metadata><trk><trkseg><trkpt lat="62.190689195" lon="25.064985752" /><trkpt lat="62.190697625" lon="25.065003750" /><trkpt lat="62.190705938" lon="25.065021374" /><trkpt lat="62.190714129" lon="25.065038645" /><trkpt lat="62.190722197" lon="25.065055583" /><trkpt lat="62.190730135" lon="25.065072211" /><trkpt lat="62.190737942" lon="25.065088549" /><trkpt lat="62.190745613" lon="25.065104619" /><trkpt lat="62.190753144" lon="25.065120441" /><trkpt lat="62.190760533" lon="25.065136038" /><trkpt lat="62.190767774" lon="25.065151429" /><trkpt lat="62.190774865" lon="25.065166636" /><trkpt lat="62.190781801" lon="25.065181681" /><trkpt lat="62.190788580" lon="25.065196584" /><trkpt lat="62.190795197" lon="25.065211366" /><trkpt lat="62.190801648" lon="25.065226050" /><trkpt lat="62.190807931" lon="25.065240655" /><trkpt lat="62.190814040" lon="25.065255204" /><trkpt lat="62.190819974" lon="25.065269717" /><trkpt lat="62.190825727" lon="25.065284215" /><trkpt lat="62.190831296" lon="25.065298720" /><trkpt lat="62.190836677" lon="25.065313253" /><trkpt lat="62.190841867" lon="25.065327834" /><trkpt lat="62.190846863" lon="25.065342486" /><trkpt lat="62.190851659" lon="25.065357229" /><trkpt lat="62.190856253" lon="25.065372084" /><trkpt lat="62.190860641" lon="25.065387073" /><trkpt lat="62.190864820" lon="25.065402217" /><trkpt lat="62.190868784" lon="25.065417537" /><trkpt lat="62.190872532" lon="25.065433054" /><trkpt lat="62.190876058" lon="25.065448789" /><trkpt lat="62.190879360" lon="25.065464763" /><trkpt lat="62.190882434" lon="25.065480998" /><trkpt lat="62.190885276" lon="25.065497515" /><trkpt lat="62.190887881" lon="25.065514334" /><trkpt lat="62.190890248" lon="25.065531478" /><trkpt lat="62.190892371" lon="25.065548967" /><trkpt lat="62.190894248" lon="25.065566822" /><trkpt lat="62.190895874" lon="25.065585065" /><trkpt lat="62.190897245" lon="25.065603717" /><trkpt lat="62.190898359" lon="25.065622798" /><trkpt lat="62.190899211" lon="25.065642331" /><trkpt lat="62.190899798" lon="25.065662335" /><trkpt lat="62.190900116" lon="25.065682833" /><trkpt lat="62.190900161" lon="25.065703846" /><trkpt lat="62.190899930" lon="25.065725394" /><trkpt lat="62.190899418" lon="25.065747499" /><trkpt lat="62.190899092" lon="25.065758612" /><trkpt lat="62.190898753" lon="25.065770033" /><trkpt lat="62.190898401" lon="25.065781756" /><trkpt lat="62.190898037" lon="25.065793777" /><trkpt lat="62.190897661" lon="25.065806089" /><trkpt lat="62.190897275" lon="25.065818688" /><trkpt lat="62.190896878" lon="25.065831569" /><trkpt lat="62.190896470" lon="25.065844725" /><trkpt lat="62.190896054" lon="25.065858151" /><trkpt lat="62.190895628" lon="25.065871843" /><trkpt lat="62.190895194" lon="25.065885794" /><trkpt lat="62.190894751" lon="25.065900000" /><trkpt lat="62.190894301" lon="25.065914455" /><trkpt lat="62.190893845" lon="25.065929154" /><trkpt lat="62.190893381" lon="25.065944091" /><trkpt lat="62.190892912" lon="25.065959261" /><trkpt lat="62.190892437" lon="25.065974659" /><trkpt lat="62.190891957" lon="25.065990279" /><trkpt lat="62.190891473" lon="25.066006116" /><trkpt lat="62.190890984" lon="25.066022165" /><trkpt lat="62.190890493" lon="25.066038420" /><trkpt lat="62.190889998" lon="25.066054876" /><trkpt lat="62.190889501" lon="25.066071528" /><trkpt lat="62.190889001" lon="25.066088370" /><trkpt lat="62.190888501" lon="25.066105397" /><trkpt lat="62.190887999" lon="25.066122604" /><trkpt lat="62.190887497" lon="25.066139985" /><trkpt lat="62.190886995" lon="25.066157534" /><trkpt lat="62.190886494" lon="25.066175247" /><trkpt lat="62.190885994" lon="25.066193119" /><trkpt lat="62.190885495" lon="25.066211143" /><trkpt lat="62.190884998" lon="25.066229315" /><trkpt lat="62.190884504" lon="25.066247628" /><trkpt lat="62.190884014" lon="25.066266079" /><trkpt lat="62.190883526" lon="25.066284661" /><trkpt lat="62.190883043" lon="25.066303369" /><trkpt lat="62.190882565" lon="25.066322198" /><trkpt lat="62.190882091" lon="25.066341143" /><trkpt lat="62.190881624" lon="25.066360197" /><trkpt lat="62.190881162" lon="25.066379356" /><trkpt lat="62.190880707" lon="25.066398615" /><trkpt lat="62.190880259" lon="25.066417967" /><trkpt lat="62.190879819" lon="25.066437408" /><trkpt lat="62.190879387" lon="25.066456933" /><trkpt lat="62.190878964" lon="25.066476535" /><trkpt lat="62.190878550" lon="25.066496210" /><trkpt lat="62.190878146" lon="25.066515952" /><trkpt lat="62.190877752" lon="25.066535757" /><trkpt lat="62.190877368" lon="25.066555617" /><trkpt lat="62.190876996" lon="25.066575529" /><trkpt lat="62.190876635" lon="25.066595487" /><trkpt lat="62.190876287" lon="25.066615486" /><trkpt lat="62.190875951" lon="25.066635519" /><trkpt lat="62.190875629" lon="25.066655583" /><trkpt lat="62.190875320" lon="25.066675671" /><trkpt lat="62.190875026" lon="25.066695778" /><trkpt lat="62.190874746" lon="25.066715899" /><trkpt lat="62.190874482" lon="25.066736028" /><trkpt lat="62.190874233" lon="25.066756161" /><trkpt lat="62.190874001" lon="25.066776291" /><trkpt lat="62.190873785" lon="25.066796414" /><trkpt lat="62.190873587" lon="25.066816523" /><trkpt lat="62.190873407" lon="25.066836615" /><trkpt lat="62.190873244" lon="25.066856682" /><trkpt lat="62.190873101" lon="25.066876721" /><trkpt lat="62.190872977" lon="25.066896725" /><trkpt lat="62.190872873" lon="25.066916690" /><trkpt lat="62.190872789" lon="25.066936610" /><trkpt lat="62.190872726" lon="25.066956479" /><trkpt lat="62.190872684" lon="25.066976293" /><trkpt lat="62.190872664" lon="25.066996045" /><trkpt lat="62.190872666" lon="25.067015732" /><trkpt lat="62.190872692" lon="25.067035346" /><trkpt lat="62.190872740" lon="25.067054883" /><trkpt lat="62.190872813" lon="25.067074338" /><trkpt lat="62.190872910" lon="25.067093705" /><trkpt lat="62.190873031" lon="25.067112979" /><trkpt lat="62.190873178" lon="25.067132154" /><trkpt lat="62.190873351" lon="25.067151225" /><trkpt lat="62.190873551" lon="25.067170188" /><trkpt lat="62.190873777" lon="25.067189035" /><trkpt lat="62.190874031" lon="25.067207763" /><trkpt lat="62.190874312" lon="25.067226366" /><trkpt lat="62.190874622" lon="25.067244838" /><trkpt lat="62.190874961" lon="25.067263174" /><trkpt lat="62.190875330" lon="25.067281368" /><trkpt lat="62.190875728" lon="25.067299416" /><trkpt lat="62.190876157" lon="25.067317312" /><trkpt lat="62.190876616" lon="25.067335051" /><trkpt lat="62.190877108" lon="25.067352627" /><trkpt lat="62.190877631" lon="25.067370035" /><trkpt lat="62.190878186" lon="25.067387270" /><trkpt lat="62.190878775" lon="25.067404326" /><trkpt lat="62.190879397" lon="25.067421198" /><trkpt lat="62.190880044" lon="25.067437881" /><trkpt lat="62.190880721" lon="25.067454723" /><trkpt lat="62.190881426" lon="25.067471721" /><trkpt lat="62.190882160" lon="25.067488870" /><trkpt lat="62.190882922" lon="25.067506165" /><trkpt lat="62.190883711" lon="25.067523603" /><trkpt lat="62.190884526" lon="25.067541178" /><trkpt lat="62.190885369" lon="25.067558888" /><trkpt lat="62.190886236" lon="25.067576726" /><trkpt lat="62.190887129" lon="25.067594689" /><trkpt lat="62.190888047" lon="25.067612773" /><trkpt lat="62.190888989" lon="25.067630973" /><trkpt lat="62.190889954" lon="25.067649285" /><trkpt lat="62.190890943" lon="25.067667704" /><trkpt lat="62.190891954" lon="25.067686226" /><trkpt lat="62.190892988" lon="25.067704847" /><trkpt lat="62.190894043" lon="25.067723563" /><trkpt lat="62.190895118" lon="25.067742368" /><trkpt lat="62.190896215" lon="25.067761259" /><trkpt lat="62.190897331" lon="25.067780231" /><trkpt lat="62.190898467" lon="25.067799281" /><trkpt lat="62.190899622" lon="25.067818403" /><trkpt lat="62.190900795" lon="25.067837593" /><trkpt lat="62.190901986" lon="25.067856847" /><trkpt lat="62.190903194" lon="25.067876161" /><trkpt lat="62.190904419" lon="25.067895529" /><trkpt lat="62.190905660" lon="25.067914949" /><trkpt lat="62.190906917" lon="25.067934415" /><trkpt lat="62.190908190" lon="25.067953923" /><trkpt lat="62.190909477" lon="25.067973469" /><trkpt lat="62.190910778" lon="25.067993049" /><trkpt lat="62.190912093" lon="25.068012657" /><trkpt lat="62.190913421" lon="25.068032290" /><trkpt lat="62.190914762" lon="25.068051944" /><trkpt lat="62.190916115" lon="25.068071613" /><trkpt lat="62.190917479" lon="25.068091295" /><trkpt lat="62.190918854" lon="25.068110983" /><trkpt lat="62.190920240" lon="25.068130674" /><trkpt lat="62.190921636" lon="25.068150364" /><trkpt lat="62.190923041" lon="25.068170048" /><trkpt lat="62.190924456" lon="25.068189722" /><trkpt lat="62.190925878" lon="25.068209382" /><trkpt lat="62.190927309" lon="25.068229023" /><trkpt lat="62.190928747" lon="25.068248640" /><trkpt lat="62.190930191" lon="25.068268230" /><trkpt lat="62.190931642" lon="25.068287788" /><trkpt lat="62.190933099" lon="25.068307310" /><trkpt lat="62.190934561" lon="25.068326791" /><trkpt lat="62.190936028" lon="25.068346227" /><trkpt lat="62.190937499" lon="25.068365614" /><trkpt lat="62.190938974" lon="25.068384947" /><trkpt lat="62.190940451" lon="25.068404222" /><trkpt lat="62.190941932" lon="25.068423435" /><trkpt lat="62.190943414" lon="25.068442581" /><trkpt lat="62.190944899" lon="25.068461656" /><trkpt lat="62.190946384" lon="25.068480655" /><trkpt lat="62.190947869" lon="25.068499575" /><trkpt lat="62.190949355" lon="25.068518410" /><trkpt lat="62.190950840" lon="25.068537157" /><trkpt lat="62.190952324" lon="25.068555811" /><trkpt lat="62.190953807" lon="25.068574368" /><trkpt lat="62.190955287" lon="25.068592823" /><trkpt lat="62.190956765" lon="25.068611172" /><trkpt lat="62.190958240" lon="25.068629411" /><trkpt lat="62.190959711" lon="25.068647536" /><trkpt lat="62.190961178" lon="25.068665541" /><trkpt lat="62.190962640" lon="25.068683423" /><trkpt lat="62.190964096" lon="25.068701177" /><trkpt lat="62.190965547" lon="25.068718799" /><trkpt lat="62.190966992" lon="25.068736285" /><trkpt lat="62.190968430" lon="25.068753630" /><trkpt lat="62.190969861" lon="25.068770830" /><trkpt lat="62.190971283" lon="25.068787880" /><trkpt lat="62.190972697" lon="25.068804777" /><trkpt lat="62.190974103" lon="25.068821515" /><trkpt lat="62.190975499" lon="25.068838091" /><trkpt lat="62.190976884" lon="25.068854500" /><trkpt lat="62.190978260" lon="25.068870737" /><trkpt lat="62.190979624" lon="25.068886799" /><trkpt lat="62.190980977" lon="25.068902681" /><trkpt lat="62.190982318" lon="25.068918379" /><trkpt lat="62.190983646" lon="25.068933888" /><trkpt lat="62.190984961" lon="25.068949204" /><trkpt lat="62.190986262" lon="25.068964323" /><trkpt lat="62.190987549" lon="25.068979239" /><trkpt lat="62.190988821" lon="25.068993950" /><trkpt lat="62.190990078" lon="25.069008451" /><trkpt lat="62.190991320" lon="25.069022736" /><trkpt lat="62.190992545" lon="25.069036802" /><trkpt lat="62.190993753" lon="25.069050645" /><trkpt lat="62.190994944" lon="25.069064260" /><trkpt lat="62.190996117" lon="25.069077643" /><trkpt lat="62.190997272" lon="25.069090789" /><trkpt lat="62.190998408" lon="25.069103694" /><trkpt lat="62.190999524" lon="25.069116354" /><trkpt lat="62.191001224" lon="25.069135537" /><trkpt lat="62.191002936" lon="25.069154668" /><trkpt lat="62.191004664" lon="25.069173745" /><trkpt lat="62.191006412" lon="25.069192767" /><trkpt lat="62.191008185" lon="25.069211733" /><trkpt lat="62.191009986" lon="25.069230640" /><trkpt lat="62.191011820" lon="25.069249487" /><trkpt lat="62.191013691" lon="25.069268273" /><trkpt lat="62.191015604" lon="25.069286995" /><trkpt lat="62.191017561" lon="25.069305653" /><trkpt lat="62.191019568" lon="25.069324244" /><trkpt lat="62.191021628" lon="25.069342767" /><trkpt lat="62.191023746" lon="25.069361220" /><trkpt lat="62.191025926" lon="25.069379602" /><trkpt lat="62.191028172" lon="25.069397912" /><trkpt lat="62.191030488" lon="25.069416146" /><trkpt lat="62.191032878" lon="25.069434305" /><trkpt lat="62.191035347" lon="25.069452385" /><trkpt lat="62.191037899" lon="25.069470387" /><trkpt lat="62.191040537" lon="25.069488307" /><trkpt lat="62.191043267" lon="25.069506144" /><trkpt lat="62.191046091" lon="25.069523898" /><trkpt lat="62.191049015" lon="25.069541565" /><trkpt lat="62.191052043" lon="25.069559145" /><trkpt lat="62.191055178" lon="25.069576636" /><trkpt lat="62.191058424" lon="25.069594036" /><trkpt lat="62.191061787" lon="25.069611344" /><trkpt lat="62.191065270" lon="25.069628557" /><trkpt lat="62.191068877" lon="25.069645675" /><trkpt lat="62.191072612" lon="25.069662696" /><trkpt lat="62.191076480" lon="25.069679618" /><trkpt lat="62.191080484" lon="25.069696439" /><trkpt lat="62.191084630" lon="25.069713159" /><trkpt lat="62.191088921" lon="25.069729774" /><trkpt lat="62.191093360" lon="25.069746285" /><trkpt lat="62.191097953" lon="25.069762688" /><trkpt lat="62.191102704" lon="25.069778983" /><trkpt lat="62.191107616" lon="25.069795167" /><trkpt lat="62.191112694" lon="25.069811240" /><trkpt lat="62.191117942" lon="25.069827199" /><trkpt lat="62.191123365" lon="25.069843043" /><trkpt lat="62.191128965" lon="25.069858771" /><trkpt lat="62.191134748" lon="25.069874380" /><trkpt lat="62.191140718" lon="25.069889870" /><trkpt lat="62.191146878" lon="25.069905237" /><trkpt lat="62.191153234" lon="25.069920482" /><trkpt lat="62.191159788" lon="25.069935602" /><trkpt lat="62.191166546" lon="25.069950595" /><trkpt lat="62.191173511" lon="25.069965460" /><trkpt lat="62.191180687" lon="25.069980196" /><trkpt lat="62.191188080" lon="25.069994801" /><trkpt lat="62.191195692" lon="25.070009272" /><trkpt lat="62.191203528" lon="25.070023609" /><trkpt lat="62.191211593" lon="25.070037810" /><trkpt lat="62.191219890" lon="25.070051873" /><trkpt lat="62.191228423" lon="25.070065797" /><trkpt lat="62.191237197" lon="25.070079580" /><trkpt lat="62.191246216" lon="25.070093220" /><trkpt lat="62.191255484" lon="25.070106716" /><trkpt lat="62.191265005" lon="25.070120066" /><trkpt lat="62.191274783" lon="25.070133269" /><trkpt lat="62.191284823" lon="25.070146322" /><trkpt lat="62.191293919" lon="25.070158065" /><trkpt lat="62.191302929" lon="25.070169968" /><trkpt lat="62.191311853" lon="25.070182031" /><trkpt lat="62.191320692" lon="25.070194251" /><trkpt lat="62.191329450" lon="25.070206627" /><trkpt lat="62.191338126" lon="25.070219157" /><trkpt lat="62.191346723" lon="25.070231840" /><trkpt lat="62.191355242" lon="25.070244675" /><trkpt lat="62.191363684" lon="25.070257659" /><trkpt lat="62.191372052" lon="25.070270791" /><trkpt lat="62.191380345" lon="25.070284070" /><trkpt lat="62.191388566" lon="25.070297494" /><trkpt lat="62.191396717" lon="25.070311062" /><trkpt lat="62.191404798" lon="25.070324771" /><trkpt lat="62.191412811" lon="25.070338620" /><trkpt lat="62.191420758" lon="25.070352609" /><trkpt lat="62.191428640" lon="25.070366734" /><trkpt lat="62.191436459" lon="25.070380995" /><trkpt lat="62.191444215" lon="25.070395390" /><trkpt lat="62.191451911" lon="25.070409918" /><trkpt lat="62.191459548" lon="25.070424576" /><trkpt lat="62.191467128" lon="25.070439364" /><trkpt lat="62.191474651" lon="25.070454280" /><trkpt lat="62.191482120" lon="25.070469321" /><trkpt lat="62.191489535" lon="25.070484488" /><trkpt lat="62.191496899" lon="25.070499777" /><trkpt lat="62.191504212" lon="25.070515188" /><trkpt lat="62.191511477" lon="25.070530719" /><trkpt lat="62.191518694" lon="25.070546368" /><trkpt lat="62.191525865" lon="25.070562134" /><trkpt lat="62.191532992" lon="25.070578015" /><trkpt lat="62.191540076" lon="25.070594010" /><trkpt lat="62.191547118" lon="25.070610117" /><trkpt lat="62.191554121" lon="25.070626335" /><trkpt lat="62.191561084" lon="25.070642661" /><trkpt lat="62.191568011" lon="25.070659095" /><trkpt lat="62.191574902" lon="25.070675634" /><trkpt lat="62.191581759" lon="25.070692278" /><trkpt lat="62.191588583" lon="25.070709025" /><trkpt lat="62.191595376" lon="25.070725873" /><trkpt lat="62.191602139" lon="25.070742820" /><trkpt lat="62.191608874" lon="25.070759865" /><trkpt lat="62.191615581" lon="25.070777007" /><trkpt lat="62.191622264" lon="25.070794243" /><trkpt lat="62.191628922" lon="25.070811573" /><trkpt lat="62.191635558" lon="25.070828994" /><trkpt lat="62.191642173" lon="25.070846506" /><trkpt lat="62.191648768" lon="25.070864106" /><trkpt lat="62.191655346" lon="25.070881793" /><trkpt lat="62.191661906" lon="25.070899566" /><trkpt lat="62.191668452" lon="25.070917422" /><trkpt lat="62.191674983" lon="25.070935361" /><trkpt lat="62.191681503" lon="25.070953380" /><trkpt lat="62.191688012" lon="25.070971479" /><trkpt lat="62.191694511" lon="25.070989655" /><trkpt lat="62.191701002" lon="25.071007907" /><trkpt lat="62.191707488" lon="25.071026234" /><trkpt lat="62.191713968" lon="25.071044634" /><trkpt lat="62.191720444" lon="25.071063105" /><trkpt lat="62.191726919" lon="25.071081645" /><trkpt lat="62.191733393" lon="25.071100254" /><trkpt lat="62.191739868" lon="25.071118930" /><trkpt lat="62.191746346" lon="25.071137670" /><trkpt lat="62.191752827" lon="25.071156474" /><trkpt lat="62.191759314" lon="25.071175340" /><trkpt lat="62.191765807" lon="25.071194267" /><trkpt lat="62.191772308" lon="25.071213252" /><trkpt lat="62.191778820" lon="25.071232294" /><trkpt lat="62.191785342" lon="25.071251392" /><trkpt lat="62.191789505" lon="25.071263661" /><trkpt lat="62.191793727" lon="25.071276248" /><trkpt lat="62.191798008" lon="25.071289147" /><trkpt lat="62.191802346" lon="25.071302352" /><trkpt lat="62.191806740" lon="25.071315856" /><trkpt lat="62.191811189" lon="25.071329652" /><trkpt lat="62.191815692" lon="25.071343736" /><trkpt lat="62.191820248" lon="25.071358099" /><trkpt lat="62.191824855" lon="25.071372735" /><trkpt lat="62.191829513" lon="25.071387638" /><trkpt lat="62.191834220" lon="25.071402802" /><trkpt lat="62.191838975" lon="25.071418220" /><trkpt lat="62.191843777" lon="25.071433885" /><trkpt lat="62.191848625" lon="25.071449792" /><trkpt lat="62.191853518" lon="25.071465933" /><trkpt lat="62.191858454" lon="25.071482302" /><trkpt lat="62.191863433" lon="25.071498893" /><trkpt lat="62.191868453" lon="25.071515699" /><trkpt lat="62.191873514" lon="25.071532714" /><trkpt lat="62.191878613" lon="25.071549931" /><trkpt lat="62.191883751" lon="25.071567344" /><trkpt lat="62.191888925" lon="25.071584947" /><trkpt lat="62.191894135" lon="25.071602732" /><trkpt lat="62.191899379" lon="25.071620694" /><trkpt lat="62.191904657" lon="25.071638826" /><trkpt lat="62.191909967" lon="25.071657121" /><trkpt lat="62.191915309" lon="25.071675574" /><trkpt lat="62.191920680" lon="25.071694177" /><trkpt lat="62.191926080" lon="25.071712924" /><trkpt lat="62.191931508" lon="25.071731809" /><trkpt lat="62.191936962" lon="25.071750825" /><trkpt lat="62.191942442" lon="25.071769966" /><trkpt lat="62.191947946" lon="25.071789225" /><trkpt lat="62.191953473" lon="25.071808596" /><trkpt lat="62.191959022" lon="25.071828073" /><trkpt lat="62.191964592" lon="25.071847648" /><trkpt lat="62.191970182" lon="25.071867316" /><trkpt lat="62.191975791" lon="25.071887070" /><trkpt lat="62.191981417" lon="25.071906903" /><trkpt lat="62.191987059" lon="25.071926809" /><trkpt lat="62.191992717" lon="25.071946782" /><trkpt lat="62.191998388" lon="25.071966816" /><trkpt lat="62.192004073" lon="25.071986902" /><trkpt lat="62.192009769" lon="25.072007037" /><trkpt lat="62.192015476" lon="25.072027211" /><trkpt lat="62.192021193" lon="25.072047421" /><trkpt lat="62.192026918" lon="25.072067657" /><trkpt lat="62.192032650" lon="25.072087916" /><trkpt lat="62.192038389" lon="25.072108189" /><trkpt lat="62.192044132" lon="25.072128471" /><trkpt lat="62.192049879" lon="25.072148755" /><trkpt lat="62.192055629" lon="25.072169034" /><trkpt lat="62.192061380" lon="25.072189302" /><trkpt lat="62.192067132" lon="25.072209553" /><trkpt lat="62.192072884" lon="25.072229780" /><trkpt lat="62.192078633" lon="25.072249977" /><trkpt lat="62.192084379" lon="25.072270137" /><trkpt lat="62.192090122" lon="25.072290253" /><trkpt lat="62.192095859" lon="25.072310320" /><trkpt lat="62.192101590" lon="25.072330331" /><trkpt lat="62.192107313" lon="25.072350279" /><trkpt lat="62.192113027" lon="25.072370158" /><trkpt lat="62.192118732" lon="25.072389962" /><trkpt lat="62.192124426" lon="25.072409683" /><trkpt lat="62.192130108" lon="25.072429316" /><trkpt lat="62.192135776" lon="25.072448854" /><trkpt lat="62.192141430" lon="25.072468291" /><trkpt lat="62.192147069" lon="25.072487620" /><trkpt lat="62.192152691" lon="25.072506834" /><trkpt lat="62.192158296" lon="25.072525928" /><trkpt lat="62.192163881" lon="25.072544895" /><trkpt lat="62.192169447" lon="25.072563727" /><trkpt lat="62.192174991" lon="25.072582420" /><trkpt lat="62.192180513" lon="25.072600966" /><trkpt lat="62.192186012" lon="25.072619359" /><trkpt lat="62.192191486" lon="25.072637592" /><trkpt lat="62.192196935" lon="25.072655659" /><trkpt lat="62.192202356" lon="25.072673554" /><trkpt lat="62.192207750" lon="25.072691270" /><trkpt lat="62.192213114" lon="25.072708800" /><trkpt lat="62.192218449" lon="25.072726138" /><trkpt lat="62.192223751" lon="25.072743279" /><trkpt lat="62.192229022" lon="25.072760214" /><trkpt lat="62.192234259" lon="25.072776938" /><trkpt lat="62.192239461" lon="25.072793445" /><trkpt lat="62.192244627" lon="25.072809727" /><trkpt lat="62.192249756" lon="25.072825778" /><trkpt lat="62.192254846" lon="25.072841593" /><trkpt lat="62.192259898" lon="25.072857164" /><trkpt lat="62.192264909" lon="25.072872485" /><trkpt lat="62.192269878" lon="25.072887549" /><trkpt lat="62.192274805" lon="25.072902350" /><trkpt lat="62.192279688" lon="25.072916882" /><trkpt lat="62.192284526" lon="25.072931139" /><trkpt lat="62.192289317" lon="25.072945112" /><trkpt lat="62.192294062" lon="25.072958797" /><trkpt lat="62.192298757" lon="25.072972187" /><trkpt lat="62.192303404" lon="25.072985275" /><trkpt lat="62.192308000" lon="25.072998055" /><trkpt lat="62.192312543" lon="25.073010520" /><trkpt lat="62.192317034" lon="25.073022664" /><trkpt lat="62.192321471" lon="25.073034481" /><trkpt lat="62.192325853" lon="25.073045963" /><trkpt lat="62.192330178" lon="25.073057105" /><trkpt lat="62.192334445" lon="25.073067900" /><trkpt lat="62.192338655" lon="25.073078341" /><trkpt lat="62.192342804" lon="25.073088423" /><trkpt lat="62.192346892" lon="25.073098138" /><trkpt lat="62.192350918" lon="25.073107481" /><trkpt lat="62.192357835" lon="25.073123300" /><trkpt lat="62.192364762" lon="25.073139074" /><trkpt lat="62.192371704" lon="25.073154787" /><trkpt lat="62.192378666" lon="25.073170427" /><trkpt lat="62.192385649" lon="25.073185980" /><trkpt lat="62.192392659" lon="25.073201433" /><trkpt lat="62.192399699" lon="25.073216771" /><trkpt lat="62.192406772" lon="25.073231981" /><trkpt lat="62.192413883" lon="25.073247050" /><trkpt lat="62.192421035" lon="25.073261963" /><trkpt lat="62.192428231" lon="25.073276708" /><trkpt lat="62.192435476" lon="25.073291270" /><trkpt lat="62.192442774" lon="25.073305635" /><trkpt lat="62.192450127" lon="25.073319791" /><trkpt lat="62.192457540" lon="25.073333724" /><trkpt lat="62.192465016" lon="25.073347419" /><trkpt lat="62.192472560" lon="25.073360864" /><trkpt lat="62.192480174" lon="25.073374044" /><trkpt lat="62.192487863" lon="25.073386946" /><trkpt lat="62.192495630" lon="25.073399557" /><trkpt lat="62.192503479" lon="25.073411862" /><trkpt lat="62.192511414" lon="25.073423848" /><trkpt lat="62.192519439" lon="25.073435502" /><trkpt lat="62.192527557" lon="25.073446809" /><trkpt lat="62.192535771" lon="25.073457757" /><trkpt lat="62.192544086" lon="25.073468331" /><trkpt lat="62.192552506" lon="25.073478517" /><trkpt lat="62.192561034" lon="25.073488303" /><trkpt lat="62.192569673" lon="25.073497675" /><trkpt lat="62.192578428" lon="25.073506618" /><trkpt lat="62.192587302" lon="25.073515119" /><trkpt lat="62.192596300" lon="25.073523165" /><trkpt lat="62.192605424" lon="25.073530742" /><trkpt lat="62.192614678" lon="25.073537837" /><trkpt lat="62.192624066" lon="25.073544435" /><trkpt lat="62.192633593" lon="25.073550523" /><trkpt lat="62.192643261" lon="25.073556087" /><trkpt lat="62.192653074" lon="25.073561114" /><trkpt lat="62.192663036" lon="25.073565590" /><trkpt lat="62.192673151" lon="25.073569501" /><trkpt lat="62.192683423" lon="25.073572835" /><trkpt lat="62.192693855" lon="25.073575576" /><trkpt lat="62.192704451" lon="25.073577712" /><trkpt lat="62.192715214" lon="25.073579229" /><trkpt lat="62.192726149" lon="25.073580113" /><trkpt lat="62.192737258" lon="25.073580350" /><trkpt lat="62.192748547" lon="25.073579928" /><trkpt lat="62.192760018" lon="25.073578832" /><trkpt lat="62.192771676" lon="25.073577048" /><trkpt lat="62.192783523" lon="25.073574563" /><trkpt lat="62.192795564" lon="25.073571364" /><trkpt lat="62.192807803" lon="25.073567436" /><trkpt lat="62.192820243" lon="25.073562767" /><trkpt lat="62.192832888" lon="25.073557341" /><trkpt lat="62.192845741" lon="25.073551147" /><trkpt lat="62.192858806" lon="25.073544170" /><trkpt lat="62.192872088" lon="25.073536396" /><trkpt lat="62.192885590" lon="25.073527812" /><trkpt lat="62.192899314" lon="25.073518404" /><trkpt lat="62.192913267" lon="25.073508159" /><trkpt lat="62.192927450" lon="25.073497062" /><trkpt lat="62.192941868" lon="25.073485101" /><trkpt lat="62.192956524" lon="25.073472261" /><trkpt lat="62.192973729" lon="25.073456600" /><trkpt lat="62.192990231" lon="25.073441204" /><trkpt lat="62.193006054" lon="25.073426087" /><trkpt lat="62.193021223" lon="25.073411263" /><trkpt lat="62.193035760" lon="25.073396744" /><trkpt lat="62.193049690" lon="25.073382544" /><trkpt lat="62.193063038" lon="25.073368676" /><trkpt lat="62.193075826" lon="25.073355155" /><trkpt lat="62.193088080" lon="25.073341993" /><trkpt lat="62.193099822" lon="25.073329204" /><trkpt lat="62.193111078" lon="25.073316800" /><trkpt lat="62.193121871" lon="25.073304797" /><trkpt lat="62.193132225" lon="25.073293206" /><trkpt lat="62.193142164" lon="25.073282041" /><trkpt lat="62.193151712" lon="25.073271317" /><trkpt lat="62.193160893" lon="25.073261045" /><trkpt lat="62.193169731" lon="25.073251240" /><trkpt lat="62.193178250" lon="25.073241915" /><trkpt lat="62.193186474" lon="25.073233083" /><trkpt lat="62.193194428" lon="25.073224758" /><trkpt lat="62.193202134" lon="25.073216953" /><trkpt lat="62.193209618" lon="25.073209682" /><trkpt lat="62.193216903" lon="25.073202958" /><trkpt lat="62.193224013" lon="25.073196794" /><trkpt lat="62.193230972" lon="25.073191204" /><trkpt lat="62.193237804" lon="25.073186201" /><trkpt lat="62.193244533" lon="25.073181799" /><trkpt lat="62.193251184" lon="25.073178010" /><trkpt lat="62.193257779" lon="25.073174849" /><trkpt lat="62.193264344" lon="25.073172329" /><trkpt lat="62.193270902" lon="25.073170463" /><trkpt lat="62.193277476" lon="25.073169265" /><trkpt lat="62.193284093" lon="25.073168748" /><trkpt lat="62.193290774" lon="25.073168925" /><trkpt lat="62.193297544" lon="25.073169810" /><trkpt lat="62.193304428" lon="25.073171416" /><trkpt lat="62.193311448" lon="25.073173757" /><trkpt lat="62.193318630" lon="25.073176846" /><trkpt lat="62.193325997" lon="25.073180696" /><trkpt lat="62.193333573" lon="25.073185321" /><trkpt lat="62.193341383" lon="25.073190735" /><trkpt lat="62.193349449" lon="25.073196950" /><trkpt lat="62.193357797" lon="25.073203980" /><trkpt lat="62.193366450" lon="25.073211838" /><trkpt lat="62.193375432" lon="25.073220539" /><trkpt lat="62.193384767" lon="25.073230094" /><trkpt lat="62.193394480" lon="25.073240519" /><trkpt lat="62.193404593" lon="25.073251825" /><trkpt lat="62.193415132" lon="25.073264027" /><trkpt lat="62.193426120" lon="25.073277138" /><trkpt lat="62.193437581" lon="25.073291171" /><trkpt lat="62.193449540" lon="25.073306140" /><trkpt lat="62.193462020" lon="25.073322058" /><trkpt lat="62.193477939" lon="25.073342457" /><trkpt lat="62.193493531" lon="25.073362274" /><trkpt lat="62.193508811" lon="25.073381508" /><trkpt lat="62.193523791" lon="25.073400161" /><trkpt lat="62.193538486" lon="25.073418234" /><trkpt lat="62.193552910" lon="25.073435727" /><trkpt lat="62.193567076" lon="25.073452642" /><trkpt lat="62.193580997" lon="25.073468978" /><trkpt lat="62.193594689" lon="25.073484738" /><trkpt lat="62.193608164" lon="25.073499922" /><trkpt lat="62.193621436" lon="25.073514530" /><trkpt lat="62.193634520" lon="25.073528564" /><trkpt lat="62.193647428" lon="25.073542025" /><trkpt lat="62.193660175" lon="25.073554913" /><trkpt lat="62.193672775" lon="25.073567230" /><trkpt lat="62.193685240" lon="25.073578975" /><trkpt lat="62.193697586" lon="25.073590151" /><trkpt lat="62.193709826" lon="25.073600757" /><trkpt lat="62.193721973" lon="25.073610795" /><trkpt lat="62.193734041" lon="25.073620266" /><trkpt lat="62.193746045" lon="25.073629171" /><trkpt lat="62.193757997" lon="25.073637509" /><trkpt lat="62.193769913" lon="25.073645283" /><trkpt lat="62.193781804" lon="25.073652493" /><trkpt lat="62.193793686" lon="25.073659140" /><trkpt lat="62.193805573" lon="25.073665225" /><trkpt lat="62.193817476" lon="25.073670749" /><trkpt lat="62.193829412" lon="25.073675712" /><trkpt lat="62.193841393" lon="25.073680116" /><trkpt lat="62.193853433" lon="25.073683960" /><trkpt lat="62.193865546" lon="25.073687248" /><trkpt lat="62.193877746" lon="25.073689978" /><trkpt lat="62.193890046" lon="25.073692152" /><trkpt lat="62.193902460" lon="25.073693771" /><trkpt lat="62.193915003" lon="25.073694835" /><trkpt lat="62.193927688" lon="25.073695346" /><trkpt lat="62.193940528" lon="25.073695305" /><trkpt lat="62.193953537" lon="25.073694711" /><trkpt lat="62.193966730" lon="25.073693567" /><trkpt lat="62.193980120" lon="25.073691873" /><trkpt lat="62.193993720" lon="25.073689630" /><trkpt lat="62.194007545" lon="25.073686838" /><trkpt lat="62.194023525" lon="25.073683280" /><trkpt lat="62.194038945" lon="25.073679730" /><trkpt lat="62.194053828" lon="25.073676147" /><trkpt lat="62.194068193" lon="25.073672489" /><trkpt lat="62.194082062" lon="25.073668715" /><trkpt lat="62.194095454" lon="25.073664784" /><trkpt lat="62.194108390" lon="25.073660655" /><trkpt lat="62.194120891" lon="25.073656285" /><trkpt lat="62.194132978" lon="25.073651634" /><trkpt lat="62.194144671" lon="25.073646660" /><trkpt lat="62.194155990" lon="25.073641322" /><trkpt lat="62.194166957" lon="25.073635578" /><trkpt lat="62.194177591" lon="25.073629387" /><trkpt lat="62.194187915" lon="25.073622708" /><trkpt lat="62.194197947" lon="25.073615499" /><trkpt lat="62.194207709" lon="25.073607719" /><trkpt lat="62.194217221" lon="25.073599326" /><trkpt lat="62.194226504" lon="25.073590279" /><trkpt lat="62.194235578" lon="25.073580536" /><trkpt lat="62.194244465" lon="25.073570057" /><trkpt lat="62.194253184" lon="25.073558800" /><trkpt lat="62.194261757" lon="25.073546723" /><trkpt lat="62.194270203" lon="25.073533785" /><trkpt lat="62.194278544" lon="25.073519945" /><trkpt lat="62.194286800" lon="25.073505161" /><trkpt lat="62.194294991" lon="25.073489392" /><trkpt lat="62.194303139" lon="25.073472597" /><trkpt lat="62.194311263" lon="25.073454733" /><trkpt lat="62.194319385" lon="25.073435760" /><trkpt lat="62.194327525" lon="25.073415637" /><trkpt lat="62.194335704" lon="25.073394321" /><trkpt lat="62.194343942" lon="25.073371772" /><trkpt lat="62.194352259" lon="25.073347948" /><trkpt lat="62.194360677" lon="25.073322808" /><trkpt lat="62.194369216" lon="25.073296310" /><trkpt lat="62.194377897" lon="25.073268414" /><trkpt lat="62.194381285" lon="25.073257215" /><trkpt lat="62.194384741" lon="25.073245541" /><trkpt lat="62.194388263" lon="25.073233405" /><trkpt lat="62.194391852" lon="25.073220822" /><trkpt lat="62.194395508" lon="25.073207803" /><trkpt lat="62.194399229" lon="25.073194362" /><trkpt lat="62.194403015" lon="25.073180513" /><trkpt lat="62.194406865" lon="25.073166268" /><trkpt lat="62.194410780" lon="25.073151641" /><trkpt lat="62.194414759" lon="25.073136646" /><trkpt lat="62.194418801" lon="25.073121294" /><trkpt lat="62.194422906" lon="25.073105601" /><trkpt lat="62.194427073" lon="25.073089578" /><trkpt lat="62.194431302" lon="25.073073240" /><trkpt lat="62.194435592" lon="25.073056599" /><trkpt lat="62.194439943" lon="25.073039668" /><trkpt lat="62.194444355" lon="25.073022462" /><trkpt lat="62.194448827" lon="25.073004993" /><trkpt lat="62.194453358" lon="25.072987274" /><trkpt lat="62.194457948" lon="25.072969319" /><trkpt lat="62.194462597" lon="25.072951141" /><trkpt lat="62.194467304" lon="25.072932753" /><trkpt lat="62.194472068" lon="25.072914168" /><trkpt lat="62.194476890" lon="25.072895401" /><trkpt lat="62.194481768" lon="25.072876463" /><trkpt lat="62.194486703" lon="25.072857368" /><trkpt lat="62.194491693" lon="25.072838130" /><trkpt lat="62.194496739" lon="25.072818762" /><trkpt lat="62.194501839" lon="25.072799276" /><trkpt lat="62.194506994" lon="25.072779687" /><trkpt lat="62.194512202" lon="25.072760007" /><trkpt lat="62.194517464" lon="25.072740250" /><trkpt lat="62.194522779" lon="25.072720429" /><trkpt lat="62.194528147" lon="25.072700557" /><trkpt lat="62.194533566" lon="25.072680648" /><trkpt lat="62.194539037" lon="25.072660714" /><trkpt lat="62.194544559" lon="25.072640770" /><trkpt lat="62.194550131" lon="25.072620827" /><trkpt lat="62.194555754" lon="25.072600901" /><trkpt lat="62.194561426" lon="25.072581003" /><trkpt lat="62.194567148" lon="25.072561146" /><trkpt lat="62.194572918" lon="25.072541346" /><trkpt lat="62.194578736" lon="25.072521613" /><trkpt lat="62.194584602" lon="25.072501963" /><trkpt lat="62.194590516" lon="25.072482407" /><trkpt lat="62.194596476" lon="25.072462960" /><trkpt lat="62.194602482" lon="25.072443634" /><trkpt lat="62.194608535" lon="25.072424443" /><trkpt lat="62.194614633" lon="25.072405400" /><trkpt lat="62.194620775" lon="25.072386519" /><trkpt lat="62.194626963" lon="25.072367812" /><trkpt lat="62.194633194" lon="25.072349292" /><trkpt lat="62.194639469" lon="25.072330974" /><trkpt lat="62.194645786" lon="25.072312870" /><trkpt lat="62.194652147" lon="25.072294994" /><trkpt lat="62.194658549" lon="25.072277358" /><trkpt lat="62.194664993" lon="25.072259977" /><trkpt lat="62.194671479" lon="25.072242862" /><trkpt lat="62.194678005" lon="25.072226029" /><trkpt lat="62.194684571" lon="25.072209489" /><trkpt lat="62.194691177" lon="25.072193256" /><trkpt lat="62.194697823" lon="25.072177344" /><trkpt lat="62.194704507" lon="25.072161765" /><trkpt lat="62.194711229" lon="25.072146533" /><trkpt lat="62.194717990" lon="25.072131661" /><trkpt lat="62.194724788" lon="25.072117162" /><trkpt lat="62.194731622" lon="25.072103050" /><trkpt lat="62.194738494" lon="25.072089338" /><trkpt lat="62.194745401" lon="25.072076038" /><trkpt lat="62.194752344" lon="25.072063166" /><trkpt lat="62.194759322" lon="25.072050732" /><trkpt lat="62.194766334" lon="25.072038752" /><trkpt lat="62.194773381" lon="25.072027238" /><trkpt lat="62.194780461" lon="25.072016203" /><trkpt lat="62.194787574" lon="25.072005661" /><trkpt lat="62.194794721" lon="25.071995624" /><trkpt lat="62.194801899" lon="25.071986107" /><trkpt lat="62.194809109" lon="25.071977122" /><trkpt lat="62.194816351" lon="25.071968683" /><trkpt lat="62.194823623" lon="25.071960802" /><trkpt lat="62.194830926" lon="25.071953494" /><trkpt lat="62.194838258" lon="25.071946771" /><trkpt lat="62.194845620" lon="25.071940647" /><trkpt lat="62.194853011" lon="25.071935134" /><trkpt lat="62.194860431" lon="25.071930247" /><trkpt lat="62.194867878" lon="25.071925998" /><trkpt lat="62.194875353" lon="25.071922401" /><trkpt lat="62.194882856" lon="25.071919469" /><trkpt lat="62.194890384" lon="25.071917215" /><trkpt lat="62.194897939" lon="25.071915652" /><trkpt lat="62.194905520" lon="25.071914794" /><trkpt lat="62.194913125" lon="25.071914654" /><trkpt lat="62.194920756" lon="25.071915245" /><trkpt lat="62.194928411" lon="25.071916580" /><trkpt lat="62.194947620" lon="25.071920975" /><trkpt lat="62.194966315" lon="25.071925452" /><trkpt lat="62.194984530" lon="25.071930001" /><trkpt lat="62.195002301" lon="25.071934609" /><trkpt lat="62.195019660" lon="25.071939265" /><trkpt lat="62.195036643" lon="25.071943958" /><trkpt lat="62.195053284" lon="25.071948677" /><trkpt lat="62.195069617" lon="25.071953410" /><trkpt lat="62.195085677" lon="25.071958145" /><trkpt lat="62.195101498" lon="25.071962871" /><trkpt lat="62.195117115" lon="25.071967577" /><trkpt lat="62.195132561" lon="25.071972252" /><trkpt lat="62.195147871" lon="25.071976883" /><trkpt lat="62.195163081" lon="25.071981459" /><trkpt lat="62.195178223" lon="25.071985969" /><trkpt lat="62.195193332" lon="25.071990402" /><trkpt lat="62.195208444" lon="25.071994746" /><trkpt lat="62.195223591" lon="25.071998989" /><trkpt lat="62.195238809" lon="25.072003121" /><trkpt lat="62.195254132" lon="25.072007129" /><trkpt lat="62.195269594" lon="25.072011003" /><trkpt lat="62.195285230" lon="25.072014730" /><trkpt lat="62.195301074" lon="25.072018300" /><trkpt lat="62.195317161" lon="25.072021701" /><trkpt lat="62.195333524" lon="25.072024921" /><trkpt lat="62.195350198" lon="25.072027950" /><trkpt lat="62.195367218" lon="25.072030775" /><trkpt lat="62.195384618" lon="25.072033385" /><trkpt lat="62.195402433" lon="25.072035769" /><trkpt lat="62.195420696" lon="25.072037916" /><trkpt lat="62.195439442" lon="25.072039813" /><trkpt lat="62.195458706" lon="25.072041450" /><trkpt lat="62.195478522" lon="25.072042815" /><trkpt lat="62.195498924" lon="25.072043897" /><trkpt lat="62.195519947" lon="25.072044683" /><trkpt lat="62.195541624" lon="25.072045164" /><trkpt lat="62.195563991" lon="25.072045326" /><trkpt lat="62.195581187" lon="25.072045340" /><trkpt lat="62.195598454" lon="25.072045382" /><trkpt lat="62.195615790" lon="25.072045454" /><trkpt lat="62.195633193" lon="25.072045558" /><trkpt lat="62.195650657" lon="25.072045696" /><trkpt lat="62.195668182" lon="25.072045868" /><trkpt lat="62.195685763" lon="25.072046077" /><trkpt lat="62.195703398" lon="25.072046324" /><trkpt lat="62.195721083" lon="25.072046612" /><trkpt lat="62.195738816" lon="25.072046940" /><trkpt lat="62.195756593" lon="25.072047312" /><trkpt lat="62.195774412" lon="25.072047729" /><trkpt lat="62.195792269" lon="25.072048193" /><trkpt lat="62.195810161" lon="25.072048704" /><trkpt lat="62.195828085" lon="25.072049266" /><trkpt lat="62.195846038" lon="25.072049879" /><trkpt lat="62.195864017" lon="25.072050545" /><trkpt lat="62.195882019" lon="25.072051265" /><trkpt lat="62.195900041" lon="25.072052042" /><trkpt lat="62.195918080" lon="25.072052877" /><trkpt lat="62.195936133" lon="25.072053772" /><trkpt lat="62.195954196" lon="25.072054728" /><trkpt lat="62.195972267" lon="25.072055746" /><trkpt lat="62.195990343" lon="25.072056830" /><trkpt lat="62.196008420" lon="25.072057979" /><trkpt lat="62.196026496" lon="25.072059197" /><trkpt lat="62.196044567" lon="25.072060484" /><trkpt lat="62.196062630" lon="25.072061842" /><trkpt lat="62.196080682" lon="25.072063273" /><trkpt lat="62.196098721" lon="25.072064778" /><trkpt lat="62.196116743" lon="25.072066359" /><trkpt lat="62.196134745" lon="25.072068018" /><trkpt lat="62.196152724" lon="25.072069756" /><trkpt lat="62.196170677" lon="25.072071576" /><trkpt lat="62.196188601" lon="25.072073478" /><trkpt lat="62.196206493" lon="25.072075464" /><trkpt lat="62.196224349" lon="25.072077536" /><trkpt lat="62.196242168" lon="25.072079696" /><trkpt lat="62.196259945" lon="25.072081944" /><trkpt lat="62.196277677" lon="25.072084284" /><trkpt lat="62.196295362" lon="25.072086716" /><trkpt lat="62.196312997" lon="25.072089243" /><trkpt lat="62.196330577" lon="25.072091865" /><trkpt lat="62.196348102" lon="25.072094584" /><trkpt lat="62.196365566" lon="25.072097402" /><trkpt lat="62.196382968" lon="25.072100321" /><trkpt lat="62.196400304" lon="25.072103343" /><trkpt lat="62.196417570" lon="25.072106468" /><trkpt lat="62.196434765" lon="25.072109699" /><trkpt lat="62.196459847" lon="25.072114401" /><trkpt lat="62.196484157" lon="25.072118762" /><trkpt lat="62.196507722" lon="25.072122798" /><trkpt lat="62.196530570" lon="25.072126522" /><trkpt lat="62.196552729" lon="25.072129948" /><trkpt lat="62.196574226" lon="25.072133091" /><trkpt lat="62.196595089" lon="25.072135966" /><trkpt lat="62.196615346" lon="25.072138587" /><trkpt lat="62.196635023" lon="25.072140967" /><trkpt lat="62.196654149" lon="25.072143121" /><trkpt lat="62.196672751" lon="25.072145065" /><trkpt lat="62.196690857" lon="25.072146811" /><trkpt lat="62.196708494" lon="25.072148374" /><trkpt lat="62.196725689" lon="25.072149769" /><trkpt lat="62.196742472" lon="25.072151011" /><trkpt lat="62.196758868" lon="25.072152112" /><trkpt lat="62.196774905" lon="25.072153088" /><trkpt lat="62.196790612" lon="25.072153953" /><trkpt lat="62.196806016" lon="25.072154721" /><trkpt lat="62.196821143" lon="25.072155407" /><trkpt lat="62.196836023" lon="25.072156024" /><trkpt lat="62.196850682" lon="25.072156588" /><trkpt lat="62.196865148" lon="25.072157113" /><trkpt lat="62.196879449" lon="25.072157612" /><trkpt lat="62.196893611" lon="25.072158101" /><trkpt lat="62.196907664" lon="25.072158593" /><trkpt lat="62.196921634" lon="25.072159103" /><trkpt lat="62.196935548" lon="25.072159646" /><trkpt lat="62.196949435" lon="25.072160235" /><trkpt lat="62.196963322" lon="25.072160885" /><trkpt lat="62.196977237" lon="25.072161610" /><trkpt lat="62.196991206" lon="25.072162425" /><trkpt lat="62.197005259" lon="25.072163343" /><trkpt lat="62.197020119" lon="25.072163983" /><trkpt lat="62.197034688" lon="25.072163835" /><trkpt lat="62.197048987" lon="25.072162919" /><trkpt lat="62.197063037" lon="25.072161250" /><trkpt lat="62.197076859" lon="25.072158847" /><trkpt lat="62.197090474" lon="25.072155727" /><trkpt lat="62.197103904" lon="25.072151906" /><trkpt lat="62.197117170" lon="25.072147402" /><trkpt lat="62.197130292" lon="25.072142233" /><trkpt lat="62.197143293" lon="25.072136416" /><trkpt lat="62.197156192" lon="25.072129968" /><trkpt lat="62.197169013" lon="25.072122906" /><trkpt lat="62.197181774" lon="25.072115248" /><trkpt lat="62.197194499" lon="25.072107010" /><trkpt lat="62.197207207" lon="25.072098211" /><trkpt lat="62.197219920" lon="25.072088867" /><trkpt lat="62.197232660" lon="25.072078996" /><trkpt lat="62.197245446" lon="25.072068615" /><trkpt lat="62.197258302" lon="25.072057742" /><trkpt lat="62.197271247" lon="25.072046393" /><trkpt lat="62.197284303" lon="25.072034586" /><trkpt lat="62.197297491" lon="25.072022338" /><trkpt lat="62.197310832" lon="25.072009666" /><trkpt lat="62.197324347" lon="25.071996589" /><trkpt lat="62.197338058" lon="25.071983122" /><trkpt lat="62.197351986" lon="25.071969284" /><trkpt lat="62.197366152" lon="25.071955091" /><trkpt lat="62.197380576" lon="25.071940561" /><trkpt lat="62.197395281" lon="25.071925712" /><trkpt lat="62.197410287" lon="25.071910560" /><trkpt lat="62.197425616" lon="25.071895123" /><trkpt lat="62.197430426" lon="25.071890292" /><trkpt lat="62.197435702" lon="25.071885004" /><trkpt lat="62.197441433" lon="25.071879267" /><trkpt lat="62.197447611" lon="25.071873089" /><trkpt lat="62.197454226" lon="25.071866480" /><trkpt lat="62.197461269" lon="25.071859448" /><trkpt lat="62.197468732" lon="25.071852004" /><trkpt lat="62.197476605" lon="25.071844155" /><trkpt lat="62.197484878" lon="25.071835910" /><trkpt lat="62.197493544" lon="25.071827279" /><trkpt lat="62.197502593" lon="25.071818270" /><trkpt lat="62.197512015" lon="25.071808892" /><trkpt lat="62.197521802" lon="25.071799155" /><trkpt lat="62.197531944" lon="25.071789068" /><trkpt lat="62.197542433" lon="25.071778638" /><trkpt lat="62.197553259" lon="25.071767876" /><trkpt lat="62.197564413" lon="25.071756789" /><trkpt lat="62.197575887" lon="25.071745388" /><trkpt lat="62.197587670" lon="25.071733681" /><trkpt lat="62.197599754" lon="25.071721677" /><trkpt lat="62.197612130" lon="25.071709385" /><trkpt lat="62.197624789" lon="25.071696814" /><trkpt lat="62.197637721" lon="25.071683972" /><trkpt lat="62.197650918" lon="25.071670870" /><trkpt lat="62.197664370" lon="25.071657515" /><trkpt lat="62.197678069" lon="25.071643917" /><trkpt lat="62.197692004" lon="25.071630084" /><trkpt lat="62.197706168" lon="25.071616027" /><trkpt lat="62.197720550" lon="25.071601752" /><trkpt lat="62.197735143" lon="25.071587271" /><trkpt lat="62.197749936" lon="25.071572590" /><trkpt lat="62.197764921" lon="25.071557721" /><trkpt lat="62.197780088" lon="25.071542670" /><trkpt lat="62.197795429" lon="25.071527448" /><trkpt lat="62.197810934" lon="25.071512063" /><trkpt lat="62.197826594" lon="25.071496525" /><trkpt lat="62.197842401" lon="25.071480841" /><trkpt lat="62.197858344" lon="25.071465022" /><trkpt lat="62.197874416" lon="25.071449076" /><trkpt lat="62.197890606" lon="25.071433012" /><trkpt lat="62.197906906" lon="25.071416839" /><trkpt lat="62.197923306" lon="25.071400566" /><trkpt lat="62.197939798" lon="25.071384202" /><trkpt lat="62.197956373" lon="25.071367756" /><trkpt lat="62.197973020" lon="25.071351236" /><trkpt lat="62.197989732" lon="25.071334653" /><trkpt lat="62.198006499" lon="25.071318014" /><trkpt lat="62.198023312" lon="25.071301328" /><trkpt lat="62.198040162" lon="25.071284606" /><trkpt lat="62.198057040" lon="25.071267855" /><trkpt lat="62.198073936" lon="25.071251084" /><trkpt lat="62.198090842" lon="25.071234303" /><trkpt lat="62.198107748" lon="25.071217520" /><trkpt lat="62.198124646" lon="25.071200745" /><trkpt lat="62.198141526" lon="25.071183986" /><trkpt lat="62.198158379" lon="25.071167253" /><trkpt lat="62.198175196" lon="25.071150554" /><trkpt lat="62.198191968" lon="25.071133897" /><trkpt lat="62.198208686" lon="25.071117294" /><trkpt lat="62.198225341" lon="25.071100751" /><trkpt lat="62.198241923" lon="25.071084278" /><trkpt lat="62.198258424" lon="25.071067884" /><trkpt lat="62.198274834" lon="25.071051579" /><trkpt lat="62.198291145" lon="25.071035370" /><trkpt lat="62.198307347" lon="25.071019267" /><trkpt lat="62.198323430" lon="25.071003279" /><trkpt lat="62.198339387" lon="25.070987414" /><trkpt lat="62.198355208" lon="25.070971683" /><trkpt lat="62.198370884" lon="25.070956093" /><trkpt lat="62.198386405" lon="25.070940653" /><trkpt lat="62.198401763" lon="25.070925374" /><trkpt lat="62.198416949" lon="25.070910263" /><trkpt lat="62.198431953" lon="25.070895329" /><trkpt lat="62.198446766" lon="25.070880582" /><trkpt lat="62.198461379" lon="25.070866030" /><trkpt lat="62.198475784" lon="25.070851683" /><trkpt lat="62.198489970" lon="25.070837549" /><trkpt lat="62.198503929" lon="25.070823637" /><trkpt lat="62.198517652" lon="25.070809956" /><trkpt lat="62.198531130" lon="25.070796516" /><trkpt lat="62.198544353" lon="25.070783324" /><trkpt lat="62.198557313" lon="25.070770391" /><trkpt lat="62.198570000" lon="25.070757725" /><trkpt lat="62.198582405" lon="25.070745335" /><trkpt lat="62.198594520" lon="25.070733229" /><trkpt lat="62.198606334" lon="25.070721418" /><trkpt lat="62.198617840" lon="25.070709909" /><trkpt lat="62.198629027" lon="25.070698713" /><trkpt lat="62.198639887" lon="25.070687836" /><trkpt lat="62.198650411" lon="25.070677290" /><trkpt lat="62.198660589" lon="25.070667082" /><trkpt lat="62.198670413" lon="25.070657222" /><trkpt lat="62.198679873" lon="25.070647719" /><trkpt lat="62.198688960" lon="25.070638581" /><trkpt lat="62.198697665" lon="25.070629817" /><trkpt lat="62.198705979" lon="25.070621437" /><trkpt lat="62.198713893" lon="25.070613449" /><trkpt lat="62.198721398" lon="25.070605863" /><trkpt lat="62.198728485" lon="25.070598687" /><trkpt lat="62.198735144" lon="25.070591930" /><trkpt lat="62.198741367" lon="25.070585601" /><trkpt lat="62.198747144" lon="25.070579709" /><trkpt lat="62.198752467" lon="25.070574264" /><trkpt lat="62.198757325" lon="25.070569273" /><trkpt lat="62.198761711" lon="25.070564747" /><trkpt lat="62.198774918" lon="25.070551213" /><trkpt lat="62.198788155" lon="25.070537936" /><trkpt lat="62.198801427" lon="25.070524935" /><trkpt lat="62.198814736" lon="25.070512229" /><trkpt lat="62.198828087" lon="25.070499839" /><trkpt lat="62.198841481" lon="25.070487783" /><trkpt lat="62.198854924" lon="25.070476082" /><trkpt lat="62.198868417" lon="25.070464756" /><trkpt lat="62.198881964" lon="25.070453823" /><trkpt lat="62.198895569" lon="25.070443304" /><trkpt lat="62.198909236" lon="25.070433219" /><trkpt lat="62.198922966" lon="25.070423587" /><trkpt lat="62.198936764" lon="25.070414428" /><trkpt lat="62.198950633" lon="25.070405762" /><trkpt lat="62.198964577" lon="25.070397608" /><trkpt lat="62.198978598" lon="25.070389985" /><trkpt lat="62.198992700" lon="25.070382915" /><trkpt lat="62.199006887" lon="25.070376416" /><trkpt lat="62.199021161" lon="25.070370508" /><trkpt lat="62.199035526" lon="25.070365211" /><trkpt lat="62.199049986" lon="25.070360544" /><trkpt lat="62.199064543" lon="25.070356528" /><trkpt lat="62.199079202" lon="25.070353182" /><trkpt lat="62.199093965" lon="25.070350525" /><trkpt lat="62.199108836" lon="25.070348577" /><trkpt lat="62.199123817" lon="25.070347359" /><trkpt lat="62.199138914" lon="25.070346889" /><trkpt lat="62.199154128" lon="25.070347188" /><trkpt lat="62.199169463" lon="25.070348275" /><trkpt lat="62.199184923" lon="25.070350170" /><trkpt lat="62.199200510" lon="25.070352893" /><trkpt lat="62.199216229" lon="25.070356462" /><trkpt lat="62.199232082" lon="25.070360899" /><trkpt lat="62.199243206" lon="25.070364342" /><trkpt lat="62.199255108" lon="25.070368091" /><trkpt lat="62.199267755" lon="25.070372133" /><trkpt lat="62.199281113" lon="25.070376453" /><trkpt lat="62.199295148" lon="25.070381035" /><trkpt lat="62.199309827" lon="25.070385864" /><trkpt lat="62.199325114" lon="25.070390927" /><trkpt lat="62.199340976" lon="25.070396208" /><trkpt lat="62.199357380" lon="25.070401693" /><trkpt lat="62.199374291" lon="25.070407367" /><trkpt lat="62.199391676" lon="25.070413214" /><trkpt lat="62.199409500" lon="25.070419221" /><trkpt lat="62.199427729" lon="25.070425372" /><trkpt lat="62.199446330" lon="25.070431653" /><trkpt lat="62.199465269" lon="25.070438049" /><trkpt lat="62.199484511" lon="25.070444545" /><trkpt lat="62.199504023" lon="25.070451126" /><trkpt lat="62.199523771" lon="25.070457778" /><trkpt lat="62.199543720" lon="25.070464485" /><trkpt lat="62.199563838" lon="25.070471234" /><trkpt lat="62.199584089" lon="25.070478009" /><trkpt lat="62.199604441" lon="25.070484796" /><trkpt lat="62.199624858" lon="25.070491579" /><trkpt lat="62.199645308" lon="25.070498344" /><trkpt lat="62.199665756" lon="25.070505076" /><trkpt lat="62.199686168" lon="25.070511761" /><trkpt lat="62.199706511" lon="25.070518383" /><trkpt lat="62.199726750" lon="25.070524928" /><trkpt lat="62.199746851" lon="25.070531381" /><trkpt lat="62.199766781" lon="25.070537728" /><trkpt lat="62.199786505" lon="25.070543953" /><trkpt lat="62.199805990" lon="25.070550042" /><trkpt lat="62.199825202" lon="25.070555980" /><trkpt lat="62.199844107" lon="25.070561752" /><trkpt lat="62.199862670" lon="25.070567343" /><trkpt lat="62.199880858" lon="25.070572739" /><trkpt lat="62.199898637" lon="25.070577925" /><trkpt lat="62.199915973" lon="25.070582886" /><trkpt lat="62.199932832" lon="25.070587608" /><trkpt lat="62.199949181" lon="25.070592075" /><trkpt lat="62.199964984" lon="25.070596273" /><trkpt lat="62.199980209" lon="25.070600186" /><trkpt lat="62.199994821" lon="25.070603802" /><trkpt lat="62.200008786" lon="25.070607103" /><trkpt lat="62.200022070" lon="25.070610076" /><trkpt lat="62.200034641" lon="25.070612707" /><trkpt lat="62.200046462" lon="25.070614979" /><trkpt lat="62.200057501" lon="25.070616879" /><trkpt lat="62.200067724" lon="25.070618391" /><trkpt lat="62.200082957" lon="25.070620444" /><trkpt lat="62.200097679" lon="25.070622491" /><trkpt lat="62.200111907" lon="25.070624592" /><trkpt lat="62.200125662" lon="25.070626807" /><trkpt lat="62.200138962" lon="25.070629197" /><trkpt lat="62.200151827" lon="25.070631823" /><trkpt lat="62.200164276" lon="25.070634744" /><trkpt lat="62.200176328" lon="25.070638023" /><trkpt lat="62.200188001" lon="25.070641718" /><trkpt lat="62.200199316" lon="25.070645891" /><trkpt lat="62.200210291" lon="25.070650602" /><trkpt lat="62.200220946" lon="25.070655912" /><trkpt lat="62.200231300" lon="25.070661880" /><trkpt lat="62.200241371" lon="25.070668568" /><trkpt lat="62.200251179" lon="25.070676036" /><trkpt lat="62.200260744" lon="25.070684345" /><trkpt lat="62.200270083" lon="25.070693555" /><trkpt lat="62.200279217" lon="25.070703726" /><trkpt lat="62.200288165" lon="25.070714920" /><trkpt lat="62.200296945" lon="25.070727196" /><trkpt lat="62.200305578" lon="25.070740615" /><trkpt lat="62.200314081" lon="25.070755237" /><trkpt lat="62.200322474" lon="25.070771124" /><trkpt lat="62.200330777" lon="25.070788335" /><trkpt lat="62.200339008" lon="25.070806932" /><trkpt lat="62.200347187" lon="25.070826974" /><trkpt lat="62.200355332" lon="25.070848522" /><trkpt lat="62.200363463" lon="25.070871636" /><trkpt lat="62.200371600" lon="25.070896378" /><trkpt lat="62.200379760" lon="25.070922807" /><trkpt lat="62.200387964" lon="25.070950985" /><trkpt lat="62.200390017" lon="25.070958204" /><trkpt lat="62.200392188" lon="25.070965775" /><trkpt lat="62.200394475" lon="25.070973695" /><trkpt lat="62.200396877" lon="25.070981958" /><trkpt lat="62.200399392" lon="25.070990560" /><trkpt lat="62.200402020" lon="25.070999495" /><trkpt lat="62.200404758" lon="25.071008760" /><trkpt lat="62.200407605" lon="25.071018349" /><trkpt lat="62.200410560" lon="25.071028258" /><trkpt lat="62.200413622" lon="25.071038482" /><trkpt lat="62.200416789" lon="25.071049016" /><trkpt lat="62.200420060" lon="25.071059856" /><trkpt lat="62.200423433" lon="25.071070997" /><trkpt lat="62.200426906" lon="25.071082433" /><trkpt lat="62.200430479" lon="25.071094161" /><trkpt lat="62.200434151" lon="25.071106176" /><trkpt lat="62.200437919" lon="25.071118472" /><trkpt lat="62.200441782" lon="25.071131046" /><trkpt lat="62.200445739" lon="25.071143892" /><trkpt lat="62.200449788" lon="25.071157006" /><trkpt lat="62.200453929" lon="25.071170383" /><trkpt lat="62.200458159" lon="25.071184018" /><trkpt lat="62.200462477" lon="25.071197907" /><trkpt lat="62.200466882" lon="25.071212045" /><trkpt lat="62.200471373" lon="25.071226426" /><trkpt lat="62.200475948" lon="25.071241047" /><trkpt lat="62.200480605" lon="25.071255903" /><trkpt lat="62.200485343" lon="25.071270988" /><trkpt lat="62.200490162" lon="25.071286299" /><trkpt lat="62.200495059" lon="25.071301830" /><trkpt lat="62.200500032" lon="25.071317577" /><trkpt lat="62.200505082" lon="25.071333535" /><trkpt lat="62.200510205" lon="25.071349699" /><trkpt lat="62.200515402" lon="25.071366065" /><trkpt lat="62.200520670" lon="25.071382627" /><trkpt lat="62.200526008" lon="25.071399382" /><trkpt lat="62.200531414" lon="25.071416324" /><trkpt lat="62.200536888" lon="25.071433449" /><trkpt lat="62.200542427" lon="25.071450751" /><trkpt lat="62.200548031" lon="25.071468227" /><trkpt lat="62.200553698" lon="25.071485871" /><trkpt lat="62.200559426" lon="25.071503679" /><trkpt lat="62.200565215" lon="25.071521646" /><trkpt lat="62.200571062" lon="25.071539767" /><trkpt lat="62.200576967" lon="25.071558038" /><trkpt lat="62.200582927" lon="25.071576453" /><trkpt lat="62.200588943" lon="25.071595009" /><trkpt lat="62.200595011" lon="25.071613700" /><trkpt lat="62.200601131" lon="25.071632522" /><trkpt lat="62.200607302" lon="25.071651469" /><trkpt lat="62.200613521" lon="25.071670538" /><trkpt lat="62.200619789" lon="25.071689723" /><trkpt lat="62.200626102" lon="25.071709020" /><trkpt lat="62.200632460" lon="25.071728424" /><trkpt lat="62.200638861" lon="25.071747930" /><trkpt lat="62.200645304" lon="25.071767534" /><trkpt lat="62.200651788" lon="25.071787231" /><trkpt lat="62.200658311" lon="25.071807016" /><trkpt lat="62.200664872" lon="25.071826884" /><trkpt lat="62.200671469" lon="25.071846830" /><trkpt lat="62.200678101" lon="25.071866851" /><trkpt lat="62.200684766" lon="25.071886941" /><trkpt lat="62.200691464" lon="25.071907095" /><trkpt lat="62.200698192" lon="25.071927309" /><trkpt lat="62.200704950" lon="25.071947578" /><trkpt lat="62.200711735" lon="25.071967897" /><trkpt lat="62.200718547" lon="25.071988262" /><trkpt lat="62.200725385" lon="25.072008668" /><trkpt lat="62.200732246" lon="25.072029110" /><trkpt lat="62.200739129" lon="25.072049583" /><trkpt lat="62.200746033" lon="25.072070083" /><trkpt lat="62.200752956" lon="25.072090604" /><trkpt lat="62.200759898" lon="25.072111143" /><trkpt lat="62.200766856" lon="25.072131694" /><trkpt lat="62.200773830" lon="25.072152254" /><trkpt lat="62.200780818" lon="25.072172816" /><trkpt lat="62.200787818" lon="25.072193376" /><trkpt lat="62.200794829" lon="25.072213930" /><trkpt lat="62.200801850" lon="25.072234473" /><trkpt lat="62.200808879" lon="25.072255000" /><trkpt lat="62.200815915" lon="25.072275506" /><trkpt lat="62.200822956" lon="25.072295987" /><trkpt lat="62.200830001" lon="25.072316437" /><trkpt lat="62.200837050" lon="25.072336853" /><trkpt lat="62.200844099" lon="25.072357230" /><trkpt lat="62.200851148" lon="25.072377562" /><trkpt lat="62.200858196" lon="25.072397845" /><trkpt lat="62.200865241" lon="25.072418075" /><trkpt lat="62.200872281" lon="25.072438246" /><trkpt lat="62.200879316" lon="25.072458354" /><trkpt lat="62.200886343" lon="25.072478394" /><trkpt lat="62.200893362" lon="25.072498361" /><trkpt lat="62.200900371" lon="25.072518251" /><trkpt lat="62.200907369" lon="25.072538059" /><trkpt lat="62.200914353" lon="25.072557780" /><trkpt lat="62.200921324" lon="25.072577409" /><trkpt lat="62.200928279" lon="25.072596943" /><trkpt lat="62.200935217" lon="25.072616375" /><trkpt lat="62.200942137" lon="25.072635702" /><trkpt lat="62.200949037" lon="25.072654918" /><trkpt lat="62.200955915" lon="25.072674019" /><trkpt lat="62.200962772" lon="25.072693000" /><trkpt lat="62.200969604" lon="25.072711856" /><trkpt lat="62.200976411" lon="25.072730583" /><trkpt lat="62.200983190" lon="25.072749177" /><trkpt lat="62.200989942" lon="25.072767631" /><trkpt lat="62.200996664" lon="25.072785941" /><trkpt lat="62.201003355" lon="25.072804104" /><trkpt lat="62.201010014" lon="25.072822113" /><trkpt lat="62.201016639" lon="25.072839965" /><trkpt lat="62.201023229" lon="25.072857654" /><trkpt lat="62.201029782" lon="25.072875177" /><trkpt lat="62.201036297" lon="25.072892527" /><trkpt lat="62.201042773" lon="25.072909700" /><trkpt lat="62.201049207" lon="25.072926693" /><trkpt lat="62.201055600" lon="25.072943499" /><trkpt lat="62.201061949" lon="25.072960114" /><trkpt lat="62.201068253" lon="25.072976534" /><trkpt lat="62.201074510" lon="25.072992754" /><trkpt lat="62.201080720" lon="25.073008768" /><trkpt lat="62.201086880" lon="25.073024573" /><trkpt lat="62.201092990" lon="25.073040164" /><trkpt lat="62.201099047" lon="25.073055535" /><trkpt lat="62.201105052" lon="25.073070682" /><trkpt lat="62.201111001" lon="25.073085601" /><trkpt lat="62.201116894" lon="25.073100287" /><trkpt lat="62.201122729" lon="25.073114734" /><trkpt lat="62.201128506" lon="25.073128939" /><trkpt lat="62.201136223" lon="25.073147887" /><trkpt lat="62.201143890" lon="25.073166786" /><trkpt lat="62.201151505" lon="25.073185635" /><trkpt lat="62.201159069" lon="25.073204436" /><trkpt lat="62.201166580" lon="25.073223188" /><trkpt lat="62.201174037" lon="25.073241892" /><trkpt lat="62.201181440" lon="25.073260549" /><trkpt lat="62.201188789" lon="25.073279158" /><trkpt lat="62.201196082" lon="25.073297720" /><trkpt lat="62.201203318" lon="25.073316236" /><trkpt lat="62.201210498" lon="25.073334705" /><trkpt lat="62.201217621" lon="25.073353129" /><trkpt lat="62.201224685" lon="25.073371507" /><trkpt lat="62.201231689" lon="25.073389841" /><trkpt lat="62.201238635" lon="25.073408129" /><trkpt lat="62.201245520" lon="25.073426374" /><trkpt lat="62.201252343" lon="25.073444574" /><trkpt lat="62.201259105" lon="25.073462731" /><trkpt lat="62.201265805" lon="25.073480844" /><trkpt lat="62.201272441" lon="25.073498915" /><trkpt lat="62.201279013" lon="25.073516944" /><trkpt lat="62.201285521" lon="25.073534930" /><trkpt lat="62.201291963" lon="25.073552875" /><trkpt lat="62.201298340" lon="25.073570778" /><trkpt lat="62.201304649" lon="25.073588641" /><trkpt lat="62.201310892" lon="25.073606463" /><trkpt lat="62.201317066" lon="25.073624245" /><trkpt lat="62.201323171" lon="25.073641987" /><trkpt lat="62.201329207" lon="25.073659689" /><trkpt lat="62.201335173" lon="25.073677353" /><trkpt lat="62.201341067" lon="25.073694978" /><trkpt lat="62.201346891" lon="25.073712564" /><trkpt lat="62.201352641" lon="25.073730113" /><trkpt lat="62.201358319" lon="25.073747624" /><trkpt lat="62.201363923" lon="25.073765098" /><trkpt lat="62.201369453" lon="25.073782535" /><trkpt lat="62.201374908" lon="25.073799936" /><trkpt lat="62.201380286" lon="25.073817301" /><trkpt lat="62.201385589" lon="25.073834630" /><trkpt lat="62.201390814" lon="25.073851924" /><trkpt lat="62.201395961" lon="25.073869183" /><trkpt lat="62.201401029" lon="25.073886407" /><trkpt lat="62.201406019" lon="25.073903597" /><trkpt lat="62.201410928" lon="25.073920753" /><trkpt lat="62.201415756" lon="25.073937876" /><trkpt lat="62.201420503" lon="25.073954966" /><trkpt lat="62.201425168" lon="25.073972024" /><trkpt lat="62.201429750" lon="25.073989049" /><trkpt lat="62.201434249" lon="25.074006042" /><trkpt lat="62.201438664" lon="25.074023003" /><trkpt lat="62.201442993" lon="25.074039934" /><trkpt lat="62.201447237" lon="25.074056833" /><trkpt lat="62.201451395" lon="25.074073702" /><trkpt lat="62.201455465" lon="25.074090541" /><trkpt lat="62.201459448" lon="25.074107351" /><trkpt lat="62.201463342" lon="25.074124131" /><trkpt lat="62.201467148" lon="25.074140882" /><trkpt lat="62.201470863" lon="25.074157605" /><trkpt lat="62.201474488" lon="25.074174300" /><trkpt lat="62.201478022" lon="25.074190967" /><trkpt lat="62.201481464" lon="25.074207606" /><trkpt lat="62.201484813" lon="25.074224219" /><trkpt lat="62.201488069" lon="25.074240804" /><trkpt lat="62.201491231" lon="25.074257364" /><trkpt lat="62.201494298" lon="25.074273897" /><trkpt lat="62.201497270" lon="25.074290405" /><trkpt lat="62.201500146" lon="25.074306888" /><trkpt lat="62.201502925" lon="25.074323346" /><trkpt lat="62.201505606" lon="25.074339780" /><trkpt lat="62.201508189" lon="25.074356190" /><trkpt lat="62.201510673" lon="25.074372576" /><trkpt lat="62.201513058" lon="25.074388939" /><trkpt lat="62.201515342" lon="25.074405279" /><trkpt lat="62.201517525" lon="25.074421596" /><trkpt lat="62.201519607" lon="25.074437891" /><trkpt lat="62.201521586" lon="25.074454165" /><trkpt lat="62.201523462" lon="25.074470417" /><trkpt lat="62.201525234" lon="25.074486648" /><trkpt lat="62.201526902" lon="25.074502858" /><trkpt lat="62.201528464" lon="25.074519048" /><trkpt lat="62.201529921" lon="25.074535218" /><trkpt lat="62.201531271" lon="25.074551369" /><trkpt lat="62.201532513" lon="25.074567500" /><trkpt lat="62.201533648" lon="25.074583613" /><trkpt lat="62.201534674" lon="25.074599707" /><trkpt lat="62.201535590" lon="25.074615784" /><trkpt lat="62.201536396" lon="25.074631842" /><trkpt lat="62.201537092" lon="25.074647884" /><trkpt lat="62.201537676" lon="25.074663908" /><trkpt lat="62.201538147" lon="25.074679916" /><trkpt lat="62.201538506" lon="25.074695908" /><trkpt lat="62.201538751" lon="25.074711884" /><trkpt lat="62.201538882" lon="25.074727845" /><trkpt lat="62.201538898" lon="25.074743791" /><trkpt lat="62.201538798" lon="25.074759722" /><trkpt lat="62.201538688" lon="25.074770012" /><trkpt lat="62.201538559" lon="25.074780574" /><trkpt lat="62.201538412" lon="25.074791404" /><trkpt lat="62.201538246" lon="25.074802500" /><trkpt lat="62.201538062" lon="25.074813857" /><trkpt lat="62.201537861" lon="25.074825473" /><trkpt lat="62.201537642" lon="25.074837343" /><trkpt lat="62.201537406" lon="25.074849465" /><trkpt lat="62.201537152" lon="25.074861834" /><trkpt lat="62.201536882" lon="25.074874448" /><trkpt lat="62.201536595" lon="25.074887304" /><trkpt lat="62.201536291" lon="25.074900396" /><trkpt lat="62.201535972" lon="25.074913723" /><trkpt lat="62.201535636" lon="25.074927280" /><trkpt lat="62.201535285" lon="25.074941065" /><trkpt lat="62.201534918" lon="25.074955074" /><trkpt lat="62.201534536" lon="25.074969302" /><trkpt lat="62.201534138" lon="25.074983748" /><trkpt lat="62.201533726" lon="25.074998407" /><trkpt lat="62.201533299" lon="25.075013277" /><trkpt lat="62.201532858" lon="25.075028352" /><trkpt lat="62.201532403" lon="25.075043631" /><trkpt lat="62.201531934" lon="25.075059110" /><trkpt lat="62.201531451" lon="25.075074785" /><trkpt lat="62.201530954" lon="25.075090652" /><trkpt lat="62.201530445" lon="25.075106709" /><trkpt lat="62.201529922" lon="25.075122952" /><trkpt lat="62.201529386" lon="25.075139377" /><trkpt lat="62.201528838" lon="25.075155982" /><trkpt lat="62.201528278" lon="25.075172761" /><trkpt lat="62.201527705" lon="25.075189714" /><trkpt lat="62.201527121" lon="25.075206834" /><trkpt lat="62.201526524" lon="25.075224120" /><trkpt lat="62.201525917" lon="25.075241568" /><trkpt lat="62.201525298" lon="25.075259174" /><trkpt lat="62.201524668" lon="25.075276935" /><trkpt lat="62.201524027" lon="25.075294847" /><trkpt lat="62.201523376" lon="25.075312908" /><trkpt lat="62.201522715" lon="25.075331113" /><trkpt lat="62.201522043" lon="25.075349459" /><trkpt lat="62.201521362" lon="25.075367943" /><trkpt lat="62.201520671" lon="25.075386561" /><trkpt lat="62.201519971" lon="25.075405310" /><trkpt lat="62.201519261" lon="25.075424186" /><trkpt lat="62.201518542" lon="25.075443186" /><trkpt lat="62.201517815" lon="25.075462306" /><trkpt lat="62.201517079" lon="25.075481544" /><trkpt lat="62.201516335" lon="25.075500895" /><trkpt lat="62.201515583" lon="25.075520356" /><trkpt lat="62.201514823" lon="25.075539924" /><trkpt lat="62.201514056" lon="25.075559596" /><trkpt lat="62.201513281" lon="25.075579366" /><trkpt lat="62.201512499" lon="25.075599234" /><trkpt lat="62.201511710" lon="25.075619194" /><trkpt lat="62.201510915" lon="25.075639244" /><trkpt lat="62.201510113" lon="25.075659379" /><trkpt lat="62.201509305" lon="25.075679598" /><trkpt lat="62.201508490" lon="25.075699895" /><trkpt lat="62.201507670" lon="25.075720268" /><trkpt lat="62.201506845" lon="25.075740713" /><trkpt lat="62.201506014" lon="25.075761227" /><trkpt lat="62.201505178" lon="25.075781807" /><trkpt lat="62.201504337" lon="25.075802448" /><trkpt lat="62.201503492" lon="25.075823148" /><trkpt lat="62.201502642" lon="25.075843903" /><trkpt lat="62.201501788" lon="25.075864709" /><trkpt lat="62.201500930" lon="25.075885564" /><trkpt lat="62.201500068" lon="25.075906463" /><trkpt lat="62.201499203" lon="25.075927403" /><trkpt lat="62.201498334" lon="25.075948382" /><trkpt lat="62.201497463" lon="25.075969394" /><trkpt lat="62.201496589" lon="25.075990438" /><trkpt lat="62.201495712" lon="25.076011508" /><trkpt lat="62.201494832" lon="25.076032603" /><trkpt lat="62.201493951" lon="25.076053719" /><trkpt lat="62.201493067" lon="25.076074852" /><trkpt lat="62.201492182" lon="25.076095998" /><trkpt lat="62.201491296" lon="25.076117154" /><trkpt lat="62.201490408" lon="25.076138318" /><trkpt lat="62.201489519" lon="25.076159484" /><trkpt lat="62.201488630" lon="25.076180651" /><trkpt lat="62.201487739" lon="25.076201814" /><trkpt lat="62.201486849" lon="25.076222970" /><trkpt lat="62.201485958" lon="25.076244116" /><trkpt lat="62.201485068" lon="25.076265247" /><trkpt lat="62.201484178" lon="25.076286362" /><trkpt lat="62.201483288" lon="25.076307456" /><trkpt lat="62.201482400" lon="25.076328525" /><trkpt lat="62.201481512" lon="25.076349567" /><trkpt lat="62.201480626" lon="25.076370578" /><trkpt lat="62.201479741" lon="25.076391554" /><trkpt lat="62.201478858" lon="25.076412492" /><trkpt lat="62.201477976" lon="25.076433389" /><trkpt lat="62.201477097" lon="25.076454240" /><trkpt lat="62.201476221" lon="25.076475044" /><trkpt lat="62.201475347" lon="25.076495796" /><trkpt lat="62.201474475" lon="25.076516492" /><trkpt lat="62.201473607" lon="25.076537130" /><trkpt lat="62.201472742" lon="25.076557706" /><trkpt lat="62.201471881" lon="25.076578216" /><trkpt lat="62.201471024" lon="25.076598658" /><trkpt lat="62.201470170" lon="25.076619027" /><trkpt lat="62.201469321" lon="25.076639320" /><trkpt lat="62.201468476" lon="25.076659533" /><trkpt lat="62.201467636" lon="25.076679664" /><trkpt lat="62.201466800" lon="25.076699709" /><trkpt lat="62.201465970" lon="25.076719664" /><trkpt lat="62.201465145" lon="25.076739526" /><trkpt lat="62.201464326" lon="25.076759291" /><trkpt lat="62.201463512" lon="25.076778957" /><trkpt lat="62.201462705" lon="25.076798519" /><trkpt lat="62.201461904" lon="25.076817974" /><trkpt lat="62.201461109" lon="25.076837319" /><trkpt lat="62.201460321" lon="25.076856550" /><trkpt lat="62.201459540" lon="25.076875664" /><trkpt lat="62.201458766" lon="25.076894657" /><trkpt lat="62.201457999" lon="25.076913526" /><trkpt lat="62.201457240" lon="25.076932267" /><trkpt lat="62.201456489" lon="25.076950878" /><trkpt lat="62.201455746" lon="25.076969354" /><trkpt lat="62.201455011" lon="25.076987692" /><trkpt lat="62.201454285" lon="25.077005889" /><trkpt lat="62.201453568" lon="25.077023942" /><trkpt lat="62.201452859" lon="25.077041845" /><trkpt lat="62.201452160" lon="25.077059598" /><trkpt lat="62.201451470" lon="25.077077195" /><trkpt lat="62.201450790" lon="25.077094634" /><trkpt lat="62.201450119" lon="25.077111910" /><trkpt lat="62.201449459" lon="25.077129022" /><trkpt lat="62.201448809" lon="25.077145964" /><trkpt lat="62.201448170" lon="25.077162734" /><trkpt lat="62.201447541" lon="25.077179328" /><trkpt lat="62.201446924" lon="25.077195743" /><trkpt lat="62.201446318" lon="25.077211976" /><trkpt lat="62.201445723" lon="25.077228022" /><trkpt lat="62.201445140" lon="25.077243879" /><trkpt lat="62.201444569" lon="25.077259543" /><trkpt lat="62.201444010" lon="25.077275010" /><trkpt lat="62.201443463" lon="25.077290278" /><trkpt lat="62.201442929" lon="25.077305342" /><trkpt lat="62.201442408" lon="25.077320199" /><trkpt lat="62.201441900" lon="25.077334847" /><trkpt lat="62.201441405" lon="25.077349280" /><trkpt lat="62.201440923" lon="25.077363497" /><trkpt lat="62.201440456" lon="25.077377493" /><trkpt lat="62.201440002" lon="25.077391264" /><trkpt lat="62.201439563" lon="25.077404809" /><trkpt lat="62.201439138" lon="25.077418123" /><trkpt lat="62.201438727" lon="25.077431202" /><trkpt lat="62.201438161" lon="25.077449298" /><trkpt lat="62.201437586" lon="25.077467486" /><trkpt lat="62.201437003" lon="25.077485764" /><trkpt lat="62.201436413" lon="25.077504129" /><trkpt lat="62.201435818" lon="25.077522577" /><trkpt lat="62.201435219" lon="25.077541106" /><trkpt lat="62.201434618" lon="25.077559712" /><trkpt lat="62.201434015" lon="25.077578393" /><trkpt lat="62.201433413" lon="25.077597146" /><trkpt lat="62.201432812" lon="25.077615967" /><trkpt lat="62.201432214" lon="25.077634854" /><trkpt lat="62.201431620" lon="25.077653803" /><trkpt lat="62.201431031" lon="25.077672813" /><trkpt lat="62.201430449" lon="25.077691878" /><trkpt lat="62.201429875" lon="25.077710998" /><trkpt lat="62.201429310" lon="25.077730168" /><trkpt lat="62.201428756" lon="25.077749386" /><trkpt lat="62.201428214" lon="25.077768648" /><trkpt lat="62.201427685" lon="25.077787952" /><trkpt lat="62.201427171" lon="25.077807295" /><trkpt lat="62.201426673" lon="25.077826674" /><trkpt lat="62.201426192" lon="25.077846085" /><trkpt lat="62.201425730" lon="25.077865526" /><trkpt lat="62.201425288" lon="25.077884993" /><trkpt lat="62.201424867" lon="25.077904485" /><trkpt lat="62.201424469" lon="25.077923997" /><trkpt lat="62.201424094" lon="25.077943526" /><trkpt lat="62.201423745" lon="25.077963071" /><trkpt lat="62.201423423" lon="25.077982627" /><trkpt lat="62.201423128" lon="25.078002192" /><trkpt lat="62.201422863" lon="25.078021762" /><trkpt lat="62.201422628" lon="25.078041335" /><trkpt lat="62.201422425" lon="25.078060908" /><trkpt lat="62.201422255" lon="25.078080478" /><trkpt lat="62.201422119" lon="25.078100042" /><trkpt lat="62.201422020" lon="25.078119596" /><trkpt lat="62.201421957" lon="25.078139138" /><trkpt lat="62.201421933" lon="25.078158665" /><trkpt lat="62.201421949" lon="25.078178173" /><trkpt lat="62.201422006" lon="25.078197661" /><trkpt lat="62.201422106" lon="25.078217124" /><trkpt lat="62.201422249" lon="25.078236560" /><trkpt lat="62.201422437" lon="25.078255965" /><trkpt lat="62.201422672" lon="25.078275338" /><trkpt lat="62.201422954" lon="25.078294674" /><trkpt lat="62.201423286" lon="25.078313971" /><trkpt lat="62.201423668" lon="25.078333226" /><trkpt lat="62.201424101" lon="25.078352435" /><trkpt lat="62.201424588" lon="25.078371597" /><trkpt lat="62.201425129" lon="25.078390707" /><trkpt lat="62.201425725" lon="25.078409763" /><trkpt lat="62.201426379" lon="25.078428762" /><trkpt lat="62.201427091" lon="25.078447701" /><trkpt lat="62.201427863" lon="25.078466577" /><trkpt lat="62.201428695" lon="25.078485386" /><trkpt lat="62.201429590" lon="25.078504126" /><trkpt lat="62.201430549" lon="25.078522795" /><trkpt lat="62.201431572" lon="25.078541388" /><trkpt lat="62.201432662" lon="25.078559902" /><trkpt lat="62.201433819" lon="25.078578336" /><trkpt lat="62.201435045" lon="25.078596686" /><trkpt lat="62.201436342" lon="25.078614948" /><trkpt lat="62.201437710" lon="25.078633121" /><trkpt lat="62.201439151" lon="25.078651200" /><trkpt lat="62.201440666" lon="25.078669183" /><trkpt lat="62.201442256" lon="25.078687067" /><trkpt lat="62.201443924" lon="25.078704849" /><trkpt lat="62.201445670" lon="25.078722526" /><trkpt lat="62.201447495" lon="25.078740095" /><trkpt lat="62.201449401" lon="25.078757552" /><trkpt lat="62.201451389" lon="25.078774896" /><trkpt lat="62.201453460" lon="25.078792122" /><trkpt lat="62.201455617" lon="25.078809229" /><trkpt lat="62.201457859" lon="25.078826212" /><trkpt lat="62.201460189" lon="25.078843069" /><trkpt lat="62.201462608" lon="25.078859798" /><trkpt lat="62.201465117" lon="25.078876394" /><trkpt lat="62.201467717" lon="25.078892855" /><trkpt lat="62.201470410" lon="25.078909178" /><trkpt lat="62.201473197" lon="25.078925360" /><trkpt lat="62.201476079" lon="25.078941398" /><trkpt lat="62.201479058" lon="25.078957289" /><trkpt lat="62.201482135" lon="25.078973030" /><trkpt lat="62.201485312" lon="25.078988618" /><trkpt lat="62.201488589" lon="25.079004050" /><trkpt lat="62.201491968" lon="25.079019323" /><trkpt lat="62.201495450" lon="25.079034434" /><trkpt lat="62.201499037" lon="25.079049380" /><trkpt lat="62.201502730" lon="25.079064158" /><trkpt lat="62.201506531" lon="25.079078765" /><trkpt lat="62.201510440" lon="25.079093198" /><trkpt lat="62.201514458" lon="25.079107454" /><trkpt lat="62.201518589" lon="25.079121530" /><trkpt lat="62.201522831" lon="25.079135423" /><trkpt lat="62.201527188" lon="25.079149130" /><trkpt lat="62.201531660" lon="25.079162648" /><trkpt lat="62.201536248" lon="25.079175974" /><trkpt lat="62.201540954" lon="25.079189106" /><trkpt lat="62.201545780" lon="25.079202039" /><trkpt lat="62.201550726" lon="25.079214771" /><trkpt lat="62.201555794" lon="25.079227299" /><trkpt lat="62.201560985" lon="25.079239621" /><trkpt lat="62.201566300" lon="25.079251732" /><trkpt lat="62.201571741" lon="25.079263631" /><trkpt lat="62.201577310" lon="25.079275314" /><trkpt lat="62.201583007" lon="25.079286778" /><trkpt lat="62.201588833" lon="25.079298019" /><trkpt lat="62.201596619" lon="25.079312542" /><trkpt lat="62.201604598" lon="25.079327064" /><trkpt lat="62.201612765" lon="25.079341584" /><trkpt lat="62.201621118" lon="25.079356101" /><trkpt lat="62.201629651" lon="25.079370613" /><trkpt lat="62.201638362" lon="25.079385121" /><trkpt lat="62.201647247" lon="25.079399622" /><trkpt lat="62.201656301" lon="25.079414115" /><trkpt lat="62.201665522" lon="25.079428600" /><trkpt lat="62.201674904" lon="25.079443076" /><trkpt lat="62.201684445" lon="25.079457541" /><trkpt lat="62.201694140" lon="25.079471995" /><trkpt lat="62.201703986" lon="25.079486436" /><trkpt lat="62.201713979" lon="25.079500863" /><trkpt lat="62.201724115" lon="25.079515276" /><trkpt lat="62.201734390" lon="25.079529673" /><trkpt lat="62.201744801" lon="25.079544053" /><trkpt lat="62.201755343" lon="25.079558415" /><trkpt lat="62.201766013" lon="25.079572759" /><trkpt lat="62.201776808" lon="25.079587082" /><trkpt lat="62.201787722" lon="25.079601384" /><trkpt lat="62.201798753" lon="25.079615665" /><trkpt lat="62.201809896" lon="25.079629922" /><trkpt lat="62.201821148" lon="25.079644155" /><trkpt lat="62.201832506" lon="25.079658363" /><trkpt lat="62.201843964" lon="25.079672544" /><trkpt lat="62.201855520" lon="25.079686698" /><trkpt lat="62.201867169" lon="25.079700824" /><trkpt lat="62.201878908" lon="25.079714920" /><trkpt lat="62.201890733" lon="25.079728986" /><trkpt lat="62.201902640" lon="25.079743021" /><trkpt lat="62.201914625" lon="25.079757023" /><trkpt lat="62.201926685" lon="25.079770991" /><trkpt lat="62.201938815" lon="25.079784924" /><trkpt lat="62.201951012" lon="25.079798822" /><trkpt lat="62.201963273" lon="25.079812683" /><trkpt lat="62.201975592" lon="25.079826506" /><trkpt lat="62.201987967" lon="25.079840291" /><trkpt lat="62.202000394" lon="25.079854035" /><trkpt lat="62.202012868" lon="25.079867738" /><trkpt lat="62.202025387" lon="25.079881400" /><trkpt lat="62.202037945" lon="25.079895018" /><trkpt lat="62.202050540" lon="25.079908592" /><trkpt lat="62.202063168" lon="25.079922121" /><trkpt lat="62.202075824" lon="25.079935604" /><trkpt lat="62.202088505" lon="25.079949040" /><trkpt lat="62.202101207" lon="25.079962427" /><trkpt lat="62.202113927" lon="25.079975764" /><trkpt lat="62.202126660" lon="25.079989052" /><trkpt lat="62.202139403" lon="25.080002288" /><trkpt lat="62.202152151" lon="25.080015471" /><trkpt lat="62.202164902" lon="25.080028601" /><trkpt lat="62.202177651" lon="25.080041676" /><trkpt lat="62.202190395" lon="25.080054695" /><trkpt lat="62.202203129" lon="25.080067658" /><trkpt lat="62.202215850" lon="25.080080562" /><trkpt lat="62.202228554" lon="25.080093408" /><trkpt lat="62.202241237" lon="25.080106194" /><trkpt lat="62.202253895" lon="25.080118920" /><trkpt lat="62.202266525" lon="25.080131583" /><trkpt lat="62.202279123" lon="25.080144183" /><trkpt lat="62.202291685" lon="25.080156719" /><trkpt lat="62.202304207" lon="25.080169190" /><trkpt lat="62.202316685" lon="25.080181594" /><trkpt lat="62.202329116" lon="25.080193932" /><trkpt lat="62.202341495" lon="25.080206201" /><trkpt lat="62.202353820" lon="25.080218401" /><trkpt lat="62.202366085" lon="25.080230530" /><trkpt lat="62.202378288" lon="25.080242588" /><trkpt lat="62.202390424" lon="25.080254573" /><trkpt lat="62.202402490" lon="25.080266485" /><trkpt lat="62.202414481" lon="25.080278323" /><trkpt lat="62.202426395" lon="25.080290084" /><trkpt lat="62.202438227" lon="25.080301769" /><trkpt lat="62.202449973" lon="25.080313376" /><trkpt lat="62.202461630" lon="25.080324904" /><trkpt lat="62.202473194" lon="25.080336353" /><trkpt lat="62.202484661" lon="25.080347721" /><trkpt lat="62.202496027" lon="25.080359006" /><trkpt lat="62.202507288" lon="25.080370209" /><trkpt lat="62.202518441" lon="25.080381327" /><trkpt lat="62.202529481" lon="25.080392361" /><trkpt lat="62.202540461" lon="25.080403344" /><trkpt lat="62.202551694" lon="25.080414572" /><trkpt lat="62.202563172" lon="25.080426038" /><trkpt lat="62.202574887" lon="25.080437735" /><trkpt lat="62.202586830" lon="25.080449655" /><trkpt lat="62.202598993" lon="25.080461791" /><trkpt lat="62.202611367" lon="25.080474137" /><trkpt lat="62.202623945" lon="25.080486684" /><trkpt lat="62.202636718" lon="25.080499426" /><trkpt lat="62.202649678" lon="25.080512356" /><trkpt lat="62.202662816" lon="25.080525465" /><trkpt lat="62.202676125" lon="25.080538748" /><trkpt lat="62.202689595" lon="25.080552197" /><trkpt lat="62.202703219" lon="25.080565804" /><trkpt lat="62.202716989" lon="25.080579563" /><trkpt lat="62.202730895" lon="25.080593465" /><trkpt lat="62.202744930" lon="25.080607505" /><trkpt lat="62.202759086" lon="25.080621675" /><trkpt lat="62.202773353" lon="25.080635967" /><trkpt lat="62.202787725" lon="25.080650375" /><trkpt lat="62.202802192" lon="25.080664891" /><trkpt lat="62.202816746" lon="25.080679508" /><trkpt lat="62.202831380" lon="25.080694218" /><trkpt lat="62.202846084" lon="25.080709016" /><trkpt lat="62.202860850" lon="25.080723892" /><trkpt lat="62.202875670" lon="25.080738841" /><trkpt lat="62.202890536" lon="25.080753855" /><trkpt lat="62.202905440" lon="25.080768926" /><trkpt lat="62.202920373" lon="25.080784048" /><trkpt lat="62.202935326" lon="25.080799213" /><trkpt lat="62.202950293" lon="25.080814415" /><trkpt lat="62.202965263" lon="25.080829645" /><trkpt lat="62.202980230" lon="25.080844898" /><trkpt lat="62.202995184" lon="25.080860164" /><trkpt lat="62.203010118" lon="25.080875438" /><trkpt lat="62.203025023" lon="25.080890712" /><trkpt lat="62.203039890" lon="25.080905979" /><trkpt lat="62.203054713" lon="25.080921232" /><trkpt lat="62.203069481" lon="25.080936463" /><trkpt lat="62.203084187" lon="25.080951666" /><trkpt lat="62.203098823" lon="25.080966832" /><trkpt lat="62.203113381" lon="25.080981956" /><trkpt lat="62.203127851" lon="25.080997029" /><trkpt lat="62.203142226" lon="25.081012045" /><trkpt lat="62.203156498" lon="25.081026996" /><trkpt lat="62.203170658" lon="25.081041875" /><trkpt lat="62.203184697" lon="25.081056674" /><trkpt lat="62.203198609" lon="25.081071388" /><trkpt lat="62.203212383" lon="25.081086008" /><trkpt lat="62.203226013" lon="25.081100527" /><trkpt lat="62.203239489" lon="25.081114938" /><trkpt lat="62.203252804" lon="25.081129234" /><trkpt lat="62.203265948" lon="25.081143408" /><trkpt lat="62.203278915" lon="25.081157452" /><trkpt lat="62.203291695" lon="25.081171359" /><trkpt lat="62.203304280" lon="25.081185122" /><trkpt lat="62.203316662" lon="25.081198734" /><trkpt lat="62.203328833" lon="25.081212188" /><trkpt lat="62.203340784" lon="25.081225476" /><trkpt lat="62.203352507" lon="25.081238591" /><trkpt lat="62.203363994" lon="25.081251526" /><trkpt lat="62.203375237" lon="25.081264274" /><trkpt lat="62.203386226" lon="25.081276828" /><trkpt lat="62.203396955" lon="25.081289180" /><trkpt lat="62.203407414" lon="25.081301323" /><trkpt lat="62.203417595" lon="25.081313250" /><trkpt lat="62.203427490" lon="25.081324954" /><trkpt lat="62.203437091" lon="25.081336427" /><trkpt lat="62.203446389" lon="25.081347663" /><trkpt lat="62.203455376" lon="25.081358654" /><trkpt lat="62.203464044" lon="25.081369392" /><trkpt lat="62.203472385" lon="25.081379872" /><trkpt lat="62.203480390" lon="25.081390085" /><trkpt lat="62.203488051" lon="25.081400024" /><trkpt lat="62.203495359" lon="25.081409683" /><trkpt lat="62.203502307" lon="25.081419053" /><trkpt lat="62.203508885" lon="25.081428128" /><trkpt lat="62.203515087" lon="25.081436900" /><trkpt lat="62.203520902" lon="25.081445363" /><trkpt lat="62.203526324" lon="25.081453509" /><trkpt lat="62.203531344" lon="25.081461331" /><trkpt lat="62.203535954" lon="25.081468821" /><trkpt lat="62.203540144" lon="25.081475973" /><trkpt lat="62.203549478" lon="25.081492792" /><trkpt lat="62.203558100" lon="25.081509173" /><trkpt lat="62.203566077" lon="25.081525125" /><trkpt lat="62.203573477" lon="25.081540656" /><trkpt lat="62.203580367" lon="25.081555775" /><trkpt lat="62.203586814" lon="25.081570489" /><trkpt lat="62.203592885" lon="25.081584806" /><trkpt lat="62.203598647" lon="25.081598736" /><trkpt lat="62.203604168" lon="25.081612285" /><trkpt lat="62.203609515" lon="25.081625463" /><trkpt lat="62.203614755" lon="25.081638277" /><trkpt lat="62.203619955" lon="25.081650735" /><trkpt lat="62.203625183" lon="25.081662847" /><trkpt lat="62.203630505" lon="25.081674619" /><trkpt lat="62.203635990" lon="25.081686061" /><trkpt lat="62.203641703" lon="25.081697180" /><trkpt lat="62.203647713" lon="25.081707984" /><trkpt lat="62.203654086" lon="25.081718482" /><trkpt lat="62.203660890" lon="25.081728682" /><trkpt lat="62.203668192" lon="25.081738593" /><trkpt lat="62.203676060" lon="25.081748221" /><trkpt lat="62.203684559" lon="25.081757576" /><trkpt lat="62.203693759" lon="25.081766666" /><trkpt lat="62.203703725" lon="25.081775498" /><trkpt lat="62.203714525" lon="25.081784082" /><trkpt lat="62.203726226" lon="25.081792425" /><trkpt lat="62.203738896" lon="25.081800535" /><trkpt lat="62.203752601" lon="25.081808421" /><trkpt lat="62.203767410" lon="25.081816090" /><trkpt lat="62.203783388" lon="25.081823552" /><trkpt lat="62.203800604" lon="25.081830814" /><trkpt lat="62.203819124" lon="25.081837884" /><trkpt lat="62.203839016" lon="25.081844771" /><trkpt lat="62.203860347" lon="25.081851482" /><trkpt lat="62.203878546" lon="25.081856749" /><trkpt lat="62.203896543" lon="25.081861566" /><trkpt lat="62.203914349" lon="25.081865942" /><trkpt lat="62.203931975" lon="25.081869887" /><trkpt lat="62.203949435" lon="25.081873409" /><trkpt lat="62.203966739" lon="25.081876519" /><trkpt lat="62.203983899" lon="25.081879225" /><trkpt lat="62.204000927" lon="25.081881536" /><trkpt lat="62.204017835" lon="25.081883463" /><trkpt lat="62.204034634" lon="25.081885015" /><trkpt lat="62.204051337" lon="25.081886200" /><trkpt lat="62.204067955" lon="25.081887029" /><trkpt lat="62.204084500" lon="25.081887510" /><trkpt lat="62.204100983" lon="25.081887653" /><trkpt lat="62.204117416" lon="25.081887468" /><trkpt lat="62.204133812" lon="25.081886962" /><trkpt lat="62.204150182" lon="25.081886147" /><trkpt lat="62.204166537" lon="25.081885031" /><trkpt lat="62.204182889" lon="25.081883624" /><trkpt lat="62.204199251" lon="25.081881934" /><trkpt lat="62.204215633" lon="25.081879972" /><trkpt lat="62.204232048" lon="25.081877746" /><trkpt lat="62.204248508" lon="25.081875267" /><trkpt lat="62.204265024" lon="25.081872542" /><trkpt lat="62.204281608" lon="25.081869583" /><trkpt lat="62.204298271" lon="25.081866397" /><trkpt lat="62.204315026" lon="25.081862995" /><trkpt lat="62.204331884" lon="25.081859385" /><trkpt lat="62.204348857" lon="25.081855577" /><trkpt lat="62.204365957" lon="25.081851580" /><trkpt lat="62.204383195" lon="25.081847405" /><trkpt lat="62.204400584" lon="25.081843059" /><trkpt lat="62.204418134" lon="25.081838552" /><trkpt lat="62.204435858" lon="25.081833895" /><trkpt lat="62.204453768" lon="25.081829095" /><trkpt lat="62.204471876" lon="25.081824163" /><trkpt lat="62.204490192" lon="25.081819107" /><trkpt lat="62.204508729" lon="25.081813937" /><trkpt lat="62.204527499" lon="25.081808663" /><trkpt lat="62.204546513" lon="25.081803294" /><trkpt lat="62.204565783" lon="25.081797838" /><trkpt lat="62.204580461" lon="25.081793626" /><trkpt lat="62.204595557" lon="25.081789189" /><trkpt lat="62.204611050" lon="25.081784535" /><trkpt lat="62.204626921" lon="25.081779675" /><trkpt lat="62.204643151" lon="25.081774615" /><trkpt lat="62.204659720" lon="25.081769366" /><trkpt lat="62.204676609" lon="25.081763937" /><trkpt lat="62.204693798" lon="25.081758335" /><trkpt lat="62.204711268" lon="25.081752571" /><trkpt lat="62.204728999" lon="25.081746653" /><trkpt lat="62.204746972" lon="25.081740589" /><trkpt lat="62.204765167" lon="25.081734390" /><trkpt lat="62.204783565" lon="25.081728063" /><trkpt lat="62.204802146" lon="25.081721617" /><trkpt lat="62.204820891" lon="25.081715063" /><trkpt lat="62.204839780" lon="25.081708407" /><trkpt lat="62.204858794" lon="25.081701660" /><trkpt lat="62.204877914" lon="25.081694830" /><trkpt lat="62.204897119" lon="25.081687926" /><trkpt lat="62.204916391" lon="25.081680958" /><trkpt lat="62.204935709" lon="25.081673933" /><trkpt lat="62.204955055" lon="25.081666861" /><trkpt lat="62.204974409" lon="25.081659750" /><trkpt lat="62.204993752" lon="25.081652610" /><trkpt lat="62.205013063" lon="25.081645450" /><trkpt lat="62.205032324" lon="25.081638278" /><trkpt lat="62.205051515" lon="25.081631103" /><trkpt lat="62.205070616" lon="25.081623935" /><trkpt lat="62.205089608" lon="25.081616782" /><trkpt lat="62.205108472" lon="25.081609652" /><trkpt lat="62.205127188" lon="25.081602556" /><trkpt lat="62.205145737" lon="25.081595501" /><trkpt lat="62.205164098" lon="25.081588497" /><trkpt lat="62.205182253" lon="25.081581553" /><trkpt lat="62.205200183" lon="25.081574677" /><trkpt lat="62.205217867" lon="25.081567878" /><trkpt lat="62.205235286" lon="25.081561166" /><trkpt lat="62.205252420" lon="25.081554549" /><trkpt lat="62.205269251" lon="25.081548036" /><trkpt lat="62.205285759" lon="25.081541636" /><trkpt lat="62.205301923" lon="25.081535358" /><trkpt lat="62.205317726" lon="25.081529210" /><trkpt lat="62.205333146" lon="25.081523203" /><trkpt lat="62.205348166" lon="25.081517344" /><trkpt lat="62.205362764" lon="25.081511642" /><trkpt lat="62.205376923" lon="25.081506107" /><trkpt lat="62.205390622" lon="25.081500747" /><trkpt lat="62.205403841" lon="25.081495571" /><trkpt lat="62.205416562" lon="25.081490588" /><trkpt lat="62.205428765" lon="25.081485807" /><trkpt lat="62.205440430" lon="25.081481237" /><trkpt lat="62.205451537" lon="25.081476887" /><trkpt lat="62.205462069" lon="25.081472766" /><trkpt lat="62.205472004" lon="25.081468882" /><trkpt lat="62.205481323" lon="25.081465244" /><trkpt lat="62.205497672" lon="25.081458916" /><trkpt lat="62.205513726" lon="25.081452815" /><trkpt lat="62.205529521" lon="25.081446952" /><trkpt lat="62.205545096" lon="25.081441339" /><trkpt lat="62.205560489" lon="25.081435988" /><trkpt lat="62.205575737" lon="25.081430912" /><trkpt lat="62.205590879" lon="25.081426122" /><trkpt lat="62.205605952" lon="25.081421630" /><trkpt lat="62.205620993" lon="25.081417447" /><trkpt lat="62.205636042" lon="25.081413587" /><trkpt lat="62.205651134" lon="25.081410060" /><trkpt lat="62.205666309" lon="25.081406879" /><trkpt lat="62.205681604" lon="25.081404056" /><trkpt lat="62.205697057" lon="25.081401602" /><trkpt lat="62.205712705" lon="25.081399530" /><trkpt lat="62.205728587" lon="25.081397851" /><trkpt lat="62.205744741" lon="25.081396578" /><trkpt lat="62.205761203" lon="25.081395721" /><trkpt lat="62.205778012" lon="25.081395294" /><trkpt lat="62.205795206" lon="25.081395308" /><trkpt lat="62.205812822" lon="25.081395775" /><trkpt lat="62.205830898" lon="25.081396707" /><trkpt lat="62.205849473" lon="25.081398116" /><trkpt lat="62.205868583" lon="25.081400013" /><trkpt lat="62.205888267" lon="25.081402411" /><trkpt lat="62.205908563" lon="25.081405322" /><trkpt lat="62.205929507" lon="25.081408757" /><trkpt lat="62.205951139" lon="25.081412729" /><trkpt lat="62.205973496" lon="25.081417249" /><trkpt lat="62.205996615" lon="25.081422329" /><trkpt lat="62.206006953" lon="25.081424758" /><trkpt lat="62.206017804" lon="25.081427443" /><trkpt lat="62.206029153" lon="25.081430375" /><trkpt lat="62.206040987" lon="25.081433547" /><trkpt lat="62.206053290" lon="25.081436952" /><trkpt lat="62.206066050" lon="25.081440582" /><trkpt lat="62.206079251" lon="25.081444430" /><trkpt lat="62.206092880" lon="25.081448489" /><trkpt lat="62.206106922" lon="25.081452749" /><trkpt lat="62.206121364" lon="25.081457205" /><trkpt lat="62.206136190" lon="25.081461849" /><trkpt lat="62.206151387" lon="25.081466673" /><trkpt lat="62.206166941" lon="25.081471670" /><trkpt lat="62.206182838" lon="25.081476831" /><trkpt lat="62.206199063" lon="25.081482151" /><trkpt lat="62.206215602" lon="25.081487620" /><trkpt lat="62.206232441" lon="25.081493232" /><trkpt lat="62.206249566" lon="25.081498980" /><trkpt lat="62.206266962" lon="25.081504855" /><trkpt lat="62.206284616" lon="25.081510850" /><trkpt lat="62.206302513" lon="25.081516957" /><trkpt lat="62.206320639" lon="25.081523170" /><trkpt lat="62.206338981" lon="25.081529480" /><trkpt lat="62.206357523" lon="25.081535881" /><trkpt lat="62.206376251" lon="25.081542364" /><trkpt lat="62.206395152" lon="25.081548922" /><trkpt lat="62.206414211" lon="25.081555547" /><trkpt lat="62.206433414" lon="25.081562233" /><trkpt lat="62.206452747" lon="25.081568971" /><trkpt lat="62.206472196" lon="25.081575754" /><trkpt lat="62.206491746" lon="25.081582575" /><trkpt lat="62.206511383" lon="25.081589426" /><trkpt lat="62.206531094" lon="25.081596299" /><trkpt lat="62.206550864" lon="25.081603188" /><trkpt lat="62.206570678" lon="25.081610084" /><trkpt lat="62.206590523" lon="25.081616979" /><trkpt lat="62.206610385" lon="25.081623868" /><trkpt lat="62.206630248" lon="25.081630741" /><trkpt lat="62.206650100" lon="25.081637592" /><trkpt lat="62.206669926" lon="25.081644413" /><trkpt lat="62.206689711" lon="25.081651196" /><trkpt lat="62.206709443" lon="25.081657934" /><trkpt lat="62.206729105" lon="25.081664620" /><trkpt lat="62.206748685" lon="25.081671245" /><trkpt lat="62.206768167" lon="25.081677803" /><trkpt lat="62.206787539" lon="25.081684286" /><trkpt lat="62.206806785" lon="25.081690687" /><trkpt lat="62.206825892" lon="25.081696997" /><trkpt lat="62.206844845" lon="25.081703210" /><trkpt lat="62.206863630" lon="25.081709317" /><trkpt lat="62.206882233" lon="25.081715313" /><trkpt lat="62.206900640" lon="25.081721187" /><trkpt lat="62.206918837" lon="25.081726935" /><trkpt lat="62.206936809" lon="25.081732547" /><trkpt lat="62.206954542" lon="25.081738016" /><trkpt lat="62.206972023" lon="25.081743336" /><trkpt lat="62.206989236" lon="25.081748497" /><trkpt lat="62.207006168" lon="25.081753494" /><trkpt lat="62.207022805" lon="25.081758318" /><trkpt lat="62.207039132" lon="25.081762962" /><trkpt lat="62.207055135" lon="25.081767418" /><trkpt lat="62.207070800" lon="25.081771679" /><trkpt lat="62.207086113" lon="25.081775737" /><trkpt lat="62.207101060" lon="25.081779585" /><trkpt lat="62.207115626" lon="25.081783215" /><trkpt lat="62.207129798" lon="25.081786620" /><trkpt lat="62.207143560" lon="25.081789793" /><trkpt lat="62.207156900" lon="25.081792725" /><trkpt lat="62.207169803" lon="25.081795409" /><trkpt lat="62.207182254" lon="25.081797838" /><trkpt lat="62.207195078" lon="25.081800322" /><trkpt lat="62.207208379" lon="25.081803034" /><trkpt lat="62.207222143" lon="25.081805968" /><trkpt lat="62.207236352" lon="25.081809115" /><trkpt lat="62.207250991" lon="25.081812468" /><trkpt lat="62.207266044" lon="25.081816018" /><trkpt lat="62.207281495" lon="25.081819758" /><trkpt lat="62.207297329" lon="25.081823681" /><trkpt lat="62.207313529" lon="25.081827778" /><trkpt lat="62.207330080" lon="25.081832041" /><trkpt lat="62.207346965" lon="25.081836464" /><trkpt lat="62.207364170" lon="25.081841037" /><trkpt lat="62.207381678" lon="25.081845754" /><trkpt lat="62.207399473" lon="25.081850607" /><trkpt lat="62.207417540" lon="25.081855587" /><trkpt lat="62.207435862" lon="25.081860687" /><trkpt lat="62.207454424" lon="25.081865899" /><trkpt lat="62.207473210" lon="25.081871216" /><trkpt lat="62.207492205" lon="25.081876629" /><trkpt lat="62.207511391" lon="25.081882132" /><trkpt lat="62.207530754" lon="25.081887715" /><trkpt lat="62.207550277" lon="25.081893371" /><trkpt lat="62.207569945" lon="25.081899093" /><trkpt lat="62.207589742" lon="25.081904873" /><trkpt lat="62.207609652" lon="25.081910703" /><trkpt lat="62.207629659" lon="25.081916575" /><trkpt lat="62.207649747" lon="25.081922481" /><trkpt lat="62.207669901" lon="25.081928414" /><trkpt lat="62.207690105" lon="25.081934366" /><trkpt lat="62.207710342" lon="25.081940329" /><trkpt lat="62.207730597" lon="25.081946295" /><trkpt lat="62.207750854" lon="25.081952257" /><trkpt lat="62.207771098" lon="25.081958206" /><trkpt lat="62.207791312" lon="25.081964135" /><trkpt lat="62.207811480" lon="25.081970037" /><trkpt lat="62.207831588" lon="25.081975902" /><trkpt lat="62.207851618" lon="25.081981725" /><trkpt lat="62.207871555" lon="25.081987496" /><trkpt lat="62.207891383" lon="25.081993208" /><trkpt lat="62.207911087" lon="25.081998854" /><trkpt lat="62.207930650" lon="25.082004425" /><trkpt lat="62.207950056" lon="25.082009913" /><trkpt lat="62.207969291" lon="25.082015312" /><trkpt lat="62.207988337" lon="25.082020613" /><trkpt lat="62.208007180" lon="25.082025808" /><trkpt lat="62.208025803" lon="25.082030890" /><trkpt lat="62.208044190" lon="25.082035850" /><trkpt lat="62.208062326" lon="25.082040682" /><trkpt lat="62.208080194" lon="25.082045376" /><trkpt lat="62.208097780" lon="25.082049927" /><trkpt lat="62.208115066" lon="25.082054324" /><trkpt lat="62.208132038" lon="25.082058562" /><trkpt lat="62.208148678" lon="25.082062632" /><trkpt lat="62.208164973" lon="25.082066526" /><trkpt lat="62.208180905" lon="25.082070237" /><trkpt lat="62.208196459" lon="25.082073757" /><trkpt lat="62.208211618" lon="25.082077078" /><trkpt lat="62.208226368" lon="25.082080191" /><trkpt lat="62.208240692" lon="25.082083091" /><trkpt lat="62.208254575" lon="25.082085768" /><trkpt lat="62.208268000" lon="25.082088214" /><trkpt lat="62.208280952" lon="25.082090423" /><trkpt lat="62.208293414" lon="25.082092387" /><trkpt lat="62.208305372" lon="25.082094096" /><trkpt lat="62.208316809" lon="25.082095545" /><trkpt lat="62.208327709" lon="25.082096725" /><trkpt lat="62.208338057" lon="25.082097627" /><trkpt lat="62.208347836" lon="25.082098246" /><trkpt lat="62.208360284" lon="25.082098650" /><trkpt lat="62.208372803" lon="25.082098627" /><trkpt lat="62.208385387" lon="25.082098174" /><trkpt lat="62.208398031" lon="25.082097293" /><trkpt lat="62.208410728" lon="25.082095984" /><trkpt lat="62.208423471" lon="25.082094246" /><trkpt lat="62.208436255" lon="25.082092080" /><trkpt lat="62.208449073" lon="25.082089485" /><trkpt lat="62.208461919" lon="25.082086461" /><trkpt lat="62.208474787" lon="25.082083009" /><trkpt lat="62.208487671" lon="25.082079129" /><trkpt lat="62.208500565" lon="25.082074820" /><trkpt lat="62.208513462" lon="25.082070082" /><trkpt lat="62.208526357" lon="25.082064916" /><trkpt lat="62.208539242" lon="25.082059322" /><trkpt lat="62.208552112" lon="25.082053299" /><trkpt lat="62.208564961" lon="25.082046847" /><trkpt lat="62.208577782" lon="25.082039967" /><trkpt lat="62.208590570" lon="25.082032658" /><trkpt lat="62.208603317" lon="25.082024921" /><trkpt lat="62.208616019" lon="25.082016756" /><trkpt lat="62.208628668" lon="25.082008161" /><trkpt lat="62.208641259" lon="25.081999139" /><trkpt lat="62.208653785" lon="25.081989688" /><trkpt lat="62.208666240" lon="25.081979808" /><trkpt lat="62.208678618" lon="25.081969500" /><trkpt lat="62.208690913" lon="25.081958763" /><trkpt lat="62.208703118" lon="25.081947598" /><trkpt lat="62.208715228" lon="25.081936004" /><trkpt lat="62.208727236" lon="25.081923981" /><trkpt lat="62.208739136" lon="25.081911531" /><trkpt lat="62.208750922" lon="25.081898651" /><trkpt lat="62.208762587" lon="25.081885343" /><trkpt lat="62.208774126" lon="25.081871607" /><trkpt lat="62.208785532" lon="25.081857442" /><trkpt lat="62.208796799" lon="25.081842849" /><trkpt lat="62.208807921" lon="25.081827827" /><trkpt lat="62.208818891" lon="25.081812376" /><trkpt lat="62.208829704" lon="25.081796497" /><trkpt lat="62.208840354" lon="25.081780190" /><trkpt lat="62.208850833" lon="25.081763454" /><trkpt lat="62.208861136" lon="25.081746289" /><trkpt lat="62.208871257" lon="25.081728696" /><trkpt lat="62.208881189" lon="25.081710674" /><trkpt lat="62.208890927" lon="25.081692224" /><trkpt lat="62.208900464" lon="25.081673346" /><trkpt lat="62.208909794" lon="25.081654038" /><trkpt lat="62.208918911" lon="25.081634303" /><trkpt lat="62.208927808" lon="25.081614139" /><trkpt lat="62.208936479" lon="25.081593546" /><trkpt lat="62.208944919" lon="25.081572525" /><trkpt lat="62.208953121" lon="25.081551075" /><trkpt lat="62.208958510" lon="25.081536466" /><trkpt lat="62.208963765" lon="25.081521895" /><trkpt lat="62.208968890" lon="25.081507359" /><trkpt lat="62.208973886" lon="25.081492853" /><trkpt lat="62.208978757" lon="25.081478373" /><trkpt lat="62.208983505" lon="25.081463913" /><trkpt lat="62.208988133" lon="25.081449469" /><trkpt lat="62.208992645" lon="25.081435038" /><trkpt lat="62.208997042" lon="25.081420614" /><trkpt lat="62.209001329" lon="25.081406192" /><trkpt lat="62.209005507" lon="25.081391769" /><trkpt lat="62.209009579" lon="25.081377340" /><trkpt lat="62.209013548" lon="25.081362900" /><trkpt lat="62.209017418" lon="25.081348444" /><trkpt lat="62.209021190" lon="25.081333969" /><trkpt lat="62.209024869" lon="25.081319470" /><trkpt lat="62.209028455" lon="25.081304942" /><trkpt lat="62.209031954" lon="25.081290381" /><trkpt lat="62.209035366" lon="25.081275781" /><trkpt lat="62.209038695" lon="25.081261140" /><trkpt lat="62.209041945" lon="25.081246452" /><trkpt lat="62.209045117" lon="25.081231712" /><trkpt lat="62.209048214" lon="25.081216917" /><trkpt lat="62.209051240" lon="25.081202061" /><trkpt lat="62.209054197" lon="25.081187141" /><trkpt lat="62.209057088" lon="25.081172151" /><trkpt lat="62.209059916" lon="25.081157087" /><trkpt lat="62.209062683" lon="25.081141944" /><trkpt lat="62.209065393" lon="25.081126719" /><trkpt lat="62.209068048" lon="25.081111407" /><trkpt lat="62.209070651" lon="25.081096002" /><trkpt lat="62.209073206" lon="25.081080501" /><trkpt lat="62.209075714" lon="25.081064899" /><trkpt lat="62.209078178" lon="25.081049192" /><trkpt lat="62.209080602" lon="25.081033374" /><trkpt lat="62.209082989" lon="25.081017442" /><trkpt lat="62.209085340" lon="25.081001392" /><trkpt lat="62.209087660" lon="25.080985217" /><trkpt lat="62.209089950" lon="25.080968915" /><trkpt lat="62.209092213" lon="25.080952480" /><trkpt lat="62.209094454" lon="25.080935908" /><trkpt lat="62.209096673" lon="25.080919194" /><trkpt lat="62.209098874" lon="25.080902334" /><trkpt lat="62.209101060" lon="25.080885324" /><trkpt lat="62.209103234" lon="25.080868159" /><trkpt lat="62.209105399" lon="25.080850834" /><trkpt lat="62.209107557" lon="25.080833345" /><trkpt lat="62.209109711" lon="25.080815687" /><trkpt lat="62.209111864" lon="25.080797856" /><trkpt lat="62.209114019" lon="25.080779847" /><trkpt lat="62.209116178" lon="25.080761657" /><trkpt lat="62.209118345" lon="25.080743279" /><trkpt lat="62.209120523" lon="25.080724710" /><trkpt lat="62.209122713" lon="25.080705946" /><trkpt lat="62.209124920" lon="25.080686981" /><trkpt lat="62.209127145" lon="25.080667812" /><trkpt lat="62.209129392" lon="25.080648433" /><trkpt lat="62.209131663" lon="25.080628841" /><trkpt lat="62.209133962" lon="25.080609030" /><trkpt lat="62.209136291" lon="25.080588997" /><trkpt lat="62.209138652" lon="25.080568736" /><trkpt lat="62.209141050" lon="25.080548244" /><trkpt lat="62.209143486" lon="25.080527515" /><trkpt lat="62.209145963" lon="25.080506545" /><trkpt lat="62.209148485" lon="25.080485330" /><trkpt lat="62.209151054" lon="25.080463865" /><trkpt lat="62.209153673" lon="25.080442146" /><trkpt lat="62.209156344" lon="25.080420168" /><trkpt lat="62.209159071" lon="25.080397926" /><trkpt lat="62.209161856" lon="25.080375417" /><trkpt lat="62.209164703" lon="25.080352635" /><trkpt lat="62.209167613" lon="25.080329576" /><trkpt lat="62.209170591" lon="25.080306236" /><trkpt lat="62.209173638" lon="25.080282610" /><trkpt lat="62.209176758" lon="25.080258693" /><trkpt lat="62.209179953" lon="25.080234482" /><trkpt lat="62.209183226" lon="25.080209970" /><trkpt lat="62.209185767" lon="25.080191194" /><trkpt lat="62.209188338" lon="25.080172467" /><trkpt lat="62.209190940" lon="25.080153791" /><trkpt lat="62.209193574" lon="25.080135164" /><trkpt lat="62.209196242" lon="25.080116588" /><trkpt lat="62.209198943" lon="25.080098060" /><trkpt lat="62.209201680" lon="25.080079582" /><trkpt lat="62.209204452" lon="25.080061154" /><trkpt lat="62.209207260" lon="25.080042774" /><trkpt lat="62.209210106" lon="25.080024443" /><trkpt lat="62.209212991" lon="25.080006161" /><trkpt lat="62.209215915" lon="25.079987927" /><trkpt lat="62.209218879" lon="25.079969741" /><trkpt lat="62.209221885" lon="25.079951604" /><trkpt lat="62.209224932" lon="25.079933514" /><trkpt lat="62.209228023" lon="25.079915472" /><trkpt lat="62.209231157" lon="25.079897478" /><trkpt lat="62.209234336" lon="25.079879530" /><trkpt lat="62.209237561" lon="25.079861630" /><trkpt lat="62.209240832" lon="25.079843777" /><trkpt lat="62.209244151" lon="25.079825970" /><trkpt lat="62.209247518" lon="25.079808210" /><trkpt lat="62.209250935" lon="25.079790497" /><trkpt lat="62.209254401" lon="25.079772829" /><trkpt lat="62.209257919" lon="25.079755208" /><trkpt lat="62.209261489" lon="25.079737632" /><trkpt lat="62.209265112" lon="25.079720102" /><trkpt lat="62.209268788" lon="25.079702618" /><trkpt lat="62.209272519" lon="25.079685178" /><trkpt lat="62.209276306" lon="25.079667784" /><trkpt lat="62.209280150" lon="25.079650435" /><trkpt lat="62.209284050" lon="25.079633130" /><trkpt lat="62.209288009" lon="25.079615870" /><trkpt lat="62.209292028" lon="25.079598654" /><trkpt lat="62.209296106" lon="25.079581482" /><trkpt lat="62.209300246" lon="25.079564354" /><trkpt lat="62.209304447" lon="25.079547269" /><trkpt lat="62.209308711" lon="25.079530229" /><trkpt lat="62.209313039" lon="25.079513231" /><trkpt lat="62.209317432" lon="25.079496277" /><trkpt lat="62.209321890" lon="25.079479366" /><trkpt lat="62.209326414" lon="25.079462498" /><trkpt lat="62.209331006" lon="25.079445672" /><trkpt lat="62.209335666" lon="25.079428889" /><trkpt lat="62.209340396" lon="25.079412148" /><trkpt lat="62.209345195" lon="25.079395449" /><trkpt lat="62.209350065" lon="25.079378791" /><trkpt lat="62.209355008" lon="25.079362176" /><trkpt lat="62.209360023" lon="25.079345602" /><trkpt lat="62.209365111" lon="25.079329069" /><trkpt lat="62.209370274" lon="25.079312578" /><trkpt lat="62.209375513" lon="25.079296127" /><trkpt lat="62.209380828" lon="25.079279717" /><trkpt lat="62.209386221" lon="25.079263347" /><trkpt lat="62.209391691" lon="25.079247018" /><trkpt lat="62.209397241" lon="25.079230730" /><trkpt lat="62.209402870" lon="25.079214481" /><trkpt lat="62.209408581" lon="25.079198272" /><trkpt lat="62.209414373" lon="25.079182102" /><trkpt lat="62.209420248" lon="25.079165972" /><trkpt lat="62.209426207" lon="25.079149881" /><trkpt lat="62.209432250" lon="25.079133830" /><trkpt lat="62.209438379" lon="25.079117817" /><trkpt lat="62.209444593" lon="25.079101842" /><trkpt lat="62.209450896" lon="25.079085907" /><trkpt lat="62.209457286" lon="25.079070009" /><trkpt lat="62.209463765" lon="25.079054150" /><trkpt lat="62.209470334" lon="25.079038329" /><trkpt lat="62.209476994" lon="25.079022545" /><trkpt lat="62.209483746" lon="25.079006799" /><trkpt lat="62.209490590" lon="25.078991090" /><trkpt lat="62.209497528" lon="25.078975419" /><trkpt lat="62.209504560" lon="25.078959784" /><trkpt lat="62.209511688" lon="25.078944186" /><trkpt lat="62.209518912" lon="25.078928625" /><trkpt lat="62.209526233" lon="25.078913100" /><trkpt lat="62.209533652" lon="25.078897612" /><trkpt lat="62.209541170" lon="25.078882159" /><trkpt lat="62.209548788" lon="25.078866743" /><trkpt lat="62.209556507" lon="25.078851362" /><trkpt lat="62.209564327" lon="25.078836016" /><trkpt lat="62.209572250" lon="25.078820706" /><trkpt lat="62.209580276" lon="25.078805431" /><trkpt lat="62.209588407" lon="25.078790191" /><trkpt lat="62.209596643" lon="25.078774986" /><trkpt lat="62.209604985" lon="25.078759815" /><trkpt lat="62.209613435" lon="25.078744679" /><trkpt lat="62.209621992" lon="25.078729576" /><trkpt lat="62.209630658" lon="25.078714508" /><trkpt lat="62.209639434" lon="25.078699474" /><trkpt lat="62.209648321" lon="25.078684473" /><trkpt lat="62.209657319" lon="25.078669506" /><trkpt lat="62.209666430" lon="25.078654571" /><trkpt lat="62.209675654" lon="25.078639670" /><trkpt lat="62.209684992" lon="25.078624802" /><trkpt lat="62.209694446" lon="25.078609966" /><trkpt lat="62.209704016" lon="25.078595163" /><trkpt lat="62.209713703" lon="25.078580392" /><trkpt lat="62.209723507" lon="25.078565654" /><trkpt lat="62.209733431" lon="25.078550947" /><trkpt lat="62.209743474" lon="25.078536272" /><trkpt lat="62.209753680" lon="25.078521635" /><trkpt lat="62.209764087" lon="25.078507043" /><trkpt lat="62.209774692" lon="25.078492495" /><trkpt lat="62.209785490" lon="25.078477994" /><trkpt lat="62.209796477" lon="25.078463539" /><trkpt lat="62.209807649" lon="25.078449130" /><trkpt lat="62.209819001" lon="25.078434768" /><trkpt lat="62.209830529" lon="25.078420455" /><trkpt lat="62.209842229" lon="25.078406189" /><trkpt lat="62.209854097" lon="25.078391972" /><trkpt lat="62.209866128" lon="25.078377804" /><trkpt lat="62.209878319" lon="25.078363686" /><trkpt lat="62.209890664" lon="25.078349618" /><trkpt lat="62.209903160" lon="25.078335601" /><trkpt lat="62.209915802" lon="25.078321635" /><trkpt lat="62.209928586" lon="25.078307720" /><trkpt lat="62.209941509" lon="25.078293858" /><trkpt lat="62.209954565" lon="25.078280048" /><trkpt lat="62.209967750" lon="25.078266292" /><trkpt lat="62.209981061" lon="25.078252589" /><trkpt lat="62.209994492" lon="25.078238941" /><trkpt lat="62.210008040" lon="25.078225347" /><trkpt lat="62.210021701" lon="25.078211808" /><trkpt lat="62.210035469" lon="25.078198325" /><trkpt lat="62.210049341" lon="25.078184898" /><trkpt lat="62.210063313" lon="25.078171528" /><trkpt lat="62.210077381" lon="25.078158214" /><trkpt lat="62.210091539" lon="25.078144959" /><trkpt lat="62.210105785" lon="25.078131762" /><trkpt lat="62.210120113" lon="25.078118623" /><trkpt lat="62.210134519" lon="25.078105544" /><trkpt lat="62.210148999" lon="25.078092524" /><trkpt lat="62.210163550" lon="25.078079564" /><trkpt lat="62.210178165" lon="25.078066666" /><trkpt lat="62.210192843" lon="25.078053828" /><trkpt lat="62.210207577" lon="25.078041052" /><trkpt lat="62.210222364" lon="25.078028338" /><trkpt lat="62.210237200" lon="25.078015687" /><trkpt lat="62.210252080" lon="25.078003099" /><trkpt lat="62.210267000" lon="25.077990574" /><trkpt lat="62.210281956" lon="25.077978114" /><trkpt lat="62.210296943" lon="25.077965718" /><trkpt lat="62.210311958" lon="25.077953388" /><trkpt lat="62.210326996" lon="25.077941123" /><trkpt lat="62.210342053" lon="25.077928925" /><trkpt lat="62.210357124" lon="25.077916793" /><trkpt lat="62.210372205" lon="25.077904728" /><trkpt lat="62.210387293" lon="25.077892731" /><trkpt lat="62.210402382" lon="25.077880802" /><trkpt lat="62.210417469" lon="25.077868942" /><trkpt lat="62.210432550" lon="25.077857151" /><trkpt lat="62.210447619" lon="25.077845429" /><trkpt lat="62.210462673" lon="25.077833778" /><trkpt lat="62.210477708" lon="25.077822197" /><trkpt lat="62.210492719" lon="25.077810688" /><trkpt lat="62.210507702" lon="25.077799250" /><trkpt lat="62.210522652" lon="25.077787885" /><trkpt lat="62.210537567" lon="25.077776592" /><trkpt lat="62.210552440" lon="25.077765372" /><trkpt lat="62.210567269" lon="25.077754226" /><trkpt lat="62.210582048" lon="25.077743154" /><trkpt lat="62.210596774" lon="25.077732157" /><trkpt lat="62.210611442" lon="25.077721235" /><trkpt lat="62.210626048" lon="25.077710388" /><trkpt lat="62.210640588" lon="25.077699618" /><trkpt lat="62.210655057" lon="25.077688924" /><trkpt lat="62.210669452" lon="25.077678308" /><trkpt lat="62.210683767" lon="25.077667769" /><trkpt lat="62.210698000" lon="25.077657308" /><trkpt lat="62.210712145" lon="25.077646926" /><trkpt lat="62.210726198" lon="25.077636624" /><trkpt lat="62.210740155" lon="25.077626400" /><trkpt lat="62.210754011" lon="25.077616258" /><trkpt lat="62.210767764" lon="25.077606195" /><trkpt lat="62.210781407" lon="25.077596214" /><trkpt lat="62.210794938" lon="25.077586315" /><trkpt lat="62.210808351" lon="25.077576497" /><trkpt lat="62.210821643" lon="25.077566763" /><trkpt lat="62.210834808" lon="25.077557111" /><trkpt lat="62.210847844" lon="25.077547543" /><trkpt lat="62.210860746" lon="25.077538059" /><trkpt lat="62.210873509" lon="25.077528660" /><trkpt lat="62.210886129" lon="25.077519347" /><trkpt lat="62.210898602" lon="25.077510118" /><trkpt lat="62.210910924" lon="25.077500976" /><trkpt lat="62.210923090" lon="25.077491921" /><trkpt lat="62.210935097" lon="25.077482953" /><trkpt lat="62.210946939" lon="25.077474072" /><trkpt lat="62.210958614" lon="25.077465280" /><trkpt lat="62.210970115" lon="25.077456576" /><trkpt lat="62.210981440" lon="25.077447961" /><trkpt lat="62.210992583" lon="25.077439436" /><trkpt lat="62.211003542" lon="25.077431002" /><trkpt lat="62.211014311" lon="25.077422657" /><trkpt lat="62.211024886" lon="25.077414404" /><trkpt lat="62.211035262" lon="25.077406243" /><trkpt lat="62.211045437" lon="25.077398174" /><trkpt lat="62.211055405" lon="25.077390197" /><trkpt lat="62.211065162" lon="25.077382314" /><trkpt lat="62.211074704" lon="25.077374524" /><trkpt lat="62.211084027" lon="25.077366829" /><trkpt lat="62.211092835" lon="25.077359423" /><trkpt lat="62.211101867" lon="25.077351648" /><trkpt lat="62.211111118" lon="25.077343512" /><trkpt lat="62.211120584" lon="25.077335024" /><trkpt lat="62.211130261" lon="25.077326193" /><trkpt lat="62.211140144" lon="25.077317025" /><trkpt lat="62.211150228" lon="25.077307529" /><trkpt lat="62.211160510" lon="25.077297714" /><trkpt lat="62.211170985" lon="25.077287587" /><trkpt lat="62.211181648" lon="25.077277157" /><trkpt lat="62.211192496" lon="25.077266431" /><trkpt lat="62.211203523" lon="25.077255418" /><trkpt lat="62.211214726" lon="25.077244127" /><trkpt lat="62.211226100" lon="25.077232564" /><trkpt lat="62.211237640" lon="25.077220739" /><trkpt lat="62.211249343" lon="25.077208659" /><trkpt lat="62.211261204" lon="25.077196333" /><trkpt lat="62.211273218" lon="25.077183769" /><trkpt lat="62.211285381" lon="25.077170974" /><trkpt lat="62.211297689" lon="25.077157958" /><trkpt lat="62.211310138" lon="25.077144728" /><trkpt lat="62.211322722" lon="25.077131292" /><trkpt lat="62.211335438" lon="25.077117658" /><trkpt lat="62.211348281" lon="25.077103836" /><trkpt lat="62.211361247" lon="25.077089831" /><trkpt lat="62.211374331" lon="25.077075654" /><trkpt lat="62.211387529" lon="25.077061312" /><trkpt lat="62.211400837" lon="25.077046813" /><trkpt lat="62.211414251" lon="25.077032166" /><trkpt lat="62.211427765" lon="25.077017378" /><trkpt lat="62.211441375" lon="25.077002457" /><trkpt lat="62.211455078" lon="25.076987413" /><trkpt lat="62.211468868" lon="25.076972252" /><trkpt lat="62.211482742" lon="25.076956983" /><trkpt lat="62.211496695" lon="25.076941615" /><trkpt lat="62.211510722" lon="25.076926155" /><trkpt lat="62.211524820" lon="25.076910611" /><trkpt lat="62.211538983" lon="25.076894992" /><trkpt lat="62.211553208" lon="25.076879306" /><trkpt lat="62.211567489" lon="25.076863561" /><trkpt lat="62.211581824" lon="25.076847765" /><trkpt lat="62.211596206" lon="25.076831926" /><trkpt lat="62.211610633" lon="25.076816052" /><trkpt lat="62.211625099" lon="25.076800152" /><trkpt lat="62.211639600" lon="25.076784234" /><trkpt lat="62.211654132" lon="25.076768305" /><trkpt lat="62.211668690" lon="25.076752374" /><trkpt lat="62.211683270" lon="25.076736450" /><trkpt lat="62.211697867" lon="25.076720540" /><trkpt lat="62.211712478" lon="25.076704652" /><trkpt lat="62.211727098" lon="25.076688794" /><trkpt lat="62.211741722" lon="25.076672976" /><trkpt lat="62.211756346" lon="25.076657204" /><trkpt lat="62.211770965" lon="25.076641487" /><trkpt lat="62.211785576" lon="25.076625833" /><trkpt lat="62.211800174" lon="25.076610251" /><trkpt lat="62.211814754" lon="25.076594747" /><trkpt lat="62.211829313" lon="25.076579332" /><trkpt lat="62.211843845" lon="25.076564012" /><trkpt lat="62.211858346" lon="25.076548796" /><trkpt lat="62.211872813" lon="25.076533692" /><trkpt lat="62.211887239" lon="25.076518708" /><trkpt lat="62.211901622" lon="25.076503852" /><trkpt lat="62.211915957" lon="25.076489133" /><trkpt lat="62.211930240" lon="25.076474558" /><trkpt lat="62.211944465" lon="25.076460136" /><trkpt lat="62.211958629" lon="25.076445875" /><trkpt lat="62.211972727" lon="25.076431783" /><trkpt lat="62.211986755" lon="25.076417868" /><trkpt lat="62.212000708" lon="25.076404138" /><trkpt lat="62.212014583" lon="25.076390602" /><trkpt lat="62.212028374" lon="25.076377267" /><trkpt lat="62.212042078" lon="25.076364142" /><trkpt lat="62.212055689" lon="25.076351235" /><trkpt lat="62.212069204" lon="25.076338553" /><trkpt lat="62.212082618" lon="25.076326106" /><trkpt lat="62.212095927" lon="25.076313902" /><trkpt lat="62.212109127" lon="25.076301947" /><trkpt lat="62.212122212" lon="25.076290252" /><trkpt lat="62.212135179" lon="25.076278823" /><trkpt lat="62.212148023" lon="25.076267669" /><trkpt lat="62.212160740" lon="25.076256797" /><trkpt lat="62.212173326" lon="25.076246218" /><trkpt lat="62.212185776" lon="25.076235937" /><trkpt lat="62.212198085" lon="25.076225964" /><trkpt lat="62.212210250" lon="25.076216306" /><trkpt lat="62.212222265" lon="25.076206973" /><trkpt lat="62.212234128" lon="25.076197971" /><trkpt lat="62.212245832" lon="25.076189309" /><trkpt lat="62.212257374" lon="25.076180995" /><trkpt lat="62.212268749" lon="25.076173038" /><trkpt lat="62.212279954" lon="25.076165445" /><trkpt lat="62.212290983" lon="25.076158225" /><trkpt lat="62.212301832" lon="25.076151385" /><trkpt lat="62.212312497" lon="25.076144934" /><trkpt lat="62.212322974" lon="25.076138881" /><trkpt lat="62.212333258" lon="25.076133232" /><trkpt lat="62.212343344" lon="25.076127997" /><trkpt lat="62.212353229" lon="25.076123184" /><trkpt lat="62.212362908" lon="25.076118800" /><trkpt lat="62.212372376" lon="25.076114854" /><trkpt lat="62.212381629" lon="25.076111354" /><trkpt lat="62.212390663" lon="25.076108307" /><trkpt lat="62.212399474" lon="25.076105723" /><trkpt lat="62.212408056" lon="25.076103610" /><trkpt lat="62.212416406" lon="25.076101975" /><trkpt lat="62.212424519" lon="25.076100826" /><trkpt lat="62.212438511" lon="25.076099169" /><trkpt lat="62.212452884" lon="25.076097312" /><trkpt lat="62.212467622" lon="25.076095257" /><trkpt lat="62.212482708" lon="25.076093006" /><trkpt lat="62.212498126" lon="25.076090561" /><trkpt lat="62.212513858" lon="25.076087923" /><trkpt lat="62.212529890" lon="25.076085094" /><trkpt lat="62.212546203" lon="25.076082075" /><trkpt lat="62.212562781" lon="25.076078868" /><trkpt lat="62.212579608" lon="25.076075474" /><trkpt lat="62.212596666" lon="25.076071896" /><trkpt lat="62.212613940" lon="25.076068135" /><trkpt lat="62.212631413" lon="25.076064193" /><trkpt lat="62.212649068" lon="25.076060070" /><trkpt lat="62.212666888" lon="25.076055769" /><trkpt lat="62.212684857" lon="25.076051292" /><trkpt lat="62.212702958" lon="25.076046639" /><trkpt lat="62.212721175" lon="25.076041813" /><trkpt lat="62.212739491" lon="25.076036815" /><trkpt lat="62.212757889" lon="25.076031648" /><trkpt lat="62.212776353" lon="25.076026311" /><trkpt lat="62.212794866" lon="25.076020808" /><trkpt lat="62.212813411" lon="25.076015139" /><trkpt lat="62.212831972" lon="25.076009307" /><trkpt lat="62.212850533" lon="25.076003312" /><trkpt lat="62.212869076" lon="25.075997158" /><trkpt lat="62.212887585" lon="25.075990844" /><trkpt lat="62.212906044" lon="25.075984373" /><trkpt lat="62.212924435" lon="25.075977747" /><trkpt lat="62.212942742" lon="25.075970966" /><trkpt lat="62.212960949" lon="25.075964034" /><trkpt lat="62.212979039" lon="25.075956950" /><trkpt lat="62.212996995" lon="25.075949718" /><trkpt lat="62.213014801" lon="25.075942338" /><trkpt lat="62.213032439" lon="25.075934812" /><trkpt lat="62.213049894" lon="25.075927142" /><trkpt lat="62.213067149" lon="25.075919329" /><trkpt lat="62.213084187" lon="25.075911375" /><trkpt lat="62.213100992" lon="25.075903282" /><trkpt lat="62.213117546" lon="25.075895051" /><trkpt lat="62.213133834" lon="25.075886684" /><trkpt lat="62.213149839" lon="25.075878183" /><trkpt lat="62.213165543" lon="25.075869548" /><trkpt lat="62.213180931" lon="25.075860783" /><trkpt lat="62.213195986" lon="25.075851888" /><trkpt lat="62.213210691" lon="25.075842864" /><trkpt lat="62.213225030" lon="25.075833714" /><trkpt lat="62.213238985" lon="25.075824440" /><trkpt lat="62.213252541" lon="25.075815042" /><trkpt lat="62.213265681" lon="25.075805523" /><trkpt lat="62.213278388" lon="25.075795884" /><trkpt lat="62.213290645" lon="25.075786126" /><trkpt lat="62.213302436" lon="25.075776252" /><trkpt lat="62.213313744" lon="25.075766263" /><trkpt lat="62.213324553" lon="25.075756160" /><trkpt lat="62.213334846" lon="25.075745946" /><trkpt lat="62.213344606" lon="25.075735621" /><trkpt lat="62.213353817" lon="25.075725188" /><trkpt lat="62.213362462" lon="25.075714648" /><trkpt lat="62.213370525" lon="25.075704002" /><trkpt lat="62.213377988" lon="25.075693253" /><trkpt lat="62.213384836" lon="25.075682402" /><trkpt lat="62.213389665" lon="25.075674250" /><trkpt lat="62.213394507" lon="25.075665889" /><trkpt lat="62.213399362" lon="25.075657317" /><trkpt lat="62.213404229" lon="25.075648535" /><trkpt lat="62.213409108" lon="25.075639543" /><trkpt lat="62.213414000" lon="25.075630341" /><trkpt lat="62.213418903" lon="25.075620928" /><trkpt lat="62.213423819" lon="25.075611305" /><trkpt lat="62.213428747" lon="25.075601471" /><trkpt lat="62.213433686" lon="25.075591426" /><trkpt lat="62.213438638" lon="25.075581170" /><trkpt lat="62.213443601" lon="25.075570703" /><trkpt lat="62.213448575" lon="25.075560025" /><trkpt lat="62.213453561" lon="25.075549136" /><trkpt lat="62.213458558" lon="25.075538035" /><trkpt lat="62.213463567" lon="25.075526723" /><trkpt lat="62.213468587" lon="25.075515199" /><trkpt lat="62.213473617" lon="25.075503464" /><trkpt lat="62.213478659" lon="25.075491517" /><trkpt lat="62.213483711" lon="25.075479358" /><trkpt lat="62.213488775" lon="25.075466987" /><trkpt lat="62.213493848" lon="25.075454404" /><trkpt lat="62.213498933" lon="25.075441608" /><trkpt lat="62.213504028" lon="25.075428601" /><trkpt lat="62.213509133" lon="25.075415380" /><trkpt lat="62.213514248" lon="25.075401948" /><trkpt lat="62.213519373" lon="25.075388302" /><trkpt lat="62.213524509" lon="25.075374444" /><trkpt lat="62.213529654" lon="25.075360373" /><trkpt lat="62.213534810" lon="25.075346089" /><trkpt lat="62.213539975" lon="25.075331592" /><trkpt lat="62.213545149" lon="25.075316882" /><trkpt lat="62.213550333" lon="25.075301959" /><trkpt lat="62.213555527" lon="25.075286822" /><trkpt lat="62.213560730" lon="25.075271471" /><trkpt lat="62.213565942" lon="25.075255907" /><trkpt lat="62.213571163" lon="25.075240129" /><trkpt lat="62.213576393" lon="25.075224137" /><trkpt lat="62.213581632" lon="25.075207932" /><trkpt lat="62.213586880" lon="25.075191512" /><trkpt lat="62.213592136" lon="25.075174878" /><trkpt lat="62.213597402" lon="25.075158030" /><trkpt lat="62.213602675" lon="25.075140967" /><trkpt lat="62.213607958" lon="25.075123690" /><trkpt lat="62.213613248" lon="25.075106198" /><trkpt lat="62.213618547" lon="25.075088492" /><trkpt lat="62.213623853" lon="25.075070571" /><trkpt lat="62.213629168" lon="25.075052434" /><trkpt lat="62.213634491" lon="25.075034083" /><trkpt lat="62.213639821" lon="25.075015517" /><trkpt lat="62.213645159" lon="25.074996735" /><trkpt lat="62.213650505" lon="25.074977738" /><trkpt lat="62.213655858" lon="25.074958526" /><trkpt lat="62.213661219" lon="25.074939097" /><trkpt lat="62.213666586" lon="25.074919454" /><trkpt lat="62.213671961" lon="25.074899594" /><trkpt lat="62.213677344" lon="25.074879518" /><trkpt lat="62.213682733" lon="25.074859227" /><trkpt lat="62.213688129" lon="25.074838719" /><trkpt lat="62.213693532" lon="25.074817995" /><trkpt lat="62.213698941" lon="25.074797055" /><trkpt lat="62.213704357" lon="25.074775898" /><trkpt lat="62.213709780" lon="25.074754525" /><trkpt lat="62.213715209" lon="25.074732935" /><trkpt lat="62.213720644" lon="25.074711128" /><trkpt lat="62.213726085" lon="25.074689105" /><trkpt lat="62.213731533" lon="25.074666864" /><trkpt lat="62.213736986" lon="25.074644406" /><trkpt lat="62.213742445" lon="25.074621731" /><trkpt lat="62.213747910" lon="25.074598839" /><trkpt lat="62.213753381" lon="25.074575729" /><trkpt lat="62.213758857" lon="25.074552402" /><trkpt lat="62.213764339" lon="25.074528857" /><trkpt lat="62.213769826" lon="25.074505094" /><trkpt lat="62.213775319" lon="25.074481114" /><trkpt lat="62.213780816" lon="25.074456915" /><trkpt lat="62.213786319" lon="25.074432498" /><trkpt lat="62.213791827" lon="25.074407864" /><trkpt lat="62.213797339" lon="25.074383010" /><trkpt lat="62.213802856" lon="25.074357939" /><trkpt lat="62.213808378" lon="25.074332649" /><trkpt lat="62.213813905" lon="25.074307140" /><trkpt lat="62.213819435" lon="25.074281413" /><trkpt lat="62.213824971" lon="25.074255466" /><trkpt lat="62.213830806" lon="25.074227921" /><trkpt lat="62.213836540" lon="25.074200695" /><trkpt lat="62.213842175" lon="25.074173788" /><trkpt lat="62.213847715" lon="25.074147198" /><trkpt lat="62.213853165" lon="25.074120926" /><trkpt lat="62.213858527" lon="25.074094969" /><trkpt lat="62.213863806" lon="25.074069329" /><trkpt lat="62.213869005" lon="25.074044004" /><trkpt lat="62.213874128" lon="25.074018993" /><trkpt lat="62.213879179" lon="25.073994297" /><trkpt lat="62.213884161" lon="25.073969913" /><trkpt lat="62.213889078" lon="25.073945842" /><trkpt lat="62.213893933" lon="25.073922083" /><trkpt lat="62.213898732" lon="25.073898636" /><trkpt lat="62.213903476" lon="25.073875499" /><trkpt lat="62.213908170" lon="25.073852671" /><trkpt lat="62.213912818" lon="25.073830154" /><trkpt lat="62.213917424" lon="25.073807944" /><trkpt lat="62.213921990" lon="25.073786043" /><trkpt lat="62.213926521" lon="25.073764449" /><trkpt lat="62.213931021" lon="25.073743162" /><trkpt lat="62.213935492" lon="25.073722181" /><trkpt lat="62.213939940" lon="25.073701505" /><trkpt lat="62.213944367" lon="25.073681134" /><trkpt lat="62.213948778" lon="25.073661067" /><trkpt lat="62.213953175" lon="25.073641304" /><trkpt lat="62.213957564" lon="25.073621843" /><trkpt lat="62.213961946" lon="25.073602685" /><trkpt lat="62.213966327" lon="25.073583828" /><trkpt lat="62.213970710" lon="25.073565271" /><trkpt lat="62.213975099" lon="25.073547015" /><trkpt lat="62.213979497" lon="25.073529059" /><trkpt lat="62.213983907" lon="25.073511401" /><trkpt lat="62.213988335" lon="25.073494041" /><trkpt lat="62.213992783" lon="25.073476979" /><trkpt lat="62.213997255" lon="25.073460214" /><trkpt lat="62.214001755" lon="25.073443745" /><trkpt lat="62.214006287" lon="25.073427572" /><trkpt lat="62.214010854" lon="25.073411694" /><trkpt lat="62.214015459" lon="25.073396110" /><trkpt lat="62.214020108" lon="25.073380819" /><trkpt lat="62.214024803" lon="25.073365822" /><trkpt lat="62.214029548" lon="25.073351117" /><trkpt lat="62.214034348" lon="25.073336704" /><trkpt lat="62.214039204" lon="25.073322581" /><trkpt lat="62.214044122" lon="25.073308749" /><trkpt lat="62.214049105" lon="25.073295207" /><trkpt lat="62.214054157" lon="25.073281954" /><trkpt lat="62.214059281" lon="25.073268989" /><trkpt lat="62.214064481" lon="25.073256312" /><trkpt lat="62.214069761" lon="25.073243922" /><trkpt lat="62.214075125" lon="25.073231819" /><trkpt lat="62.214080576" lon="25.073220001" /><trkpt lat="62.214086118" lon="25.073208469" /><trkpt lat="62.214091755" lon="25.073197221" /><trkpt lat="62.214097490" lon="25.073186257" /><trkpt lat="62.214103327" lon="25.073175576" /><trkpt lat="62.214109270" lon="25.073165177" /><trkpt lat="62.214115323" lon="25.073155061" /><trkpt lat="62.214121488" lon="25.073145226" /><trkpt lat="62.214127771" lon="25.073135671" /><trkpt lat="62.214134175" lon="25.073126396" /><trkpt lat="62.214140703" lon="25.073117401" /><trkpt lat="62.214147359" lon="25.073108684" /><trkpt lat="62.214154147" lon="25.073100245" /><trkpt lat="62.214161070" lon="25.073092083" /><trkpt lat="62.214168133" lon="25.073084198" /><trkpt lat="62.214175339" lon="25.073076589" /><trkpt lat="62.214182691" lon="25.073069256" /><trkpt lat="62.214190194" lon="25.073062197" /><trkpt lat="62.214197851" lon="25.073055412" /><trkpt lat="62.214205665" lon="25.073048901" /><trkpt lat="62.214213642" lon="25.073042662" /><trkpt lat="62.214221783" lon="25.073036696" /><trkpt lat="62.214230093" lon="25.073031001" /><trkpt lat="62.214238577" lon="25.073025576" /><trkpt lat="62.214247236" lon="25.073020422" /><trkpt lat="62.214256076" lon="25.073015537" /><trkpt lat="62.214265099" lon="25.073010921" /><trkpt lat="62.214288355" lon="25.072999653" /><trkpt lat="62.214310170" lon="25.072989435" /><trkpt lat="62.214330638" lon="25.072980248" /><trkpt lat="62.214349852" lon="25.072972069" /><trkpt lat="62.214367906" lon="25.072964877" /><trkpt lat="62.214384893" lon="25.072958651" /><trkpt lat="62.214400907" lon="25.072953368" /><trkpt lat="62.214416040" lon="25.072949009" /><trkpt lat="62.214430386" lon="25.072945551" /><trkpt lat="62.214444039" lon="25.072942972" /><trkpt lat="62.214457091" lon="25.072941252" /><trkpt lat="62.214469637" lon="25.072940369" /><trkpt lat="62.214481769" lon="25.072940301" /><trkpt lat="62.214493582" lon="25.072941027" /><trkpt lat="62.214505167" lon="25.072942525" /><trkpt lat="62.214516619" lon="25.072944775" /><trkpt lat="62.214528031" lon="25.072947754" /><trkpt lat="62.214539496" lon="25.072951441" /><trkpt lat="62.214551108" lon="25.072955815" /><trkpt lat="62.214562960" lon="25.072960854" /><trkpt lat="62.214575146" lon="25.072966536" /><trkpt lat="62.214587758" lon="25.072972841" /><trkpt lat="62.214600891" lon="25.072979747" /><trkpt lat="62.214614636" lon="25.072987232" /><trkpt lat="62.214629089" lon="25.072995275" /><trkpt lat="62.214644342" lon="25.073003855" /><trkpt lat="62.214660489" lon="25.073012949" /><trkpt lat="62.214677622" lon="25.073022537" /><trkpt lat="62.214695836" lon="25.073032597" /><trkpt lat="62.214715224" lon="25.073043108" /><trkpt lat="62.214730081" lon="25.073050787" /><trkpt lat="62.214745361" lon="25.073058128" /><trkpt lat="62.214761039" lon="25.073065138" /><trkpt lat="62.214777091" lon="25.073071822" /><trkpt lat="62.214793494" lon="25.073078188" /><trkpt lat="62.214810223" lon="25.073084242" /><trkpt lat="62.214827255" lon="25.073089990" /><trkpt lat="62.214844566" lon="25.073095440" /><trkpt lat="62.214862131" lon="25.073100597" /><trkpt lat="62.214879927" lon="25.073105469" /><trkpt lat="62.214897930" lon="25.073110061" /><trkpt lat="62.214916116" lon="25.073114381" /><trkpt lat="62.214934460" lon="25.073118434" /><trkpt lat="62.214952940" lon="25.073122227" /><trkpt lat="62.214971531" lon="25.073125768" /><trkpt lat="62.214990208" lon="25.073129062" /><trkpt lat="62.215008949" lon="25.073132116" /><trkpt lat="62.215027729" lon="25.073134936" /><trkpt lat="62.215046524" lon="25.073137530" /><trkpt lat="62.215065311" lon="25.073139903" /><trkpt lat="62.215084065" lon="25.073142062" /><trkpt lat="62.215102762" lon="25.073144014" /><trkpt lat="62.215121378" lon="25.073145765" /><trkpt lat="62.215139891" lon="25.073147321" /><trkpt lat="62.215158274" lon="25.073148690" /><trkpt lat="62.215176506" lon="25.073149878" /><trkpt lat="62.215194560" lon="25.073150891" /><trkpt lat="62.215212415" lon="25.073151736" /><trkpt lat="62.215230046" lon="25.073152419" /><trkpt lat="62.215247428" lon="25.073152948" /><trkpt lat="62.215264538" lon="25.073153328" /><trkpt lat="62.215281352" lon="25.073153565" /><trkpt lat="62.215297846" lon="25.073153668" /><trkpt lat="62.215313996" lon="25.073153641" /><trkpt lat="62.215329778" lon="25.073153493" /><trkpt lat="62.215345169" lon="25.073153228" /><trkpt lat="62.215360143" lon="25.073152854" /><trkpt lat="62.215374678" lon="25.073152377" /><trkpt lat="62.215388749" lon="25.073151805" /><trkpt lat="62.215402333" lon="25.073151142" /><trkpt lat="62.215415404" lon="25.073150396" /><trkpt lat="62.215428125" lon="25.073149512" /><trkpt lat="62.215440680" lon="25.073148417" /><trkpt lat="62.215453082" lon="25.073147091" /><trkpt lat="62.215465343" lon="25.073145515" /><trkpt lat="62.215477476" lon="25.073143669" /><trkpt lat="62.215489494" lon="25.073141534" /><trkpt lat="62.215501409" lon="25.073139089" /><trkpt lat="62.215513234" lon="25.073136315" /><trkpt lat="62.215524981" lon="25.073133193" /><trkpt lat="62.215536664" lon="25.073129703" /><trkpt lat="62.215548294" lon="25.073125826" /><trkpt lat="62.215559884" lon="25.073121541" /><trkpt lat="62.215571448" lon="25.073116829" /><trkpt lat="62.215582997" lon="25.073111671" /><trkpt lat="62.215594544" lon="25.073106047" /><trkpt lat="62.215606103" lon="25.073099937" /><trkpt lat="62.215617685" lon="25.073093322" /><trkpt lat="62.215629303" lon="25.073086182" /><trkpt lat="62.215640969" lon="25.073078498" /><trkpt lat="62.215652697" lon="25.073070249" /><trkpt lat="62.215664499" lon="25.073061416" /><trkpt lat="62.215676388" lon="25.073051980" /><trkpt lat="62.215688376" lon="25.073041922" /><trkpt lat="62.215700476" lon="25.073031220" /><trkpt lat="62.215712700" lon="25.073019857" /><trkpt lat="62.215725062" lon="25.073007811" /><trkpt lat="62.215737573" lon="25.072995064" /><trkpt lat="62.215750247" lon="25.072981596" /><trkpt lat="62.215763096" lon="25.072967388" /><trkpt lat="62.215776132" lon="25.072952419" /><trkpt lat="62.215789369" lon="25.072936670" /><trkpt lat="62.215802818" lon="25.072920121" /><trkpt lat="62.215816493" lon="25.072902754" /><trkpt lat="62.215830407" lon="25.072884548" /><trkpt lat="62.215844571" lon="25.072865483" /><trkpt lat="62.215858998" lon="25.072845541" /><trkpt lat="62.215873701" lon="25.072824700" /><trkpt lat="62.215888694" lon="25.072802943" /><trkpt lat="62.215903987" lon="25.072780249" /><trkpt lat="62.215919594" lon="25.072756598" /><trkpt lat="62.215935528" lon="25.072731972" /><trkpt lat="62.215943189" lon="25.072720044" /><trkpt lat="62.215950994" lon="25.072707942" /><trkpt lat="62.215958939" lon="25.072695669" /><trkpt lat="62.215967023" lon="25.072683230" /><trkpt lat="62.215975242" lon="25.072670627" /><trkpt lat="62.215983593" lon="25.072657865" /><trkpt lat="62.215992073" lon="25.072644949" /><trkpt lat="62.216000681" lon="25.072631880" /><trkpt lat="62.216009411" lon="25.072618665" /><trkpt lat="62.216018263" lon="25.072605306" /><trkpt lat="62.216027233" lon="25.072591808" /><trkpt lat="62.216036318" lon="25.072578174" /><trkpt lat="62.216045515" lon="25.072564408" /><trkpt lat="62.216054821" lon="25.072550515" /><trkpt lat="62.216064234" lon="25.072536498" /><trkpt lat="62.216073751" lon="25.072522361" /><trkpt lat="62.216083368" lon="25.072508108" /><trkpt lat="62.216093083" lon="25.072493742" /><trkpt lat="62.216102893" lon="25.072479269" /><trkpt lat="62.216112795" lon="25.072464691" /><trkpt lat="62.216122787" lon="25.072450013" /><trkpt lat="62.216132865" lon="25.072435238" /><trkpt lat="62.216143026" lon="25.072420371" /><trkpt lat="62.216153269" lon="25.072405415" /><trkpt lat="62.216163588" lon="25.072390374" /><trkpt lat="62.216173983" lon="25.072375252" /><trkpt lat="62.216184450" lon="25.072360054" /><trkpt lat="62.216194986" lon="25.072344782" /><trkpt lat="62.216205588" lon="25.072329442" /><trkpt lat="62.216216254" lon="25.072314036" /><trkpt lat="62.216226980" lon="25.072298569" /><trkpt lat="62.216237764" lon="25.072283044" /><trkpt lat="62.216248603" lon="25.072267466" /><trkpt lat="62.216259494" lon="25.072251839" /><trkpt lat="62.216270434" lon="25.072236165" /><trkpt lat="62.216281420" lon="25.072220451" /><trkpt lat="62.216292449" lon="25.072204698" /><trkpt lat="62.216303519" lon="25.072188911" /><trkpt lat="62.216314626" lon="25.072173094" /><trkpt lat="62.216325768" lon="25.072157252" /><trkpt lat="62.216336942" lon="25.072141387" /><trkpt lat="62.216348145" lon="25.072125503" /><trkpt lat="62.216359374" lon="25.072109606" /><trkpt lat="62.216370627" lon="25.072093698" /><trkpt lat="62.216381899" lon="25.072077783" /><trkpt lat="62.216393189" lon="25.072061866" /><trkpt lat="62.216404494" lon="25.072045950" /><trkpt lat="62.216415811" lon="25.072030039" /><trkpt lat="62.216427136" lon="25.072014137" /><trkpt lat="62.216438467" lon="25.071998248" /><trkpt lat="62.216449802" lon="25.071982376" /><trkpt lat="62.216461137" lon="25.071966525" /><trkpt lat="62.216472469" lon="25.071950699" /><trkpt lat="62.216483796" lon="25.071934901" /><trkpt lat="62.216495114" lon="25.071919136" /><trkpt lat="62.216506421" lon="25.071903408" /><trkpt lat="62.216517715" lon="25.071887719" /><trkpt lat="62.216528991" lon="25.071872075" /><trkpt lat="62.216540247" lon="25.071856480" /><trkpt lat="62.216551481" lon="25.071840936" /><trkpt lat="62.216562689" lon="25.071825448" /><trkpt lat="62.216573868" lon="25.071810021" /><trkpt lat="62.216585017" lon="25.071794657" /><trkpt lat="62.216596131" lon="25.071779360" /><trkpt lat="62.216607208" lon="25.071764136" /><trkpt lat="62.216618245" lon="25.071748987" /><trkpt lat="62.216629240" lon="25.071733918" /><trkpt lat="62.216640188" lon="25.071718932" /><trkpt lat="62.216651089" lon="25.071704033" /><trkpt lat="62.216661937" lon="25.071689225" /><trkpt lat="62.216672732" lon="25.071674513" /><trkpt lat="62.216683469" lon="25.071659899" /><trkpt lat="62.216694147" lon="25.071645389" /><trkpt lat="62.216704761" lon="25.071630985" /><trkpt lat="62.216715310" lon="25.071616692" /><trkpt lat="62.216725790" lon="25.071602514" /><trkpt lat="62.216736199" lon="25.071588454" /><trkpt lat="62.216746533" lon="25.071574517" /><trkpt lat="62.216756790" lon="25.071560707" /><trkpt lat="62.216766967" lon="25.071547026" /><trkpt lat="62.216777061" lon="25.071533480" /><trkpt lat="62.216787069" lon="25.071520072" /><trkpt lat="62.216796988" lon="25.071506806" /><trkpt lat="62.216806816" lon="25.071493686" /><trkpt lat="62.216816549" lon="25.071480715" /><trkpt lat="62.216826185" lon="25.071467899" /><trkpt lat="62.216835721" lon="25.071455240" /><trkpt lat="62.216840844" lon="25.071448433" /><trkpt lat="62.216846149" lon="25.071441358" /><trkpt lat="62.216851634" lon="25.071434019" /><trkpt lat="62.216857297" lon="25.071426419" /><trkpt lat="62.216863134" lon="25.071418562" /><trkpt lat="62.216869146" lon="25.071410450" /><trkpt lat="62.216875328" lon="25.071402086" /><trkpt lat="62.216881679" lon="25.071393475" /><trkpt lat="62.216888197" lon="25.071384618" /><trkpt lat="62.216894880" lon="25.071375520" /><trkpt lat="62.216901726" lon="25.071366183" /><trkpt lat="62.216908731" lon="25.071356610" /><trkpt lat="62.216915895" lon="25.071346805" /><trkpt lat="62.216923215" lon="25.071336771" /><trkpt lat="62.216930689" lon="25.071326511" /><trkpt lat="62.216938314" lon="25.071316029" /><trkpt lat="62.216946089" lon="25.071305327" /><trkpt lat="62.216954012" lon="25.071294408" /><trkpt lat="62.216962079" lon="25.071283277" /><trkpt lat="62.216970290" lon="25.071271935" /><trkpt lat="62.216978642" lon="25.071260387" /><trkpt lat="62.216987133" lon="25.071248634" /><trkpt lat="62.216995760" lon="25.071236682" /><trkpt lat="62.217004522" lon="25.071224532" /><trkpt lat="62.217013416" lon="25.071212188" /><trkpt lat="62.217022440" lon="25.071199653" /><trkpt lat="62.217031592" lon="25.071186930" /><trkpt lat="62.217040870" lon="25.071174023" /><trkpt lat="62.217050272" lon="25.071160935" /><trkpt lat="62.217059795" lon="25.071147668" /><trkpt lat="62.217069437" lon="25.071134226" /><trkpt lat="62.217079197" lon="25.071120613" /><trkpt lat="62.217089072" lon="25.071106830" /><trkpt lat="62.217099060" lon="25.071092883" /><trkpt lat="62.217109159" lon="25.071078773" /><trkpt lat="62.217119366" lon="25.071064503" /><trkpt lat="62.217129679" lon="25.071050078" /><trkpt lat="62.217140097" lon="25.071035501" /><trkpt lat="62.217150617" lon="25.071020773" /><trkpt lat="62.217161237" lon="25.071005900" /><trkpt lat="62.217171955" lon="25.070990883" /><trkpt lat="62.217182769" lon="25.070975726" /><trkpt lat="62.217193676" lon="25.070960432" /><trkpt lat="62.217204674" lon="25.070945005" /><trkpt lat="62.217215762" lon="25.070929447" /><trkpt lat="62.217226936" lon="25.070913762" /><trkpt lat="62.217238196" lon="25.070897953" /><trkpt lat="62.217249538" lon="25.070882022" /><trkpt lat="62.217260960" lon="25.070865974" /><trkpt lat="62.217272462" lon="25.070849812" /><trkpt lat="62.217284039" lon="25.070833538" /><trkpt lat="62.217295690" lon="25.070817156" /><trkpt lat="62.217307414" lon="25.070800669" /><trkpt lat="62.217319207" lon="25.070784080" /><trkpt lat="62.217331068" lon="25.070767392" /><trkpt lat="62.217342994" lon="25.070750609" /><trkpt lat="62.217354984" lon="25.070733734" /><trkpt lat="62.217367035" lon="25.070716770" /><trkpt lat="62.217379144" lon="25.070699719" /><trkpt lat="62.217391311" lon="25.070682586" /><trkpt lat="62.217403532" lon="25.070665373" /><trkpt lat="62.217415806" lon="25.070648084" /><trkpt lat="62.217428131" lon="25.070630722" /><trkpt lat="62.217440503" lon="25.070613290" /><trkpt lat="62.217452922" lon="25.070595791" /><trkpt lat="62.217465384" lon="25.070578228" /><trkpt lat="62.217477888" lon="25.070560605" /><trkpt lat="62.217490432" lon="25.070542924" /><trkpt lat="62.217503013" lon="25.070525189" /><trkpt lat="62.217515630" lon="25.070507404" /><trkpt lat="62.217528279" lon="25.070489570" /><trkpt lat="62.217540960" lon="25.070471692" /><trkpt lat="62.217553669" lon="25.070453773" /><trkpt lat="62.217566405" lon="25.070435816" /><trkpt lat="62.217579166" lon="25.070417823" /><trkpt lat="62.217591949" lon="25.070399799" /><trkpt lat="62.217604752" lon="25.070381745" /><trkpt lat="62.217617573" lon="25.070363667" /><trkpt lat="62.217630410" lon="25.070345566" /><trkpt lat="62.217643261" lon="25.070327446" /><trkpt lat="62.217656123" lon="25.070309310" /><trkpt lat="62.217668995" lon="25.070291162" /><trkpt lat="62.217681874" lon="25.070273003" /><trkpt lat="62.217694758" lon="25.070254839" /><trkpt lat="62.217707645" lon="25.070236671" /><trkpt lat="62.217720532" lon="25.070218503" /><trkpt lat="62.217733419" lon="25.070200338" /><trkpt lat="62.217746302" lon="25.070182180" /><trkpt lat="62.217759179" lon="25.070164031" /><trkpt lat="62.217772048" lon="25.070145895" /><trkpt lat="62.217784907" lon="25.070127775" /><trkpt lat="62.217797754" lon="25.070109673" /><trkpt lat="62.217810587" lon="25.070091594" /><trkpt lat="62.217823404" lon="25.070073541" /><trkpt lat="62.217836201" lon="25.070055516" /><trkpt lat="62.217848978" lon="25.070037523" /><trkpt lat="62.217861732" lon="25.070019564" /><trkpt lat="62.217874461" lon="25.070001644" /><trkpt lat="62.217887163" lon="25.069983766" /><trkpt lat="62.217899835" lon="25.069965931" /><trkpt lat="62.217912476" lon="25.069948145" /><trkpt lat="62.217925083" lon="25.069930409" /><trkpt lat="62.217937654" lon="25.069912728" /><trkpt lat="62.217950187" lon="25.069895103" /><trkpt lat="62.217962680" lon="25.069877539" /><trkpt lat="62.217975130" lon="25.069860039" /><trkpt lat="62.217987536" lon="25.069842605" /><trkpt lat="62.217999896" lon="25.069825242" /><trkpt lat="62.218012206" lon="25.069807951" /><trkpt lat="62.218024466" lon="25.069790737" /><trkpt lat="62.218036672" lon="25.069773603" /><trkpt lat="62.218048823" lon="25.069756551" /><trkpt lat="62.218060917" lon="25.069739585" /><trkpt lat="62.218072951" lon="25.069722708" /><trkpt lat="62.218084924" lon="25.069705923" /><trkpt lat="62.218096832" lon="25.069689234" /><trkpt lat="62.218108674" lon="25.069672643" /><trkpt lat="62.218120449" lon="25.069656154" /><trkpt lat="62.218132152" lon="25.069639770" /><trkpt lat="62.218143784" lon="25.069623494" /><trkpt lat="62.218155340" lon="25.069607329" /><trkpt lat="62.218166820" lon="25.069591279" /><trkpt lat="62.218178221" lon="25.069575347" /><trkpt lat="62.218189540" lon="25.069559536" /><trkpt lat="62.218200776" lon="25.069543848" /><trkpt lat="62.218211927" lon="25.069528288" /><trkpt lat="62.218222990" lon="25.069512858" /><trkpt lat="62.218233964" lon="25.069497562" /><trkpt lat="62.218244845" lon="25.069482402" /><trkpt lat="62.218255632" lon="25.069467383" /><trkpt lat="62.218266323" lon="25.069452507" /><trkpt lat="62.218276916" lon="25.069437777" /><trkpt lat="62.218287408" lon="25.069423196" /><trkpt lat="62.218297797" lon="25.069408768" /><trkpt lat="62.218308082" lon="25.069394496" /><trkpt lat="62.218318259" lon="25.069380383" /><trkpt lat="62.218328327" lon="25.069366432" /><trkpt lat="62.218338284" lon="25.069352647" /><trkpt lat="62.218348127" lon="25.069339030" /><trkpt lat="62.218357855" lon="25.069325586" /><trkpt lat="62.218367465" lon="25.069312316" /><trkpt lat="62.218376955" lon="25.069299224" /><trkpt lat="62.218386323" lon="25.069286313" /><trkpt lat="62.218395566" lon="25.069273587" /><trkpt lat="62.218404683" lon="25.069261049" /><trkpt lat="62.218413672" lon="25.069248701" /><trkpt lat="62.218422529" lon="25.069236548" /><trkpt lat="62.218431254" lon="25.069224591" /><trkpt lat="62.218439844" lon="25.069212836" /><trkpt lat="62.218448296" lon="25.069201283" /><trkpt lat="62.218456609" lon="25.069189938" /><trkpt lat="62.218464781" lon="25.069178802" /><trkpt lat="62.218472809" lon="25.069167880" /><trkpt lat="62.218480691" lon="25.069157174" /><trkpt lat="62.218488425" lon="25.069146687" /><trkpt lat="62.218496008" lon="25.069136423" /><trkpt lat="62.218503440" lon="25.069126385" /><trkpt lat="62.218510717" lon="25.069116576" /><trkpt lat="62.218517837" lon="25.069106999" /><trkpt lat="62.218524799" lon="25.069097658" /><trkpt lat="62.218531599" lon="25.069088555" /><trkpt lat="62.218538237" lon="25.069079694" /><trkpt lat="62.218544709" lon="25.069071078" /><trkpt lat="62.218551014" lon="25.069062710" /><trkpt lat="62.218563165" lon="25.069046621" /><trkpt lat="62.218575328" lon="25.069030544" /><trkpt lat="62.218587502" lon="25.069014480" /><trkpt lat="62.218599686" lon="25.068998432" /><trkpt lat="62.218611880" lon="25.068982401" /><trkpt lat="62.218624082" lon="25.068966389" /><trkpt lat="62.218636293" lon="25.068950399" /><trkpt lat="62.218648510" lon="25.068934432" /><trkpt lat="62.218660734" lon="25.068918491" /><trkpt lat="62.218672963" lon="25.068902577" /><trkpt lat="62.218685197" lon="25.068886694" /><trkpt lat="62.218697435" lon="25.068870842" /><trkpt lat="62.218709675" lon="25.068855024" /><trkpt lat="62.218721918" lon="25.068839242" /><trkpt lat="62.218734162" lon="25.068823498" /><trkpt lat="62.218746407" lon="25.068807794" /><trkpt lat="62.218758652" lon="25.068792133" /><trkpt lat="62.218770896" lon="25.068776515" /><trkpt lat="62.218783138" lon="25.068760944" /><trkpt lat="62.218795377" lon="25.068745421" /><trkpt lat="62.218807613" lon="25.068729948" /><trkpt lat="62.218819844" lon="25.068714528" /><trkpt lat="62.218832071" lon="25.068699163" /><trkpt lat="62.218844291" lon="25.068683854" /><trkpt lat="62.218856505" lon="25.068668603" /><trkpt lat="62.218868711" lon="25.068653414" /><trkpt lat="62.218880909" lon="25.068638287" /><trkpt lat="62.218893098" lon="25.068623225" /><trkpt lat="62.218905277" lon="25.068608230" /><trkpt lat="62.218917446" lon="25.068593304" /><trkpt lat="62.218929602" lon="25.068578449" /><trkpt lat="62.218941747" lon="25.068563667" /><trkpt lat="62.218953878" lon="25.068548960" /><trkpt lat="62.218965995" lon="25.068534330" /><trkpt lat="62.218978098" lon="25.068519780" /><trkpt lat="62.218990185" lon="25.068505311" /><trkpt lat="62.219002255" lon="25.068490925" /><trkpt lat="62.219014308" lon="25.068476625" /><trkpt lat="62.219026343" lon="25.068462413" /><trkpt lat="62.219038360" lon="25.068448290" /><trkpt lat="62.219050356" lon="25.068434258" /><trkpt lat="62.219062333" lon="25.068420321" /><trkpt lat="62.219074288" lon="25.068406479" /><trkpt lat="62.219086221" lon="25.068392735" /><trkpt lat="62.219098131" lon="25.068379091" /><trkpt lat="62.219110017" lon="25.068365549" /><trkpt lat="62.219121879" lon="25.068352111" /><trkpt lat="62.219133715" lon="25.068338779" /><trkpt lat="62.219145526" lon="25.068325556" /><trkpt lat="62.219157309" lon="25.068312442" /><trkpt lat="62.219169065" lon="25.068299441" /><trkpt lat="62.219180792" lon="25.068286554" /><trkpt lat="62.219192490" lon="25.068273784" /><trkpt lat="62.219204157" lon="25.068261132" /><trkpt lat="62.219215794" lon="25.068248601" /><trkpt lat="62.219227399" lon="25.068236192" /><trkpt lat="62.219238971" lon="25.068223908" /><trkpt lat="62.219250510" lon="25.068211751" /><trkpt lat="62.219262015" lon="25.068199722" /><trkpt lat="62.219273484" lon="25.068187825" /><trkpt lat="62.219284918" lon="25.068176060" /><trkpt lat="62.219296315" lon="25.068164431" /><trkpt lat="62.219307675" lon="25.068152938" /><trkpt lat="62.219318996" lon="25.068141585" /><trkpt lat="62.219330278" lon="25.068130372" /><trkpt lat="62.219341521" lon="25.068119303" /><trkpt lat="62.219352722" lon="25.068108380" /><trkpt lat="62.219363882" lon="25.068097603" /><trkpt lat="62.219375000" lon="25.068086977" /><trkpt lat="62.219386075" lon="25.068076501" /><trkpt lat="62.219397106" lon="25.068066180" /><trkpt lat="62.219408092" lon="25.068056013" /><trkpt lat="62.219419032" lon="25.068046005" /><trkpt lat="62.219429926" lon="25.068036156" /><trkpt lat="62.219440773" lon="25.068026470" /><trkpt lat="62.219451572" lon="25.068016947" /><trkpt lat="62.219462322" lon="25.068007590" /><trkpt lat="62.219473023" lon="25.067998401" /><trkpt lat="62.219483673" lon="25.067989382" /><trkpt lat="62.219494272" lon="25.067980535" /><trkpt lat="62.219504818" lon="25.067971863" /><trkpt lat="62.219515312" lon="25.067963366" /><trkpt lat="62.219525753" lon="25.067955048" /><trkpt lat="62.219536138" lon="25.067946911" /><trkpt lat="62.219551985" lon="25.067934382" /><trkpt lat="62.219567303" lon="25.067921827" /><trkpt lat="62.219582099" lon="25.067909242" /><trkpt lat="62.219596379" lon="25.067896623" /><trkpt lat="62.219610150" lon="25.067883965" /><trkpt lat="62.219623419" lon="25.067871264" /><trkpt lat="62.219636191" lon="25.067858517" /><trkpt lat="62.219648473" lon="25.067845720" /><trkpt lat="62.219660273" lon="25.067832867" /><trkpt lat="62.219671595" lon="25.067819956" /><trkpt lat="62.219682448" lon="25.067806982" /><trkpt lat="62.219692836" lon="25.067793940" /><trkpt lat="62.219702768" lon="25.067780828" /><trkpt lat="62.219712248" lon="25.067767640" /><trkpt lat="62.219721284" lon="25.067754373" /><trkpt lat="62.219729883" lon="25.067741023" /><trkpt lat="62.219738049" lon="25.067727585" /><trkpt lat="62.219745791" lon="25.067714055" /><trkpt lat="62.219753115" lon="25.067700430" /><trkpt lat="62.219760026" lon="25.067686705" /><trkpt lat="62.219766532" lon="25.067672877" /><trkpt lat="62.219772640" lon="25.067658940" /><trkpt lat="62.219778354" lon="25.067644891" /><trkpt lat="62.219783683" lon="25.067630727" /><trkpt lat="62.219788632" lon="25.067616442" /><trkpt lat="62.219793208" lon="25.067602032" /><trkpt lat="62.219797417" lon="25.067587495" /><trkpt lat="62.219801266" lon="25.067572825" /><trkpt lat="62.219804762" lon="25.067558018" /><trkpt lat="62.219807910" lon="25.067543071" /><trkpt lat="62.219810718" lon="25.067527979" /><trkpt lat="62.219813191" lon="25.067512738" /><trkpt lat="62.219815337" lon="25.067497345" /><trkpt lat="62.219817161" lon="25.067481794" /><trkpt lat="62.219818671" lon="25.067466082" /><trkpt lat="62.219819873" lon="25.067450205" /><trkpt lat="62.219820772" lon="25.067434159" /><trkpt lat="62.219821376" lon="25.067417940" /><trkpt lat="62.219821692" lon="25.067401543" /><trkpt lat="62.219821725" lon="25.067384965" /><trkpt lat="62.219821482" lon="25.067368201" /><trkpt lat="62.219820970" lon="25.067351247" /><trkpt lat="62.219820195" lon="25.067334100" /><trkpt lat="62.219819163" lon="25.067316754" /><trkpt lat="62.219817881" lon="25.067299207" /><trkpt lat="62.219816356" lon="25.067281454" /><trkpt lat="62.219814594" lon="25.067263490" /><trkpt lat="62.219812601" lon="25.067245313" /><trkpt lat="62.219810384" lon="25.067226917" /><trkpt lat="62.219807950" lon="25.067208298" /><trkpt lat="62.219805304" lon="25.067189454" /><trkpt lat="62.219802454" lon="25.067170378" /><trkpt lat="62.219799406" lon="25.067151068" /><trkpt lat="62.219796166" lon="25.067131519" /><trkpt lat="62.219794475" lon="25.067121544" /><trkpt lat="62.219792735" lon="25.067111292" /><trkpt lat="62.219790949" lon="25.067100765" /><trkpt lat="62.219789115" lon="25.067089969" /><trkpt lat="62.219787235" lon="25.067078906" /><trkpt lat="62.219785310" lon="25.067067580" /><trkpt lat="62.219783340" lon="25.067055996" /><trkpt lat="62.219781326" lon="25.067044157" /><trkpt lat="62.219779269" lon="25.067032066" /><trkpt lat="62.219777169" lon="25.067019729" /><trkpt lat="62.219775027" lon="25.067007147" /><trkpt lat="62.219772844" lon="25.066994326" /><trkpt lat="62.219770620" lon="25.066981268" /><trkpt lat="62.219768356" lon="25.066967978" /><trkpt lat="62.219766054" lon="25.066954460" /><trkpt lat="62.219763712" lon="25.066940717" /><trkpt lat="62.219761333" lon="25.066926753" /><trkpt lat="62.219758917" lon="25.066912572" /><trkpt lat="62.219756464" lon="25.066898177" /><trkpt lat="62.219753975" lon="25.066883573" /><trkpt lat="62.219751452" lon="25.066868763" /><trkpt lat="62.219748894" lon="25.066853750" /><trkpt lat="62.219746302" lon="25.066838540" /><trkpt lat="62.219743678" lon="25.066823135" /><trkpt lat="62.219741021" lon="25.066807540" /><trkpt lat="62.219738332" lon="25.066791757" /><trkpt lat="62.219735613" lon="25.066775791" /><trkpt lat="62.219732863" lon="25.066759646" /><trkpt lat="62.219730084" lon="25.066743326" /><trkpt lat="62.219727276" lon="25.066726833" /><trkpt lat="62.219724440" lon="25.066710173" /><trkpt lat="62.219721576" lon="25.066693348" /><trkpt lat="62.219718686" lon="25.066676363" /><trkpt lat="62.219715769" lon="25.066659221" /><trkpt lat="62.219712827" lon="25.066641926" /><trkpt lat="62.219709861" lon="25.066624482" /><trkpt lat="62.219706870" lon="25.066606893" /><trkpt lat="62.219703856" lon="25.066589163" /><trkpt lat="62.219700820" lon="25.066571294" /><trkpt lat="62.219697761" lon="25.066553292" /><trkpt lat="62.219694681" lon="25.066535159" /><trkpt lat="62.219691581" lon="25.066516900" /><trkpt lat="62.219688461" lon="25.066498518" /><trkpt lat="62.219685322" lon="25.066480017" /><trkpt lat="62.219682164" lon="25.066461402" /><trkpt lat="62.219678988" lon="25.066442675" /><trkpt lat="62.219675796" lon="25.066423840" /><trkpt lat="62.219672586" lon="25.066404902" /><trkpt lat="62.219669362" lon="25.066385864" /><trkpt lat="62.219666122" lon="25.066366729" /><trkpt lat="62.219662868" lon="25.066347503" /><trkpt lat="62.219659600" lon="25.066328187" /><trkpt lat="62.219656319" lon="25.066308787" /><trkpt lat="62.219653026" lon="25.066289306" /><trkpt lat="62.219649721" lon="25.066269747" /><trkpt lat="62.219646406" lon="25.066250115" /><trkpt lat="62.219643080" lon="25.066230413" /><trkpt lat="62.219639745" lon="25.066210646" /><trkpt lat="62.219636401" lon="25.066190816" /><trkpt lat="62.219633049" lon="25.066170928" /><trkpt lat="62.219629689" lon="25.066150985" /><trkpt lat="62.219626323" lon="25.066130992" /><trkpt lat="62.219622950" lon="25.066110951" /><trkpt lat="62.219619573" lon="25.066090867" /><trkpt lat="62.219616190" lon="25.066070744" /><trkpt lat="62.219612804" lon="25.066050585" /><trkpt lat="62.219609414" lon="25.066030395" /><trkpt lat="62.219606022" lon="25.066010176" /><trkpt lat="62.219602628" lon="25.065989933" /><trkpt lat="62.219599232" lon="25.065969669" /><trkpt lat="62.219595836" lon="25.065949388" /><trkpt lat="62.219592441" lon="25.065929095" /><trkpt lat="62.219589046" lon="25.065908792" /><trkpt lat="62.219585653" lon="25.065888484" /><trkpt lat="62.219582261" lon="25.065868174" /><trkpt lat="62.219578873" lon="25.065847867" /><trkpt lat="62.219575489" lon="25.065827565" /><trkpt lat="62.219572108" lon="25.065807273" /><trkpt lat="62.219568733" lon="25.065786995" /><trkpt lat="62.219565364" lon="25.065766734" /><trkpt lat="62.219562001" lon="25.065746494" /><trkpt lat="62.219558644" lon="25.065726278" /><trkpt lat="62.219555296" lon="25.065706092" /><trkpt lat="62.219551956" lon="25.065685937" /><trkpt lat="62.219548626" lon="25.065665819" /><trkpt lat="62.219545305" lon="25.065645741" /><trkpt lat="62.219541994" lon="25.065625707" /><trkpt lat="62.219538695" lon="25.065605720" /><trkpt lat="62.219535408" lon="25.065585784" /><trkpt lat="62.219532133" lon="25.065565904" /><trkpt lat="62.219528872" lon="25.065546082" /><trkpt lat="62.219525625" lon="25.065526323" /><trkpt lat="62.219522392" lon="25.065506631" /><trkpt lat="62.219519175" lon="25.065487009" /><trkpt lat="62.219515973" lon="25.065467460" /><trkpt lat="62.219512789" lon="25.065447990" /><trkpt lat="62.219509622" lon="25.065428601" /><trkpt lat="62.219506473" lon="25.065409297" /><trkpt lat="62.219503343" lon="25.065390083" /><trkpt lat="62.219500232" lon="25.065370961" /><trkpt lat="62.219497141" lon="25.065351936" /><trkpt lat="62.219494072" lon="25.065333012" /><trkpt lat="62.219491024" lon="25.065314191" /><trkpt lat="62.219487998" lon="25.065295479" /><trkpt lat="62.219484995" lon="25.065276879" /><trkpt lat="62.219482016" lon="25.065258394" /><trkpt lat="62.219479062" lon="25.065240029" /><trkpt lat="62.219476132" lon="25.065221786" /><trkpt lat="62.219473432" lon="25.065204998" /><trkpt lat="62.219470716" lon="25.065188196" /><trkpt lat="62.219467986" lon="25.065171380" /><trkpt lat="62.219465242" lon="25.065154549" /><trkpt lat="62.219462484" lon="25.065137704" /><trkpt lat="62.219459711" lon="25.065120845" /><trkpt lat="62.219456926" lon="25.065103972" /><trkpt lat="62.219454127" lon="25.065087084" /><trkpt lat="62.219451316" lon="25.065070181" /><trkpt lat="62.219448492" lon="25.065053264" /><trkpt lat="62.219445656" lon="25.065036333" /><trkpt lat="62.219442808" lon="25.065019387" /><trkpt lat="62.219439948" lon="25.065002427" /><trkpt lat="62.219437077" lon="25.064985452" /><trkpt lat="62.219434196" lon="25.064968462" /><trkpt lat="62.219431304" lon="25.064951457" /><trkpt lat="62.219428401" lon="25.064934438" /><trkpt lat="62.219425489" lon="25.064917404" /><trkpt lat="62.219422567" lon="25.064900355" /><trkpt lat="62.219419636" lon="25.064883291" /><trkpt lat="62.219416696" lon="25.064866213" /><trkpt lat="62.219413747" lon="25.064849119" /><trkpt lat="62.219410789" lon="25.064832011" /><trkpt lat="62.219407824" lon="25.064814887" /><trkpt lat="62.219404851" lon="25.064797748" /><trkpt lat="62.219401871" lon="25.064780594" /><trkpt lat="62.219398884" lon="25.064763425" /><trkpt lat="62.219395890" lon="25.064746241" /><trkpt lat="62.219392889" lon="25.064729042" /><trkpt lat="62.219389882" lon="25.064711827" /><trkpt lat="62.219386870" lon="25.064694597" /><trkpt lat="62.219383852" lon="25.064677352" /><trkpt lat="62.219380829" lon="25.064660091" /><trkpt lat="62.219377801" lon="25.064642815" /><trkpt lat="62.219374769" lon="25.064625523" /><trkpt lat="62.219371732" lon="25.064608216" /><trkpt lat="62.219368692" lon="25.064590894" /><trkpt lat="62.219365648" lon="25.064573555" /><trkpt lat="62.219362600" lon="25.064556201" /><trkpt lat="62.219359550" lon="25.064538832" /><trkpt lat="62.219356497" lon="25.064521446" /><trkpt lat="62.219353442" lon="25.064504045" /><trkpt lat="62.219350385" lon="25.064486628" /><trkpt lat="62.219347327" lon="25.064469196" /><trkpt lat="62.219344266" lon="25.064451747" /><trkpt lat="62.219341205" lon="25.064434283" /><trkpt lat="62.219338144" lon="25.064416802" /><trkpt lat="62.219335082" lon="25.064399306" /><trkpt lat="62.219332019" lon="25.064381793" /><trkpt lat="62.219328958" lon="25.064364265" /><trkpt lat="62.219325896" lon="25.064346720" /><trkpt lat="62.219322836" lon="25.064329159" /><trkpt lat="62.219319777" lon="25.064311582" /><trkpt lat="62.219316719" lon="25.064293989" /><trkpt lat="62.219313663" lon="25.064276379" /><trkpt lat="62.219310609" lon="25.064258753" /><trkpt lat="62.219307558" lon="25.064241111" /><trkpt lat="62.219304510" lon="25.064223452" /><trkpt lat="62.219301465" lon="25.064205777" /><trkpt lat="62.219298423" lon="25.064188086" /><trkpt lat="62.219295385" lon="25.064170378" /><trkpt lat="62.219292351" lon="25.064152653" /><trkpt lat="62.219289321" lon="25.064134912" /><trkpt lat="62.219286297" lon="25.064117154" /><trkpt lat="62.219283277" lon="25.064099380" /><trkpt lat="62.219280263" lon="25.064081588" /><trkpt lat="62.219277254" lon="25.064063780" /><trkpt lat="62.219274251" lon="25.064045955" /><trkpt lat="62.219271255" lon="25.064028114" /><trkpt lat="62.219268265" lon="25.064010255" /><trkpt lat="62.219265282" lon="25.063992380" /><trkpt lat="62.219262306" lon="25.063974487" /><trkpt lat="62.219259338" lon="25.063956578" /><trkpt lat="62.219256378" lon="25.063938651" /><trkpt lat="62.219253426" lon="25.063920708" /><trkpt lat="62.219250483" lon="25.063902747" /><trkpt lat="62.219247549" lon="25.063884769" /><trkpt lat="62.219244623" lon="25.063866774" /><trkpt lat="62.219241708" lon="25.063848762" /><trkpt lat="62.219238802" lon="25.063830732" /><trkpt lat="62.219235906" lon="25.063812685" /><trkpt lat="62.219233021" lon="25.063794621" /><trkpt lat="62.219230146" lon="25.063776540" /><trkpt lat="62.219227282" lon="25.063758440" /><trkpt lat="62.219224430" lon="25.063740324" /><trkpt lat="62.219221590" lon="25.063722190" /><trkpt lat="62.219218762" lon="25.063704038" /><trkpt lat="62.219215946" lon="25.063685869" /><trkpt lat="62.219213142" lon="25.063667682" /><trkpt lat="62.219210352" lon="25.063649477" /><trkpt lat="62.219207575" lon="25.063631255" /><trkpt lat="62.219204812" lon="25.063613015" /><trkpt lat="62.219202062" lon="25.063594757" /><trkpt lat="62.219199327" lon="25.063576481" /><trkpt lat="62.219196607" lon="25.063558188" /><trkpt lat="62.219193901" lon="25.063539876" /><trkpt lat="62.219191211" lon="25.063521546" /><trkpt lat="62.219188536" lon="25.063503199" /><trkpt lat="62.219185877" lon="25.063484833" /><trkpt lat="62.219183234" lon="25.063466450" /><trkpt lat="62.219180608" lon="25.063448048" /><trkpt lat="62.219177999" lon="25.063429628" /><trkpt lat="62.219175406" lon="25.063411190" /><trkpt lat="62.219172832" lon="25.063392733" /><trkpt lat="62.219170275" lon="25.063374259" /><trkpt lat="62.219167736" lon="25.063355766" /><trkpt lat="62.219165215" lon="25.063337254" /><trkpt lat="62.219162713" lon="25.063318724" /><trkpt lat="62.219160230" lon="25.063300176" /><trkpt lat="62.219157767" lon="25.063281609" /><trkpt lat="62.219155323" lon="25.063263024" /><trkpt lat="62.219152900" lon="25.063244420" /><trkpt lat="62.219150496" lon="25.063225798" /><trkpt lat="62.219148114" lon="25.063207157" /><trkpt lat="62.219145752" lon="25.063188497" /><trkpt lat="62.219143411" lon="25.063169818" /><trkpt lat="62.219141092" lon="25.063151121" /><trkpt lat="62.219138560" lon="25.063130570" /><trkpt lat="62.219136055" lon="25.063110210" /><trkpt lat="62.219133578" lon="25.063090036" /><trkpt lat="62.219131127" lon="25.063070046" /><trkpt lat="62.219128702" lon="25.063050235" /><trkpt lat="62.219126302" lon="25.063030600" /><trkpt lat="62.219123925" lon="25.063011135" /><trkpt lat="62.219121571" lon="25.062991839" /><trkpt lat="62.219119238" lon="25.062972706" /><trkpt lat="62.219116927" lon="25.062953733" /><trkpt lat="62.219114635" lon="25.062934915" /><trkpt lat="62.219112362" lon="25.062916250" /><trkpt lat="62.219110107" lon="25.062897733" /><trkpt lat="62.219107869" lon="25.062879360" /><trkpt lat="62.219105646" lon="25.062861127" /><trkpt lat="62.219103439" lon="25.062843031" /><trkpt lat="62.219101246" lon="25.062825067" /><trkpt lat="62.219099066" lon="25.062807232" /><trkpt lat="62.219096898" lon="25.062789521" /><trkpt lat="62.219094741" lon="25.062771932" /><trkpt lat="62.219092595" lon="25.062754459" /><trkpt lat="62.219090457" lon="25.062737100" /><trkpt lat="62.219088328" lon="25.062719849" /><trkpt lat="62.219086207" lon="25.062702704" /><trkpt lat="62.219084092" lon="25.062685661" /><trkpt lat="62.219081982" lon="25.062668715" /><trkpt lat="62.219079877" lon="25.062651862" /><trkpt lat="62.219077775" lon="25.062635099" /><trkpt lat="62.219075676" lon="25.062618422" /><trkpt lat="62.219073578" lon="25.062601827" /><trkpt lat="62.219071481" lon="25.062585310" /><trkpt lat="62.219069384" lon="25.062568867" /><trkpt lat="62.219067286" lon="25.062552495" /><trkpt lat="62.219065185" lon="25.062536189" /><trkpt lat="62.219063081" lon="25.062519945" /><trkpt lat="62.219060973" lon="25.062503760" /><trkpt lat="62.219058860" lon="25.062487629" /><trkpt lat="62.219056741" lon="25.062471550" /><trkpt lat="62.219054615" lon="25.062455517" /><trkpt lat="62.219052481" lon="25.062439527" /><trkpt lat="62.219050338" lon="25.062423577" /><trkpt lat="62.219048185" lon="25.062407661" /><trkpt lat="62.219046021" lon="25.062391777" /><trkpt lat="62.219043846" lon="25.062375921" /><trkpt lat="62.219041657" lon="25.062360088" /><trkpt lat="62.219039456" lon="25.062344275" /><trkpt lat="62.219037239" lon="25.062328477" /><trkpt lat="62.219035007" lon="25.062312692" /><trkpt lat="62.219032758" lon="25.062296914" /><trkpt lat="62.219030492" lon="25.062281140" /><trkpt lat="62.219028207" lon="25.062265367" /><trkpt lat="62.219025902" lon="25.062249590" /><trkpt lat="62.219023578" lon="25.062233806" /><trkpt lat="62.219021232" lon="25.062218010" /><trkpt lat="62.219018863" lon="25.062202198" /><trkpt lat="62.219016472" lon="25.062186368" /><trkpt lat="62.219014056" lon="25.062170514" /><trkpt lat="62.219011615" lon="25.062154633" /><trkpt lat="62.219009148" lon="25.062138722" /><trkpt lat="62.219006653" lon="25.062122775" /><trkpt lat="62.219004131" lon="25.062106790" /><trkpt lat="62.219001579" lon="25.062090762" /><trkpt lat="62.218998998" lon="25.062074688" /><trkpt lat="62.218996386" lon="25.062058563" /><trkpt lat="62.218993741" lon="25.062042385" /><trkpt lat="62.218991064" lon="25.062026148" /><trkpt lat="62.218988354" lon="25.062009849" /><trkpt lat="62.218985608" lon="25.061993483" /><trkpt lat="62.218982827" lon="25.061977049" /><trkpt lat="62.218980008" lon="25.061960540" /><trkpt lat="62.218977153" lon="25.061943954" /><trkpt lat="62.218974259" lon="25.061927286" /><trkpt lat="62.218971325" lon="25.061910533" /><trkpt lat="62.218968350" lon="25.061893691" /><trkpt lat="62.218965335" lon="25.061876755" /><trkpt lat="62.218962276" lon="25.061859723" /><trkpt lat="62.218959175" lon="25.061842589" /><trkpt lat="62.218956029" lon="25.061825351" /><trkpt lat="62.218952838" lon="25.061808003" /><trkpt lat="62.218949600" lon="25.061790544" /><trkpt lat="62.218946315" lon="25.061772967" /><trkpt lat="62.218942983" lon="25.061755270" /><trkpt lat="62.218939601" lon="25.061737449" /><trkpt lat="62.218936168" lon="25.061719500" /><trkpt lat="62.218932685" lon="25.061701419" /><trkpt lat="62.218929150" lon="25.061683201" /><trkpt lat="62.218925562" lon="25.061664844" /><trkpt lat="62.218921920" lon="25.061646343" /><trkpt lat="62.218918223" lon="25.061627694" /><trkpt lat="62.218914471" lon="25.061608894" /><trkpt lat="62.218910661" lon="25.061589938" /><trkpt lat="62.218906794" lon="25.061570823" /><trkpt lat="62.218902868" lon="25.061551545" /><trkpt lat="62.218898883" lon="25.061532100" /><trkpt lat="62.218894837" lon="25.061512483" /><trkpt lat="62.218890729" lon="25.061492692" /><trkpt lat="62.218886559" lon="25.061472722" /><trkpt lat="62.218882325" lon="25.061452569" /><trkpt lat="62.218878027" lon="25.061432230" /><trkpt lat="62.218873663" lon="25.061411700" /><trkpt lat="62.218869233" lon="25.061390976" /><trkpt lat="62.218864736" lon="25.061370054" /><trkpt lat="62.218860170" lon="25.061348929" /><trkpt lat="62.218855536" lon="25.061327599" /><trkpt lat="62.218850831" lon="25.061306058" /><trkpt lat="62.218846055" lon="25.061284304" /><trkpt lat="62.218840324" lon="25.061258475" /><trkpt lat="62.218834593" lon="25.061233062" /><trkpt lat="62.218828861" lon="25.061208058" /><trkpt lat="62.218823130" lon="25.061183454" /><trkpt lat="62.218817399" lon="25.061159245" /><trkpt lat="62.218811668" lon="25.061135423" /><trkpt lat="62.218805937" lon="25.061111980" /><trkpt lat="62.218800206" lon="25.061088911" /><trkpt lat="62.218794475" lon="25.061066207" /><trkpt lat="62.218788744" lon="25.061043861" /><trkpt lat="62.218783013" lon="25.061021867" /><trkpt lat="62.218777282" lon="25.061000217" /><trkpt lat="62.218771550" lon="25.060978904" /><trkpt lat="62.218765819" lon="25.060957922" /><trkpt lat="62.218760088" lon="25.060937262" /><trkpt lat="62.218754357" lon="25.060916918" /><trkpt lat="62.218748626" lon="25.060896882" /><trkpt lat="62.218742895" lon="25.060877148" /><trkpt lat="62.218737164" lon="25.060857708" /><trkpt lat="62.218731433" lon="25.060838556" /><trkpt lat="62.218725702" lon="25.060819684" /><trkpt lat="62.218719970" lon="25.060801085" /><trkpt lat="62.218714239" lon="25.060782752" /><trkpt lat="62.218708508" lon="25.060764677" /><trkpt lat="62.218702777" lon="25.060746854" /><trkpt lat="62.218697046" lon="25.060729276" /><trkpt lat="62.218691315" lon="25.060711935" /><trkpt lat="62.218685584" lon="25.060694825" /><trkpt lat="62.218679853" lon="25.060677937" /><trkpt lat="62.218674121" lon="25.060661266" /><trkpt lat="62.218668390" lon="25.060644804" /><trkpt lat="62.218662659" lon="25.060628543" /><trkpt lat="62.218656928" lon="25.060612477" /><trkpt lat="62.218651197" lon="25.060596599" /><trkpt lat="62.218645466" lon="25.060580901" /><trkpt lat="62.218639735" lon="25.060565376" /><trkpt lat="62.218634003" lon="25.060550018" /><trkpt lat="62.218628272" lon="25.060534818" /><trkpt lat="62.218622541" lon="25.060519771" /><trkpt lat="62.218616810" lon="25.060504868" /><trkpt lat="62.218611079" lon="25.060490103" /><trkpt lat="62.218605348" lon="25.060475469" /><trkpt lat="62.218599617" lon="25.060460958" /><trkpt lat="62.218593885" lon="25.060446564" /><trkpt lat="62.218588154" lon="25.060432278" /><trkpt lat="62.218582423" lon="25.060418095" /><trkpt lat="62.218576692" lon="25.060404007" /><trkpt lat="62.218570961" lon="25.060390006" /><trkpt lat="62.218565230" lon="25.060376087" /><trkpt lat="62.218559498" lon="25.060362241" /><trkpt lat="62.218553767" lon="25.060348461" /><trkpt lat="62.218548036" lon="25.060334741" /><trkpt lat="62.218542305" lon="25.060321073" /><trkpt lat="62.218536574" lon="25.060307450" /><trkpt lat="62.218530843" lon="25.060293865" /><trkpt lat="62.218525111" lon="25.060280311" /><trkpt lat="62.218519380" lon="25.060266780" /><trkpt lat="62.218513649" lon="25.060253267" /><trkpt lat="62.218507918" lon="25.060239762" /><trkpt lat="62.218502187" lon="25.060226261" /><trkpt lat="62.218496456" lon="25.060212754" /><trkpt lat="62.218490724" lon="25.060199236" /><trkpt lat="62.218484993" lon="25.060185698" /><trkpt lat="62.218479262" lon="25.060172134" /><trkpt lat="62.218473531" lon="25.060158538" /><trkpt lat="62.218467800" lon="25.060144900" /><trkpt lat="62.218462069" lon="25.060131216" /><trkpt lat="62.218456337" lon="25.060117477" /><trkpt lat="62.218450606" lon="25.060103676" /><trkpt lat="62.218444875" lon="25.060089806" /><trkpt lat="62.218439144" lon="25.060075860" /><trkpt lat="62.218433413" lon="25.060061831" /><trkpt lat="62.218427682" lon="25.060047712" /><trkpt lat="62.218421950" lon="25.060033495" /><trkpt lat="62.218416219" lon="25.060019174" /><trkpt lat="62.218410488" lon="25.060004742" /><trkpt lat="62.218404757" lon="25.059990191" /><trkpt lat="62.218399026" lon="25.059975514" /><trkpt lat="62.218393294" lon="25.059960704" /><trkpt lat="62.218387563" lon="25.059945754" /><trkpt lat="62.218381832" lon="25.059930656" /><trkpt lat="62.218376101" lon="25.059915405" /><trkpt lat="62.218370370" lon="25.059899992" /><trkpt lat="62.218364639" lon="25.059884410" /><trkpt lat="62.218358907" lon="25.059868653" /><trkpt lat="62.218353176" lon="25.059852713" /><trkpt lat="62.218347445" lon="25.059836583" /><trkpt lat="62.218341714" lon="25.059820256" /><trkpt lat="62.218335983" lon="25.059803724" /><trkpt lat="62.218331273" lon="25.059790105" /><trkpt lat="62.218326588" lon="25.059776661" /><trkpt lat="62.218321929" lon="25.059763386" /><trkpt lat="62.218317296" lon="25.059750272" /><trkpt lat="62.218312688" lon="25.059737313" /><trkpt lat="62.218308106" lon="25.059724502" /><trkpt lat="62.218303548" lon="25.059711831" /><trkpt lat="62.218299016" lon="25.059699295" /><trkpt lat="62.218294510" lon="25.059686887" /><trkpt lat="62.218290028" lon="25.059674599" /><trkpt lat="62.218285571" lon="25.059662424" /><trkpt lat="62.218281139" lon="25.059650356" /><trkpt lat="62.218276732" lon="25.059638389" /><trkpt lat="62.218272350" lon="25.059626514" /><trkpt lat="62.218267993" lon="25.059614726" /><trkpt lat="62.218263660" lon="25.059603017" /><trkpt lat="62.218259352" lon="25.059591380" /><trkpt lat="62.218255068" lon="25.059579810" /><trkpt lat="62.218250809" lon="25.059568298" /><trkpt lat="62.218246574" lon="25.059556838" /><trkpt lat="62.218242363" lon="25.059545423" /><trkpt lat="62.218238177" lon="25.059534047" /><trkpt lat="62.218234014" lon="25.059522702" /><trkpt lat="62.218229876" lon="25.059511382" /><trkpt lat="62.218225762" lon="25.059500079" /><trkpt lat="62.218221672" lon="25.059488788" /><trkpt lat="62.218217606" lon="25.059477501" /><trkpt lat="62.218213563" lon="25.059466210" /><trkpt lat="62.218209544" lon="25.059454911" /><trkpt lat="62.218205549" lon="25.059443594" /><trkpt lat="62.218201577" lon="25.059432255" /><trkpt lat="62.218197629" lon="25.059420885" /><trkpt lat="62.218193705" lon="25.059409479" /><trkpt lat="62.218189803" lon="25.059398028" /><trkpt lat="62.218185925" lon="25.059386527" /><trkpt lat="62.218182071" lon="25.059374968" /><trkpt lat="62.218178239" lon="25.059363345" /><trkpt lat="62.218174430" lon="25.059351651" /><trkpt lat="62.218170645" lon="25.059339878" /><trkpt lat="62.218166882" lon="25.059328021" /><trkpt lat="62.218163143" lon="25.059316072" /><trkpt lat="62.218159426" lon="25.059304024" /><trkpt lat="62.218155731" lon="25.059291871" /><trkpt lat="62.218152060" lon="25.059279605" /><trkpt lat="62.218148411" lon="25.059267220" /><trkpt lat="62.218144784" lon="25.059254710" /><trkpt lat="62.218141180" lon="25.059242066" /><trkpt lat="62.218137599" lon="25.059229283" /><trkpt lat="62.218134039" lon="25.059216353" /><trkpt lat="62.218130502" lon="25.059203269" /><trkpt lat="62.218126987" lon="25.059190026" /><trkpt lat="62.218123494" lon="25.059176615" /><trkpt lat="62.218120023" lon="25.059163031" /><trkpt lat="62.218116574" lon="25.059149265" /><trkpt lat="62.218113147" lon="25.059135312" /><trkpt lat="62.218109742" lon="25.059121165" /><trkpt lat="62.218106358" lon="25.059106816" /><trkpt lat="62.218102996" lon="25.059092259" /><trkpt lat="62.218099656" lon="25.059077487" /><trkpt lat="62.218096337" lon="25.059062493" /><trkpt lat="62.218093040" lon="25.059047270" /><trkpt lat="62.218089763" lon="25.059031812" /><trkpt lat="62.218086509" lon="25.059016111" /><trkpt lat="62.218083275" lon="25.059000161" /><trkpt lat="62.218080063" lon="25.058983955" /><trkpt lat="62.218076871" lon="25.058967486" /><trkpt lat="62.218073701" lon="25.058950747" /><trkpt lat="62.218070552" lon="25.058933731" /><trkpt lat="62.218067423" lon="25.058916432" /><trkpt lat="62.218064315" lon="25.058898843" /><trkpt lat="62.218061228" lon="25.058880956" /><trkpt lat="62.218058162" lon="25.058862766" /><trkpt lat="62.218055116" lon="25.058844264" /><trkpt lat="62.218052091" lon="25.058825445" /><trkpt lat="62.218049086" lon="25.058806301" /><trkpt lat="62.218046102" lon="25.058786825" /><trkpt lat="62.218043138" lon="25.058767012" /><trkpt lat="62.218040194" lon="25.058746853" /><trkpt lat="62.218037270" lon="25.058726342" /><trkpt lat="62.218034366" lon="25.058705473" /><trkpt lat="62.218031483" lon="25.058684237" /><trkpt lat="62.218028619" lon="25.058662629" /><trkpt lat="62.218025775" lon="25.058640642" /><trkpt lat="62.218022951" lon="25.058618269" /><trkpt lat="62.218020146" lon="25.058595502" /><trkpt lat="62.218017362" lon="25.058572336" /><trkpt lat="62.218014596" lon="25.058548763" /><trkpt lat="62.218011851" lon="25.058524776" /><trkpt lat="62.218009125" lon="25.058500369" /><trkpt lat="62.218006418" lon="25.058475534" /><trkpt lat="62.218003730" lon="25.058450265" /><trkpt lat="62.218001062" lon="25.058424556" /><trkpt lat="62.217998413" lon="25.058398398" /><trkpt lat="62.217995783" lon="25.058371786" /><trkpt lat="62.217993171" lon="25.058344712" /><trkpt lat="62.217990579" lon="25.058317170" /><trkpt lat="62.217988006" lon="25.058289152" /><trkpt lat="62.217985451" lon="25.058260653" /><trkpt lat="62.217982916" lon="25.058231664" /><trkpt lat="62.217980399" lon="25.058202180" /><trkpt lat="62.217977900" lon="25.058172193" /><trkpt lat="62.217975420" lon="25.058141697" /><trkpt lat="62.217972958" lon="25.058110684" /><trkpt lat="62.217970515" lon="25.058079148" /><trkpt lat="62.217968090" lon="25.058047082" /><trkpt lat="62.217965683" lon="25.058014479" /><trkpt lat="62.217963295" lon="25.057981333" /><trkpt lat="62.217960924" lon="25.057947636" /><trkpt lat="62.217959173" lon="25.057922390" /><trkpt lat="62.217957438" lon="25.057897263" /><trkpt lat="62.217955718" lon="25.057872256" /><trkpt lat="62.217954013" lon="25.057847366" /><trkpt lat="62.217952323" lon="25.057822594" /><trkpt lat="62.217950648" lon="25.057797941" /><trkpt lat="62.217948988" lon="25.057773404" /><trkpt lat="62.217947343" lon="25.057748984" /><trkpt lat="62.217945712" lon="25.057724681" /><trkpt lat="62.217944096" lon="25.057700494" /><trkpt lat="62.217942493" lon="25.057676422" /><trkpt lat="62.217940905" lon="25.057652467" /><trkpt lat="62.217939331" lon="25.057628626" /><trkpt lat="62.217937770" lon="25.057604900" /><trkpt lat="62.217936224" lon="25.057581288" /><trkpt lat="62.217934690" lon="25.057557791" /><trkpt lat="62.217933170" lon="25.057534407" /><trkpt lat="62.217931664" lon="25.057511136" /><trkpt lat="62.217930170" lon="25.057487979" /><trkpt lat="62.217928689" lon="25.057464933" /><trkpt lat="62.217927221" lon="25.057442001" /><trkpt lat="62.217925765" lon="25.057419180" /><trkpt lat="62.217924322" lon="25.057396470" /><trkpt lat="62.217922891" lon="25.057373872" /><trkpt lat="62.217921473" lon="25.057351384" /><trkpt lat="62.217920066" lon="25.057329007" /><trkpt lat="62.217918671" lon="25.057306740" /><trkpt lat="62.217917288" lon="25.057284583" /><trkpt lat="62.217915917" lon="25.057262535" /><trkpt lat="62.217914557" lon="25.057240596" /><trkpt lat="62.217913208" lon="25.057218766" /><trkpt lat="62.217911870" lon="25.057197044" /><trkpt lat="62.217910544" lon="25.057175430" /><trkpt lat="62.217909228" lon="25.057153923" /><trkpt lat="62.217907923" lon="25.057132524" /><trkpt lat="62.217906628" lon="25.057111231" /><trkpt lat="62.217905344" lon="25.057090045" /><trkpt lat="62.217904070" lon="25.057068966" /><trkpt lat="62.217902806" lon="25.057047991" /><trkpt lat="62.217901552" lon="25.057027123" /><trkpt lat="62.217900308" lon="25.057006359" /><trkpt lat="62.217899073" lon="25.056985700" /><trkpt lat="62.217897848" lon="25.056965145" /><trkpt lat="62.217896632" lon="25.056944695" /><trkpt lat="62.217895426" lon="25.056924348" /><trkpt lat="62.217894228" lon="25.056904104" /><trkpt lat="62.217893040" lon="25.056883963" /><trkpt lat="62.217891860" lon="25.056863925" /><trkpt lat="62.217890689" lon="25.056843989" /><trkpt lat="62.217889526" lon="25.056824154" /><trkpt lat="62.217888372" lon="25.056804421" /><trkpt lat="62.217887225" lon="25.056784790" /><trkpt lat="62.217886087" lon="25.056765258" /><trkpt lat="62.217884957" lon="25.056745828" /><trkpt lat="62.217883834" lon="25.056726497" /><trkpt lat="62.217882719" lon="25.056707266" /><trkpt lat="62.217881611" lon="25.056688134" /><trkpt lat="62.217880511" lon="25.056669102" /><trkpt lat="62.217879418" lon="25.056650168" /><trkpt lat="62.217878332" lon="25.056631332" /><trkpt lat="62.217877252" lon="25.056612594" /><trkpt lat="62.217876180" lon="25.056593953" /><trkpt lat="62.217875114" lon="25.056575410" /><trkpt lat="62.217874054" lon="25.056556963" /><trkpt lat="62.217873000" lon="25.056538613" /><trkpt lat="62.217871953" lon="25.056520359" /><trkpt lat="62.217870912" lon="25.056502200" /><trkpt lat="62.217869876" lon="25.056484137" /><trkpt lat="62.217868846" lon="25.056466169" /><trkpt lat="62.217867822" lon="25.056448296" /><trkpt lat="62.217866803" lon="25.056430517" /><trkpt lat="62.217865789" lon="25.056412832" /><trkpt lat="62.217864780" lon="25.056395240" /><trkpt lat="62.217863776" lon="25.056377742" /><trkpt lat="62.217862777" lon="25.056360336" /><trkpt lat="62.217861782" lon="25.056343023" /><trkpt lat="62.217860792" lon="25.056325802" /><trkpt lat="62.217859807" lon="25.056308673" /><trkpt lat="62.217858825" lon="25.056291635" /><trkpt lat="62.217857848" lon="25.056274689" /><trkpt lat="62.217856874" lon="25.056257833" /><trkpt lat="62.217855904" lon="25.056241067" /><trkpt lat="62.217854938" lon="25.056224391" /><trkpt lat="62.217853975" lon="25.056207805" /><trkpt lat="62.217853016" lon="25.056191308" /><trkpt lat="62.217852060" lon="25.056174900" /><trkpt lat="62.217851106" lon="25.056158581" /><trkpt lat="62.217850156" lon="25.056142350" /><trkpt lat="62.217849208" lon="25.056126206" /><trkpt lat="62.217848263" lon="25.056110150" /><trkpt lat="62.217847320" lon="25.056094181" /><trkpt lat="62.217846379" lon="25.056078299" /><trkpt lat="62.217845441" lon="25.056062503" /><trkpt lat="62.217844505" lon="25.056046794" /><trkpt lat="62.217843570" lon="25.056031170" /><trkpt lat="62.217842637" lon="25.056015631" /><trkpt lat="62.217841706" lon="25.056000177" /><trkpt lat="62.217840776" lon="25.055984808" /><trkpt lat="62.217839847" lon="25.055969523" /><trkpt lat="62.217838919" lon="25.055954322" /><trkpt lat="62.217837992" lon="25.055939204" /><trkpt lat="62.217837066" lon="25.055924170" /><trkpt lat="62.217836141" lon="25.055909218" /><trkpt lat="62.217835216" lon="25.055894349" /><trkpt lat="62.217834291" lon="25.055879562" /><trkpt lat="62.217833367" lon="25.055864856" /><trkpt lat="62.217832443" lon="25.055850232" /><trkpt lat="62.217831518" lon="25.055835689" /><trkpt lat="62.217830594" lon="25.055821227" /><trkpt lat="62.217829669" lon="25.055806845" /><trkpt lat="62.217828743" lon="25.055792542" /><trkpt lat="62.217827817" lon="25.055778320" /><trkpt lat="62.217826890" lon="25.055764176" /><trkpt lat="62.217825961" lon="25.055750112" /><trkpt lat="62.217825032" lon="25.055736126" /><trkpt lat="62.217824102" lon="25.055722218" /><trkpt lat="62.217823170" lon="25.055708387" /><trkpt lat="62.217822236" lon="25.055694635" /><trkpt lat="62.217821301" lon="25.055680959" /><trkpt lat="62.217820364" lon="25.055667360" /><trkpt lat="62.217819425" lon="25.055653837" /><trkpt lat="62.217818484" lon="25.055640390" /><trkpt lat="62.217817540" lon="25.055627019" /><trkpt lat="62.217816594" lon="25.055613723" /><trkpt lat="62.217815645" lon="25.055600502" /><trkpt lat="62.217814694" lon="25.055587356" /><trkpt lat="62.217813740" lon="25.055574283" /><trkpt lat="62.217812782" lon="25.055561285" /><trkpt lat="62.217811822" lon="25.055548360" /><trkpt lat="62.217810858" lon="25.055535508" /><trkpt lat="62.217809890" lon="25.055522729" /><trkpt lat="62.217808919" lon="25.055510022" /><trkpt lat="62.217807944" lon="25.055497387" /><trkpt lat="62.217806966" lon="25.055484824" /><trkpt lat="62.217805983" lon="25.055472332" /><trkpt lat="62.217804996" lon="25.055459911" /><trkpt lat="62.217804004" lon="25.055447561" /><trkpt lat="62.217803008" lon="25.055435281" /><trkpt lat="62.217802008" lon="25.055423071" /><trkpt lat="62.217801002" lon="25.055410930" /><trkpt lat="62.217799992" lon="25.055398859" /><trkpt lat="62.217798976" lon="25.055386856" /><trkpt lat="62.217797955" lon="25.055374922" /><trkpt lat="62.217796929" lon="25.055363056" /><trkpt lat="62.217795897" lon="25.055351257" /><trkpt lat="62.217794043" lon="25.055330053" /><trkpt lat="62.217792231" lon="25.055309085" /><trkpt lat="62.217790463" lon="25.055288347" /><trkpt lat="62.217788738" lon="25.055267833" /><trkpt lat="62.217787056" lon="25.055247537" /><trkpt lat="62.217785419" lon="25.055227453" /><trkpt lat="62.217783827" lon="25.055207576" /><trkpt lat="62.217782280" lon="25.055187900" /><trkpt lat="62.217780778" lon="25.055168419" /><trkpt lat="62.217779322" lon="25.055149128" /><trkpt lat="62.217777912" lon="25.055130020" /><trkpt lat="62.217776549" lon="25.055111090" /><trkpt lat="62.217775234" lon="25.055092331" /><trkpt lat="62.217773965" lon="25.055073740" /><trkpt lat="62.217772745" lon="25.055055308" /><trkpt lat="62.217771573" lon="25.055037031" /><trkpt lat="62.217770450" lon="25.055018903" /><trkpt lat="62.217769376" lon="25.055000918" /><trkpt lat="62.217768351" lon="25.054983071" /><trkpt lat="62.217767377" lon="25.054965355" /><trkpt lat="62.217766453" lon="25.054947764" /><trkpt lat="62.217765579" lon="25.054930294" /><trkpt lat="62.217764757" lon="25.054912937" /><trkpt lat="62.217763987" lon="25.054895689" /><trkpt lat="62.217763268" lon="25.054878544" /><trkpt lat="62.217762602" lon="25.054861496" /><trkpt lat="62.217761989" lon="25.054844538" /><trkpt lat="62.217761429" lon="25.054827666" /><trkpt lat="62.217760923" lon="25.054810873" /><trkpt lat="62.217760471" lon="25.054794154" /><trkpt lat="62.217760074" lon="25.054777503" /><trkpt lat="62.217759731" lon="25.054760914" /><trkpt lat="62.217759444" lon="25.054744381" /><trkpt lat="62.217759212" lon="25.054727899" /><trkpt lat="62.217759037" lon="25.054711461" /><trkpt lat="62.217758918" lon="25.054695063" /><trkpt lat="62.217758856" lon="25.054678698" /><trkpt lat="62.217758851" lon="25.054662360" /><trkpt lat="62.217758904" lon="25.054646044" /><trkpt lat="62.217759016" lon="25.054629743" /><trkpt lat="62.217759186" lon="25.054613453" /><trkpt lat="62.217759415" lon="25.054597167" /><trkpt lat="62.217759703" lon="25.054580879" /><trkpt lat="62.217760052" lon="25.054564584" /><trkpt lat="62.217760460" lon="25.054548276" /><trkpt lat="62.217760929" lon="25.054531949" /><trkpt lat="62.217761460" lon="25.054515598" /><trkpt lat="62.217762051" lon="25.054499216" /><trkpt lat="62.217762705" lon="25.054482798" /><trkpt lat="62.217763421" lon="25.054466338" /><trkpt lat="62.217764200" lon="25.054449830" /><trkpt lat="62.217765041" lon="25.054433269" /><trkpt lat="62.217765946" lon="25.054416648" /><trkpt lat="62.217766916" lon="25.054399962" /><trkpt lat="62.217767949" lon="25.054383205" /><trkpt lat="62.217769048" lon="25.054366372" /><trkpt lat="62.217770211" lon="25.054349456" /><trkpt lat="62.217771440" lon="25.054332451" /><trkpt lat="62.217772735" lon="25.054315353" /><trkpt lat="62.217774097" lon="25.054298155" /><trkpt lat="62.217775525" lon="25.054280851" /><trkpt lat="62.217777020" lon="25.054263436" /><trkpt lat="62.217778583" lon="25.054245904" /><trkpt lat="62.217780214" lon="25.054228249" /><trkpt lat="62.217781914" lon="25.054210465" /><trkpt lat="62.217783682" lon="25.054192546" /><trkpt lat="62.217785520" lon="25.054174487" /><trkpt lat="62.217787427" lon="25.054156282" /><trkpt lat="62.217789405" lon="25.054137925" /><trkpt lat="62.217791453" lon="25.054119411" /><trkpt lat="62.217793572" lon="25.054100733" /><trkpt lat="62.217795762" lon="25.054081886" /><trkpt lat="62.217798024" lon="25.054062864" /><trkpt lat="62.217800358" lon="25.054043661" /><trkpt lat="62.217802765" lon="25.054024271" /><trkpt lat="62.217805244" lon="25.054004689" /><trkpt lat="62.217807797" lon="25.053984909" /><trkpt lat="62.217810424" lon="25.053964925" /><trkpt lat="62.217813125" lon="25.053944731" /><trkpt lat="62.217815900" lon="25.053924322" /><trkpt lat="62.217819025" lon="25.053901708" /><trkpt lat="62.217822148" lon="25.053879457" /><trkpt lat="62.217825264" lon="25.053857560" /><trkpt lat="62.217828372" lon="25.053836008" /><trkpt lat="62.217831468" lon="25.053814791" /><trkpt lat="62.217834549" lon="25.053793900" /><trkpt lat="62.217837614" lon="25.053773325" /><trkpt lat="62.217840658" lon="25.053753058" /><trkpt lat="62.217843678" lon="25.053733089" /><trkpt lat="62.217846673" lon="25.053713409" /><trkpt lat="62.217849639" lon="25.053694008" /><trkpt lat="62.217852573" lon="25.053674877" /><trkpt lat="62.217855472" lon="25.053656007" /><trkpt lat="62.217858334" lon="25.053637388" /><trkpt lat="62.217861155" lon="25.053619011" /><trkpt lat="62.217863933" lon="25.053600868" /><trkpt lat="62.217866665" lon="25.053582947" /><trkpt lat="62.217869347" lon="25.053565241" /><trkpt lat="62.217871977" lon="25.053547740" /><trkpt lat="62.217874552" lon="25.053530435" /><trkpt lat="62.217877069" lon="25.053513316" /><trkpt lat="62.217879526" lon="25.053496373" /><trkpt lat="62.217881919" lon="25.053479599" /><trkpt lat="62.217884245" lon="25.053462982" /><trkpt lat="62.217886502" lon="25.053446515" /><trkpt lat="62.217888686" lon="25.053430187" /><trkpt lat="62.217890796" lon="25.053413990" /><trkpt lat="62.217892827" lon="25.053397914" /><trkpt lat="62.217894777" lon="25.053381949" /><trkpt lat="62.217896643" lon="25.053366087" /><trkpt lat="62.217898422" lon="25.053350319" /><trkpt lat="62.217900112" lon="25.053334634" /><trkpt lat="62.217901709" lon="25.053319023" /><trkpt lat="62.217903210" lon="25.053303478" /><trkpt lat="62.217904613" lon="25.053287988" /><trkpt lat="62.217905915" lon="25.053272545" /><trkpt lat="62.217907113" lon="25.053257140" /><trkpt lat="62.217908203" lon="25.053241762" /><trkpt lat="62.217909184" lon="25.053226403" /><trkpt lat="62.217910052" lon="25.053211053" /><trkpt lat="62.217910804" lon="25.053195703" /><trkpt lat="62.217911437" lon="25.053180344" /><trkpt lat="62.217911949" lon="25.053164967" /><trkpt lat="62.217912336" lon="25.053149561" /><trkpt lat="62.217912596" lon="25.053134118" /><trkpt lat="62.217912726" lon="25.053118629" /><trkpt lat="62.217912722" lon="25.053103083" /><trkpt lat="62.217912583" lon="25.053087473" /><trkpt lat="62.217912305" lon="25.053071788" /><trkpt lat="62.217911885" lon="25.053056019" /><trkpt lat="62.217911320" lon="25.053040157" /><trkpt lat="62.217910607" lon="25.053024193" /><trkpt lat="62.217909745" lon="25.053008116" /><trkpt lat="62.217908728" lon="25.052991919" /><trkpt lat="62.217907556" lon="25.052975592" /><trkpt lat="62.217906224" lon="25.052959124" /><trkpt lat="62.217904730" lon="25.052942508" /><trkpt lat="62.217903071" lon="25.052925733" /><trkpt lat="62.217901245" lon="25.052908791" /><trkpt lat="62.217899247" lon="25.052891672" /><trkpt lat="62.217897077" lon="25.052874366" /><trkpt lat="62.217894729" lon="25.052856865" /><trkpt lat="62.217892202" lon="25.052839159" /><trkpt lat="62.217889493" lon="25.052821239" /><trkpt lat="62.217886598" lon="25.052803095" /><trkpt lat="62.217883516" lon="25.052784719" /><trkpt lat="62.217880242" lon="25.052766100" /><trkpt lat="62.217876775" lon="25.052747230" /><trkpt lat="62.217873110" lon="25.052728099" /><trkpt lat="62.217869246" lon="25.052708698" /><trkpt lat="62.217865180" lon="25.052689017" /><trkpt lat="62.217860908" lon="25.052669048" /><trkpt lat="62.217858274" lon="25.052656971" /><trkpt lat="62.217855579" lon="25.052644681" /><trkpt lat="62.217852825" lon="25.052632182" /><trkpt lat="62.217850012" lon="25.052619477" /><trkpt lat="62.217847142" lon="25.052606569" /><trkpt lat="62.217844215" lon="25.052593460" /><trkpt lat="62.217841234" lon="25.052580155" /><trkpt lat="62.217838197" lon="25.052566656" /><trkpt lat="62.217835108" lon="25.052552967" /><trkpt lat="62.217831966" lon="25.052539089" /><trkpt lat="62.217828773" lon="25.052525027" /><trkpt lat="62.217825529" lon="25.052510784" /><trkpt lat="62.217822236" lon="25.052496362" /><trkpt lat="62.217818895" lon="25.052481765" /><trkpt lat="62.217815507" lon="25.052466996" /><trkpt lat="62.217812072" lon="25.052452057" /><trkpt lat="62.217808592" lon="25.052436953" /><trkpt lat="62.217805068" lon="25.052421686" /><trkpt lat="62.217801501" lon="25.052406258" /><trkpt lat="62.217797892" lon="25.052390674" /><trkpt lat="62.217794241" lon="25.052374937" /><trkpt lat="62.217790551" lon="25.052359049" /><trkpt lat="62.217786821" lon="25.052343013" /><trkpt lat="62.217783053" lon="25.052326833" /><trkpt lat="62.217779248" lon="25.052310511" /><trkpt lat="62.217775407" lon="25.052294052" /><trkpt lat="62.217771531" lon="25.052277457" /><trkpt lat="62.217767620" lon="25.052260730" /><trkpt lat="62.217763677" lon="25.052243875" /><trkpt lat="62.217759702" lon="25.052226893" /><trkpt lat="62.217755696" lon="25.052209788" /><trkpt lat="62.217751659" lon="25.052192564" /><trkpt lat="62.217747594" lon="25.052175224" /><trkpt lat="62.217743501" lon="25.052157769" /><trkpt lat="62.217739381" lon="25.052140205" /><trkpt lat="62.217735235" lon="25.052122533" /><trkpt lat="62.217731064" lon="25.052104756" /><trkpt lat="62.217726870" lon="25.052086879" /><trkpt lat="62.217722652" lon="25.052068904" /><trkpt lat="62.217718412" lon="25.052050833" /><trkpt lat="62.217714152" lon="25.052032671" /><trkpt lat="62.217709872" lon="25.052014420" /><trkpt lat="62.217705573" lon="25.051996083" /><trkpt lat="62.217701256" lon="25.051977663" /><trkpt lat="62.217696923" lon="25.051959164" /><trkpt lat="62.217692574" lon="25.051940589" /><trkpt lat="62.217688210" lon="25.051921940" /><trkpt lat="62.217683832" lon="25.051903220" /><trkpt lat="62.217679442" lon="25.051884434" /><trkpt lat="62.217675040" lon="25.051865584" /><trkpt lat="62.217670627" lon="25.051846672" /><trkpt lat="62.217666205" lon="25.051827703" /><trkpt lat="62.217661774" lon="25.051808679" /><trkpt lat="62.217657335" lon="25.051789603" /><trkpt lat="62.217652890" lon="25.051770478" /><trkpt lat="62.217648439" lon="25.051751308" /><trkpt lat="62.217643984" lon="25.051732095" /><trkpt lat="62.217639525" lon="25.051712843" /><trkpt lat="62.217635063" lon="25.051693555" /><trkpt lat="62.217630600" lon="25.051674233" /><trkpt lat="62.217626136" lon="25.051654882" /><trkpt lat="62.217621673" lon="25.051635503" /><trkpt lat="62.217617212" lon="25.051616100" /><trkpt lat="62.217612753" lon="25.051596677" /><trkpt lat="62.217608298" lon="25.051577235" /><trkpt lat="62.217603847" lon="25.051557779" /><trkpt lat="62.217599401" lon="25.051538312" /><trkpt lat="62.217594963" lon="25.051518836" /><trkpt lat="62.217590532" lon="25.051499354" /><trkpt lat="62.217586109" lon="25.051479871" /><trkpt lat="62.217581697" lon="25.051460388" /><trkpt lat="62.217577295" lon="25.051440908" /><trkpt lat="62.217572904" lon="25.051421436" /><trkpt lat="62.217568527" lon="25.051401974" /><trkpt lat="62.217564163" lon="25.051382525" /><trkpt lat="62.217559813" lon="25.051363092" /><trkpt lat="62.217555480" lon="25.051343678" /><trkpt lat="62.217551163" lon="25.051324287" /><trkpt lat="62.217546864" lon="25.051304921" /><trkpt lat="62.217542584" lon="25.051285584" /><trkpt lat="62.217538324" lon="25.051266279" /><trkpt lat="62.217534084" lon="25.051247008" /><trkpt lat="62.217529867" lon="25.051227775" /><trkpt lat="62.217525672" lon="25.051208583" /><trkpt lat="62.217521501" lon="25.051189435" /><trkpt lat="62.217517355" lon="25.051170334" /><trkpt lat="62.217513235" lon="25.051151283" /><trkpt lat="62.217509142" lon="25.051132286" /><trkpt lat="62.217505077" lon="25.051113344" /><trkpt lat="62.217501041" lon="25.051094463" /><trkpt lat="62.217497034" lon="25.051075644" /><trkpt lat="62.217493059" lon="25.051056890" /><trkpt lat="62.217489116" lon="25.051038205" /><trkpt lat="62.217485206" lon="25.051019592" /><trkpt lat="62.217481329" lon="25.051001054" /><trkpt lat="62.217477488" lon="25.050982594" /><trkpt lat="62.217473683" lon="25.050964215" /><trkpt lat="62.217469915" lon="25.050945920" /><trkpt lat="62.217466185" lon="25.050927712" /><trkpt lat="62.217462495" lon="25.050909595" /><trkpt lat="62.217458844" lon="25.050891571" /><trkpt lat="62.217455235" lon="25.050873644" /><trkpt lat="62.217451668" lon="25.050855816" /><trkpt lat="62.217448143" lon="25.050838091" /><trkpt lat="62.217444664" lon="25.050820471" /><trkpt lat="62.217441229" lon="25.050802961" /><trkpt lat="62.217437841" lon="25.050785562" /><trkpt lat="62.217434500" lon="25.050768279" /><trkpt lat="62.217431207" lon="25.050751113" /><trkpt lat="62.217427963" lon="25.050734069" /><trkpt lat="62.217424770" lon="25.050717149" /><trkpt lat="62.217421628" lon="25.050700357" /><trkpt lat="62.217418538" lon="25.050683695" /><trkpt lat="62.217415502" lon="25.050667167" /><trkpt lat="62.217412520" lon="25.050650775" /><trkpt lat="62.217409594" lon="25.050634523" /><trkpt lat="62.217406723" lon="25.050618414" /><trkpt lat="62.217403911" lon="25.050602451" /><trkpt lat="62.217401157" lon="25.050586637" /><trkpt lat="62.217398462" lon="25.050570974" /><trkpt lat="62.217395827" lon="25.050555468" /><trkpt lat="62.217392657" lon="25.050536643" /><trkpt lat="62.217389511" lon="25.050517884" /><trkpt lat="62.217386389" lon="25.050499187" /><trkpt lat="62.217383291" lon="25.050480552" /><trkpt lat="62.217380216" lon="25.050461977" /><trkpt lat="62.217377165" lon="25.050443462" /><trkpt lat="62.217374137" lon="25.050425004" /><trkpt lat="62.217371131" lon="25.050406602" /><trkpt lat="62.217368148" lon="25.050388256" /><trkpt lat="62.217365187" lon="25.050369963" /><trkpt lat="62.217362248" lon="25.050351723" /><trkpt lat="62.217359331" lon="25.050333534" /><trkpt lat="62.217356435" lon="25.050315394" /><trkpt lat="62.217353561" lon="25.050297303" /><trkpt lat="62.217350708" lon="25.050279259" /><trkpt lat="62.217347875" lon="25.050261261" /><trkpt lat="62.217345063" lon="25.050243307" /><trkpt lat="62.217342272" lon="25.050225397" /><trkpt lat="62.217339500" lon="25.050207528" /><trkpt lat="62.217336748" lon="25.050189700" /><trkpt lat="62.217334016" lon="25.050171910" /><trkpt lat="62.217331303" lon="25.050154159" /><trkpt lat="62.217328609" lon="25.050136444" /><trkpt lat="62.217325934" lon="25.050118765" /><trkpt lat="62.217323277" lon="25.050101119" /><trkpt lat="62.217320639" lon="25.050083505" /><trkpt lat="62.217318018" lon="25.050065923" /><trkpt lat="62.217315416" lon="25.050048371" /><trkpt lat="62.217312831" lon="25.050030847" /><trkpt lat="62.217310264" lon="25.050013350" /><trkpt lat="62.217307713" lon="25.049995880" /><trkpt lat="62.217305179" lon="25.049978434" /><trkpt lat="62.217302662" lon="25.049961011" /><trkpt lat="62.217300162" lon="25.049943610" /><trkpt lat="62.217297677" lon="25.049926229" /><trkpt lat="62.217295208" lon="25.049908868" /><trkpt lat="62.217292755" lon="25.049891524" /><trkpt lat="62.217290317" lon="25.049874198" /><trkpt lat="62.217287894" lon="25.049856886" /><trkpt lat="62.217285486" lon="25.049839589" /><trkpt lat="62.217283093" lon="25.049822304" /><trkpt lat="62.217280714" lon="25.049805030" /><trkpt lat="62.217278349" lon="25.049787766" /><trkpt lat="62.217275998" lon="25.049770511" /><trkpt lat="62.217273660" lon="25.049753263" /><trkpt lat="62.217271336" lon="25.049736022" /><trkpt lat="62.217269025" lon="25.049718784" /><trkpt lat="62.217266727" lon="25.049701551" /><trkpt lat="62.217264441" lon="25.049684319" /><trkpt lat="62.217262168" lon="25.049667087" /><trkpt lat="62.217259907" lon="25.049649856" /><trkpt lat="62.217257658" lon="25.049632622" /><trkpt lat="62.217255420" lon="25.049615385" /><trkpt lat="62.217253194" lon="25.049598143" /><trkpt lat="62.217250979" lon="25.049580895" /><trkpt lat="62.217248775" lon="25.049563640" /><trkpt lat="62.217246582" lon="25.049546376" /><trkpt lat="62.217244398" lon="25.049529102" /><trkpt lat="62.217242225" lon="25.049511817" /><trkpt lat="62.217240062" lon="25.049494520" /><trkpt lat="62.217237909" lon="25.049477208" /><trkpt lat="62.217235765" lon="25.049459882" /><trkpt lat="62.217233630" lon="25.049442538" /><trkpt lat="62.217231504" lon="25.049425177" /><trkpt lat="62.217229387" lon="25.049407797" /><trkpt lat="62.217227278" lon="25.049390395" /><trkpt lat="62.217225177" lon="25.049372973" /><trkpt lat="62.217223084" lon="25.049355526" /><trkpt lat="62.217220999" lon="25.049338056" /><trkpt lat="62.217218922" lon="25.049320559" /><trkpt lat="62.217216851" lon="25.049303035" /><trkpt lat="62.217214787" lon="25.049285483" /><trkpt lat="62.217212730" lon="25.049267901" /><trkpt lat="62.217210680" lon="25.049250287" /><trkpt lat="62.217208636" lon="25.049232642" /><trkpt lat="62.217206597" lon="25.049214962" /><trkpt lat="62.217204564" lon="25.049197247" /><trkpt lat="62.217202537" lon="25.049179496" /><trkpt lat="62.217200515" lon="25.049161706" /><trkpt lat="62.217198498" lon="25.049143878" /><trkpt lat="62.217196486" lon="25.049126009" /><trkpt lat="62.217194478" lon="25.049108099" /><trkpt lat="62.217192474" lon="25.049090145" /><trkpt lat="62.217190474" lon="25.049072147" /><trkpt lat="62.217188478" lon="25.049054103" /><trkpt lat="62.217186485" lon="25.049036012" /><trkpt lat="62.217184496" lon="25.049017873" /><trkpt lat="62.217182510" lon="25.048999683" /><trkpt lat="62.217180526" lon="25.048981443" /><trkpt lat="62.217178545" lon="25.048963150" /><trkpt lat="62.217176566" lon="25.048944804" /><trkpt lat="62.217174589" lon="25.048926402" /><trkpt lat="62.217172613" lon="25.048907944" /><trkpt lat="62.217170639" lon="25.048889429" /><trkpt lat="62.217168667" lon="25.048870854" /><trkpt lat="62.217166695" lon="25.048852219" /><trkpt lat="62.217164724" lon="25.048833522" /><trkpt lat="62.217162754" lon="25.048814763" /><trkpt lat="62.217160784" lon="25.048795938" /><trkpt lat="62.217158728" lon="25.048776309" /><trkpt lat="62.217156666" lon="25.048756722" /><trkpt lat="62.217154599" lon="25.048737178" /><trkpt lat="62.217152529" lon="25.048717676" /><trkpt lat="62.217150456" lon="25.048698217" /><trkpt lat="62.217148381" lon="25.048678799" /><trkpt lat="62.217146306" lon="25.048659423" /><trkpt lat="62.217144231" lon="25.048640089" /><trkpt lat="62.217142157" lon="25.048620797" /><trkpt lat="62.217140085" lon="25.048601546" /><trkpt lat="62.217138016" lon="25.048582337" /><trkpt lat="62.217135951" lon="25.048563168" /><trkpt lat="62.217133892" lon="25.048544041" /><trkpt lat="62.217131838" lon="25.048524954" /><trkpt lat="62.217129792" lon="25.048505908" /><trkpt lat="62.217127753" lon="25.048486903" /><trkpt lat="62.217125724" lon="25.048467938" /><trkpt lat="62.217123705" lon="25.048449013" /><trkpt lat="62.217121697" lon="25.048430128" /><trkpt lat="62.217119700" lon="25.048411283" /><trkpt lat="62.217117717" lon="25.048392478" /><trkpt lat="62.217115747" lon="25.048373713" /><trkpt lat="62.217113793" lon="25.048354987" /><trkpt lat="62.217111854" lon="25.048336301" /><trkpt lat="62.217109932" lon="25.048317654" /><trkpt lat="62.217108028" lon="25.048299045" /><trkpt lat="62.217106143" lon="25.048280476" /><trkpt lat="62.217104278" lon="25.048261945" /><trkpt lat="62.217102433" lon="25.048243453" /><trkpt lat="62.217100611" lon="25.048225000" /><trkpt lat="62.217098811" lon="25.048206585" /><trkpt lat="62.217097034" lon="25.048188207" /><trkpt lat="62.217095283" lon="25.048169868" /><trkpt lat="62.217093557" lon="25.048151567" /><trkpt lat="62.217091858" lon="25.048133303" /><trkpt lat="62.217090186" lon="25.048115077" /><trkpt lat="62.217088543" lon="25.048096889" /><trkpt lat="62.217086930" lon="25.048078737" /><trkpt lat="62.217085347" lon="25.048060623" /><trkpt lat="62.217083796" lon="25.048042546" /><trkpt lat="62.217082277" lon="25.048024505" /><trkpt lat="62.217080792" lon="25.048006501" /><trkpt lat="62.217079342" lon="25.047988533" /><trkpt lat="62.217077927" lon="25.047970602" /><trkpt lat="62.217076548" lon="25.047952707" /><trkpt lat="62.217075207" lon="25.047934848" /><trkpt lat="62.217073904" lon="25.047917025" /><trkpt lat="62.217072641" lon="25.047899238" /><trkpt lat="62.217071418" lon="25.047881486" /><trkpt lat="62.217070236" lon="25.047863770" /><trkpt lat="62.217069097" lon="25.047846089" /><trkpt lat="62.217068001" lon="25.047828443" /><trkpt lat="62.217066949" lon="25.047810833" /><trkpt lat="62.217065943" lon="25.047793257" /><trkpt lat="62.217064983" lon="25.047775715" /><trkpt lat="62.217064070" lon="25.047758208" /><trkpt lat="62.217063205" lon="25.047740736" /><trkpt lat="62.217062390" lon="25.047723298" /><trkpt lat="62.217061625" lon="25.047705894" /><trkpt lat="62.217060911" lon="25.047688524" /><trkpt lat="62.217060249" lon="25.047671187" /><trkpt lat="62.217059640" lon="25.047653885" /><trkpt lat="62.217059085" lon="25.047636615" /><trkpt lat="62.217058586" lon="25.047619379" /><trkpt lat="62.217058142" lon="25.047602177" /><trkpt lat="62.217057756" lon="25.047585007" /><trkpt lat="62.217057427" lon="25.047567870" /><trkpt lat="62.217057158" lon="25.047550766" /><trkpt lat="62.217056949" lon="25.047533695" /><trkpt lat="62.217056800" lon="25.047516656" /><trkpt lat="62.217056714" lon="25.047499649" /><trkpt lat="62.217056690" lon="25.047482674" /><trkpt lat="62.217056730" lon="25.047465732" /><trkpt lat="62.217056835" lon="25.047448821" /><trkpt lat="62.217057006" lon="25.047431942" /><trkpt lat="62.217057244" lon="25.047415094" /><trkpt lat="62.217057550" lon="25.047398278" /><trkpt lat="62.217057924" lon="25.047381493" /><trkpt lat="62.217058369" lon="25.047364739" /><trkpt lat="62.217058884" lon="25.047348016" /><trkpt lat="62.217059471" lon="25.047331324" /><trkpt lat="62.217060130" lon="25.047314663" /><trkpt lat="62.217060863" lon="25.047298032" /><trkpt lat="62.217061671" lon="25.047281431" /><trkpt lat="62.217062555" lon="25.047264861" /><trkpt lat="62.217063515" lon="25.047248320" /><trkpt lat="62.217064553" lon="25.047231809" /><trkpt lat="62.217065669" lon="25.047215329" /><trkpt lat="62.217066865" lon="25.047198877" /><trkpt lat="62.217068142" lon="25.047182455" /><trkpt lat="62.217069500" lon="25.047166063" /><trkpt lat="62.217070941" lon="25.047149699" /><trkpt lat="62.217072465" lon="25.047133365" /><trkpt lat="62.217074074" lon="25.047117059" /><trkpt lat="62.217075768" lon="25.047100782" /><trkpt lat="62.217077525" lon="25.047084498" /><trkpt lat="62.217079320" lon="25.047068172" /><trkpt lat="62.217081153" lon="25.047051804" /><trkpt lat="62.217083022" lon="25.047035393" /><trkpt lat="62.217084925" lon="25.047018942" /><trkpt lat="62.217086862" lon="25.047002450" /><trkpt lat="62.217088831" lon="25.046985917" /><trkpt lat="62.217090831" lon="25.046969344" /><trkpt lat="62.217092861" lon="25.046952731" /><trkpt lat="62.217094919" lon="25.046936079" /><trkpt lat="62.217097003" lon="25.046919387" /><trkpt lat="62.217099114" lon="25.046902657" /><trkpt lat="62.217101248" lon="25.046885889" /><trkpt lat="62.217103406" lon="25.046869083" /><trkpt lat="62.217105585" lon="25.046852239" /><trkpt lat="62.217107785" lon="25.046835358" /><trkpt lat="62.217110005" lon="25.046818441" /><trkpt lat="62.217112242" lon="25.046801486" /><trkpt lat="62.217114495" lon="25.046784496" /><trkpt lat="62.217116764" lon="25.046767471" /><trkpt lat="62.217119047" lon="25.046750409" /><trkpt lat="62.217121343" lon="25.046733313" /><trkpt lat="62.217123650" lon="25.046716183" /><trkpt lat="62.217125967" lon="25.046699018" /><trkpt lat="62.217128293" lon="25.046681820" /><trkpt lat="62.217130626" lon="25.046664588" /><trkpt lat="62.217132966" lon="25.046647323" /><trkpt lat="62.217135311" lon="25.046630025" /><trkpt lat="62.217137659" lon="25.046612695" /><trkpt lat="62.217140009" lon="25.046595334" /><trkpt lat="62.217142361" lon="25.046577940" /><trkpt lat="62.217144713" lon="25.046560516" /><trkpt lat="62.217147063" lon="25.046543061" /><trkpt lat="62.217149410" lon="25.046525575" /><trkpt lat="62.217151752" lon="25.046508059" /><trkpt lat="62.217154090" lon="25.046490514" /><trkpt lat="62.217156421" lon="25.046472939" /><trkpt lat="62.217158744" lon="25.046455336" /><trkpt lat="62.217161057" lon="25.046437704" /><trkpt lat="62.217163360" lon="25.046420043" /><trkpt lat="62.217165651" lon="25.046402355" /><trkpt lat="62.217167929" lon="25.046384640" /><trkpt lat="62.217170192" lon="25.046366897" /><trkpt lat="62.217172439" lon="25.046349128" /><trkpt lat="62.217174670" lon="25.046331333" /><trkpt lat="62.217176882" lon="25.046313512" /><trkpt lat="62.217179074" lon="25.046295665" /><trkpt lat="62.217181246" lon="25.046277793" /><trkpt lat="62.217183395" lon="25.046259896" /><trkpt lat="62.217185520" lon="25.046241975" /><trkpt lat="62.217187621" lon="25.046224030" /><trkpt lat="62.217189696" lon="25.046206061" /><trkpt lat="62.217191743" lon="25.046188069" /><trkpt lat="62.217193761" lon="25.046170054" /><trkpt lat="62.217195750" lon="25.046152016" /><trkpt lat="62.217197707" lon="25.046133957" /><trkpt lat="62.217199631" lon="25.046115875" /><trkpt lat="62.217201522" lon="25.046097772" /><trkpt lat="62.217203377" lon="25.046079649" /><trkpt lat="62.217205196" lon="25.046061504" /><trkpt lat="62.217206977" lon="25.046043339" /><trkpt lat="62.217208719" lon="25.046025155" /><trkpt lat="62.217210421" lon="25.046006950" /><trkpt lat="62.217212080" lon="25.045988727" /><trkpt lat="62.217213697" lon="25.045970485" /><trkpt lat="62.217215270" lon="25.045952224" /><trkpt lat="62.217216797" lon="25.045933946" /><trkpt lat="62.217218277" lon="25.045915650" /><trkpt lat="62.217219709" lon="25.045897336" /><trkpt lat="62.217221092" lon="25.045879006" /><trkpt lat="62.217222424" lon="25.045860659" /><trkpt lat="62.217223704" lon="25.045842296" /><trkpt lat="62.217224930" lon="25.045823917" /><trkpt lat="62.217226102" lon="25.045805523" /><trkpt lat="62.217227218" lon="25.045787114" /><trkpt lat="62.217228277" lon="25.045768690" /><trkpt lat="62.217229277" lon="25.045750252" /><trkpt lat="62.217230217" lon="25.045731800" /><trkpt lat="62.217231096" lon="25.045713335" /><trkpt lat="62.217231913" lon="25.045694856" /><trkpt lat="62.217232667" lon="25.045676365" /><trkpt lat="62.217233355" lon="25.045657861" /><trkpt lat="62.217233977" lon="25.045639345" /><trkpt lat="62.217234531" lon="25.045620818" /><trkpt lat="62.217235016" lon="25.045602279" /><trkpt lat="62.217235432" lon="25.045583729" /><trkpt lat="62.217235776" lon="25.045565169" /><trkpt lat="62.217236047" lon="25.045546599" /><trkpt lat="62.217236244" lon="25.045528019" /><trkpt lat="62.217236365" lon="25.045509430" /><trkpt lat="62.217236410" lon="25.045490831" /><trkpt lat="62.217236377" lon="25.045472224" /><trkpt lat="62.217236265" lon="25.045453609" /><trkpt lat="62.217236073" lon="25.045434986" /><trkpt lat="62.217235798" lon="25.045416355" /><trkpt lat="62.217235490" lon="25.045398358" /><trkpt lat="62.217235179" lon="25.045380490" /><trkpt lat="62.217234864" lon="25.045362749" /><trkpt lat="62.217234546" lon="25.045345129" /><trkpt lat="62.217234223" lon="25.045327627" /><trkpt lat="62.217233896" lon="25.045310240" /><trkpt lat="62.217233564" lon="25.045292962" /><trkpt lat="62.217233227" lon="25.045275790" /><trkpt lat="62.217232885" lon="25.045258719" /><trkpt lat="62.217232538" lon="25.045241747" /><trkpt lat="62.217232184" lon="25.045224868" /><trkpt lat="62.217231825" lon="25.045208079" /><trkpt lat="62.217231460" lon="25.045191375" /><trkpt lat="62.217231089" lon="25.045174753" /><trkpt lat="62.217230710" lon="25.045158209" /><trkpt lat="62.217230325" lon="25.045141738" /><trkpt lat="62.217229933" lon="25.045125336" /><trkpt lat="62.217229533" lon="25.045109000" /><trkpt lat="62.217229125" lon="25.045092726" /><trkpt lat="62.217228710" lon="25.045076508" /><trkpt lat="62.217228286" lon="25.045060345" /><trkpt lat="62.217227853" lon="25.045044230" /><trkpt lat="62.217227412" lon="25.045028161" /><trkpt lat="62.217226962" lon="25.045012133" /><trkpt lat="62.217226503" lon="25.044996142" /><trkpt lat="62.217226034" lon="25.044980185" /><trkpt lat="62.217225556" lon="25.044964256" /><trkpt lat="62.217225067" lon="25.044948353" /><trkpt lat="62.217224568" lon="25.044932470" /><trkpt lat="62.217224059" lon="25.044916605" /><trkpt lat="62.217223539" lon="25.044900753" /><trkpt lat="62.217223008" lon="25.044884909" /><trkpt lat="62.217222465" lon="25.044869071" /><trkpt lat="62.217221911" lon="25.044853234" /><trkpt lat="62.217221346" lon="25.044837393" /><trkpt lat="62.217220768" lon="25.044821545" /><trkpt lat="62.217220178" lon="25.044805686" /><trkpt lat="62.217219575" lon="25.044789812" /><trkpt lat="62.217218960" lon="25.044773918" /><trkpt lat="62.217218331" lon="25.044758001" /><trkpt lat="62.217217689" lon="25.044742057" /><trkpt lat="62.217217034" lon="25.044726081" /><trkpt lat="62.217216364" lon="25.044710070" /><trkpt lat="62.217215681" lon="25.044694020" /><trkpt lat="62.217214983" lon="25.044677925" /><trkpt lat="62.217214271" lon="25.044661784" /><trkpt lat="62.217213544" lon="25.044645591" /><trkpt lat="62.217212801" lon="25.044629342" /><trkpt lat="62.217212044" lon="25.044613034" /><trkpt lat="62.217211270" lon="25.044596661" /><trkpt lat="62.217210481" lon="25.044580222" /><trkpt lat="62.217209676" lon="25.044563710" /><trkpt lat="62.217208854" lon="25.044547123" /><trkpt lat="62.217208016" lon="25.044530456" /><trkpt lat="62.217207161" lon="25.044513705" /><trkpt lat="62.217206288" lon="25.044496866" /><trkpt lat="62.217205398" lon="25.044479935" /><trkpt lat="62.217204491" lon="25.044462908" /><trkpt lat="62.217203566" lon="25.044445781" /><trkpt lat="62.217202622" lon="25.044428551" /><trkpt lat="62.217201660" lon="25.044411212" /><trkpt lat="62.217200679" lon="25.044393761" /><trkpt lat="62.217199680" lon="25.044376194" /><trkpt lat="62.217198661" lon="25.044358506" /><trkpt lat="62.217197623" lon="25.044340695" /><trkpt lat="62.217196565" lon="25.044322755" /><trkpt lat="62.217195487" lon="25.044304683" /><trkpt lat="62.217194389" lon="25.044286475" /><trkpt lat="62.217193270" lon="25.044268126" /><trkpt lat="62.217192131" lon="25.044249633" /><trkpt lat="62.217190971" lon="25.044230992" /><trkpt lat="62.217189789" lon="25.044212198" /><trkpt lat="62.217188586" lon="25.044193248" /><trkpt lat="62.217187361" lon="25.044174137" /><trkpt lat="62.217186115" lon="25.044154861" /><trkpt lat="62.217184846" lon="25.044135417" /><trkpt lat="62.217183554" lon="25.044115800" /><trkpt lat="62.217182240" lon="25.044096007" /><trkpt lat="62.217180903" lon="25.044076033" /><trkpt lat="62.217179542" lon="25.044055874" /><trkpt lat="62.217178158" lon="25.044035527" /><trkpt lat="62.217176750" lon="25.044014986" /><trkpt lat="62.217175318" lon="25.043994249" /><trkpt lat="62.217173862" lon="25.043973311" /><trkpt lat="62.217172381" lon="25.043952168" /><trkpt lat="62.217170876" lon="25.043930816" /><trkpt lat="62.217169345" lon="25.043909251" /><trkpt lat="62.217167789" lon="25.043887469" /><trkpt lat="62.217166208" lon="25.043865466" /><trkpt lat="62.217164601" lon="25.043843238" /><trkpt lat="62.217162967" lon="25.043820781" /><trkpt lat="62.217161308" lon="25.043798091" /><trkpt lat="62.217159621" lon="25.043775163" /><trkpt lat="62.217157908" lon="25.043751994" /><trkpt lat="62.217156168" lon="25.043728580" /><trkpt lat="62.217154400" lon="25.043704917" /><trkpt lat="62.217152605" lon="25.043681000" /><trkpt lat="62.217150782" lon="25.043656826" /><trkpt lat="62.217148822" lon="25.043631054" /><trkpt lat="62.217146854" lon="25.043605517" /><trkpt lat="62.217144879" lon="25.043580211" /><trkpt lat="62.217142896" lon="25.043555135" /><trkpt lat="62.217140906" lon="25.043530288" /><trkpt lat="62.217138908" lon="25.043505667" /><trkpt lat="62.217136901" lon="25.043481270" /><trkpt lat="62.217134887" lon="25.043457095" /><trkpt lat="62.217132864" lon="25.043433141" /><trkpt lat="62.217130833" lon="25.043409406" /><trkpt lat="62.217128793" lon="25.043385888" /><trkpt lat="62.217126744" lon="25.043362584" /><trkpt lat="62.217124687" lon="25.043339494" /><trkpt lat="62.217122620" lon="25.043316614" /><trkpt lat="62.217120544" lon="25.043293943" /><trkpt lat="62.217118459" lon="25.043271480" /><trkpt lat="62.217116364" lon="25.043249222" /><trkpt lat="62.217114260" lon="25.043227168" /><trkpt lat="62.217112145" lon="25.043205315" /><trkpt lat="62.217110021" lon="25.043183662" /><trkpt lat="62.217107886" lon="25.043162207" /><trkpt lat="62.217105741" lon="25.043140947" /><trkpt lat="62.217103586" lon="25.043119881" /><trkpt lat="62.217101420" lon="25.043099008" /><trkpt lat="62.217099243" lon="25.043078324" /><trkpt lat="62.217097055" lon="25.043057829" /><trkpt lat="62.217094856" lon="25.043037520" /><trkpt lat="62.217092646" lon="25.043017396" /><trkpt lat="62.217090424" lon="25.042997454" /><trkpt lat="62.217088191" lon="25.042977692" /><trkpt lat="62.217085946" lon="25.042958110" /><trkpt lat="62.217083690" lon="25.042938704" /><trkpt lat="62.217081421" lon="25.042919473" /><trkpt lat="62.217079140" lon="25.042900415" /><trkpt lat="62.217076847" lon="25.042881528" /><trkpt lat="62.217074541" lon="25.042862811" /><trkpt lat="62.217072223" lon="25.042844261" /><trkpt lat="62.217069891" lon="25.042825876" /><trkpt lat="62.217067547" lon="25.042807655" /><trkpt lat="62.217065190" lon="25.042789595" /><trkpt lat="62.217062820" lon="25.042771695" /><trkpt lat="62.217060436" lon="25.042753953" /><trkpt lat="62.217058038" lon="25.042736367" /><trkpt lat="62.217055627" lon="25.042718935" /><trkpt lat="62.217053202" lon="25.042701655" /><trkpt lat="62.217050763" lon="25.042684525" /><trkpt lat="62.217048310" lon="25.042667544" /><trkpt lat="62.217045842" lon="25.042650709" /><trkpt lat="62.217043360" lon="25.042634018" /><trkpt lat="62.217040863" lon="25.042617470" /><trkpt lat="62.217038352" lon="25.042601063" /><trkpt lat="62.217035825" lon="25.042584794" /><trkpt lat="62.217033284" lon="25.042568663" /><trkpt lat="62.217030727" lon="25.042552666" /><trkpt lat="62.217028155" lon="25.042536803" /><trkpt lat="62.217025567" lon="25.042521070" /><trkpt lat="62.217022964" lon="25.042505467" /><trkpt lat="62.217020344" lon="25.042489992" /><trkpt lat="62.217017709" lon="25.042474641" /><trkpt lat="62.217015057" lon="25.042459415" /><trkpt lat="62.217012389" lon="25.042444310" /><trkpt lat="62.217009705" lon="25.042429325" /><trkpt lat="62.217007004" lon="25.042414458" /><trkpt lat="62.217004286" lon="25.042399707" /><trkpt lat="62.217001551" lon="25.042385069" /><trkpt lat="62.216998799" lon="25.042370545" /><trkpt lat="62.216996030" lon="25.042356130" /><trkpt lat="62.216993243" lon="25.042341824" /><trkpt lat="62.216990439" lon="25.042327624" /><trkpt lat="62.216987617" lon="25.042313529" /><trkpt lat="62.216984777" lon="25.042299536" /><trkpt lat="62.216981919" lon="25.042285644" /><trkpt lat="62.216979043" lon="25.042271851" /><trkpt lat="62.216976149" lon="25.042258155" /><trkpt lat="62.216973236" lon="25.042244555" /><trkpt lat="62.216970304" lon="25.042231047" /><trkpt lat="62.216967354" lon="25.042217630" /><trkpt lat="62.216964385" lon="25.042204303" /><trkpt lat="62.216961396" lon="25.042191064" /><trkpt lat="62.216958389" lon="25.042177910" /><trkpt lat="62.216955362" lon="25.042164839" /><trkpt lat="62.216952315" lon="25.042151851" /><trkpt lat="62.216949249" lon="25.042138942" /><trkpt lat="62.216946162" lon="25.042126111" /><trkpt lat="62.216943056" lon="25.042113356" /><trkpt lat="62.216939929" lon="25.042100676" /><trkpt lat="62.216936783" lon="25.042088067" /><trkpt lat="62.216933615" lon="25.042075529" /><trkpt lat="62.216930427" lon="25.042063060" /><trkpt lat="62.216927218" lon="25.042050657" /><trkpt lat="62.216923989" lon="25.042038319" /><trkpt lat="62.216920738" lon="25.042026043" /><trkpt lat="62.216915393" lon="25.042006311" /><trkpt lat="62.216910068" lon="25.041987331" /><trkpt lat="62.216904757" lon="25.041969071" /><trkpt lat="62.216899451" lon="25.041951504" /><trkpt lat="62.216894142" lon="25.041934600" /><trkpt lat="62.216888822" lon="25.041918328" /><trkpt lat="62.216883484" lon="25.041902661" /><trkpt lat="62.216878120" lon="25.041887569" /><trkpt lat="62.216872722" lon="25.041873022" /><trkpt lat="62.216867281" lon="25.041858991" /><trkpt lat="62.216861791" lon="25.041845447" /><trkpt lat="62.216856243" lon="25.041832361" /><trkpt lat="62.216850629" lon="25.041819702" /><trkpt lat="62.216844942" lon="25.041807443" /><trkpt lat="62.216839173" lon="25.041795553" /><trkpt lat="62.216833315" lon="25.041784003" /><trkpt lat="62.216827360" lon="25.041772764" /><trkpt lat="62.216821301" lon="25.041761806" /><trkpt lat="62.216815128" lon="25.041751101" /><trkpt lat="62.216808835" lon="25.041740618" /><trkpt lat="62.216802413" lon="25.041730329" /><trkpt lat="62.216795855" lon="25.041720205" /><trkpt lat="62.216789153" lon="25.041710215" /><trkpt lat="62.216782299" lon="25.041700330" /><trkpt lat="62.216775285" lon="25.041690522" /><trkpt lat="62.216768103" lon="25.041680761" /><trkpt lat="62.216760745" lon="25.041671018" /><trkpt lat="62.216753204" lon="25.041661263" /><trkpt lat="62.216745472" lon="25.041651466" /><trkpt lat="62.216737540" lon="25.041641599" /><trkpt lat="62.216729401" lon="25.041631633" /><trkpt lat="62.216721047" lon="25.041621538" /><trkpt lat="62.216712471" lon="25.041611284" /><trkpt lat="62.216703664" lon="25.041600842" /><trkpt lat="62.216694618" lon="25.041590184" /><trkpt lat="62.216685326" lon="25.041579279" /><trkpt lat="62.216675779" lon="25.041568099" /><trkpt lat="62.216665971" lon="25.041556613" /><trkpt lat="62.216655893" lon="25.041544794" /><trkpt lat="62.216645536" lon="25.041532610" /><trkpt lat="62.216634894" lon="25.041520034" /><trkpt lat="62.216623959" lon="25.041507035" /><trkpt lat="62.216612722" lon="25.041493585" /><trkpt lat="62.216601176" lon="25.041479654" /><trkpt lat="62.216589312" lon="25.041465213" /><trkpt lat="62.216577124" lon="25.041450232" /><trkpt lat="62.216564603" lon="25.041434682" /><trkpt lat="62.216551741" lon="25.041418534" /><trkpt lat="62.216538531" lon="25.041401759" /><trkpt lat="62.216524964" lon="25.041384326" /><trkpt lat="62.216511033" lon="25.041366208" /><trkpt lat="62.216496730" lon="25.041347374" /><trkpt lat="62.216482047" lon="25.041327795" /><trkpt lat="62.216466976" lon="25.041307442" /><trkpt lat="62.216451509" lon="25.041286285" /><trkpt lat="62.216435639" lon="25.041264296" /><trkpt lat="62.216425522" lon="25.041250215" /><trkpt lat="62.216415401" lon="25.041236182" /><trkpt lat="62.216405276" lon="25.041222195" /><trkpt lat="62.216395145" lon="25.041208250" /><trkpt lat="62.216385009" lon="25.041194348" /><trkpt lat="62.216374867" lon="25.041180486" /><trkpt lat="62.216364718" lon="25.041166662" /><trkpt lat="62.216354561" lon="25.041152874" /><trkpt lat="62.216344398" lon="25.041139122" /><trkpt lat="62.216334226" lon="25.041125402" /><trkpt lat="62.216324046" lon="25.041111715" /><trkpt lat="62.216313857" lon="25.041098056" /><trkpt lat="62.216303658" lon="25.041084426" /><trkpt lat="62.216293450" lon="25.041070822" /><trkpt lat="62.216283231" lon="25.041057242" /><trkpt lat="62.216273002" lon="25.041043685" /><trkpt lat="62.216262761" lon="25.041030150" /><trkpt lat="62.216252508" lon="25.041016633" /><trkpt lat="62.216242244" lon="25.041003134" /><trkpt lat="62.216231966" lon="25.040989651" /><trkpt lat="62.216221675" lon="25.040976181" /><trkpt lat="62.216211371" lon="25.040962724" /><trkpt lat="62.216201053" lon="25.040949278" /><trkpt lat="62.216190720" lon="25.040935841" /><trkpt lat="62.216180372" lon="25.040922410" /><trkpt lat="62.216170008" lon="25.040908985" /><trkpt lat="62.216159629" lon="25.040895564" /><trkpt lat="62.216149233" lon="25.040882145" /><trkpt lat="62.216138820" lon="25.040868726" /><trkpt lat="62.216128390" lon="25.040855305" /><trkpt lat="62.216117942" lon="25.040841881" /><trkpt lat="62.216107476" lon="25.040828452" /><trkpt lat="62.216096991" lon="25.040815016" /><trkpt lat="62.216086487" lon="25.040801572" /><trkpt lat="62.216075963" lon="25.040788117" /><trkpt lat="62.216065418" lon="25.040774651" /><trkpt lat="62.216054854" lon="25.040761171" /><trkpt lat="62.216044268" lon="25.040747675" /><trkpt lat="62.216033660" lon="25.040734162" /><trkpt lat="62.216023031" lon="25.040720630" /><trkpt lat="62.216012378" lon="25.040707078" /><trkpt lat="62.216001703" lon="25.040693503" /><trkpt lat="62.215991005" lon="25.040679905" /><trkpt lat="62.215980282" lon="25.040666280" /><trkpt lat="62.215969535" lon="25.040652628" /><trkpt lat="62.215958764" lon="25.040638946" /><trkpt lat="62.215947967" lon="25.040625234" /><trkpt lat="62.215937144" lon="25.040611488" /><trkpt lat="62.215926295" lon="25.040597708" /><trkpt lat="62.215915419" lon="25.040583892" /><trkpt lat="62.215904516" lon="25.040570038" /><trkpt lat="62.215893585" lon="25.040556144" /><trkpt lat="62.215882626" lon="25.040542209" /><trkpt lat="62.215871639" lon="25.040528231" /><trkpt lat="62.215860622" lon="25.040514207" /><trkpt lat="62.215849576" lon="25.040500137" /><trkpt lat="62.215838500" lon="25.040486019" /><trkpt lat="62.215827393" lon="25.040471850" /><trkpt lat="62.215816256" lon="25.040457630" /><trkpt lat="62.215805087" lon="25.040443356" /><trkpt lat="62.215793886" lon="25.040429026" /><trkpt lat="62.215782653" lon="25.040414640" /><trkpt lat="62.215771387" lon="25.040400194" /><trkpt lat="62.215760087" lon="25.040385689" /><trkpt lat="62.215748754" lon="25.040371121" /><trkpt lat="62.215737387" lon="25.040356488" /><trkpt lat="62.215725985" lon="25.040341791" /><trkpt lat="62.215714548" lon="25.040327025" /><trkpt lat="62.215703075" lon="25.040312191" /><trkpt lat="62.215691566" lon="25.040297285" /><trkpt lat="62.215680021" lon="25.040282307" /><trkpt lat="62.215668438" lon="25.040267255" /><trkpt lat="62.215656818" lon="25.040252126" /><trkpt lat="62.215645160" lon="25.040236919" /><trkpt lat="62.215633464" lon="25.040221633" /><trkpt lat="62.215621729" lon="25.040206265" /><trkpt lat="62.215609954" lon="25.040190815" /><trkpt lat="62.215598140" lon="25.040175279" /><trkpt lat="62.215586285" lon="25.040159657" /><trkpt lat="62.215574389" lon="25.040143946" /><trkpt lat="62.215562452" lon="25.040128146" /><trkpt lat="62.215550474" lon="25.040112254" /><trkpt lat="62.215538453" lon="25.040096268" /><trkpt lat="62.215526390" lon="25.040080187" /><trkpt lat="62.215514283" lon="25.040064009" /><trkpt lat="62.215502133" lon="25.040047732" /><trkpt lat="62.215489939" lon="25.040031355" /><trkpt lat="62.215477700" lon="25.040014876" /><trkpt lat="62.215465417" lon="25.039998293" /><trkpt lat="62.215455497" lon="25.039984897" /><trkpt lat="62.215445476" lon="25.039971389" /><trkpt lat="62.215435355" lon="25.039957772" /><trkpt lat="62.215425137" lon="25.039944047" /><trkpt lat="62.215414824" lon="25.039930217" /><trkpt lat="62.215404420" lon="25.039916286" /><trkpt lat="62.215393926" lon="25.039902255" /><trkpt lat="62.215383345" lon="25.039888127" /><trkpt lat="62.215372679" lon="25.039873905" /><trkpt lat="62.215361932" lon="25.039859592" /><trkpt lat="62.215351105" lon="25.039845189" /><trkpt lat="62.215340202" lon="25.039830700" /><trkpt lat="62.215329225" lon="25.039816127" /><trkpt lat="62.215318176" lon="25.039801473" /><trkpt lat="62.215307057" lon="25.039786740" /><trkpt lat="62.215295873" lon="25.039771931" /><trkpt lat="62.215284624" lon="25.039757048" /><trkpt lat="62.215273314" lon="25.039742095" /><trkpt lat="62.215261945" lon="25.039727073" /><trkpt lat="62.215250519" lon="25.039711985" /><trkpt lat="62.215239040" lon="25.039696834" /><trkpt lat="62.215227509" lon="25.039681623" /><trkpt lat="62.215215930" lon="25.039666354" /><trkpt lat="62.215204304" lon="25.039651029" /><trkpt lat="62.215192635" lon="25.039635651" /><trkpt lat="62.215180925" lon="25.039620223" /><trkpt lat="62.215169176" lon="25.039604748" /><trkpt lat="62.215157391" lon="25.039589228" /><trkpt lat="62.215145573" lon="25.039573665" /><trkpt lat="62.215133723" lon="25.039558062" /><trkpt lat="62.215121846" lon="25.039542422" /><trkpt lat="62.215109942" lon="25.039526747" /><trkpt lat="62.215098016" lon="25.039511040" /><trkpt lat="62.215086068" lon="25.039495304" /><trkpt lat="62.215074102" lon="25.039479540" /><trkpt lat="62.215062121" lon="25.039463753" /><trkpt lat="62.215050127" lon="25.039447943" /><trkpt lat="62.215038122" lon="25.039432115" /><trkpt lat="62.215026109" lon="25.039416270" /><trkpt lat="62.215014090" lon="25.039400411" /><trkpt lat="62.215002069" lon="25.039384540" /><trkpt lat="62.214990047" lon="25.039368661" /><trkpt lat="62.214978027" lon="25.039352775" /><trkpt lat="62.214966013" lon="25.039336886" /><trkpt lat="62.214954005" lon="25.039320996" /><trkpt lat="62.214942007" lon="25.039305107" /><trkpt lat="62.214930022" lon="25.039289223" /><trkpt lat="62.214918051" lon="25.039273345" /><trkpt lat="62.214906098" lon="25.039257477" /><trkpt lat="62.214894165" lon="25.039241620" /><trkpt lat="62.214882254" lon="25.039225778" /><trkpt lat="62.214870369" lon="25.039209953" /><trkpt lat="62.214858511" lon="25.039194148" /><trkpt lat="62.214846683" lon="25.039178365" /><trkpt lat="62.214834888" lon="25.039162607" /><trkpt lat="62.214823128" lon="25.039146876" /><trkpt lat="62.214811406" lon="25.039131176" /><trkpt lat="62.214799724" lon="25.039115508" /><trkpt lat="62.214788086" lon="25.039099875" /><trkpt lat="62.214776492" lon="25.039084280" /><trkpt lat="62.214764947" lon="25.039068725" /><trkpt lat="62.214753452" lon="25.039053214" /><trkpt lat="62.214742011" lon="25.039037747" /><trkpt lat="62.214730624" lon="25.039022329" /><trkpt lat="62.214719296" lon="25.039006962" /><trkpt lat="62.214708029" lon="25.038991648" /><trkpt lat="62.214696825" lon="25.038976390" /><trkpt lat="62.214685687" lon="25.038961191" /><trkpt lat="62.214674617" lon="25.038946053" /><trkpt lat="62.214663618" lon="25.038930978" /><trkpt lat="62.214652693" lon="25.038915969" /><trkpt lat="62.214641843" lon="25.038901030" /><trkpt lat="62.214631072" lon="25.038886162" /><trkpt lat="62.214620382" lon="25.038871368" /><trkpt lat="62.214609776" lon="25.038856650" /><trkpt lat="62.214599256" lon="25.038842012" /><trkpt lat="62.214588824" lon="25.038827456" /><trkpt lat="62.214578484" lon="25.038812984" /><trkpt lat="62.214568238" lon="25.038798599" /><trkpt lat="62.214558088" lon="25.038784303" /><trkpt lat="62.214548037" lon="25.038770100" /><trkpt lat="62.214538087" lon="25.038755991" /><trkpt lat="62.214528241" lon="25.038741980" /><trkpt lat="62.214518502" lon="25.038728069" /><trkpt lat="62.214508872" lon="25.038714260" /><trkpt lat="62.214499353" lon="25.038700556" /><trkpt lat="62.214489949" lon="25.038686960" /><trkpt lat="62.214480661" lon="25.038673475" /><trkpt lat="62.214471493" lon="25.038660102" /><trkpt lat="62.214462446" lon="25.038646845" /><trkpt lat="62.214453524" lon="25.038633705" /><trkpt lat="62.214444729" lon="25.038620687" /><trkpt lat="62.214436063" lon="25.038607791" /><trkpt lat="62.214427529" lon="25.038595022" /><trkpt lat="62.214419129" lon="25.038582380" /><trkpt lat="62.214410867" lon="25.038569870" /><trkpt lat="62.214402744" lon="25.038557494" /><trkpt lat="62.214394764" lon="25.038545253" /><trkpt lat="62.214386928" lon="25.038533151" /><trkpt lat="62.214379239" lon="25.038521191" /><trkpt lat="62.214371700" lon="25.038509375" /><trkpt lat="62.214364314" lon="25.038497705" /><trkpt lat="62.214357082" lon="25.038486184" /><trkpt lat="62.214350008" lon="25.038474815" /><trkpt lat="62.214343094" lon="25.038463600" /><trkpt lat="62.214336342" lon="25.038452542" /><trkpt lat="62.214329755" lon="25.038441644" /><trkpt lat="62.214323336" lon="25.038430907" /><trkpt lat="62.214317087" lon="25.038420336" /><trkpt lat="62.214311011" lon="25.038409931" /><trkpt lat="62.214305110" lon="25.038399696" /><trkpt lat="62.214295683" lon="25.038383322" /><trkpt lat="62.214286376" lon="25.038367322" /><trkpt lat="62.214277184" lon="25.038351680" /><trkpt lat="62.214268103" lon="25.038336380" /><trkpt lat="62.214259130" lon="25.038321408" /><trkpt lat="62.214250261" lon="25.038306746" /><trkpt lat="62.214241492" lon="25.038292379" /><trkpt lat="62.214232819" lon="25.038278292" /><trkpt lat="62.214224237" lon="25.038264469" /><trkpt lat="62.214215744" lon="25.038250893" /><trkpt lat="62.214207335" lon="25.038237550" /><trkpt lat="62.214199006" lon="25.038224423" /><trkpt lat="62.214190753" lon="25.038211497" /><trkpt lat="62.214182573" lon="25.038198755" /><trkpt lat="62.214174462" lon="25.038186183" /><trkpt lat="62.214166415" lon="25.038173764" /><trkpt lat="62.214158428" lon="25.038161483" /><trkpt lat="62.214150499" lon="25.038149323" /><trkpt lat="62.214142622" lon="25.038137270" /><trkpt lat="62.214134794" lon="25.038125306" /><trkpt lat="62.214127012" lon="25.038113418" /><trkpt lat="62.214119270" lon="25.038101588" /><trkpt lat="62.214111566" lon="25.038089801" /><trkpt lat="62.214103895" lon="25.038078041" /><trkpt lat="62.214096253" lon="25.038066293" /><trkpt lat="62.214088637" lon="25.038054540" /><trkpt lat="62.214081043" lon="25.038042767" /><trkpt lat="62.214073466" lon="25.038030959" /><trkpt lat="62.214065903" lon="25.038019099" /><trkpt lat="62.214058349" lon="25.038007171" /><trkpt lat="62.214050802" lon="25.037995161" /><trkpt lat="62.214043256" lon="25.037983052" /><trkpt lat="62.214035709" lon="25.037970827" /><trkpt lat="62.214028156" lon="25.037958473" /><trkpt lat="62.214020593" lon="25.037945972" /><trkpt lat="62.214013016" lon="25.037933310" /><trkpt lat="62.214005422" lon="25.037920469" /><trkpt lat="62.213997807" lon="25.037907436" /><trkpt lat="62.213990166" lon="25.037894193" /><trkpt lat="62.213982496" lon="25.037880725" /><trkpt lat="62.213974792" lon="25.037867016" /><trkpt lat="62.213967051" lon="25.037853051" /><trkpt lat="62.213959270" lon="25.037838813" /><trkpt lat="62.213951443" lon="25.037824287" /><trkpt lat="62.213943568" lon="25.037809458" /><trkpt lat="62.213935639" lon="25.037794309" /><trkpt lat="62.213927654" lon="25.037778825" /><trkpt lat="62.213919609" lon="25.037762989" /><trkpt lat="62.213911499" lon="25.037746787" /><trkpt lat="62.213903320" lon="25.037730202" /><trkpt lat="62.213895070" lon="25.037713218" /><trkpt lat="62.213886742" lon="25.037695821" /><trkpt lat="62.213878335" lon="25.037677993" /><trkpt lat="62.213869844" lon="25.037659720" /><trkpt lat="62.213861264" lon="25.037640986" /><trkpt lat="62.213852593" lon="25.037621774" /><trkpt lat="62.213843826" lon="25.037602069" /><trkpt lat="62.213834959" lon="25.037581855" /><trkpt lat="62.213825989" lon="25.037561117" /><trkpt lat="62.213816911" lon="25.037539839" /><trkpt lat="62.213807721" lon="25.037518005" /><trkpt lat="62.213798417" lon="25.037495598" /><trkpt lat="62.213788992" lon="25.037472605" /><trkpt lat="62.213779445" lon="25.037449007" /><trkpt lat="62.213769770" lon="25.037424791" /><trkpt lat="62.213759965" lon="25.037399940" /><trkpt lat="62.213750024" lon="25.037374439" /><trkpt lat="62.213739945" lon="25.037348270" /><trkpt lat="62.213731064" lon="25.037325040" /><trkpt lat="62.213722346" lon="25.037302161" /><trkpt lat="62.213713786" lon="25.037279626" /><trkpt lat="62.213705381" lon="25.037257428" /><trkpt lat="62.213697125" lon="25.037235560" /><trkpt lat="62.213689015" lon="25.037214016" /><trkpt lat="62.213681047" lon="25.037192787" /><trkpt lat="62.213673216" lon="25.037171867" /><trkpt lat="62.213665517" lon="25.037151249" /><trkpt lat="62.213657947" lon="25.037130926" /><trkpt lat="62.213650501" lon="25.037110891" /><trkpt lat="62.213643176" lon="25.037091137" /><trkpt lat="62.213635966" lon="25.037071656" /><trkpt lat="62.213628867" lon="25.037052442" /><trkpt lat="62.213621876" lon="25.037033487" /><trkpt lat="62.213614988" lon="25.037014785" /><trkpt lat="62.213608198" lon="25.036996328" /><trkpt lat="62.213601503" lon="25.036978110" /><trkpt lat="62.213594898" lon="25.036960123" /><trkpt lat="62.213588379" lon="25.036942361" /><trkpt lat="62.213581941" lon="25.036924816" /><trkpt lat="62.213575581" lon="25.036907481" /><trkpt lat="62.213569293" lon="25.036890349" /><trkpt lat="62.213563075" lon="25.036873414" /><trkpt lat="62.213556921" lon="25.036856667" /><trkpt lat="62.213550827" lon="25.036840103" /><trkpt lat="62.213544789" lon="25.036823713" /><trkpt lat="62.213538802" lon="25.036807492" /><trkpt lat="62.213532863" lon="25.036791431" /><trkpt lat="62.213526968" lon="25.036775525" /><trkpt lat="62.213521111" lon="25.036759765" /><trkpt lat="62.213515288" lon="25.036744144" /><trkpt lat="62.213509496" lon="25.036728657" /><trkpt lat="62.213503730" lon="25.036713295" /><trkpt lat="62.213497986" lon="25.036698051" /><trkpt lat="62.213492259" lon="25.036682920" /><trkpt lat="62.213486545" lon="25.036667892" /><trkpt lat="62.213480841" lon="25.036652962" /><trkpt lat="62.213475141" lon="25.036638123" /><trkpt lat="62.213469441" lon="25.036623367" /><trkpt lat="62.213463737" lon="25.036608687" /><trkpt lat="62.213458026" lon="25.036594076" /><trkpt lat="62.213452302" lon="25.036579527" /><trkpt lat="62.213446561" lon="25.036565034" /><trkpt lat="62.213440799" lon="25.036550589" /><trkpt lat="62.213435012" lon="25.036536185" /><trkpt lat="62.213429196" lon="25.036521814" /><trkpt lat="62.213423345" lon="25.036507471" /><trkpt lat="62.213417457" lon="25.036493148" /><trkpt lat="62.213411526" lon="25.036478837" /><trkpt lat="62.213405549" lon="25.036464532" /><trkpt lat="62.213399521" lon="25.036450226" /><trkpt lat="62.213393438" lon="25.036435912" /><trkpt lat="62.213387295" lon="25.036421582" /><trkpt lat="62.213381088" lon="25.036407230" /><trkpt lat="62.213374814" lon="25.036392848" /><trkpt lat="62.213368467" lon="25.036378430" /><trkpt lat="62.213362044" lon="25.036363968" /><trkpt lat="62.213355540" lon="25.036349455" /><trkpt lat="62.213348951" lon="25.036334885" /><trkpt lat="62.213342273" lon="25.036320251" /><trkpt lat="62.213335501" lon="25.036305544" /><trkpt lat="62.213328631" lon="25.036290759" /><trkpt lat="62.213321659" lon="25.036275887" /><trkpt lat="62.213314581" lon="25.036260923" /><trkpt lat="62.213307391" lon="25.036245859" /><trkpt lat="62.213300087" lon="25.036230688" /><trkpt lat="62.213292664" lon="25.036215403" /><trkpt lat="62.213285117" lon="25.036199996" /><trkpt lat="62.213277443" lon="25.036184462" /><trkpt lat="62.213269636" lon="25.036168792" /><trkpt lat="62.213261693" lon="25.036152980" /><trkpt lat="62.213253609" lon="25.036137019" /><trkpt lat="62.213245381" lon="25.036120901" /><trkpt lat="62.213237003" lon="25.036104620" /><trkpt lat="62.213228472" lon="25.036088168" /><trkpt lat="62.213219784" lon="25.036071539" /><trkpt lat="62.213208642" lon="25.036050302" /><trkpt lat="62.213197720" lon="25.036029499" /><trkpt lat="62.213187015" lon="25.036009116" /><trkpt lat="62.213176520" lon="25.035989138" /><trkpt lat="62.213166231" lon="25.035969553" /><trkpt lat="62.213156143" lon="25.035950346" /><trkpt lat="62.213146253" lon="25.035931504" /><trkpt lat="62.213136554" lon="25.035913013" /><trkpt lat="62.213127043" lon="25.035894859" /><trkpt lat="62.213117714" lon="25.035877029" /><trkpt lat="62.213108563" lon="25.035859509" /><trkpt lat="62.213099585" lon="25.035842285" /><trkpt lat="62.213090776" lon="25.035825344" /><trkpt lat="62.213082130" lon="25.035808671" /><trkpt lat="62.213073643" lon="25.035792254" /><trkpt lat="62.213065311" lon="25.035776078" /><trkpt lat="62.213057128" lon="25.035760130" /><trkpt lat="62.213049089" lon="25.035744395" /><trkpt lat="62.213041191" lon="25.035728861" /><trkpt lat="62.213033428" lon="25.035713514" /><trkpt lat="62.213025795" lon="25.035698339" /><trkpt lat="62.213018289" lon="25.035683324" /><trkpt lat="62.213010903" lon="25.035668453" /><trkpt lat="62.213003634" lon="25.035653715" /><trkpt lat="62.212996477" lon="25.035639095" /><trkpt lat="62.212989427" lon="25.035624579" /><trkpt lat="62.212982479" lon="25.035610153" /><trkpt lat="62.212975628" lon="25.035595805" /><trkpt lat="62.212968870" lon="25.035581520" /><trkpt lat="62.212962201" lon="25.035567284" /><trkpt lat="62.212955614" lon="25.035553084" /><trkpt lat="62.212949107" lon="25.035538905" /><trkpt lat="62.212942673" lon="25.035524736" /><trkpt lat="62.212936308" lon="25.035510561" /><trkpt lat="62.212930008" lon="25.035496367" /><trkpt lat="62.212923768" lon="25.035482140" /><trkpt lat="62.212917583" lon="25.035467866" /><trkpt lat="62.212911448" lon="25.035453533" /><trkpt lat="62.212905358" lon="25.035439125" /><trkpt lat="62.212899309" lon="25.035424630" /><trkpt lat="62.212893297" lon="25.035410033" /><trkpt lat="62.212887316" lon="25.035395322" /><trkpt lat="62.212881361" lon="25.035380482" /><trkpt lat="62.212875429" lon="25.035365499" /><trkpt lat="62.212869514" lon="25.035350360" /><trkpt lat="62.212863611" lon="25.035335051" /><trkpt lat="62.212857716" lon="25.035319559" /><trkpt lat="62.212851824" lon="25.035303869" /><trkpt lat="62.212845930" lon="25.035287969" /><trkpt lat="62.212840030" lon="25.035271843" /><trkpt lat="62.212834119" lon="25.035255480" /><trkpt lat="62.212828192" lon="25.035238864" /><trkpt lat="62.212822245" lon="25.035221982" /><trkpt lat="62.212816272" lon="25.035204821" /><trkpt lat="62.212810269" lon="25.035187366" /><trkpt lat="62.212804232" lon="25.035169605" /><trkpt lat="62.212798155" lon="25.035151522" /><trkpt lat="62.212792034" lon="25.035133106" /><trkpt lat="62.212785864" lon="25.035114341" /><trkpt lat="62.212779640" lon="25.035095215" /><trkpt lat="62.212772027" lon="25.035071873" /><trkpt lat="62.212764494" lon="25.035049131" /><trkpt lat="62.212757034" lon="25.035026972" /><trkpt lat="62.212749639" lon="25.035005378" /><trkpt lat="62.212742301" lon="25.034984333" /><trkpt lat="62.212735015" lon="25.034963821" /><trkpt lat="62.212727771" lon="25.034943823" /><trkpt lat="62.212720564" lon="25.034924322" /><trkpt lat="62.212713384" lon="25.034905303" /><trkpt lat="62.212706226" lon="25.034886748" /><trkpt lat="62.212699081" lon="25.034868640" /><trkpt lat="62.212691942" lon="25.034850962" /><trkpt lat="62.212684801" lon="25.034833697" /><trkpt lat="62.212677652" lon="25.034816828" /><trkpt lat="62.212670488" lon="25.034800339" /><trkpt lat="62.212663299" lon="25.034784211" /><trkpt lat="62.212656080" lon="25.034768429" /><trkpt lat="62.212648822" lon="25.034752975" /><trkpt lat="62.212641519" lon="25.034737833" /><trkpt lat="62.212634163" lon="25.034722984" /><trkpt lat="62.212626746" lon="25.034708414" /><trkpt lat="62.212619261" lon="25.034694103" /><trkpt lat="62.212611702" lon="25.034680037" /><trkpt lat="62.212604059" lon="25.034666196" /><trkpt lat="62.212596327" lon="25.034652566" /><trkpt lat="62.212588497" lon="25.034639128" /><trkpt lat="62.212580562" lon="25.034625865" /><trkpt lat="62.212572515" lon="25.034612761" /><trkpt lat="62.212564348" lon="25.034599799" /><trkpt lat="62.212556054" lon="25.034586962" /><trkpt lat="62.212547626" lon="25.034574232" /><trkpt lat="62.212539056" lon="25.034561594" /><trkpt lat="62.212530337" lon="25.034549029" /><trkpt lat="62.212521461" lon="25.034536521" /><trkpt lat="62.212512421" lon="25.034524053" /><trkpt lat="62.212503210" lon="25.034511608" /><trkpt lat="62.212493820" lon="25.034499169" /><trkpt lat="62.212484244" lon="25.034486719" /><trkpt lat="62.212474474" lon="25.034474241" /><trkpt lat="62.212464503" lon="25.034461718" /><trkpt lat="62.212454323" lon="25.034449134" /><trkpt lat="62.212443928" lon="25.034436471" /><trkpt lat="62.212433310" lon="25.034423711" /><trkpt lat="62.212422461" lon="25.034410840" /><trkpt lat="62.212411374" lon="25.034397838" /><trkpt lat="62.212400042" lon="25.034384690" /><trkpt lat="62.212388457" lon="25.034371378" /><trkpt lat="62.212376611" lon="25.034357886" /><trkpt lat="62.212364499" lon="25.034344196" /><trkpt lat="62.212352007" lon="25.034330198" /><trkpt lat="62.212339537" lon="25.034316365" /><trkpt lat="62.212327085" lon="25.034302693" /><trkpt lat="62.212314646" lon="25.034289180" /><trkpt lat="62.212302218" lon="25.034275823" /><trkpt lat="62.212289795" lon="25.034262619" /><trkpt lat="62.212277374" lon="25.034249566" /><trkpt lat="62.212264950" lon="25.034236660" /><trkpt lat="62.212252520" lon="25.034223898" /><trkpt lat="62.212240079" lon="25.034211277" /><trkpt lat="62.212227624" lon="25.034198795" /><trkpt lat="62.212215150" lon="25.034186449" /><trkpt lat="62.212202653" lon="25.034174235" /><trkpt lat="62.212190129" lon="25.034162151" /><trkpt lat="62.212177574" lon="25.034150195" /><trkpt lat="62.212164984" lon="25.034138362" /><trkpt lat="62.212152355" lon="25.034126650" /><trkpt lat="62.212139683" lon="25.034115056" /><trkpt lat="62.212126964" lon="25.034103578" /><trkpt lat="62.212114194" lon="25.034092211" /><trkpt lat="62.212101368" lon="25.034080955" /><trkpt lat="62.212088482" lon="25.034069805" /><trkpt lat="62.212075534" lon="25.034058758" /><trkpt lat="62.212062517" lon="25.034047812" /><trkpt lat="62.212049429" lon="25.034036964" /><trkpt lat="62.212036265" lon="25.034026211" /><trkpt lat="62.212023022" lon="25.034015550" /><trkpt lat="62.212009694" lon="25.034004978" /><trkpt lat="62.211996279" lon="25.033994492" /><trkpt lat="62.211982772" lon="25.033984089" /><trkpt lat="62.211969168" lon="25.033973766" /><trkpt lat="62.211955465" lon="25.033963521" /><trkpt lat="62.211941657" lon="25.033953351" /><trkpt lat="62.211927741" lon="25.033943252" /><trkpt lat="62.211913712" lon="25.033933222" /><trkpt lat="62.211899568" lon="25.033923257" /><trkpt lat="62.211885302" lon="25.033913356" /><trkpt lat="62.211870912" lon="25.033903514" /><trkpt lat="62.211856394" lon="25.033893729" /><trkpt lat="62.211841743" lon="25.033883999" /><trkpt lat="62.211826955" lon="25.033874320" /><trkpt lat="62.211812026" lon="25.033864689" /><trkpt lat="62.211796952" lon="25.033855103" /><trkpt lat="62.211781730" lon="25.033845560" /><trkpt lat="62.211766354" lon="25.033836057" /><trkpt lat="62.211750821" lon="25.033826590" /><trkpt lat="62.211735127" lon="25.033817157" /><trkpt lat="62.211719268" lon="25.033807755" /><trkpt lat="62.211706913" lon="25.033800452" /><trkpt lat="62.211694538" lon="25.033793078" /><trkpt lat="62.211682146" lon="25.033785625" /><trkpt lat="62.211669738" lon="25.033778089" /><trkpt lat="62.211657319" lon="25.033770465" /><trkpt lat="62.211644891" lon="25.033762747" /><trkpt lat="62.211632457" lon="25.033754929" /><trkpt lat="62.211620019" lon="25.033747007" /><trkpt lat="62.211607582" lon="25.033738974" /><trkpt lat="62.211595147" lon="25.033730826" /><trkpt lat="62.211582717" lon="25.033722556" /><trkpt lat="62.211570296" lon="25.033714161" /><trkpt lat="62.211557886" lon="25.033705633" /><trkpt lat="62.211545491" lon="25.033696969" /><trkpt lat="62.211533113" lon="25.033688161" /><trkpt lat="62.211520754" lon="25.033679206" /><trkpt lat="62.211508419" lon="25.033670097" /><trkpt lat="62.211496109" lon="25.033660829" /><trkpt lat="62.211483828" lon="25.033651398" /><trkpt lat="62.211471579" lon="25.033641796" /><trkpt lat="62.211459364" lon="25.033632020" /><trkpt lat="62.211447187" lon="25.033622063" /><trkpt lat="62.211435049" lon="25.033611920" /><trkpt lat="62.211422955" lon="25.033601586" /><trkpt lat="62.211410908" lon="25.033591056" /><trkpt lat="62.211398909" lon="25.033580323" /><trkpt lat="62.211386962" lon="25.033569383" /><trkpt lat="62.211375069" lon="25.033558230" /><trkpt lat="62.211363235" lon="25.033546859" /><trkpt lat="62.211351461" lon="25.033535264" /><trkpt lat="62.211339750" lon="25.033523440" /><trkpt lat="62.211328106" lon="25.033511382" /><trkpt lat="62.211316531" lon="25.033499084" /><trkpt lat="62.211305028" lon="25.033486541" /><trkpt lat="62.211293601" lon="25.033473747" /><trkpt lat="62.211282251" lon="25.033460696" /><trkpt lat="62.211270982" lon="25.033447385" /><trkpt lat="62.211259797" lon="25.033433806" /><trkpt lat="62.211248698" lon="25.033419956" /><trkpt lat="62.211237689" lon="25.033405827" /><trkpt lat="62.211226772" lon="25.033391416" /><trkpt lat="62.211215951" lon="25.033376716" /><trkpt lat="62.211205228" lon="25.033361722" /><trkpt lat="62.211194606" lon="25.033346429" /><trkpt lat="62.211184088" lon="25.033330832" /><trkpt lat="62.211173677" lon="25.033314924" /><trkpt lat="62.211163376" lon="25.033298701" /><trkpt lat="62.211153187" lon="25.033282156" /><trkpt lat="62.211143114" lon="25.033265286" /><trkpt lat="62.211133160" lon="25.033248084" /><trkpt lat="62.211123327" lon="25.033230545" /><trkpt lat="62.211113618" lon="25.033212663" /><trkpt lat="62.211104036" lon="25.033194433" /><trkpt lat="62.211094585" lon="25.033175851" /><trkpt lat="62.211085266" lon="25.033156909" /><trkpt lat="62.211076084" lon="25.033137603" /><trkpt lat="62.211067040" lon="25.033117928" /><trkpt lat="62.211058137" lon="25.033097878" /><trkpt lat="62.211049380" lon="25.033077448" /><trkpt lat="62.211040770" lon="25.033056632" /><trkpt lat="62.211032310" lon="25.033035424" /><trkpt lat="62.211024003" lon="25.033013821" /><trkpt lat="62.211019734" lon="25.033002455" /><trkpt lat="62.211015430" lon="25.032990891" /><trkpt lat="62.211011091" lon="25.032979131" /><trkpt lat="62.211006718" lon="25.032967178" /><trkpt lat="62.211002311" lon="25.032955033" /><trkpt lat="62.210997872" lon="25.032942701" /><trkpt lat="62.210993399" lon="25.032930182" /><trkpt lat="62.210988895" lon="25.032917480" /><trkpt lat="62.210984358" lon="25.032904598" /><trkpt lat="62.210979790" lon="25.032891538" /><trkpt lat="62.210975191" lon="25.032878302" /><trkpt lat="62.210970562" lon="25.032864894" /><trkpt lat="62.210965903" lon="25.032851315" /><trkpt lat="62.210961214" lon="25.032837568" /><trkpt lat="62.210956496" lon="25.032823656" /><trkpt lat="62.210951750" lon="25.032809582" /><trkpt lat="62.210946975" lon="25.032795347" /><trkpt lat="62.210942172" lon="25.032780955" /><trkpt lat="62.210937342" lon="25.032766408" /><trkpt lat="62.210932486" lon="25.032751709" /><trkpt lat="62.210927603" lon="25.032736860" /><trkpt lat="62.210922694" lon="25.032721864" /><trkpt lat="62.210917759" lon="25.032706723" /><trkpt lat="62.210912799" lon="25.032691441" /><trkpt lat="62.210907815" lon="25.032676018" /><trkpt lat="62.210902807" lon="25.032660459" /><trkpt lat="62.210897775" lon="25.032644766" /><trkpt lat="62.210892720" lon="25.032628940" /><trkpt lat="62.210887642" lon="25.032612986" /><trkpt lat="62.210882541" lon="25.032596905" /><trkpt lat="62.210877419" lon="25.032580700" /><trkpt lat="62.210872275" lon="25.032564373" /><trkpt lat="62.210867110" lon="25.032547927" /><trkpt lat="62.210861925" lon="25.032531366" /><trkpt lat="62.210856720" lon="25.032514690" /><trkpt lat="62.210851495" lon="25.032497903" /><trkpt lat="62.210846251" lon="25.032481008" /><trkpt lat="62.210840988" lon="25.032464006" /><trkpt lat="62.210835707" lon="25.032446901" /><trkpt lat="62.210830408" lon="25.032429695" /><trkpt lat="62.210825092" lon="25.032412391" /><trkpt lat="62.210819759" lon="25.032394991" /><trkpt lat="62.210814409" lon="25.032377497" /><trkpt lat="62.210809043" lon="25.032359914" /><trkpt lat="62.210803662" lon="25.032342242" /><trkpt lat="62.210798266" lon="25.032324484" /><trkpt lat="62.210792855" lon="25.032306644" /><trkpt lat="62.210787429" lon="25.032288723" /><trkpt lat="62.210781990" lon="25.032270724" /><trkpt lat="62.210776538" lon="25.032252651" /><trkpt lat="62.210771073" lon="25.032234504" /><trkpt lat="62.210765595" lon="25.032216288" /><trkpt lat="62.210760106" lon="25.032198004" /><trkpt lat="62.210754605" lon="25.032179655" /><trkpt lat="62.210749093" lon="25.032161244" /><trkpt lat="62.210743570" lon="25.032142773" /><trkpt lat="62.210738037" lon="25.032124244" /><trkpt lat="62.210732495" lon="25.032105661" /><trkpt lat="62.210726943" lon="25.032087026" /><trkpt lat="62.210721383" lon="25.032068342" /><trkpt lat="62.210715814" lon="25.032049611" /><trkpt lat="62.210710237" lon="25.032030835" /><trkpt lat="62.210704653" lon="25.032012017" /><trkpt lat="62.210699062" lon="25.031993160" /><trkpt lat="62.210693464" lon="25.031974267" /><trkpt lat="62.210687861" lon="25.031955339" /><trkpt lat="62.210682251" lon="25.031936380" /><trkpt lat="62.210676637" lon="25.031917392" /><trkpt lat="62.210671017" lon="25.031898378" /><trkpt lat="62.210665394" lon="25.031879339" /><trkpt lat="62.210659766" lon="25.031860280" /><trkpt lat="62.210654136" lon="25.031841202" /><trkpt lat="62.210648502" lon="25.031822108" /><trkpt lat="62.210642866" lon="25.031803000" /><trkpt lat="62.210637228" lon="25.031783881" /><trkpt lat="62.210631588" lon="25.031764754" /><trkpt lat="62.210625947" lon="25.031745621" /><trkpt lat="62.210620306" lon="25.031726485" /><trkpt lat="62.210614664" lon="25.031707348" /><trkpt lat="62.210609023" lon="25.031688213" /><trkpt lat="62.210603382" lon="25.031669083" /><trkpt lat="62.210597742" lon="25.031649960" /><trkpt lat="62.210592104" lon="25.031630846" /><trkpt lat="62.210586468" lon="25.031611744" /><trkpt lat="62.210580835" lon="25.031592657" /><trkpt lat="62.210575204" lon="25.031573588" /><trkpt lat="62.210569577" lon="25.031554538" /><trkpt lat="62.210563954" lon="25.031535511" /><trkpt lat="62.210558335" lon="25.031516509" /><trkpt lat="62.210552721" lon="25.031497534" /><trkpt lat="62.210547112" lon="25.031478590" /><trkpt lat="62.210541508" lon="25.031459678" /><trkpt lat="62.210535911" lon="25.031440802" /><trkpt lat="62.210530321" lon="25.031421964" /><trkpt lat="62.210524737" lon="25.031403166" /><trkpt lat="62.210519161" lon="25.031384411" /><trkpt lat="62.210513593" lon="25.031365702" /><trkpt lat="62.210508033" lon="25.031347040" /><trkpt lat="62.210502482" lon="25.031328430" /><trkpt lat="62.210496940" lon="25.031309873" /><trkpt lat="62.210491408" lon="25.031291372" /><trkpt lat="62.210485886" lon="25.031272929" /><trkpt lat="62.210480375" lon="25.031254547" /><trkpt lat="62.210474875" lon="25.031236229" /><trkpt lat="62.210469386" lon="25.031217977" /><trkpt lat="62.210463909" lon="25.031199794" /><trkpt lat="62.210458445" lon="25.031181682" /><trkpt lat="62.210452994" lon="25.031163644" /><trkpt lat="62.210447556" lon="25.031145682" /><trkpt lat="62.210442132" lon="25.031127799" /><trkpt lat="62.210436722" lon="25.031109998" /><trkpt lat="62.210431326" lon="25.031092281" /><trkpt lat="62.210425946" lon="25.031074651" /><trkpt lat="62.210420582" lon="25.031057110" /><trkpt lat="62.210415233" lon="25.031039661" /><trkpt lat="62.210409901" lon="25.031022307" /><trkpt lat="62.210404586" lon="25.031005049" /><trkpt lat="62.210399289" lon="25.030987891" /><trkpt lat="62.210394009" lon="25.030970835" /><trkpt lat="62.210388748" lon="25.030953884" /><trkpt lat="62.210382247" lon="25.030933082" /><trkpt lat="62.210375740" lon="25.030912481" /><trkpt lat="62.210369226" lon="25.030892078" /><trkpt lat="62.210362706" lon="25.030871870" /><trkpt lat="62.210356180" lon="25.030851853" /><trkpt lat="62.210349646" lon="25.030832024" /><trkpt lat="62.210343107" lon="25.030812379" /><trkpt lat="62.210336561" lon="25.030792914" /><trkpt lat="62.210330008" lon="25.030773626" /><trkpt lat="62.210323448" lon="25.030754512" /><trkpt lat="62.210316882" lon="25.030735568" /><trkpt lat="62.210310309" lon="25.030716791" /><trkpt lat="62.210303729" lon="25.030698176" /><trkpt lat="62.210297142" lon="25.030679721" /><trkpt lat="62.210290549" lon="25.030661421" /><trkpt lat="62.210283948" lon="25.030643274" /><trkpt lat="62.210277341" lon="25.030625276" /><trkpt lat="62.210270727" lon="25.030607423" /><trkpt lat="62.210264105" lon="25.030589712" /><trkpt lat="62.210257477" lon="25.030572139" /><trkpt lat="62.210250842" lon="25.030554701" /><trkpt lat="62.210244200" lon="25.030537394" /><trkpt lat="62.210237550" lon="25.030520214" /><trkpt lat="62.210230894" lon="25.030503159" /><trkpt lat="62.210224230" lon="25.030486225" /><trkpt lat="62.210217559" lon="25.030469407" /><trkpt lat="62.210210881" lon="25.030452703" /><trkpt lat="62.210204195" lon="25.030436109" /><trkpt lat="62.210197503" lon="25.030419622" /><trkpt lat="62.210190802" lon="25.030403237" /><trkpt lat="62.210184095" lon="25.030386952" /><trkpt lat="62.210177380" lon="25.030370763" /><trkpt lat="62.210170658" lon="25.030354667" /><trkpt lat="62.210163928" lon="25.030338659" /><trkpt lat="62.210157191" lon="25.030322736" /><trkpt lat="62.210150446" lon="25.030306896" /><trkpt lat="62.210143694" lon="25.030291133" /><trkpt lat="62.210136934" lon="25.030275446" /><trkpt lat="62.210130166" lon="25.030259829" /><trkpt lat="62.210123391" lon="25.030244281" /><trkpt lat="62.210116608" lon="25.030228796" /><trkpt lat="62.210109817" lon="25.030213372" /><trkpt lat="62.210103019" lon="25.030198006" /><trkpt lat="62.210096213" lon="25.030182693" /><trkpt lat="62.210089399" lon="25.030167430" /><trkpt lat="62.210082577" lon="25.030152213" /><trkpt lat="62.210075747" lon="25.030137040" /><trkpt lat="62.210068909" lon="25.030121906" /><trkpt lat="62.210062064" lon="25.030106808" /><trkpt lat="62.210055210" lon="25.030091743" /><trkpt lat="62.210048348" lon="25.030076706" /><trkpt lat="62.210041478" lon="25.030061695" /><trkpt lat="62.210034600" lon="25.030046705" /><trkpt lat="62.210027714" lon="25.030031734" /><trkpt lat="62.210020820" lon="25.030016778" /><trkpt lat="62.210013918" lon="25.030001833" /><trkpt lat="62.210007007" lon="25.029986896" /><trkpt lat="62.210000089" lon="25.029971963" /><trkpt lat="62.209993162" lon="25.029957031" /><trkpt lat="62.209986226" lon="25.029942096" /><trkpt lat="62.209979282" lon="25.029927155" /><trkpt lat="62.209972330" lon="25.029912204" /><trkpt lat="62.209965370" lon="25.029897239" /><trkpt lat="62.209958401" lon="25.029882257" /><trkpt lat="62.209951423" lon="25.029867255" /><trkpt lat="62.209944437" lon="25.029852229" /><trkpt lat="62.209937442" lon="25.029837176" /><trkpt lat="62.209930439" lon="25.029822091" /><trkpt lat="62.209923427" lon="25.029806972" /><trkpt lat="62.209916407" lon="25.029791815" /><trkpt lat="62.209909378" lon="25.029776616" /><trkpt lat="62.209902340" lon="25.029761372" /><trkpt lat="62.209895293" lon="25.029746080" /><trkpt lat="62.209888238" lon="25.029730735" /><trkpt lat="62.209881174" lon="25.029715334" /><trkpt lat="62.209874101" lon="25.029699875" /><trkpt lat="62.209867019" lon="25.029684352" /><trkpt lat="62.209859928" lon="25.029668763" /><trkpt lat="62.209852828" lon="25.029653104" /><trkpt lat="62.209845720" lon="25.029637372" /><trkpt lat="62.209838602" lon="25.029621564" /><trkpt lat="62.209831475" lon="25.029605674" /><trkpt lat="62.209824339" lon="25.029589701" /><trkpt lat="62.209817194" lon="25.029573640" /><trkpt lat="62.209810040" lon="25.029557489" /><trkpt lat="62.209802877" lon="25.029541242" /><trkpt lat="62.209795704" lon="25.029524898" /><trkpt lat="62.209788523" lon="25.029508452" /><trkpt lat="62.209781332" lon="25.029491901" /><trkpt lat="62.209774131" lon="25.029475242" /><trkpt lat="62.209766922" lon="25.029458470" /><trkpt lat="62.209759703" lon="25.029441583" /><trkpt lat="62.209752474" lon="25.029424576" /><trkpt lat="62.209745236" lon="25.029407447" /><trkpt lat="62.209737989" lon="25.029390191" /><trkpt lat="62.209730732" lon="25.029372806" /><trkpt lat="62.209723466" lon="25.029355288" /><trkpt lat="62.209713693" lon="25.029331786" /><trkpt lat="62.209703966" lon="25.029308663" /><trkpt lat="62.209694284" lon="25.029285911" /><trkpt lat="62.209684647" lon="25.029263524" /><trkpt lat="62.209675055" lon="25.029241495" /><trkpt lat="62.209665507" lon="25.029219817" /><trkpt lat="62.209656001" lon="25.029198484" /><trkpt lat="62.209646539" lon="25.029177489" /><trkpt lat="62.209637120" lon="25.029156825" /><trkpt lat="62.209627742" lon="25.029136485" /><trkpt lat="62.209618406" lon="25.029116463" /><trkpt lat="62.209609110" lon="25.029096752" /><trkpt lat="62.209599856" lon="25.029077346" /><trkpt lat="62.209590641" lon="25.029058236" /><trkpt lat="62.209581466" lon="25.029039418" /><trkpt lat="62.209572330" lon="25.029020883" /><trkpt lat="62.209563232" lon="25.029002626" /><trkpt lat="62.209554173" lon="25.028984640" /><trkpt lat="62.209545151" lon="25.028966917" /><trkpt lat="62.209536167" lon="25.028949452" /><trkpt lat="62.209527219" lon="25.028932237" /><trkpt lat="62.209518307" lon="25.028915265" /><trkpt lat="62.209509431" lon="25.028898531" /><trkpt lat="62.209500590" lon="25.028882027" /><trkpt lat="62.209491784" lon="25.028865746" /><trkpt lat="62.209483013" lon="25.028849682" /><trkpt lat="62.209474274" lon="25.028833828" /><trkpt lat="62.209465570" lon="25.028818178" /><trkpt lat="62.209456898" lon="25.028802724" /><trkpt lat="62.209448258" lon="25.028787460" /><trkpt lat="62.209439650" lon="25.028772379" /><trkpt lat="62.209431074" lon="25.028757475" /><trkpt lat="62.209422528" lon="25.028742740" /><trkpt lat="62.209414013" lon="25.028728169" /><trkpt lat="62.209405528" lon="25.028713753" /><trkpt lat="62.209397072" lon="25.028699487" /><trkpt lat="62.209388645" lon="25.028685364" /><trkpt lat="62.209380247" lon="25.028671377" /><trkpt lat="62.209371876" lon="25.028657520" /><trkpt lat="62.209363533" lon="25.028643785" /><trkpt lat="62.209355217" lon="25.028630166" /><trkpt lat="62.209346928" lon="25.028616656" /><trkpt lat="62.209338665" lon="25.028603248" /><trkpt lat="62.209330427" lon="25.028589936" /><trkpt lat="62.209322214" lon="25.028576714" /><trkpt lat="62.209314026" lon="25.028563573" /><trkpt lat="62.209305862" lon="25.028550508" /><trkpt lat="62.209297722" lon="25.028537512" /><trkpt lat="62.209289605" lon="25.028524578" /><trkpt lat="62.209281510" lon="25.028511699" /><trkpt lat="62.209273438" lon="25.028498869" /><trkpt lat="62.209265387" lon="25.028486081" /><trkpt lat="62.209257358" lon="25.028473328" /><trkpt lat="62.209249349" lon="25.028460603" /><trkpt lat="62.209241361" lon="25.028447900" /><trkpt lat="62.209233392" lon="25.028435213" /><trkpt lat="62.209225443" lon="25.028422533" /><trkpt lat="62.209217513" lon="25.028409855" /><trkpt lat="62.209209601" lon="25.028397172" /><trkpt lat="62.209201706" lon="25.028384477" /><trkpt lat="62.209193829" lon="25.028371763" /><trkpt lat="62.209185969" lon="25.028359024" /><trkpt lat="62.209178126" lon="25.028346253" /><trkpt lat="62.209170298" lon="25.028333443" /><trkpt lat="62.209162486" lon="25.028320588" /><trkpt lat="62.209154689" lon="25.028307680" /><trkpt lat="62.209146906" lon="25.028294713" /><trkpt lat="62.209139137" lon="25.028281681" /><trkpt lat="62.209131382" lon="25.028268576" /><trkpt lat="62.209123639" lon="25.028255392" /><trkpt lat="62.209115910" lon="25.028242122" /><trkpt lat="62.209108192" lon="25.028228760" /><trkpt lat="62.209099588" lon="25.028213641" /><trkpt lat="62.209091125" lon="25.028198462" /><trkpt lat="62.209082797" lon="25.028183225" /><trkpt lat="62.209074596" lon="25.028167931" /><trkpt lat="62.209066518" lon="25.028152583" /><trkpt lat="62.209058556" lon="25.028137183" /><trkpt lat="62.209050705" lon="25.028121734" /><trkpt lat="62.209042957" lon="25.028106237" /><trkpt lat="62.209035308" lon="25.028090695" /><trkpt lat="62.209027750" lon="25.028075111" /><trkpt lat="62.209020278" lon="25.028059485" /><trkpt lat="62.209012886" lon="25.028043821" /><trkpt lat="62.209005568" lon="25.028028120" /><trkpt lat="62.208998317" lon="25.028012386" /><trkpt lat="62.208991128" lon="25.027996619" /><trkpt lat="62.208983995" lon="25.027980823" /><trkpt lat="62.208976911" lon="25.027964999" /><trkpt lat="62.208969870" lon="25.027949150" /><trkpt lat="62.208962867" lon="25.027933278" /><trkpt lat="62.208955895" lon="25.027917385" /><trkpt lat="62.208948948" lon="25.027901473" /><trkpt lat="62.208942020" lon="25.027885545" /><trkpt lat="62.208935105" lon="25.027869603" /><trkpt lat="62.208928197" lon="25.027853649" /><trkpt lat="62.208921291" lon="25.027837684" /><trkpt lat="62.208914379" lon="25.027821713" /><trkpt lat="62.208907455" lon="25.027805735" /><trkpt lat="62.208900515" lon="25.027789755" /><trkpt lat="62.208893551" lon="25.027773774" /><trkpt lat="62.208886558" lon="25.027757793" /><trkpt lat="62.208879529" lon="25.027741817" /><trkpt lat="62.208872459" lon="25.027725846" /><trkpt lat="62.208865341" lon="25.027709882" /><trkpt lat="62.208858169" lon="25.027693929" /><trkpt lat="62.208850938" lon="25.027677988" /><trkpt lat="62.208843640" lon="25.027662062" /><trkpt lat="62.208836271" lon="25.027646152" /><trkpt lat="62.208828824" lon="25.027630261" /><trkpt lat="62.208821293" lon="25.027614392" /><trkpt lat="62.208813672" lon="25.027598545" /><trkpt lat="62.208805954" lon="25.027582725" /><trkpt lat="62.208798134" lon="25.027566932" /><trkpt lat="62.208790206" lon="25.027551168" /><trkpt lat="62.208782164" lon="25.027535438" /><trkpt lat="62.208774001" lon="25.027519741" /><trkpt lat="62.208765712" lon="25.027504081" /><trkpt lat="62.208757290" lon="25.027488460" /><trkpt lat="62.208748729" lon="25.027472880" /><trkpt lat="62.208740024" lon="25.027457343" /><trkpt lat="62.208731168" lon="25.027441851" /><trkpt lat="62.208722155" lon="25.027426407" /><trkpt lat="62.208712979" lon="25.027411013" /><trkpt lat="62.208703634" lon="25.027395671" /><trkpt lat="62.208694114" lon="25.027380384" /><trkpt lat="62.208684413" lon="25.027365153" /><trkpt lat="62.208674524" lon="25.027349980" /><trkpt lat="62.208664443" lon="25.027334868" /><trkpt lat="62.208654162" lon="25.027319820" /><trkpt lat="62.208643675" lon="25.027304837" /><trkpt lat="62.208632978" lon="25.027289921" /><trkpt lat="62.208622062" lon="25.027275075" /><trkpt lat="62.208610923" lon="25.027260301" /><trkpt lat="62.208599555" lon="25.027245601" /><trkpt lat="62.208587951" lon="25.027230978" /><trkpt lat="62.208576894" lon="25.027217162" /><trkpt lat="62.208565794" lon="25.027203173" /><trkpt lat="62.208554653" lon="25.027189017" /><trkpt lat="62.208543474" lon="25.027174702" /><trkpt lat="62.208532259" lon="25.027160236" /><trkpt lat="62.208521011" lon="25.027145626" /><trkpt lat="62.208509731" lon="25.027130879" /><trkpt lat="62.208498423" lon="25.027116003" /><trkpt lat="62.208487089" lon="25.027101004" /><trkpt lat="62.208475730" lon="25.027085891" /><trkpt lat="62.208464350" lon="25.027070671" /><trkpt lat="62.208452951" lon="25.027055351" /><trkpt lat="62.208441535" lon="25.027039938" /><trkpt lat="62.208430104" lon="25.027024440" /><trkpt lat="62.208418662" lon="25.027008865" /><trkpt lat="62.208407209" lon="25.026993218" /><trkpt lat="62.208395750" lon="25.026977509" /><trkpt lat="62.208384286" lon="25.026961744" /><trkpt lat="62.208372819" lon="25.026945931" /><trkpt lat="62.208361352" lon="25.026930077" /><trkpt lat="62.208349887" lon="25.026914189" /><trkpt lat="62.208338427" lon="25.026898275" /><trkpt lat="62.208326974" lon="25.026882343" /><trkpt lat="62.208315531" lon="25.026866398" /><trkpt lat="62.208304099" lon="25.026850450" /><trkpt lat="62.208292682" lon="25.026834505" /><trkpt lat="62.208281281" lon="25.026818571" /><trkpt lat="62.208269899" lon="25.026802654" /><trkpt lat="62.208258539" lon="25.026786763" /><trkpt lat="62.208247202" lon="25.026770905" /><trkpt lat="62.208235892" lon="25.026755087" /><trkpt lat="62.208224610" lon="25.026739316" /><trkpt lat="62.208213359" lon="25.026723601" /><trkpt lat="62.208202141" lon="25.026707947" /><trkpt lat="62.208190959" lon="25.026692363" /><trkpt lat="62.208179815" lon="25.026676856" /><trkpt lat="62.208168711" lon="25.026661434" /><trkpt lat="62.208157651" lon="25.026646103" /><trkpt lat="62.208146635" lon="25.026630871" /><trkpt lat="62.208135667" lon="25.026615746" /><trkpt lat="62.208124750" lon="25.026600735" /><trkpt lat="62.208113884" lon="25.026585844" /><trkpt lat="62.208103074" lon="25.026571083" /><trkpt lat="62.208092320" lon="25.026556457" /><trkpt lat="62.208081626" lon="25.026541974" /><trkpt lat="62.208070995" lon="25.026527643" /><trkpt lat="62.208060427" lon="25.026513469" /><trkpt lat="62.208049926" lon="25.026499461" /><trkpt lat="62.208039495" lon="25.026485625" /><trkpt lat="62.208029134" lon="25.026471970" /><trkpt lat="62.208018848" lon="25.026458502" /><trkpt lat="62.208008638" lon="25.026445229" /><trkpt lat="62.207998506" lon="25.026432158" /><trkpt lat="62.207988456" lon="25.026419297" /><trkpt lat="62.207978489" lon="25.026406653" /><trkpt lat="62.207968608" lon="25.026394234" /><trkpt lat="62.207958815" lon="25.026382046" /><trkpt lat="62.207949113" lon="25.026370097" /><trkpt lat="62.207939503" lon="25.026358395" /><trkpt lat="62.207929989" lon="25.026346946" /><trkpt lat="62.207920573" lon="25.026335759" /><trkpt lat="62.207911257" lon="25.026324841" /><trkpt lat="62.207902043" lon="25.026314198" /><trkpt lat="62.207892935" lon="25.026303839" /><trkpt lat="62.207883933" lon="25.026293770" /><trkpt lat="62.207875042" lon="25.026284000" /><trkpt lat="62.207866262" lon="25.026274535" /><trkpt lat="62.207857597" lon="25.026265383" /><trkpt lat="62.207844700" lon="25.026251979" /><trkpt lat="62.207832021" lon="25.026238931" /><trkpt lat="62.207819551" lon="25.026226212" /><trkpt lat="62.207807286" lon="25.026213796" /><trkpt lat="62.207795220" lon="25.026201657" /><trkpt lat="62.207783347" lon="25.026189769" /><trkpt lat="62.207771660" lon="25.026178106" /><trkpt lat="62.207760154" lon="25.026166641" /><trkpt lat="62.207748823" lon="25.026155348" /><trkpt lat="62.207737661" lon="25.026144201" /><trkpt lat="62.207726662" lon="25.026133175" /><trkpt lat="62.207715820" lon="25.026122243" /><trkpt lat="62.207705129" lon="25.026111378" /><trkpt lat="62.207694583" lon="25.026100555" /><trkpt lat="62.207684177" lon="25.026089748" /><trkpt lat="62.207673904" lon="25.026078930" /><trkpt lat="62.207663759" lon="25.026068075" /><trkpt lat="62.207653735" lon="25.026057158" /><trkpt lat="62.207643827" lon="25.026046151" /><trkpt lat="62.207634028" lon="25.026035029" /><trkpt lat="62.207624333" lon="25.026023766" /><trkpt lat="62.207614737" lon="25.026012336" /><trkpt lat="62.207605231" lon="25.026000712" /><trkpt lat="62.207595812" lon="25.025988868" /><trkpt lat="62.207586473" lon="25.025976779" /><trkpt lat="62.207577208" lon="25.025964417" /><trkpt lat="62.207568012" lon="25.025951757" /><trkpt lat="62.207558877" lon="25.025938774" /><trkpt lat="62.207549799" lon="25.025925439" /><trkpt lat="62.207540771" lon="25.025911729" /><trkpt lat="62.207531788" lon="25.025897615" /><trkpt lat="62.207522843" lon="25.025883073" /><trkpt lat="62.207513931" lon="25.025868076" /><trkpt lat="62.207505045" lon="25.025852597" /><trkpt lat="62.207496180" lon="25.025836612" /><trkpt lat="62.207487330" lon="25.025820093" /><trkpt lat="62.207478489" lon="25.025803015" /><trkpt lat="62.207469651" lon="25.025785351" /><trkpt lat="62.207460810" lon="25.025767075" /><trkpt lat="62.207451960" lon="25.025748162" /><trkpt lat="62.207443096" lon="25.025728584" /><trkpt lat="62.207434210" lon="25.025708316" /><trkpt lat="62.207425298" lon="25.025687332" /><trkpt lat="62.207416353" lon="25.025665605" /><trkpt lat="62.207407370" lon="25.025643110" /><trkpt lat="62.207401954" lon="25.025629258" /><trkpt lat="62.207396512" lon="25.025615172" /><trkpt lat="62.207391045" lon="25.025600858" /><trkpt lat="62.207385554" lon="25.025586321" /><trkpt lat="62.207380039" lon="25.025571569" /><trkpt lat="62.207374501" lon="25.025556607" /><trkpt lat="62.207368941" lon="25.025541441" /><trkpt lat="62.207363361" lon="25.025526077" /><trkpt lat="62.207357759" lon="25.025510522" /><trkpt lat="62.207352139" lon="25.025494782" /><trkpt lat="62.207346499" lon="25.025478863" /><trkpt lat="62.207340841" lon="25.025462770" /><trkpt lat="62.207335166" lon="25.025446510" /><trkpt lat="62.207329474" lon="25.025430089" /><trkpt lat="62.207323767" lon="25.025413513" /><trkpt lat="62.207318045" lon="25.025396789" /><trkpt lat="62.207312308" lon="25.025379921" /><trkpt lat="62.207306558" lon="25.025362918" /><trkpt lat="62.207300796" lon="25.025345783" /><trkpt lat="62.207295022" lon="25.025328525" /><trkpt lat="62.207289236" lon="25.025311148" /><trkpt lat="62.207283441" lon="25.025293659" /><trkpt lat="62.207277636" lon="25.025276064" /><trkpt lat="62.207271822" lon="25.025258369" /><trkpt lat="62.207266001" lon="25.025240580" /><trkpt lat="62.207260172" lon="25.025222704" /><trkpt lat="62.207254337" lon="25.025204745" /><trkpt lat="62.207248497" lon="25.025186712" /><trkpt lat="62.207242651" lon="25.025168609" /><trkpt lat="62.207236802" lon="25.025150442" /><trkpt lat="62.207230949" lon="25.025132218" /><trkpt lat="62.207225095" lon="25.025113944" /><trkpt lat="62.207219238" lon="25.025095624" /><trkpt lat="62.207213381" lon="25.025077265" /><trkpt lat="62.207207523" lon="25.025058873" /><trkpt lat="62.207201666" lon="25.025040455" /><trkpt lat="62.207195811" lon="25.025022016" /><trkpt lat="62.207189958" lon="25.025003563" /><trkpt lat="62.207184108" lon="25.024985101" /><trkpt lat="62.207178262" lon="25.024966637" /><trkpt lat="62.207172420" lon="25.024948177" /><trkpt lat="62.207166584" lon="25.024929727" /><trkpt lat="62.207160755" lon="25.024911293" /><trkpt lat="62.207154932" lon="25.024892880" /><trkpt lat="62.207149116" lon="25.024874496" /><trkpt lat="62.207143310" lon="25.024856147" /><trkpt lat="62.207137513" lon="25.024837838" /><trkpt lat="62.207131725" lon="25.024819575" /><trkpt lat="62.207125949" lon="25.024801365" /><trkpt lat="62.207120184" lon="25.024783214" /><trkpt lat="62.207114432" lon="25.024765128" /><trkpt lat="62.207108693" lon="25.024747112" /><trkpt lat="62.207102968" lon="25.024729174" /><trkpt lat="62.207097258" lon="25.024711319" /><trkpt lat="62.207091563" lon="25.024693553" /><trkpt lat="62.207085885" lon="25.024675882" /><trkpt lat="62.207080224" lon="25.024658313" /><trkpt lat="62.207074581" lon="25.024640851" /><trkpt lat="62.207068957" lon="25.024623504" /><trkpt lat="62.207063352" lon="25.024606276" /><trkpt lat="62.207057767" lon="25.024589173" /><trkpt lat="62.207052203" lon="25.024572203" /><trkpt lat="62.207046662" lon="25.024555371" /><trkpt lat="62.207041143" lon="25.024538683" /><trkpt lat="62.207035647" lon="25.024522146" /><trkpt lat="62.207030175" lon="25.024505764" /><trkpt lat="62.207024729" lon="25.024489546" /><trkpt lat="62.207019308" lon="25.024473496" /><trkpt lat="62.207013914" lon="25.024457620" /><trkpt lat="62.207008547" lon="25.024441926" /><trkpt lat="62.207003208" lon="25.024426418" /><trkpt lat="62.206997898" lon="25.024411103" /><trkpt lat="62.206992618" lon="25.024395988" /><trkpt lat="62.206987368" lon="25.024381078" /><trkpt lat="62.206982149" lon="25.024366379" /><trkpt lat="62.206975108" lon="25.024346682" /><trkpt lat="62.206968168" lon="25.024327375" /><trkpt lat="62.206961322" lon="25.024308444" /><trkpt lat="62.206954561" lon="25.024289876" /><trkpt lat="62.206947879" lon="25.024271657" /><trkpt lat="62.206941267" lon="25.024253773" /><trkpt lat="62.206934717" lon="25.024236209" /><trkpt lat="62.206928223" lon="25.024218952" /><trkpt lat="62.206921775" lon="25.024201988" /><trkpt lat="62.206915367" lon="25.024185302" /><trkpt lat="62.206908991" lon="25.024168882" /><trkpt lat="62.206902638" lon="25.024152713" /><trkpt lat="62.206896301" lon="25.024136782" /><trkpt lat="62.206889973" lon="25.024121073" /><trkpt lat="62.206883645" lon="25.024105574" /><trkpt lat="62.206877310" lon="25.024090270" /><trkpt lat="62.206870960" lon="25.024075148" /><trkpt lat="62.206864587" lon="25.024060193" /><trkpt lat="62.206858184" lon="25.024045391" /><trkpt lat="62.206851742" lon="25.024030730" /><trkpt lat="62.206845255" lon="25.024016194" /><trkpt lat="62.206838714" lon="25.024001770" /><trkpt lat="62.206832111" lon="25.023987444" /><trkpt lat="62.206825439" lon="25.023973202" /><trkpt lat="62.206818689" lon="25.023959030" /><trkpt lat="62.206811856" lon="25.023944914" /><trkpt lat="62.206804929" lon="25.023930840" /><trkpt lat="62.206797902" lon="25.023916794" /><trkpt lat="62.206790767" lon="25.023902763" /><trkpt lat="62.206783517" lon="25.023888732" /><trkpt lat="62.206776142" lon="25.023874688" /><trkpt lat="62.206768637" lon="25.023860616" /><trkpt lat="62.206760992" lon="25.023846502" /><trkpt lat="62.206753201" lon="25.023832334" /><trkpt lat="62.206745254" lon="25.023818096" /><trkpt lat="62.206737146" lon="25.023803775" /><trkpt lat="62.206728867" lon="25.023789356" /><trkpt lat="62.206720410" lon="25.023774827" /><trkpt lat="62.206711768" lon="25.023760173" /><trkpt lat="62.206702933" lon="25.023745380" /><trkpt lat="62.206693896" lon="25.023730434" /><trkpt lat="62.206684650" lon="25.023715321" /><trkpt lat="62.206675188" lon="25.023700028" /><trkpt lat="62.206665501" lon="25.023684540" /><trkpt lat="62.206655582" lon="25.023668843" /><trkpt lat="62.206645423" lon="25.023652924" /><trkpt lat="62.206635016" lon="25.023636769" /><trkpt lat="62.206624354" lon="25.023620363" /><trkpt lat="62.206613429" lon="25.023603693" /><trkpt lat="62.206602232" lon="25.023586745" /><trkpt lat="62.206590757" lon="25.023569504" /><trkpt lat="62.206578996" lon="25.023551958" /><trkpt lat="62.206566940" lon="25.023534091" /><trkpt lat="62.206554582" lon="25.023515891" /><trkpt lat="62.206541915" lon="25.023497343" /><trkpt lat="62.206533839" lon="25.023485610" /><trkpt lat="62.206525646" lon="25.023473818" /><trkpt lat="62.206517337" lon="25.023461969" /><trkpt lat="62.206508914" lon="25.023450061" /><trkpt lat="62.206500379" lon="25.023438095" /><trkpt lat="62.206491735" lon="25.023426071" /><trkpt lat="62.206482984" lon="25.023413988" /><trkpt lat="62.206474128" lon="25.023401848" /><trkpt lat="62.206465169" lon="25.023389649" /><trkpt lat="62.206456110" lon="25.023377392" /><trkpt lat="62.206446951" lon="25.023365077" /><trkpt lat="62.206437696" lon="25.023352703" /><trkpt lat="62.206428347" lon="25.023340272" /><trkpt lat="62.206418906" lon="25.023327782" /><trkpt lat="62.206409375" lon="25.023315234" /><trkpt lat="62.206399756" lon="25.023302628" /><trkpt lat="62.206390052" lon="25.023289964" /><trkpt lat="62.206380264" lon="25.023277241" /><trkpt lat="62.206370395" lon="25.023264461" /><trkpt lat="62.206360446" lon="25.023251622" /><trkpt lat="62.206350421" lon="25.023238725" /><trkpt lat="62.206340321" lon="25.023225769" /><trkpt lat="62.206330148" lon="25.023212756" /><trkpt lat="62.206319904" lon="25.023199684" /><trkpt lat="62.206309592" lon="25.023186555" /><trkpt lat="62.206299214" lon="25.023173367" /><trkpt lat="62.206288772" lon="25.023160120" /><trkpt lat="62.206278268" lon="25.023146816" /><trkpt lat="62.206267705" lon="25.023133453" /><trkpt lat="62.206257083" lon="25.023120033" /><trkpt lat="62.206246407" lon="25.023106554" /><trkpt lat="62.206235677" lon="25.023093017" /><trkpt lat="62.206224896" lon="25.023079421" /><trkpt lat="62.206214066" lon="25.023065768" /><trkpt lat="62.206203189" lon="25.023052056" /><trkpt lat="62.206192268" lon="25.023038286" /><trkpt lat="62.206181304" lon="25.023024458" /><trkpt lat="62.206170300" lon="25.023010572" /><trkpt lat="62.206159257" lon="25.022996628" /><trkpt lat="62.206148179" lon="25.022982625" /><trkpt lat="62.206137067" lon="25.022968564" /><trkpt lat="62.206125923" lon="25.022954445" /><trkpt lat="62.206114750" lon="25.022940268" /><trkpt lat="62.206103549" lon="25.022926033" /><trkpt lat="62.206092323" lon="25.022911739" /><trkpt lat="62.206081074" lon="25.022897387" /><trkpt lat="62.206069804" lon="25.022882977" /><trkpt lat="62.206058516" lon="25.022868509" /><trkpt lat="62.206047211" lon="25.022853983" /><trkpt lat="62.206035891" lon="25.022839398" /><trkpt lat="62.206024560" lon="25.022824756" /><trkpt lat="62.206013218" lon="25.022810055" /><trkpt lat="62.206001868" lon="25.022795296" /><trkpt lat="62.205990513" lon="25.022780478" /><trkpt lat="62.205979153" lon="25.022765603" /><trkpt lat="62.205967793" lon="25.022750669" /><trkpt lat="62.205956433" lon="25.022735677" /><trkpt lat="62.205945076" lon="25.022720627" /><trkpt lat="62.205933724" lon="25.022705519" /><trkpt lat="62.205922379" lon="25.022690353" /><trkpt lat="62.205911044" lon="25.022675128" /><trkpt lat="62.205899720" lon="25.022659845" /><trkpt lat="62.205888409" lon="25.022644505" /><trkpt lat="62.205877115" lon="25.022629105" /><trkpt lat="62.205865838" lon="25.022613648" /><trkpt lat="62.205854582" lon="25.022598132" /><trkpt lat="62.205843348" lon="25.022582559" /><trkpt lat="62.205832138" lon="25.022566927" /><trkpt lat="62.205820955" lon="25.022551237" /><trkpt lat="62.205809800" lon="25.022535489" /><trkpt lat="62.205798677" lon="25.022519682" /><trkpt lat="62.205787587" lon="25.022503817" /><trkpt lat="62.205776531" lon="25.022487895" /><trkpt lat="62.205765514" lon="25.022471913" /><trkpt lat="62.205754536" lon="25.022455874" /><trkpt lat="62.205743599" lon="25.022439777" /><trkpt lat="62.205732706" lon="25.022423621" /><trkpt lat="62.205721860" lon="25.022407407" /><trkpt lat="62.205711062" lon="25.022391136" /><trkpt lat="62.205700313" lon="25.022374805" /><trkpt lat="62.205689618" lon="25.022358417" /><trkpt lat="62.205678977" lon="25.022341970" /><trkpt lat="62.205668393" lon="25.022325466" /><trkpt lat="62.205657868" lon="25.022308903" /><trkpt lat="62.205647404" lon="25.022292282" /><trkpt lat="62.205637003" lon="25.022275602" /><trkpt lat="62.205626668" lon="25.022258865" /><trkpt lat="62.205616401" lon="25.022242069" /><trkpt lat="62.205605687" lon="25.022224448" /><trkpt lat="62.205594987" lon="25.022206838" /><trkpt lat="62.205584301" lon="25.022189239" /><trkpt lat="62.205573631" lon="25.022171655" /><trkpt lat="62.205562977" lon="25.022154085" /><trkpt lat="62.205552341" lon="25.022136533" /><trkpt lat="62.205541723" lon="25.022118998" /><trkpt lat="62.205531124" lon="25.022101483" /><trkpt lat="62.205520545" lon="25.022083990" /><trkpt lat="62.205509987" lon="25.022066519" /><trkpt lat="62.205499451" lon="25.022049073" /><trkpt lat="62.205488937" lon="25.022031653" /><trkpt lat="62.205478448" lon="25.022014260" /><trkpt lat="62.205467983" lon="25.021996895" /><trkpt lat="62.205457543" lon="25.021979562" /><trkpt lat="62.205447130" lon="25.021962260" /><trkpt lat="62.205436744" lon="25.021944992" /><trkpt lat="62.205426387" lon="25.021927758" /><trkpt lat="62.205416058" lon="25.021910561" /><trkpt lat="62.205405760" lon="25.021893402" /><trkpt lat="62.205395493" lon="25.021876283" /><trkpt lat="62.205385258" lon="25.021859205" /><trkpt lat="62.205375055" lon="25.021842169" /><trkpt lat="62.205364886" lon="25.021825177" /><trkpt lat="62.205354752" lon="25.021808231" /><trkpt lat="62.205344653" lon="25.021791332" /><trkpt lat="62.205334591" lon="25.021774482" /><trkpt lat="62.205324566" lon="25.021757682" /><trkpt lat="62.205314580" lon="25.021740934" /><trkpt lat="62.205304633" lon="25.021724239" /><trkpt lat="62.205294725" lon="25.021707598" /><trkpt lat="62.205284859" lon="25.021691014" /><trkpt lat="62.205275035" lon="25.021674488" /><trkpt lat="62.205265253" lon="25.021658021" /><trkpt lat="62.205255516" lon="25.021641615" /><trkpt lat="62.205245823" lon="25.021625271" /><trkpt lat="62.205236175" lon="25.021608991" /><trkpt lat="62.205226574" lon="25.021592776" /><trkpt lat="62.205217021" lon="25.021576628" /><trkpt lat="62.205207516" lon="25.021560549" /><trkpt lat="62.205198060" lon="25.021544540" /><trkpt lat="62.205188654" lon="25.021528602" /><trkpt lat="62.205179299" lon="25.021512737" /><trkpt lat="62.205169996" lon="25.021496946" /><trkpt lat="62.205160746" lon="25.021481232" /><trkpt lat="62.205151550" lon="25.021465595" /><trkpt lat="62.205142408" lon="25.021450037" /><trkpt lat="62.205133322" lon="25.021434560" /><trkpt lat="62.205124293" lon="25.021419165" /><trkpt lat="62.205115321" lon="25.021403854" /><trkpt lat="62.205106407" lon="25.021388627" /><trkpt lat="62.205097553" lon="25.021373488" /><trkpt lat="62.205088759" lon="25.021358436" /><trkpt lat="62.205080026" lon="25.021343474" /><trkpt lat="62.205071354" lon="25.021328604" /><trkpt lat="62.205062746" lon="25.021313826" /><trkpt lat="62.205054202" lon="25.021299143" /><trkpt lat="62.205045722" lon="25.021284555" /><trkpt lat="62.205037308" lon="25.021270065" /><trkpt lat="62.205028960" lon="25.021255673" /><trkpt lat="62.205020680" lon="25.021241382" /><trkpt lat="62.205012469" lon="25.021227193" /><trkpt lat="62.205004326" lon="25.021213107" /><trkpt lat="62.204996254" lon="25.021199126" /><trkpt lat="62.204988253" lon="25.021185251" /><trkpt lat="62.204980324" lon="25.021171485" /><trkpt lat="62.204972468" lon="25.021157828" /><trkpt lat="62.204964685" lon="25.021144281" /><trkpt lat="62.204956978" lon="25.021130848" /><trkpt lat="62.204949346" lon="25.021117528" /><trkpt lat="62.204941790" lon="25.021104324" /><trkpt lat="62.204934312" lon="25.021091237" /><trkpt lat="62.204926913" lon="25.021078269" /><trkpt lat="62.204919593" lon="25.021065421" /><trkpt lat="62.204912353" lon="25.021052694" /><trkpt lat="62.204905194" lon="25.021040091" /><trkpt lat="62.204898117" lon="25.021027612" /><trkpt lat="62.204891124" lon="25.021015260" /><trkpt lat="62.204884214" lon="25.021003035" /><trkpt lat="62.204877389" lon="25.020990939" /><trkpt lat="62.204870649" lon="25.020978975" /><trkpt lat="62.204863996" lon="25.020967142" /><trkpt lat="62.204857431" lon="25.020955443" /><trkpt lat="62.204850954" lon="25.020943880" /><trkpt lat="62.204837889" lon="25.020920975" /><trkpt lat="62.204825040" lon="25.020899342" /><trkpt lat="62.204812390" lon="25.020878951" /><trkpt lat="62.204799925" lon="25.020859773" /><trkpt lat="62.204787627" lon="25.020841777" /><trkpt lat="62.204775481" lon="25.020824934" /><trkpt lat="62.204763470" lon="25.020809213" /><trkpt lat="62.204751579" lon="25.020794585" /><trkpt lat="62.204739791" lon="25.020781020" /><trkpt lat="62.204728089" lon="25.020768488" /><trkpt lat="62.204716459" lon="25.020756959" /><trkpt lat="62.204704884" lon="25.020746404" /><trkpt lat="62.204693347" lon="25.020736792" /><trkpt lat="62.204681834" lon="25.020728093" /><trkpt lat="62.204670326" lon="25.020720278" /><trkpt lat="62.204658809" lon="25.020713316" /><trkpt lat="62.204647267" lon="25.020707178" /><trkpt lat="62.204635682" lon="25.020701835" /><trkpt lat="62.204624040" lon="25.020697255" /><trkpt lat="62.204612323" lon="25.020693409" /><trkpt lat="62.204600517" lon="25.020690268" /><trkpt lat="62.204588604" lon="25.020687801" /><trkpt lat="62.204576569" lon="25.020685978" /><trkpt lat="62.204564395" lon="25.020684770" /><trkpt lat="62.204552066" lon="25.020684147" /><trkpt lat="62.204539567" lon="25.020684079" /><trkpt lat="62.204526881" lon="25.020684535" /><trkpt lat="62.204513992" lon="25.020685486" /><trkpt lat="62.204500884" lon="25.020686903" /><trkpt lat="62.204487541" lon="25.020688755" /><trkpt lat="62.204473946" lon="25.020691012" /><trkpt lat="62.204460084" lon="25.020693645" /><trkpt lat="62.204445939" lon="25.020696623" /><trkpt lat="62.204431494" lon="25.020699917" /><trkpt lat="62.204416733" lon="25.020703497" /><trkpt lat="62.204401640" lon="25.020707332" /><trkpt lat="62.204386199" lon="25.020711394" /><trkpt lat="62.204370394" lon="25.020715652" /><trkpt lat="62.204354209" lon="25.020720076" /><trkpt lat="62.204337627" lon="25.020724636" /><trkpt lat="62.204320633" lon="25.020729303" /><trkpt lat="62.204303796" lon="25.020733920" /><trkpt lat="62.204286879" lon="25.020738574" /><trkpt lat="62.204269888" lon="25.020743266" /><trkpt lat="62.204252829" lon="25.020747997" /><trkpt lat="62.204235708" lon="25.020752768" /><trkpt lat="62.204218530" lon="25.020757580" /><trkpt lat="62.204201301" lon="25.020762434" /><trkpt lat="62.204184026" lon="25.020767330" /><trkpt lat="62.204166712" lon="25.020772270" /><trkpt lat="62.204149364" lon="25.020777254" /><trkpt lat="62.204131987" lon="25.020782283" /><trkpt lat="62.204114588" lon="25.020787358" /><trkpt lat="62.204097172" lon="25.020792480" /><trkpt lat="62.204079744" lon="25.020797650" /><trkpt lat="62.204062310" lon="25.020802869" /><trkpt lat="62.204044877" lon="25.020808137" /><trkpt lat="62.204027449" lon="25.020813455" /><trkpt lat="62.204010033" lon="25.020818825" /><trkpt lat="62.203992633" lon="25.020824247" /><trkpt lat="62.203975257" lon="25.020829722" /><trkpt lat="62.203957908" lon="25.020835251" /><trkpt lat="62.203940594" lon="25.020840834" /><trkpt lat="62.203923319" lon="25.020846473" /><trkpt lat="62.203906090" lon="25.020852169" /><trkpt lat="62.203888912" lon="25.020857922" /><trkpt lat="62.203871790" lon="25.020863733" /><trkpt lat="62.203854731" lon="25.020869603" /><trkpt lat="62.203837740" lon="25.020875533" /><trkpt lat="62.203820823" lon="25.020881524" /><trkpt lat="62.203803985" lon="25.020887577" /><trkpt lat="62.203787232" lon="25.020893692" /><trkpt lat="62.203770570" lon="25.020899871" /><trkpt lat="62.203754004" lon="25.020906114" /><trkpt lat="62.203737541" lon="25.020912422" /><trkpt lat="62.203721185" lon="25.020918796" /><trkpt lat="62.203704943" lon="25.020925238" /><trkpt lat="62.203688820" lon="25.020931746" /><trkpt lat="62.203672821" lon="25.020938324" /><trkpt lat="62.203656953" lon="25.020944971" /><trkpt lat="62.203641221" lon="25.020951688" /><trkpt lat="62.203625631" lon="25.020958477" /><trkpt lat="62.203610189" lon="25.020965338" /><trkpt lat="62.203593173" lon="25.020973025" /><trkpt lat="62.203576967" lon="25.020980423" /><trkpt lat="62.203561504" lon="25.020987527" /><trkpt lat="62.203546717" lon="25.020994330" /><trkpt lat="62.203532540" lon="25.021000824" /><trkpt lat="62.203518905" lon="25.021007006" /><trkpt lat="62.203505745" lon="25.021012866" /><trkpt lat="62.203492994" lon="25.021018401" /><trkpt lat="62.203480583" lon="25.021023602" /><trkpt lat="62.203468448" lon="25.021028464" /><trkpt lat="62.203456519" lon="25.021032980" /><trkpt lat="62.203444731" lon="25.021037144" /><trkpt lat="62.203433017" lon="25.021040950" /><trkpt lat="62.203421309" lon="25.021044391" /><trkpt lat="62.203409540" lon="25.021047461" /><trkpt lat="62.203397645" lon="25.021050153" /><trkpt lat="62.203385554" lon="25.021052462" /><trkpt lat="62.203373203" lon="25.021054381" /><trkpt lat="62.203360523" lon="25.021055903" /><trkpt lat="62.203347448" lon="25.021057022" /><trkpt lat="62.203333910" lon="25.021057732" /><trkpt lat="62.203319843" lon="25.021058026" /><trkpt lat="62.203305180" lon="25.021057899" /><trkpt lat="62.203289854" lon="25.021057343" /><trkpt lat="62.203273798" lon="25.021056353" /><trkpt lat="62.203256944" lon="25.021054921" /><trkpt lat="62.203239227" lon="25.021053043" /><trkpt lat="62.203220578" lon="25.021050710" /><trkpt lat="62.203200932" lon="25.021047918" /><trkpt lat="62.203180220" lon="25.021044659" /><trkpt lat="62.203158377" lon="25.021040927" /><trkpt lat="62.203135334" lon="25.021036716" /><trkpt lat="62.203111026" lon="25.021032020" /><trkpt lat="62.203085384" lon="25.021026832" /><trkpt lat="62.203058343" lon="25.021021146" /><trkpt lat="62.203029835" lon="25.021014955" /><trkpt lat="62.202999794" lon="25.021008253" /><trkpt lat="62.202984089" lon="25.021004714" /><trkpt lat="62.202968232" lon="25.021001148" /><trkpt lat="62.202952228" lon="25.020997557" /><trkpt lat="62.202936082" lon="25.020993937" /><trkpt lat="62.202919800" lon="25.020990287" /><trkpt lat="62.202903386" lon="25.020986607" /><trkpt lat="62.202886847" lon="25.020982894" /><trkpt lat="62.202870187" lon="25.020979149" /><trkpt lat="62.202853412" lon="25.020975368" /><trkpt lat="62.202836528" lon="25.020971552" /><trkpt lat="62.202819538" lon="25.020967698" /><trkpt lat="62.202802450" lon="25.020963805" /><trkpt lat="62.202785268" lon="25.020959872" /><trkpt lat="62.202767997" lon="25.020955898" /><trkpt lat="62.202750643" lon="25.020951881" /><trkpt lat="62.202733211" lon="25.020947820" /><trkpt lat="62.202715706" lon="25.020943714" /><trkpt lat="62.202698135" lon="25.020939561" /><trkpt lat="62.202680501" lon="25.020935360" /><trkpt lat="62.202662811" lon="25.020931110" /><trkpt lat="62.202645070" lon="25.020926810" /><trkpt lat="62.202627282" lon="25.020922457" /><trkpt lat="62.202609454" lon="25.020918051" /><trkpt lat="62.202591591" lon="25.020913590" /><trkpt lat="62.202573698" lon="25.020909074" /><trkpt lat="62.202555780" lon="25.020904500" /><trkpt lat="62.202537843" lon="25.020899867" /><trkpt lat="62.202519892" lon="25.020895175" /><trkpt lat="62.202501932" lon="25.020890422" /><trkpt lat="62.202483969" lon="25.020885606" /><trkpt lat="62.202466008" lon="25.020880726" /><trkpt lat="62.202448054" lon="25.020875780" /><trkpt lat="62.202430113" lon="25.020870769" /><trkpt lat="62.202412190" lon="25.020865689" /><trkpt lat="62.202394290" lon="25.020860541" /><trkpt lat="62.202376419" lon="25.020855321" /><trkpt lat="62.202358582" lon="25.020850030" /><trkpt lat="62.202340784" lon="25.020844666" /><trkpt lat="62.202323031" lon="25.020839228" /><trkpt lat="62.202305327" lon="25.020833713" /><trkpt lat="62.202287679" lon="25.020828122" /><trkpt lat="62.202270091" lon="25.020822452" /><trkpt lat="62.202252569" lon="25.020816702" /><trkpt lat="62.202235119" lon="25.020810871" /><trkpt lat="62.202217745" lon="25.020804958" /><trkpt lat="62.202200453" lon="25.020798961" /><trkpt lat="62.202183248" lon="25.020792879" /><trkpt lat="62.202166135" lon="25.020786711" /><trkpt lat="62.202149121" lon="25.020780455" /><trkpt lat="62.202132210" lon="25.020774110" /><trkpt lat="62.202115407" lon="25.020767675" /><trkpt lat="62.202098718" lon="25.020761147" /><trkpt lat="62.202082148" lon="25.020754527" /><trkpt lat="62.202065702" lon="25.020747813" /><trkpt lat="62.202049387" lon="25.020741003" /><trkpt lat="62.202033206" lon="25.020734096" /><trkpt lat="62.202017166" lon="25.020727091" /><trkpt lat="62.202001272" lon="25.020719986" /><trkpt lat="62.201985528" lon="25.020712780" /><trkpt lat="62.201969942" lon="25.020705472" /><trkpt lat="62.201954516" lon="25.020698060" /><trkpt lat="62.201939258" lon="25.020690543" /><trkpt lat="62.201924173" lon="25.020682920" /><trkpt lat="62.201909265" lon="25.020675190" /><trkpt lat="62.201894540" lon="25.020667351" /><trkpt lat="62.201880004" lon="25.020659401" /><trkpt lat="62.201865661" lon="25.020651340" /><trkpt lat="62.201851517" lon="25.020643166" /><trkpt lat="62.201837578" lon="25.020634878" /><trkpt lat="62.201823848" lon="25.020626474" /><trkpt lat="62.201810333" lon="25.020617954" /><trkpt lat="62.201797039" lon="25.020609315" /><trkpt lat="62.201783970" lon="25.020600557" /><trkpt lat="62.201768070" lon="25.020589664" /><trkpt lat="62.201752422" lon="25.020578805" /><trkpt lat="62.201737017" lon="25.020567973" /><trkpt lat="62.201721850" lon="25.020557167" /><trkpt lat="62.201706912" lon="25.020546381" /><trkpt lat="62.201692196" lon="25.020535612" /><trkpt lat="62.201677695" lon="25.020524856" /><trkpt lat="62.201663401" lon="25.020514108" /><trkpt lat="62.201649308" lon="25.020503364" /><trkpt lat="62.201635407" lon="25.020492621" /><trkpt lat="62.201621693" lon="25.020481874" /><trkpt lat="62.201608156" lon="25.020471119" /><trkpt lat="62.201594791" lon="25.020460352" /><trkpt lat="62.201581589" lon="25.020449569" /><trkpt lat="62.201568544" lon="25.020438766" /><trkpt lat="62.201555648" lon="25.020427939" /><trkpt lat="62.201542893" lon="25.020417084" /><trkpt lat="62.201530273" lon="25.020406196" /><trkpt lat="62.201517780" lon="25.020395272" /><trkpt lat="62.201505408" lon="25.020384308" /><trkpt lat="62.201493147" lon="25.020373299" /><trkpt lat="62.201480992" lon="25.020362242" /><trkpt lat="62.201468935" lon="25.020351132" /><trkpt lat="62.201456968" lon="25.020339965" /><trkpt lat="62.201445085" lon="25.020328737" /><trkpt lat="62.201433278" lon="25.020317445" /><trkpt lat="62.201421539" lon="25.020306083" /><trkpt lat="62.201409862" lon="25.020294649" /><trkpt lat="62.201398239" lon="25.020283137" /><trkpt lat="62.201386662" lon="25.020271544" /><trkpt lat="62.201375125" lon="25.020259866" /><trkpt lat="62.201363621" lon="25.020248099" /><trkpt lat="62.201352141" lon="25.020236238" /><trkpt lat="62.201340678" lon="25.020224280" /><trkpt lat="62.201329226" lon="25.020212220" /><trkpt lat="62.201317777" lon="25.020200055" /><trkpt lat="62.201306323" lon="25.020187780" /><trkpt lat="62.201294858" lon="25.020175391" /><trkpt lat="62.201283374" lon="25.020162884" /><trkpt lat="62.201271863" lon="25.020150255" /><trkpt lat="62.201260319" lon="25.020137501" /><trkpt lat="62.201248734" lon="25.020124616" /><trkpt lat="62.201237100" lon="25.020111597" /><trkpt lat="62.201225411" lon="25.020098440" /><trkpt lat="62.201213659" lon="25.020085140" /><trkpt lat="62.201201837" lon="25.020071695" /><trkpt lat="62.201189938" lon="25.020058098" /><trkpt lat="62.201177954" lon="25.020044348" /><trkpt lat="62.201165877" lon="25.020030438" /><trkpt lat="62.201153702" lon="25.020016366" /><trkpt lat="62.201141419" lon="25.020002127" /><trkpt lat="62.201129023" lon="25.019987718" /><trkpt lat="62.201116505" lon="25.019973133" /><trkpt lat="62.201103858" lon="25.019958370" /><trkpt lat="62.201091076" lon="25.019943423" /><trkpt lat="62.201078150" lon="25.019928290" /><trkpt lat="62.201065074" lon="25.019912965" /><trkpt lat="62.201051840" lon="25.019897445" /><trkpt lat="62.201038441" lon="25.019881725" /><trkpt lat="62.201028719" lon="25.019870299" /><trkpt lat="62.201018958" lon="25.019858787" /><trkpt lat="62.201009159" lon="25.019847190" /><trkpt lat="62.200999324" lon="25.019835506" /><trkpt lat="62.200989453" lon="25.019823738" /><trkpt lat="62.200979548" lon="25.019811885" /><trkpt lat="62.200969610" lon="25.019799946" /><trkpt lat="62.200959640" lon="25.019787924" /><trkpt lat="62.200949640" lon="25.019775817" /><trkpt lat="62.200939610" lon="25.019763626" /><trkpt lat="62.200929552" lon="25.019751351" /><trkpt lat="62.200919467" lon="25.019738992" /><trkpt lat="62.200909356" lon="25.019726551" /><trkpt lat="62.200899221" lon="25.019714026" /><trkpt lat="62.200889062" lon="25.019701418" /><trkpt lat="62.200878881" lon="25.019688727" /><trkpt lat="62.200868679" lon="25.019675954" /><trkpt lat="62.200858457" lon="25.019663099" /><trkpt lat="62.200848216" lon="25.019650162" /><trkpt lat="62.200837958" lon="25.019637143" /><trkpt lat="62.200827684" lon="25.019624043" /><trkpt lat="62.200817395" lon="25.019610862" /><trkpt lat="62.200807092" lon="25.019597599" /><trkpt lat="62.200796776" lon="25.019584256" /><trkpt lat="62.200786449" lon="25.019570832" /><trkpt lat="62.200776111" lon="25.019557328" /><trkpt lat="62.200765765" lon="25.019543743" /><trkpt lat="62.200755411" lon="25.019530079" /><trkpt lat="62.200745050" lon="25.019516335" /><trkpt lat="62.200734683" lon="25.019502512" /><trkpt lat="62.200724313" lon="25.019488610" /><trkpt lat="62.200713939" lon="25.019474628" /><trkpt lat="62.200703564" lon="25.019460568" /><trkpt lat="62.200693187" lon="25.019446430" /><trkpt lat="62.200682812" lon="25.019432213" /><trkpt lat="62.200672438" lon="25.019417918" /><trkpt lat="62.200662067" lon="25.019403546" /><trkpt lat="62.200651700" lon="25.019389096" /><trkpt lat="62.200641338" lon="25.019374569" /><trkpt lat="62.200630983" lon="25.019359965" /><trkpt lat="62.200620636" lon="25.019345284" /><trkpt lat="62.200610298" lon="25.019330526" /><trkpt lat="62.200599970" lon="25.019315692" /><trkpt lat="62.200589653" lon="25.019300782" /><trkpt lat="62.200579348" lon="25.019285796" /><trkpt lat="62.200569058" lon="25.019270734" /><trkpt lat="62.200558782" lon="25.019255597" /><trkpt lat="62.200548522" lon="25.019240384" /><trkpt lat="62.200538280" lon="25.019225097" /><trkpt lat="62.200528056" lon="25.019209735" /><trkpt lat="62.200517852" lon="25.019194299" /><trkpt lat="62.200507669" lon="25.019178788" /><trkpt lat="62.200497508" lon="25.019163203" /><trkpt lat="62.200487370" lon="25.019147545" /><trkpt lat="62.200477257" lon="25.019131812" /><trkpt lat="62.200467169" lon="25.019116007" /><trkpt lat="62.200457109" lon="25.019100128" /><trkpt lat="62.200447076" lon="25.019084177" /><trkpt lat="62.200437073" lon="25.019068153" /><trkpt lat="62.200427100" lon="25.019052057" /><trkpt lat="62.200417159" lon="25.019035888" /><trkpt lat="62.200407251" lon="25.019019648" /><trkpt lat="62.200397376" lon="25.019003336" /><trkpt lat="62.200387538" lon="25.018986952" /><trkpt lat="62.200377735" lon="25.018970497" /><trkpt lat="62.200367970" lon="25.018953972" /><trkpt lat="62.200358245" lon="25.018937375" /><trkpt lat="62.200348559" lon="25.018920708" /><trkpt lat="62.200338914" lon="25.018903971" /><trkpt lat="62.200329312" lon="25.018887163" /><trkpt lat="62.200319754" lon="25.018870286" /><trkpt lat="62.200310241" lon="25.018853339" /><trkpt lat="62.200300773" lon="25.018836323" /><trkpt lat="62.200291353" lon="25.018819238" /><trkpt lat="62.200281981" lon="25.018802084" /><trkpt lat="62.200272659" lon="25.018784861" /><trkpt lat="62.200263388" lon="25.018767570" /><trkpt lat="62.200254169" lon="25.018750210" /><trkpt lat="62.200245003" lon="25.018732783" /><trkpt lat="62.200235892" lon="25.018715288" /><trkpt lat="62.200226836" lon="25.018697725" /><trkpt lat="62.200217837" lon="25.018680096" /><trkpt lat="62.200211328" lon="25.018667163" /><trkpt lat="62.200204819" lon="25.018654002" /><trkpt lat="62.200198312" lon="25.018640618" /><trkpt lat="62.200191806" lon="25.018627014" /><trkpt lat="62.200185303" lon="25.018613195" /><trkpt lat="62.200178802" lon="25.018599165" /><trkpt lat="62.200172305" lon="25.018584928" /><trkpt lat="62.200165812" lon="25.018570488" /><trkpt lat="62.200159324" lon="25.018555849" /><trkpt lat="62.200152841" lon="25.018541016" /><trkpt lat="62.200146364" lon="25.018525992" /><trkpt lat="62.200139893" lon="25.018510782" /><trkpt lat="62.200133430" lon="25.018495390" /><trkpt lat="62.200126973" lon="25.018479820" /><trkpt lat="62.200120525" lon="25.018464076" /><trkpt lat="62.200114086" lon="25.018448162" /><trkpt lat="62.200107656" lon="25.018432083" /><trkpt lat="62.200101236" lon="25.018415843" /><trkpt lat="62.200094826" lon="25.018399445" /><trkpt lat="62.200088428" lon="25.018382895" /><trkpt lat="62.200082041" lon="25.018366195" /><trkpt lat="62.200075666" lon="25.018349351" /><trkpt lat="62.200069304" lon="25.018332366" /><trkpt lat="62.200062956" lon="25.018315244" /><trkpt lat="62.200056622" lon="25.018297990" /><trkpt lat="62.200050302" lon="25.018280608" /><trkpt lat="62.200043997" lon="25.018263102" /><trkpt lat="62.200037708" lon="25.018245476" /><trkpt lat="62.200031435" lon="25.018227735" /><trkpt lat="62.200025179" lon="25.018209881" /><trkpt lat="62.200018941" lon="25.018191921" /><trkpt lat="62.200012721" lon="25.018173857" /><trkpt lat="62.200006519" lon="25.018155694" /><trkpt lat="62.200000337" lon="25.018137436" /><trkpt lat="62.199994174" lon="25.018119087" /><trkpt lat="62.199988032" lon="25.018100651" /><trkpt lat="62.199981911" lon="25.018082133" /><trkpt lat="62.199975811" lon="25.018063537" /><trkpt lat="62.199969733" lon="25.018044866" /><trkpt lat="62.199963679" lon="25.018026125" /><trkpt lat="62.199957647" lon="25.018007319" /><trkpt lat="62.199951639" lon="25.017988450" /><trkpt lat="62.199945656" lon="25.017969524" /><trkpt lat="62.199939698" lon="25.017950544" /><trkpt lat="62.199933766" lon="25.017931515" /><trkpt lat="62.199927859" lon="25.017912441" /><trkpt lat="62.199921980" lon="25.017893326" /><trkpt lat="62.199916128" lon="25.017874174" /><trkpt lat="62.199910304" lon="25.017854989" /><trkpt lat="62.199904508" lon="25.017835775" /><trkpt lat="62.199898742" lon="25.017816537" /><trkpt lat="62.199893005" lon="25.017797279" /><trkpt lat="62.199887298" lon="25.017778005" /><trkpt lat="62.199881623" lon="25.017758718" /><trkpt lat="62.199875979" lon="25.017739424" /><trkpt lat="62.199870367" lon="25.017720126" /><trkpt lat="62.199864787" lon="25.017700829" /><trkpt lat="62.199859241" lon="25.017681536" /><trkpt lat="62.199853728" lon="25.017662252" /><trkpt lat="62.199848250" lon="25.017642980" /><trkpt lat="62.199842807" lon="25.017623726" /><trkpt lat="62.199837400" lon="25.017604493" /><trkpt lat="62.199832028" lon="25.017585285" /><trkpt lat="62.199826693" lon="25.017566107" /><trkpt lat="62.199821396" lon="25.017546963" /><trkpt lat="62.199816136" lon="25.017527856" /><trkpt lat="62.199810915" lon="25.017508791" /><trkpt lat="62.199805733" lon="25.017489772" /><trkpt lat="62.199800591" lon="25.017470804" /><trkpt lat="62.199795488" lon="25.017451890" /><trkpt lat="62.199790427" lon="25.017433034" /><trkpt lat="62.199785407" lon="25.017414241" /><trkpt lat="62.199780428" lon="25.017395515" /><trkpt lat="62.199775493" lon="25.017376860" /><trkpt lat="62.199770600" lon="25.017358280" /><trkpt lat="62.199765751" lon="25.017339779" /><trkpt lat="62.199760947" lon="25.017321362" /><trkpt lat="62.199756187" lon="25.017303032" /><trkpt lat="62.199751473" lon="25.017284795" /><trkpt lat="62.199746804" lon="25.017266652" /><trkpt lat="62.199742183" lon="25.017248610" /><trkpt lat="62.199737608" lon="25.017230672" /><trkpt lat="62.199733081" lon="25.017212843" /><trkpt lat="62.199728603" lon="25.017195126" /><trkpt lat="62.199724174" lon="25.017177525" /><trkpt lat="62.199719794" lon="25.017160046" /><trkpt lat="62.199715464" lon="25.017142691" /><trkpt lat="62.199711185" lon="25.017125465" /><trkpt lat="62.199706957" lon="25.017108373" /><trkpt lat="62.199702781" lon="25.017091417" /><trkpt lat="62.199698658" lon="25.017074604" /><trkpt lat="62.199694587" lon="25.017057936" /><trkpt lat="62.199690570" lon="25.017041418" /><trkpt lat="62.199686607" lon="25.017025054" /><trkpt lat="62.199682699" lon="25.017008848" /><trkpt lat="62.199678847" lon="25.016992804" /><trkpt lat="62.199675050" lon="25.016976926" /><trkpt lat="62.199671310" lon="25.016961219" /><trkpt lat="62.199667627" lon="25.016945687" /><trkpt lat="62.199664001" lon="25.016930334" /><trkpt lat="62.199660434" lon="25.016915164" /><trkpt lat="62.199656926" lon="25.016900181" /><trkpt lat="62.199653477" lon="25.016885389" /><trkpt lat="62.199650088" lon="25.016870792" /><trkpt lat="62.199646760" lon="25.016856396" /><trkpt lat="62.199643493" lon="25.016842203" /><trkpt lat="62.199640288" lon="25.016828218" /><trkpt lat="62.199637145" lon="25.016814445" /><trkpt lat="62.199634064" lon="25.016800888" /><trkpt lat="62.199631048" lon="25.016787551" /><trkpt lat="62.199628095" lon="25.016774439" /><trkpt lat="62.199625208" lon="25.016761556" /><trkpt lat="62.199622385" lon="25.016748905" /><trkpt lat="62.199618171" lon="25.016729768" /><trkpt lat="62.199614046" lon="25.016710633" /><trkpt lat="62.199610006" lon="25.016691503" /><trkpt lat="62.199606048" lon="25.016672381" /><trkpt lat="62.199602167" lon="25.016653269" /><trkpt lat="62.199598358" lon="25.016634169" /><trkpt lat="62.199594620" lon="25.016615085" /><trkpt lat="62.199590946" lon="25.016596019" /><trkpt lat="62.199587333" lon="25.016576973" /><trkpt lat="62.199583778" lon="25.016557950" /><trkpt lat="62.199580276" lon="25.016538952" /><trkpt lat="62.199576823" lon="25.016519982" /><trkpt lat="62.199573415" lon="25.016501043" /><trkpt lat="62.199570049" lon="25.016482137" /><trkpt lat="62.199566720" lon="25.016463266" /><trkpt lat="62.199563424" lon="25.016444434" /><trkpt lat="62.199560157" lon="25.016425642" /><trkpt lat="62.199556915" lon="25.016406893" /><trkpt lat="62.199553694" lon="25.016388190" /><trkpt lat="62.199550491" lon="25.016369536" /><trkpt lat="62.199547301" lon="25.016350932" /><trkpt lat="62.199544120" lon="25.016332382" /><trkpt lat="62.199540944" lon="25.016313887" /><trkpt lat="62.199537769" lon="25.016295451" /><trkpt lat="62.199534592" lon="25.016277076" /><trkpt lat="62.199531408" lon="25.016258765" /><trkpt lat="62.199528213" lon="25.016240519" /><trkpt lat="62.199525003" lon="25.016222343" /><trkpt lat="62.199521774" lon="25.016204237" /><trkpt lat="62.199518522" lon="25.016186205" /><trkpt lat="62.199515244" lon="25.016168250" /><trkpt lat="62.199511935" lon="25.016150373" /><trkpt lat="62.199508591" lon="25.016132577" /><trkpt lat="62.199505208" lon="25.016114866" /><trkpt lat="62.199501782" lon="25.016097241" /><trkpt lat="62.199498310" lon="25.016079704" /><trkpt lat="62.199494787" lon="25.016062260" /><trkpt lat="62.199491208" lon="25.016044909" /><trkpt lat="62.199487572" lon="25.016027655" /><trkpt lat="62.199483872" lon="25.016010500" /><trkpt lat="62.199480105" lon="25.015993447" /><trkpt lat="62.199476268" lon="25.015976498" /><trkpt lat="62.199472355" lon="25.015959655" /><trkpt lat="62.199468364" lon="25.015942922" /><trkpt lat="62.199464290" lon="25.015926301" /><trkpt lat="62.199460130" lon="25.015909794" /><trkpt lat="62.199455878" lon="25.015893404" /><trkpt lat="62.199451531" lon="25.015877134" /><trkpt lat="62.199447086" lon="25.015860985" /><trkpt lat="62.199442538" lon="25.015844962" /><trkpt lat="62.199437883" lon="25.015829065" /><trkpt lat="62.199433117" lon="25.015813298" /><trkpt lat="62.199428237" lon="25.015797663" /><trkpt lat="62.199423237" lon="25.015782162" /><trkpt lat="62.199418115" lon="25.015766799" /><trkpt lat="62.199412866" lon="25.015751576" /><trkpt lat="62.199407486" lon="25.015736495" /><trkpt lat="62.199401971" lon="25.015721559" /><trkpt lat="62.199396317" lon="25.015706771" /><trkpt lat="62.199390520" lon="25.015692132" /><trkpt lat="62.199384577" lon="25.015677646" /><trkpt lat="62.199378483" lon="25.015663315" /><trkpt lat="62.199372234" lon="25.015649141" /><trkpt lat="62.199365826" lon="25.015635128" /><trkpt lat="62.199359255" lon="25.015621277" /><trkpt lat="62.199352517" lon="25.015607592" /><trkpt lat="62.199345609" lon="25.015594074" /><trkpt lat="62.199338525" lon="25.015580726" /><trkpt lat="62.199331263" lon="25.015567552" /><trkpt lat="62.199323818" lon="25.015554553" /><trkpt lat="62.199316186" lon="25.015541731" /><trkpt lat="62.199308363" lon="25.015529090" /><trkpt lat="62.199300346" lon="25.015516632" /><trkpt lat="62.199292129" lon="25.015504360" /><trkpt lat="62.199279473" lon="25.015485875" /><trkpt lat="62.199267134" lon="25.015467959" /><trkpt lat="62.199255091" lon="25.015450593" /><trkpt lat="62.199243324" lon="25.015433760" /><trkpt lat="62.199231811" lon="25.015417441" /><trkpt lat="62.199220531" lon="25.015401619" /><trkpt lat="62.199209462" lon="25.015386275" /><trkpt lat="62.199198584" lon="25.015371392" /><trkpt lat="62.199187876" lon="25.015356951" /><trkpt lat="62.199177315" lon="25.015342935" /><trkpt lat="62.199166882" lon="25.015329325" /><trkpt lat="62.199156555" lon="25.015316103" /><trkpt lat="62.199146312" lon="25.015303251" /><trkpt lat="62.199136133" lon="25.015290751" /><trkpt lat="62.199125996" lon="25.015278586" /><trkpt lat="62.199115880" lon="25.015266736" /><trkpt lat="62.199105765" lon="25.015255185" /><trkpt lat="62.199095628" lon="25.015243914" /><trkpt lat="62.199085449" lon="25.015232904" /><trkpt lat="62.199075206" lon="25.015222138" /><trkpt lat="62.199064879" lon="25.015211599" /><trkpt lat="62.199054445" lon="25.015201267" /><trkpt lat="62.199043885" lon="25.015191124" /><trkpt lat="62.199033176" lon="25.015181154" /><trkpt lat="62.199022298" lon="25.015171337" /><trkpt lat="62.199011230" lon="25.015161656" /><trkpt lat="62.198999949" lon="25.015152092" /><trkpt lat="62.198988436" lon="25.015142628" /><trkpt lat="62.198976668" lon="25.015133246" /><trkpt lat="62.198964626" lon="25.015123927" /><trkpt lat="62.198952287" lon="25.015114653" /><trkpt lat="62.198939630" lon="25.015105406" /><trkpt lat="62.198926634" lon="25.015096169" /><trkpt lat="62.198913278" lon="25.015086924" /><trkpt lat="62.198899542" lon="25.015077651" /><trkpt lat="62.198885403" lon="25.015068334" /><trkpt lat="62.198870840" lon="25.015058953" /><trkpt lat="62.198855833" lon="25.015049492" /><trkpt lat="62.198840359" lon="25.015039932" /><trkpt lat="62.198824399" lon="25.015030255" /><trkpt lat="62.198807931" lon="25.015020443" /><trkpt lat="62.198790933" lon="25.015010478" /><trkpt lat="62.198773385" lon="25.015000341" /><trkpt lat="62.198755264" lon="25.014990016" /><trkpt lat="62.198736551" lon="25.014979483" /><trkpt lat="62.198717224" lon="25.014968725" /><trkpt lat="62.198697262" lon="25.014957723" /><trkpt lat="62.198676643" lon="25.014946461" /><trkpt lat="62.198655452" lon="25.014934864" /><trkpt lat="62.198634671" lon="25.014923360" /><trkpt lat="62.198614289" lon="25.014911956" /><trkpt lat="62.198594296" lon="25.014900659" /><trkpt lat="62.198574680" lon="25.014889473" /><trkpt lat="62.198555431" lon="25.014878406" /><trkpt lat="62.198536537" lon="25.014867464" /><trkpt lat="62.198517988" lon="25.014856652" /><trkpt lat="62.198499771" lon="25.014845977" /><trkpt lat="62.198481878" lon="25.014835446" /><trkpt lat="62.198464295" lon="25.014825064" /><trkpt lat="62.198447013" lon="25.014814838" /><trkpt lat="62.198430021" lon="25.014804773" /><trkpt lat="62.198413307" lon="25.014794877" /><trkpt lat="62.198396861" lon="25.014785155" /><trkpt lat="62.198380671" lon="25.014775613" /><trkpt lat="62.198364726" lon="25.014766258" /><trkpt lat="62.198349016" lon="25.014757095" /><trkpt lat="62.198333530" lon="25.014748132" /><trkpt lat="62.198318256" lon="25.014739374" /><trkpt lat="62.198303184" lon="25.014730827" /><trkpt lat="62.198288302" lon="25.014722498" /><trkpt lat="62.198273600" lon="25.014714393" /><trkpt lat="62.198259066" lon="25.014706518" /><trkpt lat="62.198244690" lon="25.014698879" /><trkpt lat="62.198230461" lon="25.014691482" /><trkpt lat="62.198216367" lon="25.014684335" /><trkpt lat="62.198202398" lon="25.014677442" /><trkpt lat="62.198188542" lon="25.014670810" /><trkpt lat="62.198174789" lon="25.014664445" /><trkpt lat="62.198161128" lon="25.014658353" /><trkpt lat="62.198147548" lon="25.014652542" /><trkpt lat="62.198134037" lon="25.014647016" /><trkpt lat="62.198120585" lon="25.014641782" /><trkpt lat="62.198107180" lon="25.014636846" /><trkpt lat="62.198093813" lon="25.014632215" /><trkpt lat="62.198080471" lon="25.014627895" /><trkpt lat="62.198067143" lon="25.014623891" /><trkpt lat="62.198053820" lon="25.014620210" /><trkpt lat="62.198040489" lon="25.014616859" /><trkpt lat="62.198027140" lon="25.014613843" /><trkpt lat="62.198013762" lon="25.014611168" /><trkpt lat="62.198000344" lon="25.014608842" /><trkpt lat="62.197986875" lon="25.014606869" /><trkpt lat="62.197973343" lon="25.014605257" /><trkpt lat="62.197959738" lon="25.014604011" /><trkpt lat="62.197946049" lon="25.014603138" /><trkpt lat="62.197931462" lon="25.014602574" /><trkpt lat="62.197917036" lon="25.014602348" /><trkpt lat="62.197902762" lon="25.014602467" /><trkpt lat="62.197888632" lon="25.014602936" /><trkpt lat="62.197874635" lon="25.014603763" /><trkpt lat="62.197860763" lon="25.014604952" /><trkpt lat="62.197847007" lon="25.014606509" /><trkpt lat="62.197833357" lon="25.014608442" /><trkpt lat="62.197819804" lon="25.014610755" /><trkpt lat="62.197806340" lon="25.014613456" /><trkpt lat="62.197792954" lon="25.014616549" /><trkpt lat="62.197779638" lon="25.014620041" /><trkpt lat="62.197766383" lon="25.014623939" /><trkpt lat="62.197753180" lon="25.014628247" /><trkpt lat="62.197740018" lon="25.014632973" /><trkpt lat="62.197726890" lon="25.014638122" /><trkpt lat="62.197713785" lon="25.014643700" /><trkpt lat="62.197700696" lon="25.014649713" /><trkpt lat="62.197687612" lon="25.014656168" /><trkpt lat="62.197674525" lon="25.014663070" /><trkpt lat="62.197661424" lon="25.014670425" /><trkpt lat="62.197648302" lon="25.014678240" /><trkpt lat="62.197635149" lon="25.014686520" /><trkpt lat="62.197621956" lon="25.014695272" /><trkpt lat="62.197608714" lon="25.014704502" /><trkpt lat="62.197595413" lon="25.014714215" /><trkpt lat="62.197582044" lon="25.014724418" /><trkpt lat="62.197568598" lon="25.014735116" /><trkpt lat="62.197555067" lon="25.014746317" /><trkpt lat="62.197541440" lon="25.014758025" /><trkpt lat="62.197527709" lon="25.014770247" /><trkpt lat="62.197513864" lon="25.014782989" /><trkpt lat="62.197499897" lon="25.014796257" /><trkpt lat="62.197485798" lon="25.014810057" /><trkpt lat="62.197471557" lon="25.014824395" /><trkpt lat="62.197457167" lon="25.014839277" /><trkpt lat="62.197442618" lon="25.014854709" /><trkpt lat="62.197427900" lon="25.014870698" /><trkpt lat="62.197413004" lon="25.014887249" /><trkpt lat="62.197397921" lon="25.014904368" /><trkpt lat="62.197382643" lon="25.014922061" /><trkpt lat="62.197367159" lon="25.014940335" /><trkpt lat="62.197351461" lon="25.014959195" /><trkpt lat="62.197335540" lon="25.014978647" /><trkpt lat="62.197326401" lon="25.014989904" /><trkpt lat="62.197317079" lon="25.015001387" /><trkpt lat="62.197307578" lon="25.015013089" /><trkpt lat="62.197297903" lon="25.015025004" /><trkpt lat="62.197288059" lon="25.015037126" /><trkpt lat="62.197278049" lon="25.015049447" /><trkpt lat="62.197267879" lon="25.015061961" /><trkpt lat="62.197257553" lon="25.015074661" /><trkpt lat="62.197247075" lon="25.015087540" /><trkpt lat="62.197236451" lon="25.015100593" /><trkpt lat="62.197225683" lon="25.015113812" /><trkpt lat="62.197214778" lon="25.015127191" /><trkpt lat="62.197203738" lon="25.015140722" /><trkpt lat="62.197192570" lon="25.015154400" /><trkpt lat="62.197181277" lon="25.015168218" /><trkpt lat="62.197169864" lon="25.015182169" /><trkpt lat="62.197158335" lon="25.015196246" /><trkpt lat="62.197146695" lon="25.015210443" /><trkpt lat="62.197134948" lon="25.015224753" /><trkpt lat="62.197123099" lon="25.015239170" /><trkpt lat="62.197111153" lon="25.015253686" /><trkpt lat="62.197099113" lon="25.015268296" /><trkpt lat="62.197086985" lon="25.015282992" /><trkpt lat="62.197074772" lon="25.015297768" /><trkpt lat="62.197062479" lon="25.015312617" /><trkpt lat="62.197050112" lon="25.015327533" /><trkpt lat="62.197037673" lon="25.015342509" /><trkpt lat="62.197025169" lon="25.015357538" /><trkpt lat="62.197012602" lon="25.015372614" /><trkpt lat="62.196999979" lon="25.015387730" /><trkpt lat="62.196987302" lon="25.015402879" /><trkpt lat="62.196974577" lon="25.015418055" /><trkpt lat="62.196961809" lon="25.015433251" /><trkpt lat="62.196949001" lon="25.015448461" /><trkpt lat="62.196936158" lon="25.015463677" /><trkpt lat="62.196923285" lon="25.015478893" /><trkpt lat="62.196910387" lon="25.015494103" /><trkpt lat="62.196897467" lon="25.015509300" /><trkpt lat="62.196884530" lon="25.015524477" /><trkpt lat="62.196871580" lon="25.015539627" /><trkpt lat="62.196858623" lon="25.015554745" /><trkpt lat="62.196845663" lon="25.015569822" /><trkpt lat="62.196832703" lon="25.015584853" /><trkpt lat="62.196819750" lon="25.015599832" /><trkpt lat="62.196806806" lon="25.015614750" /><trkpt lat="62.196793877" lon="25.015629602" /><trkpt lat="62.196780967" lon="25.015644381" /><trkpt lat="62.196768081" lon="25.015659081" /><trkpt lat="62.196755223" lon="25.015673694" /><trkpt lat="62.196742397" lon="25.015688215" /><trkpt lat="62.196729609" lon="25.015702636" /><trkpt lat="62.196716862" lon="25.015716950" /><trkpt lat="62.196704161" lon="25.015731152" /><trkpt lat="62.196691511" lon="25.015745234" /><trkpt lat="62.196678915" lon="25.015759190" /><trkpt lat="62.196666380" lon="25.015773013" /><trkpt lat="62.196653908" lon="25.015786697" /><trkpt lat="62.196641505" lon="25.015800235" /><trkpt lat="62.196629174" lon="25.015813620" /><trkpt lat="62.196616922" lon="25.015826845" /><trkpt lat="62.196604751" lon="25.015839905" /><trkpt lat="62.196592667" lon="25.015852792" /><trkpt lat="62.196580674" lon="25.015865499" /><trkpt lat="62.196568776" lon="25.015878021" /><trkpt lat="62.196556978" lon="25.015890350" /><trkpt lat="62.196545285" lon="25.015902480" /><trkpt lat="62.196533700" lon="25.015914403" /><trkpt lat="62.196522229" lon="25.015926115" /><trkpt lat="62.196510876" lon="25.015937607" /><trkpt lat="62.196499646" lon="25.015948873" /><trkpt lat="62.196488542" lon="25.015959906" /><trkpt lat="62.196477570" lon="25.015970701" /><trkpt lat="62.196466734" lon="25.015981249" /><trkpt lat="62.196456038" lon="25.015991546" /><trkpt lat="62.196445487" lon="25.016001583" /><trkpt lat="62.196435085" lon="25.016011354" /><trkpt lat="62.196424837" lon="25.016020853" /><trkpt lat="62.196414748" lon="25.016030073" /><trkpt lat="62.196404364" lon="25.016039512" /><trkpt lat="62.196393759" lon="25.016049188" /><trkpt lat="62.196382938" lon="25.016059094" /><trkpt lat="62.196371907" lon="25.016069222" /><trkpt lat="62.196360672" lon="25.016079565" /><trkpt lat="62.196349237" lon="25.016090115" /><trkpt lat="62.196337608" lon="25.016100864" /><trkpt lat="62.196325790" lon="25.016111806" /><trkpt lat="62.196313788" lon="25.016122931" /><trkpt lat="62.196301609" lon="25.016134233" /><trkpt lat="62.196289257" lon="25.016145704" /><trkpt lat="62.196276737" lon="25.016157336" /><trkpt lat="62.196264055" lon="25.016169122" /><trkpt lat="62.196251216" lon="25.016181054" /><trkpt lat="62.196238226" lon="25.016193125" /><trkpt lat="62.196225090" lon="25.016205326" /><trkpt lat="62.196211813" lon="25.016217650" /><trkpt lat="62.196198401" lon="25.016230090" /><trkpt lat="62.196184858" lon="25.016242638" /><trkpt lat="62.196171191" lon="25.016255286" /><trkpt lat="62.196157404" lon="25.016268027" /><trkpt lat="62.196143503" lon="25.016280853" /><trkpt lat="62.196129494" lon="25.016293757" /><trkpt lat="62.196115381" lon="25.016306730" /><trkpt lat="62.196101170" lon="25.016319765" /><trkpt lat="62.196086866" lon="25.016332855" /><trkpt lat="62.196072474" lon="25.016345992" /><trkpt lat="62.196058001" lon="25.016359168" /><trkpt lat="62.196043451" lon="25.016372376" /><trkpt lat="62.196028829" lon="25.016385608" /><trkpt lat="62.196014142" lon="25.016398856" /><trkpt lat="62.195999393" lon="25.016412113" /><trkpt lat="62.195984589" lon="25.016425371" /><trkpt lat="62.195969735" lon="25.016438623" /><trkpt lat="62.195954837" lon="25.016451861" /><trkpt lat="62.195939899" lon="25.016465077" /><trkpt lat="62.195924927" lon="25.016478263" /><trkpt lat="62.195909926" lon="25.016491413" /><trkpt lat="62.195894902" lon="25.016504518" /><trkpt lat="62.195879859" lon="25.016517571" /><trkpt lat="62.195864804" lon="25.016530564" /><trkpt lat="62.195849742" lon="25.016543490" /><trkpt lat="62.195834677" lon="25.016556341" /><trkpt lat="62.195819616" lon="25.016569108" /><trkpt lat="62.195804564" lon="25.016581786" /><trkpt lat="62.195789525" lon="25.016594366" /><trkpt lat="62.195774506" lon="25.016606840" /><trkpt lat="62.195759511" lon="25.016619200" /><trkpt lat="62.195744546" lon="25.016631440" /><trkpt lat="62.195729617" lon="25.016643552" /><trkpt lat="62.195714728" lon="25.016655527" /><trkpt lat="62.195699885" lon="25.016667359" /><trkpt lat="62.195685094" lon="25.016679039" /><trkpt lat="62.195670359" lon="25.016690561" /><trkpt lat="62.195655686" lon="25.016701915" /><trkpt lat="62.195641080" lon="25.016713096" /><trkpt lat="62.195626547" lon="25.016724095" /><trkpt lat="62.195612092" lon="25.016734904" /><trkpt lat="62.195597720" lon="25.016745516" /><trkpt lat="62.195583437" lon="25.016755924" /><trkpt lat="62.195569248" lon="25.016766119" /><trkpt lat="62.195555158" lon="25.016776094" /><trkpt lat="62.195541173" lon="25.016785842" /><trkpt lat="62.195527298" lon="25.016795354" /><trkpt lat="62.195513538" lon="25.016804624" /><trkpt lat="62.195499899" lon="25.016813643" /><trkpt lat="62.195486385" lon="25.016822404" /><trkpt lat="62.195473004" lon="25.016830899" /><trkpt lat="62.195459758" lon="25.016839121" /><trkpt lat="62.195446655" lon="25.016847062" /><trkpt lat="62.195433699" lon="25.016854714" /><trkpt lat="62.195420896" lon="25.016862070" /><trkpt lat="62.195408251" lon="25.016869123" /><trkpt lat="62.195395769" lon="25.016875863" /><trkpt lat="62.195383456" lon="25.016882285" /><trkpt lat="62.195371317" lon="25.016888380" /><trkpt lat="62.195352531" lon="25.016897570" /><trkpt lat="62.195334320" lon="25.016906355" /><trkpt lat="62.195316669" lon="25.016914720" /><trkpt lat="62.195299559" lon="25.016922653" /><trkpt lat="62.195282974" lon="25.016930138" /><trkpt lat="62.195266896" lon="25.016937163" /><trkpt lat="62.195251308" lon="25.016943712" /><trkpt lat="62.195236194" lon="25.016949773" /><trkpt lat="62.195221536" lon="25.016955331" /><trkpt lat="62.195207317" lon="25.016960371" /><trkpt lat="62.195193520" lon="25.016964881" /><trkpt lat="62.195180127" lon="25.016968846" /><trkpt lat="62.195167123" lon="25.016972253" /><trkpt lat="62.195154489" lon="25.016975086" /><trkpt lat="62.195142208" lon="25.016977333" /><trkpt lat="62.195130264" lon="25.016978979" /><trkpt lat="62.195118639" lon="25.016980011" /><trkpt lat="62.195107317" lon="25.016980413" /><trkpt lat="62.195096279" lon="25.016980174" /><trkpt lat="62.195085509" lon="25.016979277" /><trkpt lat="62.195074991" lon="25.016977710" /><trkpt lat="62.195064706" lon="25.016975459" /><trkpt lat="62.195054637" lon="25.016972509" /><trkpt lat="62.195044769" lon="25.016968846" /><trkpt lat="62.195035082" lon="25.016964457" /><trkpt lat="62.195025562" lon="25.016959328" /><trkpt lat="62.195016189" lon="25.016953445" /><trkpt lat="62.195006947" lon="25.016946793" /><trkpt lat="62.194997820" lon="25.016939358" /><trkpt lat="62.194988789" lon="25.016931128" /><trkpt lat="62.194979838" lon="25.016922087" /><trkpt lat="62.194970950" lon="25.016912222" /><trkpt lat="62.194962108" lon="25.016901519" /><trkpt lat="62.194953294" lon="25.016889963" /><trkpt lat="62.194944491" lon="25.016877542" /><trkpt lat="62.194935683" lon="25.016864240" /><trkpt lat="62.194926852" lon="25.016850044" /><trkpt lat="62.194917981" lon="25.016834941" /><trkpt lat="62.194909053" lon="25.016818915" /><trkpt lat="62.194900051" lon="25.016801953" /><trkpt lat="62.194890958" lon="25.016784042" /><trkpt lat="62.194881756" lon="25.016765166" /><trkpt lat="62.194872429" lon="25.016745313" /><trkpt lat="62.194862959" lon="25.016724467" /><trkpt lat="62.194853330" lon="25.016702616" /><trkpt lat="62.194843524" lon="25.016679745" /><trkpt lat="62.194833524" lon="25.016655840" /><trkpt lat="62.194823313" lon="25.016630888" /><trkpt lat="62.194815961" lon="25.016612640" /><trkpt lat="62.194808693" lon="25.016594409" /><trkpt lat="62.194801506" lon="25.016576196" /><trkpt lat="62.194794396" lon="25.016558003" /><trkpt lat="62.194787361" lon="25.016539832" /><trkpt lat="62.194780398" lon="25.016521685" /><trkpt lat="62.194773502" lon="25.016503564" /><trkpt lat="62.194766673" lon="25.016485471" /><trkpt lat="62.194759905" lon="25.016467407" /><trkpt lat="62.194753196" lon="25.016449376" /><trkpt lat="62.194746544" lon="25.016431378" /><trkpt lat="62.194739944" lon="25.016413415" /><trkpt lat="62.194733394" lon="25.016395490" /><trkpt lat="62.194726891" lon="25.016377604" /><trkpt lat="62.194720431" lon="25.016359759" /><trkpt lat="62.194714013" lon="25.016341958" /><trkpt lat="62.194707631" lon="25.016324202" /><trkpt lat="62.194701284" lon="25.016306493" /><trkpt lat="62.194694968" lon="25.016288833" /><trkpt lat="62.194688680" lon="25.016271224" /><trkpt lat="62.194682417" lon="25.016253667" /><trkpt lat="62.194676176" lon="25.016236166" /><trkpt lat="62.194669955" lon="25.016218721" /><trkpt lat="62.194663748" lon="25.016201335" /><trkpt lat="62.194657555" lon="25.016184010" /><trkpt lat="62.194651371" lon="25.016166747" /><trkpt lat="62.194645194" lon="25.016149548" /><trkpt lat="62.194639020" lon="25.016132416" /><trkpt lat="62.194632846" lon="25.016115352" /><trkpt lat="62.194626669" lon="25.016098358" /><trkpt lat="62.194620487" lon="25.016081437" /><trkpt lat="62.194614296" lon="25.016064589" /><trkpt lat="62.194608092" lon="25.016047818" /><trkpt lat="62.194601874" lon="25.016031124" /><trkpt lat="62.194595637" lon="25.016014510" /><trkpt lat="62.194589378" lon="25.015997978" /><trkpt lat="62.194583096" lon="25.015981530" /><trkpt lat="62.194576785" lon="25.015965167" /><trkpt lat="62.194570444" lon="25.015948892" /><trkpt lat="62.194564070" lon="25.015932706" /><trkpt lat="62.194557658" lon="25.015916611" /><trkpt lat="62.194551207" lon="25.015900610" /><trkpt lat="62.194544712" lon="25.015884705" /><trkpt lat="62.194538172" lon="25.015868896" /><trkpt lat="62.194531582" lon="25.015853186" /><trkpt lat="62.194524939" lon="25.015837578" /><trkpt lat="62.194518242" lon="25.015822072" /><trkpt lat="62.194511486" lon="25.015806672" /><trkpt lat="62.194504668" lon="25.015791378" /><trkpt lat="62.194497786" lon="25.015776193" /><trkpt lat="62.194490836" lon="25.015761118" /><trkpt lat="62.194483814" lon="25.015746156" /><trkpt lat="62.194476719" lon="25.015731309" /><trkpt lat="62.194469547" lon="25.015716578" /><trkpt lat="62.194462295" lon="25.015701965" /><trkpt lat="62.194454959" lon="25.015687473" /><trkpt lat="62.194447537" lon="25.015673103" /><trkpt lat="62.194440026" lon="25.015658857" /><trkpt lat="62.194432422" lon="25.015644737" /><trkpt lat="62.194424723" lon="25.015630745" /><trkpt lat="62.194416924" lon="25.015616883" /><trkpt lat="62.194409024" lon="25.015603153" /><trkpt lat="62.194401019" lon="25.015589556" /><trkpt lat="62.194392906" lon="25.015576095" /><trkpt lat="62.194384682" lon="25.015562772" /><trkpt lat="62.194376343" lon="25.015549589" /><trkpt lat="62.194367887" lon="25.015536547" /><trkpt lat="62.194358689" lon="25.015522521" /><trkpt lat="62.194349498" lon="25.015508478" /><trkpt lat="62.194340315" lon="25.015494416" /><trkpt lat="62.194331140" lon="25.015480334" /><trkpt lat="62.194321971" lon="25.015466231" /><trkpt lat="62.194312810" lon="25.015452106" /><trkpt lat="62.194303656" lon="25.015437958" /><trkpt lat="62.194294509" lon="25.015423785" /><trkpt lat="62.194285368" lon="25.015409587" /><trkpt lat="62.194276235" lon="25.015395362" /><trkpt lat="62.194267107" lon="25.015381110" /><trkpt lat="62.194257987" lon="25.015366829" /><trkpt lat="62.194248872" lon="25.015352519" /><trkpt lat="62.194239764" lon="25.015338178" /><trkpt lat="62.194230662" lon="25.015323804" /><trkpt lat="62.194221565" lon="25.015309398" /><trkpt lat="62.194212475" lon="25.015294958" /><trkpt lat="62.194203390" lon="25.015280483" /><trkpt lat="62.194194311" lon="25.015265972" /><trkpt lat="62.194185237" lon="25.015251423" /><trkpt lat="62.194176168" lon="25.015236836" /><trkpt lat="62.194167105" lon="25.015222209" /><trkpt lat="62.194158046" lon="25.015207542" /><trkpt lat="62.194148993" lon="25.015192834" /><trkpt lat="62.194139944" lon="25.015178082" /><trkpt lat="62.194130900" lon="25.015163287" /><trkpt lat="62.194121860" lon="25.015148447" /><trkpt lat="62.194112825" lon="25.015133562" /><trkpt lat="62.194103794" lon="25.015118629" /><trkpt lat="62.194094768" lon="25.015103648" /><trkpt lat="62.194085745" lon="25.015088618" /><trkpt lat="62.194076726" lon="25.015073538" /><trkpt lat="62.194067711" lon="25.015058406" /><trkpt lat="62.194058700" lon="25.015043222" /><trkpt lat="62.194049692" lon="25.015027984" /><trkpt lat="62.194040688" lon="25.015012692" /><trkpt lat="62.194031687" lon="25.014997345" /><trkpt lat="62.194022689" lon="25.014981940" /><trkpt lat="62.194013694" lon="25.014966478" /><trkpt lat="62.194004701" lon="25.014950957" /><trkpt lat="62.193995712" lon="25.014935376" /><trkpt lat="62.193986725" lon="25.014919734" /><trkpt lat="62.193977741" lon="25.014904030" /><trkpt lat="62.193968760" lon="25.014888262" /><trkpt lat="62.193959780" lon="25.014872431" /><trkpt lat="62.193950803" lon="25.014856533" /><trkpt lat="62.193941827" lon="25.014840570" /><trkpt lat="62.193932854" lon="25.014824539" /><trkpt lat="62.193923882" lon="25.014808439" /><trkpt lat="62.193914912" lon="25.014792270" /><trkpt lat="62.193905944" lon="25.014776030" /><trkpt lat="62.193896977" lon="25.014759718" /><trkpt lat="62.193888011" lon="25.014743333" /><trkpt lat="62.193879046" lon="25.014726874" /><trkpt lat="62.193870082" lon="25.014710340" /><trkpt lat="62.193861119" lon="25.014693730" /><trkpt lat="62.193852157" lon="25.014677043" /><trkpt lat="62.193843196" lon="25.014660277" /><trkpt lat="62.193834235" lon="25.014643432" /><trkpt lat="62.193825274" lon="25.014626506" /><trkpt lat="62.193816314" lon="25.014609499" /><trkpt lat="62.193807354" lon="25.014592409" /><trkpt lat="62.193792929" lon="25.014565164" /><trkpt lat="62.193778881" lon="25.014539300" /><trkpt lat="62.193765193" lon="25.014514774" /><trkpt lat="62.193751845" lon="25.014491540" /><trkpt lat="62.193738820" lon="25.014469555" /><trkpt lat="62.193726100" lon="25.014448773" /><trkpt lat="62.193713666" lon="25.014429151" /><trkpt lat="62.193701502" lon="25.014410643" /><trkpt lat="62.193689588" lon="25.014393205" /><trkpt lat="62.193677906" lon="25.014376792" /><trkpt lat="62.193666439" lon="25.014361360" /><trkpt lat="62.193655169" lon="25.014346864" /><trkpt lat="62.193644077" lon="25.014333260" /><trkpt lat="62.193633145" lon="25.014320503" /><trkpt lat="62.193622356" lon="25.014308548" /><trkpt lat="62.193611691" lon="25.014297351" /><trkpt lat="62.193601132" lon="25.014286868" /><trkpt lat="62.193590661" lon="25.014277053" /><trkpt lat="62.193580260" lon="25.014267862" /><trkpt lat="62.193569911" lon="25.014259251" /><trkpt lat="62.193559596" lon="25.014251174" /><trkpt lat="62.193549297" lon="25.014243588" /><trkpt lat="62.193538995" lon="25.014236448" /><trkpt lat="62.193528674" lon="25.014229709" /><trkpt lat="62.193518314" lon="25.014223327" /><trkpt lat="62.193507897" lon="25.014217257" /><trkpt lat="62.193497407" lon="25.014211454" /><trkpt lat="62.193486824" lon="25.014205874" /><trkpt lat="62.193476130" lon="25.014200472" /><trkpt lat="62.193465308" lon="25.014195204" /><trkpt lat="62.193454339" lon="25.014190026" /><trkpt lat="62.193443205" lon="25.014184892" /><trkpt lat="62.193431888" lon="25.014179758" /><trkpt lat="62.193420371" lon="25.014174579" /><trkpt lat="62.193408635" lon="25.014169311" /><trkpt lat="62.193396661" lon="25.014163910" /><trkpt lat="62.193384433" lon="25.014158330" /><trkpt lat="62.193371932" lon="25.014152527" /><trkpt lat="62.193357574" lon="25.014145911" /><trkpt lat="62.193343601" lon="25.014139740" /><trkpt lat="62.193329983" lon="25.014134044" /><trkpt lat="62.193316690" lon="25.014128852" /><trkpt lat="62.193303695" lon="25.014124196" /><trkpt lat="62.193290966" lon="25.014120107" /><trkpt lat="62.193278476" lon="25.014116613" /><trkpt lat="62.193266195" lon="25.014113747" /><trkpt lat="62.193254093" lon="25.014111538" /><trkpt lat="62.193242142" lon="25.014110017" /><trkpt lat="62.193230312" lon="25.014109214" /><trkpt lat="62.193218574" lon="25.014109160" /><trkpt lat="62.193206898" lon="25.014109885" /><trkpt lat="62.193195256" lon="25.014111420" /><trkpt lat="62.193183618" lon="25.014113795" /><trkpt lat="62.193171955" lon="25.014117041" /><trkpt lat="62.193160238" lon="25.014121187" /><trkpt lat="62.193148437" lon="25.014126265" /><trkpt lat="62.193136524" lon="25.014132305" /><trkpt lat="62.193124468" lon="25.014139337" /><trkpt lat="62.193112241" lon="25.014147392" /><trkpt lat="62.193099813" lon="25.014156500" /><trkpt lat="62.193087156" lon="25.014166693" /><trkpt lat="62.193074239" lon="25.014177999" /><trkpt lat="62.193061035" lon="25.014190450" /><trkpt lat="62.193047512" lon="25.014204076" /><trkpt lat="62.193033643" lon="25.014218907" /><trkpt lat="62.193019398" lon="25.014234974" /><trkpt lat="62.193004748" lon="25.014252308" /><trkpt lat="62.192989663" lon="25.014270939" /><trkpt lat="62.192974114" lon="25.014290897" /><trkpt lat="62.192958073" lon="25.014312213" /><trkpt lat="62.192941509" lon="25.014334917" /><trkpt lat="62.192936173" lon="25.014342282" /><trkpt lat="62.192930554" lon="25.014349934" /><trkpt lat="62.192924655" lon="25.014357869" /><trkpt lat="62.192918482" lon="25.014366082" /><trkpt lat="62.192912039" lon="25.014374567" /><trkpt lat="62.192905330" lon="25.014383320" /><trkpt lat="62.192898360" lon="25.014392337" /><trkpt lat="62.192891135" lon="25.014401611" /><trkpt lat="62.192883658" lon="25.014411139" /><trkpt lat="62.192875934" lon="25.014420915" /><trkpt lat="62.192867968" lon="25.014430935" /><trkpt lat="62.192859765" lon="25.014441193" /><trkpt lat="62.192851328" lon="25.014451686" /><trkpt lat="62.192842663" lon="25.014462406" /><trkpt lat="62.192833775" lon="25.014473351" /><trkpt lat="62.192824667" lon="25.014484515" /><trkpt lat="62.192815345" lon="25.014495893" /><trkpt lat="62.192805814" lon="25.014507481" /><trkpt lat="62.192796077" lon="25.014519273" /><trkpt lat="62.192786140" lon="25.014531264" /><trkpt lat="62.192776007" lon="25.014543450" /><trkpt lat="62.192765682" lon="25.014555826" /><trkpt lat="62.192755171" lon="25.014568387" /><trkpt lat="62.192744478" lon="25.014581127" /><trkpt lat="62.192733608" lon="25.014594043" /><trkpt lat="62.192722565" lon="25.014607129" /><trkpt lat="62.192711354" lon="25.014620380" /><trkpt lat="62.192699979" lon="25.014633792" /><trkpt lat="62.192688446" lon="25.014647359" /><trkpt lat="62.192676759" lon="25.014661077" /><trkpt lat="62.192664922" lon="25.014674940" /><trkpt lat="62.192652940" lon="25.014688945" /><trkpt lat="62.192640818" lon="25.014703085" /><trkpt lat="62.192628560" lon="25.014717357" /><trkpt lat="62.192616171" lon="25.014731755" /><trkpt lat="62.192603656" lon="25.014746274" /><trkpt lat="62.192591019" lon="25.014760909" /><trkpt lat="62.192578265" lon="25.014775656" /><trkpt lat="62.192565398" lon="25.014790510" /><trkpt lat="62.192552424" lon="25.014805466" /><trkpt lat="62.192539347" lon="25.014820518" /><trkpt lat="62.192526170" lon="25.014835663" /><trkpt lat="62.192512900" lon="25.014850894" /><trkpt lat="62.192499541" lon="25.014866208" /><trkpt lat="62.192486097" lon="25.014881599" /><trkpt lat="62.192472573" lon="25.014897063" /><trkpt lat="62.192458973" lon="25.014912594" /><trkpt lat="62.192445303" lon="25.014928188" /><trkpt lat="62.192431567" lon="25.014943840" /><trkpt lat="62.192417769" lon="25.014959545" /><trkpt lat="62.192403914" lon="25.014975297" /><trkpt lat="62.192390007" lon="25.014991093" /><trkpt lat="62.192376052" lon="25.015006927" /><trkpt lat="62.192362055" lon="25.015022795" /><trkpt lat="62.192348019" lon="25.015038691" /><trkpt lat="62.192333949" lon="25.015054610" /><trkpt lat="62.192319851" lon="25.015070548" /><trkpt lat="62.192305727" lon="25.015086500" /><trkpt lat="62.192291584" lon="25.015102461" /><trkpt lat="62.192277426" lon="25.015118426" /><trkpt lat="62.192263258" lon="25.015134391" /><trkpt lat="62.192249083" lon="25.015150349" /><trkpt lat="62.192234907" lon="25.015166297" /><trkpt lat="62.192220735" lon="25.015182229" /><trkpt lat="62.192206570" lon="25.015198141" /><trkpt lat="62.192192418" lon="25.015214028" /><trkpt lat="62.192178283" lon="25.015229884" /><trkpt lat="62.192164171" lon="25.015245706" /><trkpt lat="62.192150084" lon="25.015261487" /><trkpt lat="62.192136029" lon="25.015277224" /><trkpt lat="62.192122010" lon="25.015292911" /><trkpt lat="62.192108031" lon="25.015308543" /><trkpt lat="62.192094097" lon="25.015324116" /><trkpt lat="62.192080213" lon="25.015339625" /><trkpt lat="62.192066383" lon="25.015355064" /><trkpt lat="62.192052612" lon="25.015370429" /><trkpt lat="62.192038905" lon="25.015385715" /><trkpt lat="62.192025266" lon="25.015400918" /><trkpt lat="62.192011700" lon="25.015416031" /><trkpt lat="62.191998211" lon="25.015431051" /><trkpt lat="62.191984804" lon="25.015445972" /><trkpt lat="62.191971485" lon="25.015460789" /><trkpt lat="62.191958256" lon="25.015475499" /><trkpt lat="62.191945124" lon="25.015490095" /><trkpt lat="62.191932092" lon="25.015504573" /><trkpt lat="62.191919165" lon="25.015518928" /><trkpt lat="62.191906349" lon="25.015533155" /><trkpt lat="62.191893647" lon="25.015547249" /><trkpt lat="62.191881064" lon="25.015561205" /><trkpt lat="62.191868605" lon="25.015575019" /><trkpt lat="62.191856274" lon="25.015588686" /><trkpt lat="62.191844077" lon="25.015602200" /><trkpt lat="62.191832017" lon="25.015615557" /><trkpt lat="62.191820099" lon="25.015628752" /><trkpt lat="62.191808329" lon="25.015641780" /><trkpt lat="62.191796710" lon="25.015654636" /><trkpt lat="62.191785247" lon="25.015667315" /><trkpt lat="62.191773945" lon="25.015679813" /><trkpt lat="62.191762809" lon="25.015692124" /><trkpt lat="62.191751843" lon="25.015704243" /><trkpt lat="62.191741052" lon="25.015716167" /><trkpt lat="62.191730440" lon="25.015727889" /><trkpt lat="62.191720012" lon="25.015739405" /><trkpt lat="62.191709773" lon="25.015750710" /><trkpt lat="62.191699727" lon="25.015761799" /><trkpt lat="62.191689879" lon="25.015772667" /><trkpt lat="62.191680234" lon="25.015783310" /><trkpt lat="62.191671695" lon="25.015792738" /><trkpt lat="62.191662956" lon="25.015802400" /><trkpt lat="62.191654022" lon="25.015812291" /><trkpt lat="62.191644896" lon="25.015822407" /><trkpt lat="62.191635583" lon="25.015832744" /><trkpt lat="62.191626086" lon="25.015843299" /><trkpt lat="62.191616409" lon="25.015854067" /><trkpt lat="62.191606555" lon="25.015865045" /><trkpt lat="62.191596529" lon="25.015876227" /><trkpt lat="62.191586334" lon="25.015887610" /><trkpt lat="62.191575975" lon="25.015899191" /><trkpt lat="62.191565455" lon="25.015910965" /><trkpt lat="62.191554777" lon="25.015922927" /><trkpt lat="62.191543947" lon="25.015935075" /><trkpt lat="62.191532967" lon="25.015947404" /><trkpt lat="62.191521841" lon="25.015959909" /><trkpt lat="62.191510574" lon="25.015972588" /><trkpt lat="62.191499168" lon="25.015985435" /><trkpt lat="62.191487629" lon="25.015998447" /><trkpt lat="62.191475959" lon="25.016011620" /><trkpt lat="62.191464163" lon="25.016024950" /><trkpt lat="62.191452244" lon="25.016038432" /><trkpt lat="62.191440206" lon="25.016052063" /><trkpt lat="62.191428053" lon="25.016065839" /><trkpt lat="62.191415790" lon="25.016079755" /><trkpt lat="62.191403419" lon="25.016093808" /><trkpt lat="62.191390944" lon="25.016107994" /><trkpt lat="62.191378370" lon="25.016122308" /><trkpt lat="62.191365700" lon="25.016136746" /><trkpt lat="62.191352938" lon="25.016151305" /><trkpt lat="62.191340088" lon="25.016165981" /><trkpt lat="62.191327154" lon="25.016180769" /><trkpt lat="62.191314139" lon="25.016195665" /><trkpt lat="62.191301047" lon="25.016210665" /><trkpt lat="62.191287883" lon="25.016225766" /><trkpt lat="62.191274650" lon="25.016240963" /><trkpt lat="62.191261351" lon="25.016256252" /><trkpt lat="62.191247992" lon="25.016271630" /><trkpt lat="62.191234574" lon="25.016287091" /><trkpt lat="62.191221104" lon="25.016302633" /><trkpt lat="62.191207583" lon="25.016318251" /><trkpt lat="62.191194016" lon="25.016333941" /><trkpt lat="62.191180407" lon="25.016349699" /><trkpt lat="62.191166760" lon="25.016365521" /><trkpt lat="62.191153078" lon="25.016381402" /><trkpt lat="62.191139366" lon="25.016397340" /><trkpt lat="62.191125627" lon="25.016413330" /><trkpt lat="62.191111864" lon="25.016429367" /><trkpt lat="62.191098083" lon="25.016445449" /><trkpt lat="62.191084286" lon="25.016461570" /><trkpt lat="62.191070478" lon="25.016477727" /><trkpt lat="62.191056662" lon="25.016493915" /><trkpt lat="62.191042842" lon="25.016510132" /><trkpt lat="62.191029023" lon="25.016526371" /><trkpt lat="62.191015207" lon="25.016542631" /><trkpt lat="62.191001398" lon="25.016558906" /><trkpt lat="62.190987601" lon="25.016575193" /><trkpt lat="62.190973820" lon="25.016591487" /><trkpt lat="62.190960057" lon="25.016607785" /><trkpt lat="62.190946318" lon="25.016624082" /><trkpt lat="62.190932605" lon="25.016640375" /><trkpt lat="62.190918923" lon="25.016656659" /><trkpt lat="62.190905275" lon="25.016672930" /><trkpt lat="62.190891666" lon="25.016689185" /><trkpt lat="62.190878099" lon="25.016705418" /><trkpt lat="62.190864578" lon="25.016721628" /><trkpt lat="62.190851106" lon="25.016737808" /><trkpt lat="62.190837688" lon="25.016753956" /><trkpt lat="62.190824328" lon="25.016770066" /><trkpt lat="62.190811029" lon="25.016786136" /><trkpt lat="62.190797795" lon="25.016802161" /><trkpt lat="62.190784630" lon="25.016818137" /><trkpt lat="62.190771538" lon="25.016834060" /><trkpt lat="62.190758522" lon="25.016849926" /><trkpt lat="62.190745587" lon="25.016865731" /><trkpt lat="62.190732736" lon="25.016881471" /><trkpt lat="62.190719973" lon="25.016897142" /><trkpt lat="62.190707302" lon="25.016912740" /><trkpt lat="62.190694727" lon="25.016928260" /><trkpt lat="62.190682251" lon="25.016943699" /><trkpt lat="62.190669879" lon="25.016959053" /><trkpt lat="62.190657614" lon="25.016974318" /><trkpt lat="62.190645460" lon="25.016989490" /><trkpt lat="62.190633422" lon="25.017004564" /><trkpt lat="62.190621501" lon="25.017019536" /><trkpt lat="62.190609704" lon="25.017034404" /><trkpt lat="62.190598033" lon="25.017049161" /><trkpt lat="62.190586492" lon="25.017063806" /><trkpt lat="62.190575085" lon="25.017078333" /><trkpt lat="62.190563816" lon="25.017092738" /><trkpt lat="62.190552689" lon="25.017107018" /><trkpt lat="62.190541707" lon="25.017121168" /><trkpt lat="62.190530875" lon="25.017135184" /><trkpt lat="62.190520196" lon="25.017149063" /><trkpt lat="62.190509674" lon="25.017162800" /><trkpt lat="62.190499313" lon="25.017176391" /><trkpt lat="62.190489117" lon="25.017189833" /><trkpt lat="62.190479089" lon="25.017203121" /><trkpt lat="62.190469233" lon="25.017216250" /><trkpt lat="62.190459554" lon="25.017229218" /><trkpt lat="62.190450055" lon="25.017242020" /><trkpt lat="62.190440740" lon="25.017254653" /><trkpt lat="62.190431612" lon="25.017267111" /><trkpt lat="62.190422676" lon="25.017279391" /><trkpt lat="62.190413936" lon="25.017291489" /><trkpt lat="62.190405394" lon="25.017303401" /><trkpt lat="62.190397056" lon="25.017315123" /><trkpt lat="62.190388924" lon="25.017326650" /><trkpt lat="62.190381003" lon="25.017337980" /><trkpt lat="62.190373297" lon="25.017349107" /><trkpt lat="62.190365809" lon="25.017360028" /><trkpt lat="62.190358543" lon="25.017370739" /><trkpt lat="62.190351504" lon="25.017381236" /><trkpt lat="62.190344694" lon="25.017391514" /><trkpt lat="62.190338118" lon="25.017401570" /><trkpt lat="62.190331779" lon="25.017411399" /><trkpt lat="62.190325682" lon="25.017420998" /><trkpt lat="62.190319829" lon="25.017430362" /><trkpt lat="62.190314226" lon="25.017439488" /><trkpt lat="62.190308876" lon="25.017448372" /><trkpt lat="62.190303782" lon="25.017457008" /><trkpt lat="62.190290561" lon="25.017479609" /><trkpt lat="62.190277590" lon="25.017501626" /><trkpt lat="62.190264870" lon="25.017523049" /><trkpt lat="62.190252398" lon="25.017543867" /><trkpt lat="62.190240175" lon="25.017564069" /><trkpt lat="62.190228199" lon="25.017583644" /><trkpt lat="62.190216469" lon="25.017602581" /><trkpt lat="62.190204984" lon="25.017620869" /><trkpt lat="62.190193744" lon="25.017638497" /><trkpt lat="62.190182747" lon="25.017655455" /><trkpt lat="62.190171992" lon="25.017671731" /><trkpt lat="62.190161478" lon="25.017687314" /><trkpt lat="62.190151205" lon="25.017702194" /><trkpt lat="62.190141170" lon="25.017716359" /><trkpt lat="62.190131374" lon="25.017729799" /><trkpt lat="62.190121816" lon="25.017742502" /><trkpt lat="62.190112493" lon="25.017754458" /><trkpt lat="62.190103406" lon="25.017765656" /><trkpt lat="62.190094554" lon="25.017776084" /><trkpt lat="62.190085934" lon="25.017785732" /><trkpt lat="62.190077547" lon="25.017794588" /><trkpt lat="62.190069391" lon="25.017802643" /><trkpt lat="62.190061466" lon="25.017809885" /><trkpt lat="62.190053770" lon="25.017816302" /><trkpt lat="62.190046303" lon="25.017821884" /><trkpt lat="62.190039062" lon="25.017826621" /><trkpt lat="62.190032049" lon="25.017830501" /><trkpt lat="62.190025260" lon="25.017833512" /><trkpt lat="62.190018697" lon="25.017835645" /><trkpt lat="62.190012356" lon="25.017836889" /><trkpt lat="62.190006238" lon="25.017837231" /><trkpt lat="62.190000342" lon="25.017836662" /><trkpt lat="62.189994666" lon="25.017835170" /><trkpt lat="62.189989209" lon="25.017832745" /><trkpt lat="62.189983971" lon="25.017829376" /><trkpt lat="62.189978951" lon="25.017825050" /><trkpt lat="62.189974147" lon="25.017819759" /><trkpt lat="62.189969559" lon="25.017813490" /><trkpt lat="62.189965185" lon="25.017806233" /><trkpt lat="62.189961024" lon="25.017797976" /><trkpt lat="62.189957077" lon="25.017788710" /><trkpt lat="62.189953341" lon="25.017778422" /><trkpt lat="62.189949815" lon="25.017767102" /><trkpt lat="62.189946499" lon="25.017754739" /><trkpt lat="62.189943392" lon="25.017741323" /><trkpt lat="62.189940529" lon="25.017728262" /><trkpt lat="62.189937458" lon="25.017714714" /><trkpt lat="62.189934186" lon="25.017700699" /><trkpt lat="62.189930718" lon="25.017686239" /><trkpt lat="62.189927060" lon="25.017671355" /><trkpt lat="62.189923218" lon="25.017656068" /><trkpt lat="62.189919197" lon="25.017640400" /><trkpt lat="62.189915002" lon="25.017624371" /><trkpt lat="62.189910639" lon="25.017608004" /><trkpt lat="62.189906115" lon="25.017591320" /><trkpt lat="62.189901434" lon="25.017574339" /><trkpt lat="62.189896602" lon="25.017557084" /><trkpt lat="62.189891625" lon="25.017539575" /><trkpt lat="62.189886508" lon="25.017521835" /><trkpt lat="62.189881257" lon="25.017503884" /><trkpt lat="62.189875878" lon="25.017485743" /><trkpt lat="62.189870376" lon="25.017467435" /><trkpt lat="62.189864757" lon="25.017448980" /><trkpt lat="62.189859026" lon="25.017430399" /><trkpt lat="62.189853189" lon="25.017411715" /><trkpt lat="62.189847252" lon="25.017392948" /><trkpt lat="62.189841220" lon="25.017374120" /><trkpt lat="62.189835100" lon="25.017355252" /><trkpt lat="62.189828895" lon="25.017336365" /><trkpt lat="62.189822613" lon="25.017317481" /><trkpt lat="62.189816259" lon="25.017298621" /><trkpt lat="62.189809838" lon="25.017279806" /><trkpt lat="62.189803356" lon="25.017261059" /><trkpt lat="62.189796818" lon="25.017242399" /><trkpt lat="62.189790231" lon="25.017223849" /><trkpt lat="62.189783600" lon="25.017205429" /><trkpt lat="62.189776930" lon="25.017187162" /><trkpt lat="62.189770227" lon="25.017169068" /><trkpt lat="62.189763497" lon="25.017151169" /><trkpt lat="62.189756745" lon="25.017133485" /><trkpt lat="62.189749977" lon="25.017116040" /><trkpt lat="62.189743199" lon="25.017098853" /><trkpt lat="62.189736415" lon="25.017081947" /><trkpt lat="62.189729633" lon="25.017065341" /><trkpt lat="62.189722857" lon="25.017049059" /><trkpt lat="62.189716093" lon="25.017033121" /><trkpt lat="62.189709346" lon="25.017017548" /><trkpt lat="62.189702623" lon="25.017002363" /><trkpt lat="62.189695928" lon="25.016987585" /><trkpt lat="62.189689268" lon="25.016973237" /><trkpt lat="62.189682649" lon="25.016959340" /><trkpt lat="62.189676074" lon="25.016945915" /><trkpt lat="62.189669551" lon="25.016932983" /><trkpt lat="62.189663085" lon="25.016920567" /><trkpt lat="62.189657458" lon="25.016910002" /><trkpt lat="62.189651643" lon="25.016899206" /><trkpt lat="62.189645639" lon="25.016888184" /><trkpt lat="62.189639448" lon="25.016876942" /><trkpt lat="62.189633070" lon="25.016865485" /><trkpt lat="62.189626506" lon="25.016853821" /><trkpt lat="62.189619758" lon="25.016841954" /><trkpt lat="62.189612825" lon="25.016829891" /><trkpt lat="62.189605708" lon="25.016817637" /><trkpt lat="62.189598408" lon="25.016805199" /><trkpt lat="62.189590926" lon="25.016792582" /><trkpt lat="62.189583263" lon="25.016779792" /><trkpt lat="62.189575419" lon="25.016766835" /><trkpt lat="62.189567395" lon="25.016753718" /><trkpt lat="62.189559191" lon="25.016740445" /><trkpt lat="62.189550809" lon="25.016727024" /><trkpt lat="62.189542250" lon="25.016713459" /><trkpt lat="62.189533513" lon="25.016699757" /><trkpt lat="62.189524600" lon="25.016685923" /><trkpt lat="62.189515511" lon="25.016671964" /><trkpt lat="62.189506247" lon="25.016657885" /><trkpt lat="62.189496809" lon="25.016643693" /><trkpt lat="62.189487198" lon="25.016629393" /><trkpt lat="62.189477413" lon="25.016614991" /><trkpt lat="62.189467457" lon="25.016600493" /><trkpt lat="62.189457330" lon="25.016585905" /><trkpt lat="62.189447032" lon="25.016571233" /><trkpt lat="62.189436564" lon="25.016556483" /><trkpt lat="62.189425928" lon="25.016541661" /><trkpt lat="62.189415123" lon="25.016526772" /><trkpt lat="62.189404150" lon="25.016511822" /><trkpt lat="62.189393010" lon="25.016496819" /><trkpt lat="62.189381705" lon="25.016481766" /><trkpt lat="62.189370233" lon="25.016466671" /><trkpt lat="62.189358598" lon="25.016451538" /><trkpt lat="62.189346798" lon="25.016436375" /><trkpt lat="62.189334835" lon="25.016421187" /><trkpt lat="62.189322709" lon="25.016405980" /><trkpt lat="62.189310422" lon="25.016390759" /><trkpt lat="62.189297974" lon="25.016375532" /><trkpt lat="62.189285365" lon="25.016360302" /><trkpt lat="62.189272597" lon="25.016345078" /><trkpt lat="62.189259670" lon="25.016329863" /><trkpt lat="62.189246584" lon="25.016314666" /><trkpt lat="62.189233342" lon="25.016299490" /><trkpt lat="62.189219943" lon="25.016284342" /><trkpt lat="62.189206387" lon="25.016269229" /><trkpt lat="62.189192677" lon="25.016254156" /><trkpt lat="62.189178812" lon="25.016239128" /><trkpt lat="62.189164794" lon="25.016224152" /><trkpt lat="62.189150622" lon="25.016209234" /><trkpt lat="62.189136298" lon="25.016194380" /><trkpt lat="62.189121823" lon="25.016179595" /><trkpt lat="62.189107196" lon="25.016164885" /><trkpt lat="62.189092420" lon="25.016150257" /><trkpt lat="62.189077494" lon="25.016135716" /><trkpt lat="62.189062420" lon="25.016121268" /><trkpt lat="62.189049947" lon="25.016109556" /><trkpt lat="62.189037204" lon="25.016097872" /><trkpt lat="62.189024203" lon="25.016086214" /><trkpt lat="62.189010951" lon="25.016074585" /><trkpt lat="62.188997458" lon="25.016062985" /><trkpt lat="62.188983735" lon="25.016051414" /><trkpt lat="62.188969791" lon="25.016039874" /><trkpt lat="62.188955636" lon="25.016028364" /><trkpt lat="62.188941278" lon="25.016016886" /><trkpt lat="62.188926728" lon="25.016005441" /><trkpt lat="62.188911996" lon="25.015994028" /><trkpt lat="62.188897091" lon="25.015982648" /><trkpt lat="62.188882023" lon="25.015971303" /><trkpt lat="62.188866800" lon="25.015959992" /><trkpt lat="62.188851434" lon="25.015948717" /><trkpt lat="62.188835934" lon="25.015937478" /><trkpt lat="62.188820308" lon="25.015926276" /><trkpt lat="62.188804567" lon="25.015915112" /><trkpt lat="62.188788721" lon="25.015903985" /><trkpt lat="62.188772779" lon="25.015892897" /><trkpt lat="62.188756751" lon="25.015881849" /><trkpt lat="62.188740646" lon="25.015870841" /><trkpt lat="62.188724474" lon="25.015859873" /><trkpt lat="62.188708245" lon="25.015848947" /><trkpt lat="62.188691968" lon="25.015838063" /><trkpt lat="62.188675653" lon="25.015827221" /><trkpt lat="62.188659310" lon="25.015816423" /><trkpt lat="62.188642947" lon="25.015805669" /><trkpt lat="62.188626576" lon="25.015794959" /><trkpt lat="62.188610204" lon="25.015784295" /><trkpt lat="62.188593843" lon="25.015773677" /><trkpt lat="62.188577502" lon="25.015763106" /><trkpt lat="62.188561190" lon="25.015752581" /><trkpt lat="62.188544917" lon="25.015742105" /><trkpt lat="62.188528692" lon="25.015731677" /><trkpt lat="62.188512526" lon="25.015721299" /><trkpt lat="62.188496428" lon="25.015710971" /><trkpt lat="62.188480407" lon="25.015700693" /><trkpt lat="62.188464473" lon="25.015690466" /><trkpt lat="62.188448636" lon="25.015680291" /><trkpt lat="62.188432905" lon="25.015670169" /><trkpt lat="62.188417291" lon="25.015660100" /><trkpt lat="62.188401802" lon="25.015650085" /><trkpt lat="62.188386448" lon="25.015640124" /><trkpt lat="62.188371239" lon="25.015630219" /><trkpt lat="62.188356185" lon="25.015620369" /><trkpt lat="62.188341295" lon="25.015610576" /><trkpt lat="62.188326578" lon="25.015600840" /><trkpt lat="62.188312046" lon="25.015591162" /><trkpt lat="62.188297706" lon="25.015581542" /><trkpt lat="62.188283569" lon="25.015571982" /><trkpt lat="62.188269644" lon="25.015562481" /><trkpt lat="62.188255941" lon="25.015553040" /><trkpt lat="62.188242470" lon="25.015543661" /><trkpt lat="62.188229240" lon="25.015534343" /><trkpt lat="62.188216261" lon="25.015525088" /><trkpt lat="62.188203543" lon="25.015515896" /><trkpt lat="62.188191094" lon="25.015506768" /><trkpt lat="62.188178926" lon="25.015497704" /><trkpt lat="62.188167046" lon="25.015488705" /><trkpt lat="62.188155466" lon="25.015479772" /><trkpt lat="62.188144195" lon="25.015470905" /><trkpt lat="62.188133241" lon="25.015462105" /><trkpt lat="62.188122616" lon="25.015453372" /><trkpt lat="62.188112328" lon="25.015444708" /><trkpt lat="62.188102387" lon="25.015436113" /><trkpt lat="62.188092804" lon="25.015427588" /><trkpt lat="62.188083586" lon="25.015419133" /><trkpt lat="62.188074745" lon="25.015410749" /><trkpt lat="62.188066289" lon="25.015402436" /><trkpt lat="62.188056524" lon="25.015392583" /><trkpt lat="62.188046824" lon="25.015382661" /><trkpt lat="62.188037185" lon="25.015372664" /><trkpt lat="62.188027604" lon="25.015362587" /><trkpt lat="62.188018078" lon="25.015352425" /><trkpt lat="62.188008601" lon="25.015342173" /><trkpt lat="62.187999172" lon="25.015331827" /><trkpt lat="62.187989785" lon="25.015321380" /><trkpt lat="62.187980437" lon="25.015310829" /><trkpt lat="62.187971125" lon="25.015300168" /><trkpt lat="62.187961845" lon="25.015289392" /><trkpt lat="62.187952592" lon="25.015278496" /><trkpt lat="62.187943364" lon="25.015267476" /><trkpt lat="62.187934157" lon="25.015256325" /><trkpt lat="62.187924966" lon="25.015245040" /><trkpt lat="62.187915788" lon="25.015233614" /><trkpt lat="62.187906620" lon="25.015222044" /><trkpt lat="62.187897457" lon="25.015210323" /><trkpt lat="62.187888296" lon="25.015198448" /><trkpt lat="62.187879134" lon="25.015186413" /><trkpt lat="62.187869965" lon="25.015174212" /><trkpt lat="62.187860788" lon="25.015161842" /><trkpt lat="62.187851597" lon="25.015149296" /><trkpt lat="62.187842390" lon="25.015136570" /><trkpt lat="62.187833162" lon="25.015123660" /><trkpt lat="62.187823910" lon="25.015110559" /><trkpt lat="62.187814631" lon="25.015097263" /><trkpt lat="62.187805319" lon="25.015083767" /><trkpt lat="62.187795972" lon="25.015070066" /><trkpt lat="62.187786586" lon="25.015056155" /><trkpt lat="62.187777157" lon="25.015042028" /><trkpt lat="62.187767682" lon="25.015027681" /><trkpt lat="62.187758156" lon="25.015013109" /><trkpt lat="62.187748576" lon="25.014998307" /><trkpt lat="62.187738938" lon="25.014983270" /><trkpt lat="62.187729239" lon="25.014967992" /><trkpt lat="62.187719475" lon="25.014952470" /><trkpt lat="62.187709642" lon="25.014936696" /><trkpt lat="62.187699736" lon="25.014920668" /><trkpt lat="62.187689753" lon="25.014904379" /><trkpt lat="62.187679691" lon="25.014887825" /><trkpt lat="62.187669544" lon="25.014871001" /><trkpt lat="62.187659310" lon="25.014853901" /><trkpt lat="62.187648985" lon="25.014836521" /><trkpt lat="62.187638565" lon="25.014818855" /><trkpt lat="62.187628045" lon="25.014800900" /><trkpt lat="62.187617424" lon="25.014782648" /><trkpt lat="62.187606696" lon="25.014764097" /><trkpt lat="62.187595858" lon="25.014745239" /><trkpt lat="62.187584906" lon="25.014726072" /><trkpt lat="62.187573837" lon="25.014706589" /><trkpt lat="62.187562647" lon="25.014686785" /><trkpt lat="62.187551332" lon="25.014666656" /><trkpt lat="62.187539888" lon="25.014646196" /><trkpt lat="62.187528312" lon="25.014625401" /><trkpt lat="62.187516600" lon="25.014604265" /><trkpt lat="62.187504748" lon="25.014582784" /><trkpt lat="62.187492752" lon="25.014560952" /><trkpt lat="62.187480610" lon="25.014538765" /><trkpt lat="62.187472075" lon="25.014523050" /><trkpt lat="62.187463631" lon="25.014507326" /><trkpt lat="62.187455278" lon="25.014491592" /><trkpt lat="62.187447011" lon="25.014475848" /><trkpt lat="62.187438831" lon="25.014460094" /><trkpt lat="62.187430734" lon="25.014444329" /><trkpt lat="62.187422718" lon="25.014428552" /><trkpt lat="62.187414782" lon="25.014412765" /><trkpt lat="62.187406923" lon="25.014396965" /><trkpt lat="62.187399140" lon="25.014381154" /><trkpt lat="62.187391430" lon="25.014365330" /><trkpt lat="62.187383791" lon="25.014349493" /><trkpt lat="62.187376222" lon="25.014333644" /><trkpt lat="62.187368720" lon="25.014317781" /><trkpt lat="62.187361283" lon="25.014301904" /><trkpt lat="62.187353909" lon="25.014286013" /><trkpt lat="62.187346597" lon="25.014270108" /><trkpt lat="62.187339344" lon="25.014254189" /><trkpt lat="62.187332148" lon="25.014238254" /><trkpt lat="62.187325007" lon="25.014222304" /><trkpt lat="62.187317919" lon="25.014206339" /><trkpt lat="62.187310882" lon="25.014190357" /><trkpt lat="62.187303895" lon="25.014174359" /><trkpt lat="62.187296954" lon="25.014158345" /><trkpt lat="62.187290059" lon="25.014142313" /><trkpt lat="62.187283206" lon="25.014126265" /><trkpt lat="62.187276394" lon="25.014110198" /><trkpt lat="62.187269622" lon="25.014094114" /><trkpt lat="62.187262886" lon="25.014078012" /><trkpt lat="62.187256185" lon="25.014061891" /><trkpt lat="62.187249517" lon="25.014045751" /><trkpt lat="62.187242879" lon="25.014029592" /><trkpt lat="62.187236271" lon="25.014013413" /><trkpt lat="62.187229689" lon="25.013997215" /><trkpt lat="62.187223132" lon="25.013980996" /><trkpt lat="62.187216597" lon="25.013964757" /><trkpt lat="62.187210083" lon="25.013948496" /><trkpt lat="62.187203588" lon="25.013932215" /><trkpt lat="62.187197110" lon="25.013915912" /><trkpt lat="62.187190646" lon="25.013899588" /><trkpt lat="62.187184195" lon="25.013883241" /><trkpt lat="62.187177754" lon="25.013866872" /><trkpt lat="62.187171322" lon="25.013850480" /><trkpt lat="62.187164896" lon="25.013834064" /><trkpt lat="62.187158475" lon="25.013817626" /><trkpt lat="62.187152056" lon="25.013801163" /><trkpt lat="62.187145637" lon="25.013784677" /><trkpt lat="62.187139217" lon="25.013768166" /><trkpt lat="62.187132793" lon="25.013751630" /><trkpt lat="62.187126364" lon="25.013735069" /><trkpt lat="62.187119927" lon="25.013718483" /><trkpt lat="62.187113480" lon="25.013701871" /><trkpt lat="62.187107021" lon="25.013685232" /><trkpt lat="62.187100549" lon="25.013668568" /><trkpt lat="62.187094060" lon="25.013651877" /><trkpt lat="62.187087554" lon="25.013635159" /><trkpt lat="62.187081028" lon="25.013618413" /><trkpt lat="62.187074481" lon="25.013601640" /><trkpt lat="62.187067909" lon="25.013584838" /><trkpt lat="62.187061311" lon="25.013568009" /><trkpt lat="62.187054686" lon="25.013551150" /><trkpt lat="62.187048030" lon="25.013534263" /><trkpt lat="62.187041342" lon="25.013517346" /><trkpt lat="62.187034620" lon="25.013500400" /><trkpt lat="62.187027863" lon="25.013483424" /><trkpt lat="62.187021067" lon="25.013466417" /><trkpt lat="62.187014231" lon="25.013449380" /><trkpt lat="62.187007352" lon="25.013432312" /><trkpt lat="62.187000430" lon="25.013415212" /><trkpt lat="62.186993461" lon="25.013398081" /><trkpt lat="62.186986444" lon="25.013380918" /><trkpt lat="62.186979377" lon="25.013363723" /><trkpt lat="62.186972258" lon="25.013346495" /><trkpt lat="62.186965084" lon="25.013329234" /><trkpt lat="62.186957854" lon="25.013311940" /><trkpt lat="62.186950565" lon="25.013294613" /><trkpt lat="62.186943216" lon="25.013277251" /><trkpt lat="62.186935805" lon="25.013259856" /><trkpt lat="62.186928329" lon="25.013242425" /><trkpt lat="62.186920787" lon="25.013224960" /><trkpt lat="62.186913176" lon="25.013207460" /><trkpt lat="62.186905495" lon="25.013189924" /><trkpt lat="62.186897741" lon="25.013172353" /><trkpt lat="62.186889912" lon="25.013154745" /><trkpt lat="62.186880383" lon="25.013133422" /><trkpt lat="62.186870945" lon="25.013112365" /><trkpt lat="62.186861597" lon="25.013091569" /><trkpt lat="62.186852335" lon="25.013071030" /><trkpt lat="62.186843157" lon="25.013050743" /><trkpt lat="62.186834061" lon="25.013030704" /><trkpt lat="62.186825043" lon="25.013010909" /><trkpt lat="62.186816102" lon="25.012991353" /><trkpt lat="62.186807233" lon="25.012972030" /><trkpt lat="62.186798436" lon="25.012952938" /><trkpt lat="62.186789707" lon="25.012934071" /><trkpt lat="62.186781043" lon="25.012915425" /><trkpt lat="62.186772442" lon="25.012896995" /><trkpt lat="62.186763901" lon="25.012878777" /><trkpt lat="62.186755418" lon="25.012860767" /><trkpt lat="62.186746989" lon="25.012842959" /><trkpt lat="62.186738613" lon="25.012825350" /><trkpt lat="62.186730286" lon="25.012807934" /><trkpt lat="62.186722006" lon="25.012790708" /><trkpt lat="62.186713771" lon="25.012773666" /><trkpt lat="62.186705577" lon="25.012756805" /><trkpt lat="62.186697422" lon="25.012740119" /><trkpt lat="62.186689303" lon="25.012723605" /><trkpt lat="62.186681218" lon="25.012707257" /><trkpt lat="62.186673164" lon="25.012691072" /><trkpt lat="62.186665138" lon="25.012675045" /><trkpt lat="62.186657138" lon="25.012659170" /><trkpt lat="62.186649161" lon="25.012643445" /><trkpt lat="62.186641204" lon="25.012627863" /><trkpt lat="62.186633265" lon="25.012612422" /><trkpt lat="62.186625341" lon="25.012597115" /><trkpt lat="62.186617430" lon="25.012581940" /><trkpt lat="62.186609528" lon="25.012566890" /><trkpt lat="62.186601634" lon="25.012551962" /><trkpt lat="62.186593744" lon="25.012537152" /><trkpt lat="62.186585856" lon="25.012522454" /><trkpt lat="62.186577967" lon="25.012507864" /><trkpt lat="62.186570074" lon="25.012493378" /><trkpt lat="62.186562175" lon="25.012478991" /><trkpt lat="62.186554268" lon="25.012464698" /><trkpt lat="62.186546349" lon="25.012450496" /><trkpt lat="62.186538416" lon="25.012436380" /><trkpt lat="62.186530467" lon="25.012422344" /><trkpt lat="62.186522498" lon="25.012408385" /><trkpt lat="62.186514506" lon="25.012394499" /><trkpt lat="62.186506491" lon="25.012380679" /><trkpt lat="62.186498448" lon="25.012366923" /><trkpt lat="62.186490374" lon="25.012353226" /><trkpt lat="62.186482269" lon="25.012339583" /><trkpt lat="62.186474128" lon="25.012325989" /><trkpt lat="62.186465949" lon="25.012312440" /><trkpt lat="62.186457729" lon="25.012298932" /><trkpt lat="62.186449466" lon="25.012285460" /><trkpt lat="62.186441158" lon="25.012272019" /><trkpt lat="62.186432800" lon="25.012258606" /><trkpt lat="62.186424392" lon="25.012245215" /><trkpt lat="62.186415930" lon="25.012231842" /><trkpt lat="62.186407411" lon="25.012218483" /><trkpt lat="62.186398833" lon="25.012205132" /><trkpt lat="62.186390193" lon="25.012191786" /><trkpt lat="62.186381489" lon="25.012178441" /><trkpt lat="62.186372717" lon="25.012165090" /><trkpt lat="62.186363876" lon="25.012151731" /><trkpt lat="62.186354963" lon="25.012138358" /><trkpt lat="62.186345974" lon="25.012124967" /><trkpt lat="62.186336908" lon="25.012111553" /><trkpt lat="62.186327761" lon="25.012098113" /><trkpt lat="62.186318531" lon="25.012084641" /><trkpt lat="62.186309216" lon="25.012071133" /><trkpt lat="62.186300277" lon="25.012058269" /><trkpt lat="62.186291159" lon="25.012045252" /><trkpt lat="62.186281865" lon="25.012032089" /><trkpt lat="62.186272401" lon="25.012018784" /><trkpt lat="62.186262773" lon="25.012005341" /><trkpt lat="62.186252987" lon="25.011991766" /><trkpt lat="62.186243048" lon="25.011978064" /><trkpt lat="62.186232961" lon="25.011964240" /><trkpt lat="62.186222732" lon="25.011950298" /><trkpt lat="62.186212366" lon="25.011936244" /><trkpt lat="62.186201869" lon="25.011922083" /><trkpt lat="62.186191247" lon="25.011907819" /><trkpt lat="62.186180504" lon="25.011893457" /><trkpt lat="62.186169646" lon="25.011879003" /><trkpt lat="62.186158679" lon="25.011864462" /><trkpt lat="62.186147609" lon="25.011849838" /><trkpt lat="62.186136440" lon="25.011835137" /><trkpt lat="62.186125178" lon="25.011820362" /><trkpt lat="62.186113829" lon="25.011805521" /><trkpt lat="62.186102398" lon="25.011790616" /><trkpt lat="62.186090890" lon="25.011775654" /><trkpt lat="62.186079312" lon="25.011760638" /><trkpt lat="62.186067669" lon="25.011745575" /><trkpt lat="62.186055965" lon="25.011730470" /><trkpt lat="62.186044207" lon="25.011715326" /><trkpt lat="62.186032400" lon="25.011700149" /><trkpt lat="62.186020550" lon="25.011684945" /><trkpt lat="62.186008662" lon="25.011669717" /><trkpt lat="62.185996741" lon="25.011654471" /><trkpt lat="62.185984793" lon="25.011639213" /><trkpt lat="62.185972823" lon="25.011623946" /><trkpt lat="62.185960838" lon="25.011608676" /><trkpt lat="62.185948842" lon="25.011593408" /><trkpt lat="62.185936840" lon="25.011578146" /><trkpt lat="62.185924840" lon="25.011562897" /><trkpt lat="62.185912845" lon="25.011547664" /><trkpt lat="62.185900861" lon="25.011532453" /><trkpt lat="62.185888894" lon="25.011517268" /><trkpt lat="62.185876950" lon="25.011502115" /><trkpt lat="62.185865033" lon="25.011486999" /><trkpt lat="62.185853150" lon="25.011471924" /><trkpt lat="62.185841305" lon="25.011456895" /><trkpt lat="62.185829505" lon="25.011441919" /><trkpt lat="62.185817754" lon="25.011426998" /><trkpt lat="62.185806058" lon="25.011412139" /><trkpt lat="62.185794424" lon="25.011397346" /><trkpt lat="62.185782855" lon="25.011382625" /><trkpt lat="62.185771358" lon="25.011367980" /><trkpt lat="62.185759938" lon="25.011353416" /><trkpt lat="62.185748601" lon="25.011338938" /><trkpt lat="62.185737352" lon="25.011324552" /><trkpt lat="62.185726196" lon="25.011310261" /><trkpt lat="62.185715140" lon="25.011296072" /><trkpt lat="62.185704188" lon="25.011281989" /><trkpt lat="62.185693346" lon="25.011268017" /><trkpt lat="62.185682620" lon="25.011254161" /><trkpt lat="62.185672014" lon="25.011240425" /><trkpt lat="62.185661535" lon="25.011226816" /><trkpt lat="62.185651188" lon="25.011213338" /><trkpt lat="62.185640979" lon="25.011199995" /><trkpt lat="62.185630912" lon="25.011186794" /><trkpt lat="62.185620994" lon="25.011173738" /><trkpt lat="62.185611229" lon="25.011160833" /><trkpt lat="62.185601624" lon="25.011148083" /><trkpt lat="62.185592184" lon="25.011135494" /><trkpt lat="62.185582914" lon="25.011123071" /><trkpt lat="62.185573820" lon="25.011110819" /><trkpt lat="62.185564908" lon="25.011098742" /><trkpt lat="62.185556182" lon="25.011086845" /><trkpt lat="62.185547648" lon="25.011075134" /><trkpt lat="62.185539312" lon="25.011063614" /><trkpt lat="62.185531179" lon="25.011052289" /><trkpt lat="62.185523255" lon="25.011041164" /><trkpt lat="62.185514085" lon="25.011028177" /><trkpt lat="62.185504985" lon="25.011015169" /><trkpt lat="62.185495952" lon="25.011002137" /><trkpt lat="62.185486986" lon="25.010989076" /><trkpt lat="62.185478086" lon="25.010975984" /><trkpt lat="62.185469251" lon="25.010962856" /><trkpt lat="62.185460479" lon="25.010949689" /><trkpt lat="62.185451770" lon="25.010936478" /><trkpt lat="62.185443121" lon="25.010923221" /><trkpt lat="62.185434533" lon="25.010909913" /><trkpt lat="62.185426004" lon="25.010896550" /><trkpt lat="62.185417533" lon="25.010883128" /><trkpt lat="62.185409118" lon="25.010869645" /><trkpt lat="62.185400760" lon="25.010856096" /><trkpt lat="62.185392455" lon="25.010842477" /><trkpt lat="62.185384204" lon="25.010828785" /><trkpt lat="62.185376005" lon="25.010815015" /><trkpt lat="62.185367857" lon="25.010801164" /><trkpt lat="62.185359759" lon="25.010787229" /><trkpt lat="62.185351709" lon="25.010773205" /><trkpt lat="62.185343708" lon="25.010759088" /><trkpt lat="62.185335753" lon="25.010744876" /><trkpt lat="62.185327843" lon="25.010730563" /><trkpt lat="62.185319977" lon="25.010716147" /><trkpt lat="62.185312155" lon="25.010701623" /><trkpt lat="62.185304374" lon="25.010686988" /><trkpt lat="62.185296635" lon="25.010672238" /><trkpt lat="62.185288935" lon="25.010657369" /><trkpt lat="62.185281273" lon="25.010642377" /><trkpt lat="62.185273649" lon="25.010627259" /><trkpt lat="62.185266062" lon="25.010612011" /><trkpt lat="62.185258509" lon="25.010596629" /><trkpt lat="62.185250991" lon="25.010581109" /><trkpt lat="62.185243505" lon="25.010565447" /><trkpt lat="62.185236051" lon="25.010549641" /><trkpt lat="62.185228628" lon="25.010533685" /><trkpt lat="62.185221234" lon="25.010517576" /><trkpt lat="62.185213869" lon="25.010501311" /><trkpt lat="62.185206531" lon="25.010484885" /><trkpt lat="62.185199219" lon="25.010468295" /><trkpt lat="62.185191931" lon="25.010451537" /><trkpt lat="62.185184668" lon="25.010434607" /><trkpt lat="62.185177428" lon="25.010417501" /><trkpt lat="62.185170209" lon="25.010400217" /><trkpt lat="62.185163010" lon="25.010382749" /><trkpt lat="62.185155831" lon="25.010365094" /><trkpt lat="62.185148669" lon="25.010347248" /><trkpt lat="62.185141525" lon="25.010329208" /><trkpt lat="62.185134397" lon="25.010310970" /><trkpt lat="62.185127283" lon="25.010292530" /><trkpt lat="62.185120183" lon="25.010273884" /><trkpt lat="62.185113096" lon="25.010255028" /><trkpt lat="62.185106020" lon="25.010235959" /><trkpt lat="62.185098954" lon="25.010216673" /><trkpt lat="62.185091897" lon="25.010197166" /><trkpt lat="62.185084848" lon="25.010177434" /><trkpt lat="62.185077806" lon="25.010157473" /><trkpt lat="62.185070769" lon="25.010137281" /><trkpt lat="62.185063738" lon="25.010116852" /><trkpt lat="62.185056709" lon="25.010096183" /><trkpt lat="62.185049683" lon="25.010075271" /><trkpt lat="62.185042658" lon="25.010054111" /><trkpt lat="62.185037210" lon="25.010037670" /><trkpt lat="62.185031758" lon="25.010021335" /><trkpt lat="62.185026304" lon="25.010005101" /><trkpt lat="62.185020850" lon="25.009988963" /><trkpt lat="62.185015400" lon="25.009972916" /><trkpt lat="62.185009954" lon="25.009956955" /><trkpt lat="62.185004516" lon="25.009941076" /><trkpt lat="62.184999088" lon="25.009925274" /><trkpt lat="62.184993673" lon="25.009909544" /><trkpt lat="62.184988273" lon="25.009893881" /><trkpt lat="62.184982891" lon="25.009878280" /><trkpt lat="62.184977529" lon="25.009862737" /><trkpt lat="62.184972189" lon="25.009847246" /><trkpt lat="62.184966874" lon="25.009831802" /><trkpt lat="62.184961587" lon="25.009816402" /><trkpt lat="62.184956330" lon="25.009801040" /><trkpt lat="62.184951105" lon="25.009785711" /><trkpt lat="62.184945915" lon="25.009770410" /><trkpt lat="62.184940762" lon="25.009755133" /><trkpt lat="62.184935649" lon="25.009739874" /><trkpt lat="62.184930578" lon="25.009724629" /><trkpt lat="62.184925552" lon="25.009709393" /><trkpt lat="62.184920573" lon="25.009694162" /><trkpt lat="62.184915644" lon="25.009678929" /><trkpt lat="62.184910766" lon="25.009663692" /><trkpt lat="62.184905944" lon="25.009648443" /><trkpt lat="62.184901178" lon="25.009633180" /><trkpt lat="62.184896472" lon="25.009617896" /><trkpt lat="62.184891828" lon="25.009602588" /><trkpt lat="62.184887248" lon="25.009587250" /><trkpt lat="62.184882735" lon="25.009571877" /><trkpt lat="62.184878292" lon="25.009556465" /><trkpt lat="62.184873920" lon="25.009541009" /><trkpt lat="62.184869623" lon="25.009525503" /><trkpt lat="62.184865402" lon="25.009509944" /><trkpt lat="62.184861260" lon="25.009494326" /><trkpt lat="62.184857201" lon="25.009478644" /><trkpt lat="62.184853225" lon="25.009462894" /><trkpt lat="62.184849336" lon="25.009447070" /><trkpt lat="62.184845536" lon="25.009431168" /><trkpt lat="62.184841827" lon="25.009415184" /><trkpt lat="62.184838212" lon="25.009399111" /><trkpt lat="62.184834694" lon="25.009382946" /><trkpt lat="62.184831275" lon="25.009366683" /><trkpt lat="62.184827957" lon="25.009350318" /><trkpt lat="62.184824743" lon="25.009333846" /><trkpt lat="62.184821636" lon="25.009317262" /><trkpt lat="62.184818637" lon="25.009300561" /><trkpt lat="62.184815749" lon="25.009283738" /><trkpt lat="62.184812975" lon="25.009266789" /><trkpt lat="62.184810317" lon="25.009249708" /><trkpt lat="62.184807778" lon="25.009232491" /><trkpt lat="62.184805360" lon="25.009215133" /><trkpt lat="62.184803065" lon="25.009197629" /><trkpt lat="62.184800897" lon="25.009179975" /><trkpt lat="62.184798857" lon="25.009162164" /><trkpt lat="62.184796948" lon="25.009144194" /><trkpt lat="62.184795172" lon="25.009126058" /><trkpt lat="62.184793532" lon="25.009107752" /><trkpt lat="62.184792031" lon="25.009089271" /><trkpt lat="62.184790670" lon="25.009070610" /><trkpt lat="62.184789453" lon="25.009051764" /><trkpt lat="62.184788381" lon="25.009032729" /><trkpt lat="62.184787457" lon="25.009013500" /><trkpt lat="62.184786685" lon="25.008994072" /><trkpt lat="62.184786065" lon="25.008974439" /><trkpt lat="62.184785601" lon="25.008954598" /><trkpt lat="62.184785295" lon="25.008934543" /><trkpt lat="62.184785149" lon="25.008914270" /><trkpt lat="62.184785167" lon="25.008893773" /><trkpt lat="62.184785349" lon="25.008873048" /><trkpt lat="62.184785700" lon="25.008852090" /><trkpt lat="62.184786221" lon="25.008830894" /><trkpt lat="62.184786915" lon="25.008809456" /><trkpt lat="62.184787785" lon="25.008787770" /><trkpt lat="62.184788832" lon="25.008765831" /><trkpt lat="62.184790059" lon="25.008743635" /><trkpt lat="62.184791469" lon="25.008721177" /><trkpt lat="62.184793064" lon="25.008698453" /><trkpt lat="62.184794847" lon="25.008675456" /><trkpt lat="62.184796283" lon="25.008657917" /><trkpt lat="62.184797757" lon="25.008640222" /><trkpt lat="62.184799268" lon="25.008622375" /><trkpt lat="62.184800816" lon="25.008604380" /><trkpt lat="62.184802399" lon="25.008586243" /><trkpt lat="62.184804018" lon="25.008567967" /><trkpt lat="62.184805670" lon="25.008549557" /><trkpt lat="62.184807355" lon="25.008531017" /><trkpt lat="62.184809074" lon="25.008512351" /><trkpt lat="62.184810823" lon="25.008493564" /><trkpt lat="62.184812604" lon="25.008474660" /><trkpt lat="62.184814415" lon="25.008455643" /><trkpt lat="62.184816255" lon="25.008436518" /><trkpt lat="62.184818124" lon="25.008417290" /><trkpt lat="62.184820021" lon="25.008397962" /><trkpt lat="62.184821945" lon="25.008378538" /><trkpt lat="62.184823895" lon="25.008359024" /><trkpt lat="62.184825870" lon="25.008339424" /><trkpt lat="62.184827870" lon="25.008319741" /><trkpt lat="62.184829895" lon="25.008299981" /><trkpt lat="62.184831942" lon="25.008280147" /><trkpt lat="62.184834011" lon="25.008260244" /><trkpt lat="62.184836102" lon="25.008240276" /><trkpt lat="62.184838214" lon="25.008220249" /><trkpt lat="62.184840346" lon="25.008200165" /><trkpt lat="62.184842497" lon="25.008180029" /><trkpt lat="62.184844667" lon="25.008159846" /><trkpt lat="62.184846854" lon="25.008139621" /><trkpt lat="62.184849058" lon="25.008119356" /><trkpt lat="62.184851278" lon="25.008099058" /><trkpt lat="62.184853514" lon="25.008078729" /><trkpt lat="62.184855764" lon="25.008058375" /><trkpt lat="62.184858028" lon="25.008038000" /><trkpt lat="62.184860304" lon="25.008017608" /><trkpt lat="62.184862593" lon="25.007997204" /><trkpt lat="62.184864894" lon="25.007976791" /><trkpt lat="62.184867204" lon="25.007956374" /><trkpt lat="62.184869525" lon="25.007935959" /><trkpt lat="62.184871855" lon="25.007915548" /><trkpt lat="62.184874193" lon="25.007895146" /><trkpt lat="62.184876539" lon="25.007874758" /><trkpt lat="62.184878891" lon="25.007854388" /><trkpt lat="62.184881249" lon="25.007834040" /><trkpt lat="62.184883612" lon="25.007813719" /><trkpt lat="62.184885980" lon="25.007793429" /><trkpt lat="62.184888351" lon="25.007773174" /><trkpt lat="62.184890726" lon="25.007752959" /><trkpt lat="62.184893102" lon="25.007732788" /><trkpt lat="62.184895479" lon="25.007712666" /><trkpt lat="62.184897857" lon="25.007692596" /><trkpt lat="62.184900234" lon="25.007672584" /><trkpt lat="62.184902611" lon="25.007652633" /><trkpt lat="62.184904985" lon="25.007632747" /><trkpt lat="62.184907357" lon="25.007612932" /><trkpt lat="62.184909725" lon="25.007593192" /><trkpt lat="62.184912089" lon="25.007573530" /><trkpt lat="62.184914448" lon="25.007553952" /><trkpt lat="62.184916802" lon="25.007534461" /><trkpt lat="62.184919148" lon="25.007515062" /><trkpt lat="62.184921488" lon="25.007495759" /><trkpt lat="62.184923819" lon="25.007476557" /><trkpt lat="62.184926141" lon="25.007457460" /><trkpt lat="62.184928454" lon="25.007438473" /><trkpt lat="62.184930756" lon="25.007419599" /><trkpt lat="62.184933047" lon="25.007400843" /><trkpt lat="62.184935325" lon="25.007382209" /><trkpt lat="62.184937591" lon="25.007363703" /><trkpt lat="62.184939844" lon="25.007345327" /><trkpt lat="62.184942081" lon="25.007327087" /><trkpt lat="62.184944304" lon="25.007308986" /><trkpt lat="62.184946511" lon="25.007291030" /><trkpt lat="62.184948701" lon="25.007273222" /><trkpt lat="62.184950873" lon="25.007255567" /><trkpt lat="62.184953027" lon="25.007238070" /><trkpt lat="62.184955162" lon="25.007220734" /><trkpt lat="62.184957278" lon="25.007203563" /><trkpt lat="62.184959372" lon="25.007186563" /><trkpt lat="62.184961445" lon="25.007169738" /><trkpt lat="62.184963496" lon="25.007153091" /><trkpt lat="62.184965524" lon="25.007136628" /><trkpt lat="62.184967528" lon="25.007120353" /><trkpt lat="62.184969508" lon="25.007104269" /><trkpt lat="62.184971462" lon="25.007088382" /><trkpt lat="62.184973390" lon="25.007072696" /><trkpt lat="62.184975291" lon="25.007057214" /><trkpt lat="62.184977164" lon="25.007041943" /><trkpt lat="62.184979009" lon="25.007026884" /><trkpt lat="62.184980825" lon="25.007012044" /><trkpt lat="62.184982611" lon="25.006997427" /><trkpt lat="62.184984366" lon="25.006983036" /><trkpt lat="62.184986089" lon="25.006968876" /><trkpt lat="62.184987780" lon="25.006954952" /><trkpt lat="62.184989437" lon="25.006941268" /><trkpt lat="62.184991061" lon="25.006927828" /><trkpt lat="62.184992650" lon="25.006914637" /><trkpt lat="62.184994204" lon="25.006901698" /><trkpt lat="62.184995721" lon="25.006889017" /><trkpt lat="62.184997201" lon="25.006876597" /><trkpt lat="62.184998643" lon="25.006864444" /><trkpt lat="62.185000047" lon="25.006852560" /><trkpt lat="62.185001411" lon="25.006840952" /><trkpt lat="62.185002735" lon="25.006829622" /><trkpt lat="62.185004018" lon="25.006818576" /><trkpt lat="62.185005260" lon="25.006807817" /><trkpt lat="62.185006458" lon="25.006797351" /><trkpt lat="62.185007614" lon="25.006787181" /><trkpt lat="62.185010992" lon="25.006757482" /><trkpt lat="62.185014264" lon="25.006729048" /><trkpt lat="62.185017432" lon="25.006701828" /><trkpt lat="62.185020500" lon="25.006675773" /><trkpt lat="62.185023472" lon="25.006650834" /><trkpt lat="62.185026351" lon="25.006626961" /><trkpt lat="62.185029141" lon="25.006604104" /><trkpt lat="62.185031845" lon="25.006582214" /><trkpt lat="62.185034466" lon="25.006561242" /><trkpt lat="62.185037009" lon="25.006541137" /><trkpt lat="62.185039477" lon="25.006521851" /><trkpt lat="62.185041873" lon="25.006503333" /><trkpt lat="62.185044200" lon="25.006485535" /><trkpt lat="62.185046463" lon="25.006468406" /><trkpt lat="62.185048664" lon="25.006451897" /><trkpt lat="62.185050807" lon="25.006435959" /><trkpt lat="62.185052897" lon="25.006420541" /><trkpt lat="62.185054935" lon="25.006405596" /><trkpt lat="62.185056926" lon="25.006391072" /><trkpt lat="62.185058873" lon="25.006376920" /><trkpt lat="62.185060780" lon="25.006363091" /><trkpt lat="62.185062651" lon="25.006349536" /><trkpt lat="62.185064488" lon="25.006336204" /><trkpt lat="62.185066295" lon="25.006323047" /><trkpt lat="62.185068076" lon="25.006310014" /><trkpt lat="62.185069834" lon="25.006297056" /><trkpt lat="62.185071573" lon="25.006284123" /><trkpt lat="62.185073296" lon="25.006271167" /><trkpt lat="62.185075007" lon="25.006258137" /><trkpt lat="62.185076709" lon="25.006244984" /><trkpt lat="62.185078406" lon="25.006231658" /><trkpt lat="62.185080101" lon="25.006218110" /><trkpt lat="62.185081798" lon="25.006204290" /><trkpt lat="62.185083500" lon="25.006190149" /><trkpt lat="62.185085211" lon="25.006175637" /><trkpt lat="62.185087095" lon="25.006158790" /><trkpt lat="62.185088767" lon="25.006142572" /><trkpt lat="62.185090265" lon="25.006126966" /><trkpt lat="62.185091628" lon="25.006111957" /><trkpt lat="62.185092894" lon="25.006097530" /><trkpt lat="62.185094102" lon="25.006083670" /><trkpt lat="62.185095290" lon="25.006070360" /><trkpt lat="62.185096496" lon="25.006057585" /><trkpt lat="62.185097759" lon="25.006045330" /><trkpt lat="62.185099117" lon="25.006033580" /><trkpt lat="62.185100609" lon="25.006022318" /><trkpt lat="62.185102272" lon="25.006011529" /><trkpt lat="62.185104146" lon="25.006001198" /><trkpt lat="62.185106268" lon="25.005991309" /><trkpt lat="62.185108678" lon="25.005981848" /><trkpt lat="62.185111413" lon="25.005972797" /><trkpt lat="62.185114511" lon="25.005964142" /><trkpt lat="62.185118012" lon="25.005955868" /><trkpt lat="62.185121953" lon="25.005947958" /><trkpt lat="62.185126373" lon="25.005940398" /><trkpt lat="62.185131311" lon="25.005933171" /><trkpt lat="62.185136804" lon="25.005926263" /><trkpt lat="62.185142892" lon="25.005919657" /><trkpt lat="62.185149611" lon="25.005913339" /><trkpt lat="62.185157002" lon="25.005907292" /><trkpt lat="62.185165102" lon="25.005901502" /><trkpt lat="62.185173949" lon="25.005895953" /><trkpt lat="62.185183583" lon="25.005890628" /><trkpt lat="62.185194040" lon="25.005885514" /><trkpt lat="62.185205361" lon="25.005880594" /><trkpt lat="62.185214956" lon="25.005876485" /><trkpt lat="62.185225145" lon="25.005871793" /><trkpt lat="62.185235898" lon="25.005866538" /><trkpt lat="62.185247187" lon="25.005860740" /><trkpt lat="62.185258979" lon="25.005854417" /><trkpt lat="62.185271247" lon="25.005847589" /><trkpt lat="62.185283960" lon="25.005840275" /><trkpt lat="62.185297087" lon="25.005832495" /><trkpt lat="62.185310601" lon="25.005824268" /><trkpt lat="62.185324469" lon="25.005815614" /><trkpt lat="62.185338664" lon="25.005806551" /><trkpt lat="62.185353154" lon="25.005797099" /><trkpt lat="62.185367910" lon="25.005787278" /><trkpt lat="62.185382903" lon="25.005777106" /><trkpt lat="62.185398102" lon="25.005766604" /><trkpt lat="62.185413477" lon="25.005755790" /><trkpt lat="62.185429000" lon="25.005744684" /><trkpt lat="62.185444639" lon="25.005733305" /><trkpt lat="62.185460365" lon="25.005721673" /><trkpt lat="62.185476148" lon="25.005709807" /><trkpt lat="62.185491958" lon="25.005697726" /><trkpt lat="62.185507767" lon="25.005685450" /><trkpt lat="62.185523542" lon="25.005672998" /><trkpt lat="62.185539256" lon="25.005660390" /><trkpt lat="62.185554878" lon="25.005647644" /><trkpt lat="62.185570378" lon="25.005634780" /><trkpt lat="62.185585726" lon="25.005621817" /><trkpt lat="62.185600893" lon="25.005608776" /><trkpt lat="62.185615849" lon="25.005595674" /><trkpt lat="62.185630563" lon="25.005582532" /><trkpt lat="62.185645006" lon="25.005569369" /><trkpt lat="62.185659149" lon="25.005556205" /><trkpt lat="62.185672961" lon="25.005543057" /><trkpt lat="62.185686412" lon="25.005529947" /><trkpt lat="62.185699474" lon="25.005516893" /><trkpt lat="62.185712115" lon="25.005503915" /><trkpt lat="62.185724306" lon="25.005491032" /><trkpt lat="62.185736017" lon="25.005478263" /><trkpt lat="62.185750100" lon="25.005462466" /><trkpt lat="62.185763338" lon="25.005447230" /><trkpt lat="62.185775771" lon="25.005432510" /><trkpt lat="62.185787440" lon="25.005418258" /><trkpt lat="62.185798386" lon="25.005404428" /><trkpt lat="62.185808647" lon="25.005390973" /><trkpt lat="62.185818263" lon="25.005377848" /><trkpt lat="62.185827276" lon="25.005365005" /><trkpt lat="62.185835725" lon="25.005352398" /><trkpt lat="62.185843649" lon="25.005339980" /><trkpt lat="62.185851090" lon="25.005327706" /><trkpt lat="62.185858087" lon="25.005315528" /><trkpt lat="62.185864680" lon="25.005303400" /><trkpt lat="62.185870909" lon="25.005291276" /><trkpt lat="62.185876815" lon="25.005279109" /><trkpt lat="62.185882437" lon="25.005266852" /><trkpt lat="62.185887815" lon="25.005254460" /><trkpt lat="62.185892990" lon="25.005241885" /><trkpt lat="62.185898001" lon="25.005229082" /><trkpt lat="62.185902889" lon="25.005216002" /><trkpt lat="62.185907693" lon="25.005202602" /><trkpt lat="62.185912453" lon="25.005188832" /><trkpt lat="62.185917211" lon="25.005174648" /><trkpt lat="62.185922005" lon="25.005160003" /><trkpt lat="62.185926876" lon="25.005144849" /><trkpt lat="62.185931864" lon="25.005129142" /><trkpt lat="62.185937008" lon="25.005112833" /><trkpt lat="62.185942350" lon="25.005095878" /><trkpt lat="62.185947928" lon="25.005078228" /><trkpt lat="62.185953784" lon="25.005059838" /><trkpt lat="62.185959188" lon="25.005043152" /><trkpt lat="62.185964801" lon="25.005026249" /><trkpt lat="62.185970623" lon="25.005009162" /><trkpt lat="62.185976653" lon="25.004991925" /><trkpt lat="62.185982893" lon="25.004974573" /><trkpt lat="62.185989343" lon="25.004957137" /><trkpt lat="62.185996003" lon="25.004939652" /><trkpt lat="62.186002873" lon="25.004922152" /><trkpt lat="62.186009954" lon="25.004904670" /><trkpt lat="62.186017247" lon="25.004887239" /><trkpt lat="62.186024751" lon="25.004869893" /><trkpt lat="62.186032467" lon="25.004852667" /><trkpt lat="62.186040396" lon="25.004835592" /><trkpt lat="62.186048538" lon="25.004818704" /><trkpt lat="62.186056892" lon="25.004802035" /><trkpt lat="62.186065461" lon="25.004785619" /><trkpt lat="62.186074243" lon="25.004769489" /><trkpt lat="62.186083240" lon="25.004753680" /><trkpt lat="62.186092451" lon="25.004738224" /><trkpt lat="62.186101878" lon="25.004723156" /><trkpt lat="62.186111520" lon="25.004708509" /><trkpt lat="62.186121378" lon="25.004694316" /><trkpt lat="62.186131452" lon="25.004680612" /><trkpt lat="62.186141743" lon="25.004667429" /><trkpt lat="62.186152251" lon="25.004654801" /><trkpt lat="62.186162976" lon="25.004642762" /><trkpt lat="62.186173920" lon="25.004631346" /><trkpt lat="62.186185081" lon="25.004620585" /><trkpt lat="62.186196461" lon="25.004610514" /><trkpt lat="62.186208060" lon="25.004601166" /><trkpt lat="62.186219878" lon="25.004592574" /><trkpt lat="62.186231916" lon="25.004584773" /><trkpt lat="62.186244174" lon="25.004577796" /><trkpt lat="62.186256652" lon="25.004571676" /><trkpt lat="62.186270909" lon="25.004565270" /><trkpt lat="62.186285139" lon="25.004558910" /><trkpt lat="62.186299331" lon="25.004552568" /><trkpt lat="62.186313475" lon="25.004546220" /><trkpt lat="62.186327560" lon="25.004539837" /><trkpt lat="62.186341575" lon="25.004533396" /><trkpt lat="62.186355510" lon="25.004526868" /><trkpt lat="62.186369354" lon="25.004520229" /><trkpt lat="62.186383098" lon="25.004513451" /><trkpt lat="62.186396729" lon="25.004506509" /><trkpt lat="62.186410238" lon="25.004499375" /><trkpt lat="62.186423614" lon="25.004492025" /><trkpt lat="62.186436846" lon="25.004484432" /><trkpt lat="62.186449925" lon="25.004476569" /><trkpt lat="62.186462839" lon="25.004468411" /><trkpt lat="62.186475577" lon="25.004459931" /><trkpt lat="62.186488130" lon="25.004451103" /><trkpt lat="62.186500486" lon="25.004441900" /><trkpt lat="62.186512636" lon="25.004432297" /><trkpt lat="62.186524568" lon="25.004422267" /><trkpt lat="62.186536272" lon="25.004411784" /><trkpt lat="62.186547737" lon="25.004400822" /><trkpt lat="62.186558953" lon="25.004389355" /><trkpt lat="62.186569910" lon="25.004377356" /><trkpt lat="62.186580596" lon="25.004364798" /><trkpt lat="62.186591001" lon="25.004351657" /><trkpt lat="62.186601115" lon="25.004337906" /><trkpt lat="62.186610927" lon="25.004323517" /><trkpt lat="62.186620426" lon="25.004308467" /><trkpt lat="62.186629602" lon="25.004292727" /><trkpt lat="62.186637922" lon="25.004277715" /><trkpt lat="62.186646004" lon="25.004262848" /><trkpt lat="62.186653876" lon="25.004248110" /><trkpt lat="62.186661564" lon="25.004233487" /><trkpt lat="62.186669094" lon="25.004218967" /><trkpt lat="62.186676492" lon="25.004204536" /><trkpt lat="62.186683787" lon="25.004190179" /><trkpt lat="62.186691003" lon="25.004175883" /><trkpt lat="62.186698168" lon="25.004161634" /><trkpt lat="62.186705309" lon="25.004147418" /><trkpt lat="62.186712451" lon="25.004133223" /><trkpt lat="62.186719621" lon="25.004119033" /><trkpt lat="62.186726847" lon="25.004104835" /><trkpt lat="62.186734154" lon="25.004090615" /><trkpt lat="62.186741569" lon="25.004076360" /><trkpt lat="62.186749120" lon="25.004062057" /><trkpt lat="62.186756831" lon="25.004047690" /><trkpt lat="62.186764730" lon="25.004033246" /><trkpt lat="62.186772844" lon="25.004018713" /><trkpt lat="62.186781199" lon="25.004004075" /><trkpt lat="62.186789821" lon="25.003989319" /><trkpt lat="62.186798738" lon="25.003974432" /><trkpt lat="62.186807976" lon="25.003959399" /><trkpt lat="62.186817561" lon="25.003944207" /><trkpt lat="62.186827519" lon="25.003928842" /><trkpt lat="62.186837879" lon="25.003913291" /><trkpt lat="62.186848666" lon="25.003897539" /><trkpt lat="62.186859906" lon="25.003881573" /><trkpt lat="62.186871627" lon="25.003865379" /><trkpt lat="62.186883854" lon="25.003848944" /><trkpt lat="62.186896615" lon="25.003832253" /><trkpt lat="62.186909936" lon="25.003815293" /><trkpt lat="62.186920898" lon="25.003801526" /><trkpt lat="62.186931999" lon="25.003787591" /><trkpt lat="62.186943231" lon="25.003773502" /><trkpt lat="62.186954582" lon="25.003759273" /><trkpt lat="62.186966043" lon="25.003744917" /><trkpt lat="62.186977604" lon="25.003730448" /><trkpt lat="62.186989254" lon="25.003715879" /><trkpt lat="62.187000984" lon="25.003701224" /><trkpt lat="62.187012784" lon="25.003686497" /><trkpt lat="62.187024643" lon="25.003671711" /><trkpt lat="62.187036551" lon="25.003656880" /><trkpt lat="62.187048498" lon="25.003642017" /><trkpt lat="62.187060475" lon="25.003627136" /><trkpt lat="62.187072470" lon="25.003612251" /><trkpt lat="62.187084474" lon="25.003597374" /><trkpt lat="62.187096478" lon="25.003582520" /><trkpt lat="62.187108469" lon="25.003567703" /><trkpt lat="62.187120440" lon="25.003552935" /><trkpt lat="62.187132379" lon="25.003538231" /><trkpt lat="62.187144276" lon="25.003523603" /><trkpt lat="62.187156122" lon="25.003509066" /><trkpt lat="62.187167907" lon="25.003494633" /><trkpt lat="62.187179619" lon="25.003480318" /><trkpt lat="62.187191249" lon="25.003466134" /><trkpt lat="62.187202788" lon="25.003452095" /><trkpt lat="62.187214224" lon="25.003438214" /><trkpt lat="62.187225549" lon="25.003424506" /><trkpt lat="62.187236751" lon="25.003410982" /><trkpt lat="62.187247820" lon="25.003397659" /><trkpt lat="62.187258747" lon="25.003384547" /><trkpt lat="62.187269522" lon="25.003371662" /><trkpt lat="62.187280134" lon="25.003359017" /><trkpt lat="62.187290574" lon="25.003346626" /><trkpt lat="62.187300830" lon="25.003334501" /><trkpt lat="62.187310894" lon="25.003322657" /><trkpt lat="62.187320754" lon="25.003311108" /><trkpt lat="62.187330402" lon="25.003299866" /><trkpt lat="62.187339827" lon="25.003288945" /><trkpt lat="62.187349018" lon="25.003278360" /><trkpt lat="62.187357966" lon="25.003268123" /><trkpt lat="62.187369673" lon="25.003254752" /><trkpt lat="62.187381278" lon="25.003241477" /><trkpt lat="62.187392792" lon="25.003228324" /><trkpt lat="62.187404229" lon="25.003215318" /><trkpt lat="62.187415603" lon="25.003202483" /><trkpt lat="62.187426927" lon="25.003189845" /><trkpt lat="62.187438214" lon="25.003177429" /><trkpt lat="62.187449478" lon="25.003165259" /><trkpt lat="62.187460731" lon="25.003153362" /><trkpt lat="62.187471988" lon="25.003141761" /><trkpt lat="62.187483262" lon="25.003130482" /><trkpt lat="62.187494566" lon="25.003119550" /><trkpt lat="62.187505913" lon="25.003108990" /><trkpt lat="62.187517317" lon="25.003098826" /><trkpt lat="62.187528791" lon="25.003089085" /><trkpt lat="62.187540348" lon="25.003079791" /><trkpt lat="62.187552002" lon="25.003070969" /><trkpt lat="62.187563767" lon="25.003062644" /><trkpt lat="62.187575655" lon="25.003054841" /><trkpt lat="62.187587679" lon="25.003047585" /><trkpt lat="62.187599854" lon="25.003040902" /><trkpt lat="62.187612192" lon="25.003034816" /><trkpt lat="62.187624707" lon="25.003029352" /><trkpt lat="62.187637413" lon="25.003024535" /><trkpt lat="62.187650322" lon="25.003020391" /><trkpt lat="62.187663447" lon="25.003016944" /><trkpt lat="62.187676804" lon="25.003014219" /><trkpt lat="62.187690403" lon="25.003012242" /><trkpt lat="62.187704260" lon="25.003011038" /><trkpt lat="62.187718387" lon="25.003010631" /><trkpt lat="62.187732646" lon="25.003010680" /><trkpt lat="62.187746891" lon="25.003010810" /><trkpt lat="62.187761127" lon="25.003010995" /><trkpt lat="62.187775355" lon="25.003011209" /><trkpt lat="62.187789581" lon="25.003011425" /><trkpt lat="62.187803806" lon="25.003011618" /><trkpt lat="62.187818035" lon="25.003011760" /><trkpt lat="62.187832270" lon="25.003011826" /><trkpt lat="62.187846516" lon="25.003011789" /><trkpt lat="62.187860774" lon="25.003011624" /><trkpt lat="62.187875050" lon="25.003011304" /><trkpt lat="62.187889345" lon="25.003010802" /><trkpt lat="62.187903664" lon="25.003010093" /><trkpt lat="62.187918010" lon="25.003009151" /><trkpt lat="62.187932385" lon="25.003007948" /><trkpt lat="62.187946794" lon="25.003006460" /><trkpt lat="62.187961239" lon="25.003004659" /><trkpt lat="62.187975725" lon="25.003002520" /><trkpt lat="62.187990254" lon="25.003000015" /><trkpt lat="62.188004830" lon="25.002997120" /><trkpt lat="62.188019455" lon="25.002993808" /><trkpt lat="62.188034135" lon="25.002990052" /><trkpt lat="62.188048870" lon="25.002985826" /><trkpt lat="62.188063666" lon="25.002981105" /><trkpt lat="62.188078526" lon="25.002975861" /><trkpt lat="62.188093452" lon="25.002970069" /><trkpt lat="62.188108448" lon="25.002963703" /><trkpt lat="62.188123517" lon="25.002956735" /><trkpt lat="62.188138664" lon="25.002949141" /><trkpt lat="62.188153890" lon="25.002940893" /><trkpt lat="62.188165993" lon="25.002934041" /><trkpt lat="62.188178782" lon="25.002926710" /><trkpt lat="62.188192215" lon="25.002918925" /><trkpt lat="62.188206248" lon="25.002910716" /><trkpt lat="62.188220837" lon="25.002902109" /><trkpt lat="62.188235939" lon="25.002893133" /><trkpt lat="62.188251511" lon="25.002883816" /><trkpt lat="62.188267508" lon="25.002874184" /><trkpt lat="62.188283888" lon="25.002864265" /><trkpt lat="62.188300606" lon="25.002854088" /><trkpt lat="62.188317620" lon="25.002843680" /><trkpt lat="62.188334885" lon="25.002833068" /><trkpt lat="62.188352358" lon="25.002822280" /><trkpt lat="62.188369996" lon="25.002811344" /><trkpt lat="62.188387754" lon="25.002800288" /><trkpt lat="62.188405591" lon="25.002789139" /><trkpt lat="62.188423461" lon="25.002777925" /><trkpt lat="62.188441321" lon="25.002766673" /><trkpt lat="62.188459129" lon="25.002755411" /><trkpt lat="62.188476839" lon="25.002744168" /><trkpt lat="62.188494410" lon="25.002732970" /><trkpt lat="62.188511796" lon="25.002721845" /><trkpt lat="62.188528956" lon="25.002710822" /><trkpt lat="62.188545844" lon="25.002699927" /><trkpt lat="62.188562418" lon="25.002689188" /><trkpt lat="62.188578634" lon="25.002678633" /><trkpt lat="62.188594448" lon="25.002668289" /><trkpt lat="62.188609818" lon="25.002658185" /><trkpt lat="62.188624698" lon="25.002648348" /><trkpt lat="62.188639047" lon="25.002638806" /><trkpt lat="62.188652820" lon="25.002629586" /><trkpt lat="62.188665974" lon="25.002620716" /><trkpt lat="62.188678465" lon="25.002612223" /><trkpt lat="62.188690250" lon="25.002604136" /><trkpt lat="62.188701284" lon="25.002596482" /><trkpt lat="62.188711526" lon="25.002589288" /><trkpt lat="62.188720930" lon="25.002582583" /><trkpt lat="62.188729454" lon="25.002576394" /><trkpt lat="62.188737054" lon="25.002570748" /><trkpt lat="62.188746167" lon="25.002564043" /><trkpt lat="62.188754998" lon="25.002557877" /><trkpt lat="62.188763564" lon="25.002552252" /><trkpt lat="62.188771883" lon="25.002547170" /><trkpt lat="62.188779973" lon="25.002542635" /><trkpt lat="62.188787852" lon="25.002538648" /><trkpt lat="62.188795537" lon="25.002535211" /><trkpt lat="62.188803046" lon="25.002532328" /><trkpt lat="62.188810397" lon="25.002530000" /><trkpt lat="62.188817608" lon="25.002528230" /><trkpt lat="62.188824697" lon="25.002527021" /><trkpt lat="62.188831681" lon="25.002526374" /><trkpt lat="62.188838578" lon="25.002526292" /><trkpt lat="62.188845407" lon="25.002526778" /><trkpt lat="62.188852184" lon="25.002527833" /><trkpt lat="62.188858928" lon="25.002529461" /><trkpt lat="62.188865656" lon="25.002531663" /><trkpt lat="62.188872387" lon="25.002534442" /><trkpt lat="62.188879137" lon="25.002537800" /><trkpt lat="62.188885926" lon="25.002541741" /><trkpt lat="62.188892770" lon="25.002546265" /><trkpt lat="62.188899687" lon="25.002551376" /><trkpt lat="62.188906696" lon="25.002557076" /><trkpt lat="62.188913813" lon="25.002563367" /><trkpt lat="62.188921058" lon="25.002570252" /><trkpt lat="62.188928447" lon="25.002577732" /><trkpt lat="62.188935998" lon="25.002585812" /><trkpt lat="62.188943730" lon="25.002594492" /><trkpt lat="62.188951659" lon="25.002603775" /><trkpt lat="62.188959805" lon="25.002613664" /><trkpt lat="62.188967931" lon="25.002623415" /><trkpt lat="62.188976798" lon="25.002633521" /><trkpt lat="62.188986373" lon="25.002643930" /><trkpt lat="62.188996619" lon="25.002654588" /><trkpt lat="62.189007500" lon="25.002665443" /><trkpt lat="62.189018983" lon="25.002676442" /><trkpt lat="62.189031031" lon="25.002687530" /><trkpt lat="62.189043610" lon="25.002698656" /><trkpt lat="62.189056683" lon="25.002709766" /><trkpt lat="62.189070216" lon="25.002720808" /><trkpt lat="62.189084173" lon="25.002731728" /><trkpt lat="62.189098519" lon="25.002742473" /><trkpt lat="62.189113220" lon="25.002752990" /><trkpt lat="62.189128238" lon="25.002763226" /><trkpt lat="62.189143540" lon="25.002773128" /><trkpt lat="62.189159090" lon="25.002782643" /><trkpt lat="62.189174852" lon="25.002791718" /><trkpt lat="62.189190792" lon="25.002800300" /><trkpt lat="62.189206874" lon="25.002808336" /><trkpt lat="62.189223063" lon="25.002815772" /><trkpt lat="62.189239323" lon="25.002822557" /><trkpt lat="62.189255619" lon="25.002828636" /><trkpt lat="62.189271916" lon="25.002833957" /><trkpt lat="62.189288179" lon="25.002838466" /><trkpt lat="62.189304372" lon="25.002842111" /><trkpt lat="62.189320460" lon="25.002844839" /><trkpt lat="62.189336408" lon="25.002846596" /><trkpt lat="62.189352181" lon="25.002847330" /><trkpt lat="62.189367742" lon="25.002846987" /><trkpt lat="62.189383058" lon="25.002845515" /><trkpt lat="62.189398092" lon="25.002842860" /><trkpt lat="62.189412810" lon="25.002838969" /><trkpt lat="62.189424484" lon="25.002835108" /><trkpt lat="62.189436230" lon="25.002830768" /><trkpt lat="62.189448041" lon="25.002825956" /><trkpt lat="62.189459914" lon="25.002820677" /><trkpt lat="62.189471845" lon="25.002814934" /><trkpt lat="62.189483828" lon="25.002808734" /><trkpt lat="62.189495859" lon="25.002802081" /><trkpt lat="62.189507935" lon="25.002794981" /><trkpt lat="62.189520050" lon="25.002787438" /><trkpt lat="62.189532199" lon="25.002779458" /><trkpt lat="62.189544380" lon="25.002771045" /><trkpt lat="62.189556586" lon="25.002762204" /><trkpt lat="62.189568814" lon="25.002752942" /><trkpt lat="62.189581059" lon="25.002743261" /><trkpt lat="62.189593316" lon="25.002733169" /><trkpt lat="62.189605582" lon="25.002722669" /><trkpt lat="62.189617852" lon="25.002711766" /><trkpt lat="62.189630121" lon="25.002700467" /><trkpt lat="62.189642385" lon="25.002688775" /><trkpt lat="62.189654639" lon="25.002676696" /><trkpt lat="62.189666879" lon="25.002664234" /><trkpt lat="62.189679100" lon="25.002651396" /><trkpt lat="62.189691299" lon="25.002638185" /><trkpt lat="62.189703470" lon="25.002624607" /><trkpt lat="62.189715609" lon="25.002610667" /><trkpt lat="62.189727712" lon="25.002596370" /><trkpt lat="62.189739774" lon="25.002581721" /><trkpt lat="62.189751790" lon="25.002566725" /><trkpt lat="62.189763757" lon="25.002551387" /><trkpt lat="62.189775670" lon="25.002535712" /><trkpt lat="62.189787524" lon="25.002519705" /><trkpt lat="62.189799315" lon="25.002503371" /><trkpt lat="62.189811038" lon="25.002486716" /><trkpt lat="62.189822689" lon="25.002469743" /><trkpt lat="62.189834264" lon="25.002452459" /><trkpt lat="62.189845758" lon="25.002434868" /><trkpt lat="62.189857166" lon="25.002416975" /><trkpt lat="62.189868485" lon="25.002398785" /><trkpt lat="62.189879709" lon="25.002380304" /><trkpt lat="62.189890835" lon="25.002361536" /><trkpt lat="62.189896198" lon="25.002352286" /><trkpt lat="62.189901612" lon="25.002342763" /><trkpt lat="62.189907076" lon="25.002332972" /><trkpt lat="62.189912589" lon="25.002322915" /><trkpt lat="62.189918149" lon="25.002312597" /><trkpt lat="62.189923755" lon="25.002302020" /><trkpt lat="62.189929406" lon="25.002291187" /><trkpt lat="62.189935101" lon="25.002280104" /><trkpt lat="62.189940838" lon="25.002268772" /><trkpt lat="62.189946616" lon="25.002257195" /><trkpt lat="62.189952435" lon="25.002245377" /><trkpt lat="62.189958292" lon="25.002233321" /><trkpt lat="62.189964186" lon="25.002221031" /><trkpt lat="62.189970117" lon="25.002208509" /><trkpt lat="62.189976083" lon="25.002195760" /><trkpt lat="62.189982083" lon="25.002182787" /><trkpt lat="62.189988115" lon="25.002169593" /><trkpt lat="62.189994178" lon="25.002156182" /><trkpt lat="62.190000272" lon="25.002142557" /><trkpt lat="62.190006395" lon="25.002128722" /><trkpt lat="62.190012545" lon="25.002114680" /><trkpt lat="62.190018721" lon="25.002100434" /><trkpt lat="62.190024923" lon="25.002085988" /><trkpt lat="62.190031149" lon="25.002071345" /><trkpt lat="62.190037397" lon="25.002056509" /><trkpt lat="62.190043667" lon="25.002041483" /><trkpt lat="62.190049957" lon="25.002026271" /><trkpt lat="62.190056266" lon="25.002010876" /><trkpt lat="62.190062592" lon="25.001995301" /><trkpt lat="62.190068936" lon="25.001979551" /><trkpt lat="62.190075294" lon="25.001963627" /><trkpt lat="62.190081667" lon="25.001947535" /><trkpt lat="62.190088052" lon="25.001931276" /><trkpt lat="62.190094449" lon="25.001914856" /><trkpt lat="62.190100856" lon="25.001898276" /><trkpt lat="62.190107273" lon="25.001881541" /><trkpt lat="62.190113697" lon="25.001864654" /><trkpt lat="62.190120128" lon="25.001847618" /><trkpt lat="62.190126564" lon="25.001830438" /><trkpt lat="62.190133005" lon="25.001813115" /><trkpt lat="62.190139448" lon="25.001795654" /><trkpt lat="62.190145894" lon="25.001778058" /><trkpt lat="62.190152339" lon="25.001760331" /><trkpt lat="62.190158784" lon="25.001742476" /><trkpt lat="62.190165227" lon="25.001724496" /><trkpt lat="62.190171667" lon="25.001706395" /><trkpt lat="62.190178102" lon="25.001688176" /><trkpt lat="62.190184531" lon="25.001669843" /><trkpt lat="62.190190954" lon="25.001651400" /><trkpt lat="62.190197368" lon="25.001632848" /><trkpt lat="62.190203773" lon="25.001614193" /><trkpt lat="62.190210168" lon="25.001595438" /><trkpt lat="62.190216550" lon="25.001576585" /><trkpt lat="62.190222919" lon="25.001557638" /><trkpt lat="62.190229274" lon="25.001538602" /><trkpt lat="62.190235614" lon="25.001519478" /><trkpt lat="62.190241937" lon="25.001500271" /><trkpt lat="62.190248241" lon="25.001480985" /><trkpt lat="62.190254526" lon="25.001461621" /><trkpt lat="62.190260791" lon="25.001442185" /><trkpt lat="62.190267034" lon="25.001422679" /><trkpt lat="62.190273254" lon="25.001403107" /><trkpt lat="62.190279450" lon="25.001383472" /><trkpt lat="62.190285621" lon="25.001363778" /><trkpt lat="62.190291764" lon="25.001344028" /><trkpt lat="62.190297880" lon="25.001324225" /><trkpt lat="62.190303967" lon="25.001304373" /><trkpt lat="62.190310023" lon="25.001284476" /><trkpt lat="62.190316048" lon="25.001264537" /><trkpt lat="62.190322040" lon="25.001244558" /><trkpt lat="62.190327997" lon="25.001224545" /><trkpt lat="62.190333920" lon="25.001204500" /><trkpt lat="62.190339806" lon="25.001184426" /><trkpt lat="62.190345654" lon="25.001164327" /><trkpt lat="62.190351463" lon="25.001144207" /><trkpt lat="62.190357232" lon="25.001124069" /><trkpt lat="62.190362959" lon="25.001103915" /><trkpt lat="62.190368643" lon="25.001083751" /><trkpt lat="62.190374284" lon="25.001063579" /><trkpt lat="62.190379879" lon="25.001043402" /><trkpt lat="62.190385428" lon="25.001023225" /><trkpt lat="62.190390930" lon="25.001003050" /><trkpt lat="62.190396382" lon="25.000982881" /><trkpt lat="62.190402437" lon="25.000960311" /><trkpt lat="62.190408430" lon="25.000937839" /><trkpt lat="62.190414363" lon="25.000915470" /><trkpt lat="62.190420240" lon="25.000893208" /><trkpt lat="62.190426064" lon="25.000871056" /><trkpt lat="62.190431838" lon="25.000849020" /><trkpt lat="62.190437565" lon="25.000827102" /><trkpt lat="62.190443249" lon="25.000805309" /><trkpt lat="62.190448892" lon="25.000783643" /><trkpt lat="62.190454499" lon="25.000762109" /><trkpt lat="62.190460071" lon="25.000740711" /><trkpt lat="62.190465613" lon="25.000719454" /><trkpt lat="62.190471127" lon="25.000698341" /><trkpt lat="62.190476617" lon="25.000677376" /><trkpt lat="62.190482085" lon="25.000656565" /><trkpt lat="62.190487536" lon="25.000635911" /><trkpt lat="62.190492971" lon="25.000615419" /><trkpt lat="62.190498395" lon="25.000595092" /><trkpt lat="62.190503811" lon="25.000574935" /><trkpt lat="62.190509221" lon="25.000554951" /><trkpt lat="62.190514629" lon="25.000535147" /><trkpt lat="62.190520039" lon="25.000515524" /><trkpt lat="62.190525452" lon="25.000496088" /><trkpt lat="62.190530873" lon="25.000476843" /><trkpt lat="62.190536305" lon="25.000457793" /><trkpt lat="62.190541751" lon="25.000438943" /><trkpt lat="62.190547213" lon="25.000420296" /><trkpt lat="62.190552696" lon="25.000401856" /><trkpt lat="62.190558203" lon="25.000383629" /><trkpt lat="62.190563736" lon="25.000365618" /><trkpt lat="62.190569298" lon="25.000347827" /><trkpt lat="62.190574894" lon="25.000330260" /><trkpt lat="62.190580526" lon="25.000312923" /><trkpt lat="62.190586197" lon="25.000295818" /><trkpt lat="62.190591911" lon="25.000278950" /><trkpt lat="62.190597670" lon="25.000262324" /><trkpt lat="62.190603479" lon="25.000245944" /><trkpt lat="62.190609339" lon="25.000229813" /><trkpt lat="62.190615255" lon="25.000213936" /><trkpt lat="62.190621229" lon="25.000198318" /><trkpt lat="62.190627265" lon="25.000182962" /><trkpt lat="62.190633366" lon="25.000167872" /><trkpt lat="62.190639535" lon="25.000153054" /><trkpt lat="62.190645775" lon="25.000138510" /><trkpt lat="62.190652089" lon="25.000124246" /><trkpt lat="62.190658481" lon="25.000110265" /><trkpt lat="62.190664954" lon="25.000096572" /><trkpt lat="62.190671511" lon="25.000083171" /><trkpt lat="62.190678155" lon="25.000070066" /><trkpt lat="62.190684889" lon="25.000057261" /><trkpt lat="62.190691717" lon="25.000044761" /><trkpt lat="62.190698641" lon="25.000032569" /><trkpt lat="62.190705666" lon="25.000020691" /><trkpt lat="62.190712793" lon="25.000009129" /><trkpt lat="62.190720027" lon="24.999997889" /><trkpt lat="62.190727370" lon="24.999986975" /><trkpt lat="62.190734826" lon="24.999976390" /><trkpt lat="62.190742398" lon="24.999966140" /><trkpt lat="62.190750089" lon="24.999956227" /><trkpt lat="62.190757902" lon="24.999946657" /><trkpt lat="62.190765840" lon="24.999937434" /><trkpt lat="62.190773907" lon="24.999928561" /><trkpt lat="62.190782106" lon="24.999920044" /><trkpt lat="62.190790439" lon="24.999911885" /><trkpt lat="62.190798911" lon="24.999904091" /><trkpt lat="62.190807524" lon="24.999896664" /><trkpt lat="62.190816282" lon="24.999889608" /><trkpt lat="62.190825187" lon="24.999882929" /><trkpt lat="62.190834243" lon="24.999876630" /><trkpt lat="62.190843454" lon="24.999870716" /><trkpt lat="62.190852821" lon="24.999865191" /><trkpt lat="62.190862349" lon="24.999860058" /><trkpt lat="62.190872041" lon="24.999855323" /><trkpt lat="62.190881900" lon="24.999850988" /><trkpt lat="62.190897958" lon="24.999844478" /><trkpt lat="62.190914138" lon="24.999838240" /><trkpt lat="62.190930436" lon="24.999832274" /><trkpt lat="62.190946845" lon="24.999826579" /><trkpt lat="62.190963360" lon="24.999821154" /><trkpt lat="62.190979976" lon="24.999815998" /><trkpt lat="62.190996687" lon="24.999811109" /><trkpt lat="62.191013488" lon="24.999806488" /><trkpt lat="62.191030373" lon="24.999802132" /><trkpt lat="62.191047338" lon="24.999798041" /><trkpt lat="62.191064377" lon="24.999794214" /><trkpt lat="62.191081483" lon="24.999790650" /><trkpt lat="62.191098653" lon="24.999787347" /><trkpt lat="62.191115880" lon="24.999784306" /><trkpt lat="62.191133159" lon="24.999781524" /><trkpt lat="62.191150486" lon="24.999779002" /><trkpt lat="62.191167853" lon="24.999776737" /><trkpt lat="62.191185256" lon="24.999774730" /><trkpt lat="62.191202690" lon="24.999772978" /><trkpt lat="62.191220149" lon="24.999771481" /><trkpt lat="62.191237628" lon="24.999770238" /><trkpt lat="62.191255121" lon="24.999769248" /><trkpt lat="62.191272623" lon="24.999768510" /><trkpt lat="62.191290128" lon="24.999768024" /><trkpt lat="62.191307632" lon="24.999767787" /><trkpt lat="62.191325129" lon="24.999767799" /><trkpt lat="62.191342612" lon="24.999768059" /><trkpt lat="62.191360078" lon="24.999768566" /><trkpt lat="62.191377520" lon="24.999769319" /><trkpt lat="62.191394934" lon="24.999770317" /><trkpt lat="62.191412313" lon="24.999771559" /><trkpt lat="62.191429652" lon="24.999773045" /><trkpt lat="62.191446947" lon="24.999774772" /><trkpt lat="62.191464191" lon="24.999776740" /><trkpt lat="62.191481379" lon="24.999778949" /><trkpt lat="62.191498506" lon="24.999781396" /><trkpt lat="62.191515566" lon="24.999784082" /><trkpt lat="62.191532554" lon="24.999787004" /><trkpt lat="62.191549465" lon="24.999790163" /><trkpt lat="62.191566293" lon="24.999793557" /><trkpt lat="62.191583033" lon="24.999797185" /><trkpt lat="62.191599679" lon="24.999801046" /><trkpt lat="62.191616226" lon="24.999805139" /><trkpt lat="62.191632668" lon="24.999809464" /><trkpt lat="62.191649001" lon="24.999814018" /><trkpt lat="62.191665218" lon="24.999818802" /><trkpt lat="62.191680152" lon="24.999823427" /><trkpt lat="62.191695217" lon="24.999828277" /><trkpt lat="62.191710409" lon="24.999833331" /><trkpt lat="62.191725720" lon="24.999838569" /><trkpt lat="62.191741144" lon="24.999843972" /><trkpt lat="62.191756676" lon="24.999849519" /><trkpt lat="62.191772310" lon="24.999855190" /><trkpt lat="62.191788039" lon="24.999860965" /><trkpt lat="62.191803857" lon="24.999866824" /><trkpt lat="62.191819758" lon="24.999872746" /><trkpt lat="62.191835735" lon="24.999878713" /><trkpt lat="62.191851784" lon="24.999884703" /><trkpt lat="62.191867897" lon="24.999890697" /><trkpt lat="62.191884069" lon="24.999896675" /><trkpt lat="62.191900293" lon="24.999902616" /><trkpt lat="62.191916563" lon="24.999908500" /><trkpt lat="62.191932873" lon="24.999914307" /><trkpt lat="62.191949218" lon="24.999920018" /><trkpt lat="62.191965590" lon="24.999925612" /><trkpt lat="62.191981984" lon="24.999931068" /><trkpt lat="62.191998393" lon="24.999936368" /><trkpt lat="62.192014812" lon="24.999941491" /><trkpt lat="62.192031234" lon="24.999946416" /><trkpt lat="62.192047654" lon="24.999951124" /><trkpt lat="62.192064065" lon="24.999955595" /><trkpt lat="62.192080460" lon="24.999959808" /><trkpt lat="62.192096835" lon="24.999963743" /><trkpt lat="62.192113182" lon="24.999967381" /><trkpt lat="62.192129496" lon="24.999970701" /><trkpt lat="62.192145770" lon="24.999973683" /><trkpt lat="62.192161999" lon="24.999976308" /><trkpt lat="62.192178176" lon="24.999978554" /><trkpt lat="62.192194295" lon="24.999980402" /><trkpt lat="62.192210350" lon="24.999981832" /><trkpt lat="62.192226334" lon="24.999982824" /><trkpt lat="62.192242243" lon="24.999983358" /><trkpt lat="62.192258069" lon="24.999983413" /><trkpt lat="62.192273807" lon="24.999982970" /><trkpt lat="62.192289450" lon="24.999982008" /><trkpt lat="62.192304992" lon="24.999980507" /><trkpt lat="62.192320427" lon="24.999978447" /><trkpt lat="62.192335749" lon="24.999975809" /><trkpt lat="62.192350952" lon="24.999972572" /><trkpt lat="62.192366030" lon="24.999968716" /><trkpt lat="62.192380976" lon="24.999964221" /><trkpt lat="62.192395785" lon="24.999959066" /><trkpt lat="62.192410450" lon="24.999953232" /><trkpt lat="62.192424965" lon="24.999946699" /><trkpt lat="62.192439324" lon="24.999939447" /><trkpt lat="62.192453522" lon="24.999931455" /><trkpt lat="62.192467549" lon="24.999923008" /><trkpt lat="62.192481402" lon="24.999914404" /><trkpt lat="62.192495080" lon="24.999905637" /><trkpt lat="62.192508583" lon="24.999896704" /><trkpt lat="62.192521911" lon="24.999887601" /><trkpt lat="62.192535063" lon="24.999878324" /><trkpt lat="62.192548040" lon="24.999868869" /><trkpt lat="62.192560841" lon="24.999859233" /><trkpt lat="62.192573466" lon="24.999849412" /><trkpt lat="62.192585915" lon="24.999839401" /><trkpt lat="62.192598187" lon="24.999829197" /><trkpt lat="62.192610282" lon="24.999818797" /><trkpt lat="62.192622201" lon="24.999808195" /><trkpt lat="62.192633941" lon="24.999797389" /><trkpt lat="62.192645505" lon="24.999786374" /><trkpt lat="62.192656890" lon="24.999775147" /><trkpt lat="62.192668098" lon="24.999763703" /><trkpt lat="62.192679127" lon="24.999752039" /><trkpt lat="62.192689978" lon="24.999740152" /><trkpt lat="62.192700650" lon="24.999728036" /><trkpt lat="62.192711143" lon="24.999715689" /><trkpt lat="62.192721457" lon="24.999703106" /><trkpt lat="62.192731591" lon="24.999690283" /><trkpt lat="62.192741546" lon="24.999677217" /><trkpt lat="62.192751320" lon="24.999663904" /><trkpt lat="62.192760915" lon="24.999650340" /><trkpt lat="62.192770329" lon="24.999636521" /><trkpt lat="62.192779562" lon="24.999622444" /><trkpt lat="62.192788615" lon="24.999608103" /><trkpt lat="62.192797486" lon="24.999593496" /><trkpt lat="62.192806176" lon="24.999578619" /><trkpt lat="62.192814684" lon="24.999563468" /><trkpt lat="62.192823011" lon="24.999548038" /><trkpt lat="62.192831155" lon="24.999532327" /><trkpt lat="62.192839117" lon="24.999516329" /><trkpt lat="62.192846897" lon="24.999500042" /><trkpt lat="62.192854494" lon="24.999483462" /><trkpt lat="62.192861907" lon="24.999466584" /><trkpt lat="62.192869137" lon="24.999449404" /><trkpt lat="62.192876184" lon="24.999431920" /><trkpt lat="62.192883047" lon="24.999414127" /><trkpt lat="62.192889726" lon="24.999396021" /><trkpt lat="62.192896221" lon="24.999377598" /><trkpt lat="62.192902531" lon="24.999358854" /><trkpt lat="62.192908656" lon="24.999339786" /><trkpt lat="62.192914597" lon="24.999320390" /><trkpt lat="62.192920352" lon="24.999300662" /><trkpt lat="62.192925922" lon="24.999280597" /><trkpt lat="62.192931306" lon="24.999260193" /><trkpt lat="62.192936504" lon="24.999239445" /><trkpt lat="62.192942315" lon="24.999215470" /><trkpt lat="62.192947884" lon="24.999192181" /><trkpt lat="62.192953217" lon="24.999169550" /><trkpt lat="62.192958323" lon="24.999147548" /><trkpt lat="62.192963211" lon="24.999126149" /><trkpt lat="62.192967888" lon="24.999105324" /><trkpt lat="62.192972364" lon="24.999085045" /><trkpt lat="62.192976646" lon="24.999065284" /><trkpt lat="62.192980743" lon="24.999046013" /><trkpt lat="62.192984663" lon="24.999027205" /><trkpt lat="62.192988414" lon="24.999008830" /><trkpt lat="62.192992005" lon="24.998990863" /><trkpt lat="62.192995444" lon="24.998973274" /><trkpt lat="62.192998739" lon="24.998956035" /><trkpt lat="62.193001899" lon="24.998939119" /><trkpt lat="62.193004932" lon="24.998922498" /><trkpt lat="62.193007846" lon="24.998906144" /><trkpt lat="62.193010649" lon="24.998890028" /><trkpt lat="62.193013350" lon="24.998874124" /><trkpt lat="62.193015958" lon="24.998858402" /><trkpt lat="62.193018480" lon="24.998842836" /><trkpt lat="62.193020924" lon="24.998827396" /><trkpt lat="62.193023300" lon="24.998812056" /><trkpt lat="62.193025615" lon="24.998796787" /><trkpt lat="62.193027878" lon="24.998781561" /><trkpt lat="62.193030097" lon="24.998766351" /><trkpt lat="62.193032280" lon="24.998751128" /><trkpt lat="62.193034435" lon="24.998735865" /><trkpt lat="62.193036572" lon="24.998720533" /><trkpt lat="62.193038698" lon="24.998705105" /><trkpt lat="62.193040821" lon="24.998689552" /><trkpt lat="62.193042950" lon="24.998673848" /><trkpt lat="62.193045094" lon="24.998657963" /><trkpt lat="62.193047260" lon="24.998641870" /><trkpt lat="62.193049456" lon="24.998625541" /><trkpt lat="62.193051692" lon="24.998608948" /><trkpt lat="62.193053975" lon="24.998592064" /><trkpt lat="62.193056314" lon="24.998574859" /><trkpt lat="62.193058717" lon="24.998557307" /><trkpt lat="62.193061192" lon="24.998539379" /><trkpt lat="62.193063748" lon="24.998521047" /><trkpt lat="62.193066393" lon="24.998502284" /><trkpt lat="62.193069135" lon="24.998483062" /><trkpt lat="62.193072913" lon="24.998457439" /><trkpt lat="62.193076750" lon="24.998432850" /><trkpt lat="62.193080662" lon="24.998409262" /><trkpt lat="62.193084663" lon="24.998386638" /><trkpt lat="62.193088768" lon="24.998364947" /><trkpt lat="62.193092993" lon="24.998344151" /><trkpt lat="62.193097353" lon="24.998324219" /><trkpt lat="62.193101862" lon="24.998305114" /><trkpt lat="62.193106537" lon="24.998286803" /><trkpt lat="62.193111391" lon="24.998269251" /><trkpt lat="62.193116441" lon="24.998252424" /><trkpt lat="62.193121701" lon="24.998236288" /><trkpt lat="62.193127187" lon="24.998220808" /><trkpt lat="62.193132913" lon="24.998205950" /><trkpt lat="62.193138895" lon="24.998191679" /><trkpt lat="62.193145147" lon="24.998177961" /><trkpt lat="62.193151686" lon="24.998164761" /><trkpt lat="62.193158525" lon="24.998152046" /><trkpt lat="62.193165681" lon="24.998139781" /><trkpt lat="62.193173168" lon="24.998127931" /><trkpt lat="62.193181001" lon="24.998116462" /><trkpt lat="62.193189196" lon="24.998105340" /><trkpt lat="62.193197768" lon="24.998094531" /><trkpt lat="62.193206731" lon="24.998083999" /><trkpt lat="62.193216101" lon="24.998073711" /><trkpt lat="62.193225894" lon="24.998063633" /><trkpt lat="62.193236123" lon="24.998053729" /><trkpt lat="62.193246805" lon="24.998043965" /><trkpt lat="62.193257954" lon="24.998034308" /><trkpt lat="62.193269585" lon="24.998024722" /><trkpt lat="62.193281714" lon="24.998015174" /><trkpt lat="62.193294356" lon="24.998005629" /><trkpt lat="62.193298239" lon="24.998002683" /><trkpt lat="62.193302575" lon="24.997999265" /><trkpt lat="62.193307357" lon="24.997995381" /><trkpt lat="62.193312575" lon="24.997991041" /><trkpt lat="62.193318222" lon="24.997986252" /><trkpt lat="62.193324291" lon="24.997981022" /><trkpt lat="62.193330773" lon="24.997975361" /><trkpt lat="62.193337660" lon="24.997969275" /><trkpt lat="62.193344944" lon="24.997962774" /><trkpt lat="62.193352618" lon="24.997955865" /><trkpt lat="62.193360673" lon="24.997948557" /><trkpt lat="62.193369102" lon="24.997940857" /><trkpt lat="62.193377896" lon="24.997932775" /><trkpt lat="62.193387048" lon="24.997924318" /><trkpt lat="62.193396549" lon="24.997915494" /><trkpt lat="62.193406392" lon="24.997906312" /><trkpt lat="62.193416569" lon="24.997896780" /><trkpt lat="62.193427072" lon="24.997886906" /><trkpt lat="62.193437892" lon="24.997876698" /><trkpt lat="62.193449022" lon="24.997866165" /><trkpt lat="62.193460455" lon="24.997855315" /><trkpt lat="62.193472181" lon="24.997844155" /><trkpt lat="62.193484193" lon="24.997832695" /><trkpt lat="62.193496483" lon="24.997820942" /><trkpt lat="62.193509044" lon="24.997808905" /><trkpt lat="62.193521867" lon="24.997796591" /><trkpt lat="62.193534943" lon="24.997784009" /><trkpt lat="62.193548267" lon="24.997771168" /><trkpt lat="62.193561828" lon="24.997758075" /><trkpt lat="62.193575620" lon="24.997744738" /><trkpt lat="62.193589634" lon="24.997731167" /><trkpt lat="62.193603863" lon="24.997717368" /><trkpt lat="62.193618298" lon="24.997703351" /><trkpt lat="62.193632932" lon="24.997689123" /><trkpt lat="62.193647757" lon="24.997674693" /><trkpt lat="62.193662764" lon="24.997660068" /><trkpt lat="62.193677946" lon="24.997645258" /><trkpt lat="62.193693295" lon="24.997630270" /><trkpt lat="62.193708802" lon="24.997615112" /><trkpt lat="62.193724461" lon="24.997599793" /><trkpt lat="62.193740262" lon="24.997584321" /><trkpt lat="62.193756198" lon="24.997568705" /><trkpt lat="62.193772262" lon="24.997552951" /><trkpt lat="62.193788444" lon="24.997537069" /><trkpt lat="62.193804738" lon="24.997521067" /><trkpt lat="62.193821134" lon="24.997504953" /><trkpt lat="62.193837626" lon="24.997488735" /><trkpt lat="62.193854206" lon="24.997472421" /><trkpt lat="62.193870864" lon="24.997456020" /><trkpt lat="62.193887594" lon="24.997439539" /><trkpt lat="62.193904388" lon="24.997422988" /><trkpt lat="62.193921237" lon="24.997406374" /><trkpt lat="62.193938133" lon="24.997389705" /><trkpt lat="62.193955069" lon="24.997372990" /><trkpt lat="62.193972037" lon="24.997356237" /><trkpt lat="62.193989028" lon="24.997339453" /><trkpt lat="62.194006035" lon="24.997322648" /><trkpt lat="62.194023050" lon="24.997305830" /><trkpt lat="62.194040065" lon="24.997289006" /><trkpt lat="62.194057071" lon="24.997272185" /><trkpt lat="62.194074062" lon="24.997255375" /><trkpt lat="62.194091028" lon="24.997238584" /><trkpt lat="62.194107963" lon="24.997221821" /><trkpt lat="62.194124857" lon="24.997205094" /><trkpt lat="62.194141704" lon="24.997188410" /><trkpt lat="62.194158495" lon="24.997171779" /><trkpt lat="62.194175222" lon="24.997155208" /><trkpt lat="62.194191877" lon="24.997138706" /><trkpt lat="62.194208453" lon="24.997122280" /><trkpt lat="62.194224941" lon="24.997105939" /><trkpt lat="62.194241334" lon="24.997089692" /><trkpt lat="62.194257623" lon="24.997073545" /><trkpt lat="62.194273800" lon="24.997057509" /><trkpt lat="62.194289858" lon="24.997041590" /><trkpt lat="62.194305789" lon="24.997025797" /><trkpt lat="62.194321585" lon="24.997010139" /><trkpt lat="62.194337237" lon="24.996994623" /><trkpt lat="62.194352738" lon="24.996979257" /><trkpt lat="62.194368080" lon="24.996964051" /><trkpt lat="62.194383254" lon="24.996949011" /><trkpt lat="62.194398254" lon="24.996934147" /><trkpt lat="62.194413071" lon="24.996919466" /><trkpt lat="62.194427696" lon="24.996904977" /><trkpt lat="62.194442123" lon="24.996890687" /><trkpt lat="62.194456343" lon="24.996876606" /><trkpt lat="62.194470348" lon="24.996862741" /><trkpt lat="62.194484130" lon="24.996849101" /><trkpt lat="62.194497682" lon="24.996835694" /><trkpt lat="62.194510995" lon="24.996822527" /><trkpt lat="62.194524061" lon="24.996809609" /><trkpt lat="62.194536873" lon="24.996796949" /><trkpt lat="62.194549422" lon="24.996784555" /><trkpt lat="62.194561701" lon="24.996772434" /><trkpt lat="62.194573701" lon="24.996760595" /><trkpt lat="62.194585415" lon="24.996749046" /><trkpt lat="62.194596834" lon="24.996737796" /><trkpt lat="62.194607952" lon="24.996726852" /><trkpt lat="62.194618759" lon="24.996716223" /><trkpt lat="62.194629248" lon="24.996705918" /><trkpt lat="62.194639411" lon="24.996695943" /><trkpt lat="62.194649240" lon="24.996686308" /><trkpt lat="62.194658726" lon="24.996677021" /><trkpt lat="62.194667863" lon="24.996668089" /><trkpt lat="62.194676642" lon="24.996659521" /><trkpt lat="62.194685055" lon="24.996651326" /><trkpt lat="62.194693094" lon="24.996643511" /><trkpt lat="62.194700752" lon="24.996636085" /><trkpt lat="62.194708020" lon="24.996629056" /><trkpt lat="62.194714890" lon="24.996622432" /><trkpt lat="62.194721354" lon="24.996616221" /><trkpt lat="62.194727405" lon="24.996610432" /><trkpt lat="62.194733034" lon="24.996605073" /><trkpt lat="62.194738234" lon="24.996600151" /><trkpt lat="62.194754621" lon="24.996585017" /><trkpt lat="62.194770674" lon="24.996570849" /><trkpt lat="62.194786410" lon="24.996557640" /><trkpt lat="62.194801846" lon="24.996545380" /><trkpt lat="62.194816999" lon="24.996534062" /><trkpt lat="62.194831884" lon="24.996523678" /><trkpt lat="62.194846520" lon="24.996514219" /><trkpt lat="62.194860923" lon="24.996505677" /><trkpt lat="62.194875110" lon="24.996498044" /><trkpt lat="62.194889097" lon="24.996491312" /><trkpt lat="62.194902902" lon="24.996485473" /><trkpt lat="62.194916541" lon="24.996480518" /><trkpt lat="62.194930030" lon="24.996476439" /><trkpt lat="62.194943388" lon="24.996473228" /><trkpt lat="62.194956630" lon="24.996470878" /><trkpt lat="62.194969774" lon="24.996469378" /><trkpt lat="62.194982836" lon="24.996468723" /><trkpt lat="62.194995833" lon="24.996468902" /><trkpt lat="62.195008782" lon="24.996469909" /><trkpt lat="62.195021699" lon="24.996471735" /><trkpt lat="62.195034603" lon="24.996474371" /><trkpt lat="62.195047508" lon="24.996477810" /><trkpt lat="62.195060432" lon="24.996482043" /><trkpt lat="62.195073393" lon="24.996487063" /><trkpt lat="62.195086406" lon="24.996492860" /><trkpt lat="62.195099488" lon="24.996499427" /><trkpt lat="62.195112657" lon="24.996506756" /><trkpt lat="62.195125929" lon="24.996514838" /><trkpt lat="62.195139321" lon="24.996523665" /><trkpt lat="62.195152850" lon="24.996533230" /><trkpt lat="62.195166532" lon="24.996543523" /><trkpt lat="62.195180385" lon="24.996554537" /><trkpt lat="62.195194425" lon="24.996566263" /><trkpt lat="62.195208668" lon="24.996578693" /><trkpt lat="62.195219120" lon="24.996588147" /><trkpt lat="62.195229709" lon="24.996598009" /><trkpt lat="62.195240426" lon="24.996608263" /><trkpt lat="62.195251267" lon="24.996618895" /><trkpt lat="62.195262223" lon="24.996629891" /><trkpt lat="62.195273289" lon="24.996641234" /><trkpt lat="62.195284458" lon="24.996652911" /><trkpt lat="62.195295723" lon="24.996664906" /><trkpt lat="62.195307077" lon="24.996677204" /><trkpt lat="62.195318514" lon="24.996689791" /><trkpt lat="62.195330028" lon="24.996702652" /><trkpt lat="62.195341611" lon="24.996715772" /><trkpt lat="62.195353257" lon="24.996729136" /><trkpt lat="62.195364959" lon="24.996742729" /><trkpt lat="62.195376711" lon="24.996756536" /><trkpt lat="62.195388505" lon="24.996770542" /><trkpt lat="62.195400336" lon="24.996784733" /><trkpt lat="62.195412197" lon="24.996799093" /><trkpt lat="62.195424081" lon="24.996813608" /><trkpt lat="62.195435981" lon="24.996828263" /><trkpt lat="62.195447890" lon="24.996843043" /><trkpt lat="62.195459803" lon="24.996857933" /><trkpt lat="62.195471712" lon="24.996872918" /><trkpt lat="62.195483611" lon="24.996887984" /><trkpt lat="62.195495493" lon="24.996903115" /><trkpt lat="62.195507351" lon="24.996918296" /><trkpt lat="62.195519179" lon="24.996933513" /><trkpt lat="62.195530970" lon="24.996948751" /><trkpt lat="62.195542718" lon="24.996963994" /><trkpt lat="62.195554415" lon="24.996979229" /><trkpt lat="62.195566056" lon="24.996994440" /><trkpt lat="62.195577633" lon="24.997009612" /><trkpt lat="62.195589140" lon="24.997024730" /><trkpt lat="62.195600570" lon="24.997039780" /><trkpt lat="62.195611917" lon="24.997054747" /><trkpt lat="62.195623174" lon="24.997069615" /><trkpt lat="62.195634334" lon="24.997084370" /><trkpt lat="62.195645390" lon="24.997098997" /><trkpt lat="62.195656337" lon="24.997113481" /><trkpt lat="62.195667167" lon="24.997127808" /><trkpt lat="62.195677873" lon="24.997141961" /><trkpt lat="62.195688450" lon="24.997155927" /><trkpt lat="62.195698889" lon="24.997169691" /><trkpt lat="62.195709186" lon="24.997183237" /><trkpt lat="62.195719333" lon="24.997196551" /><trkpt lat="62.195729322" lon="24.997209618" /><trkpt lat="62.195739149" lon="24.997222424" /><trkpt lat="62.195749645" lon="24.997236021" /><trkpt lat="62.195760313" lon="24.997249736" /><trkpt lat="62.195771150" lon="24.997263555" /><trkpt lat="62.195782150" lon="24.997277462" /><trkpt lat="62.195793308" lon="24.997291444" /><trkpt lat="62.195804618" lon="24.997305485" /><trkpt lat="62.195816076" lon="24.997319570" /><trkpt lat="62.195827677" lon="24.997333686" /><trkpt lat="62.195839415" lon="24.997347816" /><trkpt lat="62.195851286" lon="24.997361947" /><trkpt lat="62.195863284" lon="24.997376064" /><trkpt lat="62.195875404" lon="24.997390151" /><trkpt lat="62.195887641" lon="24.997404195" /><trkpt lat="62.195899990" lon="24.997418180" /><trkpt lat="62.195912445" lon="24.997432092" /><trkpt lat="62.195925003" lon="24.997445915" /><trkpt lat="62.195937657" lon="24.997459636" /><trkpt lat="62.195950402" lon="24.997473240" /><trkpt lat="62.195963234" lon="24.997486711" /><trkpt lat="62.195976147" lon="24.997500035" /><trkpt lat="62.195989136" lon="24.997513198" /><trkpt lat="62.196002196" lon="24.997526184" /><trkpt lat="62.196015322" lon="24.997538979" /><trkpt lat="62.196028509" lon="24.997551567" /><trkpt lat="62.196041752" lon="24.997563936" /><trkpt lat="62.196055045" lon="24.997576069" /><trkpt lat="62.196068384" lon="24.997587951" /><trkpt lat="62.196081763" lon="24.997599569" /><trkpt lat="62.196095177" lon="24.997610907" /><trkpt lat="62.196108621" lon="24.997621951" /><trkpt lat="62.196122091" lon="24.997632686" /><trkpt lat="62.196135580" lon="24.997643097" /><trkpt lat="62.196149084" lon="24.997653170" /><trkpt lat="62.196162598" lon="24.997662889" /><trkpt lat="62.196176116" lon="24.997672240" /><trkpt lat="62.196189634" lon="24.997681208" /><trkpt lat="62.196203147" lon="24.997689779" /><trkpt lat="62.196216648" lon="24.997697938" /><trkpt lat="62.196230134" lon="24.997705669" /><trkpt lat="62.196243598" lon="24.997712959" /><trkpt lat="62.196257037" lon="24.997719793" /><trkpt lat="62.196270444" lon="24.997726155" /><trkpt lat="62.196283815" lon="24.997732032" /><trkpt lat="62.196297145" lon="24.997737408" /><trkpt lat="62.196314771" lon="24.997744251" /><trkpt lat="62.196332168" lon="24.997751134" /><trkpt lat="62.196349339" lon="24.997758063" /><trkpt lat="62.196366290" lon="24.997765049" /><trkpt lat="62.196383025" lon="24.997772101" /><trkpt lat="62.196399549" lon="24.997779227" /><trkpt lat="62.196415866" lon="24.997786436" /><trkpt lat="62.196431980" lon="24.997793737" /><trkpt lat="62.196447897" lon="24.997801140" /><trkpt lat="62.196463621" lon="24.997808653" /><trkpt lat="62.196479156" lon="24.997816284" /><trkpt lat="62.196494508" lon="24.997824044" /><trkpt lat="62.196509680" lon="24.997831941" /><trkpt lat="62.196524678" lon="24.997839984" /><trkpt lat="62.196539506" lon="24.997848182" /><trkpt lat="62.196554168" lon="24.997856544" /><trkpt lat="62.196568669" lon="24.997865079" /><trkpt lat="62.196583015" lon="24.997873795" /><trkpt lat="62.196597208" lon="24.997882703" /><trkpt lat="62.196611255" lon="24.997891810" /><trkpt lat="62.196625159" lon="24.997901125" /><trkpt lat="62.196638925" lon="24.997910659" /><trkpt lat="62.196652558" lon="24.997920418" /><trkpt lat="62.196666062" lon="24.997930414" /><trkpt lat="62.196679442" lon="24.997940654" /><trkpt lat="62.196692703" lon="24.997951147" /><trkpt lat="62.196705848" lon="24.997961903" /><trkpt lat="62.196718884" lon="24.997972930" /><trkpt lat="62.196731814" lon="24.997984238" /><trkpt lat="62.196744642" lon="24.997995835" /><trkpt lat="62.196757374" lon="24.998007730" /><trkpt lat="62.196770015" lon="24.998019932" /><trkpt lat="62.196782568" lon="24.998032451" /><trkpt lat="62.196794567" lon="24.998044559" /><trkpt lat="62.196806951" lon="24.998056956" /><trkpt lat="62.196819689" lon="24.998069616" /><trkpt lat="62.196832748" lon="24.998082513" /><trkpt lat="62.196846099" lon="24.998095619" /><trkpt lat="62.196859709" lon="24.998108910" /><trkpt lat="62.196873546" lon="24.998122358" /><trkpt lat="62.196887579" lon="24.998135938" /><trkpt lat="62.196901777" lon="24.998149623" /><trkpt lat="62.196916108" lon="24.998163386" /><trkpt lat="62.196930541" lon="24.998177202" /><trkpt lat="62.196945043" lon="24.998191045" /><trkpt lat="62.196959584" lon="24.998204887" /><trkpt lat="62.196974132" lon="24.998218703" /><trkpt lat="62.196988656" lon="24.998232467" /><trkpt lat="62.197003123" lon="24.998246152" /><trkpt lat="62.197017503" lon="24.998259731" /><trkpt lat="62.197031764" lon="24.998273179" /><trkpt lat="62.197045874" lon="24.998286470" /><trkpt lat="62.197059803" lon="24.998299577" /><trkpt lat="62.197073517" lon="24.998312473" /><trkpt lat="62.197086987" lon="24.998325133" /><trkpt lat="62.197100180" lon="24.998337531" /><trkpt lat="62.197113064" lon="24.998349639" /><trkpt lat="62.197125609" lon="24.998361432" /><trkpt lat="62.197137783" lon="24.998372883" /><trkpt lat="62.197149555" lon="24.998383967" /><trkpt lat="62.197160892" lon="24.998394656" /><trkpt lat="62.197171763" lon="24.998404925" /><trkpt lat="62.197182137" lon="24.998414748" /><trkpt lat="62.197191983" lon="24.998424097" /><trkpt lat="62.197201268" lon="24.998432947" /><trkpt lat="62.197209961" lon="24.998441272" /><trkpt lat="62.197218031" lon="24.998449045" /><trkpt lat="62.197225447" lon="24.998456240" /><trkpt lat="62.197233553" lon="24.998463854" /><trkpt lat="62.197241360" lon="24.998470594" /><trkpt lat="62.197248866" lon="24.998476442" /><trkpt lat="62.197256073" lon="24.998481382" /><trkpt lat="62.197262978" lon="24.998485396" /><trkpt lat="62.197269584" lon="24.998488469" /><trkpt lat="62.197275889" lon="24.998490583" /><trkpt lat="62.197281894" lon="24.998491723" /><trkpt lat="62.197287599" lon="24.998491870" /><trkpt lat="62.197293004" lon="24.998491009" /><trkpt lat="62.197298108" lon="24.998489123" /><trkpt lat="62.197302912" lon="24.998486195" /><trkpt lat="62.197307416" lon="24.998482208" /><trkpt lat="62.197311620" lon="24.998477146" /><trkpt lat="62.197315523" lon="24.998470992" /><trkpt lat="62.197319126" lon="24.998463729" /><trkpt lat="62.197322429" lon="24.998455341" /><trkpt lat="62.197325431" lon="24.998445811" /><trkpt lat="62.197328134" lon="24.998435123" /><trkpt lat="62.197330536" lon="24.998423258" /><trkpt lat="62.197332637" lon="24.998410202" /><trkpt lat="62.197334439" lon="24.998395937" /><trkpt lat="62.197335940" lon="24.998380447" /><trkpt lat="62.197337141" lon="24.998363714" /><trkpt lat="62.197338042" lon="24.998345723" /><trkpt lat="62.197338642" lon="24.998326456" /><trkpt lat="62.197338943" lon="24.998305897" /><trkpt lat="62.197338943" lon="24.998284028" /><trkpt lat="62.197338642" lon="24.998260835" /><trkpt lat="62.197338042" lon="24.998236299" /><trkpt lat="62.197337781" lon="24.998227300" /><trkpt lat="62.197337522" lon="24.998217899" /><trkpt lat="62.197337265" lon="24.998208104" /><trkpt lat="62.197337011" lon="24.998197920" /><trkpt lat="62.197336758" lon="24.998187355" /><trkpt lat="62.197336507" lon="24.998176416" /><trkpt lat="62.197336259" lon="24.998165109" /><trkpt lat="62.197336012" lon="24.998153443" /><trkpt lat="62.197335767" lon="24.998141423" /><trkpt lat="62.197335525" lon="24.998129057" /><trkpt lat="62.197335284" lon="24.998116352" /><trkpt lat="62.197335046" lon="24.998103314" /><trkpt lat="62.197334809" lon="24.998089952" /><trkpt lat="62.197334575" lon="24.998076271" /><trkpt lat="62.197334342" lon="24.998062278" /><trkpt lat="62.197334112" lon="24.998047982" /><trkpt lat="62.197333884" lon="24.998033388" /><trkpt lat="62.197333657" lon="24.998018503" /><trkpt lat="62.197333433" lon="24.998003335" /><trkpt lat="62.197333211" lon="24.997987891" /><trkpt lat="62.197332991" lon="24.997972178" /><trkpt lat="62.197332772" lon="24.997956202" /><trkpt lat="62.197332556" lon="24.997939970" /><trkpt lat="62.197332342" lon="24.997923490" /><trkpt lat="62.197332130" lon="24.997906769" /><trkpt lat="62.197331920" lon="24.997889813" /><trkpt lat="62.197331712" lon="24.997872630" /><trkpt lat="62.197331506" lon="24.997855226" /><trkpt lat="62.197331302" lon="24.997837608" /><trkpt lat="62.197331100" lon="24.997819784" /><trkpt lat="62.197330900" lon="24.997801761" /><trkpt lat="62.197330702" lon="24.997783544" /><trkpt lat="62.197330506" lon="24.997765142" /><trkpt lat="62.197330312" lon="24.997746562" /><trkpt lat="62.197330120" lon="24.997727810" /><trkpt lat="62.197329931" lon="24.997708893" /><trkpt lat="62.197329743" lon="24.997689819" /><trkpt lat="62.197329557" lon="24.997670594" /><trkpt lat="62.197329373" lon="24.997651225" /><trkpt lat="62.197329192" lon="24.997631719" /><trkpt lat="62.197329012" lon="24.997612084" /><trkpt lat="62.197328835" lon="24.997592326" /><trkpt lat="62.197328659" lon="24.997572452" /><trkpt lat="62.197328485" lon="24.997552469" /><trkpt lat="62.197328314" lon="24.997532385" /><trkpt lat="62.197328144" lon="24.997512205" /><trkpt lat="62.197327977" lon="24.997491938" /><trkpt lat="62.197327811" lon="24.997471590" /><trkpt lat="62.197327648" lon="24.997451168" /><trkpt lat="62.197327487" lon="24.997430679" /><trkpt lat="62.197327327" lon="24.997410131" /><trkpt lat="62.197327170" lon="24.997389529" /><trkpt lat="62.197327015" lon="24.997368881" /><trkpt lat="62.197326862" lon="24.997348195" /><trkpt lat="62.197326710" lon="24.997327476" /><trkpt lat="62.197326561" lon="24.997306733" /><trkpt lat="62.197326414" lon="24.997285971" /><trkpt lat="62.197326269" lon="24.997265199" /><trkpt lat="62.197326126" lon="24.997244422" /><trkpt lat="62.197325985" lon="24.997223648" /><trkpt lat="62.197325846" lon="24.997202885" /><trkpt lat="62.197325709" lon="24.997182138" /><trkpt lat="62.197325574" lon="24.997161415" /><trkpt lat="62.197325441" lon="24.997140723" /><trkpt lat="62.197325310" lon="24.997120068" /><trkpt lat="62.197325181" lon="24.997099459" /><trkpt lat="62.197325054" lon="24.997078901" /><trkpt lat="62.197324929" lon="24.997058402" /><trkpt lat="62.197324806" lon="24.997037969" /><trkpt lat="62.197324686" lon="24.997017609" /><trkpt lat="62.197324567" lon="24.996997329" /><trkpt lat="62.197324450" lon="24.996977135" /><trkpt lat="62.197324335" lon="24.996957035" /><trkpt lat="62.197324223" lon="24.996937035" /><trkpt lat="62.197324112" lon="24.996917144" /><trkpt lat="62.197324003" lon="24.996897367" /><trkpt lat="62.197323897" lon="24.996877711" /><trkpt lat="62.197323792" lon="24.996858185" /><trkpt lat="62.197323690" lon="24.996838793" /><trkpt lat="62.197323589" lon="24.996819545" /><trkpt lat="62.197323491" lon="24.996800446" /><trkpt lat="62.197323395" lon="24.996781504" /><trkpt lat="62.197323300" lon="24.996762725" /><trkpt lat="62.197323208" lon="24.996744116" /><trkpt lat="62.197323117" lon="24.996725686" /><trkpt lat="62.197323029" lon="24.996707439" /><trkpt lat="62.197322932" lon="24.996690279" /><trkpt lat="62.197322804" lon="24.996673107" /><trkpt lat="62.197322649" lon="24.996655923" /><trkpt lat="62.197322468" lon="24.996638727" /><trkpt lat="62.197322261" lon="24.996621519" /><trkpt lat="62.197322030" lon="24.996604299" /><trkpt lat="62.197321776" lon="24.996587066" /><trkpt lat="62.197321502" lon="24.996569821" /><trkpt lat="62.197321208" lon="24.996552562" /><trkpt lat="62.197320896" lon="24.996535292" /><trkpt lat="62.197320567" lon="24.996518008" /><trkpt lat="62.197320222" lon="24.996500711" /><trkpt lat="62.197319863" lon="24.996483401" /><trkpt lat="62.197319492" lon="24.996466077" /><trkpt lat="62.197319109" lon="24.996448740" /><trkpt lat="62.197318716" lon="24.996431390" /><trkpt lat="62.197318315" lon="24.996414026" /><trkpt lat="62.197317907" lon="24.996396648" /><trkpt lat="62.197317493" lon="24.996379256" /><trkpt lat="62.197317075" lon="24.996361850" /><trkpt lat="62.197316654" lon="24.996344429" /><trkpt lat="62.197316231" lon="24.996326995" /><trkpt lat="62.197315808" lon="24.996309545" /><trkpt lat="62.197315386" lon="24.996292082" /><trkpt lat="62.197314968" lon="24.996274603" /><trkpt lat="62.197314553" lon="24.996257110" /><trkpt lat="62.197314143" lon="24.996239601" /><trkpt lat="62.197313740" lon="24.996222078" /><trkpt lat="62.197313346" lon="24.996204539" /><trkpt lat="62.197312961" lon="24.996186985" /><trkpt lat="62.197312587" lon="24.996169416" /><trkpt lat="62.197312226" lon="24.996151830" /><trkpt lat="62.197311879" lon="24.996134229" /><trkpt lat="62.197311546" lon="24.996116613" /><trkpt lat="62.197311230" lon="24.996098980" /><trkpt lat="62.197310933" lon="24.996081331" /><trkpt lat="62.197310654" lon="24.996063665" /><trkpt lat="62.197310397" lon="24.996045984" /><trkpt lat="62.197310161" lon="24.996028285" /><trkpt lat="62.197309949" lon="24.996010570" /><trkpt lat="62.197309762" lon="24.995992839" /><trkpt lat="62.197309602" lon="24.995975090" /><trkpt lat="62.197309469" lon="24.995957325" /><trkpt lat="62.197309365" lon="24.995939542" /><trkpt lat="62.197309292" lon="24.995921742" /><trkpt lat="62.197309251" lon="24.995903924" /><trkpt lat="62.197309243" lon="24.995886089" /><trkpt lat="62.197309270" lon="24.995868236" /><trkpt lat="62.197309333" lon="24.995850366" /><trkpt lat="62.197309434" lon="24.995832477" /><trkpt lat="62.197309573" lon="24.995814570" /><trkpt lat="62.197309753" lon="24.995796646" /><trkpt lat="62.197309974" lon="24.995778703" /><trkpt lat="62.197310239" lon="24.995760741" /><trkpt lat="62.197310548" lon="24.995742761" /><trkpt lat="62.197310902" lon="24.995724762" /><trkpt lat="62.197311305" lon="24.995706744" /><trkpt lat="62.197311755" lon="24.995688708" /><trkpt lat="62.197312256" lon="24.995670652" /><trkpt lat="62.197312809" lon="24.995652577" /><trkpt lat="62.197313414" lon="24.995634483" /><trkpt lat="62.197314073" lon="24.995616369" /><trkpt lat="62.197314788" lon="24.995598236" /><trkpt lat="62.197315560" lon="24.995580082" /><trkpt lat="62.197316391" lon="24.995561909" /><trkpt lat="62.197317281" lon="24.995543716" /><trkpt lat="62.197318233" lon="24.995525503" /><trkpt lat="62.197319247" lon="24.995507270" /><trkpt lat="62.197320325" lon="24.995489016" /><trkpt lat="62.197321469" lon="24.995470742" /><trkpt lat="62.197322679" lon="24.995452447" /><trkpt lat="62.197323958" lon="24.995434132" /><trkpt lat="62.197325306" lon="24.995415795" /><trkpt lat="62.197326725" lon="24.995397438" /><trkpt lat="62.197328217" lon="24.995379059" /><trkpt lat="62.197329782" lon="24.995360659" /><trkpt lat="62.197331423" lon="24.995342238" /><trkpt lat="62.197333140" lon="24.995323795" /><trkpt lat="62.197334935" lon="24.995305330" /><trkpt lat="62.197336809" lon="24.995286844" /><trkpt lat="62.197338764" lon="24.995268336" /><trkpt lat="62.197340801" lon="24.995249806" /><trkpt lat="62.197342922" lon="24.995231253" /><trkpt lat="62.197345128" lon="24.995212679" /><trkpt lat="62.197347420" lon="24.995194082" /><trkpt lat="62.197349800" lon="24.995175462" /><trkpt lat="62.197352269" lon="24.995156820" /><trkpt lat="62.197354828" lon="24.995138154" /><trkpt lat="62.197357479" lon="24.995119466" /><trkpt lat="62.197360224" lon="24.995100755" /><trkpt lat="62.197363063" lon="24.995082021" /><trkpt lat="62.197365788" lon="24.995064399" /><trkpt lat="62.197368545" lon="24.995046707" /><trkpt lat="62.197371334" lon="24.995028948" /><trkpt lat="62.197374152" lon="24.995011124" /><trkpt lat="62.197376998" lon="24.994993236" /><trkpt lat="62.197379873" lon="24.994975288" /><trkpt lat="62.197382773" lon="24.994957281" /><trkpt lat="62.197385698" lon="24.994939217" /><trkpt lat="62.197388646" lon="24.994921099" /><trkpt lat="62.197391617" lon="24.994902929" /><trkpt lat="62.197394610" lon="24.994884709" /><trkpt lat="62.197397622" lon="24.994866441" /><trkpt lat="62.197400653" lon="24.994848127" /><trkpt lat="62.197403701" lon="24.994829770" /><trkpt lat="62.197406766" lon="24.994811372" /><trkpt lat="62.197409845" lon="24.994792935" /><trkpt lat="62.197412939" lon="24.994774461" /><trkpt lat="62.197416044" lon="24.994755952" /><trkpt lat="62.197419162" lon="24.994737411" /><trkpt lat="62.197422289" lon="24.994718840" /><trkpt lat="62.197425425" lon="24.994700240" /><trkpt lat="62.197428569" lon="24.994681615" /><trkpt lat="62.197431719" lon="24.994662965" /><trkpt lat="62.197434874" lon="24.994644295" /><trkpt lat="62.197438033" lon="24.994625605" /><trkpt lat="62.197441195" lon="24.994606897" /><trkpt lat="62.197444358" lon="24.994588175" /><trkpt lat="62.197447521" lon="24.994569440" /><trkpt lat="62.197450683" lon="24.994550694" /><trkpt lat="62.197453843" lon="24.994531940" /><trkpt lat="62.197457000" lon="24.994513180" /><trkpt lat="62.197460152" lon="24.994494415" /><trkpt lat="62.197463298" lon="24.994475649" /><trkpt lat="62.197466436" lon="24.994456883" /><trkpt lat="62.197469567" lon="24.994438119" /><trkpt lat="62.197472687" lon="24.994419361" /><trkpt lat="62.197475797" lon="24.994400609" /><trkpt lat="62.197478894" lon="24.994381866" /><trkpt lat="62.197481978" lon="24.994363134" /><trkpt lat="62.197485048" lon="24.994344416" /><trkpt lat="62.197488101" lon="24.994325713" /><trkpt lat="62.197491138" lon="24.994307029" /><trkpt lat="62.197494156" lon="24.994288364" /><trkpt lat="62.197497155" lon="24.994269721" /><trkpt lat="62.197500133" lon="24.994251103" /><trkpt lat="62.197503089" lon="24.994232512" /><trkpt lat="62.197506022" lon="24.994213949" /><trkpt lat="62.197508930" lon="24.994195417" /><trkpt lat="62.197511812" lon="24.994176918" /><trkpt lat="62.197514668" lon="24.994158454" /><trkpt lat="62.197517495" lon="24.994140028" /><trkpt lat="62.197520293" lon="24.994121642" /><trkpt lat="62.197523061" lon="24.994103297" /><trkpt lat="62.197525796" lon="24.994084997" /><trkpt lat="62.197528498" lon="24.994066743" /><trkpt lat="62.197531166" lon="24.994048537" /><trkpt lat="62.197533799" lon="24.994030381" /><trkpt lat="62.197536395" lon="24.994012279" /><trkpt lat="62.197538952" lon="24.993994232" /><trkpt lat="62.197541470" lon="24.993976241" /><trkpt lat="62.197543948" lon="24.993958310" /><trkpt lat="62.197546384" lon="24.993940441" /><trkpt lat="62.197548777" lon="24.993922635" /><trkpt lat="62.197551126" lon="24.993904896" /><trkpt lat="62.197553429" lon="24.993887224" /><trkpt lat="62.197555686" lon="24.993869623" /><trkpt lat="62.197557895" lon="24.993852094" /><trkpt lat="62.197560055" lon="24.993834639" /><trkpt lat="62.197562164" lon="24.993817262" /><trkpt lat="62.197564221" lon="24.993799964" /><trkpt lat="62.197566226" lon="24.993782747" /><trkpt lat="62.197568177" lon="24.993765613" /><trkpt lat="62.197570072" lon="24.993748565" /><trkpt lat="62.197571911" lon="24.993731604" /><trkpt lat="62.197573692" lon="24.993714734" /><trkpt lat="62.197575414" lon="24.993697956" /><trkpt lat="62.197577076" lon="24.993681272" /><trkpt lat="62.197578676" lon="24.993664684" /><trkpt lat="62.197580214" lon="24.993648196" /><trkpt lat="62.197581687" lon="24.993631808" /><trkpt lat="62.197583096" lon="24.993615523" /><trkpt lat="62.197584438" lon="24.993599344" /><trkpt lat="62.197585712" lon="24.993583272" /><trkpt lat="62.197586918" lon="24.993567309" /><trkpt lat="62.197588053" lon="24.993551459" /><trkpt lat="62.197589117" lon="24.993535722" /><trkpt lat="62.197590108" lon="24.993520102" /><trkpt lat="62.197591026" lon="24.993504600" /><trkpt lat="62.197591868" lon="24.993489219" /><trkpt lat="62.197592635" lon="24.993473960" /><trkpt lat="62.197593323" lon="24.993458827" /><trkpt lat="62.197593933" lon="24.993443820" /><trkpt lat="62.197594463" lon="24.993428943" /><trkpt lat="62.197594912" lon="24.993414197" /><trkpt lat="62.197595278" lon="24.993399585" /><trkpt lat="62.197595561" lon="24.993385109" /><trkpt lat="62.197595758" lon="24.993370771" /><trkpt lat="62.197595881" lon="24.993358814" /><trkpt lat="62.197595993" lon="24.993346601" /><trkpt lat="62.197596094" lon="24.993334138" /><trkpt lat="62.197596185" lon="24.993321427" /><trkpt lat="62.197596265" lon="24.993308474" /><trkpt lat="62.197596335" lon="24.993295282" /><trkpt lat="62.197596394" lon="24.993281855" /><trkpt lat="62.197596443" lon="24.993268197" /><trkpt lat="62.197596482" lon="24.993254312" /><trkpt lat="62.197596510" lon="24.993240204" /><trkpt lat="62.197596529" lon="24.993225876" /><trkpt lat="62.197596538" lon="24.993211333" /><trkpt lat="62.197596538" lon="24.993196579" /><trkpt lat="62.197596527" lon="24.993181617" /><trkpt lat="62.197596507" lon="24.993166452" /><trkpt lat="62.197596478" lon="24.993151087" /><trkpt lat="62.197596439" lon="24.993135526" /><trkpt lat="62.197596392" lon="24.993119774" /><trkpt lat="62.197596335" lon="24.993103834" /><trkpt lat="62.197596269" lon="24.993087711" /><trkpt lat="62.197596194" lon="24.993071407" /><trkpt lat="62.197596110" lon="24.993054928" /><trkpt lat="62.197596018" lon="24.993038276" /><trkpt lat="62.197595917" lon="24.993021457" /><trkpt lat="62.197595808" lon="24.993004473" /><trkpt lat="62.197595690" lon="24.992987330" /><trkpt lat="62.197595564" lon="24.992970030" /><trkpt lat="62.197595429" lon="24.992952577" /><trkpt lat="62.197595287" lon="24.992934977" /><trkpt lat="62.197595137" lon="24.992917232" /><trkpt lat="62.197594978" lon="24.992899346" /><trkpt lat="62.197594812" lon="24.992881324" /><trkpt lat="62.197594639" lon="24.992863170" /><trkpt lat="62.197594458" lon="24.992844886" /><trkpt lat="62.197594269" lon="24.992826478" /><trkpt lat="62.197594073" lon="24.992807949" /><trkpt lat="62.197593870" lon="24.992789304" /><trkpt lat="62.197593659" lon="24.992770545" /><trkpt lat="62.197593442" lon="24.992751678" /><trkpt lat="62.197593217" lon="24.992732705" /><trkpt lat="62.197592986" lon="24.992713632" /><trkpt lat="62.197592748" lon="24.992694461" /><trkpt lat="62.197592503" lon="24.992675197" /><trkpt lat="62.197592252" lon="24.992655844" /><trkpt lat="62.197591994" lon="24.992636405" /><trkpt lat="62.197591731" lon="24.992616885" /><trkpt lat="62.197591460" lon="24.992597288" /><trkpt lat="62.197591184" lon="24.992577617" /><trkpt lat="62.197590902" lon="24.992557877" /><trkpt lat="62.197590614" lon="24.992538071" /><trkpt lat="62.197590319" lon="24.992518203" /><trkpt lat="62.197590020" lon="24.992498277" /><trkpt lat="62.197589714" lon="24.992478298" /><trkpt lat="62.197589404" lon="24.992458269" /><trkpt lat="62.197589087" lon="24.992438193" /><trkpt lat="62.197588766" lon="24.992418076" /><trkpt lat="62.197588439" lon="24.992397921" /><trkpt lat="62.197588107" lon="24.992377731" /><trkpt lat="62.197587770" lon="24.992357512" /><trkpt lat="62.197587429" lon="24.992337266" /><trkpt lat="62.197587082" lon="24.992316998" /><trkpt lat="62.197586731" lon="24.992296712" /><trkpt lat="62.197586375" lon="24.992276411" /><trkpt lat="62.197586015" lon="24.992256099" /><trkpt lat="62.197585651" lon="24.992235781" /><trkpt lat="62.197585282" lon="24.992215461" /><trkpt lat="62.197584909" lon="24.992195141" /><trkpt lat="62.197584532" lon="24.992174827" /><trkpt lat="62.197584151" lon="24.992154523" /><trkpt lat="62.197583766" lon="24.992134231" /><trkpt lat="62.197583377" lon="24.992113956" /><trkpt lat="62.197582985" lon="24.992093703" /><trkpt lat="62.197582589" lon="24.992073474" /><trkpt lat="62.197582190" lon="24.992053275" /><trkpt lat="62.197581787" lon="24.992033108" /><trkpt lat="62.197581381" lon="24.992012978" /><trkpt lat="62.197580972" lon="24.991992888" /><trkpt lat="62.197580561" lon="24.991972844" /><trkpt lat="62.197580146" lon="24.991952848" /><trkpt lat="62.197579728" lon="24.991932904" /><trkpt lat="62.197579307" lon="24.991913017" /><trkpt lat="62.197578884" lon="24.991893190" /><trkpt lat="62.197578459" lon="24.991873428" /><trkpt lat="62.197578031" lon="24.991853734" /><trkpt lat="62.197577601" lon="24.991834112" /><trkpt lat="62.197577168" lon="24.991814567" /><trkpt lat="62.197576734" lon="24.991795101" /><trkpt lat="62.197576297" lon="24.991775719" /><trkpt lat="62.197575859" lon="24.991756426" /><trkpt lat="62.197575418" lon="24.991737224" /><trkpt lat="62.197574976" lon="24.991718119" /><trkpt lat="62.197574533" lon="24.991699113" /><trkpt lat="62.197574088" lon="24.991680210" /><trkpt lat="62.197573641" lon="24.991661416" /><trkpt lat="62.197573194" lon="24.991642733" /><trkpt lat="62.197572745" lon="24.991624166" /><trkpt lat="62.197572295" lon="24.991605718" /><trkpt lat="62.197571844" lon="24.991587393" /><trkpt lat="62.197571392" lon="24.991569196" /><trkpt lat="62.197570940" lon="24.991551130" /><trkpt lat="62.197570487" lon="24.991533200" /><trkpt lat="62.197570033" lon="24.991515409" /><trkpt lat="62.197569579" lon="24.991497760" /><trkpt lat="62.197569124" lon="24.991480259" /><trkpt lat="62.197568670" lon="24.991462909" /><trkpt lat="62.197568215" lon="24.991445714" /><trkpt lat="62.197567760" lon="24.991428678" /><trkpt lat="62.197567305" lon="24.991411804" /><trkpt lat="62.197566850" lon="24.991395097" /><trkpt lat="62.197566396" lon="24.991378561" /><trkpt lat="62.197565942" lon="24.991362200" /><trkpt lat="62.197565488" lon="24.991346017" /><trkpt lat="62.197565035" lon="24.991330017" /><trkpt lat="62.197564583" lon="24.991314203" /><trkpt lat="62.197564131" lon="24.991298580" /><trkpt lat="62.197563681" lon="24.991283150" /><trkpt lat="62.197563231" lon="24.991267920" /></trkseg></trk></gpx>