<?xml version='1.0' encoding='utf-8'?>
<gpx version="1.1" creator="OpenTrack rally2gpx source authoring" xmlns="http://www.topografix.com/GPX/1/1"><metadata><name>SS 11+15 - Baranowo</name><link href="https://www.rally-maps.com/Rally-Poland-2017" /><desc>Complete source route; Rally-Maps spline tangents expanded before GPX export. No source elevation is supplied.</desc></metadata><trk><trkseg><trkpt lat="53.857416718" lon="21.455000639" /><trkpt lat="53.857410843" lon="21.454990195" /><trkpt lat="53.857404504" lon="21.454979005" /><trkpt lat="53.857397722" lon="21.454967102" /><trkpt lat="53.857390520" lon="21.454954523" /><trkpt lat="53.857382919" lon="21.454941302" /><trkpt lat="53.857374942" lon="21.454927475" /><trkpt lat="53.857366609" lon="21.454913078" /><trkpt lat="53.857357944" lon="21.454898144" /><trkpt lat="53.857348968" lon="21.454882710" /><trkpt lat="53.857339703" lon="21.454866810" /><trkpt lat="53.857330170" lon="21.454850480" /><trkpt lat="53.857320392" lon="21.454833755" /><trkpt lat="53.857310390" lon="21.454816671" /><trkpt lat="53.857300187" lon="21.454799262" /><trkpt lat="53.857289804" lon="21.454781564" /><trkpt lat="53.857279263" lon="21.454763611" /><trkpt lat="53.857268587" lon="21.454745440" /><trkpt lat="53.857257796" lon="21.454727085" /><trkpt lat="53.857246913" lon="21.454708582" /><trkpt lat="53.857235960" lon="21.454689965" /><trkpt lat="53.857224958" lon="21.454671271" /><trkpt lat="53.857213930" lon="21.454652533" /><trkpt lat="53.857202897" lon="21.454633789" /><trkpt lat="53.857191882" lon="21.454615071" /><trkpt lat="53.857180905" lon="21.454596417" /><trkpt lat="53.857169990" lon="21.454577861" /><trkpt lat="53.857159158" lon="21.454559438" /><trkpt lat="53.857148430" lon="21.454541183" /><trkpt lat="53.857137829" lon="21.454523133" /><trkpt lat="53.857127377" lon="21.454505321" /><trkpt lat="53.857117095" lon="21.454487783" /><trkpt lat="53.857107005" lon="21.454470555" /><trkpt lat="53.857097129" lon="21.454453671" /><trkpt lat="53.857087490" lon="21.454437167" /><trkpt lat="53.857078109" lon="21.454421079" /><trkpt lat="53.857069007" lon="21.454405440" /><trkpt lat="53.857060208" lon="21.454390287" /><trkpt lat="53.857051732" lon="21.454375654" /><trkpt lat="53.857043601" lon="21.454361578" /><trkpt lat="53.857035838" lon="21.454348092" /><trkpt lat="53.857028465" lon="21.454335233" /><trkpt lat="53.857021502" lon="21.454323035" /><trkpt lat="53.857014973" lon="21.454311535" /><trkpt lat="53.857008898" lon="21.454300766" /><trkpt lat="53.857003300" lon="21.454290764" /><trkpt lat="53.856998202" lon="21.454281564" /><trkpt lat="53.856993623" lon="21.454273203" /><trkpt lat="53.856989588" lon="21.454265714" /><trkpt lat="53.856983562" lon="21.454255228" /><trkpt lat="53.856977513" lon="21.454246272" /><trkpt lat="53.856971450" lon="21.454238803" /><trkpt lat="53.856965382" lon="21.454232777" /><trkpt lat="53.856959318" lon="21.454228150" /><trkpt lat="53.856953265" lon="21.454224880" /><trkpt lat="53.856947234" lon="21.454222922" /><trkpt lat="53.856941233" lon="21.454222233" /><trkpt lat="53.856935271" lon="21.454222769" /><trkpt lat="53.856929355" lon="21.454224487" /><trkpt lat="53.856923497" lon="21.454227344" /><trkpt lat="53.856917703" lon="21.454231296" /><trkpt lat="53.856911983" lon="21.454236299" /><trkpt lat="53.856906345" lon="21.454242310" /><trkpt lat="53.856900799" lon="21.454249285" /><trkpt lat="53.856895353" lon="21.454257181" /><trkpt lat="53.856890017" lon="21.454265955" /><trkpt lat="53.856884798" lon="21.454275563" /><trkpt lat="53.856879705" lon="21.454285961" /><trkpt lat="53.856874748" lon="21.454297105" /><trkpt lat="53.856869935" lon="21.454308954" /><trkpt lat="53.856865275" lon="21.454321462" /><trkpt lat="53.856860776" lon="21.454334586" /><trkpt lat="53.856856448" lon="21.454348283" /><trkpt lat="53.856852300" lon="21.454362509" /><trkpt lat="53.856848339" lon="21.454377221" /><trkpt lat="53.856844576" lon="21.454392376" /><trkpt lat="53.856841018" lon="21.454407929" /><trkpt lat="53.856837674" lon="21.454423837" /><trkpt lat="53.856834554" lon="21.454440057" /><trkpt lat="53.856833751" lon="21.454444469" /><trkpt lat="53.856832845" lon="21.454449518" /><trkpt lat="53.856831838" lon="21.454455193" /><trkpt lat="53.856830733" lon="21.454461483" /><trkpt lat="53.856829529" lon="21.454468379" /><trkpt lat="53.856828230" lon="21.454475869" /><trkpt lat="53.856826837" lon="21.454483943" /><trkpt lat="53.856825351" lon="21.454492590" /><trkpt lat="53.856823774" lon="21.454501801" /><trkpt lat="53.856822108" lon="21.454511564" /><trkpt lat="53.856820354" lon="21.454521869" /><trkpt lat="53.856818514" lon="21.454532706" /><trkpt lat="53.856816590" lon="21.454544064" /><trkpt lat="53.856814583" lon="21.454555932" /><trkpt lat="53.856812496" lon="21.454568300" /><trkpt lat="53.856810329" lon="21.454581158" /><trkpt lat="53.856808084" lon="21.454594495" /><trkpt lat="53.856805763" lon="21.454608300" /><trkpt lat="53.856803368" lon="21.454622563" /><trkpt lat="53.856800900" lon="21.454637274" /><trkpt lat="53.856798361" lon="21.454652422" /><trkpt lat="53.856795753" lon="21.454667996" /><trkpt lat="53.856793077" lon="21.454683986" /><trkpt lat="53.856790334" lon="21.454700382" /><trkpt lat="53.856787527" lon="21.454717172" /><trkpt lat="53.856784658" lon="21.454734347" /><trkpt lat="53.856781727" lon="21.454751896" /><trkpt lat="53.856778737" lon="21.454769809" /><trkpt lat="53.856775689" lon="21.454788074" /><trkpt lat="53.856772585" lon="21.454806682" /><trkpt lat="53.856769426" lon="21.454825621" /><trkpt lat="53.856766214" lon="21.454844882" /><trkpt lat="53.856762951" lon="21.454864454" /><trkpt lat="53.856759638" lon="21.454884327" /><trkpt lat="53.856756278" lon="21.454904489" /><trkpt lat="53.856752871" lon="21.454924931" /><trkpt lat="53.856749420" lon="21.454945642" /><trkpt lat="53.856745925" lon="21.454966611" /><trkpt lat="53.856742390" lon="21.454987827" /><trkpt lat="53.856738814" lon="21.455009282" /><trkpt lat="53.856735201" lon="21.455030963" /><trkpt lat="53.856731551" lon="21.455052860" /><trkpt lat="53.856727867" lon="21.455074964" /><trkpt lat="53.856724150" lon="21.455097262" /><trkpt lat="53.856720401" lon="21.455119746" /><trkpt lat="53.856716622" lon="21.455142404" /><trkpt lat="53.856712815" lon="21.455165225" /><trkpt lat="53.856708982" lon="21.455188200" /><trkpt lat="53.856705124" lon="21.455211318" /><trkpt lat="53.856701243" lon="21.455234569" /><trkpt lat="53.856697341" lon="21.455257941" /><trkpt lat="53.856693418" lon="21.455281424" /><trkpt lat="53.856689478" lon="21.455305008" /><trkpt lat="53.856685521" lon="21.455328683" /><trkpt lat="53.856681549" lon="21.455352437" /><trkpt lat="53.856677564" lon="21.455376260" /><trkpt lat="53.856673567" lon="21.455400143" /><trkpt lat="53.856669560" lon="21.455424073" /><trkpt lat="53.856665546" lon="21.455448042" /><trkpt lat="53.856661524" lon="21.455472037" /><trkpt lat="53.856657498" lon="21.455496050" /><trkpt lat="53.856653468" lon="21.455520068" /><trkpt lat="53.856649437" lon="21.455544083" /><trkpt lat="53.856645406" lon="21.455568082" /><trkpt lat="53.856641376" lon="21.455592057" /><trkpt lat="53.856637350" lon="21.455615995" /><trkpt lat="53.856633328" lon="21.455639888" /><trkpt lat="53.856629314" lon="21.455663723" /><trkpt lat="53.856625307" lon="21.455687492" /><trkpt lat="53.856621311" lon="21.455711182" /><trkpt lat="53.856617326" lon="21.455734784" /><trkpt lat="53.856613354" lon="21.455758288" /><trkpt lat="53.856609398" lon="21.455781682" /><trkpt lat="53.856605457" lon="21.455804956" /><trkpt lat="53.856601535" lon="21.455828100" /><trkpt lat="53.856597633" lon="21.455851104" /><trkpt lat="53.856593753" lon="21.455873956" /><trkpt lat="53.856589895" lon="21.455896646" /><trkpt lat="53.856586063" lon="21.455919163" /><trkpt lat="53.856582256" lon="21.455941498" /><trkpt lat="53.856578478" lon="21.455963640" /><trkpt lat="53.856574730" lon="21.455985578" /><trkpt lat="53.856571013" lon="21.456007301" /><trkpt lat="53.856567329" lon="21.456028799" /><trkpt lat="53.856563680" lon="21.456050063" /><trkpt lat="53.856560068" lon="21.456071080" /><trkpt lat="53.856556493" lon="21.456091841" /><trkpt lat="53.856552958" lon="21.456112335" /><trkpt lat="53.856549465" lon="21.456132551" /><trkpt lat="53.856546014" lon="21.456152480" /><trkpt lat="53.856542609" lon="21.456172110" /><trkpt lat="53.856539249" lon="21.456191432" /><trkpt lat="53.856535937" lon="21.456210434" /><trkpt lat="53.856532675" lon="21.456229106" /><trkpt lat="53.856529465" lon="21.456247438" /><trkpt lat="53.856526307" lon="21.456265419" /><trkpt lat="53.856523204" lon="21.456283038" /><trkpt lat="53.856520157" lon="21.456300285" /><trkpt lat="53.856517168" lon="21.456317150" /><trkpt lat="53.856514238" lon="21.456333622" /><trkpt lat="53.856511370" lon="21.456349691" /><trkpt lat="53.856508564" lon="21.456365346" /><trkpt lat="53.856505823" lon="21.456380576" /><trkpt lat="53.856503149" lon="21.456395371" /><trkpt lat="53.856500541" lon="21.456409721" /><trkpt lat="53.856498004" lon="21.456423614" /><trkpt lat="53.856495537" lon="21.456437042" /><trkpt lat="53.856493144" lon="21.456449992" /><trkpt lat="53.856490824" lon="21.456462455" /><trkpt lat="53.856488581" lon="21.456474420" /><trkpt lat="53.856486416" lon="21.456485876" /><trkpt lat="53.856484330" lon="21.456496813" /><trkpt lat="53.856482325" lon="21.456507221" /><trkpt lat="53.856480402" lon="21.456517089" /><trkpt lat="53.856478564" lon="21.456526406" /><trkpt lat="53.856476812" lon="21.456535162" /><trkpt lat="53.856475148" lon="21.456543347" /><trkpt lat="53.856473573" lon="21.456550950" /><trkpt lat="53.856472088" lon="21.456557960" /><trkpt lat="53.856470697" lon="21.456564367" /><trkpt lat="53.856467750" lon="21.456577823" /><trkpt lat="53.856464779" lon="21.456591558" /><trkpt lat="53.856461781" lon="21.456605565" /><trkpt lat="53.856458759" lon="21.456619837" /><trkpt lat="53.856455710" lon="21.456634364" /><trkpt lat="53.856452636" lon="21.456649140" /><trkpt lat="53.856449535" lon="21.456664157" /><trkpt lat="53.856446408" lon="21.456679408" /><trkpt lat="53.856443254" lon="21.456694883" /><trkpt lat="53.856440074" lon="21.456710576" /><trkpt lat="53.856436868" lon="21.456726480" /><trkpt lat="53.856433634" lon="21.456742585" /><trkpt lat="53.856430373" lon="21.456758884" /><trkpt lat="53.856427084" lon="21.456775371" /><trkpt lat="53.856423768" lon="21.456792036" /><trkpt lat="53.856420425" lon="21.456808873" /><trkpt lat="53.856417053" lon="21.456825873" /><trkpt lat="53.856413654" lon="21.456843028" /><trkpt lat="53.856410226" lon="21.456860332" /><trkpt lat="53.856406770" lon="21.456877776" /><trkpt lat="53.856403286" lon="21.456895353" /><trkpt lat="53.856399773" lon="21.456913054" /><trkpt lat="53.856396231" lon="21.456930872" /><trkpt lat="53.856392660" lon="21.456948800" /><trkpt lat="53.856389059" lon="21.456966829" /><trkpt lat="53.856385430" lon="21.456984952" /><trkpt lat="53.856381771" lon="21.457003161" /><trkpt lat="53.856378082" lon="21.457021449" /><trkpt lat="53.856374363" lon="21.457039807" /><trkpt lat="53.856370614" lon="21.457058228" /><trkpt lat="53.856366835" lon="21.457076704" /><trkpt lat="53.856363025" lon="21.457095227" /><trkpt lat="53.856359185" lon="21.457113791" /><trkpt lat="53.856355314" lon="21.457132386" /><trkpt lat="53.856351412" lon="21.457151005" /><trkpt lat="53.856347480" lon="21.457169641" /><trkpt lat="53.856343515" lon="21.457188285" /><trkpt lat="53.856339520" lon="21.457206930" /><trkpt lat="53.856335493" lon="21.457225569" /><trkpt lat="53.856331434" lon="21.457244193" /><trkpt lat="53.856327343" lon="21.457262795" /><trkpt lat="53.856323220" lon="21.457281367" /><trkpt lat="53.856319064" lon="21.457299901" /><trkpt lat="53.856314876" lon="21.457318389" /><trkpt lat="53.856310656" lon="21.457336825" /><trkpt lat="53.856306403" lon="21.457355199" /><trkpt lat="53.856302117" lon="21.457373505" /><trkpt lat="53.856297797" lon="21.457391735" /><trkpt lat="53.856293445" lon="21.457409880" /><trkpt lat="53.856289058" lon="21.457427933" /><trkpt lat="53.856284639" lon="21.457445887" /><trkpt lat="53.856280185" lon="21.457463733" /><trkpt lat="53.856275697" lon="21.457481465" /><trkpt lat="53.856271175" lon="21.457499073" /><trkpt lat="53.856266619" lon="21.457516551" /><trkpt lat="53.856261532" lon="21.457536431" /><trkpt lat="53.856256742" lon="21.457556173" /><trkpt lat="53.856252241" lon="21.457575781" /><trkpt lat="53.856248017" lon="21.457595257" /><trkpt lat="53.856244060" lon="21.457614604" /><trkpt lat="53.856240359" lon="21.457633824" /><trkpt lat="53.856236903" lon="21.457652921" /><trkpt lat="53.856233683" lon="21.457671896" /><trkpt lat="53.856230687" lon="21.457690752" /><trkpt lat="53.856227905" lon="21.457709492" /><trkpt lat="53.856225327" lon="21.457728119" /><trkpt lat="53.856222941" lon="21.457746634" /><trkpt lat="53.856220738" lon="21.457765042" /><trkpt lat="53.856218706" lon="21.457783344" /><trkpt lat="53.856216836" lon="21.457801542" /><trkpt lat="53.856215116" lon="21.457819641" /><trkpt lat="53.856213537" lon="21.457837641" /><trkpt lat="53.856212086" lon="21.457855547" /><trkpt lat="53.856210755" lon="21.457873359" /><trkpt lat="53.856209533" lon="21.457891082" /><trkpt lat="53.856208408" lon="21.457908718" /><trkpt lat="53.856207370" lon="21.457926269" /><trkpt lat="53.856206409" lon="21.457943738" /><trkpt lat="53.856205514" lon="21.457961127" /><trkpt lat="53.856204675" lon="21.457978440" /><trkpt lat="53.856203881" lon="21.457995678" /><trkpt lat="53.856203122" lon="21.458012845" /><trkpt lat="53.856202386" lon="21.458029943" /><trkpt lat="53.856201664" lon="21.458046974" /><trkpt lat="53.856200944" lon="21.458063942" /><trkpt lat="53.856200217" lon="21.458080848" /><trkpt lat="53.856199472" lon="21.458097696" /><trkpt lat="53.856198698" lon="21.458114488" /><trkpt lat="53.856197884" lon="21.458131227" /><trkpt lat="53.856197021" lon="21.458147916" /><trkpt lat="53.856196096" lon="21.458164556" /><trkpt lat="53.856195101" lon="21.458181151" /><trkpt lat="53.856194025" lon="21.458197703" /><trkpt lat="53.856192856" lon="21.458214215" /><trkpt lat="53.856191584" lon="21.458230689" /><trkpt lat="53.856190199" lon="21.458247129" /><trkpt lat="53.856188690" lon="21.458263536" /><trkpt lat="53.856187047" lon="21.458279913" /><trkpt lat="53.856185259" lon="21.458296264" /><trkpt lat="53.856183315" lon="21.458312590" /><trkpt lat="53.856181205" lon="21.458328894" /><trkpt lat="53.856178919" lon="21.458345179" /><trkpt lat="53.856176445" lon="21.458361447" /><trkpt lat="53.856174426" lon="21.458373951" /><trkpt lat="53.856172289" lon="21.458386683" /><trkpt lat="53.856170037" lon="21.458399640" /><trkpt lat="53.856167675" lon="21.458412819" /><trkpt lat="53.856165207" lon="21.458426216" /><trkpt lat="53.856162636" lon="21.458439829" /><trkpt lat="53.856159965" lon="21.458453654" /><trkpt lat="53.856157200" lon="21.458467688" /><trkpt lat="53.856154343" lon="21.458481927" /><trkpt lat="53.856151399" lon="21.458496370" /><trkpt lat="53.856148371" lon="21.458511012" /><trkpt lat="53.856145263" lon="21.458525850" /><trkpt lat="53.856142080" lon="21.458540882" /><trkpt lat="53.856138824" lon="21.458556104" /><trkpt lat="53.856135500" lon="21.458571513" /><trkpt lat="53.856132112" lon="21.458587105" /><trkpt lat="53.856128662" lon="21.458602879" /><trkpt lat="53.856125157" lon="21.458618829" /><trkpt lat="53.856121598" lon="21.458634955" /><trkpt lat="53.856117990" lon="21.458651251" /><trkpt lat="53.856114337" lon="21.458667715" /><trkpt lat="53.856110642" lon="21.458684345" /><trkpt lat="53.856106910" lon="21.458701136" /><trkpt lat="53.856103143" lon="21.458718085" /><trkpt lat="53.856099347" lon="21.458735190" /><trkpt lat="53.856095525" lon="21.458752448" /><trkpt lat="53.856091681" lon="21.458769854" /><trkpt lat="53.856087818" lon="21.458787407" /><trkpt lat="53.856083940" lon="21.458805102" /><trkpt lat="53.856080052" lon="21.458822937" /><trkpt lat="53.856076157" lon="21.458840908" /><trkpt lat="53.856072258" lon="21.458859013" /><trkpt lat="53.856068361" lon="21.458877248" /><trkpt lat="53.856064468" lon="21.458895610" /><trkpt lat="53.856060583" lon="21.458914096" /><trkpt lat="53.856056711" lon="21.458932703" /><trkpt lat="53.856052854" lon="21.458951427" /><trkpt lat="53.856049018" lon="21.458970266" /><trkpt lat="53.856045205" lon="21.458989216" /><trkpt lat="53.856041420" lon="21.459008274" /><trkpt lat="53.856037666" lon="21.459027437" /><trkpt lat="53.856033947" lon="21.459046702" /><trkpt lat="53.856030268" lon="21.459066065" /><trkpt lat="53.856026631" lon="21.459085524" /><trkpt lat="53.856023041" lon="21.459105076" /><trkpt lat="53.856019502" lon="21.459124716" /><trkpt lat="53.856016017" lon="21.459144443" /><trkpt lat="53.856012590" lon="21.459164252" /><trkpt lat="53.856009225" lon="21.459184142" /><trkpt lat="53.856005926" lon="21.459204108" /><trkpt lat="53.856002697" lon="21.459224147" /><trkpt lat="53.855999542" lon="21.459244257" /><trkpt lat="53.855996464" lon="21.459264433" /><trkpt lat="53.855993467" lon="21.459284674" /><trkpt lat="53.855990555" lon="21.459304976" /><trkpt lat="53.855987732" lon="21.459325335" /><trkpt lat="53.855985002" lon="21.459345749" /><trkpt lat="53.855982369" lon="21.459366214" /><trkpt lat="53.855979836" lon="21.459386727" /><trkpt lat="53.855977407" lon="21.459407285" /><trkpt lat="53.855975086" lon="21.459427886" /><trkpt lat="53.855972877" lon="21.459448525" /><trkpt lat="53.855970784" lon="21.459469199" /><trkpt lat="53.855968152" lon="21.459496017" /><trkpt lat="53.855965591" lon="21.459522167" /><trkpt lat="53.855963092" lon="21.459547664" /><trkpt lat="53.855960649" lon="21.459572526" /><trkpt lat="53.855958253" lon="21.459596769" /><trkpt lat="53.855955897" lon="21.459620409" /><trkpt lat="53.855953572" lon="21.459643462" /><trkpt lat="53.855951272" lon="21.459665944" /><trkpt lat="53.855948989" lon="21.459687873" /><trkpt lat="53.855946714" lon="21.459709263" /><trkpt lat="53.855944440" lon="21.459730132" /><trkpt lat="53.855942159" lon="21.459750496" /><trkpt lat="53.855939864" lon="21.459770371" /><trkpt lat="53.855937547" lon="21.459789773" /><trkpt lat="53.855935200" lon="21.459808719" /><trkpt lat="53.855932816" lon="21.459827224" /><trkpt lat="53.855930386" lon="21.459845306" /><trkpt lat="53.855927903" lon="21.459862981" /><trkpt lat="53.855925359" lon="21.459880264" /><trkpt lat="53.855922747" lon="21.459897173" /><trkpt lat="53.855920058" lon="21.459913723" /><trkpt lat="53.855917286" lon="21.459929931" /><trkpt lat="53.855914422" lon="21.459945812" /><trkpt lat="53.855911458" lon="21.459961385" /><trkpt lat="53.855908388" lon="21.459976663" /><trkpt lat="53.855905202" lon="21.459991665" /><trkpt lat="53.855901894" lon="21.460006406" /><trkpt lat="53.855898456" lon="21.460020902" /><trkpt lat="53.855894880" lon="21.460035171" /><trkpt lat="53.855891158" lon="21.460049227" /><trkpt lat="53.855887282" lon="21.460063088" /><trkpt lat="53.855883246" lon="21.460076769" /><trkpt lat="53.855879040" lon="21.460090288" /><trkpt lat="53.855874658" lon="21.460103660" /><trkpt lat="53.855870091" lon="21.460116901" /><trkpt lat="53.855865333" lon="21.460130028" /><trkpt lat="53.855860374" lon="21.460143058" /><trkpt lat="53.855855208" lon="21.460156006" /><trkpt lat="53.855849827" lon="21.460168889" /><trkpt lat="53.855844223" lon="21.460181723" /><trkpt lat="53.855838388" lon="21.460194524" /><trkpt lat="53.855832314" lon="21.460207310" /><trkpt lat="53.855825995" lon="21.460220095" /><trkpt lat="53.855819421" lon="21.460232896" /><trkpt lat="53.855812586" lon="21.460245730" /><trkpt lat="53.855805482" lon="21.460258613" /><trkpt lat="53.855798100" lon="21.460271561" /><trkpt lat="53.855790434" lon="21.460284591" /><trkpt lat="53.855782408" lon="21.460298024" /><trkpt lat="53.855774286" lon="21.460311612" /><trkpt lat="53.855766073" lon="21.460325351" /><trkpt lat="53.855757772" lon="21.460339234" /><trkpt lat="53.855749386" lon="21.460353257" /><trkpt lat="53.855740919" lon="21.460367415" /><trkpt lat="53.855732375" lon="21.460381703" /><trkpt lat="53.855723756" lon="21.460396115" /><trkpt lat="53.855715068" lon="21.460410646" /><trkpt lat="53.855706312" lon="21.460425292" /><trkpt lat="53.855697494" lon="21.460440046" /><trkpt lat="53.855688616" lon="21.460454905" /><trkpt lat="53.855679682" lon="21.460469863" /><trkpt lat="53.855670695" lon="21.460484914" /><trkpt lat="53.855661660" lon="21.460500054" /><trkpt lat="53.855652579" lon="21.460515278" /><trkpt lat="53.855643456" lon="21.460530580" /><trkpt lat="53.855634295" lon="21.460545955" /><trkpt lat="53.855625100" lon="21.460561399" /><trkpt lat="53.855615873" lon="21.460576905" /><trkpt lat="53.855606619" lon="21.460592470" /><trkpt lat="53.855597341" lon="21.460608087" /><trkpt lat="53.855588042" lon="21.460623753" /><trkpt lat="53.855578727" lon="21.460639460" /><trkpt lat="53.855569399" lon="21.460655206" /><trkpt lat="53.855560060" lon="21.460670984" /><trkpt lat="53.855550716" lon="21.460686789" /><trkpt lat="53.855541369" lon="21.460702616" /><trkpt lat="53.855532023" lon="21.460718460" /><trkpt lat="53.855522682" lon="21.460734316" /><trkpt lat="53.855513348" lon="21.460750179" /><trkpt lat="53.855504027" lon="21.460766044" /><trkpt lat="53.855494721" lon="21.460781905" /><trkpt lat="53.855485433" lon="21.460797758" /><trkpt lat="53.855476168" lon="21.460813597" /><trkpt lat="53.855466929" lon="21.460829417" /><trkpt lat="53.855457719" lon="21.460845214" /><trkpt lat="53.855448543" lon="21.460860981" /><trkpt lat="53.855439403" lon="21.460876715" /><trkpt lat="53.855430304" lon="21.460892409" /><trkpt lat="53.855421248" lon="21.460908059" /><trkpt lat="53.855412240" lon="21.460923659" /><trkpt lat="53.855403282" lon="21.460939205" /><trkpt lat="53.855394379" lon="21.460954691" /><trkpt lat="53.855385534" lon="21.460970113" /><trkpt lat="53.855376751" lon="21.460985464" /><trkpt lat="53.855368033" lon="21.461000741" /><trkpt lat="53.855361523" lon="21.461012161" /><trkpt lat="53.855354756" lon="21.461024034" /><trkpt lat="53.855347740" lon="21.461036342" /><trkpt lat="53.855340483" lon="21.461049071" /><trkpt lat="53.855332994" lon="21.461062203" /><trkpt lat="53.855325283" lon="21.461075723" /><trkpt lat="53.855317357" lon="21.461089615" /><trkpt lat="53.855309225" lon="21.461103864" /><trkpt lat="53.855300897" lon="21.461118453" /><trkpt lat="53.855292380" lon="21.461133367" /><trkpt lat="53.855283683" lon="21.461148589" /><trkpt lat="53.855274816" lon="21.461164103" /><trkpt lat="53.855265786" lon="21.461179895" /><trkpt lat="53.855256603" lon="21.461195947" /><trkpt lat="53.855247275" lon="21.461212244" /><trkpt lat="53.855237811" lon="21.461228770" /><trkpt lat="53.855228219" lon="21.461245510" /><trkpt lat="53.855218509" lon="21.461262446" /><trkpt lat="53.855208689" lon="21.461279564" /><trkpt lat="53.855198767" lon="21.461296848" /><trkpt lat="53.855188752" lon="21.461314281" /><trkpt lat="53.855178654" lon="21.461331847" /><trkpt lat="53.855168480" lon="21.461349532" /><trkpt lat="53.855158239" lon="21.461367318" /><trkpt lat="53.855147941" lon="21.461385190" /><trkpt lat="53.855137593" lon="21.461403132" /><trkpt lat="53.855127205" lon="21.461421129" /><trkpt lat="53.855116785" lon="21.461439163" /><trkpt lat="53.855106341" lon="21.461457220" /><trkpt lat="53.855095884" lon="21.461475284" /><trkpt lat="53.855085420" lon="21.461493337" /><trkpt lat="53.855074959" lon="21.461511366" /><trkpt lat="53.855064510" lon="21.461529353" /><trkpt lat="53.855054081" lon="21.461547284" /><trkpt lat="53.855043681" lon="21.461565141" /><trkpt lat="53.855033319" lon="21.461582909" /><trkpt lat="53.855023003" lon="21.461600572" /><trkpt lat="53.855012743" lon="21.461618115" /><trkpt lat="53.855002546" lon="21.461635521" /><trkpt lat="53.854992421" lon="21.461652774" /><trkpt lat="53.854982377" lon="21.461669859" /><trkpt lat="53.854972424" lon="21.461686759" /><trkpt lat="53.854962568" lon="21.461703460" /><trkpt lat="53.854952820" lon="21.461719944" /><trkpt lat="53.854943188" lon="21.461736196" /><trkpt lat="53.854933680" lon="21.461752200" /><trkpt lat="53.854924306" lon="21.461767940" /><trkpt lat="53.854915073" lon="21.461783401" /><trkpt lat="53.854905992" lon="21.461798566" /><trkpt lat="53.854897069" lon="21.461813419" /><trkpt lat="53.854888315" lon="21.461827945" /><trkpt lat="53.854879737" lon="21.461842127" /><trkpt lat="53.854871344" lon="21.461855950" /><trkpt lat="53.854863146" lon="21.461869398" /><trkpt lat="53.854855151" lon="21.461882455" /><trkpt lat="53.854847367" lon="21.461895105" /><trkpt lat="53.854839803" lon="21.461907332" /><trkpt lat="53.854832468" lon="21.461919121" /><trkpt lat="53.854825370" lon="21.461930455" /><trkpt lat="53.854818519" lon="21.461941318" /><trkpt lat="53.854811922" lon="21.461951694" /><trkpt lat="53.854805590" lon="21.461961569" /><trkpt lat="53.854799529" lon="21.461970925" /><trkpt lat="53.854793750" lon="21.461979747" /><trkpt lat="53.854787794" lon="21.461988900" /><trkpt lat="53.854781754" lon="21.461998414" /><trkpt lat="53.854775633" lon="21.462008284" /><trkpt lat="53.854769434" lon="21.462018503" /><trkpt lat="53.854763160" lon="21.462029065" /><trkpt lat="53.854756814" lon="21.462039965" /><trkpt lat="53.854750399" lon="21.462051195" /><trkpt lat="53.854743918" lon="21.462062751" /><trkpt lat="53.854737373" lon="21.462074625" /><trkpt lat="53.854730768" lon="21.462086812" /><trkpt lat="53.854724106" lon="21.462099306" /><trkpt lat="53.854717389" lon="21.462112100" /><trkpt lat="53.854710620" lon="21.462125188" /><trkpt lat="53.854703803" lon="21.462138565" /><trkpt lat="53.854696940" lon="21.462152225" /><trkpt lat="53.854690034" lon="21.462166160" /><trkpt lat="53.854683088" lon="21.462180366" /><trkpt lat="53.854676105" lon="21.462194835" /><trkpt lat="53.854669089" lon="21.462209563" /><trkpt lat="53.854662041" lon="21.462224542" /><trkpt lat="53.854654965" lon="21.462239766" /><trkpt lat="53.854647863" lon="21.462255231" /><trkpt lat="53.854640739" lon="21.462270929" /><trkpt lat="53.854633596" lon="21.462286854" /><trkpt lat="53.854626437" lon="21.462303000" /><trkpt lat="53.854619264" lon="21.462319362" /><trkpt lat="53.854612080" lon="21.462335933" /><trkpt lat="53.854604888" lon="21.462352707" /><trkpt lat="53.854597692" lon="21.462369677" /><trkpt lat="53.854590494" lon="21.462386839" /><trkpt lat="53.854583297" lon="21.462404185" /><trkpt lat="53.854576104" lon="21.462421710" /><trkpt lat="53.854568918" lon="21.462439407" /><trkpt lat="53.854561742" lon="21.462457271" /><trkpt lat="53.854554579" lon="21.462475295" /><trkpt lat="53.854547431" lon="21.462493473" /><trkpt lat="53.854540302" lon="21.462511799" /><trkpt lat="53.854533195" lon="21.462530267" /><trkpt lat="53.854526112" lon="21.462548872" /><trkpt lat="53.854519056" lon="21.462567606" /><trkpt lat="53.854512031" lon="21.462586464" /><trkpt lat="53.854505039" lon="21.462605439" /><trkpt lat="53.854498084" lon="21.462624526" /><trkpt lat="53.854491167" lon="21.462643718" /><trkpt lat="53.854484293" lon="21.462663010" /><trkpt lat="53.854477463" lon="21.462682395" /><trkpt lat="53.854470682" lon="21.462701867" /><trkpt lat="53.854463951" lon="21.462721420" /><trkpt lat="53.854457274" lon="21.462741048" /><trkpt lat="53.854450654" lon="21.462760745" /><trkpt lat="53.854444094" lon="21.462780505" /><trkpt lat="53.854437596" lon="21.462800321" /><trkpt lat="53.854431164" lon="21.462820188" /><trkpt lat="53.854424799" lon="21.462840099" /><trkpt lat="53.854418507" lon="21.462860049" /><trkpt lat="53.854412288" lon="21.462880031" /><trkpt lat="53.854406147" lon="21.462900039" /><trkpt lat="53.854400086" lon="21.462920067" /><trkpt lat="53.854394108" lon="21.462940109" /><trkpt lat="53.854388216" lon="21.462960159" /><trkpt lat="53.854382413" lon="21.462980211" /><trkpt lat="53.854376505" lon="21.463000892" /><trkpt lat="53.854370685" lon="21.463021476" /><trkpt lat="53.854364953" lon="21.463041961" /><trkpt lat="53.854359308" lon="21.463062345" /><trkpt lat="53.854353746" lon="21.463082629" /><trkpt lat="53.854348269" lon="21.463102811" /><trkpt lat="53.854342874" lon="21.463122890" /><trkpt lat="53.854337559" lon="21.463142866" /><trkpt lat="53.854332324" lon="21.463162737" /><trkpt lat="53.854327168" lon="21.463182503" /><trkpt lat="53.854322088" lon="21.463202162" /><trkpt lat="53.854317085" lon="21.463221713" /><trkpt lat="53.854312156" lon="21.463241156" /><trkpt lat="53.854307300" lon="21.463260490" /><trkpt lat="53.854302515" lon="21.463279714" /><trkpt lat="53.854297802" lon="21.463298826" /><trkpt lat="53.854293158" lon="21.463317827" /><trkpt lat="53.854288581" lon="21.463336714" /><trkpt lat="53.854284072" lon="21.463355487" /><trkpt lat="53.854279627" lon="21.463374146" /><trkpt lat="53.854275247" lon="21.463392688" /><trkpt lat="53.854270930" lon="21.463411114" /><trkpt lat="53.854266674" lon="21.463429421" /><trkpt lat="53.854262479" lon="21.463447610" /><trkpt lat="53.854258342" lon="21.463465680" /><trkpt lat="53.854254263" lon="21.463483629" /><trkpt lat="53.854250240" lon="21.463501456" /><trkpt lat="53.854246273" lon="21.463519161" /><trkpt lat="53.854242359" lon="21.463536742" /><trkpt lat="53.854238498" lon="21.463554199" /><trkpt lat="53.854234687" lon="21.463571531" /><trkpt lat="53.854230927" lon="21.463588737" /><trkpt lat="53.854227215" lon="21.463605815" /><trkpt lat="53.854223551" lon="21.463622765" /><trkpt lat="53.854219932" lon="21.463639586" /><trkpt lat="53.854216358" lon="21.463656277" /><trkpt lat="53.854212828" lon="21.463672838" /><trkpt lat="53.854209340" lon="21.463689266" /><trkpt lat="53.854205892" lon="21.463705562" /><trkpt lat="53.854202484" lon="21.463721723" /><trkpt lat="53.854199114" lon="21.463737750" /><trkpt lat="53.854195781" lon="21.463753642" /><trkpt lat="53.854192484" lon="21.463769397" /><trkpt lat="53.854189221" lon="21.463785014" /><trkpt lat="53.854185992" lon="21.463800493" /><trkpt lat="53.854182793" lon="21.463815832" /><trkpt lat="53.854179626" lon="21.463831032" /><trkpt lat="53.854176487" lon="21.463846089" /><trkpt lat="53.854173377" lon="21.463861005" /><trkpt lat="53.854170293" lon="21.463875778" /><trkpt lat="53.854167234" lon="21.463890406" /><trkpt lat="53.854164199" lon="21.463904889" /><trkpt lat="53.854161187" lon="21.463919227" /><trkpt lat="53.854158197" lon="21.463933417" /><trkpt lat="53.854155226" lon="21.463947460" /><trkpt lat="53.854152274" lon="21.463961353" /><trkpt lat="53.854149340" lon="21.463975097" /><trkpt lat="53.854146422" lon="21.463988691" /><trkpt lat="53.854143519" lon="21.464002132" /><trkpt lat="53.854140876" lon="21.464014204" /><trkpt lat="53.854138127" lon="21.464026518" /><trkpt lat="53.854135273" lon="21.464039073" /><trkpt lat="53.854132318" lon="21.464051864" /><trkpt lat="53.854129264" lon="21.464064886" /><trkpt lat="53.854126113" lon="21.464078137" /><trkpt lat="53.854122867" lon="21.464091612" /><trkpt lat="53.854119530" lon="21.464105308" /><trkpt lat="53.854116104" lon="21.464119220" /><trkpt lat="53.854112590" lon="21.464133345" /><trkpt lat="53.854108992" lon="21.464147680" /><trkpt lat="53.854105312" lon="21.464162219" /><trkpt lat="53.854101552" lon="21.464176959" /><trkpt lat="53.854097715" lon="21.464191896" /><trkpt lat="53.854093803" lon="21.464207027" /><trkpt lat="53.854089819" lon="21.464222348" /><trkpt lat="53.854085765" lon="21.464237854" /><trkpt lat="53.854081643" lon="21.464253543" /><trkpt lat="53.854077457" lon="21.464269409" /><trkpt lat="53.854073208" lon="21.464285449" /><trkpt lat="53.854068899" lon="21.464301660" /><trkpt lat="53.854064532" lon="21.464318037" /><trkpt lat="53.854060110" lon="21.464334577" /><trkpt lat="53.854055636" lon="21.464351275" /><trkpt lat="53.854051111" lon="21.464368128" /><trkpt lat="53.854046538" lon="21.464385132" /><trkpt lat="53.854041920" lon="21.464402284" /><trkpt lat="53.854037258" lon="21.464419578" /><trkpt lat="53.854032557" lon="21.464437012" /><trkpt lat="53.854027817" lon="21.464454581" /><trkpt lat="53.854023041" lon="21.464472282" /><trkpt lat="53.854018232" lon="21.464490111" /><trkpt lat="53.854013393" lon="21.464508064" /><trkpt lat="53.854008525" lon="21.464526137" /><trkpt lat="53.854003631" lon="21.464544326" /><trkpt lat="53.853998714" lon="21.464562627" /><trkpt lat="53.853993776" lon="21.464581037" /><trkpt lat="53.853988819" lon="21.464599552" /><trkpt lat="53.853983846" lon="21.464618167" /><trkpt lat="53.853978859" lon="21.464636879" /><trkpt lat="53.853973862" lon="21.464655685" /><trkpt lat="53.853968855" lon="21.464674579" /><trkpt lat="53.853963842" lon="21.464693559" /><trkpt lat="53.853958825" lon="21.464712620" /><trkpt lat="53.853953807" lon="21.464731759" /><trkpt lat="53.853948790" lon="21.464750971" /><trkpt lat="53.853943776" lon="21.464770253" /><trkpt lat="53.853938768" lon="21.464789602" /><trkpt lat="53.853933768" lon="21.464809012" /><trkpt lat="53.853928780" lon="21.464828481" /><trkpt lat="53.853923804" lon="21.464848004" /><trkpt lat="53.853918844" lon="21.464867578" /><trkpt lat="53.853913902" lon="21.464887198" /><trkpt lat="53.853908981" lon="21.464906861" /><trkpt lat="53.853904082" lon="21.464926563" /><trkpt lat="53.853899209" lon="21.464946300" /><trkpt lat="53.853894364" lon="21.464966069" /><trkpt lat="53.853889549" lon="21.464985865" /><trkpt lat="53.853884767" lon="21.465005684" /><trkpt lat="53.853880020" lon="21.465025523" /><trkpt lat="53.853875311" lon="21.465045378" /><trkpt lat="53.853870642" lon="21.465065245" /><trkpt lat="53.853866015" lon="21.465085119" /><trkpt lat="53.853861434" lon="21.465104998" /><trkpt lat="53.853856900" lon="21.465124878" /><trkpt lat="53.853852415" lon="21.465144753" /><trkpt lat="53.853848570" lon="21.465161841" /><trkpt lat="53.853844678" lon="21.465179033" /><trkpt lat="53.853840741" lon="21.465196326" /><trkpt lat="53.853836760" lon="21.465213716" /><trkpt lat="53.853832738" lon="21.465231199" /><trkpt lat="53.853828675" lon="21.465248771" /><trkpt lat="53.853824573" lon="21.465266428" /><trkpt lat="53.853820434" lon="21.465284167" /><trkpt lat="53.853816259" lon="21.465301983" /><trkpt lat="53.853812050" lon="21.465319874" /><trkpt lat="53.853807808" lon="21.465337833" /><trkpt lat="53.853803534" lon="21.465355859" /><trkpt lat="53.853799231" lon="21.465373947" /><trkpt lat="53.853794899" lon="21.465392093" /><trkpt lat="53.853790540" lon="21.465410293" /><trkpt lat="53.853786157" lon="21.465428544" /><trkpt lat="53.853781749" lon="21.465446841" /><trkpt lat="53.853777319" lon="21.465465181" /><trkpt lat="53.853772869" lon="21.465483560" /><trkpt lat="53.853768399" lon="21.465501973" /><trkpt lat="53.853763912" lon="21.465520418" /><trkpt lat="53.853759408" lon="21.465538890" /><trkpt lat="53.853754890" lon="21.465557385" /><trkpt lat="53.853750359" lon="21.465575899" /><trkpt lat="53.853745816" lon="21.465594429" /><trkpt lat="53.853741263" lon="21.465612970" /><trkpt lat="53.853736702" lon="21.465631520" /><trkpt lat="53.853732133" lon="21.465650073" /><trkpt lat="53.853727559" lon="21.465668626" /><trkpt lat="53.853722981" lon="21.465687175" /><trkpt lat="53.853718400" lon="21.465705717" /><trkpt lat="53.853713819" lon="21.465724247" /><trkpt lat="53.853709238" lon="21.465742761" /><trkpt lat="53.853704659" lon="21.465761256" /><trkpt lat="53.853700083" lon="21.465779728" /><trkpt lat="53.853695513" lon="21.465798172" /><trkpt lat="53.853690950" lon="21.465816586" /><trkpt lat="53.853686394" lon="21.465834964" /><trkpt lat="53.853681848" lon="21.465853304" /><trkpt lat="53.853677313" lon="21.465871602" /><trkpt lat="53.853672791" lon="21.465889852" /><trkpt lat="53.853668283" lon="21.465908053" /><trkpt lat="53.853663791" lon="21.465926199" /><trkpt lat="53.853659316" lon="21.465944286" /><trkpt lat="53.853654860" lon="21.465962312" /><trkpt lat="53.853650424" lon="21.465980272" /><trkpt lat="53.853646010" lon="21.465998162" /><trkpt lat="53.853641619" lon="21.466015978" /><trkpt lat="53.853637254" lon="21.466033717" /><trkpt lat="53.853632914" lon="21.466051375" /><trkpt lat="53.853628602" lon="21.466068947" /><trkpt lat="53.853624320" lon="21.466086430" /><trkpt lat="53.853620068" lon="21.466103820" /><trkpt lat="53.853615849" lon="21.466121113" /><trkpt lat="53.853611664" lon="21.466138305" /><trkpt lat="53.853607515" lon="21.466155392" /><trkpt lat="53.853603402" lon="21.466172371" /><trkpt lat="53.853599328" lon="21.466189237" /><trkpt lat="53.853595293" lon="21.466205987" /><trkpt lat="53.853591301" lon="21.466222617" /><trkpt lat="53.853587351" lon="21.466239123" /><trkpt lat="53.853583446" lon="21.466255501" /><trkpt lat="53.853579587" lon="21.466271747" /><trkpt lat="53.853575776" lon="21.466287857" /><trkpt lat="53.853572013" lon="21.466303828" /><trkpt lat="53.853568302" lon="21.466319655" /><trkpt lat="53.853564642" lon="21.466335335" /><trkpt lat="53.853561036" lon="21.466350863" /><trkpt lat="53.853557486" lon="21.466366237" /><trkpt lat="53.853553992" lon="21.466381451" /><trkpt lat="53.853550556" lon="21.466396503" /><trkpt lat="53.853547180" lon="21.466411388" /><trkpt lat="53.853543865" lon="21.466426102" /><trkpt lat="53.853540613" lon="21.466440642" /><trkpt lat="53.853537426" lon="21.466455003" /><trkpt lat="53.853534304" lon="21.466469183" /><trkpt lat="53.853531249" lon="21.466483176" /><trkpt lat="53.853526047" lon="21.466506792" /><trkpt lat="53.853520778" lon="21.466530076" /><trkpt lat="53.853515448" lon="21.466553032" /><trkpt lat="53.853510062" lon="21.466575661" /><trkpt lat="53.853504622" lon="21.466597966" /><trkpt lat="53.853499135" lon="21.466619950" /><trkpt lat="53.853493605" lon="21.466641615" /><trkpt lat="53.853488036" lon="21.466662964" /><trkpt lat="53.853482432" lon="21.466683998" /><trkpt lat="53.853476798" lon="21.466704721" /><trkpt lat="53.853471138" lon="21.466725135" /><trkpt lat="53.853465458" lon="21.466745242" /><trkpt lat="53.853459761" lon="21.466765045" /><trkpt lat="53.853454052" lon="21.466784547" /><trkpt lat="53.853448335" lon="21.466803749" /><trkpt lat="53.853442615" lon="21.466822655" /><trkpt lat="53.853436897" lon="21.466841267" /><trkpt lat="53.853431184" lon="21.466859586" /><trkpt lat="53.853425482" lon="21.466877617" /><trkpt lat="53.853419794" lon="21.466895360" /><trkpt lat="53.853414126" lon="21.466912820" /><trkpt lat="53.853408481" lon="21.466929997" /><trkpt lat="53.853402865" lon="21.466946895" /><trkpt lat="53.853397281" lon="21.466963516" /><trkpt lat="53.853391735" lon="21.466979863" /><trkpt lat="53.853386230" lon="21.466995937" /><trkpt lat="53.853380772" lon="21.467011743" /><trkpt lat="53.853375364" lon="21.467027281" /><trkpt lat="53.853370011" lon="21.467042554" /><trkpt lat="53.853364718" lon="21.467057566" /><trkpt lat="53.853359488" lon="21.467072318" /><trkpt lat="53.853354328" lon="21.467086813" /><trkpt lat="53.853349240" lon="21.467101053" /><trkpt lat="53.853344230" lon="21.467115041" /><trkpt lat="53.853339302" lon="21.467128779" /><trkpt lat="53.853334460" lon="21.467142270" /><trkpt lat="53.853329709" lon="21.467155516" /><trkpt lat="53.853325054" lon="21.467168520" /><trkpt lat="53.853320499" lon="21.467181284" /><trkpt lat="53.853316048" lon="21.467193810" /><trkpt lat="53.853311705" lon="21.467206102" /><trkpt lat="53.853307477" lon="21.467218161" /><trkpt lat="53.853303366" lon="21.467229991" /><trkpt lat="53.853299377" lon="21.467241593" /><trkpt lat="53.853295515" lon="21.467252970" /><trkpt lat="53.853291947" lon="21.467263671" /><trkpt lat="53.853288365" lon="21.467274652" /><trkpt lat="53.853284769" lon="21.467285913" /><trkpt lat="53.853281161" lon="21.467297454" /><trkpt lat="53.853277544" lon="21.467309277" /><trkpt lat="53.853273918" lon="21.467321382" /><trkpt lat="53.853270286" lon="21.467333768" /><trkpt lat="53.853266649" lon="21.467346437" /><trkpt lat="53.853263008" lon="21.467359389" /><trkpt lat="53.853259365" lon="21.467372624" /><trkpt lat="53.853255722" lon="21.467386143" /><trkpt lat="53.853252081" lon="21.467399946" /><trkpt lat="53.853248443" lon="21.467414034" /><trkpt lat="53.853244809" lon="21.467428407" /><trkpt lat="53.853241182" lon="21.467443065" /><trkpt lat="53.853237563" lon="21.467458010" /><trkpt lat="53.853233953" lon="21.467473240" /><trkpt lat="53.853230355" lon="21.467488758" /><trkpt lat="53.853226769" lon="21.467504563" /><trkpt lat="53.853223198" lon="21.467520655" /><trkpt lat="53.853219643" lon="21.467537036" /><trkpt lat="53.853216106" lon="21.467553705" /><trkpt lat="53.853212588" lon="21.467570663" /><trkpt lat="53.853209092" lon="21.467587911" /><trkpt lat="53.853205618" lon="21.467605448" /><trkpt lat="53.853202168" lon="21.467623276" /><trkpt lat="53.853198744" lon="21.467641394" /><trkpt lat="53.853195348" lon="21.467659804" /><trkpt lat="53.853191981" lon="21.467678505" /><trkpt lat="53.853188645" lon="21.467697499" /><trkpt lat="53.853185341" lon="21.467716785" /><trkpt lat="53.853182071" lon="21.467736363" /><trkpt lat="53.853178837" lon="21.467756236" /><trkpt lat="53.853175641" lon="21.467776402" /><trkpt lat="53.853172483" lon="21.467796862" /><trkpt lat="53.853169366" lon="21.467817617" /><trkpt lat="53.853166291" lon="21.467838667" /><trkpt lat="53.853163260" lon="21.467860012" /><trkpt lat="53.853160274" lon="21.467881654" /><trkpt lat="53.853157336" lon="21.467903592" /><trkpt lat="53.853154446" lon="21.467925827" /><trkpt lat="53.853151607" lon="21.467948359" /><trkpt lat="53.853148820" lon="21.467971188" /><trkpt lat="53.853146086" lon="21.467994316" /><trkpt lat="53.853143408" lon="21.468017743" /><trkpt lat="53.853140787" lon="21.468041469" /><trkpt lat="53.853138224" lon="21.468065494" /><trkpt lat="53.853135721" lon="21.468089819" /><trkpt lat="53.853134550" lon="21.468101438" /><trkpt lat="53.853133343" lon="21.468113478" /><trkpt lat="53.853132100" lon="21.468125929" /><trkpt lat="53.853130821" lon="21.468138783" /><trkpt lat="53.853129509" lon="21.468152031" /><trkpt lat="53.853128163" lon="21.468165664" /><trkpt lat="53.853126784" lon="21.468179673" /><trkpt lat="53.853125374" lon="21.468194050" /><trkpt lat="53.853123933" lon="21.468208785" /><trkpt lat="53.853122462" lon="21.468223870" /><trkpt lat="53.853120962" lon="21.468239296" /><trkpt lat="53.853119434" lon="21.468255054" /><trkpt lat="53.853117878" lon="21.468271135" /><trkpt lat="53.853116295" lon="21.468287531" /><trkpt lat="53.853114687" lon="21.468304233" /><trkpt lat="53.853113053" lon="21.468321231" /><trkpt lat="53.853111396" lon="21.468338517" /><trkpt lat="53.853109715" lon="21.468356082" /><trkpt lat="53.853108012" lon="21.468373917" /><trkpt lat="53.853106288" lon="21.468392014" /><trkpt lat="53.853104542" lon="21.468410363" /><trkpt lat="53.853102777" lon="21.468428956" /><trkpt lat="53.853100993" lon="21.468447784" /><trkpt lat="53.853099191" lon="21.468466838" /><trkpt lat="53.853097371" lon="21.468486109" /><trkpt lat="53.853095534" lon="21.468505589" /><trkpt lat="53.853093682" lon="21.468525268" /><trkpt lat="53.853091816" lon="21.468545138" /><trkpt lat="53.853089935" lon="21.468565189" /><trkpt lat="53.853088041" lon="21.468585414" /><trkpt lat="53.853086134" lon="21.468605803" /><trkpt lat="53.853084217" lon="21.468626347" /><trkpt lat="53.853082288" lon="21.468647038" /><trkpt lat="53.853080350" lon="21.468667867" /><trkpt lat="53.853078403" lon="21.468688824" /><trkpt lat="53.853076448" lon="21.468709901" /><trkpt lat="53.853074486" lon="21.468731090" /><trkpt lat="53.853072517" lon="21.468752381" /><trkpt lat="53.853070543" lon="21.468773765" /><trkpt lat="53.853068564" lon="21.468795234" /><trkpt lat="53.853066581" lon="21.468816779" /><trkpt lat="53.853064595" lon="21.468838391" /><trkpt lat="53.853062606" lon="21.468860061" /><trkpt lat="53.853060617" lon="21.468881780" /><trkpt lat="53.853058627" lon="21.468903540" /><trkpt lat="53.853056637" lon="21.468925332" /><trkpt lat="53.853054649" lon="21.468947146" /><trkpt lat="53.853052662" lon="21.468968974" /><trkpt lat="53.853050679" lon="21.468990808" /><trkpt lat="53.853048699" lon="21.469012638" /><trkpt lat="53.853046724" lon="21.469034455" /><trkpt lat="53.853044754" lon="21.469056251" /><trkpt lat="53.853042790" lon="21.469078016" /><trkpt lat="53.853040833" lon="21.469099743" /><trkpt lat="53.853038885" lon="21.469121422" /><trkpt lat="53.853036945" lon="21.469143044" /><trkpt lat="53.853035014" lon="21.469164600" /><trkpt lat="53.853033094" lon="21.469186082" /><trkpt lat="53.853031186" lon="21.469207481" /><trkpt lat="53.853029289" lon="21.469228788" /><trkpt lat="53.853027406" lon="21.469249993" /><trkpt lat="53.853025536" lon="21.469271090" /><trkpt lat="53.853023681" lon="21.469292067" /><trkpt lat="53.853021842" lon="21.469312917" /><trkpt lat="53.853020019" lon="21.469333631" /><trkpt lat="53.853018213" lon="21.469354200" /><trkpt lat="53.853016425" lon="21.469374615" /><trkpt lat="53.853014656" lon="21.469394867" /><trkpt lat="53.853012907" lon="21.469414948" /><trkpt lat="53.853011178" lon="21.469434848" /><trkpt lat="53.853009470" lon="21.469454559" /><trkpt lat="53.853007785" lon="21.469474071" /><trkpt lat="53.853006123" lon="21.469493377" /><trkpt lat="53.853004485" lon="21.469512467" /><trkpt lat="53.853002872" lon="21.469531333" /><trkpt lat="53.853001284" lon="21.469549965" /><trkpt lat="53.852999723" lon="21.469568354" /><trkpt lat="53.852998189" lon="21.469586493" /><trkpt lat="53.852996684" lon="21.469604372" /><trkpt lat="53.852995207" lon="21.469621981" /><trkpt lat="53.852993760" lon="21.469639314" /><trkpt lat="53.852992344" lon="21.469656359" /><trkpt lat="53.852990959" lon="21.469673110" /><trkpt lat="53.852989606" lon="21.469689556" /><trkpt lat="53.852988287" lon="21.469705689" /><trkpt lat="53.852987002" lon="21.469721501" /><trkpt lat="53.852985752" lon="21.469736982" /><trkpt lat="53.852984537" lon="21.469752123" /><trkpt lat="53.852983359" lon="21.469766916" /><trkpt lat="53.852982219" lon="21.469781352" /><trkpt lat="53.852981117" lon="21.469795422" /><trkpt lat="53.852980053" lon="21.469809117" /><trkpt lat="53.852979030" lon="21.469822428" /><trkpt lat="53.852978048" lon="21.469835347" /><trkpt lat="53.852977107" lon="21.469847865" /><trkpt lat="53.852976209" lon="21.469859972" /><trkpt lat="53.852975354" lon="21.469871661" /><trkpt lat="53.852974543" lon="21.469882921" /><trkpt lat="53.852973777" lon="21.469893745" /><trkpt lat="53.852973057" lon="21.469904123" /><trkpt lat="53.852972383" lon="21.469914047" /><trkpt lat="53.852971758" lon="21.469923508" /><trkpt lat="53.852971180" lon="21.469932497" /><trkpt lat="53.852969924" lon="21.469952054" /><trkpt lat="53.852968633" lon="21.469971542" /><trkpt lat="53.852967306" lon="21.469990959" /><trkpt lat="53.852965946" lon="21.470010306" /><trkpt lat="53.852964551" lon="21.470029579" /><trkpt lat="53.852963123" lon="21.470048779" /><trkpt lat="53.852961662" lon="21.470067905" /><trkpt lat="53.852960168" lon="21.470086956" /><trkpt lat="53.852958642" lon="21.470105930" /><trkpt lat="53.852957085" lon="21.470124827" /><trkpt lat="53.852955497" lon="21.470143645" /><trkpt lat="53.852953878" lon="21.470162384" /><trkpt lat="53.852952230" lon="21.470181043" /><trkpt lat="53.852950551" lon="21.470199620" /><trkpt lat="53.852948844" lon="21.470218115" /><trkpt lat="53.852947108" lon="21.470236526" /><trkpt lat="53.852945344" lon="21.470254854" /><trkpt lat="53.852943553" lon="21.470273096" /><trkpt lat="53.852941734" lon="21.470291251" /><trkpt lat="53.852939889" lon="21.470309320" /><trkpt lat="53.852938017" lon="21.470327300" /><trkpt lat="53.852936120" lon="21.470345191" /><trkpt lat="53.852934198" lon="21.470362991" /><trkpt lat="53.852932251" lon="21.470380700" /><trkpt lat="53.852930280" lon="21.470398317" /><trkpt lat="53.852928285" lon="21.470415841" /><trkpt lat="53.852926267" lon="21.470433271" /><trkpt lat="53.852924226" lon="21.470450605" /><trkpt lat="53.852922163" lon="21.470467843" /><trkpt lat="53.852920079" lon="21.470484984" /><trkpt lat="53.852917973" lon="21.470502026" /><trkpt lat="53.852915846" lon="21.470518970" /><trkpt lat="53.852913699" lon="21.470535813" /><trkpt lat="53.852911532" lon="21.470552555" /><trkpt lat="53.852909346" lon="21.470569195" /><trkpt lat="53.852907141" lon="21.470585732" /><trkpt lat="53.852904918" lon="21.470602164" /><trkpt lat="53.852902676" lon="21.470618492" /><trkpt lat="53.852900418" lon="21.470634713" /><trkpt lat="53.852898143" lon="21.470650827" /><trkpt lat="53.852895851" lon="21.470666833" /><trkpt lat="53.852893543" lon="21.470682730" /><trkpt lat="53.852891220" lon="21.470698516" /><trkpt lat="53.852888882" lon="21.470714192" /><trkpt lat="53.852886530" lon="21.470729755" /><trkpt lat="53.852884163" lon="21.470745206" /><trkpt lat="53.852881866" lon="21.470760312" /><trkpt lat="53.852879619" lon="21.470775501" /><trkpt lat="53.852877421" lon="21.470790774" /><trkpt lat="53.852875271" lon="21.470806133" /><trkpt lat="53.852873168" lon="21.470821580" /><trkpt lat="53.852871109" lon="21.470837117" /><trkpt lat="53.852869095" lon="21.470852747" /><trkpt lat="53.852867123" lon="21.470868470" /><trkpt lat="53.852865192" lon="21.470884291" /><trkpt lat="53.852863301" lon="21.470900209" /><trkpt lat="53.852861449" lon="21.470916228" /><trkpt lat="53.852859635" lon="21.470932348" /><trkpt lat="53.852857857" lon="21.470948574" /><trkpt lat="53.852856114" lon="21.470964905" /><trkpt lat="53.852854404" lon="21.470981345" /><trkpt lat="53.852852727" lon="21.470997896" /><trkpt lat="53.852851081" lon="21.471014558" /><trkpt lat="53.852849464" lon="21.471031335" /><trkpt lat="53.852847877" lon="21.471048229" /><trkpt lat="53.852846316" lon="21.471065241" /><trkpt lat="53.852844781" lon="21.471082373" /><trkpt lat="53.852843272" lon="21.471099628" /><trkpt lat="53.852841785" lon="21.471117007" /><trkpt lat="53.852840321" lon="21.471134513" /><trkpt lat="53.852838877" lon="21.471152147" /><trkpt lat="53.852837453" lon="21.471169912" /><trkpt lat="53.852836048" lon="21.471187810" /><trkpt lat="53.852834659" lon="21.471205841" /><trkpt lat="53.852833286" lon="21.471224010" /><trkpt lat="53.852831927" lon="21.471242317" /><trkpt lat="53.852830582" lon="21.471260764" /><trkpt lat="53.852829249" lon="21.471279355" /><trkpt lat="53.852827926" lon="21.471298089" /><trkpt lat="53.852826612" lon="21.471316971" /><trkpt lat="53.852825307" lon="21.471336001" /><trkpt lat="53.852824008" lon="21.471355182" /><trkpt lat="53.852822715" lon="21.471374515" /><trkpt lat="53.852821426" lon="21.471394003" /><trkpt lat="53.852820140" lon="21.471413648" /><trkpt lat="53.852818856" lon="21.471433452" /><trkpt lat="53.852817571" lon="21.471453416" /><trkpt lat="53.852816286" lon="21.471473543" /><trkpt lat="53.852814999" lon="21.471493835" /><trkpt lat="53.852813709" lon="21.471514294" /><trkpt lat="53.852812413" lon="21.471534921" /><trkpt lat="53.852811112" lon="21.471555720" /><trkpt lat="53.852809803" lon="21.471576691" /><trkpt lat="53.852808463" lon="21.471597612" /><trkpt lat="53.852807071" lon="21.471618264" /><trkpt lat="53.852805632" lon="21.471638656" /><trkpt lat="53.852804150" lon="21.471658795" /><trkpt lat="53.852802628" lon="21.471678689" /><trkpt lat="53.852801072" lon="21.471698347" /><trkpt lat="53.852799485" lon="21.471717776" /><trkpt lat="53.852797872" lon="21.471736985" /><trkpt lat="53.852796236" lon="21.471755982" /><trkpt lat="53.852794582" lon="21.471774774" /><trkpt lat="53.852792915" lon="21.471793370" /><trkpt lat="53.852791238" lon="21.471811778" /><trkpt lat="53.852789556" lon="21.471830005" /><trkpt lat="53.852787872" lon="21.471848061" /><trkpt lat="53.852786192" lon="21.471865953" /><trkpt lat="53.852784518" lon="21.471883689" /><trkpt lat="53.852782856" lon="21.471901276" /><trkpt lat="53.852781210" lon="21.471918724" /><trkpt lat="53.852779584" lon="21.471936041" /><trkpt lat="53.852777981" lon="21.471953233" /><trkpt lat="53.852776407" lon="21.471970310" /><trkpt lat="53.852774865" lon="21.471987280" /><trkpt lat="53.852773360" lon="21.472004150" /><trkpt lat="53.852771896" lon="21.472020928" /><trkpt lat="53.852770477" lon="21.472037623" /><trkpt lat="53.852769107" lon="21.472054243" /><trkpt lat="53.852767791" lon="21.472070795" /><trkpt lat="53.852766533" lon="21.472087288" /><trkpt lat="53.852765336" lon="21.472103730" /><trkpt lat="53.852764205" lon="21.472120129" /><trkpt lat="53.852763145" lon="21.472136493" /><trkpt lat="53.852762159" lon="21.472152830" /><trkpt lat="53.852761252" lon="21.472169148" /><trkpt lat="53.852760428" lon="21.472185455" /><trkpt lat="53.852759691" lon="21.472201760" /><trkpt lat="53.852759045" lon="21.472218069" /><trkpt lat="53.852758495" lon="21.472234392" /><trkpt lat="53.852758045" lon="21.472250737" /><trkpt lat="53.852757699" lon="21.472267111" /><trkpt lat="53.852757460" lon="21.472283522" /><trkpt lat="53.852757335" lon="21.472299979" /><trkpt lat="53.852757325" lon="21.472316489" /><trkpt lat="53.852757437" lon="21.472333062" /><trkpt lat="53.852757673" lon="21.472349704" /><trkpt lat="53.852758039" lon="21.472366424" /><trkpt lat="53.852758538" lon="21.472383229" /><trkpt lat="53.852759175" lon="21.472400129" /><trkpt lat="53.852759813" lon="21.472414904" /><trkpt lat="53.852760496" lon="21.472429726" /><trkpt lat="53.852761222" lon="21.472444599" /><trkpt lat="53.852761993" lon="21.472459527" /><trkpt lat="53.852762806" lon="21.472474512" /><trkpt lat="53.852763661" lon="21.472489558" /><trkpt lat="53.852764557" lon="21.472504668" /><trkpt lat="53.852765494" lon="21.472519847" /><trkpt lat="53.852766470" lon="21.472535096" /><trkpt lat="53.852767486" lon="21.472550420" /><trkpt lat="53.852768540" lon="21.472565822" /><trkpt lat="53.852769631" lon="21.472581305" /><trkpt lat="53.852770760" lon="21.472596873" /><trkpt lat="53.852771924" lon="21.472612528" /><trkpt lat="53.852773124" lon="21.472628275" /><trkpt lat="53.852774359" lon="21.472644117" /><trkpt lat="53.852775628" lon="21.472660057" /><trkpt lat="53.852776930" lon="21.472676098" /><trkpt lat="53.852778264" lon="21.472692245" /><trkpt lat="53.852779631" lon="21.472708499" /><trkpt lat="53.852781028" lon="21.472724865" /><trkpt lat="53.852782456" lon="21.472741346" /><trkpt lat="53.852783914" lon="21.472757946" /><trkpt lat="53.852785400" lon="21.472774667" /><trkpt lat="53.852786915" lon="21.472791513" /><trkpt lat="53.852788457" lon="21.472808488" /><trkpt lat="53.852790026" lon="21.472825594" /><trkpt lat="53.852791621" lon="21.472842836" /><trkpt lat="53.852793242" lon="21.472860216" /><trkpt lat="53.852794887" lon="21.472877739" /><trkpt lat="53.852796556" lon="21.472895406" /><trkpt lat="53.852798248" lon="21.472913223" /><trkpt lat="53.852799962" lon="21.472931191" /><trkpt lat="53.852801698" lon="21.472949315" /><trkpt lat="53.852803455" lon="21.472967598" /><trkpt lat="53.852805232" lon="21.472986042" /><trkpt lat="53.852807029" lon="21.473004653" /><trkpt lat="53.852808845" lon="21.473023432" /><trkpt lat="53.852810679" lon="21.473042384" /><trkpt lat="53.852812530" lon="21.473061511" /><trkpt lat="53.852814398" lon="21.473080818" /><trkpt lat="53.852816281" lon="21.473100307" /><trkpt lat="53.852818180" lon="21.473119982" /><trkpt lat="53.852820094" lon="21.473139845" /><trkpt lat="53.852822021" lon="21.473159902" /><trkpt lat="53.852823961" lon="21.473180154" /><trkpt lat="53.852825913" lon="21.473200606" /><trkpt lat="53.852827877" lon="21.473221260" /><trkpt lat="53.852829852" lon="21.473242120" /><trkpt lat="53.852831837" lon="21.473263190" /><trkpt lat="53.852833831" lon="21.473284473" /><trkpt lat="53.852835834" lon="21.473305971" /><trkpt lat="53.852837845" lon="21.473327690" /><trkpt lat="53.852839864" lon="21.473349631" /><trkpt lat="53.852841792" lon="21.473371220" /><trkpt lat="53.852843610" lon="21.473392680" /><trkpt lat="53.852845318" lon="21.473414010" /><trkpt lat="53.852846918" lon="21.473435209" /><trkpt lat="53.852848413" lon="21.473456276" /><trkpt lat="53.852849803" lon="21.473477211" /><trkpt lat="53.852851091" lon="21.473498011" /><trkpt lat="53.852852278" lon="21.473518676" /><trkpt lat="53.852853367" lon="21.473539205" /><trkpt lat="53.852854358" lon="21.473559597" /><trkpt lat="53.852855255" lon="21.473579850" /><trkpt lat="53.852856057" lon="21.473599964" /><trkpt lat="53.852856768" lon="21.473619938" /><trkpt lat="53.852857389" lon="21.473639770" /><trkpt lat="53.852857922" lon="21.473659459" /><trkpt lat="53.852858368" lon="21.473679005" /><trkpt lat="53.852858730" lon="21.473698406" /><trkpt lat="53.852859009" lon="21.473717661" /><trkpt lat="53.852859206" lon="21.473736770" /><trkpt lat="53.852859325" lon="21.473755731" /><trkpt lat="53.852859365" lon="21.473774542" /><trkpt lat="53.852859330" lon="21.473793204" /><trkpt lat="53.852859221" lon="21.473811714" /><trkpt lat="53.852859039" lon="21.473830073" /><trkpt lat="53.852858787" lon="21.473848278" /><trkpt lat="53.852858467" lon="21.473866329" /><trkpt lat="53.852858079" lon="21.473884224" /><trkpt lat="53.852857626" lon="21.473901963" /><trkpt lat="53.852857109" lon="21.473919545" /><trkpt lat="53.852856531" lon="21.473936968" /><trkpt lat="53.852855893" lon="21.473954232" /><trkpt lat="53.852855197" lon="21.473971334" /><trkpt lat="53.852854444" lon="21.473988276" /><trkpt lat="53.852853637" lon="21.474005054" /><trkpt lat="53.852852777" lon="21.474021668" /><trkpt lat="53.852851866" lon="21.474038118" /><trkpt lat="53.852850906" lon="21.474054401" /><trkpt lat="53.852849898" lon="21.474070518" /><trkpt lat="53.852848845" lon="21.474086466" /><trkpt lat="53.852847747" lon="21.474102245" /><trkpt lat="53.852846607" lon="21.474117854" /><trkpt lat="53.852845427" lon="21.474133292" /><trkpt lat="53.852844208" lon="21.474148557" /><trkpt lat="53.852842952" lon="21.474163649" /><trkpt lat="53.852841661" lon="21.474178566" /><trkpt lat="53.852840336" lon="21.474193308" /><trkpt lat="53.852838980" lon="21.474207873" /><trkpt lat="53.852837595" lon="21.474222261" /><trkpt lat="53.852836181" lon="21.474236470" /><trkpt lat="53.852834740" lon="21.474250498" /><trkpt lat="53.852833276" lon="21.474264346" /><trkpt lat="53.852831788" lon="21.474278012" /><trkpt lat="53.852830280" lon="21.474291495" /><trkpt lat="53.852828752" lon="21.474304794" /><trkpt lat="53.852827207" lon="21.474317908" /><trkpt lat="53.852824555" lon="21.474340017" /><trkpt lat="53.852821937" lon="21.474361600" /><trkpt lat="53.852819350" lon="21.474382683" /><trkpt lat="53.852816790" lon="21.474403288" /><trkpt lat="53.852814254" lon="21.474423443" /><trkpt lat="53.852811740" lon="21.474443169" /><trkpt lat="53.852809244" lon="21.474462493" /><trkpt lat="53.852806762" lon="21.474481439" /><trkpt lat="53.852804293" lon="21.474500031" /><trkpt lat="53.852801831" lon="21.474518295" /><trkpt lat="53.852799375" lon="21.474536253" /><trkpt lat="53.852796920" lon="21.474553932" /><trkpt lat="53.852794465" lon="21.474571356" /><trkpt lat="53.852792005" lon="21.474588548" /><trkpt lat="53.852789538" lon="21.474605534" /><trkpt lat="53.852787060" lon="21.474622339" /><trkpt lat="53.852784568" lon="21.474638986" /><trkpt lat="53.852782059" lon="21.474655501" /><trkpt lat="53.852779530" lon="21.474671908" /><trkpt lat="53.852776977" lon="21.474688231" /><trkpt lat="53.852774397" lon="21.474704496" /><trkpt lat="53.852771788" lon="21.474720726" /><trkpt lat="53.852769146" lon="21.474736946" /><trkpt lat="53.852766467" lon="21.474753181" /><trkpt lat="53.852763750" lon="21.474769455" /><trkpt lat="53.852760989" lon="21.474785793" /><trkpt lat="53.852758183" lon="21.474802219" /><trkpt lat="53.852755328" lon="21.474818758" /><trkpt lat="53.852752420" lon="21.474835435" /><trkpt lat="53.852749458" lon="21.474852274" /><trkpt lat="53.852746436" lon="21.474869300" /><trkpt lat="53.852743353" lon="21.474886537" /><trkpt lat="53.852740079" lon="21.474904584" /><trkpt lat="53.852736904" lon="21.474921767" /><trkpt lat="53.852733832" lon="21.474938169" /><trkpt lat="53.852730868" lon="21.474953874" /><trkpt lat="53.852728016" lon="21.474968965" /><trkpt lat="53.852725279" lon="21.474983525" /><trkpt lat="53.852722663" lon="21.474997639" /><trkpt lat="53.852720171" lon="21.475011388" /><trkpt lat="53.852717808" lon="21.475024858" /><trkpt lat="53.852715578" lon="21.475038131" /><trkpt lat="53.852713485" lon="21.475051291" /><trkpt lat="53.852711534" lon="21.475064421" /><trkpt lat="53.852709727" lon="21.475077604" /><trkpt lat="53.852708071" lon="21.475090925" /><trkpt lat="53.852706569" lon="21.475104466" /><trkpt lat="53.852705225" lon="21.475118311" /><trkpt lat="53.852704043" lon="21.475132544" /><trkpt lat="53.852703028" lon="21.475147247" /><trkpt lat="53.852702184" lon="21.475162505" /><trkpt lat="53.852701515" lon="21.475178401" /><trkpt lat="53.852701025" lon="21.475195017" /><trkpt lat="53.852700719" lon="21.475212439" /><trkpt lat="53.852700600" lon="21.475230748" /><trkpt lat="53.852700674" lon="21.475250030" /><trkpt lat="53.852700943" lon="21.475270366" /><trkpt lat="53.852701414" lon="21.475291840" /><trkpt lat="53.852702088" lon="21.475314537" /><trkpt lat="53.852702972" lon="21.475338538" /><trkpt lat="53.852704068" lon="21.475363929" /><trkpt lat="53.852705382" lon="21.475390792" /><trkpt lat="53.852705973" lon="21.475402382" /><trkpt lat="53.852706560" lon="21.475414132" /><trkpt lat="53.852707143" lon="21.475426040" /><trkpt lat="53.852707725" lon="21.475438109" /><trkpt lat="53.852708307" lon="21.475450337" /><trkpt lat="53.852708889" lon="21.475462727" /><trkpt lat="53.852709473" lon="21.475475278" /><trkpt lat="53.852710061" lon="21.475487992" /><trkpt lat="53.852710654" lon="21.475500867" /><trkpt lat="53.852711252" lon="21.475513906" /><trkpt lat="53.852711858" lon="21.475527108" /><trkpt lat="53.852712473" lon="21.475540474" /><trkpt lat="53.852713097" lon="21.475554005" /><trkpt lat="53.852713732" lon="21.475567700" /><trkpt lat="53.852714379" lon="21.475581562" /><trkpt lat="53.852715040" lon="21.475595589" /><trkpt lat="53.852715716" lon="21.475609783" /><trkpt lat="53.852716408" lon="21.475624144" /><trkpt lat="53.852717117" lon="21.475638673" /><trkpt lat="53.852717845" lon="21.475653370" /><trkpt lat="53.852718593" lon="21.475668235" /><trkpt lat="53.852719362" lon="21.475683270" /><trkpt lat="53.852720154" lon="21.475698474" /><trkpt lat="53.852720969" lon="21.475713849" /><trkpt lat="53.852721810" lon="21.475729394" /><trkpt lat="53.852722676" lon="21.475745111" /><trkpt lat="53.852723571" lon="21.475761000" /><trkpt lat="53.852724494" lon="21.475777060" /><trkpt lat="53.852725447" lon="21.475793294" /><trkpt lat="53.852726432" lon="21.475809701" /><trkpt lat="53.852727449" lon="21.475826282" /><trkpt lat="53.852728500" lon="21.475843037" /><trkpt lat="53.852729586" lon="21.475859967" /><trkpt lat="53.852730709" lon="21.475877072" /><trkpt lat="53.852731870" lon="21.475894353" /><trkpt lat="53.852733070" lon="21.475911811" /><trkpt lat="53.852734309" lon="21.475929446" /><trkpt lat="53.852735591" lon="21.475947258" /><trkpt lat="53.852736915" lon="21.475965248" /><trkpt lat="53.852738284" lon="21.475983417" /><trkpt lat="53.852739697" lon="21.476001764" /><trkpt lat="53.852741158" lon="21.476020291" /><trkpt lat="53.852742666" lon="21.476038999" /><trkpt lat="53.852744224" lon="21.476057887" /><trkpt lat="53.852745832" lon="21.476076955" /><trkpt lat="53.852747491" lon="21.476096206" /><trkpt lat="53.852749204" lon="21.476115639" /><trkpt lat="53.852750971" lon="21.476135254" /><trkpt lat="53.852752794" lon="21.476155052" /><trkpt lat="53.852754673" lon="21.476175034" /><trkpt lat="53.852756610" lon="21.476195201" /><trkpt lat="53.852758607" lon="21.476215552" /><trkpt lat="53.852760665" lon="21.476236088" /><trkpt lat="53.852762784" lon="21.476256810" /><trkpt lat="53.852764967" lon="21.476277718" /><trkpt lat="53.852767214" lon="21.476298813" /><trkpt lat="53.852769526" lon="21.476320096" /><trkpt lat="53.852771906" lon="21.476341566" /><trkpt lat="53.852774354" lon="21.476363225" /><trkpt lat="53.852776871" lon="21.476385072" /><trkpt lat="53.852779460" lon="21.476407109" /><trkpt lat="53.852782120" lon="21.476429335" /><trkpt lat="53.852784854" lon="21.476451752" /><trkpt lat="53.852787662" lon="21.476474360" /><trkpt lat="53.852790546" lon="21.476497160" /><trkpt lat="53.852793507" lon="21.476520151" /><trkpt lat="53.852796547" lon="21.476543335" /><trkpt lat="53.852799667" lon="21.476566712" /><trkpt lat="53.852802867" lon="21.476590282" /><trkpt lat="53.852806150" lon="21.476614046" /><trkpt lat="53.852809516" lon="21.476638005" /><trkpt lat="53.852812967" lon="21.476662159" /><trkpt lat="53.852817093" lon="21.476690489" /><trkpt lat="53.852821220" lon="21.476718238" /><trkpt lat="53.852825351" lon="21.476745415" /><trkpt lat="53.852829484" lon="21.476772032" /><trkpt lat="53.852833620" lon="21.476798098" /><trkpt lat="53.852837758" lon="21.476823626" /><trkpt lat="53.852841900" lon="21.476848624" /><trkpt lat="53.852846044" lon="21.476873105" /><trkpt lat="53.852850191" lon="21.476897078" /><trkpt lat="53.852854341" lon="21.476920554" /><trkpt lat="53.852858494" lon="21.476943544" /><trkpt lat="53.852862650" lon="21.476966059" /><trkpt lat="53.852866809" lon="21.476988109" /><trkpt lat="53.852870971" lon="21.477009704" /><trkpt lat="53.852875137" lon="21.477030856" /><trkpt lat="53.852879305" lon="21.477051575" /><trkpt lat="53.852883477" lon="21.477071871" /><trkpt lat="53.852887652" lon="21.477091756" /><trkpt lat="53.852891830" lon="21.477111239" /><trkpt lat="53.852896012" lon="21.477130332" /><trkpt lat="53.852900197" lon="21.477149046" /><trkpt lat="53.852904385" lon="21.477167390" /><trkpt lat="53.852908577" lon="21.477185376" /><trkpt lat="53.852912772" lon="21.477203013" /><trkpt lat="53.852916971" lon="21.477220314" /><trkpt lat="53.852921174" lon="21.477237287" /><trkpt lat="53.852925380" lon="21.477253945" /><trkpt lat="53.852929590" lon="21.477270298" /><trkpt lat="53.852933804" lon="21.477286355" /><trkpt lat="53.852938021" lon="21.477302129" /><trkpt lat="53.852942242" lon="21.477317629" /><trkpt lat="53.852946467" lon="21.477332866" /><trkpt lat="53.852950696" lon="21.477347851" /><trkpt lat="53.852954929" lon="21.477362595" /><trkpt lat="53.852959166" lon="21.477377107" /><trkpt lat="53.852963406" lon="21.477391400" /><trkpt lat="53.852967651" lon="21.477405482" /><trkpt lat="53.852971900" lon="21.477419366" /><trkpt lat="53.852976153" lon="21.477433061" /><trkpt lat="53.852980411" lon="21.477446579" /><trkpt lat="53.852984672" lon="21.477459929" /><trkpt lat="53.852988938" lon="21.477473123" /><trkpt lat="53.852993208" lon="21.477486171" /><trkpt lat="53.852997483" lon="21.477499084" /><trkpt lat="53.853001761" lon="21.477511872" /><trkpt lat="53.853006045" lon="21.477524546" /><trkpt lat="53.853010332" lon="21.477537117" /><trkpt lat="53.853014625" lon="21.477549596" /><trkpt lat="53.853018921" lon="21.477561992" /><trkpt lat="53.853023223" lon="21.477574317" /><trkpt lat="53.853027529" lon="21.477586581" /><trkpt lat="53.853031840" lon="21.477598795" /><trkpt lat="53.853036155" lon="21.477610970" /><trkpt lat="53.853040475" lon="21.477623115" /><trkpt lat="53.853044800" lon="21.477635243" /><trkpt lat="53.853049130" lon="21.477647363" /><trkpt lat="53.853053465" lon="21.477659486" /><trkpt lat="53.853057805" lon="21.477671622" /><trkpt lat="53.853062150" lon="21.477683783" /><trkpt lat="53.853066499" lon="21.477695979" /><trkpt lat="53.853070854" lon="21.477708220" /><trkpt lat="53.853077395" lon="21.477726401" /><trkpt lat="53.853084050" lon="21.477744440" /><trkpt lat="53.853090813" lon="21.477762340" /><trkpt lat="53.853097680" lon="21.477780102" /><trkpt lat="53.853104644" lon="21.477797730" /><trkpt lat="53.853111702" lon="21.477815224" /><trkpt lat="53.853118848" lon="21.477832587" /><trkpt lat="53.853126077" lon="21.477849821" /><trkpt lat="53.853133383" lon="21.477866929" /><trkpt lat="53.853140763" lon="21.477883912" /><trkpt lat="53.853148209" lon="21.477900772" /><trkpt lat="53.853155719" lon="21.477917511" /><trkpt lat="53.853163286" lon="21.477934133" /><trkpt lat="53.853170905" lon="21.477950638" /><trkpt lat="53.853178571" lon="21.477967029" /><trkpt lat="53.853186280" lon="21.477983307" /><trkpt lat="53.853194025" lon="21.477999476" /><trkpt lat="53.853201803" lon="21.478015537" /><trkpt lat="53.853209607" lon="21.478031492" /><trkpt lat="53.853217433" lon="21.478047344" /><trkpt lat="53.853225276" lon="21.478063094" /><trkpt lat="53.853233131" lon="21.478078744" /><trkpt lat="53.853240992" lon="21.478094297" /><trkpt lat="53.853248854" lon="21.478109755" /><trkpt lat="53.853256712" lon="21.478125119" /><trkpt lat="53.853264562" lon="21.478140393" /><trkpt lat="53.853272398" lon="21.478155578" /><trkpt lat="53.853280215" lon="21.478170675" /><trkpt lat="53.853288007" lon="21.478185688" /><trkpt lat="53.853295771" lon="21.478200619" /><trkpt lat="53.853303500" lon="21.478215468" /><trkpt lat="53.853311190" lon="21.478230240" /><trkpt lat="53.853318835" lon="21.478244935" /><trkpt lat="53.853326431" lon="21.478259555" /><trkpt lat="53.853333972" lon="21.478274104" /><trkpt lat="53.853341453" lon="21.478288582" /><trkpt lat="53.853348870" lon="21.478302993" /><trkpt lat="53.853356216" lon="21.478317337" /><trkpt lat="53.853363488" lon="21.478331618" /><trkpt lat="53.853370679" lon="21.478345838" /><trkpt lat="53.853377785" lon="21.478359997" /><trkpt lat="53.853386346" lon="21.478377295" /><trkpt lat="53.853394490" lon="21.478394106" /><trkpt lat="53.853402225" lon="21.478410476" /><trkpt lat="53.853409560" lon="21.478426449" /><trkpt lat="53.853416506" lon="21.478442071" /><trkpt lat="53.853423070" lon="21.478457387" /><trkpt lat="53.853429263" lon="21.478472443" /><trkpt lat="53.853435094" lon="21.478487283" /><trkpt lat="53.853440571" lon="21.478501953" /><trkpt lat="53.853445704" lon="21.478516498" /><trkpt lat="53.853450503" lon="21.478530963" /><trkpt lat="53.853454976" lon="21.478545394" /><trkpt lat="53.853459134" lon="21.478559836" /><trkpt lat="53.853462984" lon="21.478574333" /><trkpt lat="53.853466536" lon="21.478588932" /><trkpt lat="53.853469800" lon="21.478603677" /><trkpt lat="53.853472785" lon="21.478618614" /><trkpt lat="53.853475500" lon="21.478633788" /><trkpt lat="53.853477954" lon="21.478649244" /><trkpt lat="53.853480157" lon="21.478665027" /><trkpt lat="53.853482117" lon="21.478681183" /><trkpt lat="53.853483845" lon="21.478697757" /><trkpt lat="53.853485348" lon="21.478714794" /><trkpt lat="53.853486638" lon="21.478732339" /><trkpt lat="53.853487722" lon="21.478750437" /><trkpt lat="53.853488610" lon="21.478769134" /><trkpt lat="53.853489311" lon="21.478788476" /><trkpt lat="53.853489835" lon="21.478808506" /><trkpt lat="53.853490190" lon="21.478829271" /><trkpt lat="53.853490387" lon="21.478850815" /><trkpt lat="53.853490433" lon="21.478873185" /><trkpt lat="53.853490339" lon="21.478896424" /><trkpt lat="53.853490114" lon="21.478920579" /><trkpt lat="53.853489881" lon="21.478935962" /><trkpt lat="53.853489542" lon="21.478951441" /><trkpt lat="53.853489096" lon="21.478967015" /><trkpt lat="53.853488546" lon="21.478982684" /><trkpt lat="53.853487892" lon="21.478998447" /><trkpt lat="53.853487137" lon="21.479014302" /><trkpt lat="53.853486280" lon="21.479030249" /><trkpt lat="53.853485324" lon="21.479046286" /><trkpt lat="53.853484270" lon="21.479062413" /><trkpt lat="53.853483118" lon="21.479078628" /><trkpt lat="53.853481871" lon="21.479094931" /><trkpt lat="53.853480528" lon="21.479111321" /><trkpt lat="53.853479092" lon="21.479127796" /><trkpt lat="53.853477563" lon="21.479144357" /><trkpt lat="53.853475944" lon="21.479161001" /><trkpt lat="53.853474234" lon="21.479177728" /><trkpt lat="53.853472435" lon="21.479194536" /><trkpt lat="53.853470549" lon="21.479211426" /><trkpt lat="53.853468577" lon="21.479228395" /><trkpt lat="53.853466520" lon="21.479245444" /><trkpt lat="53.853464378" lon="21.479262570" /><trkpt lat="53.853462154" lon="21.479279773" /><trkpt lat="53.853459849" lon="21.479297053" /><trkpt lat="53.853457463" lon="21.479314407" /><trkpt lat="53.853454998" lon="21.479331835" /><trkpt lat="53.853452455" lon="21.479349337" /><trkpt lat="53.853449836" lon="21.479366910" /><trkpt lat="53.853447141" lon="21.479384555" /><trkpt lat="53.853444372" lon="21.479402269" /><trkpt lat="53.853441530" lon="21.479420053" /><trkpt lat="53.853438616" lon="21.479437906" /><trkpt lat="53.853435632" lon="21.479455825" /><trkpt lat="53.853432578" lon="21.479473811" /><trkpt lat="53.853429456" lon="21.479491862" /><trkpt lat="53.853426267" lon="21.479509977" /><trkpt lat="53.853423012" lon="21.479528155" /><trkpt lat="53.853419693" lon="21.479546396" /><trkpt lat="53.853416311" lon="21.479564699" /><trkpt lat="53.853412866" lon="21.479583062" /><trkpt lat="53.853409361" lon="21.479601484" /><trkpt lat="53.853405795" lon="21.479619965" /><trkpt lat="53.853402172" lon="21.479638503" /><trkpt lat="53.853398491" lon="21.479657098" /><trkpt lat="53.853394754" lon="21.479675748" /><trkpt lat="53.853390962" lon="21.479694453" /><trkpt lat="53.853387117" lon="21.479713212" /><trkpt lat="53.853383219" lon="21.479732023" /><trkpt lat="53.853379270" lon="21.479750886" /><trkpt lat="53.853375271" lon="21.479769799" /><trkpt lat="53.853371223" lon="21.479788763" /><trkpt lat="53.853367128" lon="21.479807775" /><trkpt lat="53.853362986" lon="21.479826834" /><trkpt lat="53.853358799" lon="21.479845941" /><trkpt lat="53.853354816" lon="21.479863745" /><trkpt lat="53.853350698" lon="21.479881581" /><trkpt lat="53.853346450" lon="21.479899445" /><trkpt lat="53.853342078" lon="21.479917335" /><trkpt lat="53.853337585" lon="21.479935248" /><trkpt lat="53.853332978" lon="21.479953179" /><trkpt lat="53.853328261" lon="21.479971128" /><trkpt lat="53.853323440" lon="21.479989089" /><trkpt lat="53.853318519" lon="21.480007061" /><trkpt lat="53.853313505" lon="21.480025041" /><trkpt lat="53.853308402" lon="21.480043024" /><trkpt lat="53.853303214" lon="21.480061009" /><trkpt lat="53.853297948" lon="21.480078992" /><trkpt lat="53.853292609" lon="21.480096970" /><trkpt lat="53.853287201" lon="21.480114940" /><trkpt lat="53.853281729" lon="21.480132899" /><trkpt lat="53.853276199" lon="21.480150845" /><trkpt lat="53.853270617" lon="21.480168773" /><trkpt lat="53.853264986" lon="21.480186681" /><trkpt lat="53.853259312" lon="21.480204566" /><trkpt lat="53.853253601" lon="21.480222425" /><trkpt lat="53.853247857" lon="21.480240254" /><trkpt lat="53.853242085" lon="21.480258052" /><trkpt lat="53.853236292" lon="21.480275814" /><trkpt lat="53.853230481" lon="21.480293538" /><trkpt lat="53.853224658" lon="21.480311220" /><trkpt lat="53.853218828" lon="21.480328858" /><trkpt lat="53.853212996" lon="21.480346449" /><trkpt lat="53.853207167" lon="21.480363989" /><trkpt lat="53.853201347" lon="21.480381476" /><trkpt lat="53.853195540" lon="21.480398906" /><trkpt lat="53.853189752" lon="21.480416276" /><trkpt lat="53.853183988" lon="21.480433584" /><trkpt lat="53.853178252" lon="21.480450826" /><trkpt lat="53.853172551" lon="21.480467999" /><trkpt lat="53.853166889" lon="21.480485101" /><trkpt lat="53.853161271" lon="21.480502127" /><trkpt lat="53.853155703" lon="21.480519076" /><trkpt lat="53.853150189" lon="21.480535944" /><trkpt lat="53.853144734" lon="21.480552728" /><trkpt lat="53.853139345" lon="21.480569425" /><trkpt lat="53.853134025" lon="21.480586032" /><trkpt lat="53.853128781" lon="21.480602546" /><trkpt lat="53.853123617" lon="21.480618964" /><trkpt lat="53.853118537" lon="21.480635282" /><trkpt lat="53.853113549" lon="21.480651499" /><trkpt lat="53.853108656" lon="21.480667610" /><trkpt lat="53.853103863" lon="21.480683613" /><trkpt lat="53.853099177" lon="21.480699505" /><trkpt lat="53.853094601" lon="21.480715282" /><trkpt lat="53.853090141" lon="21.480730942" /><trkpt lat="53.853085803" lon="21.480746481" /><trkpt lat="53.853081591" lon="21.480761897" /><trkpt lat="53.853077510" lon="21.480777187" /><trkpt lat="53.853073566" lon="21.480792346" /><trkpt lat="53.853069763" lon="21.480807374" /><trkpt lat="53.853066108" lon="21.480822265" /><trkpt lat="53.853062465" lon="21.480838023" /><trkpt lat="53.853059093" lon="21.480853998" /><trkpt lat="53.853055984" lon="21.480870182" /><trkpt lat="53.853053131" lon="21.480886564" /><trkpt lat="53.853050528" lon="21.480903137" /><trkpt lat="53.853048168" lon="21.480919892" /><trkpt lat="53.853046044" lon="21.480936818" /><trkpt lat="53.853044150" lon="21.480953908" /><trkpt lat="53.853042478" lon="21.480971153" /><trkpt lat="53.853041023" lon="21.480988542" /><trkpt lat="53.853039776" lon="21.481006068" /><trkpt lat="53.853038732" lon="21.481023721" /><trkpt lat="53.853037884" lon="21.481041493" /><trkpt lat="53.853037224" lon="21.481059374" /><trkpt lat="53.853036747" lon="21.481077356" /><trkpt lat="53.853036445" lon="21.481095428" /><trkpt lat="53.853036312" lon="21.481113583" /><trkpt lat="53.853036340" lon="21.481131812" /><trkpt lat="53.853036524" lon="21.481150105" /><trkpt lat="53.853036857" lon="21.481168453" /><trkpt lat="53.853037331" lon="21.481186848" /><trkpt lat="53.853037939" lon="21.481205280" /><trkpt lat="53.853038677" lon="21.481223740" /><trkpt lat="53.853039535" lon="21.481242220" /><trkpt lat="53.853040508" lon="21.481260711" /><trkpt lat="53.853041589" lon="21.481279202" /><trkpt lat="53.853042771" lon="21.481297687" /><trkpt lat="53.853044048" lon="21.481316154" /><trkpt lat="53.853045412" lon="21.481334596" /><trkpt lat="53.853046857" lon="21.481353004" /><trkpt lat="53.853048377" lon="21.481371368" /><trkpt lat="53.853049964" lon="21.481389680" /><trkpt lat="53.853051611" lon="21.481407930" /><trkpt lat="53.853053312" lon="21.481426109" /><trkpt lat="53.853055061" lon="21.481444209" /><trkpt lat="53.853056849" lon="21.481462220" /><trkpt lat="53.853058672" lon="21.481480134" /><trkpt lat="53.853060521" lon="21.481497942" /><trkpt lat="53.853062391" lon="21.481515634" /><trkpt lat="53.853064273" lon="21.481533201" /><trkpt lat="53.853066163" lon="21.481550635" /><trkpt lat="53.853068052" lon="21.481567927" /><trkpt lat="53.853069935" lon="21.481585067" /><trkpt lat="53.853071804" lon="21.481602046" /><trkpt lat="53.853073652" lon="21.481618856" /><trkpt lat="53.853075473" lon="21.481635488" /><trkpt lat="53.853077261" lon="21.481651932" /><trkpt lat="53.853079008" lon="21.481668180" /><trkpt lat="53.853080707" lon="21.481684223" /><trkpt lat="53.853082353" lon="21.481700051" /><trkpt lat="53.853083937" lon="21.481715655" /><trkpt lat="53.853085454" lon="21.481731027" /><trkpt lat="53.853086896" lon="21.481746158" /><trkpt lat="53.853088257" lon="21.481761038" /><trkpt lat="53.853089888" lon="21.481779411" /><trkpt lat="53.853091467" lon="21.481797490" /><trkpt lat="53.853092996" lon="21.481815295" /><trkpt lat="53.853094475" lon="21.481832847" /><trkpt lat="53.853095904" lon="21.481850165" /><trkpt lat="53.853097285" lon="21.481867268" /><trkpt lat="53.853098617" lon="21.481884177" /><trkpt lat="53.853099901" lon="21.481900912" /><trkpt lat="53.853101138" lon="21.481917492" /><trkpt lat="53.853102327" lon="21.481933937" /><trkpt lat="53.853103470" lon="21.481950267" /><trkpt lat="53.853104567" lon="21.481966503" /><trkpt lat="53.853105618" lon="21.481982662" /><trkpt lat="53.853106624" lon="21.481998767" /><trkpt lat="53.853107586" lon="21.482014835" /><trkpt lat="53.853108503" lon="21.482030888" /><trkpt lat="53.853109377" lon="21.482046945" /><trkpt lat="53.853110207" lon="21.482063026" /><trkpt lat="53.853110995" lon="21.482079151" /><trkpt lat="53.853111740" lon="21.482095339" /><trkpt lat="53.853112444" lon="21.482111611" /><trkpt lat="53.853113106" lon="21.482127985" /><trkpt lat="53.853113728" lon="21.482144483" /><trkpt lat="53.853114309" lon="21.482161124" /><trkpt lat="53.853114850" lon="21.482177927" /><trkpt lat="53.853115352" lon="21.482194913" /><trkpt lat="53.853115815" lon="21.482212102" /><trkpt lat="53.853116239" lon="21.482229513" /><trkpt lat="53.853116626" lon="21.482247165" /><trkpt lat="53.853116975" lon="21.482265080" /><trkpt lat="53.853117287" lon="21.482283277" /><trkpt lat="53.853117562" lon="21.482301775" /><trkpt lat="53.853117802" lon="21.482320594" /><trkpt lat="53.853118006" lon="21.482339755" /><trkpt lat="53.853118174" lon="21.482359277" /><trkpt lat="53.853118308" lon="21.482379180" /><trkpt lat="53.853118408" lon="21.482399483" /><trkpt lat="53.853118475" lon="21.482420208" /><trkpt lat="53.853118508" lon="21.482441372" /><trkpt lat="53.853118508" lon="21.482462997" /><trkpt lat="53.853118476" lon="21.482485102" /><trkpt lat="53.853118413" lon="21.482507707" /><trkpt lat="53.853118318" lon="21.482530832" /><trkpt lat="53.853118205" lon="21.482554403" /><trkpt lat="53.853118094" lon="21.482577241" /><trkpt lat="53.853117988" lon="21.482599381" /><trkpt lat="53.853117888" lon="21.482620856" /><trkpt lat="53.853117795" lon="21.482641700" /><trkpt lat="53.853117713" lon="21.482661948" /><trkpt lat="53.853117644" lon="21.482681632" /><trkpt lat="53.853117589" lon="21.482700787" /><trkpt lat="53.853117550" lon="21.482719447" /><trkpt lat="53.853117529" lon="21.482737646" /><trkpt lat="53.853117529" lon="21.482755417" /><trkpt lat="53.853117552" lon="21.482772794" /><trkpt lat="53.853117599" lon="21.482789812" /><trkpt lat="53.853117673" lon="21.482806504" /><trkpt lat="53.853117776" lon="21.482822904" /><trkpt lat="53.853117909" lon="21.482839046" /><trkpt lat="53.853118075" lon="21.482854963" /><trkpt lat="53.853118276" lon="21.482870691" /><trkpt lat="53.853118514" lon="21.482886262" /><trkpt lat="53.853118791" lon="21.482901710" /><trkpt lat="53.853119109" lon="21.482917070" /><trkpt lat="53.853119470" lon="21.482932376" /><trkpt lat="53.853119876" lon="21.482947660" /><trkpt lat="53.853120329" lon="21.482962957" /><trkpt lat="53.853120831" lon="21.482978302" /><trkpt lat="53.853121385" lon="21.482993727" /><trkpt lat="53.853121992" lon="21.483009266" /><trkpt lat="53.853122654" lon="21.483024955" /><trkpt lat="53.853123374" lon="21.483040826" /><trkpt lat="53.853124153" lon="21.483056913" /><trkpt lat="53.853124993" lon="21.483073250" /><trkpt lat="53.853125897" lon="21.483089872" /><trkpt lat="53.853126867" lon="21.483106811" /><trkpt lat="53.853127905" lon="21.483124103" /><trkpt lat="53.853129012" lon="21.483141780" /><trkpt lat="53.853130191" lon="21.483159877" /><trkpt lat="53.853131443" lon="21.483178427" /><trkpt lat="53.853132772" lon="21.483197465" /><trkpt lat="53.853134178" lon="21.483217024" /><trkpt lat="53.853135664" lon="21.483237139" /><trkpt lat="53.853137233" lon="21.483257842" /><trkpt lat="53.853138885" lon="21.483279169" /><trkpt lat="53.853140159" lon="21.483295253" /><trkpt lat="53.853141481" lon="21.483311593" /><trkpt lat="53.853142851" lon="21.483328180" /><trkpt lat="53.853144268" lon="21.483345001" /><trkpt lat="53.853145730" lon="21.483362046" /><trkpt lat="53.853147237" lon="21.483379305" /><trkpt lat="53.853148787" lon="21.483396765" /><trkpt lat="53.853150380" lon="21.483414418" /><trkpt lat="53.853152014" lon="21.483432250" /><trkpt lat="53.853153688" lon="21.483450253" /><trkpt lat="53.853155402" lon="21.483468414" /><trkpt lat="53.853157155" lon="21.483486724" /><trkpt lat="53.853158945" lon="21.483505170" /><trkpt lat="53.853160771" lon="21.483523743" /><trkpt lat="53.853162632" lon="21.483542431" /><trkpt lat="53.853164528" lon="21.483561224" /><trkpt lat="53.853166457" lon="21.483580110" /><trkpt lat="53.853168418" lon="21.483599079" /><trkpt lat="53.853170410" lon="21.483618120" /><trkpt lat="53.853172433" lon="21.483637223" /><trkpt lat="53.853174485" lon="21.483656375" /><trkpt lat="53.853176565" lon="21.483675567" /><trkpt lat="53.853178672" lon="21.483694787" /><trkpt lat="53.853180805" lon="21.483714025" /><trkpt lat="53.853182963" lon="21.483733270" /><trkpt lat="53.853185146" lon="21.483752511" /><trkpt lat="53.853187351" lon="21.483771736" /><trkpt lat="53.853189578" lon="21.483790936" /><trkpt lat="53.853191826" lon="21.483810099" /><trkpt lat="53.853194094" lon="21.483829215" /><trkpt lat="53.853196382" lon="21.483848272" /><trkpt lat="53.853198687" lon="21.483867260" /><trkpt lat="53.853201008" lon="21.483886168" /><trkpt lat="53.853203346" lon="21.483904985" /><trkpt lat="53.853205699" lon="21.483923700" /><trkpt lat="53.853208065" lon="21.483942303" /><trkpt lat="53.853210444" lon="21.483960781" /><trkpt lat="53.853212835" lon="21.483979126" /><trkpt lat="53.853215236" lon="21.483997325" /><trkpt lat="53.853217647" lon="21.484015368" /><trkpt lat="53.853220067" lon="21.484033244" /><trkpt lat="53.853222495" lon="21.484050942" /><trkpt lat="53.853224929" lon="21.484068451" /><trkpt lat="53.853227368" lon="21.484085761" /><trkpt lat="53.853229813" lon="21.484102860" /><trkpt lat="53.853232260" lon="21.484119738" /><trkpt lat="53.853234711" lon="21.484136383" /><trkpt lat="53.853237162" lon="21.484152786" /><trkpt lat="53.853239615" lon="21.484168935" /><trkpt lat="53.853242066" lon="21.484184818" /><trkpt lat="53.853244516" lon="21.484200427" /><trkpt lat="53.853246964" lon="21.484215748" /><trkpt lat="53.853249408" lon="21.484230773" /><trkpt lat="53.853251847" lon="21.484245489" /><trkpt lat="53.853254280" lon="21.484259886" /><trkpt lat="53.853256707" lon="21.484273953" /><trkpt lat="53.853259126" lon="21.484287679" /><trkpt lat="53.853261736" lon="21.484302600" /><trkpt lat="53.853264274" lon="21.484317650" /><trkpt lat="53.853266739" lon="21.484332828" /><trkpt lat="53.853269134" lon="21.484348133" /><trkpt lat="53.853271458" lon="21.484363564" /><trkpt lat="53.853273713" lon="21.484379118" /><trkpt lat="53.853275899" lon="21.484394796" /><trkpt lat="53.853278018" lon="21.484410594" /><trkpt lat="53.853280070" lon="21.484426513" /><trkpt lat="53.853282056" lon="21.484442550" /><trkpt lat="53.853283978" lon="21.484458705" /><trkpt lat="53.853285835" lon="21.484474975" /><trkpt lat="53.853287629" lon="21.484491359" /><trkpt lat="53.853289361" lon="21.484507857" /><trkpt lat="53.853291031" lon="21.484524467" /><trkpt lat="53.853292641" lon="21.484541186" /><trkpt lat="53.853294191" lon="21.484558015" /><trkpt lat="53.853295682" lon="21.484574951" /><trkpt lat="53.853297116" lon="21.484591994" /><trkpt lat="53.853298492" lon="21.484609141" /><trkpt lat="53.853299812" lon="21.484626392" /><trkpt lat="53.853301077" lon="21.484643745" /><trkpt lat="53.853302287" lon="21.484661199" /><trkpt lat="53.853303444" lon="21.484678752" /><trkpt lat="53.853304548" lon="21.484696403" /><trkpt lat="53.853305601" lon="21.484714150" /><trkpt lat="53.853306602" lon="21.484731993" /><trkpt lat="53.853307554" lon="21.484749930" /><trkpt lat="53.853308456" lon="21.484767959" /><trkpt lat="53.853309310" lon="21.484786079" /><trkpt lat="53.853310117" lon="21.484804289" /><trkpt lat="53.853310877" lon="21.484822588" /><trkpt lat="53.853311592" lon="21.484840973" /><trkpt lat="53.853312262" lon="21.484859444" /><trkpt lat="53.853312888" lon="21.484877999" /><trkpt lat="53.853313470" lon="21.484896637" /><trkpt lat="53.853314011" lon="21.484915357" /><trkpt lat="53.853314511" lon="21.484934156" /><trkpt lat="53.853314970" lon="21.484953035" /><trkpt lat="53.853315390" lon="21.484971990" /><trkpt lat="53.853315771" lon="21.484991022" /><trkpt lat="53.853316114" lon="21.485010129" /><trkpt lat="53.853316420" lon="21.485029308" /><trkpt lat="53.853316691" lon="21.485048560" /><trkpt lat="53.853316926" lon="21.485067882" /><trkpt lat="53.853317127" lon="21.485087273" /><trkpt lat="53.853317295" lon="21.485106732" /><trkpt lat="53.853317430" lon="21.485126257" /><trkpt lat="53.853317534" lon="21.485145847" /><trkpt lat="53.853317607" lon="21.485165501" /><trkpt lat="53.853317650" lon="21.485185218" /><trkpt lat="53.853317664" lon="21.485204995" /><trkpt lat="53.853317610" lon="21.485221479" /><trkpt lat="53.853317447" lon="21.485238229" /><trkpt lat="53.853317178" lon="21.485255231" /><trkpt lat="53.853316804" lon="21.485272476" /><trkpt lat="53.853316328" lon="21.485289953" /><trkpt lat="53.853315751" lon="21.485307649" /><trkpt lat="53.853315075" lon="21.485325554" /><trkpt lat="53.853314303" lon="21.485343657" /><trkpt lat="53.853313435" lon="21.485361947" /><trkpt lat="53.853312474" lon="21.485380412" /><trkpt lat="53.853311421" lon="21.485399042" /><trkpt lat="53.853310279" lon="21.485417824" /><trkpt lat="53.853309049" lon="21.485436749" /><trkpt lat="53.853307733" lon="21.485455805" /><trkpt lat="53.853306334" lon="21.485474981" /><trkpt lat="53.853304852" lon="21.485494265" /><trkpt lat="53.853303290" lon="21.485513647" /><trkpt lat="53.853301650" lon="21.485533116" /><trkpt lat="53.853299933" lon="21.485552659" /><trkpt lat="53.853298141" lon="21.485572267" /><trkpt lat="53.853296277" lon="21.485591928" /><trkpt lat="53.853294341" lon="21.485611631" /><trkpt lat="53.853292337" lon="21.485631365" /><trkpt lat="53.853290265" lon="21.485651118" /><trkpt lat="53.853288128" lon="21.485670879" /><trkpt lat="53.853285927" lon="21.485690639" /><trkpt lat="53.853283665" lon="21.485710384" /><trkpt lat="53.853281343" lon="21.485730104" /><trkpt lat="53.853278963" lon="21.485749789" /><trkpt lat="53.853276527" lon="21.485769426" /><trkpt lat="53.853274037" lon="21.485789005" /><trkpt lat="53.853271494" lon="21.485808514" /><trkpt lat="53.853268901" lon="21.485827943" /><trkpt lat="53.853266259" lon="21.485847280" /><trkpt lat="53.853263571" lon="21.485866514" /><trkpt lat="53.853260837" lon="21.485885635" /><trkpt lat="53.853258061" lon="21.485904630" /><trkpt lat="53.853255243" lon="21.485923489" /><trkpt lat="53.853252386" lon="21.485942200" /><trkpt lat="53.853249492" lon="21.485960753" /><trkpt lat="53.853246562" lon="21.485979137" /><trkpt lat="53.853243598" lon="21.485997339" /><trkpt lat="53.853240602" lon="21.486015350" /><trkpt lat="53.853237577" lon="21.486033157" /><trkpt lat="53.853234523" lon="21.486050751" /><trkpt lat="53.853231442" lon="21.486068119" /><trkpt lat="53.853228338" lon="21.486085250" /><trkpt lat="53.853225211" lon="21.486102134" /><trkpt lat="53.853222063" lon="21.486118760" /><trkpt lat="53.853218896" lon="21.486135115" /><trkpt lat="53.853215712" lon="21.486151189" /><trkpt lat="53.853212513" lon="21.486166972" /><trkpt lat="53.853209301" lon="21.486182451" /><trkpt lat="53.853206077" lon="21.486197615" /><trkpt lat="53.853202844" lon="21.486212454" /><trkpt lat="53.853199603" lon="21.486226957" /><trkpt lat="53.853196356" lon="21.486241111" /><trkpt lat="53.853193105" lon="21.486254907" /><trkpt lat="53.853189852" lon="21.486268333" /><trkpt lat="53.853186599" lon="21.486281377" /><trkpt lat="53.853183347" lon="21.486294029" /><trkpt lat="53.853180099" lon="21.486306277" /><trkpt lat="53.853176856" lon="21.486318111" /><trkpt lat="53.853173448" lon="21.486330359" /><trkpt lat="53.853169918" lon="21.486343083" /><trkpt lat="53.853166268" lon="21.486356267" /><trkpt lat="53.853162502" lon="21.486369895" /><trkpt lat="53.853158621" lon="21.486383949" /><trkpt lat="53.853154629" lon="21.486398413" /><trkpt lat="53.853150528" lon="21.486413271" /><trkpt lat="53.853146322" lon="21.486428505" /><trkpt lat="53.853142012" lon="21.486444100" /><trkpt lat="53.853137601" lon="21.486460039" /><trkpt lat="53.853133093" lon="21.486476304" /><trkpt lat="53.853128489" lon="21.486492880" /><trkpt lat="53.853123793" lon="21.486509751" /><trkpt lat="53.853119008" lon="21.486526898" /><trkpt lat="53.853114135" lon="21.486544307" /><trkpt lat="53.853109179" lon="21.486561959" /><trkpt lat="53.853104140" lon="21.486579839" /><trkpt lat="53.853099023" lon="21.486597931" /><trkpt lat="53.853093830" lon="21.486616216" /><trkpt lat="53.853088564" lon="21.486634679" /><trkpt lat="53.853083227" lon="21.486653304" /><trkpt lat="53.853077822" lon="21.486672073" /><trkpt lat="53.853072351" lon="21.486690971" /><trkpt lat="53.853066819" lon="21.486709979" /><trkpt lat="53.853061226" lon="21.486729083" /><trkpt lat="53.853055577" lon="21.486748265" /><trkpt lat="53.853049873" lon="21.486767508" /><trkpt lat="53.853044118" lon="21.486786797" /><trkpt lat="53.853038313" lon="21.486806114" /><trkpt lat="53.853032463" lon="21.486825443" /><trkpt lat="53.853026569" lon="21.486844768" /><trkpt lat="53.853020634" lon="21.486864071" /><trkpt lat="53.853014661" lon="21.486883336" /><trkpt lat="53.853008653" lon="21.486902547" /><trkpt lat="53.853002613" lon="21.486921687" /><trkpt lat="53.852996542" lon="21.486940739" /><trkpt lat="53.852990445" lon="21.486959687" /><trkpt lat="53.852984323" lon="21.486978514" /><trkpt lat="53.852978179" lon="21.486997204" /><trkpt lat="53.852972016" lon="21.487015739" /><trkpt lat="53.852965837" lon="21.487034104" /><trkpt lat="53.852959645" lon="21.487052282" /><trkpt lat="53.852953442" lon="21.487070257" /><trkpt lat="53.852947230" lon="21.487088010" /><trkpt lat="53.852941013" lon="21.487105527" /><trkpt lat="53.852934794" lon="21.487122791" /><trkpt lat="53.852928574" lon="21.487139784" /><trkpt lat="53.852922357" lon="21.487156490" /><trkpt lat="53.852916146" lon="21.487172893" /><trkpt lat="53.852909943" lon="21.487188976" /><trkpt lat="53.852903751" lon="21.487204723" /><trkpt lat="53.852897572" lon="21.487220117" /><trkpt lat="53.852891410" lon="21.487235141" /><trkpt lat="53.852885267" lon="21.487249778" /><trkpt lat="53.852879146" lon="21.487264013" /><trkpt lat="53.852873049" lon="21.487277829" /><trkpt lat="53.852866979" lon="21.487291208" /><trkpt lat="53.852860940" lon="21.487304135" /><trkpt lat="53.852854933" lon="21.487316592" /><trkpt lat="53.852848961" lon="21.487328564" /><trkpt lat="53.852843028" lon="21.487340033" /><trkpt lat="53.852834456" lon="21.487356300" /><trkpt lat="53.852825919" lon="21.487372533" /><trkpt lat="53.852817421" lon="21.487388734" /><trkpt lat="53.852808964" lon="21.487404906" /><trkpt lat="53.852800552" lon="21.487421051" /><trkpt lat="53.852792187" lon="21.487437171" /><trkpt lat="53.852783874" lon="21.487453269" /><trkpt lat="53.852775614" lon="21.487469348" /><trkpt lat="53.852767411" lon="21.487485409" /><trkpt lat="53.852759268" lon="21.487501455" /><trkpt lat="53.852751188" lon="21.487517489" /><trkpt lat="53.852743174" lon="21.487533512" /><trkpt lat="53.852735229" lon="21.487549527" /><trkpt lat="53.852727356" lon="21.487565537" /><trkpt lat="53.852719559" lon="21.487581544" /><trkpt lat="53.852711840" lon="21.487597551" /><trkpt lat="53.852704203" lon="21.487613559" /><trkpt lat="53.852696651" lon="21.487629571" /><trkpt lat="53.852689185" lon="21.487645590" /><trkpt lat="53.852681811" lon="21.487661617" /><trkpt lat="53.852674531" lon="21.487677656" /><trkpt lat="53.852667347" lon="21.487693709" /><trkpt lat="53.852660263" lon="21.487709777" /><trkpt lat="53.852653282" lon="21.487725865" /><trkpt lat="53.852646408" lon="21.487741973" /><trkpt lat="53.852639642" lon="21.487758104" /><trkpt lat="53.852632989" lon="21.487774261" /><trkpt lat="53.852626451" lon="21.487790445" /><trkpt lat="53.852620032" lon="21.487806661" /><trkpt lat="53.852613734" lon="21.487822909" /><trkpt lat="53.852607560" lon="21.487839192" /><trkpt lat="53.852601514" lon="21.487855513" /><trkpt lat="53.852595599" lon="21.487871874" /><trkpt lat="53.852589817" lon="21.487888277" /><trkpt lat="53.852584173" lon="21.487904725" /><trkpt lat="53.852578668" lon="21.487921220" /><trkpt lat="53.852573306" lon="21.487937765" /><trkpt lat="53.852568091" lon="21.487954361" /><trkpt lat="53.852563024" lon="21.487971012" /><trkpt lat="53.852558110" lon="21.487987719" /><trkpt lat="53.852553351" lon="21.488004486" /><trkpt lat="53.852548750" lon="21.488021314" /><trkpt lat="53.852544395" lon="21.488037615" /><trkpt lat="53.852539963" lon="21.488054314" /><trkpt lat="53.852535461" lon="21.488071386" /><trkpt lat="53.852530895" lon="21.488088805" /><trkpt lat="53.852526273" lon="21.488106544" /><trkpt lat="53.852521601" lon="21.488124580" /><trkpt lat="53.852516886" lon="21.488142885" /><trkpt lat="53.852512134" lon="21.488161434" /><trkpt lat="53.852507352" lon="21.488180201" /><trkpt lat="53.852502548" lon="21.488199162" /><trkpt lat="53.852497726" lon="21.488218289" /><trkpt lat="53.852492895" lon="21.488237557" /><trkpt lat="53.852488061" lon="21.488256942" /><trkpt lat="53.852483230" lon="21.488276416" /><trkpt lat="53.852478410" lon="21.488295954" /><trkpt lat="53.852473606" lon="21.488315531" /><trkpt lat="53.852468826" lon="21.488335121" /><trkpt lat="53.852464077" lon="21.488354698" /><trkpt lat="53.852459364" lon="21.488374236" /><trkpt lat="53.852454695" lon="21.488393710" /><trkpt lat="53.852450077" lon="21.488413094" /><trkpt lat="53.852445516" lon="21.488432363" /><trkpt lat="53.852441018" lon="21.488451490" /><trkpt lat="53.852436591" lon="21.488470450" /><trkpt lat="53.852432240" lon="21.488489218" /><trkpt lat="53.852427974" lon="21.488507767" /><trkpt lat="53.852423798" lon="21.488526072" /><trkpt lat="53.852419719" lon="21.488544107" /><trkpt lat="53.852415745" lon="21.488561847" /><trkpt lat="53.852411880" lon="21.488579266" /><trkpt lat="53.852408133" lon="21.488596337" /><trkpt lat="53.852404510" lon="21.488613036" /><trkpt lat="53.852401018" lon="21.488629337" /><trkpt lat="53.852397662" lon="21.488645214" /><trkpt lat="53.852394451" lon="21.488660642" /><trkpt lat="53.852391391" lon="21.488675594" /><trkpt lat="53.852388487" lon="21.488690045" /><trkpt lat="53.852385748" lon="21.488703969" /><trkpt lat="53.852383180" lon="21.488717341" /><trkpt lat="53.852380789" lon="21.488730135" /><trkpt lat="53.852378582" lon="21.488742325" /><trkpt lat="53.852376566" lon="21.488753885" /><trkpt lat="53.852374747" lon="21.488764790" /><trkpt lat="53.852373132" lon="21.488775015" /><trkpt lat="53.852370920" lon="21.488789145" /><trkpt lat="53.852368707" lon="21.488802583" /><trkpt lat="53.852366478" lon="21.488815353" /><trkpt lat="53.852364222" lon="21.488827477" /><trkpt lat="53.852361925" lon="21.488838978" /><trkpt lat="53.852359576" lon="21.488849881" /><trkpt lat="53.852357162" lon="21.488860207" /><trkpt lat="53.852354670" lon="21.488869982" /><trkpt lat="53.852352087" lon="21.488879227" /><trkpt lat="53.852349400" lon="21.488887966" /><trkpt lat="53.852346598" lon="21.488896222" /><trkpt lat="53.852343666" lon="21.488904018" /><trkpt lat="53.852340594" lon="21.488911379" /><trkpt lat="53.852337367" lon="21.488918326" /><trkpt lat="53.852333974" lon="21.488924883" /><trkpt lat="53.852330402" lon="21.488931074" /><trkpt lat="53.852326637" lon="21.488936922" /><trkpt lat="53.852322668" lon="21.488942449" /><trkpt lat="53.852318482" lon="21.488947680" /><trkpt lat="53.852314065" lon="21.488952637" /><trkpt lat="53.852309406" lon="21.488957343" /><trkpt lat="53.852304492" lon="21.488961823" /><trkpt lat="53.852299310" lon="21.488966099" /><trkpt lat="53.852293848" lon="21.488970194" /><trkpt lat="53.852288092" lon="21.488974132" /><trkpt lat="53.852282030" lon="21.488977935" /><trkpt lat="53.852275650" lon="21.488981628" /><trkpt lat="53.852268938" lon="21.488985233" /><trkpt lat="53.852261883" lon="21.488988774" /><trkpt lat="53.852254471" lon="21.488992274" /><trkpt lat="53.852247827" lon="21.488995807" /><trkpt lat="53.852241298" lon="21.489000245" /><trkpt lat="53.852234881" lon="21.489005572" /><trkpt lat="53.852228577" lon="21.489011774" /><trkpt lat="53.852222384" lon="21.489018835" /><trkpt lat="53.852216300" lon="21.489026742" /><trkpt lat="53.852210326" lon="21.489035479" /><trkpt lat="53.852204460" lon="21.489045031" /><trkpt lat="53.852198702" lon="21.489055385" /><trkpt lat="53.852193049" lon="21.489066525" /><trkpt lat="53.852187502" lon="21.489078436" /><trkpt lat="53.852182060" lon="21.489091103" /><trkpt lat="53.852176720" lon="21.489104513" /><trkpt lat="53.852171483" lon="21.489118650" /><trkpt lat="53.852166348" lon="21.489133499" /><trkpt lat="53.852161313" lon="21.489149046" /><trkpt lat="53.852156377" lon="21.489165276" /><trkpt lat="53.852151540" lon="21.489182175" /><trkpt lat="53.852146801" lon="21.489199726" /><trkpt lat="53.852142158" lon="21.489217917" /><trkpt lat="53.852137611" lon="21.489236731" /><trkpt lat="53.852133159" lon="21.489256155" /><trkpt lat="53.852128800" lon="21.489276173" /><trkpt lat="53.852124534" lon="21.489296771" /><trkpt lat="53.852120360" lon="21.489317935" /><trkpt lat="53.852116276" lon="21.489339648" /><trkpt lat="53.852112283" lon="21.489361897" /><trkpt lat="53.852108378" lon="21.489384667" /><trkpt lat="53.852104561" lon="21.489407943" /><trkpt lat="53.852100831" lon="21.489431710" /><trkpt lat="53.852097188" lon="21.489455954" /><trkpt lat="53.852093629" lon="21.489480660" /><trkpt lat="53.852090154" lon="21.489505813" /><trkpt lat="53.852086762" lon="21.489531398" /><trkpt lat="53.852084417" lon="21.489549116" /><trkpt lat="53.852081941" lon="21.489567173" /><trkpt lat="53.852079340" lon="21.489585546" /><trkpt lat="53.852076621" lon="21.489604215" /><trkpt lat="53.852073790" lon="21.489623156" /><trkpt lat="53.852070853" lon="21.489642349" /><trkpt lat="53.852067817" lon="21.489661770" /><trkpt lat="53.852064686" lon="21.489681399" /><trkpt lat="53.852061469" lon="21.489701213" /><trkpt lat="53.852058170" lon="21.489721191" /><trkpt lat="53.852054795" lon="21.489741310" /><trkpt lat="53.852051352" lon="21.489761549" /><trkpt lat="53.852047846" lon="21.489781886" /><trkpt lat="53.852044283" lon="21.489802299" /><trkpt lat="53.852040669" lon="21.489822766" /><trkpt lat="53.852037011" lon="21.489843265" /><trkpt lat="53.852033315" lon="21.489863775" /><trkpt lat="53.852029587" lon="21.489884273" /><trkpt lat="53.852025832" lon="21.489904737" /><trkpt lat="53.852022058" lon="21.489925146" /><trkpt lat="53.852018271" lon="21.489945478" /><trkpt lat="53.852014475" lon="21.489965711" /><trkpt lat="53.852010679" lon="21.489985822" /><trkpt lat="53.852006887" lon="21.490005791" /><trkpt lat="53.852003106" lon="21.490025595" /><trkpt lat="53.851999342" lon="21.490045212" /><trkpt lat="53.851995601" lon="21.490064621" /><trkpt lat="53.851991890" lon="21.490083799" /><trkpt lat="53.851988214" lon="21.490102725" /><trkpt lat="53.851984580" lon="21.490121377" /><trkpt lat="53.851980994" lon="21.490139732" /><trkpt lat="53.851977462" lon="21.490157770" /><trkpt lat="53.851973990" lon="21.490175467" /><trkpt lat="53.851970584" lon="21.490192803" /><trkpt lat="53.851967251" lon="21.490209755" /><trkpt lat="53.851963996" lon="21.490226302" /><trkpt lat="53.851960826" lon="21.490242421" /><trkpt lat="53.851957747" lon="21.490258091" /><trkpt lat="53.851954765" lon="21.490273290" /><trkpt lat="53.851951886" lon="21.490287995" /><trkpt lat="53.851949117" lon="21.490302186" /><trkpt lat="53.851946463" lon="21.490315840" /><trkpt lat="53.851943931" lon="21.490328935" /><trkpt lat="53.851941526" lon="21.490341449" /><trkpt lat="53.851939256" lon="21.490353361" /><trkpt lat="53.851937125" lon="21.490364648" /><trkpt lat="53.851935141" lon="21.490375289" /><trkpt lat="53.851933310" lon="21.490385262" /><trkpt lat="53.851931637" lon="21.490394545" /><trkpt lat="53.851930128" lon="21.490403116" /><trkpt lat="53.851927790" lon="21.490416595" /><trkpt lat="53.851925510" lon="21.490429662" /><trkpt lat="53.851923276" lon="21.490442297" /><trkpt lat="53.851921072" lon="21.490454482" /><trkpt lat="53.851918885" lon="21.490466197" /><trkpt lat="53.851916699" lon="21.490477424" /><trkpt lat="53.851914500" lon="21.490488142" /><trkpt lat="53.851912275" lon="21.490498334" /><trkpt lat="53.851910008" lon="21.490507979" /><trkpt lat="53.851907685" lon="21.490517060" /><trkpt lat="53.851905292" lon="21.490525556" /><trkpt lat="53.851902814" lon="21.490533450" /><trkpt lat="53.851900237" lon="21.490540721" /><trkpt lat="53.851897546" lon="21.490547350" /><trkpt lat="53.851894727" lon="21.490553319" /><trkpt lat="53.851891766" lon="21.490558609" /><trkpt lat="53.851888648" lon="21.490563200" /><trkpt lat="53.851885359" lon="21.490567074" /><trkpt lat="53.851881885" lon="21.490570211" /><trkpt lat="53.851878210" lon="21.490572592" /><trkpt lat="53.851874321" lon="21.490574198" /><trkpt lat="53.851870202" lon="21.490575010" /><trkpt lat="53.851865841" lon="21.490575009" /><trkpt lat="53.851861222" lon="21.490574176" /><trkpt lat="53.851856330" lon="21.490572492" /><trkpt lat="53.851851153" lon="21.490569938" /><trkpt lat="53.851845674" lon="21.490566494" /><trkpt lat="53.851839880" lon="21.490562143" /><trkpt lat="53.851833756" lon="21.490556863" /><trkpt lat="53.851827287" lon="21.490550637" /><trkpt lat="53.851820326" lon="21.490544081" /><trkpt lat="53.851812336" lon="21.490537394" /><trkpt lat="53.851803365" lon="21.490530576" /><trkpt lat="53.851793460" lon="21.490523632" /><trkpt lat="53.851782670" lon="21.490516562" /><trkpt lat="53.851771042" lon="21.490509368" /><trkpt lat="53.851758625" lon="21.490502054" /><trkpt lat="53.851745465" lon="21.490494621" /><trkpt lat="53.851731610" lon="21.490487071" /><trkpt lat="53.851717109" lon="21.490479407" /><trkpt lat="53.851702010" lon="21.490471630" /><trkpt lat="53.851686359" lon="21.490463743" /><trkpt lat="53.851670205" lon="21.490455748" /><trkpt lat="53.851653596" lon="21.490447647" /><trkpt lat="53.851636580" lon="21.490439443" /><trkpt lat="53.851619203" lon="21.490431137" /><trkpt lat="53.851601515" lon="21.490422731" /><trkpt lat="53.851583562" lon="21.490414228" /><trkpt lat="53.851565393" lon="21.490405631" /><trkpt lat="53.851547056" lon="21.490396940" /><trkpt lat="53.851528597" lon="21.490388158" /><trkpt lat="53.851510066" lon="21.490379288" /><trkpt lat="53.851491510" lon="21.490370332" /><trkpt lat="53.851472976" lon="21.490361291" /><trkpt lat="53.851454512" lon="21.490352168" /><trkpt lat="53.851436167" lon="21.490342965" /><trkpt lat="53.851417988" lon="21.490333685" /><trkpt lat="53.851400023" lon="21.490324328" /><trkpt lat="53.851382319" lon="21.490314899" /><trkpt lat="53.851364925" lon="21.490305398" /><trkpt lat="53.851347887" lon="21.490295827" /><trkpt lat="53.851333709" lon="21.490287567" /><trkpt lat="53.851319405" lon="21.490278894" /><trkpt lat="53.851304991" lon="21.490269830" /><trkpt lat="53.851290478" lon="21.490260398" /><trkpt lat="53.851275882" lon="21.490250621" /><trkpt lat="53.851261215" lon="21.490240519" /><trkpt lat="53.851246492" lon="21.490230116" /><trkpt lat="53.851231726" lon="21.490219434" /><trkpt lat="53.851216930" lon="21.490208494" /><trkpt lat="53.851202119" lon="21.490197320" /><trkpt lat="53.851187306" lon="21.490185933" /><trkpt lat="53.851172505" lon="21.490174356" /><trkpt lat="53.851157729" lon="21.490162611" /><trkpt lat="53.851142993" lon="21.490150720" /><trkpt lat="53.851128309" lon="21.490138706" /><trkpt lat="53.851113692" lon="21.490126590" /><trkpt lat="53.851099155" lon="21.490114395" /><trkpt lat="53.851084712" lon="21.490102143" /><trkpt lat="53.851070377" lon="21.490089857" /><trkpt lat="53.851056163" lon="21.490077558" /><trkpt lat="53.851042083" lon="21.490065269" /><trkpt lat="53.851028153" lon="21.490053012" /><trkpt lat="53.851014384" lon="21.490040809" /><trkpt lat="53.851000792" lon="21.490028683" /><trkpt lat="53.850987389" lon="21.490016656" /><trkpt lat="53.850974190" lon="21.490004750" /><trkpt lat="53.850961208" lon="21.489992987" /><trkpt lat="53.850948456" lon="21.489981389" /><trkpt lat="53.850935949" lon="21.489969980" /><trkpt lat="53.850923700" lon="21.489958780" /><trkpt lat="53.850911722" lon="21.489947813" /><trkpt lat="53.850900030" lon="21.489937100" /><trkpt lat="53.850888638" lon="21.489926664" /><trkpt lat="53.850877558" lon="21.489916527" /><trkpt lat="53.850866804" lon="21.489906711" /><trkpt lat="53.850856391" lon="21.489897238" /><trkpt lat="53.850846331" lon="21.489888132" /><trkpt lat="53.850834627" lon="21.489877179" /><trkpt lat="53.850823855" lon="21.489866312" /><trkpt lat="53.850813978" lon="21.489855527" /><trkpt lat="53.850804957" lon="21.489844820" /><trkpt lat="53.850796755" lon="21.489834189" /><trkpt lat="53.850789334" lon="21.489823630" /><trkpt lat="53.850782655" lon="21.489813138" /><trkpt lat="53.850776680" lon="21.489802711" /><trkpt lat="53.850771372" lon="21.489792345" /><trkpt lat="53.850766693" lon="21.489782035" /><trkpt lat="53.850762605" lon="21.489771780" /><trkpt lat="53.850759069" lon="21.489761574" /><trkpt lat="53.850756048" lon="21.489751415" /><trkpt lat="53.850753504" lon="21.489741299" /><trkpt lat="53.850751399" lon="21.489731222" /><trkpt lat="53.850749694" lon="21.489721181" /><trkpt lat="53.850748352" lon="21.489711173" /><trkpt lat="53.850747335" lon="21.489701192" /><trkpt lat="53.850746606" lon="21.489691237" /><trkpt lat="53.850746125" lon="21.489681304" /><trkpt lat="53.850745854" lon="21.489671388" /><trkpt lat="53.850745757" lon="21.489661486" /><trkpt lat="53.850745795" lon="21.489651595" /><trkpt lat="53.850745930" lon="21.489641712" /><trkpt lat="53.850746124" lon="21.489631832" /><trkpt lat="53.850746340" lon="21.489621952" /><trkpt lat="53.850746538" lon="21.489612068" /><trkpt lat="53.850746681" lon="21.489602177" /><trkpt lat="53.850746732" lon="21.489592276" /><trkpt lat="53.850746652" lon="21.489582360" /><trkpt lat="53.850746600" lon="21.489578519" /><trkpt lat="53.850746552" lon="21.489573851" /><trkpt lat="53.850746509" lon="21.489568374" /><trkpt lat="53.850746471" lon="21.489562107" /><trkpt lat="53.850746435" lon="21.489555065" /><trkpt lat="53.850746404" lon="21.489547268" /><trkpt lat="53.850746376" lon="21.489538733" /><trkpt lat="53.850746350" lon="21.489529477" /><trkpt lat="53.850746327" lon="21.489519518" /><trkpt lat="53.850746307" lon="21.489508874" /><trkpt lat="53.850746288" lon="21.489497562" /><trkpt lat="53.850746271" lon="21.489485601" /><trkpt lat="53.850746256" lon="21.489473006" /><trkpt lat="53.850746241" lon="21.489459797" /><trkpt lat="53.850746228" lon="21.489445992" /><trkpt lat="53.850746214" lon="21.489431606" /><trkpt lat="53.850746201" lon="21.489416659" /><trkpt lat="53.850746188" lon="21.489401168" /><trkpt lat="53.850746175" lon="21.489385150" /><trkpt lat="53.850746160" lon="21.489368623" /><trkpt lat="53.850746145" lon="21.489351605" /><trkpt lat="53.850746128" lon="21.489334114" /><trkpt lat="53.850746110" lon="21.489316167" /><trkpt lat="53.850746090" lon="21.489297781" /><trkpt lat="53.850746067" lon="21.489278975" /><trkpt lat="53.850746042" lon="21.489259766" /><trkpt lat="53.850746014" lon="21.489240171" /><trkpt lat="53.850745983" lon="21.489220209" /><trkpt lat="53.850745949" lon="21.489199897" /><trkpt lat="53.850745910" lon="21.489179252" /><trkpt lat="53.850745868" lon="21.489158293" /><trkpt lat="53.850745821" lon="21.489137036" /><trkpt lat="53.850745770" lon="21.489115500" /><trkpt lat="53.850745713" lon="21.489093702" /><trkpt lat="53.850745652" lon="21.489071660" /><trkpt lat="53.850745585" lon="21.489049392" /><trkpt lat="53.850745511" lon="21.489026915" /><trkpt lat="53.850745432" lon="21.489004246" /><trkpt lat="53.850745346" lon="21.488981404" /><trkpt lat="53.850745254" lon="21.488958406" /><trkpt lat="53.850745154" lon="21.488935269" /><trkpt lat="53.850745047" lon="21.488912012" /><trkpt lat="53.850744932" lon="21.488888652" /><trkpt lat="53.850744809" lon="21.488865207" /><trkpt lat="53.850744678" lon="21.488841693" /><trkpt lat="53.850744539" lon="21.488818130" /><trkpt lat="53.850744390" lon="21.488794534" /><trkpt lat="53.850744232" lon="21.488770924" /><trkpt lat="53.850744065" lon="21.488747316" /><trkpt lat="53.850743888" lon="21.488723729" /><trkpt lat="53.850743701" lon="21.488700180" /><trkpt lat="53.850743503" lon="21.488676687" /><trkpt lat="53.850743295" lon="21.488653267" /><trkpt lat="53.850743075" lon="21.488629939" /><trkpt lat="53.850742844" lon="21.488606719" /><trkpt lat="53.850742602" lon="21.488583625" /><trkpt lat="53.850742348" lon="21.488560676" /><trkpt lat="53.850742081" lon="21.488537888" /><trkpt lat="53.850741802" lon="21.488515279" /><trkpt lat="53.850741510" lon="21.488492868" /><trkpt lat="53.850741205" lon="21.488470671" /><trkpt lat="53.850740886" lon="21.488448706" /><trkpt lat="53.850740554" lon="21.488426991" /><trkpt lat="53.850740208" lon="21.488405544" /><trkpt lat="53.850739847" lon="21.488384381" /><trkpt lat="53.850739471" lon="21.488363522" /><trkpt lat="53.850739081" lon="21.488342983" /><trkpt lat="53.850738675" lon="21.488322783" /><trkpt lat="53.850738254" lon="21.488302938" /><trkpt lat="53.850737817" lon="21.488283466" /><trkpt lat="53.850737364" lon="21.488264386" /><trkpt lat="53.850736894" lon="21.488245714" /><trkpt lat="53.850736408" lon="21.488227468" /><trkpt lat="53.850735904" lon="21.488209667" /><trkpt lat="53.850735383" lon="21.488192327" /><trkpt lat="53.850734845" lon="21.488175466" /><trkpt lat="53.850734288" lon="21.488159103" /><trkpt lat="53.850733713" lon="21.488143254" /><trkpt lat="53.850733119" lon="21.488127937" /><trkpt lat="53.850732507" lon="21.488113170" /><trkpt lat="53.850731875" lon="21.488098970" /><trkpt lat="53.850731224" lon="21.488085356" /><trkpt lat="53.850730553" lon="21.488072344" /><trkpt lat="53.850729862" lon="21.488059953" /><trkpt lat="53.850729151" lon="21.488048200" /><trkpt lat="53.850728419" lon="21.488037103" /><trkpt lat="53.850727665" lon="21.488026679" /><trkpt lat="53.850726511" lon="21.488012772" /><trkpt lat="53.850725128" lon="21.487998471" /><trkpt lat="53.850723523" lon="21.487983789" /><trkpt lat="53.850721702" lon="21.487968741" /><trkpt lat="53.850719670" lon="21.487953339" /><trkpt lat="53.850717433" lon="21.487937599" /><trkpt lat="53.850714997" lon="21.487921533" /><trkpt lat="53.850712369" lon="21.487905157" /><trkpt lat="53.850709553" lon="21.487888483" /><trkpt lat="53.850706555" lon="21.487871526" /><trkpt lat="53.850703383" lon="21.487854300" /><trkpt lat="53.850700041" lon="21.487836819" /><trkpt lat="53.850696535" lon="21.487819096" /><trkpt lat="53.850692871" lon="21.487801146" /><trkpt lat="53.850689056" lon="21.487782982" /><trkpt lat="53.850685094" lon="21.487764618" /><trkpt lat="53.850680992" lon="21.487746069" /><trkpt lat="53.850676756" lon="21.487727349" /><trkpt lat="53.850672391" lon="21.487708470" /><trkpt lat="53.850667903" lon="21.487689448" /><trkpt lat="53.850663299" lon="21.487670295" /><trkpt lat="53.850658584" lon="21.487651027" /><trkpt lat="53.850653764" lon="21.487631657" /><trkpt lat="53.850648845" lon="21.487612199" /><trkpt lat="53.850643833" lon="21.487592666" /><trkpt lat="53.850638733" lon="21.487573073" /><trkpt lat="53.850633551" lon="21.487553434" /><trkpt lat="53.850628294" lon="21.487533763" /><trkpt lat="53.850622967" lon="21.487514073" /><trkpt lat="53.850617576" lon="21.487494379" /><trkpt lat="53.850612127" lon="21.487474694" /><trkpt lat="53.850606626" lon="21.487455033" /><trkpt lat="53.850601078" lon="21.487435409" /><trkpt lat="53.850595490" lon="21.487415836" /><trkpt lat="53.850589867" lon="21.487396328" /><trkpt lat="53.850584216" lon="21.487376900" /><trkpt lat="53.850578542" lon="21.487357564" /><trkpt lat="53.850572850" lon="21.487338336" /><trkpt lat="53.850567148" lon="21.487319228" /><trkpt lat="53.850561440" lon="21.487300256" /><trkpt lat="53.850555733" lon="21.487281432" /><trkpt lat="53.850550032" lon="21.487262771" /><trkpt lat="53.850544344" lon="21.487244286" /><trkpt lat="53.850538673" lon="21.487225993" /><trkpt lat="53.850533027" lon="21.487207903" /><trkpt lat="53.850527411" lon="21.487190033" /><trkpt lat="53.850521830" lon="21.487172394" /><trkpt lat="53.850516291" lon="21.487155003" /><trkpt lat="53.850510800" lon="21.487137871" /><trkpt lat="53.850505362" lon="21.487121014" /><trkpt lat="53.850499983" lon="21.487104444" /><trkpt lat="53.850494669" lon="21.487088177" /><trkpt lat="53.850489427" lon="21.487072226" /><trkpt lat="53.850484261" lon="21.487056605" /><trkpt lat="53.850479178" lon="21.487041328" /><trkpt lat="53.850474183" lon="21.487026408" /><trkpt lat="53.850469283" lon="21.487011861" /><trkpt lat="53.850464483" lon="21.486997699" /><trkpt lat="53.850459790" lon="21.486983937" /><trkpt lat="53.850455208" lon="21.486970588" /><trkpt lat="53.850450744" lon="21.486957667" /><trkpt lat="53.850446405" lon="21.486945188" /><trkpt lat="53.850442194" lon="21.486933163" /><trkpt lat="53.850438120" lon="21.486921608" /><trkpt lat="53.850433330" lon="21.486907856" /><trkpt lat="53.850428634" lon="21.486893928" /><trkpt lat="53.850424028" lon="21.486879827" /><trkpt lat="53.850419511" lon="21.486865554" /><trkpt lat="53.850415080" lon="21.486851113" /><trkpt lat="53.850410735" lon="21.486836505" /><trkpt lat="53.850406472" lon="21.486821732" /><trkpt lat="53.850402289" lon="21.486806797" /><trkpt lat="53.850398186" lon="21.486791701" /><trkpt lat="53.850394159" lon="21.486776448" /><trkpt lat="53.850390208" lon="21.486761038" /><trkpt lat="53.850386329" lon="21.486745475" /><trkpt lat="53.850382521" lon="21.486729759" /><trkpt lat="53.850378782" lon="21.486713895" /><trkpt lat="53.850375110" lon="21.486697883" /><trkpt lat="53.850371503" lon="21.486681726" /><trkpt lat="53.850367959" lon="21.486665425" /><trkpt lat="53.850364476" lon="21.486648984" /><trkpt lat="53.850361052" lon="21.486632405" /><trkpt lat="53.850357685" lon="21.486615688" /><trkpt lat="53.850354374" lon="21.486598838" /><trkpt lat="53.850351115" lon="21.486581855" /><trkpt lat="53.850347907" lon="21.486564742" /><trkpt lat="53.850344749" lon="21.486547502" /><trkpt lat="53.850341638" lon="21.486530135" /><trkpt lat="53.850338572" lon="21.486512645" /><trkpt lat="53.850335549" lon="21.486495034" /><trkpt lat="53.850332568" lon="21.486477303" /><trkpt lat="53.850329625" lon="21.486459455" /><trkpt lat="53.850326721" lon="21.486441493" /><trkpt lat="53.850323851" lon="21.486423417" /><trkpt lat="53.850321015" lon="21.486405231" /><trkpt lat="53.850318210" lon="21.486386937" /><trkpt lat="53.850315434" lon="21.486368536" /><trkpt lat="53.850312686" lon="21.486350032" /><trkpt lat="53.850309964" lon="21.486331425" /><trkpt lat="53.850307265" lon="21.486312719" /><trkpt lat="53.850304587" lon="21.486293915" /><trkpt lat="53.850301929" lon="21.486275015" /><trkpt lat="53.850299288" lon="21.486256022" /><trkpt lat="53.850296663" lon="21.486236938" /><trkpt lat="53.850294052" lon="21.486217766" /><trkpt lat="53.850291452" lon="21.486198506" /><trkpt lat="53.850288862" lon="21.486179162" /><trkpt lat="53.850286279" lon="21.486159735" /><trkpt lat="53.850283702" lon="21.486140228" /><trkpt lat="53.850281129" lon="21.486120642" /><trkpt lat="53.850278558" lon="21.486100981" /><trkpt lat="53.850275986" lon="21.486081246" /><trkpt lat="53.850273412" lon="21.486061439" /><trkpt lat="53.850270834" lon="21.486041563" /><trkpt lat="53.850268250" lon="21.486021620" /><trkpt lat="53.850265657" lon="21.486001611" /><trkpt lat="53.850263371" lon="21.485983882" /><trkpt lat="53.850261099" lon="21.485966102" /><trkpt lat="53.850258840" lon="21.485948275" /><trkpt lat="53.850256593" lon="21.485930402" /><trkpt lat="53.850254356" lon="21.485912488" /><trkpt lat="53.850252129" lon="21.485894534" /><trkpt lat="53.850249910" lon="21.485876545" /><trkpt lat="53.850247697" lon="21.485858521" /><trkpt lat="53.850245490" lon="21.485840468" /><trkpt lat="53.850243286" lon="21.485822387" /><trkpt lat="53.850241085" lon="21.485804281" /><trkpt lat="53.850238886" lon="21.485786154" /><trkpt lat="53.850236686" lon="21.485768008" /><trkpt lat="53.850234486" lon="21.485749846" /><trkpt lat="53.850232282" lon="21.485731672" /><trkpt lat="53.850230075" lon="21.485713487" /><trkpt lat="53.850227862" lon="21.485695295" /><trkpt lat="53.850225643" lon="21.485677098" /><trkpt lat="53.850223415" lon="21.485658901" /><trkpt lat="53.850221179" lon="21.485640705" /><trkpt lat="53.850218932" lon="21.485622513" /><trkpt lat="53.850216673" lon="21.485604329" /><trkpt lat="53.850214401" lon="21.485586155" /><trkpt lat="53.850212115" lon="21.485567994" /><trkpt lat="53.850209812" lon="21.485549849" /><trkpt lat="53.850207493" lon="21.485531724" /><trkpt lat="53.850205155" lon="21.485513620" /><trkpt lat="53.850202797" lon="21.485495541" /><trkpt lat="53.850200418" lon="21.485477490" /><trkpt lat="53.850198017" lon="21.485459469" /><trkpt lat="53.850195592" lon="21.485441482" /><trkpt lat="53.850193142" lon="21.485423532" /><trkpt lat="53.850190665" lon="21.485405620" /><trkpt lat="53.850188161" lon="21.485387751" /><trkpt lat="53.850185628" lon="21.485369927" /><trkpt lat="53.850183065" lon="21.485352151" /><trkpt lat="53.850180470" lon="21.485334426" /><trkpt lat="53.850177842" lon="21.485316755" /><trkpt lat="53.850175179" lon="21.485299141" /><trkpt lat="53.850172481" lon="21.485281587" /><trkpt lat="53.850169747" lon="21.485264095" /><trkpt lat="53.850166973" lon="21.485246668" /><trkpt lat="53.850164161" lon="21.485229310" /><trkpt lat="53.850161307" lon="21.485212023" /><trkpt lat="53.850158412" lon="21.485194811" /><trkpt lat="53.850155472" lon="21.485177675" /><trkpt lat="53.850152488" lon="21.485160620" /><trkpt lat="53.850149458" lon="21.485143647" /><trkpt lat="53.850146380" lon="21.485126760" /><trkpt lat="53.850143254" lon="21.485109963" /><trkpt lat="53.850140077" lon="21.485093256" /><trkpt lat="53.850136850" lon="21.485076644" /><trkpt lat="53.850133569" lon="21.485060130" /><trkpt lat="53.850130234" lon="21.485043716" /><trkpt lat="53.850126844" lon="21.485027405" /><trkpt lat="53.850123397" lon="21.485011201" /><trkpt lat="53.850119892" lon="21.484995105" /><trkpt lat="53.850116328" lon="21.484979122" /><trkpt lat="53.850112703" lon="21.484963253" /><trkpt lat="53.850109016" lon="21.484947503" /><trkpt lat="53.850104526" lon="21.484928555" /><trkpt lat="53.850099979" lon="21.484909383" /><trkpt lat="53.850095375" lon="21.484890008" /><trkpt lat="53.850090715" lon="21.484870452" /><trkpt lat="53.850085998" lon="21.484850734" /><trkpt lat="53.850081225" lon="21.484830876" /><trkpt lat="53.850076396" lon="21.484810898" /><trkpt lat="53.850071511" lon="21.484790822" /><trkpt lat="53.850066571" lon="21.484770668" /><trkpt lat="53.850061575" lon="21.484750457" /><trkpt lat="53.850056523" lon="21.484730210" /><trkpt lat="53.850051416" lon="21.484709948" /><trkpt lat="53.850046254" lon="21.484689691" /><trkpt lat="53.850041037" lon="21.484669461" /><trkpt lat="53.850035765" lon="21.484649279" /><trkpt lat="53.850030439" lon="21.484629164" /><trkpt lat="53.850025057" lon="21.484609139" /><trkpt lat="53.850019622" lon="21.484589224" /><trkpt lat="53.850014132" lon="21.484569439" /><trkpt lat="53.850008589" lon="21.484549806" /><trkpt lat="53.850002991" lon="21.484530346" /><trkpt lat="53.849997339" lon="21.484511079" /><trkpt lat="53.849991634" lon="21.484492026" /><trkpt lat="53.849985876" lon="21.484473208" /><trkpt lat="53.849980064" lon="21.484454647" /><trkpt lat="53.849974199" lon="21.484436362" /><trkpt lat="53.849968281" lon="21.484418375" /><trkpt lat="53.849962310" lon="21.484400706" /><trkpt lat="53.849956286" lon="21.484383377" /><trkpt lat="53.849950210" lon="21.484366407" /><trkpt lat="53.849944082" lon="21.484349819" /><trkpt lat="53.849937901" lon="21.484333633" /><trkpt lat="53.849931668" lon="21.484317870" /><trkpt lat="53.849925383" lon="21.484302550" /><trkpt lat="53.849919046" lon="21.484287695" /><trkpt lat="53.849912658" lon="21.484273326" /><trkpt lat="53.849906218" lon="21.484259462" /><trkpt lat="53.849899727" lon="21.484246126" /><trkpt lat="53.849893185" lon="21.484233337" /><trkpt lat="53.849886591" lon="21.484221117" /><trkpt lat="53.849879947" lon="21.484209487" /><trkpt lat="53.849873252" lon="21.484198468" /><trkpt lat="53.849866507" lon="21.484188080" /><trkpt lat="53.849859711" lon="21.484178344" /><trkpt lat="53.849852864" lon="21.484169281" /><trkpt lat="53.849845968" lon="21.484160912" /><trkpt lat="53.849839022" lon="21.484153258" /><trkpt lat="53.849832025" lon="21.484146340" /><trkpt lat="53.849824980" lon="21.484140178" /><trkpt lat="53.849817884" lon="21.484134793" /><trkpt lat="53.849808889" lon="21.484128482" /><trkpt lat="53.849799288" lon="21.484121729" /><trkpt lat="53.849789106" lon="21.484114551" /><trkpt lat="53.849778369" lon="21.484106965" /><trkpt lat="53.849767105" lon="21.484098989" /><trkpt lat="53.849755338" lon="21.484090640" /><trkpt lat="53.849743094" lon="21.484081934" /><trkpt lat="53.849730400" lon="21.484072890" /><trkpt lat="53.849717282" lon="21.484063525" /><trkpt lat="53.849703766" lon="21.484053856" /><trkpt lat="53.849689878" lon="21.484043900" /><trkpt lat="53.849675643" lon="21.484033675" /><trkpt lat="53.849661089" lon="21.484023197" /><trkpt lat="53.849646240" lon="21.484012485" /><trkpt lat="53.849631123" lon="21.484001555" /><trkpt lat="53.849615764" lon="21.483990424" /><trkpt lat="53.849600189" lon="21.483979111" /><trkpt lat="53.849584424" lon="21.483967632" /><trkpt lat="53.849568496" lon="21.483956004" /><trkpt lat="53.849552429" lon="21.483944245" /><trkpt lat="53.849536251" lon="21.483932372" /><trkpt lat="53.849519986" lon="21.483920402" /><trkpt lat="53.849503662" lon="21.483908353" /><trkpt lat="53.849487305" lon="21.483896242" /><trkpt lat="53.849470939" lon="21.483884086" /><trkpt lat="53.849454592" lon="21.483871903" /><trkpt lat="53.849438289" lon="21.483859709" /><trkpt lat="53.849422056" lon="21.483847522" /><trkpt lat="53.849405920" lon="21.483835359" /><trkpt lat="53.849389907" lon="21.483823239" /><trkpt lat="53.849374042" lon="21.483811176" /><trkpt lat="53.849358351" lon="21.483799190" /><trkpt lat="53.849342861" lon="21.483787298" /><trkpt lat="53.849327598" lon="21.483775516" /><trkpt lat="53.849312587" lon="21.483763862" /><trkpt lat="53.849297855" lon="21.483752353" /><trkpt lat="53.849283427" lon="21.483741007" /><trkpt lat="53.849269330" lon="21.483729841" /><trkpt lat="53.849255590" lon="21.483718871" /><trkpt lat="53.849242233" lon="21.483708117" /><trkpt lat="53.849229285" lon="21.483697593" /><trkpt lat="53.849222229" lon="21.483691538" /><trkpt lat="53.849215364" lon="21.483685059" /><trkpt lat="53.849208688" lon="21.483678161" /><trkpt lat="53.849202199" lon="21.483670852" /><trkpt lat="53.849195892" lon="21.483663135" /><trkpt lat="53.849189766" lon="21.483655015" /><trkpt lat="53.849183818" lon="21.483646500" /><trkpt lat="53.849178046" lon="21.483637593" /><trkpt lat="53.849172446" lon="21.483628300" /><trkpt lat="53.849167015" lon="21.483618627" /><trkpt lat="53.849161752" lon="21.483608579" /><trkpt lat="53.849156653" lon="21.483598161" /><trkpt lat="53.849151716" lon="21.483587379" /><trkpt lat="53.849146938" lon="21.483576238" /><trkpt lat="53.849142316" lon="21.483564744" /><trkpt lat="53.849137848" lon="21.483552901" /><trkpt lat="53.849133530" lon="21.483540716" /><trkpt lat="53.849129361" lon="21.483528193" /><trkpt lat="53.849125337" lon="21.483515338" /><trkpt lat="53.849121455" lon="21.483502156" /><trkpt lat="53.849117714" lon="21.483488653" /><trkpt lat="53.849114110" lon="21.483474835" /><trkpt lat="53.849110641" lon="21.483460705" /><trkpt lat="53.849107303" lon="21.483446271" /><trkpt lat="53.849104095" lon="21.483431537" /><trkpt lat="53.849101013" lon="21.483416508" /><trkpt lat="53.849098055" lon="21.483401191" /><trkpt lat="53.849095218" lon="21.483385590" /><trkpt lat="53.849092499" lon="21.483369710" /><trkpt lat="53.849089896" lon="21.483353558" /><trkpt lat="53.849087406" lon="21.483337138" /><trkpt lat="53.849085026" lon="21.483320456" /><trkpt lat="53.849082753" lon="21.483303518" /><trkpt lat="53.849080586" lon="21.483286328" /><trkpt lat="53.849078520" lon="21.483268892" /><trkpt lat="53.849076554" lon="21.483251215" /><trkpt lat="53.849074684" lon="21.483233303" /><trkpt lat="53.849072908" lon="21.483215162" /><trkpt lat="53.849071224" lon="21.483196796" /><trkpt lat="53.849069628" lon="21.483178210" /><trkpt lat="53.849068118" lon="21.483159411" /><trkpt lat="53.849066691" lon="21.483140404" /><trkpt lat="53.849065345" lon="21.483121194" /><trkpt lat="53.849064076" lon="21.483101786" /><trkpt lat="53.849062882" lon="21.483082186" /><trkpt lat="53.849061761" lon="21.483062399" /><trkpt lat="53.849060709" lon="21.483042431" /><trkpt lat="53.849059724" lon="21.483022287" /><trkpt lat="53.849058803" lon="21.483001972" /><trkpt lat="53.849057943" lon="21.482981492" /><trkpt lat="53.849057143" lon="21.482960851" /><trkpt lat="53.849056398" lon="21.482940057" /><trkpt lat="53.849055707" lon="21.482919113" /><trkpt lat="53.849055066" lon="21.482898025" /><trkpt lat="53.849054473" lon="21.482876799" /><trkpt lat="53.849053925" lon="21.482855439" /><trkpt lat="53.849053420" lon="21.482833952" /><trkpt lat="53.849052955" lon="21.482812343" /><trkpt lat="53.849052527" lon="21.482790617" /><trkpt lat="53.849052133" lon="21.482768780" /><trkpt lat="53.849051770" lon="21.482746836" /><trkpt lat="53.849051437" lon="21.482724791" /><trkpt lat="53.849051130" lon="21.482702651" /><trkpt lat="53.849050846" lon="21.482680421" /><trkpt lat="53.849050584" lon="21.482658107" /><trkpt lat="53.849050339" lon="21.482635713" /><trkpt lat="53.849050110" lon="21.482613245" /><trkpt lat="53.849049893" lon="21.482590709" /><trkpt lat="53.849049687" lon="21.482568109" /><trkpt lat="53.849049487" lon="21.482545452" /><trkpt lat="53.849049293" lon="21.482522743" /><trkpt lat="53.849049100" lon="21.482499986" /><trkpt lat="53.849048906" lon="21.482477188" /><trkpt lat="53.849048593" lon="21.482446232" /><trkpt lat="53.849048194" lon="21.482416203" /><trkpt lat="53.849047709" lon="21.482387076" /><trkpt lat="53.849047138" lon="21.482358826" /><trkpt lat="53.849046484" lon="21.482331430" /><trkpt lat="53.849045746" lon="21.482304863" /><trkpt lat="53.849044927" lon="21.482279100" /><trkpt lat="53.849044026" lon="21.482254118" /><trkpt lat="53.849043045" lon="21.482229891" /><trkpt lat="53.849041985" lon="21.482206395" /><trkpt lat="53.849040846" lon="21.482183605" /><trkpt lat="53.849039630" lon="21.482161499" /><trkpt lat="53.849038338" lon="21.482140050" /><trkpt lat="53.849036970" lon="21.482119234" /><trkpt lat="53.849035528" lon="21.482099028" /><trkpt lat="53.849034012" lon="21.482079406" /><trkpt lat="53.849032424" lon="21.482060344" /><trkpt lat="53.849030764" lon="21.482041818" /><trkpt lat="53.849029033" lon="21.482023803" /><trkpt lat="53.849027233" lon="21.482006275" /><trkpt lat="53.849025364" lon="21.481989210" /><trkpt lat="53.849023427" lon="21.481972583" /><trkpt lat="53.849021423" lon="21.481956369" /><trkpt lat="53.849019354" lon="21.481940544" /><trkpt lat="53.849017219" lon="21.481925084" /><trkpt lat="53.849015021" lon="21.481909965" /><trkpt lat="53.849012759" lon="21.481895161" /><trkpt lat="53.849010436" lon="21.481880649" /><trkpt lat="53.849008051" lon="21.481866403" /><trkpt lat="53.849005607" lon="21.481852400" /><trkpt lat="53.849003103" lon="21.481838616" /><trkpt lat="53.849000541" lon="21.481825025" /><trkpt lat="53.848997921" lon="21.481811603" /><trkpt lat="53.848995246" lon="21.481798326" /><trkpt lat="53.848992515" lon="21.481785170" /><trkpt lat="53.848989729" lon="21.481772110" /><trkpt lat="53.848986891" lon="21.481759121" /><trkpt lat="53.848983999" lon="21.481746179" /><trkpt lat="53.848981056" lon="21.481733260" /><trkpt lat="53.848978063" lon="21.481720340" /><trkpt lat="53.848975020" lon="21.481707393" /><trkpt lat="53.848971928" lon="21.481694395" /><trkpt lat="53.848968789" lon="21.481681323" /><trkpt lat="53.848965603" lon="21.481668151" /><trkpt lat="53.848962371" lon="21.481654855" /><trkpt lat="53.848959094" lon="21.481641411" /><trkpt lat="53.848955773" lon="21.481627794" /><trkpt lat="53.848952410" lon="21.481613980" /><trkpt lat="53.848949004" lon="21.481599944" /><trkpt lat="53.848945558" lon="21.481585663" /><trkpt lat="53.848942071" lon="21.481571111" /><trkpt lat="53.848938546" lon="21.481556263" /><trkpt lat="53.848934982" lon="21.481541097" /><trkpt lat="53.848930880" lon="21.481524019" /><trkpt lat="53.848926493" lon="21.481506660" /><trkpt lat="53.848921834" lon="21.481489041" /><trkpt lat="53.848916913" lon="21.481471181" /><trkpt lat="53.848911744" lon="21.481453101" /><trkpt lat="53.848906337" lon="21.481434820" /><trkpt lat="53.848900706" lon="21.481416358" /><trkpt lat="53.848894861" lon="21.481397736" /><trkpt lat="53.848888815" lon="21.481378972" /><trkpt lat="53.848882580" lon="21.481360088" /><trkpt lat="53.848876167" lon="21.481341103" /><trkpt lat="53.848869589" lon="21.481322036" /><trkpt lat="53.848862858" lon="21.481302909" /><trkpt lat="53.848855985" lon="21.481283740" /><trkpt lat="53.848848982" lon="21.481264550" /><trkpt lat="53.848841862" lon="21.481245359" /><trkpt lat="53.848834636" lon="21.481226186" /><trkpt lat="53.848827316" lon="21.481207052" /><trkpt lat="53.848819914" lon="21.481187977" /><trkpt lat="53.848812442" lon="21.481168979" /><trkpt lat="53.848804912" lon="21.481150081" /><trkpt lat="53.848797336" lon="21.481131300" /><trkpt lat="53.848789726" lon="21.481112658" /><trkpt lat="53.848782094" lon="21.481094174" /><trkpt lat="53.848774451" lon="21.481075868" /><trkpt lat="53.848766810" lon="21.481057760" /><trkpt lat="53.848759183" lon="21.481039870" /><trkpt lat="53.848751581" lon="21.481022219" /><trkpt lat="53.848744016" lon="21.481004824" /><trkpt lat="53.848736501" lon="21.480987708" /><trkpt lat="53.848729047" lon="21.480970890" /><trkpt lat="53.848721667" lon="21.480954389" /><trkpt lat="53.848714371" lon="21.480938226" /><trkpt lat="53.848707173" lon="21.480922420" /><trkpt lat="53.848700083" lon="21.480906992" /><trkpt lat="53.848693115" lon="21.480891961" /><trkpt lat="53.848686280" lon="21.480877347" /><trkpt lat="53.848679589" lon="21.480863171" /><trkpt lat="53.848673055" lon="21.480849452" /><trkpt lat="53.848666690" lon="21.480836210" /><trkpt lat="53.848660505" lon="21.480823465" /><trkpt lat="53.848654513" lon="21.480811238" /><trkpt lat="53.848648725" lon="21.480799547" /><trkpt lat="53.848643154" lon="21.480788413" /><trkpt lat="53.848637811" lon="21.480777856" /><trkpt lat="53.848632709" lon="21.480767896" /><trkpt lat="53.848627858" lon="21.480758552" /><trkpt lat="53.848623272" lon="21.480749846" /><trkpt lat="53.848619546" lon="21.480742708" /><trkpt lat="53.848615612" lon="21.480734944" /><trkpt lat="53.848611475" lon="21.480726570" /><trkpt lat="53.848607140" lon="21.480717603" /><trkpt lat="53.848602612" lon="21.480708058" /><trkpt lat="53.848597896" lon="21.480697953" /><trkpt lat="53.848592997" lon="21.480687303" /><trkpt lat="53.848587919" lon="21.480676126" /><trkpt lat="53.848582667" lon="21.480664437" /><trkpt lat="53.848577247" lon="21.480652252" /><trkpt lat="53.848571663" lon="21.480639589" /><trkpt lat="53.848565921" lon="21.480626463" /><trkpt lat="53.848560024" lon="21.480612891" /><trkpt lat="53.848553978" lon="21.480598890" /><trkpt lat="53.848547788" lon="21.480584475" /><trkpt lat="53.848541459" lon="21.480569663" /><trkpt lat="53.848534996" lon="21.480554471" /><trkpt lat="53.848528403" lon="21.480538914" /><trkpt lat="53.848521686" lon="21.480523010" /><trkpt lat="53.848514849" lon="21.480506774" /><trkpt lat="53.848507897" lon="21.480490223" /><trkpt lat="53.848500836" lon="21.480473373" /><trkpt lat="53.848493669" lon="21.480456241" /><trkpt lat="53.848486403" lon="21.480438843" /><trkpt lat="53.848479041" lon="21.480421196" /><trkpt lat="53.848471589" lon="21.480403315" /><trkpt lat="53.848464052" lon="21.480385217" /><trkpt lat="53.848456435" lon="21.480366919" /><trkpt lat="53.848448741" lon="21.480348437" /><trkpt lat="53.848440978" lon="21.480329787" /><trkpt lat="53.848433148" lon="21.480310986" /><trkpt lat="53.848425258" lon="21.480292050" /><trkpt lat="53.848417312" lon="21.480272996" /><trkpt lat="53.848409314" lon="21.480253839" /><trkpt lat="53.848401271" lon="21.480234596" /><trkpt lat="53.848393186" lon="21.480215285" /><trkpt lat="53.848385065" lon="21.480195920" /><trkpt lat="53.848376913" lon="21.480176518" /><trkpt lat="53.848368734" lon="21.480157096" /><trkpt lat="53.848360533" lon="21.480137670" /><trkpt lat="53.848352316" lon="21.480118256" /><trkpt lat="53.848344086" lon="21.480098872" /><trkpt lat="53.848335850" lon="21.480079532" /><trkpt lat="53.848327612" lon="21.480060255" /><trkpt lat="53.848319377" lon="21.480041055" /><trkpt lat="53.848311149" lon="21.480021949" /><trkpt lat="53.848302934" lon="21.480002955" /><trkpt lat="53.848294737" lon="21.479984087" /><trkpt lat="53.848286562" lon="21.479965363" /><trkpt lat="53.848278415" lon="21.479946798" /><trkpt lat="53.848270300" lon="21.479928410" /><trkpt lat="53.848262222" lon="21.479910215" /><trkpt lat="53.848254186" lon="21.479892228" /><trkpt lat="53.848246197" lon="21.479874467" /><trkpt lat="53.848238259" lon="21.479856948" /><trkpt lat="53.848230379" lon="21.479839686" /><trkpt lat="53.848222560" lon="21.479822699" /><trkpt lat="53.848214808" lon="21.479806003" /><trkpt lat="53.848207127" lon="21.479789615" /><trkpt lat="53.848198901" lon="21.479771826" /><trkpt lat="53.848190922" lon="21.479753928" /><trkpt lat="53.848183185" lon="21.479735930" /><trkpt lat="53.848175687" lon="21.479717839" /><trkpt lat="53.848168424" lon="21.479699662" /><trkpt lat="53.848161393" lon="21.479681406" /><trkpt lat="53.848154588" lon="21.479663081" /><trkpt lat="53.848148007" lon="21.479644692" /><trkpt lat="53.848141645" lon="21.479626248" /><trkpt lat="53.848135498" lon="21.479607756" /><trkpt lat="53.848129563" lon="21.479589224" /><trkpt lat="53.848123836" lon="21.479570660" /><trkpt lat="53.848118312" lon="21.479552070" /><trkpt lat="53.848112988" lon="21.479533462" /><trkpt lat="53.848107860" lon="21.479514845" /><trkpt lat="53.848102924" lon="21.479496225" /><trkpt lat="53.848098176" lon="21.479477610" /><trkpt lat="53.848093612" lon="21.479459008" /><trkpt lat="53.848089228" lon="21.479440426" /><trkpt lat="53.848085020" lon="21.479421871" /><trkpt lat="53.848080984" lon="21.479403353" /><trkpt lat="53.848077117" lon="21.479384877" /><trkpt lat="53.848073415" lon="21.479366451" /><trkpt lat="53.848069873" lon="21.479348084" /><trkpt lat="53.848066487" lon="21.479329782" /><trkpt lat="53.848063255" lon="21.479311554" /><trkpt lat="53.848060171" lon="21.479293406" /><trkpt lat="53.848057232" lon="21.479275347" /><trkpt lat="53.848054434" lon="21.479257383" /><trkpt lat="53.848051773" lon="21.479239523" /><trkpt lat="53.848049245" lon="21.479221773" /><trkpt lat="53.848046846" lon="21.479204143" /><trkpt lat="53.848044573" lon="21.479186638" /><trkpt lat="53.848042421" lon="21.479169267" /><trkpt lat="53.848040386" lon="21.479152038" /><trkpt lat="53.848038465" lon="21.479134957" /><trkpt lat="53.848036654" lon="21.479118033" /><trkpt lat="53.848034948" lon="21.479101272" /><trkpt lat="53.848033344" lon="21.479084683" /><trkpt lat="53.848031838" lon="21.479068273" /><trkpt lat="53.848030426" lon="21.479052050" /><trkpt lat="53.848029104" lon="21.479036021" /><trkpt lat="53.848027868" lon="21.479020193" /><trkpt lat="53.848026714" lon="21.479004575" /><trkpt lat="53.848025638" lon="21.478989174" /><trkpt lat="53.848024637" lon="21.478973997" /><trkpt lat="53.848023706" lon="21.478959052" /><trkpt lat="53.848022842" lon="21.478944347" /><trkpt lat="53.848022040" lon="21.478929889" /><trkpt lat="53.848021297" lon="21.478915686" /><trkpt lat="53.848020608" lon="21.478901745" /><trkpt lat="53.848019971" lon="21.478888073" /><trkpt lat="53.848019380" lon="21.478874679" /><trkpt lat="53.848018833" lon="21.478861570" /><trkpt lat="53.848018525" lon="21.478853653" /><trkpt lat="53.848018222" lon="21.478845129" /><trkpt lat="53.848017924" lon="21.478836011" /><trkpt lat="53.848017631" lon="21.478826312" /><trkpt lat="53.848017342" lon="21.478816045" /><trkpt lat="53.848017057" lon="21.478805223" /><trkpt lat="53.848016778" lon="21.478793858" /><trkpt lat="53.848016503" lon="21.478781965" /><trkpt lat="53.848016232" lon="21.478769555" /><trkpt lat="53.848015967" lon="21.478756641" /><trkpt lat="53.848015707" lon="21.478743237" /><trkpt lat="53.848015451" lon="21.478729356" /><trkpt lat="53.848015201" lon="21.478715009" /><trkpt lat="53.848014955" lon="21.478700212" /><trkpt lat="53.848014714" lon="21.478684975" /><trkpt lat="53.848014479" lon="21.478669313" /><trkpt lat="53.848014248" lon="21.478653238" /><trkpt lat="53.848014022" lon="21.478636763" /><trkpt lat="53.848013802" lon="21.478619901" /><trkpt lat="53.848013587" lon="21.478602665" /><trkpt lat="53.848013377" lon="21.478585067" /><trkpt lat="53.848013172" lon="21.478567122" /><trkpt lat="53.848012973" lon="21.478548842" /><trkpt lat="53.848012779" lon="21.478530239" /><trkpt lat="53.848012590" lon="21.478511327" /><trkpt lat="53.848012407" lon="21.478492118" /><trkpt lat="53.848012229" lon="21.478472626" /><trkpt lat="53.848012057" lon="21.478452863" /><trkpt lat="53.848011890" lon="21.478432843" /><trkpt lat="53.848011729" lon="21.478412578" /><trkpt lat="53.848011573" lon="21.478392082" /><trkpt lat="53.848011423" lon="21.478371367" /><trkpt lat="53.848011278" lon="21.478350445" /><trkpt lat="53.848011140" lon="21.478329331" /><trkpt lat="53.848011007" lon="21.478308037" /><trkpt lat="53.848010879" lon="21.478286576" /><trkpt lat="53.848010758" lon="21.478264961" /><trkpt lat="53.848010642" lon="21.478243205" /><trkpt lat="53.848010533" lon="21.478221320" /><trkpt lat="53.848010429" lon="21.478199320" /><trkpt lat="53.848010331" lon="21.478177218" /><trkpt lat="53.848010239" lon="21.478155026" /><trkpt lat="53.848010153" lon="21.478132758" /><trkpt lat="53.848010073" lon="21.478110427" /><trkpt lat="53.848010000" lon="21.478088045" /><trkpt lat="53.848009932" lon="21.478065625" /><trkpt lat="53.848009871" lon="21.478043180" /><trkpt lat="53.848009815" lon="21.478020724" /><trkpt lat="53.848009767" lon="21.477998269" /><trkpt lat="53.848009724" lon="21.477975828" /><trkpt lat="53.848009687" lon="21.477953414" /><trkpt lat="53.848009657" lon="21.477931040" /><trkpt lat="53.848009634" lon="21.477908718" /><trkpt lat="53.848009617" lon="21.477886463" /><trkpt lat="53.848009606" lon="21.477864287" /><trkpt lat="53.848009602" lon="21.477842202" /><trkpt lat="53.848009604" lon="21.477820222" /><trkpt lat="53.848009613" lon="21.477798359" /><trkpt lat="53.848009628" lon="21.477776627" /><trkpt lat="53.848009650" lon="21.477755038" /><trkpt lat="53.848009679" lon="21.477733606" /><trkpt lat="53.848009715" lon="21.477712343" /><trkpt lat="53.848009757" lon="21.477691263" /><trkpt lat="53.848009806" lon="21.477670378" /><trkpt lat="53.848009862" lon="21.477649701" /><trkpt lat="53.848009925" lon="21.477629245" /><trkpt lat="53.848009994" lon="21.477609023" /><trkpt lat="53.848010071" lon="21.477589047" /><trkpt lat="53.848010155" lon="21.477569332" /><trkpt lat="53.848010245" lon="21.477549890" /><trkpt lat="53.848010343" lon="21.477530734" /><trkpt lat="53.848010447" lon="21.477511876" /><trkpt lat="53.848010559" lon="21.477493330" /><trkpt lat="53.848010678" lon="21.477475108" /><trkpt lat="53.848010805" lon="21.477457224" /><trkpt lat="53.848010938" lon="21.477439691" /><trkpt lat="53.848011079" lon="21.477422521" /><trkpt lat="53.848011227" lon="21.477405727" /><trkpt lat="53.848011382" lon="21.477389322" /><trkpt lat="53.848011545" lon="21.477373320" /><trkpt lat="53.848011715" lon="21.477357733" /><trkpt lat="53.848011892" lon="21.477342574" /><trkpt lat="53.848012077" lon="21.477327856" /><trkpt lat="53.848012270" lon="21.477313592" /><trkpt lat="53.848012470" lon="21.477299795" /><trkpt lat="53.848012678" lon="21.477286478" /><trkpt lat="53.848012893" lon="21.477273654" /><trkpt lat="53.848013116" lon="21.477261335" /><trkpt lat="53.848013347" lon="21.477249535" /><trkpt lat="53.848013585" lon="21.477238267" /><trkpt lat="53.848013832" lon="21.477227543" /><trkpt lat="53.848014086" lon="21.477217376" /><trkpt lat="53.848014515" lon="21.477202278" /><trkpt lat="53.848015024" lon="21.477186805" /><trkpt lat="53.848015610" lon="21.477170972" /><trkpt lat="53.848016270" lon="21.477154793" /><trkpt lat="53.848017002" lon="21.477138283" /><trkpt lat="53.848017804" lon="21.477121457" /><trkpt lat="53.848018673" lon="21.477104328" /><trkpt lat="53.848019608" lon="21.477086912" /><trkpt lat="53.848020604" lon="21.477069223" /><trkpt lat="53.848021662" lon="21.477051276" /><trkpt lat="53.848022776" lon="21.477033084" /><trkpt lat="53.848023947" lon="21.477014664" /><trkpt lat="53.848025170" lon="21.476996028" /><trkpt lat="53.848026444" lon="21.476977192" /><trkpt lat="53.848027766" lon="21.476958171" /><trkpt lat="53.848029134" lon="21.476938978" /><trkpt lat="53.848030546" lon="21.476919629" /><trkpt lat="53.848031999" lon="21.476900137" /><trkpt lat="53.848033490" lon="21.476880518" /><trkpt lat="53.848035018" lon="21.476860785" /><trkpt lat="53.848036580" lon="21.476840954" /><trkpt lat="53.848038173" lon="21.476821039" /><trkpt lat="53.848039795" lon="21.476801055" /><trkpt lat="53.848041445" lon="21.476781016" /><trkpt lat="53.848043119" lon="21.476760936" /><trkpt lat="53.848044814" lon="21.476740830" /><trkpt lat="53.848046530" lon="21.476720713" /><trkpt lat="53.848048263" lon="21.476700599" /><trkpt lat="53.848050010" lon="21.476680503" /><trkpt lat="53.848051770" lon="21.476660440" /><trkpt lat="53.848053541" lon="21.476640423" /><trkpt lat="53.848055319" lon="21.476620467" /><trkpt lat="53.848057102" lon="21.476600587" /><trkpt lat="53.848058888" lon="21.476580798" /><trkpt lat="53.848060675" lon="21.476561113" /><trkpt lat="53.848062461" lon="21.476541548" /><trkpt lat="53.848064241" lon="21.476522117" /><trkpt lat="53.848066016" lon="21.476502835" /><trkpt lat="53.848067781" lon="21.476483715" /><trkpt lat="53.848069535" lon="21.476464773" /><trkpt lat="53.848071276" lon="21.476446024" /><trkpt lat="53.848073000" lon="21.476427481" /><trkpt lat="53.848074706" lon="21.476409159" /><trkpt lat="53.848076391" lon="21.476391073" /><trkpt lat="53.848078052" lon="21.476373237" /><trkpt lat="53.848079688" lon="21.476355666" /><trkpt lat="53.848081296" lon="21.476338375" /><trkpt lat="53.848082874" lon="21.476321377" /><trkpt lat="53.848084419" lon="21.476304688" /><trkpt lat="53.848085928" lon="21.476288321" /><trkpt lat="53.848087400" lon="21.476272292" /><trkpt lat="53.848088832" lon="21.476256616" /><trkpt lat="53.848090222" lon="21.476241305" /><trkpt lat="53.848091567" lon="21.476226376" /><trkpt lat="53.848092865" lon="21.476211843" /><trkpt lat="53.848094114" lon="21.476197719" /><trkpt lat="53.848095310" lon="21.476184021" /><trkpt lat="53.848096453" lon="21.476170761" /><trkpt lat="53.848097538" lon="21.476157956" /><trkpt lat="53.848098565" lon="21.476145618" /><trkpt lat="53.848099530" lon="21.476133764" /><trkpt lat="53.848101402" lon="21.476110843" /><trkpt lat="53.848103219" lon="21.476089231" /><trkpt lat="53.848104977" lon="21.476068841" /><trkpt lat="53.848106674" lon="21.476049586" /><trkpt lat="53.848108306" lon="21.476031380" /><trkpt lat="53.848109872" lon="21.476014137" /><trkpt lat="53.848111369" lon="21.475997770" /><trkpt lat="53.848112793" lon="21.475982193" /><trkpt lat="53.848114142" lon="21.475967319" /><trkpt lat="53.848115412" lon="21.475953062" /><trkpt lat="53.848116602" lon="21.475939336" /><trkpt lat="53.848117708" lon="21.475926054" /><trkpt lat="53.848118728" lon="21.475913129" /><trkpt lat="53.848119658" lon="21.475900475" /><trkpt lat="53.848120496" lon="21.475888006" /><trkpt lat="53.848121239" lon="21.475875636" /><trkpt lat="53.848121885" lon="21.475863277" /><trkpt lat="53.848122430" lon="21.475850844" /><trkpt lat="53.848122871" lon="21.475838250" /><trkpt lat="53.848123207" lon="21.475825409" /><trkpt lat="53.848123433" lon="21.475812234" /><trkpt lat="53.848123547" lon="21.475798639" /><trkpt lat="53.848123547" lon="21.475784537" /><trkpt lat="53.848123430" lon="21.475769842" /><trkpt lat="53.848123192" lon="21.475754467" /><trkpt lat="53.848122831" lon="21.475738327" /><trkpt lat="53.848122344" lon="21.475721334" /><trkpt lat="53.848121729" lon="21.475703402" /><trkpt lat="53.848120982" lon="21.475684446" /><trkpt lat="53.848120101" lon="21.475664377" /><trkpt lat="53.848119688" lon="21.475655740" /><trkpt lat="53.848119211" lon="21.475646365" /><trkpt lat="53.848118672" lon="21.475636272" /><trkpt lat="53.848118072" lon="21.475625481" /><trkpt lat="53.848117412" lon="21.475614011" /><trkpt lat="53.848116695" lon="21.475601884" /><trkpt lat="53.848115921" lon="21.475589118" /><trkpt lat="53.848115092" lon="21.475575735" /><trkpt lat="53.848114211" lon="21.475561754" /><trkpt lat="53.848113278" lon="21.475547194" /><trkpt lat="53.848112295" lon="21.475532077" /><trkpt lat="53.848111264" lon="21.475516422" /><trkpt lat="53.848110187" lon="21.475500249" /><trkpt lat="53.848109064" lon="21.475483579" /><trkpt lat="53.848107898" lon="21.475466430" /><trkpt lat="53.848106690" lon="21.475448824" /><trkpt lat="53.848105441" lon="21.475430780" /><trkpt lat="53.848104154" lon="21.475412318" /><trkpt lat="53.848102830" lon="21.475393459" /><trkpt lat="53.848101471" lon="21.475374222" /><trkpt lat="53.848100078" lon="21.475354627" /><trkpt lat="53.848098652" lon="21.475334695" /><trkpt lat="53.848097196" lon="21.475314445" /><trkpt lat="53.848095710" lon="21.475293898" /><trkpt lat="53.848094197" lon="21.475273073" /><trkpt lat="53.848092659" lon="21.475251990" /><trkpt lat="53.848091096" lon="21.475230670" /><trkpt lat="53.848089510" lon="21.475209133" /><trkpt lat="53.848087903" lon="21.475187398" /><trkpt lat="53.848086277" lon="21.475165486" /><trkpt lat="53.848084633" lon="21.475143417" /><trkpt lat="53.848082972" lon="21.475121210" /><trkpt lat="53.848081297" lon="21.475098886" /><trkpt lat="53.848079609" lon="21.475076465" /><trkpt lat="53.848077909" lon="21.475053966" /><trkpt lat="53.848076200" lon="21.475031410" /><trkpt lat="53.848074482" lon="21.475008817" /><trkpt lat="53.848072757" lon="21.474986207" /><trkpt lat="53.848071027" lon="21.474963600" /><trkpt lat="53.848069294" lon="21.474941015" /><trkpt lat="53.848067559" lon="21.474918474" /><trkpt lat="53.848065823" lon="21.474895995" /><trkpt lat="53.848064089" lon="21.474873600" /><trkpt lat="53.848062358" lon="21.474851307" /><trkpt lat="53.848060631" lon="21.474829137" /><trkpt lat="53.848058910" lon="21.474807111" /><trkpt lat="53.848057197" lon="21.474785247" /><trkpt lat="53.848055493" lon="21.474763567" /><trkpt lat="53.848053800" lon="21.474742090" /><trkpt lat="53.848052120" lon="21.474720836" /><trkpt lat="53.848050453" lon="21.474699825" /><trkpt lat="53.848048803" lon="21.474679077" /><trkpt lat="53.848047169" lon="21.474658613" /><trkpt lat="53.848045554" lon="21.474638452" /><trkpt lat="53.848043960" lon="21.474618614" /><trkpt lat="53.848042388" lon="21.474599119" /><trkpt lat="53.848040840" lon="21.474579988" /><trkpt lat="53.848039316" lon="21.474561240" /><trkpt lat="53.848037820" lon="21.474542896" /><trkpt lat="53.848036352" lon="21.474524975" /><trkpt lat="53.848034914" lon="21.474507497" /><trkpt lat="53.848033508" lon="21.474490483" /><trkpt lat="53.848032135" lon="21.474473953" /><trkpt lat="53.848030797" lon="21.474457926" /><trkpt lat="53.848029495" lon="21.474442422" /><trkpt lat="53.848028231" lon="21.474427463" /><trkpt lat="53.848027007" lon="21.474413066" /><trkpt lat="53.848025824" lon="21.474399254" /><trkpt lat="53.848024684" lon="21.474386045" /><trkpt lat="53.848023588" lon="21.474373460" /><trkpt lat="53.848022539" lon="21.474361518" /><trkpt lat="53.848021537" lon="21.474350241" /><trkpt lat="53.848020584" lon="21.474339647" /><trkpt lat="53.848019682" lon="21.474329757" /><trkpt lat="53.848018833" lon="21.474320590" /><trkpt lat="53.848017865" lon="21.474310091" /><trkpt lat="53.848016863" lon="21.474298908" /><trkpt lat="53.848015828" lon="21.474287063" /><trkpt lat="53.848014760" lon="21.474274579" /><trkpt lat="53.848013660" lon="21.474261476" /><trkpt lat="53.848012530" lon="21.474247776" /><trkpt lat="53.848011371" lon="21.474233501" /><trkpt lat="53.848010184" lon="21.474218672" /><trkpt lat="53.848008971" lon="21.474203311" /><trkpt lat="53.848007731" lon="21.474187440" /><trkpt lat="53.848006467" lon="21.474171079" /><trkpt lat="53.848005180" lon="21.474154251" /><trkpt lat="53.848003870" lon="21.474136977" /><trkpt lat="53.848002539" lon="21.474119279" /><trkpt lat="53.848001189" lon="21.474101178" /><trkpt lat="53.847999819" lon="21.474082696" /><trkpt lat="53.847998432" lon="21.474063854" /><trkpt lat="53.847997028" lon="21.474044674" /><trkpt lat="53.847995609" lon="21.474025178" /><trkpt lat="53.847994175" lon="21.474005386" /><trkpt lat="53.847992729" lon="21.473985322" /><trkpt lat="53.847991270" lon="21.473965005" /><trkpt lat="53.847989800" lon="21.473944458" /><trkpt lat="53.847988321" lon="21.473923703" /><trkpt lat="53.847986833" lon="21.473902760" /><trkpt lat="53.847985338" lon="21.473881652" /><trkpt lat="53.847983837" lon="21.473860400" /><trkpt lat="53.847982330" lon="21.473839026" /><trkpt lat="53.847980819" lon="21.473817550" /><trkpt lat="53.847979306" lon="21.473795996" /><trkpt lat="53.847977790" lon="21.473774383" /><trkpt lat="53.847976275" lon="21.473752735" /><trkpt lat="53.847974759" lon="21.473731072" /><trkpt lat="53.847973246" lon="21.473709416" /><trkpt lat="53.847971735" lon="21.473687788" /><trkpt lat="53.847970228" lon="21.473666211" /><trkpt lat="53.847968726" lon="21.473644705" /><trkpt lat="53.847967231" lon="21.473623292" /><trkpt lat="53.847965743" lon="21.473601995" /><trkpt lat="53.847964263" lon="21.473580833" /><trkpt lat="53.847962793" lon="21.473559830" /><trkpt lat="53.847961334" lon="21.473539006" /><trkpt lat="53.847959887" lon="21.473518383" /><trkpt lat="53.847958453" lon="21.473497982" /><trkpt lat="53.847957034" lon="21.473477826" /><trkpt lat="53.847955629" lon="21.473457936" /><trkpt lat="53.847954242" lon="21.473438333" /><trkpt lat="53.847952871" lon="21.473419039" /><trkpt lat="53.847951520" lon="21.473400075" /><trkpt lat="53.847950189" lon="21.473381463" /><trkpt lat="53.847948878" lon="21.473363225" /><trkpt lat="53.847947590" lon="21.473345382" /><trkpt lat="53.847946326" lon="21.473327956" /><trkpt lat="53.847945086" lon="21.473310968" /><trkpt lat="53.847943871" lon="21.473294440" /><trkpt lat="53.847942683" lon="21.473278393" /><trkpt lat="53.847941524" lon="21.473262849" /><trkpt lat="53.847940393" lon="21.473247830" /><trkpt lat="53.847939292" lon="21.473233357" /><trkpt lat="53.847938223" lon="21.473219452" /><trkpt lat="53.847937186" lon="21.473206135" /><trkpt lat="53.847936183" lon="21.473193430" /><trkpt lat="53.847935215" lon="21.473181357" /><trkpt lat="53.847934283" lon="21.473169938" /><trkpt lat="53.847933388" lon="21.473159194" /><trkpt lat="53.847931602" lon="21.473138212" /><trkpt lat="53.847929802" lon="21.473117510" /><trkpt lat="53.847927983" lon="21.473097082" /><trkpt lat="53.847926140" lon="21.473076926" /><trkpt lat="53.847924269" lon="21.473057036" /><trkpt lat="53.847922363" lon="21.473037410" /><trkpt lat="53.847920418" lon="21.473018043" /><trkpt lat="53.847918430" lon="21.472998932" /><trkpt lat="53.847916393" lon="21.472980072" /><trkpt lat="53.847914302" lon="21.472961460" /><trkpt lat="53.847912153" lon="21.472943091" /><trkpt lat="53.847909940" lon="21.472924962" /><trkpt lat="53.847907659" lon="21.472907068" /><trkpt lat="53.847905305" lon="21.472889407" /><trkpt lat="53.847902872" lon="21.472871973" /><trkpt lat="53.847900357" lon="21.472854763" /><trkpt lat="53.847897753" lon="21.472837774" /><trkpt lat="53.847895056" lon="21.472821000" /><trkpt lat="53.847892261" lon="21.472804438" /><trkpt lat="53.847889364" lon="21.472788085" /><trkpt lat="53.847886359" lon="21.472771936" /><trkpt lat="53.847883241" lon="21.472755988" /><trkpt lat="53.847880005" lon="21.472740236" /><trkpt lat="53.847876647" lon="21.472724676" /><trkpt lat="53.847873161" lon="21.472709305" /><trkpt lat="53.847869543" lon="21.472694119" /><trkpt lat="53.847865787" lon="21.472679113" /><trkpt lat="53.847861890" lon="21.472664285" /><trkpt lat="53.847857845" lon="21.472649629" /><trkpt lat="53.847853648" lon="21.472635142" /><trkpt lat="53.847849294" lon="21.472620820" /><trkpt lat="53.847844778" lon="21.472606659" /><trkpt lat="53.847841476" lon="21.472596933" /><trkpt lat="53.847837713" lon="21.472586548" /><trkpt lat="53.847833506" lon="21.472575530" /><trkpt lat="53.847828873" lon="21.472563903" /><trkpt lat="53.847823830" lon="21.472551694" /><trkpt lat="53.847818394" lon="21.472538928" /><trkpt lat="53.847812583" lon="21.472525630" /><trkpt lat="53.847806414" lon="21.472511825" /><trkpt lat="53.847799903" lon="21.472497540" /><trkpt lat="53.847793068" lon="21.472482800" /><trkpt lat="53.847785926" lon="21.472467629" /><trkpt lat="53.847778493" lon="21.472452055" /><trkpt lat="53.847770788" lon="21.472436101" /><trkpt lat="53.847762827" lon="21.472419794" /><trkpt lat="53.847754627" lon="21.472403159" /><trkpt lat="53.847746205" lon="21.472386221" /><trkpt lat="53.847737578" lon="21.472369006" /><trkpt lat="53.847728764" lon="21.472351540" /><trkpt lat="53.847719780" lon="21.472333848" /><trkpt lat="53.847710642" lon="21.472315954" /><trkpt lat="53.847701368" lon="21.472297886" /><trkpt lat="53.847691974" lon="21.472279668" /><trkpt lat="53.847682478" lon="21.472261326" /><trkpt lat="53.847672898" lon="21.472242884" /><trkpt lat="53.847663249" lon="21.472224370" /><trkpt lat="53.847653549" lon="21.472205807" /><trkpt lat="53.847643816" lon="21.472187223" /><trkpt lat="53.847634066" lon="21.472168641" /><trkpt lat="53.847624316" lon="21.472150088" /><trkpt lat="53.847614583" lon="21.472131588" /><trkpt lat="53.847604885" lon="21.472113169" /><trkpt lat="53.847595239" lon="21.472094854" /><trkpt lat="53.847585661" lon="21.472076669" /><trkpt lat="53.847576170" lon="21.472058641" /><trkpt lat="53.847566781" lon="21.472040793" /><trkpt lat="53.847557511" lon="21.472023153" /><trkpt lat="53.847548379" lon="21.472005744" /><trkpt lat="53.847539401" lon="21.471988594" /><trkpt lat="53.847530594" lon="21.471971726" /><trkpt lat="53.847521976" lon="21.471955168" /><trkpt lat="53.847513563" lon="21.471938943" /><trkpt lat="53.847505372" lon="21.471923078" /><trkpt lat="53.847497420" lon="21.471907598" /><trkpt lat="53.847489726" lon="21.471892529" /><trkpt lat="53.847482305" lon="21.471877895" /><trkpt lat="53.847475174" lon="21.471863723" /><trkpt lat="53.847468352" lon="21.471850038" /><trkpt lat="53.847461855" lon="21.471836865" /><trkpt lat="53.847455324" lon="21.471823264" /><trkpt lat="53.847448938" lon="21.471809403" /><trkpt lat="53.847442695" lon="21.471795290" /><trkpt lat="53.847436591" lon="21.471780932" /><trkpt lat="53.847430624" lon="21.471766335" /><trkpt lat="53.847424791" lon="21.471751507" /><trkpt lat="53.847419089" lon="21.471736455" /><trkpt lat="53.847413515" lon="21.471721185" /><trkpt lat="53.847408067" lon="21.471705704" /><trkpt lat="53.847402741" lon="21.471690019" /><trkpt lat="53.847397535" lon="21.471674138" /><trkpt lat="53.847392446" lon="21.471658067" /><trkpt lat="53.847387471" lon="21.471641813" /><trkpt lat="53.847382608" lon="21.471625383" /><trkpt lat="53.847377853" lon="21.471608784" /><trkpt lat="53.847373203" lon="21.471592023" /><trkpt lat="53.847368657" lon="21.471575107" /><trkpt lat="53.847364210" lon="21.471558043" /><trkpt lat="53.847359860" lon="21.471540838" /><trkpt lat="53.847355605" lon="21.471523498" /><trkpt lat="53.847351441" lon="21.471506031" /><trkpt lat="53.847347366" lon="21.471488444" /><trkpt lat="53.847343377" lon="21.471470743" /><trkpt lat="53.847339471" lon="21.471452936" /><trkpt lat="53.847335645" lon="21.471435030" /><trkpt lat="53.847331896" lon="21.471417030" /><trkpt lat="53.847328222" lon="21.471398945" /><trkpt lat="53.847324620" lon="21.471380782" /><trkpt lat="53.847321086" lon="21.471362546" /><trkpt lat="53.847317618" lon="21.471344246" /><trkpt lat="53.847314214" lon="21.471325888" /><trkpt lat="53.847310870" lon="21.471307479" /><trkpt lat="53.847307584" lon="21.471289026" /><trkpt lat="53.847304352" lon="21.471270536" /><trkpt lat="53.847301172" lon="21.471252016" /><trkpt lat="53.847298041" lon="21.471233473" /><trkpt lat="53.847294957" lon="21.471214914" /><trkpt lat="53.847291915" lon="21.471196345" /><trkpt lat="53.847288915" lon="21.471177774" /><trkpt lat="53.847285952" lon="21.471159208" /><trkpt lat="53.847283024" lon="21.471140653" /><trkpt lat="53.847280128" lon="21.471122117" /><trkpt lat="53.847277262" lon="21.471103606" /><trkpt lat="53.847274422" lon="21.471085127" /><trkpt lat="53.847271605" lon="21.471066688" /><trkpt lat="53.847268809" lon="21.471048295" /><trkpt lat="53.847266549" lon="21.471032519" /><trkpt lat="53.847264510" lon="21.471016488" /><trkpt lat="53.847262688" lon="21.471000213" /><trkpt lat="53.847261075" lon="21.470983706" /><trkpt lat="53.847259666" lon="21.470966977" /><trkpt lat="53.847258456" lon="21.470950036" /><trkpt lat="53.847257437" lon="21.470932895" /><trkpt lat="53.847256605" lon="21.470915564" /><trkpt lat="53.847255953" lon="21.470898055" /><trkpt lat="53.847255475" lon="21.470880376" /><trkpt lat="53.847255165" lon="21.470862541" /><trkpt lat="53.847255018" lon="21.470844558" /><trkpt lat="53.847255026" lon="21.470826439" /><trkpt lat="53.847255185" lon="21.470808195" /><trkpt lat="53.847255489" lon="21.470789836" /><trkpt lat="53.847255931" lon="21.470771373" /><trkpt lat="53.847256505" lon="21.470752817" /><trkpt lat="53.847257206" lon="21.470734179" /><trkpt lat="53.847258027" lon="21.470715469" /><trkpt lat="53.847258962" lon="21.470696698" /><trkpt lat="53.847260006" lon="21.470677876" /><trkpt lat="53.847261153" lon="21.470659015" /><trkpt lat="53.847262396" lon="21.470640125" /><trkpt lat="53.847263730" lon="21.470621217" /><trkpt lat="53.847265149" lon="21.470602302" /><trkpt lat="53.847266646" lon="21.470583390" /><trkpt lat="53.847268216" lon="21.470564492" /><trkpt lat="53.847269853" lon="21.470545619" /><trkpt lat="53.847271550" lon="21.470526782" /><trkpt lat="53.847273302" lon="21.470507990" /><trkpt lat="53.847275104" lon="21.470489256" /><trkpt lat="53.847276948" lon="21.470470590" /><trkpt lat="53.847278828" lon="21.470452002" /><trkpt lat="53.847280740" lon="21.470433503" /><trkpt lat="53.847282677" lon="21.470415105" /><trkpt lat="53.847284633" lon="21.470396817" /><trkpt lat="53.847286602" lon="21.470378650" /><trkpt lat="53.847288577" lon="21.470360616" /><trkpt lat="53.847290554" lon="21.470342724" /><trkpt lat="53.847292526" lon="21.470324986" /><trkpt lat="53.847294488" lon="21.470307413" /><trkpt lat="53.847296432" lon="21.470290014" /><trkpt lat="53.847298354" lon="21.470272801" /><trkpt lat="53.847300246" lon="21.470255785" /><trkpt lat="53.847302104" lon="21.470238976" /><trkpt lat="53.847303922" lon="21.470222385" /><trkpt lat="53.847305693" lon="21.470206023" /><trkpt lat="53.847307411" lon="21.470189900" /><trkpt lat="53.847309070" lon="21.470174028" /><trkpt lat="53.847310665" lon="21.470158416" /><trkpt lat="53.847312189" lon="21.470143076" /><trkpt lat="53.847313637" lon="21.470128019" /><trkpt lat="53.847315003" lon="21.470113254" /><trkpt lat="53.847316280" lon="21.470098794" /><trkpt lat="53.847317902" lon="21.470079143" /><trkpt lat="53.847319359" lon="21.470059794" /><trkpt lat="53.847320648" lon="21.470040732" /><trkpt lat="53.847321765" lon="21.470021942" /><trkpt lat="53.847322708" lon="21.470003409" /><trkpt lat="53.847323473" lon="21.469985118" /><trkpt lat="53.847324058" lon="21.469967052" /><trkpt lat="53.847324459" lon="21.469949198" /><trkpt lat="53.847324674" lon="21.469931539" /><trkpt lat="53.847324699" lon="21.469914062" /><trkpt lat="53.847324531" lon="21.469896749" /><trkpt lat="53.847324168" lon="21.469879587" /><trkpt lat="53.847323605" lon="21.469862560" /><trkpt lat="53.847322841" lon="21.469845653" /><trkpt lat="53.847321872" lon="21.469828851" /><trkpt lat="53.847320695" lon="21.469812138" /><trkpt lat="53.847319307" lon="21.469795500" /><trkpt lat="53.847317706" lon="21.469778921" /><trkpt lat="53.847315887" lon="21.469762386" /><trkpt lat="53.847313848" lon="21.469745879" /><trkpt lat="53.847311586" lon="21.469729386" /><trkpt lat="53.847309098" lon="21.469712891" /><trkpt lat="53.847306380" lon="21.469696380" /><trkpt lat="53.847303431" lon="21.469679837" /><trkpt lat="53.847300246" lon="21.469663246" /><trkpt lat="53.847296823" lon="21.469646593" /><trkpt lat="53.847293158" lon="21.469629862" /><trkpt lat="53.847289249" lon="21.469613039" /><trkpt lat="53.847285093" lon="21.469596108" /><trkpt lat="53.847280686" lon="21.469579053" /><trkpt lat="53.847276026" lon="21.469561860" /><trkpt lat="53.847271109" lon="21.469544514" /><trkpt lat="53.847265932" lon="21.469526998" /><trkpt lat="53.847260493" lon="21.469509299" /><trkpt lat="53.847254788" lon="21.469491401" /><trkpt lat="53.847248814" lon="21.469473288" /><trkpt lat="53.847242569" lon="21.469454946" /><trkpt lat="53.847236049" lon="21.469436359" /><trkpt lat="53.847229251" lon="21.469417512" /><trkpt lat="53.847222153" lon="21.469399478" /><trkpt lat="53.847214405" lon="21.469382368" /><trkpt lat="53.847206037" lon="21.469366154" /><trkpt lat="53.847197074" lon="21.469350803" /><trkpt lat="53.847187544" lon="21.469336287" /><trkpt lat="53.847177475" lon="21.469322573" /><trkpt lat="53.847166895" lon="21.469309633" /><trkpt lat="53.847155830" lon="21.469297435" /><trkpt lat="53.847144308" lon="21.469285950" /><trkpt lat="53.847132357" lon="21.469275146" /><trkpt lat="53.847120003" lon="21.469264993" /><trkpt lat="53.847107276" lon="21.469255461" /><trkpt lat="53.847094200" lon="21.469246520" /><trkpt lat="53.847080806" lon="21.469238139" /><trkpt lat="53.847067119" lon="21.469230287" /><trkpt lat="53.847053167" lon="21.469222934" /><trkpt lat="53.847038978" lon="21.469216050" /><trkpt lat="53.847024579" lon="21.469209605" /><trkpt lat="53.847009997" lon="21.469203567" /><trkpt lat="53.846995261" lon="21.469197907" /><trkpt lat="53.846980397" lon="21.469192593" /><trkpt lat="53.846965433" lon="21.469187596" /><trkpt lat="53.846950396" lon="21.469182886" /><trkpt lat="53.846935313" lon="21.469178431" /><trkpt lat="53.846920213" lon="21.469174201" /><trkpt lat="53.846905123" lon="21.469170167" /><trkpt lat="53.846890070" lon="21.469166297" /><trkpt lat="53.846875081" lon="21.469162560" /><trkpt lat="53.846860184" lon="21.469158928" /><trkpt lat="53.846845407" lon="21.469155368" /><trkpt lat="53.846830776" lon="21.469151852" /><trkpt lat="53.846816320" lon="21.469148347" /><trkpt lat="53.846802066" lon="21.469144825" /><trkpt lat="53.846788041" lon="21.469141254" /><trkpt lat="53.846774272" lon="21.469137604" /><trkpt lat="53.846760787" lon="21.469133845" /><trkpt lat="53.846747614" lon="21.469129946" /><trkpt lat="53.846734780" lon="21.469125876" /><trkpt lat="53.846722313" lon="21.469121606" /><trkpt lat="53.846710239" lon="21.469117105" /><trkpt lat="53.846699548" lon="21.469112999" /><trkpt lat="53.846688134" lon="21.469108729" /><trkpt lat="53.846676031" lon="21.469104299" /><trkpt lat="53.846663269" lon="21.469099714" /><trkpt lat="53.846649880" lon="21.469094976" /><trkpt lat="53.846635897" lon="21.469090090" /><trkpt lat="53.846621350" lon="21.469085060" /><trkpt lat="53.846606273" lon="21.469079889" /><trkpt lat="53.846590696" lon="21.469074581" /><trkpt lat="53.846574651" lon="21.469069140" /><trkpt lat="53.846558171" lon="21.469063569" /><trkpt lat="53.846541286" lon="21.469057873" /><trkpt lat="53.846524030" lon="21.469052056" /><trkpt lat="53.846506432" lon="21.469046120" /><trkpt lat="53.846488527" lon="21.469040071" /><trkpt lat="53.846470344" lon="21.469033911" /><trkpt lat="53.846451916" lon="21.469027645" /><trkpt lat="53.846433276" lon="21.469021276" /><trkpt lat="53.846414453" lon="21.469014808" /><trkpt lat="53.846395481" lon="21.469008245" /><trkpt lat="53.846376392" lon="21.469001591" /><trkpt lat="53.846357216" lon="21.468994849" /><trkpt lat="53.846337986" lon="21.468988024" /><trkpt lat="53.846318733" lon="21.468981119" /><trkpt lat="53.846299490" lon="21.468974137" /><trkpt lat="53.846280288" lon="21.468967084" /><trkpt lat="53.846261159" lon="21.468959962" /><trkpt lat="53.846242135" lon="21.468952775" /><trkpt lat="53.846223248" lon="21.468945528" /><trkpt lat="53.846204528" lon="21.468938223" /><trkpt lat="53.846186009" lon="21.468930866" /><trkpt lat="53.846167722" lon="21.468923459" /><trkpt lat="53.846149698" lon="21.468916006" /><trkpt lat="53.846131971" lon="21.468908511" /><trkpt lat="53.846114570" lon="21.468900979" /><trkpt lat="53.846097529" lon="21.468893412" /><trkpt lat="53.846080878" lon="21.468885815" /><trkpt lat="53.846064650" lon="21.468878191" /><trkpt lat="53.846048877" lon="21.468870544" /><trkpt lat="53.846033590" lon="21.468862878" /><trkpt lat="53.846018821" lon="21.468855197" /><trkpt lat="53.846004603" lon="21.468847505" /><trkpt lat="53.845990966" lon="21.468839805" /><trkpt lat="53.845977942" lon="21.468832101" /><trkpt lat="53.845965564" lon="21.468824398" /><trkpt lat="53.845953863" lon="21.468816698" /><trkpt lat="53.845945309" lon="21.468810897" /><trkpt lat="53.845936235" lon="21.468804743" /><trkpt lat="53.845926656" lon="21.468798246" /><trkpt lat="53.845916589" lon="21.468791417" /><trkpt lat="53.845906049" lon="21.468784267" /><trkpt lat="53.845895051" lon="21.468776808" /><trkpt lat="53.845883612" lon="21.468769051" /><trkpt lat="53.845871748" lon="21.468761006" /><trkpt lat="53.845859473" lon="21.468752684" /><trkpt lat="53.845846803" lon="21.468744098" /><trkpt lat="53.845833756" lon="21.468735257" /><trkpt lat="53.845820345" lon="21.468726173" /><trkpt lat="53.845806587" lon="21.468716857" /><trkpt lat="53.845792497" lon="21.468707319" /><trkpt lat="53.845778092" lon="21.468697572" /><trkpt lat="53.845763387" lon="21.468687626" /><trkpt lat="53.845748397" lon="21.468677493" /><trkpt lat="53.845733139" lon="21.468667182" /><trkpt lat="53.845717628" lon="21.468656706" /><trkpt lat="53.845701879" lon="21.468646075" /><trkpt lat="53.845685910" lon="21.468635301" /><trkpt lat="53.845669734" lon="21.468624394" /><trkpt lat="53.845653369" lon="21.468613366" /><trkpt lat="53.845636829" lon="21.468602227" /><trkpt lat="53.845620131" lon="21.468590990" /><trkpt lat="53.845603289" lon="21.468579664" /><trkpt lat="53.845586321" lon="21.468568261" /><trkpt lat="53.845569241" lon="21.468556792" /><trkpt lat="53.845552066" lon="21.468545268" /><trkpt lat="53.845534810" lon="21.468533700" /><trkpt lat="53.845517491" lon="21.468522099" /><trkpt lat="53.845500123" lon="21.468510477" /><trkpt lat="53.845482722" lon="21.468498844" /><trkpt lat="53.845465304" lon="21.468487211" /><trkpt lat="53.845447884" lon="21.468475590" /><trkpt lat="53.845430479" lon="21.468463991" /><trkpt lat="53.845413104" lon="21.468452426" /><trkpt lat="53.845395775" lon="21.468440905" /><trkpt lat="53.845378507" lon="21.468429441" /><trkpt lat="53.845361317" lon="21.468418043" /><trkpt lat="53.845344219" lon="21.468406723" /><trkpt lat="53.845327230" lon="21.468395491" /><trkpt lat="53.845310366" lon="21.468384360" /><trkpt lat="53.845293641" lon="21.468373340" /><trkpt lat="53.845277073" lon="21.468362442" /><trkpt lat="53.845260676" lon="21.468351678" /><trkpt lat="53.845244466" lon="21.468341057" /><trkpt lat="53.845228459" lon="21.468330592" /><trkpt lat="53.845212671" lon="21.468320294" /><trkpt lat="53.845197118" lon="21.468310173" /><trkpt lat="53.845181814" lon="21.468300240" /><trkpt lat="53.845166777" lon="21.468290508" /><trkpt lat="53.845152021" lon="21.468280986" /><trkpt lat="53.845137562" lon="21.468271685" /><trkpt lat="53.845123416" lon="21.468262618" /><trkpt lat="53.845109599" lon="21.468253794" /><trkpt lat="53.845096127" lon="21.468245226" /><trkpt lat="53.845083015" lon="21.468236923" /><trkpt lat="53.845070278" lon="21.468228898" /><trkpt lat="53.845057934" lon="21.468221161" /><trkpt lat="53.845045996" lon="21.468213723" /><trkpt lat="53.845034482" lon="21.468206596" /><trkpt lat="53.845023406" lon="21.468199790" /><trkpt lat="53.845005632" lon="21.468188832" /><trkpt lat="53.844988285" lon="21.468177971" /><trkpt lat="53.844971356" lon="21.468167192" /><trkpt lat="53.844954838" lon="21.468156480" /><trkpt lat="53.844938724" lon="21.468145821" /><trkpt lat="53.844923006" lon="21.468135201" /><trkpt lat="53.844907675" lon="21.468124603" /><trkpt lat="53.844892726" lon="21.468114015" /><trkpt lat="53.844878150" lon="21.468103421" /><trkpt lat="53.844863939" lon="21.468092806" /><trkpt lat="53.844850085" lon="21.468082156" /><trkpt lat="53.844836583" lon="21.468071456" /><trkpt lat="53.844823422" lon="21.468060692" /><trkpt lat="53.844810597" lon="21.468049849" /><trkpt lat="53.844798099" lon="21.468038911" /><trkpt lat="53.844785921" lon="21.468027865" /><trkpt lat="53.844774055" lon="21.468016696" /><trkpt lat="53.844762493" lon="21.468005389" /><trkpt lat="53.844751228" lon="21.467993930" /><trkpt lat="53.844740253" lon="21.467982303" /><trkpt lat="53.844729559" lon="21.467970495" /><trkpt lat="53.844719140" lon="21.467958490" /><trkpt lat="53.844708987" lon="21.467946274" /><trkpt lat="53.844699092" lon="21.467933832" /><trkpt lat="53.844689449" lon="21.467921150" /><trkpt lat="53.844680050" lon="21.467908212" /><trkpt lat="53.844670887" lon="21.467895005" /><trkpt lat="53.844661952" lon="21.467881513" /><trkpt lat="53.844653238" lon="21.467867722" /><trkpt lat="53.844644737" lon="21.467853617" /><trkpt lat="53.844636441" lon="21.467839183" /><trkpt lat="53.844628344" lon="21.467824407" /><trkpt lat="53.844620437" lon="21.467809273" /><trkpt lat="53.844612712" lon="21.467793766" /><trkpt lat="53.844605163" lon="21.467777872" /><trkpt lat="53.844597781" lon="21.467761576" /><trkpt lat="53.844590559" lon="21.467744864" /><trkpt lat="53.844583489" lon="21.467727721" /><trkpt lat="53.844579482" lon="21.467717578" /><trkpt lat="53.844575396" lon="21.467706857" /><trkpt lat="53.844571235" lon="21.467695574" /><trkpt lat="53.844567000" lon="21.467683747" /><trkpt lat="53.844562694" lon="21.467671392" /><trkpt lat="53.844558319" lon="21.467658527" /><trkpt lat="53.844553878" lon="21.467645167" /><trkpt lat="53.844549373" lon="21.467631330" /><trkpt lat="53.844544807" lon="21.467617033" /><trkpt lat="53.844540181" lon="21.467602293" /><trkpt lat="53.844535498" lon="21.467587126" /><trkpt lat="53.844530760" lon="21.467571549" /><trkpt lat="53.844525970" lon="21.467555580" /><trkpt lat="53.844521130" lon="21.467539234" /><trkpt lat="53.844516243" lon="21.467522529" /><trkpt lat="53.844511310" lon="21.467505482" /><trkpt lat="53.844506334" lon="21.467488110" /><trkpt lat="53.844501317" lon="21.467470429" /><trkpt lat="53.844496262" lon="21.467452456" /><trkpt lat="53.844491171" lon="21.467434209" /><trkpt lat="53.844486046" lon="21.467415703" /><trkpt lat="53.844480890" lon="21.467396956" /><trkpt lat="53.844475706" lon="21.467377985" /><trkpt lat="53.844470494" lon="21.467358806" /><trkpt lat="53.844465258" lon="21.467339437" /><trkpt lat="53.844460000" lon="21.467319894" /><trkpt lat="53.844454723" lon="21.467300195" /><trkpt lat="53.844449428" lon="21.467280355" /><trkpt lat="53.844444118" lon="21.467260392" /><trkpt lat="53.844438796" lon="21.467240322" /><trkpt lat="53.844433463" lon="21.467220164" /><trkpt lat="53.844428123" lon="21.467199932" /><trkpt lat="53.844422776" lon="21.467179645" /><trkpt lat="53.844417427" lon="21.467159319" /><trkpt lat="53.844412076" lon="21.467138971" /><trkpt lat="53.844406727" lon="21.467118618" /><trkpt lat="53.844401382" lon="21.467098276" /><trkpt lat="53.844396043" lon="21.467077963" /><trkpt lat="53.844390712" lon="21.467057695" /><trkpt lat="53.844385391" lon="21.467037490" /><trkpt lat="53.844380084" lon="21.467017364" /><trkpt lat="53.844374793" lon="21.466997333" /><trkpt lat="53.844369519" lon="21.466977415" /><trkpt lat="53.844364265" lon="21.466957627" /><trkpt lat="53.844359033" lon="21.466937986" /><trkpt lat="53.844353827" lon="21.466918508" /><trkpt lat="53.844348647" lon="21.466899210" /><trkpt lat="53.844343497" lon="21.466880109" /><trkpt lat="53.844338378" lon="21.466861222" /><trkpt lat="53.844333294" lon="21.466842566" /><trkpt lat="53.844328246" lon="21.466824157" /><trkpt lat="53.844323237" lon="21.466806013" /><trkpt lat="53.844318269" lon="21.466788151" /><trkpt lat="53.844313344" lon="21.466770586" /><trkpt lat="53.844308465" lon="21.466753337" /><trkpt lat="53.844303635" lon="21.466736419" /><trkpt lat="53.844298854" lon="21.466719850" /><trkpt lat="53.844294127" lon="21.466703647" /><trkpt lat="53.844289454" lon="21.466687827" /><trkpt lat="53.844284840" lon="21.466672405" /><trkpt lat="53.844280284" lon="21.466657400" /><trkpt lat="53.844275791" lon="21.466642828" /><trkpt lat="53.844271363" lon="21.466628706" /><trkpt lat="53.844267001" lon="21.466615050" /><trkpt lat="53.844262708" lon="21.466601879" /><trkpt lat="53.844258487" lon="21.466589207" /><trkpt lat="53.844254340" lon="21.466577053" /><trkpt lat="53.844248024" lon="21.466558913" /><trkpt lat="53.844241592" lon="21.466540711" /><trkpt lat="53.844235046" lon="21.466522460" /><trkpt lat="53.844228389" lon="21.466504174" /><trkpt lat="53.844221623" lon="21.466485865" /><trkpt lat="53.844214750" lon="21.466467546" /><trkpt lat="53.844207772" lon="21.466449231" /><trkpt lat="53.844200691" lon="21.466430932" /><trkpt lat="53.844193509" lon="21.466412663" /><trkpt lat="53.844186229" lon="21.466394436" /><trkpt lat="53.844178852" lon="21.466376265" /><trkpt lat="53.844171380" lon="21.466358162" /><trkpt lat="53.844163817" lon="21.466340141" /><trkpt lat="53.844156163" lon="21.466322214" /><trkpt lat="53.844148421" lon="21.466304395" /><trkpt lat="53.844140593" lon="21.466286697" /><trkpt lat="53.844132682" lon="21.466269133" /><trkpt lat="53.844124688" lon="21.466251716" /><trkpt lat="53.844116615" lon="21.466234458" /><trkpt lat="53.844108465" lon="21.466217373" /><trkpt lat="53.844100239" lon="21.466200474" /><trkpt lat="53.844091940" lon="21.466183774" /><trkpt lat="53.844083570" lon="21.466167286" /><trkpt lat="53.844075131" lon="21.466151023" /><trkpt lat="53.844066625" lon="21.466134998" /><trkpt lat="53.844058054" lon="21.466119224" /><trkpt lat="53.844049421" lon="21.466103715" /><trkpt lat="53.844040727" lon="21.466088482" /><trkpt lat="53.844031975" lon="21.466073540" /><trkpt lat="53.844023166" lon="21.466058900" /><trkpt lat="53.844014303" lon="21.466044577" /><trkpt lat="53.844005388" lon="21.466030584" /><trkpt lat="53.843996424" lon="21.466016932" /><trkpt lat="53.843987411" lon="21.466003636" /><trkpt lat="53.843978353" lon="21.465990709" /><trkpt lat="53.843969251" lon="21.465978163" /><trkpt lat="53.843960107" lon="21.465966011" /><trkpt lat="53.843950925" lon="21.465954267" /><trkpt lat="53.843941705" lon="21.465942943" /><trkpt lat="53.843932450" lon="21.465932053" /><trkpt lat="53.843923162" lon="21.465921610" /><trkpt lat="53.843913843" lon="21.465911626" /><trkpt lat="53.843904495" lon="21.465902115" /><trkpt lat="53.843895121" lon="21.465893090" /><trkpt lat="53.843885767" lon="21.465884333" /><trkpt lat="53.843876075" lon="21.465875237" /><trkpt lat="53.843866060" lon="21.465865809" /><trkpt lat="53.843855740" lon="21.465856060" /><trkpt lat="53.843845133" lon="21.465845998" /><trkpt lat="53.843834256" lon="21.465835634" /><trkpt lat="53.843823125" lon="21.465824976" /><trkpt lat="53.843811758" lon="21.465814034" /><trkpt lat="53.843800173" lon="21.465802817" /><trkpt lat="53.843788386" lon="21.465791335" /><trkpt lat="53.843776414" lon="21.465779597" /><trkpt lat="53.843764275" lon="21.465767612" /><trkpt lat="53.843751986" lon="21.465755389" /><trkpt lat="53.843739565" lon="21.465742939" /><trkpt lat="53.843727027" lon="21.465730270" /><trkpt lat="53.843714391" lon="21.465717391" /><trkpt lat="53.843701674" lon="21.465704313" /><trkpt lat="53.843688893" lon="21.465691044" /><trkpt lat="53.843676065" lon="21.465677594" /><trkpt lat="53.843663207" lon="21.465663972" /><trkpt lat="53.843650337" lon="21.465650188" /><trkpt lat="53.843637471" lon="21.465636251" /><trkpt lat="53.843624627" lon="21.465622169" /><trkpt lat="53.843611823" lon="21.465607954" /><trkpt lat="53.843599074" lon="21.465593613" /><trkpt lat="53.843586399" lon="21.465579157" /><trkpt lat="53.843573815" lon="21.465564594" /><trkpt lat="53.843561339" lon="21.465549935" /><trkpt lat="53.843548987" lon="21.465535187" /><trkpt lat="53.843536778" lon="21.465520362" /><trkpt lat="53.843524728" lon="21.465505468" /><trkpt lat="53.843512855" lon="21.465490514" /><trkpt lat="53.843501176" lon="21.465475510" /><trkpt lat="53.843489707" lon="21.465460465" /><trkpt lat="53.843478467" lon="21.465445389" /><trkpt lat="53.843467472" lon="21.465430291" /><trkpt lat="53.843456740" lon="21.465415180" /><trkpt lat="53.843446288" lon="21.465400065" /><trkpt lat="53.843436132" lon="21.465384957" /><trkpt lat="53.843426291" lon="21.465369864" /><trkpt lat="53.843416781" lon="21.465354796" /><trkpt lat="53.843407619" lon="21.465339762" /><trkpt lat="53.843398823" lon="21.465324771" /><trkpt lat="53.843390411" lon="21.465309833" /><trkpt lat="53.843382398" lon="21.465294957" /><trkpt lat="53.843372129" lon="21.465276092" /><trkpt lat="53.843361417" lon="21.465257658" /><trkpt lat="53.843350290" lon="21.465239654" /><trkpt lat="53.843338780" lon="21.465222077" /><trkpt lat="53.843326914" lon="21.465204927" /><trkpt lat="53.843314723" lon="21.465188201" /><trkpt lat="53.843302235" lon="21.465171897" /><trkpt lat="53.843289481" lon="21.465156014" /><trkpt lat="53.843276490" lon="21.465140549" /><trkpt lat="53.843263291" lon="21.465125501" /><trkpt lat="53.843249914" lon="21.465110868" /><trkpt lat="53.843236388" lon="21.465096647" /><trkpt lat="53.843222743" lon="21.465082837" /><trkpt lat="53.843209007" lon="21.465069437" /><trkpt lat="53.843195212" lon="21.465056444" /><trkpt lat="53.843181385" lon="21.465043856" /><trkpt lat="53.843167556" lon="21.465031672" /><trkpt lat="53.843153756" lon="21.465019889" /><trkpt lat="53.843140013" lon="21.465008506" /><trkpt lat="53.843126357" lon="21.464997521" /><trkpt lat="53.843112817" lon="21.464986932" /><trkpt lat="53.843099422" lon="21.464976737" /><trkpt lat="53.843086203" lon="21.464966935" /><trkpt lat="53.843073189" lon="21.464957522" /><trkpt lat="53.843060409" lon="21.464948499" /><trkpt lat="53.843047892" lon="21.464939861" /><trkpt lat="53.843035668" lon="21.464931609" /><trkpt lat="53.843023766" lon="21.464923739" /><trkpt lat="53.843012217" lon="21.464916251" /><trkpt lat="53.843001049" lon="21.464909141" /><trkpt lat="53.842990291" lon="21.464902409" /><trkpt lat="53.842979974" lon="21.464896052" /><trkpt lat="53.842970127" lon="21.464890069" /><trkpt lat="53.842960778" lon="21.464884457" /><trkpt lat="53.842951959" lon="21.464879215" /><trkpt lat="53.842943697" lon="21.464874953" /><trkpt lat="53.842934286" lon="21.464871234" /><trkpt lat="53.842923783" lon="21.464868039" /><trkpt lat="53.842912245" lon="21.464865351" /><trkpt lat="53.842899727" lon="21.464863150" /><trkpt lat="53.842886286" lon="21.464861420" /><trkpt lat="53.842871978" lon="21.464860141" /><trkpt lat="53.842856860" lon="21.464859296" /><trkpt lat="53.842840987" lon="21.464858866" /><trkpt lat="53.842824417" lon="21.464858833" /><trkpt lat="53.842807205" lon="21.464859179" /><trkpt lat="53.842789409" lon="21.464859886" /><trkpt lat="53.842771084" lon="21.464860936" /><trkpt lat="53.842752286" lon="21.464862310" /><trkpt lat="53.842733072" lon="21.464863991" /><trkpt lat="53.842713499" lon="21.464865959" /><trkpt lat="53.842693622" lon="21.464868198" /><trkpt lat="53.842673498" lon="21.464870688" /><trkpt lat="53.842653184" lon="21.464873412" /><trkpt lat="53.842632735" lon="21.464876352" /><trkpt lat="53.842612209" lon="21.464879488" /><trkpt lat="53.842591661" lon="21.464882804" /><trkpt lat="53.842571147" lon="21.464886280" /><trkpt lat="53.842550725" lon="21.464889900" /><trkpt lat="53.842530450" lon="21.464893643" /><trkpt lat="53.842510378" lon="21.464897494" /><trkpt lat="53.842490567" lon="21.464901432" /><trkpt lat="53.842471073" lon="21.464905440" /><trkpt lat="53.842451951" lon="21.464909500" /><trkpt lat="53.842433258" lon="21.464913594" /><trkpt lat="53.842415051" lon="21.464917703" /><trkpt lat="53.842397385" lon="21.464921810" /><trkpt lat="53.842380318" lon="21.464925895" /><trkpt lat="53.842363905" lon="21.464929942" /><trkpt lat="53.842348204" lon="21.464933931" /><trkpt lat="53.842333269" lon="21.464937845" /><trkpt lat="53.842319158" lon="21.464941665" /><trkpt lat="53.842305927" lon="21.464945374" /><trkpt lat="53.842293632" lon="21.464948952" /><trkpt lat="53.842284085" lon="21.464951800" /><trkpt lat="53.842273881" lon="21.464954866" /><trkpt lat="53.842263043" lon="21.464958145" /><trkpt lat="53.842251593" lon="21.464961629" /><trkpt lat="53.842239553" lon="21.464965314" /><trkpt lat="53.842226947" lon="21.464969191" /><trkpt lat="53.842213797" lon="21.464973255" /><trkpt lat="53.842200125" lon="21.464977499" /><trkpt lat="53.842185955" lon="21.464981918" /><trkpt lat="53.842171308" lon="21.464986503" /><trkpt lat="53.842156208" lon="21.464991250" /><trkpt lat="53.842140677" lon="21.464996150" /><trkpt lat="53.842124738" lon="21.465001199" /><trkpt lat="53.842108413" lon="21.465006390" /><trkpt lat="53.842091725" lon="21.465011716" /><trkpt lat="53.842074697" lon="21.465017170" /><trkpt lat="53.842057351" lon="21.465022747" /><trkpt lat="53.842039711" lon="21.465028440" /><trkpt lat="53.842021797" lon="21.465034242" /><trkpt lat="53.842003635" lon="21.465040147" /><trkpt lat="53.841985244" lon="21.465046149" /><trkpt lat="53.841966650" lon="21.465052241" /><trkpt lat="53.841947873" lon="21.465058416" /><trkpt lat="53.841928938" lon="21.465064669" /><trkpt lat="53.841909866" lon="21.465070993" /><trkpt lat="53.841890679" lon="21.465077381" /><trkpt lat="53.841871402" lon="21.465083827" /><trkpt lat="53.841852056" lon="21.465090324" /><trkpt lat="53.841832664" lon="21.465096866" /><trkpt lat="53.841813248" lon="21.465103447" /><trkpt lat="53.841793832" lon="21.465110061" /><trkpt lat="53.841774437" lon="21.465116700" /><trkpt lat="53.841755087" lon="21.465123358" /><trkpt lat="53.841735804" lon="21.465130029" /><trkpt lat="53.841716611" lon="21.465136707" /><trkpt lat="53.841697531" lon="21.465143384" /><trkpt lat="53.841678585" lon="21.465150056" /><trkpt lat="53.841659797" lon="21.465156714" /><trkpt lat="53.841641190" lon="21.465163353" /><trkpt lat="53.841622785" lon="21.465169966" /><trkpt lat="53.841604606" lon="21.465176547" /><trkpt lat="53.841586675" lon="21.465183090" /><trkpt lat="53.841569015" lon="21.465189587" /><trkpt lat="53.841551649" lon="21.465196033" /><trkpt lat="53.841534599" lon="21.465202421" /><trkpt lat="53.841517887" lon="21.465208745" /><trkpt lat="53.841501537" lon="21.465214997" /><trkpt lat="53.841485572" lon="21.465221173" /><trkpt lat="53.841470012" lon="21.465227265" /><trkpt lat="53.841454882" lon="21.465233266" /><trkpt lat="53.841437867" lon="21.465239786" /><trkpt lat="53.841420710" lon="21.465245820" /><trkpt lat="53.841403420" lon="21.465251382" /><trkpt lat="53.841386007" lon="21.465256485" /><trkpt lat="53.841368481" lon="21.465261144" /><trkpt lat="53.841350851" lon="21.465265370" /><trkpt lat="53.841333128" lon="21.465269179" /><trkpt lat="53.841315320" lon="21.465272583" /><trkpt lat="53.841297437" lon="21.465275595" /><trkpt lat="53.841279490" lon="21.465278229" /><trkpt lat="53.841261488" lon="21.465280498" /><trkpt lat="53.841243441" lon="21.465282417" /><trkpt lat="53.841225357" lon="21.465283997" /><trkpt lat="53.841207248" lon="21.465285253" /><trkpt lat="53.841189123" lon="21.465286198" /><trkpt lat="53.841170991" lon="21.465286846" /><trkpt lat="53.841152862" lon="21.465287210" /><trkpt lat="53.841134746" lon="21.465287302" /><trkpt lat="53.841116652" lon="21.465287138" /><trkpt lat="53.841098591" lon="21.465286729" /><trkpt lat="53.841080571" lon="21.465286090" /><trkpt lat="53.841062603" lon="21.465285234" /><trkpt lat="53.841044696" lon="21.465284174" /><trkpt lat="53.841026861" lon="21.465282925" /><trkpt lat="53.841009106" lon="21.465281498" /><trkpt lat="53.840991441" lon="21.465279908" /><trkpt lat="53.840973877" lon="21.465278167" /><trkpt lat="53.840956422" lon="21.465276291" /><trkpt lat="53.840939087" lon="21.465274291" /><trkpt lat="53.840921881" lon="21.465272181" /><trkpt lat="53.840904814" lon="21.465269975" /><trkpt lat="53.840887896" lon="21.465267686" /><trkpt lat="53.840871136" lon="21.465265327" /><trkpt lat="53.840854543" lon="21.465262912" /><trkpt lat="53.840838129" lon="21.465260455" /><trkpt lat="53.840821902" lon="21.465257968" /><trkpt lat="53.840805872" lon="21.465255466" /><trkpt lat="53.840790048" lon="21.465252961" /><trkpt lat="53.840774441" lon="21.465250467" /><trkpt lat="53.840759061" lon="21.465247997" /><trkpt lat="53.840743916" lon="21.465245565" /><trkpt lat="53.840729017" lon="21.465243185" /><trkpt lat="53.840714373" lon="21.465240869" /><trkpt lat="53.840699994" lon="21.465238631" /><trkpt lat="53.840686782" lon="21.465236464" /><trkpt lat="53.840673268" lon="21.465233992" /><trkpt lat="53.840659459" lon="21.465231226" /><trkpt lat="53.840645365" lon="21.465228175" /><trkpt lat="53.840630997" lon="21.465224850" /><trkpt lat="53.840616364" lon="21.465221259" /><trkpt lat="53.840601475" lon="21.465217414" /><trkpt lat="53.840586340" lon="21.465213324" /><trkpt lat="53.840570969" lon="21.465208998" /><trkpt lat="53.840555372" lon="21.465204447" /><trkpt lat="53.840539557" lon="21.465199681" /><trkpt lat="53.840523535" lon="21.465194710" /><trkpt lat="53.840507315" lon="21.465189542" /><trkpt lat="53.840490906" lon="21.465184190" /><trkpt lat="53.840474320" lon="21.465178661" /><trkpt lat="53.840457564" lon="21.465172966" /><trkpt lat="53.840440648" lon="21.465167116" /><trkpt lat="53.840423584" lon="21.465161119" /><trkpt lat="53.840406378" lon="21.465154986" /><trkpt lat="53.840389043" lon="21.465148727" /><trkpt lat="53.840371586" lon="21.465142352" /><trkpt lat="53.840354019" lon="21.465135869" /><trkpt lat="53.840336349" lon="21.465129291" /><trkpt lat="53.840318588" lon="21.465122625" /><trkpt lat="53.840300744" lon="21.465115883" /><trkpt lat="53.840282827" lon="21.465109074" /><trkpt lat="53.840264847" lon="21.465102207" /><trkpt lat="53.840246813" lon="21.465095294" /><trkpt lat="53.840228736" lon="21.465088343" /><trkpt lat="53.840210624" lon="21.465081365" /><trkpt lat="53.840192487" lon="21.465074370" /><trkpt lat="53.840174336" lon="21.465067367" /><trkpt lat="53.840156179" lon="21.465060366" /><trkpt lat="53.840138025" lon="21.465053378" /><trkpt lat="53.840119886" lon="21.465046411" /><trkpt lat="53.840101770" lon="21.465039477" /><trkpt lat="53.840083687" lon="21.465032584" /><trkpt lat="53.840065647" lon="21.465025744" /><trkpt lat="53.840047658" lon="21.465018965" /><trkpt lat="53.840029732" lon="21.465012257" /><trkpt lat="53.840011877" lon="21.465005631" /><trkpt lat="53.839994103" lon="21.464999097" /><trkpt lat="53.839976420" lon="21.464992664" /><trkpt lat="53.839958837" lon="21.464986342" /><trkpt lat="53.839941364" lon="21.464980141" /><trkpt lat="53.839924010" lon="21.464974071" /><trkpt lat="53.839906786" lon="21.464968142" /><trkpt lat="53.839889700" lon="21.464962363" /><trkpt lat="53.839868624" lon="21.464954954" /><trkpt lat="53.839848362" lon="21.464947136" /><trkpt lat="53.839828895" lon="21.464938922" /><trkpt lat="53.839810200" lon="21.464930327" /><trkpt lat="53.839792259" lon="21.464921365" /><trkpt lat="53.839775050" lon="21.464912049" /><trkpt lat="53.839758552" lon="21.464902395" /><trkpt lat="53.839742745" lon="21.464892415" /><trkpt lat="53.839727609" lon="21.464882125" /><trkpt lat="53.839713122" lon="21.464871538" /><trkpt lat="53.839699265" lon="21.464860668" /><trkpt lat="53.839686016" lon="21.464849530" /><trkpt lat="53.839673355" lon="21.464838137" /><trkpt lat="53.839661262" lon="21.464826503" /><trkpt lat="53.839649716" lon="21.464814643" /><trkpt lat="53.839638696" lon="21.464802571" /><trkpt lat="53.839628181" lon="21.464790300" /><trkpt lat="53.839618152" lon="21.464777846" /><trkpt lat="53.839608587" lon="21.464765221" /><trkpt lat="53.839599465" lon="21.464752440" /><trkpt lat="53.839590768" lon="21.464739517" /><trkpt lat="53.839582472" lon="21.464726466" /><trkpt lat="53.839574559" lon="21.464713302" /><trkpt lat="53.839567008" lon="21.464700038" /><trkpt lat="53.839559797" lon="21.464686688" /><trkpt lat="53.839552907" lon="21.464673267" /><trkpt lat="53.839546316" lon="21.464659788" /><trkpt lat="53.839540005" lon="21.464646265" /><trkpt lat="53.839533952" lon="21.464632714" /><trkpt lat="53.839528137" lon="21.464619147" /><trkpt lat="53.839522539" lon="21.464605579" /><trkpt lat="53.839517139" lon="21.464592024" /><trkpt lat="53.839511914" lon="21.464578495" /><trkpt lat="53.839506845" lon="21.464565008" /><trkpt lat="53.839501911" lon="21.464551576" /><trkpt lat="53.839497091" lon="21.464538214" /><trkpt lat="53.839492365" lon="21.464524934" /><trkpt lat="53.839487712" lon="21.464511752" /><trkpt lat="53.839483741" lon="21.464500371" /><trkpt lat="53.839479637" lon="21.464488418" /><trkpt lat="53.839475404" lon="21.464475915" /><trkpt lat="53.839471045" lon="21.464462885" /><trkpt lat="53.839466563" lon="21.464449351" /><trkpt lat="53.839461962" lon="21.464435337" /><trkpt lat="53.839457244" lon="21.464420866" /><trkpt lat="53.839452415" lon="21.464405961" /><trkpt lat="53.839447475" lon="21.464390645" /><trkpt lat="53.839442430" lon="21.464374941" /><trkpt lat="53.839437283" lon="21.464358872" /><trkpt lat="53.839432035" lon="21.464342462" /><trkpt lat="53.839426692" lon="21.464325734" /><trkpt lat="53.839421257" lon="21.464308710" /><trkpt lat="53.839415732" lon="21.464291414" /><trkpt lat="53.839410121" lon="21.464273869" /><trkpt lat="53.839404427" lon="21.464256098" /><trkpt lat="53.839398654" lon="21.464238124" /><trkpt lat="53.839392805" lon="21.464219971" /><trkpt lat="53.839386884" lon="21.464201661" /><trkpt lat="53.839380893" lon="21.464183218" /><trkpt lat="53.839374836" lon="21.464164664" /><trkpt lat="53.839368717" lon="21.464146024" /><trkpt lat="53.839362538" lon="21.464127320" /><trkpt lat="53.839356303" lon="21.464108575" /><trkpt lat="53.839350016" lon="21.464089812" /><trkpt lat="53.839343680" lon="21.464071054" /><trkpt lat="53.839337297" lon="21.464052326" /><trkpt lat="53.839330872" lon="21.464033649" /><trkpt lat="53.839324407" lon="21.464015047" /><trkpt lat="53.839317907" lon="21.463996543" /><trkpt lat="53.839311374" lon="21.463978160" /><trkpt lat="53.839304812" lon="21.463959921" /><trkpt lat="53.839298224" lon="21.463941850" /><trkpt lat="53.839291613" lon="21.463923969" /><trkpt lat="53.839284983" lon="21.463906302" /><trkpt lat="53.839278336" lon="21.463888872" /><trkpt lat="53.839271678" lon="21.463871702" /><trkpt lat="53.839265010" lon="21.463854815" /><trkpt lat="53.839258336" lon="21.463838234" /><trkpt lat="53.839251659" lon="21.463821983" /><trkpt lat="53.839244984" lon="21.463806084" /><trkpt lat="53.839238312" lon="21.463790561" /><trkpt lat="53.839231648" lon="21.463775436" /><trkpt lat="53.839224994" lon="21.463760734" /><trkpt lat="53.839220405" lon="21.463750653" /><trkpt lat="53.839215703" lon="21.463740167" /><trkpt lat="53.839210893" lon="21.463729286" /><trkpt lat="53.839205976" lon="21.463718019" /><trkpt lat="53.839200958" lon="21.463706374" /><trkpt lat="53.839195841" lon="21.463694362" /><trkpt lat="53.839190627" lon="21.463681990" /><trkpt lat="53.839185322" lon="21.463669268" /><trkpt lat="53.839179927" lon="21.463656205" /><trkpt lat="53.839174446" lon="21.463642811" /><trkpt lat="53.839168883" lon="21.463629094" /><trkpt lat="53.839163241" lon="21.463615064" /><trkpt lat="53.839157523" lon="21.463600730" /><trkpt lat="53.839151732" lon="21.463586100" /><trkpt lat="53.839145872" lon="21.463571184" /><trkpt lat="53.839139946" lon="21.463555992" /><trkpt lat="53.839133957" lon="21.463540531" /><trkpt lat="53.839127909" lon="21.463524812" /><trkpt lat="53.839121805" lon="21.463508843" /><trkpt lat="53.839115648" lon="21.463492634" /><trkpt lat="53.839109441" lon="21.463476194" /><trkpt lat="53.839103189" lon="21.463459531" /><trkpt lat="53.839096893" lon="21.463442656" /><trkpt lat="53.839090558" lon="21.463425576" /><trkpt lat="53.839084187" lon="21.463408302" /><trkpt lat="53.839077782" lon="21.463390842" /><trkpt lat="53.839071348" lon="21.463373206" /><trkpt lat="53.839064888" lon="21.463355402" /><trkpt lat="53.839058405" lon="21.463337439" /><trkpt lat="53.839051901" lon="21.463319328" /><trkpt lat="53.839045382" lon="21.463301076" /><trkpt lat="53.839038849" lon="21.463282694" /><trkpt lat="53.839032306" lon="21.463264190" /><trkpt lat="53.839025757" lon="21.463245573" /><trkpt lat="53.839019205" lon="21.463226852" /><trkpt lat="53.839012653" lon="21.463208037" /><trkpt lat="53.839006104" lon="21.463189137" /><trkpt lat="53.838999561" lon="21.463170161" /><trkpt lat="53.838993029" lon="21.463151117" /><trkpt lat="53.838986510" lon="21.463132016" /><trkpt lat="53.838980007" lon="21.463112866" /><trkpt lat="53.838973525" lon="21.463093676" /><trkpt lat="53.838967066" lon="21.463074455" /><trkpt lat="53.838960633" lon="21.463055213" /><trkpt lat="53.838954230" lon="21.463035959" /><trkpt lat="53.838947860" lon="21.463016702" /><trkpt lat="53.838941526" lon="21.462997450" /><trkpt lat="53.838935232" lon="21.462978214" /><trkpt lat="53.838928981" lon="21.462959001" /><trkpt lat="53.838922777" lon="21.462939823" /><trkpt lat="53.838916622" lon="21.462920686" /><trkpt lat="53.838910519" lon="21.462901601" /><trkpt lat="53.838904474" lon="21.462882577" /><trkpt lat="53.838898487" lon="21.462863622" /><trkpt lat="53.838892564" lon="21.462844747" /><trkpt lat="53.838886706" lon="21.462825959" /><trkpt lat="53.838880918" lon="21.462807269" /><trkpt lat="53.838875203" lon="21.462788685" /><trkpt lat="53.838869564" lon="21.462770216" /><trkpt lat="53.838864004" lon="21.462751872" /><trkpt lat="53.838858527" lon="21.462733662" /><trkpt lat="53.838853136" lon="21.462715594" /><trkpt lat="53.838847834" lon="21.462697679" /><trkpt lat="53.838842624" lon="21.462679924" /><trkpt lat="53.838837511" lon="21.462662340" /><trkpt lat="53.838832496" lon="21.462644935" /><trkpt lat="53.838826025" lon="21.462622694" /><trkpt lat="53.838819461" lon="21.462600777" /><trkpt lat="53.838812807" lon="21.462579180" /><trkpt lat="53.838806063" lon="21.462557901" /><trkpt lat="53.838799233" lon="21.462536934" /><trkpt lat="53.838792317" lon="21.462516276" /><trkpt lat="53.838785319" lon="21.462495924" /><trkpt lat="53.838778240" lon="21.462475873" /><trkpt lat="53.838771082" lon="21.462456120" /><trkpt lat="53.838763847" lon="21.462436661" /><trkpt lat="53.838756537" lon="21.462417492" /><trkpt lat="53.838749154" lon="21.462398610" /><trkpt lat="53.838741700" lon="21.462380011" /><trkpt lat="53.838734178" lon="21.462361691" /><trkpt lat="53.838726588" lon="21.462343646" /><trkpt lat="53.838718934" lon="21.462325873" /><trkpt lat="53.838711217" lon="21.462308367" /><trkpt lat="53.838703439" lon="21.462291125" /><trkpt lat="53.838695603" lon="21.462274144" /><trkpt lat="53.838687709" lon="21.462257419" /><trkpt lat="53.838679760" lon="21.462240947" /><trkpt lat="53.838671759" lon="21.462224724" /><trkpt lat="53.838663707" lon="21.462208746" /><trkpt lat="53.838655606" lon="21.462193009" /><trkpt lat="53.838647458" lon="21.462177510" /><trkpt lat="53.838639266" lon="21.462162245" /><trkpt lat="53.838631031" lon="21.462147210" /><trkpt lat="53.838622754" lon="21.462132401" /><trkpt lat="53.838614439" lon="21.462117815" /><trkpt lat="53.838606088" lon="21.462103448" /><trkpt lat="53.838597701" lon="21.462089296" /><trkpt lat="53.838589282" lon="21.462075356" /><trkpt lat="53.838580832" lon="21.462061623" /><trkpt lat="53.838572353" lon="21.462048093" /><trkpt lat="53.838563847" lon="21.462034764" /><trkpt lat="53.838555317" lon="21.462021631" /><trkpt lat="53.838546763" lon="21.462008691" /><trkpt lat="53.838538189" lon="21.461995940" /><trkpt lat="53.838529597" lon="21.461983373" /><trkpt lat="53.838520987" lon="21.461970988" /><trkpt lat="53.838512363" lon="21.461958780" /><trkpt lat="53.838503726" lon="21.461946746" /><trkpt lat="53.838495078" lon="21.461934882" /><trkpt lat="53.838486422" lon="21.461923184" /><trkpt lat="53.838477759" lon="21.461911648" /><trkpt lat="53.838469091" lon="21.461900272" /><trkpt lat="53.838460420" lon="21.461889050" /><trkpt lat="53.838451749" lon="21.461877979" /><trkpt lat="53.838443079" lon="21.461867056" /><trkpt lat="53.838434412" lon="21.461856276" /><trkpt lat="53.838425750" lon="21.461845636" /><trkpt lat="53.838413290" lon="21.461831024" /><trkpt lat="53.838400452" lon="21.461817123" /><trkpt lat="53.838387257" lon="21.461803913" /><trkpt lat="53.838373722" lon="21.461791374" /><trkpt lat="53.838359866" lon="21.461779485" /><trkpt lat="53.838345708" lon="21.461768225" /><trkpt lat="53.838331267" lon="21.461757573" /><trkpt lat="53.838316561" lon="21.461747509" /><trkpt lat="53.838301609" lon="21.461738013" /><trkpt lat="53.838286430" lon="21.461729062" /><trkpt lat="53.838271043" lon="21.461720638" /><trkpt lat="53.838255466" lon="21.461712718" /><trkpt lat="53.838239718" lon="21.461705283" /><trkpt lat="53.838223817" lon="21.461698311" /><trkpt lat="53.838207784" lon="21.461691782" /><trkpt lat="53.838191635" lon="21.461685675" /><trkpt lat="53.838175390" lon="21.461679970" /><trkpt lat="53.838159068" lon="21.461674646" /><trkpt lat="53.838142688" lon="21.461669681" /><trkpt lat="53.838126267" lon="21.461665056" /><trkpt lat="53.838109826" lon="21.461660750" /><trkpt lat="53.838093381" lon="21.461656742" /><trkpt lat="53.838076954" lon="21.461653011" /><trkpt lat="53.838060561" lon="21.461649537" /><trkpt lat="53.838044222" lon="21.461646299" /><trkpt lat="53.838027955" lon="21.461643276" /><trkpt lat="53.838011779" lon="21.461640447" /><trkpt lat="53.837995714" lon="21.461637793" /><trkpt lat="53.837979777" lon="21.461635291" /><trkpt lat="53.837963987" lon="21.461632922" /><trkpt lat="53.837948364" lon="21.461630665" /><trkpt lat="53.837932925" lon="21.461628499" /><trkpt lat="53.837917690" lon="21.461626403" /><trkpt lat="53.837902677" lon="21.461624357" /><trkpt lat="53.837887905" lon="21.461622340" /><trkpt lat="53.837873393" lon="21.461620331" /><trkpt lat="53.837857611" lon="21.461618121" /><trkpt lat="53.837841636" lon="21.461615877" /><trkpt lat="53.837825478" lon="21.461613594" /><trkpt lat="53.837809143" lon="21.461611268" /><trkpt lat="53.837792641" lon="21.461608895" /><trkpt lat="53.837775979" lon="21.461606470" /><trkpt lat="53.837759166" lon="21.461603989" /><trkpt lat="53.837742209" lon="21.461601447" /><trkpt lat="53.837725117" lon="21.461598839" /><trkpt lat="53.837707899" lon="21.461596161" /><trkpt lat="53.837690562" lon="21.461593409" /><trkpt lat="53.837673114" lon="21.461590579" /><trkpt lat="53.837655564" lon="21.461587665" /><trkpt lat="53.837637920" lon="21.461584663" /><trkpt lat="53.837620190" lon="21.461581569" /><trkpt lat="53.837602383" lon="21.461578378" /><trkpt lat="53.837584506" lon="21.461575086" /><trkpt lat="53.837566567" lon="21.461571688" /><trkpt lat="53.837548576" lon="21.461568180" /><trkpt lat="53.837530539" lon="21.461564558" /><trkpt lat="53.837512466" lon="21.461560816" /><trkpt lat="53.837494364" lon="21.461556951" /><trkpt lat="53.837476242" lon="21.461552958" /><trkpt lat="53.837458108" lon="21.461548832" /><trkpt lat="53.837439970" lon="21.461544569" /><trkpt lat="53.837421836" lon="21.461540165" /><trkpt lat="53.837403714" lon="21.461535615" /><trkpt lat="53.837385613" lon="21.461530914" /><trkpt lat="53.837367541" lon="21.461526058" /><trkpt lat="53.837349506" lon="21.461521043" /><trkpt lat="53.837331516" lon="21.461515864" /><trkpt lat="53.837313580" lon="21.461510516" /><trkpt lat="53.837295704" lon="21.461504996" /><trkpt lat="53.837284559" lon="21.461501233" /><trkpt lat="53.837272942" lon="21.461496815" /><trkpt lat="53.837260875" lon="21.461491764" /><trkpt lat="53.837248378" lon="21.461486104" /><trkpt lat="53.837235473" lon="21.461479857" /><trkpt lat="53.837222179" lon="21.461473048" /><trkpt lat="53.837208517" lon="21.461465700" /><trkpt lat="53.837194508" lon="21.461457835" /><trkpt lat="53.837180173" lon="21.461449477" /><trkpt lat="53.837165533" lon="21.461440648" /><trkpt lat="53.837150607" lon="21.461431373" /><trkpt lat="53.837135417" lon="21.461421674" /><trkpt lat="53.837119984" lon="21.461411575" /><trkpt lat="53.837104328" lon="21.461401099" /><trkpt lat="53.837088470" lon="21.461390268" /><trkpt lat="53.837072430" lon="21.461379107" /><trkpt lat="53.837056230" lon="21.461367638" /><trkpt lat="53.837039889" lon="21.461355885" /><trkpt lat="53.837023429" lon="21.461343870" /><trkpt lat="53.837006870" lon="21.461331618" /><trkpt lat="53.836990234" lon="21.461319150" /><trkpt lat="53.836973540" lon="21.461306491" /><trkpt lat="53.836956809" lon="21.461293664" /><trkpt lat="53.836940062" lon="21.461280691" /><trkpt lat="53.836923320" lon="21.461267596" /><trkpt lat="53.836906603" lon="21.461254403" /><trkpt lat="53.836889933" lon="21.461241134" /><trkpt lat="53.836873329" lon="21.461227812" /><trkpt lat="53.836856812" lon="21.461214461" /><trkpt lat="53.836840404" lon="21.461201104" /><trkpt lat="53.836824124" lon="21.461187764" /><trkpt lat="53.836807994" lon="21.461174465" /><trkpt lat="53.836792035" lon="21.461161229" /><trkpt lat="53.836776266" lon="21.461148080" /><trkpt lat="53.836760708" lon="21.461135041" /><trkpt lat="53.836745383" lon="21.461122135" /><trkpt lat="53.836730311" lon="21.461109386" /><trkpt lat="53.836715513" lon="21.461096816" /><trkpt lat="53.836701008" lon="21.461084449" /><trkpt lat="53.836686819" lon="21.461072308" /><trkpt lat="53.836672965" lon="21.461060416" /><trkpt lat="53.836659468" lon="21.461048796" /><trkpt lat="53.836646348" lon="21.461037472" /><trkpt lat="53.836633626" lon="21.461026466" /><trkpt lat="53.836621321" lon="21.461015803" /><trkpt lat="53.836609457" lon="21.461005505" /><trkpt lat="53.836598051" lon="21.460995595" /><trkpt lat="53.836587127" lon="21.460986097" /><trkpt lat="53.836576703" lon="21.460977033" /><trkpt lat="53.836566802" lon="21.460968428" /><trkpt lat="53.836557442" lon="21.460960304" /><trkpt lat="53.836548647" lon="21.460952684" /><trkpt lat="53.836540435" lon="21.460945591" /><trkpt lat="53.836532827" lon="21.460939050" /><trkpt lat="53.836522074" lon="21.460930361" /><trkpt lat="53.836510579" lon="21.460922076" /><trkpt lat="53.836498377" lon="21.460914186" /><trkpt lat="53.836485502" lon="21.460906683" /><trkpt lat="53.836471988" lon="21.460899559" /><trkpt lat="53.836457871" lon="21.460892804" /><trkpt lat="53.836443185" lon="21.460886411" /><trkpt lat="53.836427964" lon="21.460880370" /><trkpt lat="53.836412242" lon="21.460874674" /><trkpt lat="53.836396054" lon="21.460869314" /><trkpt lat="53.836379434" lon="21.460864281" /><trkpt lat="53.836362417" lon="21.460859567" /><trkpt lat="53.836345038" lon="21.460855163" /><trkpt lat="53.836327330" lon="21.460851060" /><trkpt lat="53.836309328" lon="21.460847252" /><trkpt lat="53.836291067" lon="21.460843727" /><trkpt lat="53.836272581" lon="21.460840480" /><trkpt lat="53.836253904" lon="21.460837500" /><trkpt lat="53.836235071" lon="21.460834779" /><trkpt lat="53.836216117" lon="21.460832309" /><trkpt lat="53.836197075" lon="21.460830081" /><trkpt lat="53.836177981" lon="21.460828087" /><trkpt lat="53.836158868" lon="21.460826318" /><trkpt lat="53.836139771" lon="21.460824766" /><trkpt lat="53.836120725" lon="21.460823422" /><trkpt lat="53.836101763" lon="21.460822278" /><trkpt lat="53.836082922" lon="21.460821326" /><trkpt lat="53.836064234" lon="21.460820555" /><trkpt lat="53.836045734" lon="21.460819960" /><trkpt lat="53.836027457" lon="21.460819529" /><trkpt lat="53.836009437" lon="21.460819256" /><trkpt lat="53.835991709" lon="21.460819132" /><trkpt lat="53.835974307" lon="21.460819148" /><trkpt lat="53.835957265" lon="21.460819295" /><trkpt lat="53.835940618" lon="21.460819566" /><trkpt lat="53.835924401" lon="21.460819952" /><trkpt lat="53.835908648" lon="21.460820443" /><trkpt lat="53.835893392" lon="21.460821033" /><trkpt lat="53.835874593" lon="21.460821430" /><trkpt lat="53.835856176" lon="21.460821029" /><trkpt lat="53.835838135" lon="21.460819855" /><trkpt lat="53.835820460" lon="21.460817931" /><trkpt lat="53.835803145" lon="21.460815283" /><trkpt lat="53.835786182" lon="21.460811934" /><trkpt lat="53.835769562" lon="21.460807910" /><trkpt lat="53.835753279" lon="21.460803234" /><trkpt lat="53.835737325" lon="21.460797931" /><trkpt lat="53.835721691" lon="21.460792025" /><trkpt lat="53.835706370" lon="21.460785541" /><trkpt lat="53.835691354" lon="21.460778503" /><trkpt lat="53.835676636" lon="21.460770937" /><trkpt lat="53.835662208" lon="21.460762865" /><trkpt lat="53.835648062" lon="21.460754313" /><trkpt lat="53.835634190" lon="21.460745304" /><trkpt lat="53.835620585" lon="21.460735865" /><trkpt lat="53.835607239" lon="21.460726018" /><trkpt lat="53.835594144" lon="21.460715789" /><trkpt lat="53.835581292" lon="21.460705201" /><trkpt lat="53.835568676" lon="21.460694279" /><trkpt lat="53.835556288" lon="21.460683049" /><trkpt lat="53.835544120" lon="21.460671533" /><trkpt lat="53.835532164" lon="21.460659757" /><trkpt lat="53.835520413" lon="21.460647744" /><trkpt lat="53.835508860" lon="21.460635521" /><trkpt lat="53.835497495" lon="21.460623110" /><trkpt lat="53.835486312" lon="21.460610536" /><trkpt lat="53.835475302" lon="21.460597824" /><trkpt lat="53.835464459" lon="21.460584998" /><trkpt lat="53.835456737" lon="21.460575784" /><trkpt lat="53.835448599" lon="21.460566119" /><trkpt lat="53.835440060" lon="21.460556024" /><trkpt lat="53.835431137" lon="21.460545516" /><trkpt lat="53.835421844" lon="21.460534617" /><trkpt lat="53.835412198" lon="21.460523344" /><trkpt lat="53.835402213" lon="21.460511718" /><trkpt lat="53.835391906" lon="21.460499758" /><trkpt lat="53.835381291" lon="21.460487483" /><trkpt lat="53.835370385" lon="21.460474914" /><trkpt lat="53.835359202" lon="21.460462068" /><trkpt lat="53.835347759" lon="21.460448967" /><trkpt lat="53.835336071" lon="21.460435628" /><trkpt lat="53.835324153" lon="21.460422073" /><trkpt lat="53.835312021" lon="21.460408319" /><trkpt lat="53.835299690" lon="21.460394387" /><trkpt lat="53.835287177" lon="21.460380295" /><trkpt lat="53.835274496" lon="21.460366064" /><trkpt lat="53.835261663" lon="21.460351713" /><trkpt lat="53.835248694" lon="21.460337261" /><trkpt lat="53.835235604" lon="21.460322727" /><trkpt lat="53.835222409" lon="21.460308132" /><trkpt lat="53.835209123" lon="21.460293494" /><trkpt lat="53.835195764" lon="21.460278833" /><trkpt lat="53.835182345" lon="21.460264168" /><trkpt lat="53.835168884" lon="21.460249520" /><trkpt lat="53.835155394" lon="21.460234906" /><trkpt lat="53.835141893" lon="21.460220347" /><trkpt lat="53.835128395" lon="21.460205862" /><trkpt lat="53.835114915" lon="21.460191471" /><trkpt lat="53.835101470" lon="21.460177192" /><trkpt lat="53.835088076" lon="21.460163046" /><trkpt lat="53.835074746" lon="21.460149052" /><trkpt lat="53.835061497" lon="21.460135229" /><trkpt lat="53.835048345" lon="21.460121597" /><trkpt lat="53.835035305" lon="21.460108175" /><trkpt lat="53.835022393" lon="21.460094982" /><trkpt lat="53.835009624" lon="21.460082038" /><trkpt lat="53.834997013" lon="21.460069363" /><trkpt lat="53.834984576" lon="21.460056975" /><trkpt lat="53.834972330" lon="21.460044895" /><trkpt lat="53.834960288" lon="21.460033142" /><trkpt lat="53.834948467" lon="21.460021734" /><trkpt lat="53.834938029" lon="21.460011683" /><trkpt lat="53.834927271" lon="21.460001247" /><trkpt lat="53.834916209" lon="21.459990442" /><trkpt lat="53.834904857" lon="21.459979287" /><trkpt lat="53.834893232" lon="21.459967798" /><trkpt lat="53.834881349" lon="21.459955993" /><trkpt lat="53.834869225" lon="21.459943888" /><trkpt lat="53.834856875" lon="21.459931500" /><trkpt lat="53.834844314" lon="21.459918847" /><trkpt lat="53.834831559" lon="21.459905946" /><trkpt lat="53.834818625" lon="21.459892813" /><trkpt lat="53.834805528" lon="21.459879467" /><trkpt lat="53.834792284" lon="21.459865923" /><trkpt lat="53.834778908" lon="21.459852200" /><trkpt lat="53.834765416" lon="21.459838314" /><trkpt lat="53.834751824" lon="21.459824282" /><trkpt lat="53.834738148" lon="21.459810121" /><trkpt lat="53.834724403" lon="21.459795850" /><trkpt lat="53.834710605" lon="21.459781483" /><trkpt lat="53.834696771" lon="21.459767040" /><trkpt lat="53.834682914" lon="21.459752536" /><trkpt lat="53.834669052" lon="21.459737989" /><trkpt lat="53.834655201" lon="21.459723416" /><trkpt lat="53.834641375" lon="21.459708834" /><trkpt lat="53.834627590" lon="21.459694261" /><trkpt lat="53.834613863" lon="21.459679713" /><trkpt lat="53.834600209" lon="21.459665207" /><trkpt lat="53.834586644" lon="21.459650760" /><trkpt lat="53.834573183" lon="21.459636391" /><trkpt lat="53.834559843" lon="21.459622115" /><trkpt lat="53.834546638" lon="21.459607950" /><trkpt lat="53.834533585" lon="21.459593912" /><trkpt lat="53.834520700" lon="21.459580020" /><trkpt lat="53.834507998" lon="21.459566290" /><trkpt lat="53.834495495" lon="21.459552739" /><trkpt lat="53.834483207" lon="21.459539384" /><trkpt lat="53.834471149" lon="21.459526243" /><trkpt lat="53.834459338" lon="21.459513332" /><trkpt lat="53.834447788" lon="21.459500668" /><trkpt lat="53.834436516" lon="21.459488270" /><trkpt lat="53.834425538" lon="21.459476153" /><trkpt lat="53.834414868" lon="21.459464335" /><trkpt lat="53.834404524" lon="21.459452833" /><trkpt lat="53.834394520" lon="21.459441665" /><trkpt lat="53.834384873" lon="21.459430846" /><trkpt lat="53.834375597" lon="21.459420395" /><trkpt lat="53.834366710" lon="21.459410328" /><trkpt lat="53.834358226" lon="21.459400662" /><trkpt lat="53.834350162" lon="21.459391415" /><trkpt lat="53.834338902" lon="21.459378818" /><trkpt lat="53.834327124" lon="21.459366319" /><trkpt lat="53.834314857" lon="21.459353925" /><trkpt lat="53.834302134" lon="21.459341644" /><trkpt lat="53.834288985" lon="21.459329482" /><trkpt lat="53.834275442" lon="21.459317445" /><trkpt lat="53.834261536" lon="21.459305542" /><trkpt lat="53.834247298" lon="21.459293777" /><trkpt lat="53.834232759" lon="21.459282158" /><trkpt lat="53.834217951" lon="21.459270692" /><trkpt lat="53.834202905" lon="21.459259386" /><trkpt lat="53.834187652" lon="21.459248246" /><trkpt lat="53.834172224" lon="21.459237279" /><trkpt lat="53.834156651" lon="21.459226491" /><trkpt lat="53.834140964" lon="21.459215891" /><trkpt lat="53.834125196" lon="21.459205483" /><trkpt lat="53.834109377" lon="21.459195276" /><trkpt lat="53.834093539" lon="21.459185275" /><trkpt lat="53.834077712" lon="21.459175489" /><trkpt lat="53.834061928" lon="21.459165922" /><trkpt lat="53.834046219" lon="21.459156582" /><trkpt lat="53.834030615" lon="21.459147477" /><trkpt lat="53.834015147" lon="21.459138612" /><trkpt lat="53.833999848" lon="21.459129994" /><trkpt lat="53.833984748" lon="21.459121630" /><trkpt lat="53.833969878" lon="21.459113528" /><trkpt lat="53.833955269" lon="21.459105692" /><trkpt lat="53.833940954" lon="21.459098132" /><trkpt lat="53.833926962" lon="21.459090852" /><trkpt lat="53.833913326" lon="21.459083860" /><trkpt lat="53.833900076" lon="21.459077163" /><trkpt lat="53.833887244" lon="21.459070768" /><trkpt lat="53.833874861" lon="21.459064680" /><trkpt lat="53.833862958" lon="21.459058908" /><trkpt lat="53.833851567" lon="21.459053457" /><trkpt lat="53.833838471" lon="21.459047139" /><trkpt lat="53.833825161" lon="21.459040538" /><trkpt lat="53.833811665" lon="21.459033675" /><trkpt lat="53.833798012" lon="21.459026571" /><trkpt lat="53.833784230" lon="21.459019246" /><trkpt lat="53.833770348" lon="21.459011722" /><trkpt lat="53.833756394" lon="21.459004018" /><trkpt lat="53.833742397" lon="21.458996157" /><trkpt lat="53.833728385" lon="21.458988158" /><trkpt lat="53.833714387" lon="21.458980044" /><trkpt lat="53.833700431" lon="21.458971834" /><trkpt lat="53.833686545" lon="21.458963549" /><trkpt lat="53.833672759" lon="21.458955211" /><trkpt lat="53.833659101" lon="21.458946840" /><trkpt lat="53.833645598" lon="21.458938457" /><trkpt lat="53.833632281" lon="21.458930083" /><trkpt lat="53.833619176" lon="21.458921739" /><trkpt lat="53.833606314" lon="21.458913445" /><trkpt lat="53.833593721" lon="21.458905224" /><trkpt lat="53.833581427" lon="21.458897094" /><trkpt lat="53.833569460" lon="21.458889078" /><trkpt lat="53.833557848" lon="21.458881195" /><trkpt lat="53.833546621" lon="21.458873468" /><trkpt lat="53.833535807" lon="21.458865917" /><trkpt lat="53.833525433" lon="21.458858562" /><trkpt lat="53.833515529" lon="21.458851425" /><trkpt lat="53.833506123" lon="21.458844526" /><trkpt lat="53.833497244" lon="21.458837887" /><trkpt lat="53.833488920" lon="21.458831527" /><trkpt lat="53.833481179" lon="21.458825469" /><trkpt lat="53.833473581" lon="21.458819331" /><trkpt lat="53.833465686" lon="21.458812739" /><trkpt lat="53.833457523" lon="21.458805720" /><trkpt lat="53.833449123" lon="21.458798302" /><trkpt lat="53.833440515" lon="21.458790513" /><trkpt lat="53.833431730" lon="21.458782382" /><trkpt lat="53.833422797" lon="21.458773936" /><trkpt lat="53.833413747" lon="21.458765203" /><trkpt lat="53.833404608" lon="21.458756212" /><trkpt lat="53.833395411" lon="21.458746990" /><trkpt lat="53.833386186" lon="21.458737565" /><trkpt lat="53.833376963" lon="21.458727965" /><trkpt lat="53.833367772" lon="21.458718219" /><trkpt lat="53.833358642" lon="21.458708355" /><trkpt lat="53.833349603" lon="21.458698399" /><trkpt lat="53.833340686" lon="21.458688382" /><trkpt lat="53.833331920" lon="21.458678329" /><trkpt lat="53.833323336" lon="21.458668270" /><trkpt lat="53.833314962" lon="21.458658233" /><trkpt lat="53.833306829" lon="21.458648245" /><trkpt lat="53.833298967" lon="21.458638334" /><trkpt lat="53.833291406" lon="21.458628529" /><trkpt lat="53.833284176" lon="21.458618857" /><trkpt lat="53.833277306" lon="21.458609347" /><trkpt lat="53.833270826" lon="21.458600027" /><trkpt lat="53.833264767" lon="21.458590924" /><trkpt lat="53.833259158" lon="21.458582067" /><trkpt lat="53.833254029" lon="21.458573483" /><trkpt lat="53.833249411" lon="21.458565201" /><trkpt lat="53.833245332" lon="21.458557248" /><trkpt lat="53.833243412" lon="21.458552923" /><trkpt lat="53.833241390" lon="21.458547618" /><trkpt lat="53.833239270" lon="21.458541361" /><trkpt lat="53.833237055" lon="21.458534177" /><trkpt lat="53.833234748" lon="21.458526096" /><trkpt lat="53.833232353" lon="21.458517144" /><trkpt lat="53.833229872" lon="21.458507349" /><trkpt lat="53.833227308" lon="21.458496739" /><trkpt lat="53.833224665" lon="21.458485340" /><trkpt lat="53.833221946" lon="21.458473181" /><trkpt lat="53.833219155" lon="21.458460288" /><trkpt lat="53.833216293" lon="21.458446689" /><trkpt lat="53.833213366" lon="21.458432412" /><trkpt lat="53.833210374" lon="21.458417484" /><trkpt lat="53.833207323" lon="21.458401932" /><trkpt lat="53.833204215" lon="21.458385784" /><trkpt lat="53.833201053" lon="21.458369068" /><trkpt lat="53.833197840" lon="21.458351810" /><trkpt lat="53.833194580" lon="21.458334038" /><trkpt lat="53.833191276" lon="21.458315780" /><trkpt lat="53.833187931" lon="21.458297063" /><trkpt lat="53.833184548" lon="21.458277915" /><trkpt lat="53.833181130" lon="21.458258362" /><trkpt lat="53.833177681" lon="21.458238433" /><trkpt lat="53.833174203" lon="21.458218155" /><trkpt lat="53.833170701" lon="21.458197554" /><trkpt lat="53.833167176" lon="21.458176660" /><trkpt lat="53.833163632" lon="21.458155499" /><trkpt lat="53.833160073" lon="21.458134098" /><trkpt lat="53.833156502" lon="21.458112485" /><trkpt lat="53.833152921" lon="21.458090688" /><trkpt lat="53.833149334" lon="21.458068733" /><trkpt lat="53.833145744" lon="21.458046649" /><trkpt lat="53.833142155" lon="21.458024463" /><trkpt lat="53.833138569" lon="21.458002202" /><trkpt lat="53.833134989" lon="21.457979893" /><trkpt lat="53.833131420" lon="21.457957565" /><trkpt lat="53.833127863" lon="21.457935244" /><trkpt lat="53.833124323" lon="21.457912958" /><trkpt lat="53.833120802" lon="21.457890735" /><trkpt lat="53.833117304" lon="21.457868601" /><trkpt lat="53.833113831" lon="21.457846584" /><trkpt lat="53.833110387" lon="21.457824713" /><trkpt lat="53.833106976" lon="21.457803013" /><trkpt lat="53.833103599" lon="21.457781513" /><trkpt lat="53.833100262" lon="21.457760240" /><trkpt lat="53.833096965" lon="21.457739221" /><trkpt lat="53.833093714" lon="21.457718485" /><trkpt lat="53.833090510" lon="21.457698058" /><trkpt lat="53.833087358" lon="21.457677967" /><trkpt lat="53.833084260" lon="21.457658241" /><trkpt lat="53.833081220" lon="21.457638906" /><trkpt lat="53.833078240" lon="21.457619991" /><trkpt lat="53.833075324" lon="21.457601522" /><trkpt lat="53.833072475" lon="21.457583527" /><trkpt lat="53.833069697" lon="21.457566033" /><trkpt lat="53.833066992" lon="21.457549068" /><trkpt lat="53.833064363" lon="21.457532660" /><trkpt lat="53.833061815" lon="21.457516835" /><trkpt lat="53.833059349" lon="21.457501622" /><trkpt lat="53.833056970" lon="21.457487047" /><trkpt lat="53.833054836" lon="21.457473891" /><trkpt lat="53.833052690" lon="21.457460373" /><trkpt lat="53.833050533" lon="21.457446503" /><trkpt lat="53.833048367" lon="21.457432291" /><trkpt lat="53.833046195" lon="21.457417747" /><trkpt lat="53.833044017" lon="21.457402881" /><trkpt lat="53.833041837" lon="21.457387705" /><trkpt lat="53.833039655" lon="21.457372227" /><trkpt lat="53.833037475" lon="21.457356459" /><trkpt lat="53.833035298" lon="21.457340410" /><trkpt lat="53.833033126" lon="21.457324091" /><trkpt lat="53.833030961" lon="21.457307513" /><trkpt lat="53.833028805" lon="21.457290684" /><trkpt lat="53.833026660" lon="21.457273617" /><trkpt lat="53.833024529" lon="21.457256320" /><trkpt lat="53.833022412" lon="21.457238805" /><trkpt lat="53.833020312" lon="21.457221081" /><trkpt lat="53.833018231" lon="21.457203160" /><trkpt lat="53.833016172" lon="21.457185050" /><trkpt lat="53.833014135" lon="21.457166762" /><trkpt lat="53.833012123" lon="21.457148307" /><trkpt lat="53.833010138" lon="21.457129695" /><trkpt lat="53.833008183" lon="21.457110937" /><trkpt lat="53.833006258" lon="21.457092041" /><trkpt lat="53.833004366" lon="21.457073020" /><trkpt lat="53.833002509" lon="21.457053882" /><trkpt lat="53.833000689" lon="21.457034639" /><trkpt lat="53.832998907" lon="21.457015300" /><trkpt lat="53.832997167" lon="21.456995876" /><trkpt lat="53.832995470" lon="21.456976377" /><trkpt lat="53.832993817" lon="21.456956814" /><trkpt lat="53.832992211" lon="21.456937196" /><trkpt lat="53.832990655" lon="21.456917534" /><trkpt lat="53.832989148" lon="21.456897838" /><trkpt lat="53.832987695" lon="21.456878119" /><trkpt lat="53.832986297" lon="21.456858386" /><trkpt lat="53.832984955" lon="21.456838651" /><trkpt lat="53.832983673" lon="21.456818922" /><trkpt lat="53.832982451" lon="21.456799211" /><trkpt lat="53.832981291" lon="21.456779528" /><trkpt lat="53.832980197" lon="21.456759884" /><trkpt lat="53.832979169" lon="21.456740287" /><trkpt lat="53.832978210" lon="21.456720749" /><trkpt lat="53.832977322" lon="21.456701280" /><trkpt lat="53.832976507" lon="21.456681891" /><trkpt lat="53.832975766" lon="21.456662590" /><trkpt lat="53.832975102" lon="21.456643390" /><trkpt lat="53.832974516" lon="21.456624299" /><trkpt lat="53.832974012" lon="21.456605329" /><trkpt lat="53.832973590" lon="21.456586489" /><trkpt lat="53.832973252" lon="21.456567791" /><trkpt lat="53.832973002" lon="21.456549243" /><trkpt lat="53.832972840" lon="21.456530857" /><trkpt lat="53.832972768" lon="21.456512642" /><trkpt lat="53.832972789" lon="21.456494609" /><trkpt lat="53.832972905" lon="21.456476769" /><trkpt lat="53.832973117" lon="21.456459130" /><trkpt lat="53.832973428" lon="21.456441705" /><trkpt lat="53.832973840" lon="21.456424503" /><trkpt lat="53.832974354" lon="21.456407534" /><trkpt lat="53.832974973" lon="21.456390808" /><trkpt lat="53.832975698" lon="21.456374337" /><trkpt lat="53.832976531" lon="21.456358129" /><trkpt lat="53.832977476" lon="21.456342196" /><trkpt lat="53.832978532" lon="21.456326548" /><trkpt lat="53.832979704" lon="21.456311194" /><trkpt lat="53.832980991" lon="21.456296146" /><trkpt lat="53.832982534" lon="21.456279640" /><trkpt lat="53.832984199" lon="21.456262844" /><trkpt lat="53.832985985" lon="21.456245771" /><trkpt lat="53.832987885" lon="21.456228435" /><trkpt lat="53.832989897" lon="21.456210848" /><trkpt lat="53.832992017" lon="21.456193024" /><trkpt lat="53.832994240" lon="21.456174975" /><trkpt lat="53.832996561" lon="21.456156715" /><trkpt lat="53.832998978" lon="21.456138256" /><trkpt lat="53.833001487" lon="21.456119612" /><trkpt lat="53.833004082" lon="21.456100796" /><trkpt lat="53.833006760" lon="21.456081820" /><trkpt lat="53.833009517" lon="21.456062699" /><trkpt lat="53.833012349" lon="21.456043444" /><trkpt lat="53.833015252" lon="21.456024069" /><trkpt lat="53.833018221" lon="21.456004587" /><trkpt lat="53.833021253" lon="21.455985011" /><trkpt lat="53.833024344" lon="21.455965354" /><trkpt lat="53.833027489" lon="21.455945629" /><trkpt lat="53.833030685" lon="21.455925849" /><trkpt lat="53.833033927" lon="21.455906027" /><trkpt lat="53.833037212" lon="21.455886177" /><trkpt lat="53.833040535" lon="21.455866311" /><trkpt lat="53.833043892" lon="21.455846442" /><trkpt lat="53.833047279" lon="21.455826584" /><trkpt lat="53.833050693" lon="21.455806748" /><trkpt lat="53.833054129" lon="21.455786950" /><trkpt lat="53.833057582" lon="21.455767201" /><trkpt lat="53.833061050" lon="21.455747514" /><trkpt lat="53.833064528" lon="21.455727903" /><trkpt lat="53.833068011" lon="21.455708381" /><trkpt lat="53.833071496" lon="21.455688960" /><trkpt lat="53.833074979" lon="21.455669654" /><trkpt lat="53.833078456" lon="21.455650476" /><trkpt lat="53.833081922" lon="21.455631438" /><trkpt lat="53.833085374" lon="21.455612554" /><trkpt lat="53.833088808" lon="21.455593838" /><trkpt lat="53.833092218" lon="21.455575301" /><trkpt lat="53.833095603" lon="21.455556957" /><trkpt lat="53.833098956" lon="21.455538820" /><trkpt lat="53.833102275" lon="21.455520901" /><trkpt lat="53.833105555" lon="21.455503214" /><trkpt lat="53.833108792" lon="21.455485773" /><trkpt lat="53.833111982" lon="21.455468590" /><trkpt lat="53.833115122" lon="21.455451678" /><trkpt lat="53.833118206" lon="21.455435051" /><trkpt lat="53.833121231" lon="21.455418720" /><trkpt lat="53.833124193" lon="21.455402701" /><trkpt lat="53.833127088" lon="21.455387004" /><trkpt lat="53.833129912" lon="21.455371645" /><trkpt lat="53.833132660" lon="21.455356634" /><trkpt lat="53.833135329" lon="21.455341987" /><trkpt lat="53.833137915" lon="21.455327715" /><trkpt lat="53.833140413" lon="21.455313831" /><trkpt lat="53.833142819" lon="21.455300350" /><trkpt lat="53.833145130" lon="21.455287283" /><trkpt lat="53.833147341" lon="21.455274644" /><trkpt lat="53.833149449" lon="21.455262446" /><trkpt lat="53.833151448" lon="21.455250701" /><trkpt lat="53.833153336" lon="21.455239424" /><trkpt lat="53.833155108" lon="21.455228627" /><trkpt lat="53.833156663" lon="21.455218582" /><trkpt lat="53.833158162" lon="21.455207966" /><trkpt lat="53.833159606" lon="21.455196793" /><trkpt lat="53.833160996" lon="21.455185079" /><trkpt lat="53.833162333" lon="21.455172841" /><trkpt lat="53.833163618" lon="21.455160092" /><trkpt lat="53.833164852" lon="21.455146850" /><trkpt lat="53.833166036" lon="21.455133129" /><trkpt lat="53.833167170" lon="21.455118945" /><trkpt lat="53.833168256" lon="21.455104314" /><trkpt lat="53.833169295" lon="21.455089251" /><trkpt lat="53.833170287" lon="21.455073772" /><trkpt lat="53.833171234" lon="21.455057892" /><trkpt lat="53.833172136" lon="21.455041627" /><trkpt lat="53.833172994" lon="21.455024992" /><trkpt lat="53.833173809" lon="21.455008004" /><trkpt lat="53.833174583" lon="21.454990677" /><trkpt lat="53.833175315" lon="21.454973027" /><trkpt lat="53.833176008" lon="21.454955070" /><trkpt lat="53.833176661" lon="21.454936821" /><trkpt lat="53.833177277" lon="21.454918296" /><trkpt lat="53.833177854" lon="21.454899510" /><trkpt lat="53.833178396" lon="21.454880479" /><trkpt lat="53.833178902" lon="21.454861219" /><trkpt lat="53.833179374" lon="21.454841744" /><trkpt lat="53.833179812" lon="21.454822071" /><trkpt lat="53.833180217" lon="21.454802216" /><trkpt lat="53.833180591" lon="21.454782193" /><trkpt lat="53.833180934" lon="21.454762019" /><trkpt lat="53.833181247" lon="21.454741708" /><trkpt lat="53.833181532" lon="21.454721277" /><trkpt lat="53.833181788" lon="21.454700741" /><trkpt lat="53.833182017" lon="21.454680115" /><trkpt lat="53.833182220" lon="21.454659415" /><trkpt lat="53.833182397" lon="21.454638658" /><trkpt lat="53.833182551" lon="21.454617857" /><trkpt lat="53.833182681" lon="21.454597029" /><trkpt lat="53.833182788" lon="21.454576190" /><trkpt lat="53.833182874" lon="21.454555354" /><trkpt lat="53.833182940" lon="21.454534538" /><trkpt lat="53.833182985" lon="21.454513757" /><trkpt lat="53.833183012" lon="21.454493026" /><trkpt lat="53.833183021" lon="21.454472362" /><trkpt lat="53.833183013" lon="21.454451780" /><trkpt lat="53.833182990" lon="21.454431294" /><trkpt lat="53.833182951" lon="21.454410922" /><trkpt lat="53.833182898" lon="21.454390678" /><trkpt lat="53.833182831" lon="21.454370578" /><trkpt lat="53.833182753" lon="21.454350637" /><trkpt lat="53.833182663" lon="21.454330872" /><trkpt lat="53.833182563" lon="21.454311297" /><trkpt lat="53.833182453" lon="21.454291929" /><trkpt lat="53.833182334" lon="21.454272782" /><trkpt lat="53.833182208" lon="21.454253872" /><trkpt lat="53.833182075" lon="21.454235216" /><trkpt lat="53.833181937" lon="21.454216828" /><trkpt lat="53.833181793" lon="21.454198724" /><trkpt lat="53.833181646" lon="21.454180920" /><trkpt lat="53.833181495" lon="21.454163430" /><trkpt lat="53.833181342" lon="21.454146272" /><trkpt lat="53.833181189" lon="21.454129459" /><trkpt lat="53.833181035" lon="21.454113009" /><trkpt lat="53.833180881" lon="21.454096936" /><trkpt lat="53.833180729" lon="21.454081256" /><trkpt lat="53.833180580" lon="21.454065984" /><trkpt lat="53.833180434" lon="21.454051137" /><trkpt lat="53.833180157" lon="21.454035211" /><trkpt lat="53.833179640" lon="21.454019099" /><trkpt lat="53.833178890" lon="21.454002807" /><trkpt lat="53.833177912" lon="21.453986343" /><trkpt lat="53.833176711" lon="21.453969715" /><trkpt lat="53.833175294" lon="21.453952930" /><trkpt lat="53.833173666" lon="21.453935996" /><trkpt lat="53.833171833" lon="21.453918921" /><trkpt lat="53.833169801" lon="21.453901712" /><trkpt lat="53.833167574" lon="21.453884376" /><trkpt lat="53.833165160" lon="21.453866921" /><trkpt lat="53.833162563" lon="21.453849356" /><trkpt lat="53.833159789" lon="21.453831687" /><trkpt lat="53.833156844" lon="21.453813921" /><trkpt lat="53.833153734" lon="21.453796068" /><trkpt lat="53.833150464" lon="21.453778133" /><trkpt lat="53.833147041" lon="21.453760125" /><trkpt lat="53.833143469" lon="21.453742052" /><trkpt lat="53.833139754" lon="21.453723921" /><trkpt lat="53.833135902" lon="21.453705739" /><trkpt lat="53.833131920" lon="21.453687514" /><trkpt lat="53.833127811" lon="21.453669254" /><trkpt lat="53.833123583" lon="21.453650966" /><trkpt lat="53.833119241" lon="21.453632658" /><trkpt lat="53.833114790" lon="21.453614338" /><trkpt lat="53.833110237" lon="21.453596012" /><trkpt lat="53.833105586" lon="21.453577689" /><trkpt lat="53.833100844" lon="21.453559377" /><trkpt lat="53.833096017" lon="21.453541082" /><trkpt lat="53.833091109" lon="21.453522812" /><trkpt lat="53.833086127" lon="21.453504576" /><trkpt lat="53.833081077" lon="21.453486380" /><trkpt lat="53.833075963" lon="21.453468232" /><trkpt lat="53.833070792" lon="21.453450140" /><trkpt lat="53.833065570" lon="21.453432111" /><trkpt lat="53.833060302" lon="21.453414153" /><trkpt lat="53.833054994" lon="21.453396274" /><trkpt lat="53.833049651" lon="21.453378481" /><trkpt lat="53.833044279" lon="21.453360781" /><trkpt lat="53.833038885" lon="21.453343182" /><trkpt lat="53.833033473" lon="21.453325693" /><trkpt lat="53.833028049" lon="21.453308320" /><trkpt lat="53.833022619" lon="21.453291071" /><trkpt lat="53.833017189" lon="21.453273953" /><trkpt lat="53.833011764" lon="21.453256975" /><trkpt lat="53.833006350" lon="21.453240143" /><trkpt lat="53.833000953" lon="21.453223466" /><trkpt lat="53.832995579" lon="21.453206951" /><trkpt lat="53.832990232" lon="21.453190605" /><trkpt lat="53.832984920" lon="21.453174436" /><trkpt lat="53.832979646" lon="21.453158452" /><trkpt lat="53.832974418" lon="21.453142660" /><trkpt lat="53.832969241" lon="21.453127069" /><trkpt lat="53.832964121" lon="21.453111684" /><trkpt lat="53.832959063" lon="21.453096515" /><trkpt lat="53.832954072" lon="21.453081568" /><trkpt lat="53.832949156" lon="21.453066852" /><trkpt lat="53.832944318" lon="21.453052373" /><trkpt lat="53.832939566" lon="21.453038140" /><trkpt lat="53.832934904" lon="21.453024160" /><trkpt lat="53.832930339" lon="21.453010440" /><trkpt lat="53.832927020" lon="21.453000433" /><trkpt lat="53.832923545" lon="21.452989921" /><trkpt lat="53.832919919" lon="21.452978917" /><trkpt lat="53.832916144" lon="21.452967433" /><trkpt lat="53.832912225" lon="21.452955481" /><trkpt lat="53.832908165" lon="21.452943072" /><trkpt lat="53.832903968" lon="21.452930220" /><trkpt lat="53.832899637" lon="21.452916936" /><trkpt lat="53.832895177" lon="21.452903233" /><trkpt lat="53.832890589" lon="21.452889122" /><trkpt lat="53.832885880" lon="21.452874616" /><trkpt lat="53.832881051" lon="21.452859727" /><trkpt lat="53.832876106" lon="21.452844467" /><trkpt lat="53.832871050" lon="21.452828849" /><trkpt lat="53.832865886" lon="21.452812884" /><trkpt lat="53.832860617" lon="21.452796585" /><trkpt lat="53.832855247" lon="21.452779963" /><trkpt lat="53.832849780" lon="21.452763031" /><trkpt lat="53.832844219" lon="21.452745802" /><trkpt lat="53.832838568" lon="21.452728287" /><trkpt lat="53.832832831" lon="21.452710498" /><trkpt lat="53.832827011" lon="21.452692447" /><trkpt lat="53.832821112" lon="21.452674148" /><trkpt lat="53.832815138" lon="21.452655611" /><trkpt lat="53.832809092" lon="21.452636850" /><trkpt lat="53.832802977" lon="21.452617875" /><trkpt lat="53.832796798" lon="21.452598700" /><trkpt lat="53.832790558" lon="21.452579337" /><trkpt lat="53.832784261" lon="21.452559797" /><trkpt lat="53.832777910" lon="21.452540093" /><trkpt lat="53.832771509" lon="21.452520237" /><trkpt lat="53.832765062" lon="21.452500241" /><trkpt lat="53.832758572" lon="21.452480118" /><trkpt lat="53.832752042" lon="21.452459879" /><trkpt lat="53.832745478" lon="21.452439537" /><trkpt lat="53.832738881" lon="21.452419103" /><trkpt lat="53.832732256" lon="21.452398591" /><trkpt lat="53.832725607" lon="21.452378011" /><trkpt lat="53.832718937" lon="21.452357377" /><trkpt lat="53.832712249" lon="21.452336700" /><trkpt lat="53.832705548" lon="21.452315993" /><trkpt lat="53.832698836" lon="21.452295268" /><trkpt lat="53.832692118" lon="21.452274537" /><trkpt lat="53.832685398" lon="21.452253811" /><trkpt lat="53.832678678" lon="21.452233104" /><trkpt lat="53.832671963" lon="21.452212428" /><trkpt lat="53.832665255" lon="21.452191793" /><trkpt lat="53.832658560" lon="21.452171214" /><trkpt lat="53.832651880" lon="21.452150702" /><trkpt lat="53.832645219" lon="21.452130268" /><trkpt lat="53.832638581" lon="21.452109926" /><trkpt lat="53.832631969" lon="21.452089687" /><trkpt lat="53.832625386" lon="21.452069563" /><trkpt lat="53.832618838" lon="21.452049568" /><trkpt lat="53.832612327" lon="21.452029712" /><trkpt lat="53.832605856" lon="21.452010008" /><trkpt lat="53.832599430" lon="21.451990468" /><trkpt lat="53.832593052" lon="21.451971104" /><trkpt lat="53.832586726" lon="21.451951929" /><trkpt lat="53.832580455" lon="21.451932955" /><trkpt lat="53.832574243" lon="21.451914193" /><trkpt lat="53.832568094" lon="21.451895657" /><trkpt lat="53.832562011" lon="21.451877357" /><trkpt lat="53.832555997" lon="21.451859307" /><trkpt lat="53.832550058" lon="21.451841518" /><trkpt lat="53.832544195" lon="21.451824003" /><trkpt lat="53.832538414" lon="21.451806773" /><trkpt lat="53.832532717" lon="21.451789842" /><trkpt lat="53.832527108" lon="21.451773220" /><trkpt lat="53.832521590" lon="21.451756921" /><trkpt lat="53.832516168" lon="21.451740956" /><trkpt lat="53.832510845" lon="21.451725337" /><trkpt lat="53.832505625" lon="21.451710078" /><trkpt lat="53.832500510" lon="21.451695189" /><trkpt lat="53.832495506" lon="21.451680683" /><trkpt lat="53.832490615" lon="21.451666572" /><trkpt lat="53.832485842" lon="21.451652869" /><trkpt lat="53.832481189" lon="21.451639585" /><trkpt lat="53.832476660" lon="21.451626733" /><trkpt lat="53.832472260" lon="21.451614324" /><trkpt lat="53.832467991" lon="21.451602372" /><trkpt lat="53.832463858" lon="21.451590887" /><trkpt lat="53.832459863" lon="21.451579883" /><trkpt lat="53.832456011" lon="21.451569372" /><trkpt lat="53.832452305" lon="21.451559365" /><trkpt lat="53.832447170" lon="21.451545571" /><trkpt lat="53.832441887" lon="21.451531372" /><trkpt lat="53.832436464" lon="21.451516785" /><trkpt lat="53.832430907" lon="21.451501824" /><trkpt lat="53.832425222" lon="21.451486504" /><trkpt lat="53.832419416" lon="21.451470841" /><trkpt lat="53.832413494" lon="21.451454849" /><trkpt lat="53.832407463" lon="21.451438545" /><trkpt lat="53.832401330" lon="21.451421944" /><trkpt lat="53.832395100" lon="21.451405060" /><trkpt lat="53.832388781" lon="21.451387909" /><trkpt lat="53.832382378" lon="21.451370506" /><trkpt lat="53.832375897" lon="21.451352867" /><trkpt lat="53.832369346" lon="21.451335006" /><trkpt lat="53.832362729" lon="21.451316939" /><trkpt lat="53.832356055" lon="21.451298681" /><trkpt lat="53.832349328" lon="21.451280248" /><trkpt lat="53.832342556" lon="21.451261654" /><trkpt lat="53.832335744" lon="21.451242915" /><trkpt lat="53.832328899" lon="21.451224047" /><trkpt lat="53.832322027" lon="21.451205063" /><trkpt lat="53.832315135" lon="21.451185980" /><trkpt lat="53.832308229" lon="21.451166813" /><trkpt lat="53.832301315" lon="21.451147578" /><trkpt lat="53.832294399" lon="21.451128288" /><trkpt lat="53.832287488" lon="21.451108960" /><trkpt lat="53.832280589" lon="21.451089609" /><trkpt lat="53.832273706" lon="21.451070250" /><trkpt lat="53.832266848" lon="21.451050898" /><trkpt lat="53.832260020" lon="21.451031569" /><trkpt lat="53.832253228" lon="21.451012277" /><trkpt lat="53.832246478" lon="21.450993039" /><trkpt lat="53.832239778" lon="21.450973868" /><trkpt lat="53.832233133" lon="21.450954782" /><trkpt lat="53.832226550" lon="21.450935794" /><trkpt lat="53.832220035" lon="21.450916920" /><trkpt lat="53.832213594" lon="21.450898175" /><trkpt lat="53.832207234" lon="21.450879575" /><trkpt lat="53.832200961" lon="21.450861135" /><trkpt lat="53.832194781" lon="21.450842870" /><trkpt lat="53.832188700" lon="21.450824794" /><trkpt lat="53.832182726" lon="21.450806925" /><trkpt lat="53.832176863" lon="21.450789276" /><trkpt lat="53.832171119" lon="21.450771863" /><trkpt lat="53.832165500" lon="21.450754701" /><trkpt lat="53.832160013" lon="21.450737805" /><trkpt lat="53.832154662" lon="21.450721192" /><trkpt lat="53.832149456" lon="21.450704875" /><trkpt lat="53.832144400" lon="21.450688870" /><trkpt lat="53.832139500" lon="21.450673193" /><trkpt lat="53.832134763" lon="21.450657859" /><trkpt lat="53.832130195" lon="21.450642882" /><trkpt lat="53.832125802" lon="21.450628279" /><trkpt lat="53.832121591" lon="21.450614064" /><trkpt lat="53.832117568" lon="21.450600252" /><trkpt lat="53.832113740" lon="21.450586860" /><trkpt lat="53.832110112" lon="21.450573902" /><trkpt lat="53.832106691" lon="21.450561393" /><trkpt lat="53.832103484" lon="21.450549348" /><trkpt lat="53.832100496" lon="21.450537784" /><trkpt lat="53.832097734" lon="21.450526714" /><trkpt lat="53.832092316" lon="21.450505119" /><trkpt lat="53.832086829" lon="21.450484311" /><trkpt lat="53.832081276" lon="21.450464270" /><trkpt lat="53.832075664" lon="21.450444978" /><trkpt lat="53.832069996" lon="21.450426417" /><trkpt lat="53.832064278" lon="21.450408568" /><trkpt lat="53.832058512" lon="21.450391413" /><trkpt lat="53.832052705" lon="21.450374934" /><trkpt lat="53.832046861" lon="21.450359111" /><trkpt lat="53.832040984" lon="21.450343927" /><trkpt lat="53.832035078" lon="21.450329362" /><trkpt lat="53.832029149" lon="21.450315399" /><trkpt lat="53.832023202" lon="21.450302019" /><trkpt lat="53.832017239" lon="21.450289203" /><trkpt lat="53.832011267" lon="21.450276934" /><trkpt lat="53.832005290" lon="21.450265191" /><trkpt lat="53.831999312" lon="21.450253958" /><trkpt lat="53.831993337" lon="21.450243216" /><trkpt lat="53.831987372" lon="21.450232945" /><trkpt lat="53.831981419" lon="21.450223128" /><trkpt lat="53.831975484" lon="21.450213746" /><trkpt lat="53.831969571" lon="21.450204781" /><trkpt lat="53.831963684" lon="21.450196214" /><trkpt lat="53.831957829" lon="21.450188026" /><trkpt lat="53.831952010" lon="21.450180200" /><trkpt lat="53.831946232" lon="21.450172717" /><trkpt lat="53.831940498" lon="21.450165558" /><trkpt lat="53.831934814" lon="21.450158704" /><trkpt lat="53.831929184" lon="21.450152138" /><trkpt lat="53.831923613" lon="21.450145841" /><trkpt lat="53.831918261" lon="21.450140419" /><trkpt lat="53.831911490" lon="21.450134459" /><trkpt lat="53.831903374" lon="21.450127990" /><trkpt lat="53.831893989" lon="21.450121046" /><trkpt lat="53.831883410" lon="21.450113657" /><trkpt lat="53.831871714" lon="21.450105856" /><trkpt lat="53.831858973" lon="21.450097674" /><trkpt lat="53.831845266" lon="21.450089143" /><trkpt lat="53.831830665" lon="21.450080294" /><trkpt lat="53.831815248" lon="21.450071160" /><trkpt lat="53.831799089" lon="21.450061772" /><trkpt lat="53.831782263" lon="21.450052162" /><trkpt lat="53.831764847" lon="21.450042362" /><trkpt lat="53.831746914" lon="21.450032402" /><trkpt lat="53.831728541" lon="21.450022316" /><trkpt lat="53.831709802" lon="21.450012135" /><trkpt lat="53.831690774" lon="21.450001890" /><trkpt lat="53.831671531" lon="21.449991614" /><trkpt lat="53.831652149" lon="21.449981337" /><trkpt lat="53.831632703" lon="21.449971092" /><trkpt lat="53.831613269" lon="21.449960911" /><trkpt lat="53.831593921" lon="21.449950825" /><trkpt lat="53.831574735" lon="21.449940866" /><trkpt lat="53.831555787" lon="21.449931065" /><trkpt lat="53.831537151" lon="21.449921455" /><trkpt lat="53.831518903" lon="21.449912067" /><trkpt lat="53.831501119" lon="21.449902933" /><trkpt lat="53.831483873" lon="21.449894085" /><trkpt lat="53.831467241" lon="21.449885553" /><trkpt lat="53.831451299" lon="21.449877371" /><trkpt lat="53.831436121" lon="21.449869570" /><trkpt lat="53.831421782" lon="21.449862181" /><trkpt lat="53.831408360" lon="21.449855237" /><trkpt lat="53.831395927" lon="21.449848769" /><trkpt lat="53.831384561" lon="21.449842808" /><trkpt lat="53.831374336" lon="21.449837387" /><trkpt lat="53.831362817" lon="21.449831226" /><trkpt lat="53.831351375" lon="21.449825114" /><trkpt lat="53.831340011" lon="21.449819099" /><trkpt lat="53.831328727" lon="21.449813232" /><trkpt lat="53.831317526" lon="21.449807559" /><trkpt lat="53.831306408" lon="21.449802132" /><trkpt lat="53.831295378" lon="21.449796997" /><trkpt lat="53.831284436" lon="21.449792205" /><trkpt lat="53.831273584" lon="21.449787803" /><trkpt lat="53.831262826" lon="21.449783842" /><trkpt lat="53.831252163" lon="21.449780369" /><trkpt lat="53.831241596" lon="21.449777434" /><trkpt lat="53.831231129" lon="21.449775085" /><trkpt lat="53.831220763" lon="21.449773372" /><trkpt lat="53.831210501" lon="21.449772343" /><trkpt lat="53.831200344" lon="21.449772047" /><trkpt lat="53.831190295" lon="21.449772533" /><trkpt lat="53.831180355" lon="21.449773850" /><trkpt lat="53.831170527" lon="21.449776047" /><trkpt lat="53.831160814" lon="21.449779173" /><trkpt lat="53.831151216" lon="21.449783276" /><trkpt lat="53.831141737" lon="21.449788405" /><trkpt lat="53.831132378" lon="21.449794610" /><trkpt lat="53.831123141" lon="21.449801939" /><trkpt lat="53.831114029" lon="21.449810440" /><trkpt lat="53.831105043" lon="21.449820164" /><trkpt lat="53.831096186" lon="21.449831159" /><trkpt lat="53.831087460" lon="21.449843473" /><trkpt lat="53.831078867" lon="21.449857155" /><trkpt lat="53.831070410" lon="21.449872255" /><trkpt lat="53.831062059" lon="21.449888125" /><trkpt lat="53.831053776" lon="21.449904047" /><trkpt lat="53.831045541" lon="21.449919966" /><trkpt lat="53.831037339" lon="21.449935829" /><trkpt lat="53.831029150" lon="21.449951579" /><trkpt lat="53.831020958" lon="21.449967163" /><trkpt lat="53.831012745" lon="21.449982524" /><trkpt lat="53.831004493" lon="21.449997609" /><trkpt lat="53.830996185" lon="21.450012363" /><trkpt lat="53.830987803" lon="21.450026731" /><trkpt lat="53.830979329" lon="21.450040657" /><trkpt lat="53.830970747" lon="21.450054088" /><trkpt lat="53.830962037" lon="21.450066967" /><trkpt lat="53.830953184" lon="21.450079242" /><trkpt lat="53.830944169" lon="21.450090855" /><trkpt lat="53.830934974" lon="21.450101754" /><trkpt lat="53.830925582" lon="21.450111882" /><trkpt lat="53.830915976" lon="21.450121186" /><trkpt lat="53.830906138" lon="21.450129610" /><trkpt lat="53.830896050" lon="21.450137099" /><trkpt lat="53.830885694" lon="21.450143598" /><trkpt lat="53.830875054" lon="21.450149054" /><trkpt lat="53.830864111" lon="21.450153410" /><trkpt lat="53.830852848" lon="21.450156612" /><trkpt lat="53.830841247" lon="21.450158606" /><trkpt lat="53.830829291" lon="21.450159336" /><trkpt lat="53.830816962" lon="21.450158747" /><trkpt lat="53.830804243" lon="21.450156786" /><trkpt lat="53.830791115" lon="21.450153396" /><trkpt lat="53.830777562" lon="21.450148523" /><trkpt lat="53.830763914" lon="21.450142703" /><trkpt lat="53.830750505" lon="21.450136549" /><trkpt lat="53.830737318" lon="21.450130118" /><trkpt lat="53.830724340" lon="21.450123468" /><trkpt lat="53.830711554" lon="21.450116659" /><trkpt lat="53.830698946" lon="21.450109749" /><trkpt lat="53.830686500" lon="21.450102796" /><trkpt lat="53.830674202" lon="21.450095858" /><trkpt lat="53.830662036" lon="21.450088994" /><trkpt lat="53.830649987" lon="21.450082262" /><trkpt lat="53.830638040" lon="21.450075722" /><trkpt lat="53.830626180" lon="21.450069430" /><trkpt lat="53.830614391" lon="21.450063446" /><trkpt lat="53.830602660" lon="21.450057828" /><trkpt lat="53.830590970" lon="21.450052634" /><trkpt lat="53.830579306" lon="21.450047923" /><trkpt lat="53.830567653" lon="21.450043753" /><trkpt lat="53.830555997" lon="21.450040183" /><trkpt lat="53.830544322" lon="21.450037271" /><trkpt lat="53.830532612" lon="21.450035075" /><trkpt lat="53.830520853" lon="21.450033655" /><trkpt lat="53.830509030" lon="21.450033067" /><trkpt lat="53.830497128" lon="21.450033371" /><trkpt lat="53.830485130" lon="21.450034626" /><trkpt lat="53.830473023" lon="21.450036888" /><trkpt lat="53.830460791" lon="21.450040218" /><trkpt lat="53.830448420" lon="21.450044673" /><trkpt lat="53.830435893" lon="21.450050312" /><trkpt lat="53.830423195" lon="21.450057193" /><trkpt lat="53.830410313" lon="21.450065374" /><trkpt lat="53.830397415" lon="21.450074172" /><trkpt lat="53.830384697" lon="21.450082827" /><trkpt lat="53.830372180" lon="21.450091285" /><trkpt lat="53.830359886" lon="21.450099492" /><trkpt lat="53.830347836" lon="21.450107396" /><trkpt lat="53.830336052" lon="21.450114942" /><trkpt lat="53.830324555" lon="21.450122076" /><trkpt lat="53.830313366" lon="21.450128746" /><trkpt lat="53.830302507" lon="21.450134897" /><trkpt lat="53.830291999" lon="21.450140476" /><trkpt lat="53.830281865" lon="21.450145429" /><trkpt lat="53.830272125" lon="21.450149703" /><trkpt lat="53.830262800" lon="21.450153244" /><trkpt lat="53.830253913" lon="21.450155997" /><trkpt lat="53.830245485" lon="21.450157911" /><trkpt lat="53.830237536" lon="21.450158930" /><trkpt lat="53.830230090" lon="21.450159001" /><trkpt lat="53.830223166" lon="21.450158072" /><trkpt lat="53.830216787" lon="21.450156087" /><trkpt lat="53.830210974" lon="21.450152993" /><trkpt lat="53.830205749" lon="21.450148737" /><trkpt lat="53.830201132" lon="21.450143266" /><trkpt lat="53.830197146" lon="21.450136524" /><trkpt lat="53.830193811" lon="21.450128460" /><trkpt lat="53.830191150" lon="21.450119019" /><trkpt lat="53.830189184" lon="21.450108147" /><trkpt lat="53.830187934" lon="21.450095791" /><trkpt lat="53.830187421" lon="21.450081897" /><trkpt lat="53.830187668" lon="21.450066411" /><trkpt lat="53.830188695" lon="21.450049281" /><trkpt lat="53.830189588" lon="21.450037901" /><trkpt lat="53.830190529" lon="21.450025793" /><trkpt lat="53.830191525" lon="21.450013002" /><trkpt lat="53.830192585" lon="21.449999573" /><trkpt lat="53.830193716" lon="21.449985548" /><trkpt lat="53.830194925" lon="21.449970972" /><trkpt lat="53.830196222" lon="21.449955889" /><trkpt lat="53.830197614" lon="21.449940342" /><trkpt lat="53.830199109" lon="21.449924375" /><trkpt lat="53.830200714" lon="21.449908033" /><trkpt lat="53.830202438" lon="21.449891360" /><trkpt lat="53.830204289" lon="21.449874398" /><trkpt lat="53.830206274" lon="21.449857193" /><trkpt lat="53.830208402" lon="21.449839787" /><trkpt lat="53.830210679" lon="21.449822226" /><trkpt lat="53.830213116" lon="21.449804552" /><trkpt lat="53.830215718" lon="21.449786810" /><trkpt lat="53.830218494" lon="21.449769044" /><trkpt lat="53.830221452" lon="21.449751297" /><trkpt lat="53.830224601" lon="21.449733614" /><trkpt lat="53.830227947" lon="21.449716038" /><trkpt lat="53.830231498" lon="21.449698614" /><trkpt lat="53.830235263" lon="21.449681384" /><trkpt lat="53.830239250" lon="21.449664394" /><trkpt lat="53.830243466" lon="21.449647687" /><trkpt lat="53.830247920" lon="21.449631306" /><trkpt lat="53.830252619" lon="21.449615297" /><trkpt lat="53.830257571" lon="21.449599702" /><trkpt lat="53.830262784" lon="21.449584566" /><trkpt lat="53.830268266" lon="21.449569933" /><trkpt lat="53.830274025" lon="21.449555846" /><trkpt lat="53.830280069" lon="21.449542349" /><trkpt lat="53.830286405" lon="21.449529487" /><trkpt lat="53.830293043" lon="21.449517303" /><trkpt lat="53.830299988" lon="21.449505841" /><trkpt lat="53.830307251" lon="21.449495145" /><trkpt lat="53.830314837" lon="21.449485259" /><trkpt lat="53.830322756" lon="21.449476226" /><trkpt lat="53.830331015" lon="21.449468092" /><trkpt lat="53.830339622" lon="21.449460899" /><trkpt lat="53.830348585" lon="21.449454692" /><trkpt lat="53.830357913" lon="21.449449514" /><trkpt lat="53.830367612" lon="21.449445410" /><trkpt lat="53.830377690" lon="21.449442423" /><trkpt lat="53.830388157" lon="21.449440597" /><trkpt lat="53.830399019" lon="21.449439976" /><trkpt lat="53.830410284" lon="21.449440605" /><trkpt lat="53.830421961" lon="21.449442526" /><trkpt lat="53.830434057" lon="21.449445784" /><trkpt lat="53.830453695" lon="21.449451952" /><trkpt lat="53.830472417" lon="21.449457575" /><trkpt lat="53.830490244" lon="21.449462644" /><trkpt lat="53.830507199" lon="21.449467153" /><trkpt lat="53.830523305" lon="21.449471091" /><trkpt lat="53.830538585" lon="21.449474452" /><trkpt lat="53.830553060" lon="21.449477225" /><trkpt lat="53.830566754" lon="21.449479404" /><trkpt lat="53.830579688" lon="21.449480980" /><trkpt lat="53.830591886" lon="21.449481944" /><trkpt lat="53.830603370" lon="21.449482289" /><trkpt lat="53.830614162" lon="21.449482005" /><trkpt lat="53.830624285" lon="21.449481084" /><trkpt lat="53.830633762" lon="21.449479519" /><trkpt lat="53.830642614" lon="21.449477300" /><trkpt lat="53.830650865" lon="21.449474420" /><trkpt lat="53.830658537" lon="21.449470870" /><trkpt lat="53.830665653" lon="21.449466641" /><trkpt lat="53.830672234" lon="21.449461726" /><trkpt lat="53.830678304" lon="21.449456116" /><trkpt lat="53.830683885" lon="21.449449802" /><trkpt lat="53.830689000" lon="21.449442777" /><trkpt lat="53.830693671" lon="21.449435032" /><trkpt lat="53.830697920" lon="21.449426558" /><trkpt lat="53.830701770" lon="21.449417348" /><trkpt lat="53.830705244" lon="21.449407392" /><trkpt lat="53.830708364" lon="21.449396684" /><trkpt lat="53.830711153" lon="21.449385213" /><trkpt lat="53.830713633" lon="21.449372972" /><trkpt lat="53.830715826" lon="21.449359953" /><trkpt lat="53.830717490" lon="21.449348949" /><trkpt lat="53.830719232" lon="21.449337136" /><trkpt lat="53.830721050" lon="21.449324554" /><trkpt lat="53.830722943" lon="21.449311243" /><trkpt lat="53.830724911" lon="21.449297240" /><trkpt lat="53.830726951" lon="21.449282585" /><trkpt lat="53.830729063" lon="21.449267318" /><trkpt lat="53.830731246" lon="21.449251476" /><trkpt lat="53.830733497" lon="21.449235100" /><trkpt lat="53.830735817" lon="21.449218227" /><trkpt lat="53.830738204" lon="21.449200898" /><trkpt lat="53.830740656" lon="21.449183151" /><trkpt lat="53.830743172" lon="21.449165024" /><trkpt lat="53.830745752" lon="21.449146558" /><trkpt lat="53.830748394" lon="21.449127791" /><trkpt lat="53.830751096" lon="21.449108762" /><trkpt lat="53.830753858" lon="21.449089510" /><trkpt lat="53.830756678" lon="21.449070074" /><trkpt lat="53.830759556" lon="21.449050494" /><trkpt lat="53.830762489" lon="21.449030807" /><trkpt lat="53.830765477" lon="21.449011054" /><trkpt lat="53.830768519" lon="21.448991272" /><trkpt lat="53.830771612" lon="21.448971502" /><trkpt lat="53.830774757" lon="21.448951782" /><trkpt lat="53.830777952" lon="21.448932151" /><trkpt lat="53.830781195" lon="21.448912649" /><trkpt lat="53.830784486" lon="21.448893313" /><trkpt lat="53.830787823" lon="21.448874184" /><trkpt lat="53.830791205" lon="21.448855300" /><trkpt lat="53.830794631" lon="21.448836700" /><trkpt lat="53.830798099" lon="21.448818423" /><trkpt lat="53.830801609" lon="21.448800509" /><trkpt lat="53.830805159" lon="21.448782995" /><trkpt lat="53.830808748" lon="21.448765922" /><trkpt lat="53.830812374" lon="21.448749328" /><trkpt lat="53.830816037" lon="21.448733253" /><trkpt lat="53.830819736" lon="21.448717734" /><trkpt lat="53.830823468" lon="21.448702812" /><trkpt lat="53.830827721" lon="21.448684730" /><trkpt lat="53.830831000" lon="21.448667482" /><trkpt lat="53.830833336" lon="21.448651043" /><trkpt lat="53.830834758" lon="21.448635389" /><trkpt lat="53.830835296" lon="21.448620496" /><trkpt lat="53.830834979" lon="21.448606339" /><trkpt lat="53.830833837" lon="21.448592893" /><trkpt lat="53.830831899" lon="21.448580135" /><trkpt lat="53.830829195" lon="21.448568039" /><trkpt lat="53.830825755" lon="21.448556582" /><trkpt lat="53.830821607" lon="21.448545739" /><trkpt lat="53.830816782" lon="21.448535485" /><trkpt lat="53.830811308" lon="21.448525797" /><trkpt lat="53.830805217" lon="21.448516649" /><trkpt lat="53.830798536" lon="21.448508017" /><trkpt lat="53.830791297" lon="21.448499877" /><trkpt lat="53.830783527" lon="21.448492204" /><trkpt lat="53.830775257" lon="21.448484974" /><trkpt lat="53.830766517" lon="21.448478162" /><trkpt lat="53.830757335" lon="21.448471745" /><trkpt lat="53.830747742" lon="21.448465697" /><trkpt lat="53.830737767" lon="21.448459994" /><trkpt lat="53.830727439" lon="21.448454612" /><trkpt lat="53.830716789" lon="21.448449526" /><trkpt lat="53.830705845" lon="21.448444712" /><trkpt lat="53.830694637" lon="21.448440145" /><trkpt lat="53.830683195" lon="21.448435801" /><trkpt lat="53.830671548" lon="21.448431656" /><trkpt lat="53.830659726" lon="21.448427684" /><trkpt lat="53.830647759" lon="21.448423862" /><trkpt lat="53.830638520" lon="21.448420456" /><trkpt lat="53.830628866" lon="21.448415905" /><trkpt lat="53.830618819" lon="21.448410262" /><trkpt lat="53.830608405" lon="21.448403577" /><trkpt lat="53.830597645" lon="21.448395904" /><trkpt lat="53.830586564" lon="21.448387294" /><trkpt lat="53.830575185" lon="21.448377799" /><trkpt lat="53.830563532" lon="21.448367472" /><trkpt lat="53.830551629" lon="21.448356364" /><trkpt lat="53.830539498" lon="21.448344528" /><trkpt lat="53.830527165" lon="21.448332015" /><trkpt lat="53.830514651" lon="21.448318878" /><trkpt lat="53.830501982" lon="21.448305169" /><trkpt lat="53.830489180" lon="21.448290939" /><trkpt lat="53.830476269" lon="21.448276241" /><trkpt lat="53.830463273" lon="21.448261127" /><trkpt lat="53.830450215" lon="21.448245649" /><trkpt lat="53.830437118" lon="21.448229859" /><trkpt lat="53.830424008" lon="21.448213809" /><trkpt lat="53.830410906" lon="21.448197551" /><trkpt lat="53.830397837" lon="21.448181137" /><trkpt lat="53.830384824" lon="21.448164619" /><trkpt lat="53.830371891" lon="21.448148050" /><trkpt lat="53.830359062" lon="21.448131480" /><trkpt lat="53.830346359" lon="21.448114963" /><trkpt lat="53.830333808" lon="21.448098550" /><trkpt lat="53.830321430" lon="21.448082294" /><trkpt lat="53.830309250" lon="21.448066246" /><trkpt lat="53.830297292" lon="21.448050459" /><trkpt lat="53.830285578" lon="21.448034984" /><trkpt lat="53.830274134" lon="21.448019874" /><trkpt lat="53.830262981" lon="21.448005180" /><trkpt lat="53.830252144" lon="21.447990956" /><trkpt lat="53.830241647" lon="21.447977252" /><trkpt lat="53.830231513" lon="21.447964120" /><trkpt lat="53.830221765" lon="21.447951614" /><trkpt lat="53.830212428" lon="21.447939785" /><trkpt lat="53.830203524" lon="21.447928684" /><trkpt lat="53.830195077" lon="21.447918365" /><trkpt lat="53.830187112" lon="21.447908878" /><trkpt lat="53.830181475" lon="21.447902236" /><trkpt lat="53.830175222" lon="21.447894813" /><trkpt lat="53.830168376" lon="21.447886638" /><trkpt lat="53.830160960" lon="21.447877740" /><trkpt lat="53.830152996" lon="21.447868146" /><trkpt lat="53.830144507" lon="21.447857886" /><trkpt lat="53.830135515" lon="21.447846986" /><trkpt lat="53.830126044" lon="21.447835476" /><trkpt lat="53.830116114" lon="21.447823384" /><trkpt lat="53.830105751" lon="21.447810738" /><trkpt lat="53.830094975" lon="21.447797567" /><trkpt lat="53.830083809" lon="21.447783898" /><trkpt lat="53.830072276" lon="21.447769760" /><trkpt lat="53.830060399" lon="21.447755182" /><trkpt lat="53.830048200" lon="21.447740191" /><trkpt lat="53.830035702" lon="21.447724816" /><trkpt lat="53.830022927" lon="21.447709085" /><trkpt lat="53.830009897" lon="21.447693027" /><trkpt lat="53.829996637" lon="21.447676669" /><trkpt lat="53.829983167" lon="21.447660041" /><trkpt lat="53.829969511" lon="21.447643170" /><trkpt lat="53.829955692" lon="21.447626084" /><trkpt lat="53.829941731" lon="21.447608812" /><trkpt lat="53.829927651" lon="21.447591383" /><trkpt lat="53.829913476" lon="21.447573824" /><trkpt lat="53.829899227" lon="21.447556164" /><trkpt lat="53.829884927" lon="21.447538431" /><trkpt lat="53.829870599" lon="21.447520653" /><trkpt lat="53.829856266" lon="21.447502859" /><trkpt lat="53.829841949" lon="21.447485077" /><trkpt lat="53.829827672" lon="21.447467335" /><trkpt lat="53.829813457" lon="21.447449662" /><trkpt lat="53.829799327" lon="21.447432085" /><trkpt lat="53.829785304" lon="21.447414634" /><trkpt lat="53.829771410" lon="21.447397336" /><trkpt lat="53.829757670" lon="21.447380220" /><trkpt lat="53.829744104" lon="21.447363314" /><trkpt lat="53.829730736" lon="21.447346646" /><trkpt lat="53.829717588" lon="21.447330245" /><trkpt lat="53.829704683" lon="21.447314138" /><trkpt lat="53.829692044" lon="21.447298355" /><trkpt lat="53.829679692" lon="21.447282923" /><trkpt lat="53.829667651" lon="21.447267871" /><trkpt lat="53.829655944" lon="21.447253227" /><trkpt lat="53.829644591" lon="21.447239019" /><trkpt lat="53.829633618" lon="21.447225276" /><trkpt lat="53.829623045" lon="21.447212026" /><trkpt lat="53.829612896" lon="21.447199297" /><trkpt lat="53.829603192" lon="21.447187118" /><trkpt lat="53.829593958" lon="21.447175516" /><trkpt lat="53.829585215" lon="21.447164520" /><trkpt lat="53.829576985" lon="21.447154159" /><trkpt lat="53.829569292" lon="21.447144461" /><trkpt lat="53.829562159" lon="21.447135453" /><trkpt lat="53.829555606" lon="21.447127165" /><trkpt lat="53.829549658" lon="21.447119624" /><trkpt lat="53.829544337" lon="21.447112859" /><trkpt lat="53.829539665" lon="21.447106898" /><trkpt lat="53.829531812" lon="21.447096259" /><trkpt lat="53.829525002" lon="21.447085806" /><trkpt lat="53.829519194" lon="21.447075543" /><trkpt lat="53.829514344" lon="21.447065477" /><trkpt lat="53.829510409" lon="21.447055613" /><trkpt lat="53.829507346" lon="21.447045958" /><trkpt lat="53.829505114" lon="21.447036518" /><trkpt lat="53.829503667" lon="21.447027298" /><trkpt lat="53.829502965" lon="21.447018304" /><trkpt lat="53.829502963" lon="21.447009544" /><trkpt lat="53.829503619" lon="21.447001021" /><trkpt lat="53.829504890" lon="21.446992743" /><trkpt lat="53.829506732" lon="21.446984715" /><trkpt lat="53.829509104" lon="21.446976944" /><trkpt lat="53.829511962" lon="21.446969435" /><trkpt lat="53.829515264" lon="21.446962194" /><trkpt lat="53.829518965" lon="21.446955227" /><trkpt lat="53.829523025" lon="21.446948540" /><trkpt lat="53.829527398" lon="21.446942140" /><trkpt lat="53.829532043" lon="21.446936031" /><trkpt lat="53.829536917" lon="21.446930221" /><trkpt lat="53.829541977" lon="21.446924714" /><trkpt lat="53.829547179" lon="21.446919518" /><trkpt lat="53.829552481" lon="21.446914637" /><trkpt lat="53.829557840" lon="21.446910078" /><trkpt lat="53.829563214" lon="21.446905847" /><trkpt lat="53.829568558" lon="21.446901950" /><trkpt lat="53.829573831" lon="21.446898393" /><trkpt lat="53.829578989" lon="21.446895181" /><trkpt lat="53.829583989" lon="21.446892321" /><trkpt lat="53.829588861" lon="21.446889547" /><trkpt lat="53.829593668" lon="21.446886581" /><trkpt lat="53.829598417" lon="21.446883408" /><trkpt lat="53.829603118" lon="21.446880016" /><trkpt lat="53.829607779" lon="21.446876389" /><trkpt lat="53.829612408" lon="21.446872516" /><trkpt lat="53.829617014" lon="21.446868381" /><trkpt lat="53.829621605" lon="21.446863972" /><trkpt lat="53.829626189" lon="21.446859274" /><trkpt lat="53.829630776" lon="21.446854273" /><trkpt lat="53.829635374" lon="21.446848957" /><trkpt lat="53.829639990" lon="21.446843312" /><trkpt lat="53.829644634" lon="21.446837323" /><trkpt lat="53.829649314" lon="21.446830977" /><trkpt lat="53.829654038" lon="21.446824260" /><trkpt lat="53.829658814" lon="21.446817159" /><trkpt lat="53.829663652" lon="21.446809660" /><trkpt lat="53.829668560" lon="21.446801748" /><trkpt lat="53.829673546" lon="21.446793411" /><trkpt lat="53.829678618" lon="21.446784635" /><trkpt lat="53.829683785" lon="21.446775406" /><trkpt lat="53.829689056" lon="21.446765711" /><trkpt lat="53.829694439" lon="21.446755534" /><trkpt lat="53.829699942" lon="21.446744864" /><trkpt lat="53.829705573" lon="21.446733686" /><trkpt lat="53.829711342" lon="21.446721986" /><trkpt lat="53.829717257" lon="21.446709751" /><trkpt lat="53.829723325" lon="21.446696967" /><trkpt lat="53.829729556" lon="21.446683621" /><trkpt lat="53.829735958" lon="21.446669698" /><trkpt lat="53.829739226" lon="21.446662450" /><trkpt lat="53.829742743" lon="21.446654478" /><trkpt lat="53.829746504" lon="21.446645802" /><trkpt lat="53.829750499" lon="21.446636444" /><trkpt lat="53.829754722" lon="21.446626423" /><trkpt lat="53.829759167" lon="21.446615761" /><trkpt lat="53.829763825" lon="21.446604479" /><trkpt lat="53.829768689" lon="21.446592597" /><trkpt lat="53.829773753" lon="21.446580136" /><trkpt lat="53.829779009" lon="21.446567118" /><trkpt lat="53.829784450" lon="21.446553562" /><trkpt lat="53.829790068" lon="21.446539489" /><trkpt lat="53.829795857" lon="21.446524921" /><trkpt lat="53.829801809" lon="21.446509878" /><trkpt lat="53.829807917" lon="21.446494382" /><trkpt lat="53.829814174" lon="21.446478451" /><trkpt lat="53.829820572" lon="21.446462109" /><trkpt lat="53.829827104" lon="21.446445375" /><trkpt lat="53.829833764" lon="21.446428269" /><trkpt lat="53.829840544" lon="21.446410814" /><trkpt lat="53.829847436" lon="21.446393030" /><trkpt lat="53.829854434" lon="21.446374937" /><trkpt lat="53.829861530" lon="21.446356556" /><trkpt lat="53.829868717" lon="21.446337909" /><trkpt lat="53.829875988" lon="21.446319016" /><trkpt lat="53.829883336" lon="21.446299897" /><trkpt lat="53.829890753" lon="21.446280574" /><trkpt lat="53.829898232" lon="21.446261067" /><trkpt lat="53.829905766" lon="21.446241397" /><trkpt lat="53.829913349" lon="21.446221585" /><trkpt lat="53.829920971" lon="21.446201652" /><trkpt lat="53.829928627" lon="21.446181619" /><trkpt lat="53.829936309" lon="21.446161505" /><trkpt lat="53.829944010" lon="21.446141333" /><trkpt lat="53.829951723" lon="21.446121123" /><trkpt lat="53.829959440" lon="21.446100896" /><trkpt lat="53.829967155" lon="21.446080672" /><trkpt lat="53.829974860" lon="21.446060472" /><trkpt lat="53.829982547" lon="21.446040317" /><trkpt lat="53.829990210" lon="21.446020229" /><trkpt lat="53.829997842" lon="21.446000227" /><trkpt lat="53.830005435" lon="21.445980332" /><trkpt lat="53.830012982" lon="21.445960566" /><trkpt lat="53.830020475" lon="21.445940949" /><trkpt lat="53.830027908" lon="21.445921502" /><trkpt lat="53.830035274" lon="21.445902246" /><trkpt lat="53.830042565" lon="21.445883201" /><trkpt lat="53.830049773" lon="21.445864388" /><trkpt lat="53.830056893" lon="21.445845828" /><trkpt lat="53.830063916" lon="21.445827543" /><trkpt lat="53.830070835" lon="21.445809552" /><trkpt lat="53.830077643" lon="21.445791876" /><trkpt lat="53.830084333" lon="21.445774537" /><trkpt lat="53.830090898" lon="21.445757554" /><trkpt lat="53.830097331" lon="21.445740950" /><trkpt lat="53.830103623" lon="21.445724744" /><trkpt lat="53.830109769" lon="21.445708958" /><trkpt lat="53.830115760" lon="21.445693612" /><trkpt lat="53.830121590" lon="21.445678728" /><trkpt lat="53.830127251" lon="21.445664325" /><trkpt lat="53.830132737" lon="21.445650424" /><trkpt lat="53.830138039" lon="21.445637047" /><trkpt lat="53.830143911" lon="21.445622147" /><trkpt lat="53.830149781" lon="21.445607006" /><trkpt lat="53.830155648" lon="21.445591634" /><trkpt lat="53.830161512" lon="21.445576039" /><trkpt lat="53.830167372" lon="21.445560231" /><trkpt lat="53.830173225" lon="21.445544218" /><trkpt lat="53.830179071" lon="21.445528011" /><trkpt lat="53.830184909" lon="21.445511618" /><trkpt lat="53.830190737" lon="21.445495048" /><trkpt lat="53.830196554" lon="21.445478311" /><trkpt lat="53.830202359" lon="21.445461416" /><trkpt lat="53.830208151" lon="21.445444372" /><trkpt lat="53.830213929" lon="21.445427188" /><trkpt lat="53.830219691" lon="21.445409874" /><trkpt lat="53.830225437" lon="21.445392438" /><trkpt lat="53.830231164" lon="21.445374890" /><trkpt lat="53.830236872" lon="21.445357239" /><trkpt lat="53.830242560" lon="21.445339495" /><trkpt lat="53.830248226" lon="21.445321665" /><trkpt lat="53.830253870" lon="21.445303760" /><trkpt lat="53.830259489" lon="21.445285789" /><trkpt lat="53.830265084" lon="21.445267761" /><trkpt lat="53.830270651" lon="21.445249685" /><trkpt lat="53.830276192" lon="21.445231570" /><trkpt lat="53.830281703" lon="21.445213426" /><trkpt lat="53.830287185" lon="21.445195261" /><trkpt lat="53.830292635" lon="21.445177085" /><trkpt lat="53.830298054" lon="21.445158907" /><trkpt lat="53.830303438" lon="21.445140737" /><trkpt lat="53.830308788" lon="21.445122583" /><trkpt lat="53.830314102" lon="21.445104455" /><trkpt lat="53.830319378" lon="21.445086361" /><trkpt lat="53.830324616" lon="21.445068312" /><trkpt lat="53.830329815" lon="21.445050315" /><trkpt lat="53.830334973" lon="21.445032381" /><trkpt lat="53.830340089" lon="21.445014519" /><trkpt lat="53.830345162" lon="21.444996738" /><trkpt lat="53.830350190" lon="21.444979046" /><trkpt lat="53.830355173" lon="21.444961453" /><trkpt lat="53.830360109" lon="21.444943969" /><trkpt lat="53.830364997" lon="21.444926603" /><trkpt lat="53.830369836" lon="21.444909363" /><trkpt lat="53.830374625" lon="21.444892259" /><trkpt lat="53.830379362" lon="21.444875300" /><trkpt lat="53.830384047" lon="21.444858495" /><trkpt lat="53.830388677" lon="21.444841854" /><trkpt lat="53.830393252" lon="21.444825386" /><trkpt lat="53.830397771" lon="21.444809099" /><trkpt lat="53.830402233" lon="21.444793003" /><trkpt lat="53.830406635" lon="21.444777108" /><trkpt lat="53.830410978" lon="21.444761422" /><trkpt lat="53.830415259" lon="21.444745955" /><trkpt lat="53.830419479" lon="21.444730715" /><trkpt lat="53.830423634" lon="21.444715713" /><trkpt lat="53.830427725" lon="21.444700956" /><trkpt lat="53.830431324" lon="21.444688053" /><trkpt lat="53.830435032" lon="21.444674893" /><trkpt lat="53.830438848" lon="21.444661481" /><trkpt lat="53.830442767" lon="21.444647825" /><trkpt lat="53.830446789" lon="21.444633930" /><trkpt lat="53.830450909" lon="21.444619803" /><trkpt lat="53.830455125" lon="21.444605449" /><trkpt lat="53.830459434" lon="21.444590876" /><trkpt lat="53.830463834" lon="21.444576089" /><trkpt lat="53.830468322" lon="21.444561095" /><trkpt lat="53.830472895" lon="21.444545899" /><trkpt lat="53.830477550" lon="21.444530509" /><trkpt lat="53.830482285" lon="21.444514930" /><trkpt lat="53.830487097" lon="21.444499169" /><trkpt lat="53.830491983" lon="21.444483231" /><trkpt lat="53.830496940" lon="21.444467124" /><trkpt lat="53.830501967" lon="21.444450853" /><trkpt lat="53.830507059" lon="21.444434425" /><trkpt lat="53.830512214" lon="21.444417845" /><trkpt lat="53.830517430" lon="21.444401120" /><trkpt lat="53.830522704" lon="21.444384257" /><trkpt lat="53.830528033" lon="21.444367261" /><trkpt lat="53.830533414" lon="21.444350139" /><trkpt lat="53.830538844" lon="21.444332897" /><trkpt lat="53.830544322" lon="21.444315542" /><trkpt lat="53.830549843" lon="21.444298079" /><trkpt lat="53.830555406" lon="21.444280514" /><trkpt lat="53.830561008" lon="21.444262855" /><trkpt lat="53.830566645" lon="21.444245107" /><trkpt lat="53.830572316" lon="21.444227276" /><trkpt lat="53.830578017" lon="21.444209369" /><trkpt lat="53.830583746" lon="21.444191392" /><trkpt lat="53.830589499" lon="21.444173352" /><trkpt lat="53.830595275" lon="21.444155253" /><trkpt lat="53.830601071" lon="21.444137104" /><trkpt lat="53.830606883" lon="21.444118909" /><trkpt lat="53.830612709" lon="21.444100676" /><trkpt lat="53.830618547" lon="21.444082410" /><trkpt lat="53.830624393" lon="21.444064117" /><trkpt lat="53.830630244" lon="21.444045805" /><trkpt lat="53.830636099" lon="21.444027479" /><trkpt lat="53.830641954" lon="21.444009145" /><trkpt lat="53.830647807" lon="21.443990810" /><trkpt lat="53.830653655" lon="21.443972480" /><trkpt lat="53.830659495" lon="21.443954161" /><trkpt lat="53.830665324" lon="21.443935859" /><trkpt lat="53.830671140" lon="21.443917581" /><trkpt lat="53.830676940" lon="21.443899332" /><trkpt lat="53.830682721" lon="21.443881120" /><trkpt lat="53.830688480" lon="21.443862950" /><trkpt lat="53.830694215" lon="21.443844829" /><trkpt lat="53.830699924" lon="21.443826763" /><trkpt lat="53.830705602" lon="21.443808757" /><trkpt lat="53.830711248" lon="21.443790819" /><trkpt lat="53.830716859" lon="21.443772955" /><trkpt lat="53.830722432" lon="21.443755170" /><trkpt lat="53.830727964" lon="21.443737472" /><trkpt lat="53.830733453" lon="21.443719866" /><trkpt lat="53.830738895" lon="21.443702358" /><trkpt lat="53.830744289" lon="21.443684955" /><trkpt lat="53.830749631" lon="21.443667663" /><trkpt lat="53.830754919" lon="21.443650488" /><trkpt lat="53.830760149" lon="21.443633437" /><trkpt lat="53.830763979" lon="21.443620957" /><trkpt lat="53.830767934" lon="21.443608124" /><trkpt lat="53.830772011" lon="21.443594946" /><trkpt lat="53.830776207" lon="21.443581434" /><trkpt lat="53.830780519" lon="21.443567594" /><trkpt lat="53.830784944" lon="21.443553437" /><trkpt lat="53.830789479" lon="21.443538971" /><trkpt lat="53.830794121" lon="21.443524204" /><trkpt lat="53.830798868" lon="21.443509145" /><trkpt lat="53.830803715" lon="21.443493803" /><trkpt lat="53.830808661" lon="21.443478186" /><trkpt lat="53.830813701" lon="21.443462304" /><trkpt lat="53.830818834" lon="21.443446165" /><trkpt lat="53.830824056" lon="21.443429777" /><trkpt lat="53.830829365" lon="21.443413150" /><trkpt lat="53.830834756" lon="21.443396292" /><trkpt lat="53.830840228" lon="21.443379211" /><trkpt lat="53.830845777" lon="21.443361917" /><trkpt lat="53.830851400" lon="21.443344418" /><trkpt lat="53.830857094" lon="21.443326723" /><trkpt lat="53.830862857" lon="21.443308841" /><trkpt lat="53.830868685" lon="21.443290780" /><trkpt lat="53.830874575" lon="21.443272548" /><trkpt lat="53.830880525" lon="21.443254156" /><trkpt lat="53.830886531" lon="21.443235610" /><trkpt lat="53.830892590" lon="21.443216921" /><trkpt lat="53.830898700" lon="21.443198097" /><trkpt lat="53.830904857" lon="21.443179146" /><trkpt lat="53.830911058" lon="21.443160077" /><trkpt lat="53.830917301" lon="21.443140899" /><trkpt lat="53.830923583" lon="21.443121621" /><trkpt lat="53.830929899" lon="21.443102250" /><trkpt lat="53.830936248" lon="21.443082797" /><trkpt lat="53.830942627" lon="21.443063270" /><trkpt lat="53.830949032" lon="21.443043676" /><trkpt lat="53.830955461" lon="21.443024026" /><trkpt lat="53.830961910" lon="21.443004328" /><trkpt lat="53.830968377" lon="21.442984590" /><trkpt lat="53.830974858" lon="21.442964821" /><trkpt lat="53.830981351" lon="21.442945030" /><trkpt lat="53.830987852" lon="21.442925226" /><trkpt lat="53.830994359" lon="21.442905417" /><trkpt lat="53.831000868" lon="21.442885611" /><trkpt lat="53.831007377" lon="21.442865819" /><trkpt lat="53.831013883" lon="21.442846048" /><trkpt lat="53.831020382" lon="21.442826307" /><trkpt lat="53.831026872" lon="21.442806604" /><trkpt lat="53.831033350" lon="21.442786950" /><trkpt lat="53.831039813" lon="21.442767351" /><trkpt lat="53.831046257" lon="21.442747817" /><trkpt lat="53.831052679" lon="21.442728357" /><trkpt lat="53.831059078" lon="21.442708979" /><trkpt lat="53.831065449" lon="21.442689692" /><trkpt lat="53.831071790" lon="21.442670504" /><trkpt lat="53.831078098" lon="21.442651425" /><trkpt lat="53.831084369" lon="21.442632463" /><trkpt lat="53.831090602" lon="21.442613627" /><trkpt lat="53.831096792" lon="21.442594926" /><trkpt lat="53.831102937" lon="21.442576367" /><trkpt lat="53.831109034" lon="21.442557960" /><trkpt lat="53.831115079" lon="21.442539714" /><trkpt lat="53.831121071" lon="21.442521637" /><trkpt lat="53.831127005" lon="21.442503738" /><trkpt lat="53.831132880" lon="21.442486026" /><trkpt lat="53.831138691" lon="21.442468509" /><trkpt lat="53.831144436" lon="21.442451197" /><trkpt lat="53.831150112" lon="21.442434097" /><trkpt lat="53.831155716" lon="21.442417218" /><trkpt lat="53.831161245" lon="21.442400570" /><trkpt lat="53.831166696" lon="21.442384160" /><trkpt lat="53.831172066" lon="21.442367998" /><trkpt lat="53.831177352" lon="21.442352092" /><trkpt lat="53.831182551" lon="21.442336452" /><trkpt lat="53.831187660" lon="21.442321085" /><trkpt lat="53.831192677" lon="21.442306000" /><trkpt lat="53.831197597" lon="21.442291206" /><trkpt lat="53.831202418" lon="21.442276712" /><trkpt lat="53.831207138" lon="21.442262527" /><trkpt lat="53.831211752" lon="21.442248659" /><trkpt lat="53.831216259" lon="21.442235117" /><trkpt lat="53.831220655" lon="21.442221909" /><trkpt lat="53.831224936" lon="21.442209044" /><trkpt lat="53.831229102" lon="21.442196532" /><trkpt lat="53.831233147" lon="21.442184380" /><trkpt lat="53.831237069" lon="21.442172598" /><trkpt lat="53.831240866" lon="21.442161193" /><trkpt lat="53.831244534" lon="21.442150176" /><trkpt lat="53.831248162" lon="21.442139300" /><trkpt lat="53.831251919" lon="21.442128074" /><trkpt lat="53.831255803" lon="21.442116506" /><trkpt lat="53.831259812" lon="21.442104602" /><trkpt lat="53.831263943" lon="21.442092371" /><trkpt lat="53.831268194" lon="21.442079820" /><trkpt lat="53.831272561" lon="21.442066956" /><trkpt lat="53.831277042" lon="21.442053787" /><trkpt lat="53.831281635" lon="21.442040321" /><trkpt lat="53.831286337" lon="21.442026564" /><trkpt lat="53.831291144" lon="21.442012524" /><trkpt lat="53.831296056" lon="21.441998209" /><trkpt lat="53.831301068" lon="21.441983626" /><trkpt lat="53.831306179" lon="21.441968782" /><trkpt lat="53.831311386" lon="21.441953686" /><trkpt lat="53.831316686" lon="21.441938344" /><trkpt lat="53.831322076" lon="21.441922764" /><trkpt lat="53.831327555" lon="21.441906953" /><trkpt lat="53.831333118" lon="21.441890919" /><trkpt lat="53.831338764" lon="21.441874670" /><trkpt lat="53.831344491" lon="21.441858212" /><trkpt lat="53.831350295" lon="21.441841554" /><trkpt lat="53.831356173" lon="21.441824702" /><trkpt lat="53.831362124" lon="21.441807665" /><trkpt lat="53.831368144" lon="21.441790449" /><trkpt lat="53.831374231" lon="21.441773063" /><trkpt lat="53.831380383" lon="21.441755513" /><trkpt lat="53.831386596" lon="21.441737807" /><trkpt lat="53.831392869" lon="21.441719952" /><trkpt lat="53.831399198" lon="21.441701957" /><trkpt lat="53.831405580" lon="21.441683828" /><trkpt lat="53.831412014" lon="21.441665572" /><trkpt lat="53.831418497" lon="21.441647199" /><trkpt lat="53.831425026" lon="21.441628714" /><trkpt lat="53.831431597" lon="21.441610125" /><trkpt lat="53.831438210" lon="21.441591440" /><trkpt lat="53.831444861" lon="21.441572666" /><trkpt lat="53.831451547" lon="21.441553811" /><trkpt lat="53.831458267" lon="21.441534882" /><trkpt lat="53.831465016" lon="21.441515887" /><trkpt lat="53.831471793" lon="21.441496832" /><trkpt lat="53.831478595" lon="21.441477726" /><trkpt lat="53.831485420" lon="21.441458577" /><trkpt lat="53.831492264" lon="21.441439390" /><trkpt lat="53.831499126" lon="21.441420175" /><trkpt lat="53.831506002" lon="21.441400938" /><trkpt lat="53.831512890" lon="21.441381686" /><trkpt lat="53.831519787" lon="21.441362428" /><trkpt lat="53.831526691" lon="21.441343171" /><trkpt lat="53.831533599" lon="21.441323922" /><trkpt lat="53.831540509" lon="21.441304689" /><trkpt lat="53.831547417" lon="21.441285479" /><trkpt lat="53.831554322" lon="21.441266299" /><trkpt lat="53.831561220" lon="21.441247157" /><trkpt lat="53.831568109" lon="21.441228061" /><trkpt lat="53.831574987" lon="21.441209018" /><trkpt lat="53.831581850" lon="21.441190036" /><trkpt lat="53.831588696" lon="21.441171121" /><trkpt lat="53.831595523" lon="21.441152282" /><trkpt lat="53.831602328" lon="21.441133526" /><trkpt lat="53.831609108" lon="21.441114860" /><trkpt lat="53.831615860" lon="21.441096291" /><trkpt lat="53.831622583" lon="21.441077828" /><trkpt lat="53.831629273" lon="21.441059478" /><trkpt lat="53.831635927" lon="21.441041247" /><trkpt lat="53.831642544" lon="21.441023145" /><trkpt lat="53.831649121" lon="21.441005177" /><trkpt lat="53.831655654" lon="21.440987352" /><trkpt lat="53.831662142" lon="21.440969677" /><trkpt lat="53.831668581" lon="21.440952160" /><trkpt lat="53.831674969" lon="21.440934807" /><trkpt lat="53.831681304" lon="21.440917627" /><trkpt lat="53.831687582" lon="21.440900627" /><trkpt lat="53.831693802" lon="21.440883814" /><trkpt lat="53.831699960" lon="21.440867195" /><trkpt lat="53.831706055" lon="21.440850779" /><trkpt lat="53.831712082" lon="21.440834573" /><trkpt lat="53.831718040" lon="21.440818584" /><trkpt lat="53.831723927" lon="21.440802819" /><trkpt lat="53.831729738" lon="21.440787287" /><trkpt lat="53.831735473" lon="21.440771994" /><trkpt lat="53.831741128" lon="21.440756948" /><trkpt lat="53.831746700" lon="21.440742157" /><trkpt lat="53.831752188" lon="21.440727627" /><trkpt lat="53.831757588" lon="21.440713367" /><trkpt lat="53.831762897" lon="21.440699384" /><trkpt lat="53.831768114" lon="21.440685685" /><trkpt lat="53.831773235" lon="21.440672278" /><trkpt lat="53.831778416" lon="21.440658618" /><trkpt lat="53.831783578" lon="21.440644775" /><trkpt lat="53.831788721" lon="21.440630752" /><trkpt lat="53.831793845" lon="21.440616552" /><trkpt lat="53.831798951" lon="21.440602180" /><trkpt lat="53.831804038" lon="21.440587638" /><trkpt lat="53.831809107" lon="21.440572932" /><trkpt lat="53.831814158" lon="21.440558063" /><trkpt lat="53.831819192" lon="21.440543036" /><trkpt lat="53.831824207" lon="21.440527855" /><trkpt lat="53.831829205" lon="21.440512523" /><trkpt lat="53.831834186" lon="21.440497043" /><trkpt lat="53.831839150" lon="21.440481420" /><trkpt lat="53.831844097" lon="21.440465656" /><trkpt lat="53.831849027" lon="21.440449757" /><trkpt lat="53.831853940" lon="21.440433724" /><trkpt lat="53.831858837" lon="21.440417562" /><trkpt lat="53.831863718" lon="21.440401274" /><trkpt lat="53.831868583" lon="21.440384865" /><trkpt lat="53.831873432" lon="21.440368337" /><trkpt lat="53.831878265" lon="21.440351694" /><trkpt lat="53.831883083" lon="21.440334940" /><trkpt lat="53.831887886" lon="21.440318079" /><trkpt lat="53.831892673" lon="21.440301113" /><trkpt lat="53.831897445" lon="21.440284048" /><trkpt lat="53.831902203" lon="21.440266885" /><trkpt lat="53.831906946" lon="21.440249630" /><trkpt lat="53.831911675" lon="21.440232285" /><trkpt lat="53.831916389" lon="21.440214854" /><trkpt lat="53.831921089" lon="21.440197341" /><trkpt lat="53.831925776" lon="21.440179750" /><trkpt lat="53.831930448" lon="21.440162084" /><trkpt lat="53.831935107" lon="21.440144346" /><trkpt lat="53.831939753" lon="21.440126540" /><trkpt lat="53.831944386" lon="21.440108671" /><trkpt lat="53.831949005" lon="21.440090741" /><trkpt lat="53.831953612" lon="21.440072754" /><trkpt lat="53.831958206" lon="21.440054713" /><trkpt lat="53.831962788" lon="21.440036624" /><trkpt lat="53.831967357" lon="21.440018488" /><trkpt lat="53.831971915" lon="21.440000309" /><trkpt lat="53.831976460" lon="21.439982092" /><trkpt lat="53.831980994" lon="21.439963840" /><trkpt lat="53.831985516" lon="21.439945556" /><trkpt lat="53.831990027" lon="21.439927244" /><trkpt lat="53.831994526" lon="21.439908908" /><trkpt lat="53.831999015" lon="21.439890552" /><trkpt lat="53.832003493" lon="21.439872178" /><trkpt lat="53.832007960" lon="21.439853790" /><trkpt lat="53.832012416" lon="21.439835393" /><trkpt lat="53.832016862" lon="21.439816990" /><trkpt lat="53.832021299" lon="21.439798584" /><trkpt lat="53.832025725" lon="21.439780179" /><trkpt lat="53.832030141" lon="21.439761779" /><trkpt lat="53.832034548" lon="21.439743386" /><trkpt lat="53.832038945" lon="21.439725006" /><trkpt lat="53.832043334" lon="21.439706642" /><trkpt lat="53.832047713" lon="21.439688296" /><trkpt lat="53.832052083" lon="21.439669973" /><trkpt lat="53.832056445" lon="21.439651676" /><trkpt lat="53.832060798" lon="21.439633410" /><trkpt lat="53.832065142" lon="21.439615177" /><trkpt lat="53.832069479" lon="21.439596981" /><trkpt lat="53.832073808" lon="21.439578826" /><trkpt lat="53.832078128" lon="21.439560715" /><trkpt lat="53.832082442" lon="21.439542653" /><trkpt lat="53.832086747" lon="21.439524642" /><trkpt lat="53.832091046" lon="21.439506686" /><trkpt lat="53.832095337" lon="21.439488789" /><trkpt lat="53.832099622" lon="21.439470955" /><trkpt lat="53.832103900" lon="21.439453187" /><trkpt lat="53.832108171" lon="21.439435489" /><trkpt lat="53.832112436" lon="21.439417864" /><trkpt lat="53.832116694" lon="21.439400316" /><trkpt lat="53.832120947" lon="21.439382849" /><trkpt lat="53.832125194" lon="21.439365466" /><trkpt lat="53.832129435" lon="21.439348170" /><trkpt lat="53.832133671" lon="21.439330967" /><trkpt lat="53.832137902" lon="21.439313858" /><trkpt lat="53.832142127" lon="21.439296848" /><trkpt lat="53.832146348" lon="21.439279940" /><trkpt lat="53.832150563" lon="21.439263139" /><trkpt lat="53.832154774" lon="21.439246446" /><trkpt lat="53.832158981" lon="21.439229867" /><trkpt lat="53.832163184" lon="21.439213405" /><trkpt lat="53.832167382" lon="21.439197063" /><trkpt lat="53.832172847" lon="21.439175962" /><trkpt lat="53.832178306" lon="21.439155081" /><trkpt lat="53.832183760" lon="21.439134417" /><trkpt lat="53.832189208" lon="21.439113967" /><trkpt lat="53.832194652" lon="21.439093725" /><trkpt lat="53.832200092" lon="21.439073688" /><trkpt lat="53.832205528" lon="21.439053851" /><trkpt lat="53.832210961" lon="21.439034211" /><trkpt lat="53.832216392" lon="21.439014763" /><trkpt lat="53.832221820" lon="21.438995503" /><trkpt lat="53.832227247" lon="21.438976427" /><trkpt lat="53.832232673" lon="21.438957531" /><trkpt lat="53.832238098" lon="21.438938810" /><trkpt lat="53.832243523" lon="21.438920261" /><trkpt lat="53.832248949" lon="21.438901879" /><trkpt lat="53.832254375" lon="21.438883661" /><trkpt lat="53.832259803" lon="21.438865602" /><trkpt lat="53.832265233" lon="21.438847697" /><trkpt lat="53.832270665" lon="21.438829944" /><trkpt lat="53.832276099" lon="21.438812337" /><trkpt lat="53.832281538" lon="21.438794872" /><trkpt lat="53.832286980" lon="21.438777546" /><trkpt lat="53.832292426" lon="21.438760354" /><trkpt lat="53.832297878" lon="21.438743293" /><trkpt lat="53.832303334" lon="21.438726357" /><trkpt lat="53.832308797" lon="21.438709543" /><trkpt lat="53.832314266" lon="21.438692846" /><trkpt lat="53.832319742" lon="21.438676264" /><trkpt lat="53.832325225" lon="21.438659790" /><trkpt lat="53.832330716" lon="21.438643422" /><trkpt lat="53.832336215" lon="21.438627155" /><trkpt lat="53.832341723" lon="21.438610985" /><trkpt lat="53.832347240" lon="21.438594908" /><trkpt lat="53.832352767" lon="21.438578919" /><trkpt lat="53.832358305" lon="21.438563015" /><trkpt lat="53.832363853" lon="21.438547191" /><trkpt lat="53.832369413" lon="21.438531444" /><trkpt lat="53.832374984" lon="21.438515768" /><trkpt lat="53.832380568" lon="21.438500161" /><trkpt lat="53.832386164" lon="21.438484617" /><trkpt lat="53.832391774" lon="21.438469133" /><trkpt lat="53.832397397" lon="21.438453705" /><trkpt lat="53.832403035" lon="21.438438328" /><trkpt lat="53.832408688" lon="21.438422998" /><trkpt lat="53.832414355" lon="21.438407711" /><trkpt lat="53.832420039" lon="21.438392463" /><trkpt lat="53.832425739" lon="21.438377250" /><trkpt lat="53.832431455" lon="21.438362068" /><trkpt lat="53.832437189" lon="21.438346912" /><trkpt lat="53.832442941" lon="21.438331779" /><trkpt lat="53.832448710" lon="21.438316664" /><trkpt lat="53.832454499" lon="21.438301563" /><trkpt lat="53.832460307" lon="21.438286472" /><trkpt lat="53.832466134" lon="21.438271387" /><trkpt lat="53.832471982" lon="21.438256303" /><trkpt lat="53.832477850" lon="21.438241218" /><trkpt lat="53.832483740" lon="21.438226125" /><trkpt lat="53.832489651" lon="21.438211022" /><trkpt lat="53.832495584" lon="21.438195903" /><trkpt lat="53.832501541" lon="21.438180766" /><trkpt lat="53.832507520" lon="21.438165606" /><trkpt lat="53.832513523" lon="21.438150418" /><trkpt lat="53.832519550" lon="21.438135199" /><trkpt lat="53.832525602" lon="21.438119944" /><trkpt lat="53.832531679" lon="21.438104650" /><trkpt lat="53.832537782" lon="21.438089311" /><trkpt lat="53.832542953" lon="21.438076384" /><trkpt lat="53.832548244" lon="21.438063272" /><trkpt lat="53.832553655" lon="21.438049980" /><trkpt lat="53.832559182" lon="21.438036511" /><trkpt lat="53.832564824" lon="21.438022870" /><trkpt lat="53.832570577" lon="21.438009059" /><trkpt lat="53.832576441" lon="21.437995084" /><trkpt lat="53.832582412" lon="21.437980948" /><trkpt lat="53.832588489" lon="21.437966655" /><trkpt lat="53.832594670" lon="21.437952208" /><trkpt lat="53.832600951" lon="21.437937612" /><trkpt lat="53.832607331" lon="21.437922870" /><trkpt lat="53.832613808" lon="21.437907987" /><trkpt lat="53.832620380" lon="21.437892966" /><trkpt lat="53.832627043" lon="21.437877811" /><trkpt lat="53.832633797" lon="21.437862526" /><trkpt lat="53.832640639" lon="21.437847115" /><trkpt lat="53.832647566" lon="21.437831582" /><trkpt lat="53.832654576" lon="21.437815931" /><trkpt lat="53.832661668" lon="21.437800165" /><trkpt lat="53.832668839" lon="21.437784288" /><trkpt lat="53.832676086" lon="21.437768305" /><trkpt lat="53.832683408" lon="21.437752219" /><trkpt lat="53.832690802" lon="21.437736035" /><trkpt lat="53.832698267" lon="21.437719755" /><trkpt lat="53.832705799" lon="21.437703384" /><trkpt lat="53.832713397" lon="21.437686926" /><trkpt lat="53.832721058" lon="21.437670384" /><trkpt lat="53.832728781" lon="21.437653763" /><trkpt lat="53.832736562" lon="21.437637066" /><trkpt lat="53.832744401" lon="21.437620298" /><trkpt lat="53.832752294" lon="21.437603462" /><trkpt lat="53.832760239" lon="21.437586562" /><trkpt lat="53.832768234" lon="21.437569602" /><trkpt lat="53.832776278" lon="21.437552585" /><trkpt lat="53.832784367" lon="21.437535517" /><trkpt lat="53.832792500" lon="21.437518399" /><trkpt lat="53.832800674" lon="21.437501238" /><trkpt lat="53.832808887" lon="21.437484036" /><trkpt lat="53.832817137" lon="21.437466797" /><trkpt lat="53.832825421" lon="21.437449525" /><trkpt lat="53.832833738" lon="21.437432224" /><trkpt lat="53.832842086" lon="21.437414898" /><trkpt lat="53.832850461" lon="21.437397551" /><trkpt lat="53.832858862" lon="21.437380186" /><trkpt lat="53.832867287" lon="21.437362809" /><trkpt lat="53.832875733" lon="21.437345421" /><trkpt lat="53.832884198" lon="21.437328028" /><trkpt lat="53.832892680" lon="21.437310633" /><trkpt lat="53.832901177" lon="21.437293240" /><trkpt lat="53.832909686" lon="21.437275853" /><trkpt lat="53.832918206" lon="21.437258476" /><trkpt lat="53.832926733" lon="21.437241113" /><trkpt lat="53.832935267" lon="21.437223767" /><trkpt lat="53.832943804" lon="21.437206443" /><trkpt lat="53.832952342" lon="21.437189144" /><trkpt lat="53.832960880" lon="21.437171875" /><trkpt lat="53.832969415" lon="21.437154638" /><trkpt lat="53.832977945" lon="21.437137439" /><trkpt lat="53.832986467" lon="21.437120281" /><trkpt lat="53.832994979" lon="21.437103167" /><trkpt lat="53.833003480" lon="21.437086102" /><trkpt lat="53.833011966" lon="21.437069090" /><trkpt lat="53.833020437" lon="21.437052134" /><trkpt lat="53.833028888" lon="21.437035239" /><trkpt lat="53.833037319" lon="21.437018408" /><trkpt lat="53.833045727" lon="21.437001645" /><trkpt lat="53.833054110" lon="21.436984954" /><trkpt lat="53.833062466" lon="21.436968338" /><trkpt lat="53.833070792" lon="21.436951803" /><trkpt lat="53.833079086" lon="21.436935351" /><trkpt lat="53.833087346" lon="21.436918987" /><trkpt lat="53.833095570" lon="21.436902714" /><trkpt lat="53.833103755" lon="21.436886537" /><trkpt lat="53.833111900" lon="21.436870459" /><trkpt lat="53.833120002" lon="21.436854483" /><trkpt lat="53.833128058" lon="21.436838615" /><trkpt lat="53.833136068" lon="21.436822858" /><trkpt lat="53.833144028" lon="21.436807215" /><trkpt lat="53.833151561" lon="21.436792421" /><trkpt lat="53.833159231" lon="21.436777358" /><trkpt lat="53.833167036" lon="21.436762034" /><trkpt lat="53.833174970" lon="21.436746459" /><trkpt lat="53.833183028" lon="21.436730641" /><trkpt lat="53.833191207" lon="21.436714589" /><trkpt lat="53.833199501" lon="21.436698313" /><trkpt lat="53.833207906" lon="21.436681820" /><trkpt lat="53.833216418" lon="21.436665121" /><trkpt lat="53.833225032" lon="21.436648223" /><trkpt lat="53.833233744" lon="21.436631136" /><trkpt lat="53.833242549" lon="21.436613869" /><trkpt lat="53.833251443" lon="21.436596431" /><trkpt lat="53.833260420" lon="21.436578830" /><trkpt lat="53.833269478" lon="21.436561076" /><trkpt lat="53.833278610" lon="21.436543176" /><trkpt lat="53.833287813" lon="21.436525142" /><trkpt lat="53.833297082" lon="21.436506980" /><trkpt lat="53.833306413" lon="21.436488700" /><trkpt lat="53.833315801" lon="21.436470311" /><trkpt lat="53.833325242" lon="21.436451823" /><trkpt lat="53.833334731" lon="21.436433242" /><trkpt lat="53.833344263" lon="21.436414580" /><trkpt lat="53.833353834" lon="21.436395844" /><trkpt lat="53.833363440" lon="21.436377044" /><trkpt lat="53.833373077" lon="21.436358188" /><trkpt lat="53.833382738" lon="21.436339285" /><trkpt lat="53.833392421" lon="21.436320345" /><trkpt lat="53.833402121" lon="21.436301375" /><trkpt lat="53.833411832" lon="21.436282386" /><trkpt lat="53.833421551" lon="21.436263385" /><trkpt lat="53.833431273" lon="21.436244383" /><trkpt lat="53.833440994" lon="21.436225387" /><trkpt lat="53.833450709" lon="21.436206407" /><trkpt lat="53.833460414" lon="21.436187451" /><trkpt lat="53.833470103" lon="21.436168529" /><trkpt lat="53.833479773" lon="21.436149649" /><trkpt lat="53.833489420" lon="21.436130820" /><trkpt lat="53.833499037" lon="21.436112052" /><trkpt lat="53.833508622" lon="21.436093353" /><trkpt lat="53.833518170" lon="21.436074731" /><trkpt lat="53.833527675" lon="21.436056197" /><trkpt lat="53.833537134" lon="21.436037758" /><trkpt lat="53.833546542" lon="21.436019424" /><trkpt lat="53.833555895" lon="21.436001204" /><trkpt lat="53.833565188" lon="21.435983106" /><trkpt lat="53.833574416" lon="21.435965139" /><trkpt lat="53.833583575" lon="21.435947313" /><trkpt lat="53.833592661" lon="21.435929636" /><trkpt lat="53.833601669" lon="21.435912117" /><trkpt lat="53.833610595" lon="21.435894766" /><trkpt lat="53.833619433" lon="21.435877590" /><trkpt lat="53.833628180" lon="21.435860599" /><trkpt lat="53.833636831" lon="21.435843802" /><trkpt lat="53.833645382" lon="21.435827207" /><trkpt lat="53.833653828" lon="21.435810824" /><trkpt lat="53.833662164" lon="21.435794662" /><trkpt lat="53.833670386" lon="21.435778729" /><trkpt lat="53.833678490" lon="21.435763034" /><trkpt lat="53.833686470" lon="21.435747586" /><trkpt lat="53.833694324" lon="21.435732395" /><trkpt lat="53.833702045" lon="21.435717468" /><trkpt lat="53.833709630" lon="21.435702816" /><trkpt lat="53.833717074" lon="21.435688446" /><trkpt lat="53.833724372" lon="21.435674368" /><trkpt lat="53.833731520" lon="21.435660590" /><trkpt lat="53.833738514" lon="21.435647123" /><trkpt lat="53.833745349" lon="21.435633973" /><trkpt lat="53.833752020" lon="21.435621151" /><trkpt lat="53.833758523" lon="21.435608665" /><trkpt lat="53.833764854" lon="21.435596524" /><trkpt lat="53.833771008" lon="21.435584738" /><trkpt lat="53.833776980" lon="21.435573314" /><trkpt lat="53.833782766" lon="21.435562262" /><trkpt lat="53.833788362" lon="21.435551591" /><trkpt lat="53.833793763" lon="21.435541310" /><trkpt lat="53.833798964" lon="21.435531427" /><trkpt lat="53.833803961" lon="21.435521952" /><trkpt lat="53.833808750" lon="21.435512893" /><trkpt lat="53.833813325" lon="21.435504260" /><trkpt lat="53.833817683" lon="21.435496061" /><trkpt lat="53.833821819" lon="21.435488305" /><trkpt lat="53.833825729" lon="21.435481000" /><trkpt lat="53.833829407" lon="21.435474157" /><trkpt lat="53.833836310" lon="21.435461749" /><trkpt lat="53.833843712" lon="21.435449209" /><trkpt lat="53.833851596" lon="21.435436548" /><trkpt lat="53.833859944" lon="21.435423775" /><trkpt lat="53.833868740" lon="21.435410903" /><trkpt lat="53.833877966" lon="21.435397941" /><trkpt lat="53.833887605" lon="21.435384901" /><trkpt lat="53.833897641" lon="21.435371794" /><trkpt lat="53.833908056" lon="21.435358629" /><trkpt lat="53.833918833" lon="21.435345419" /><trkpt lat="53.833929955" lon="21.435332173" /><trkpt lat="53.833941404" lon="21.435318902" /><trkpt lat="53.833953165" lon="21.435305618" /><trkpt lat="53.833965219" lon="21.435292331" /><trkpt lat="53.833977550" lon="21.435279051" /><trkpt lat="53.833990140" lon="21.435265791" /><trkpt lat="53.834002973" lon="21.435252559" /><trkpt lat="53.834016031" lon="21.435239367" /><trkpt lat="53.834029297" lon="21.435226227" /><trkpt lat="53.834042755" lon="21.435213148" /><trkpt lat="53.834056386" lon="21.435200141" /><trkpt lat="53.834070174" lon="21.435187218" /><trkpt lat="53.834084103" lon="21.435174388" /><trkpt lat="53.834098154" lon="21.435161664" /><trkpt lat="53.834112311" lon="21.435149054" /><trkpt lat="53.834126556" lon="21.435136572" /><trkpt lat="53.834140873" lon="21.435124226" /><trkpt lat="53.834155244" lon="21.435112028" /><trkpt lat="53.834169652" lon="21.435099988" /><trkpt lat="53.834184081" lon="21.435088118" /><trkpt lat="53.834198513" lon="21.435076428" /><trkpt lat="53.834212931" lon="21.435064929" /><trkpt lat="53.834227318" lon="21.435053631" /><trkpt lat="53.834241656" lon="21.435042547" /><trkpt lat="53.834255930" lon="21.435031685" /><trkpt lat="53.834270121" lon="21.435021057" /><trkpt lat="53.834284212" lon="21.435010674" /><trkpt lat="53.834298187" lon="21.435000547" /><trkpt lat="53.834312029" lon="21.434990686" /><trkpt lat="53.834325720" lon="21.434981102" /><trkpt lat="53.834339243" lon="21.434971806" /><trkpt lat="53.834352581" lon="21.434962808" /><trkpt lat="53.834365717" lon="21.434954120" /><trkpt lat="53.834378634" lon="21.434945752" /><trkpt lat="53.834391315" lon="21.434937716" /><trkpt lat="53.834405514" lon="21.434928750" /><trkpt lat="53.834419848" lon="21.434919562" /><trkpt lat="53.834434304" lon="21.434910160" /><trkpt lat="53.834448868" lon="21.434900554" /><trkpt lat="53.834463529" lon="21.434890751" /><trkpt lat="53.834478271" lon="21.434880760" /><trkpt lat="53.834493083" lon="21.434870592" /><trkpt lat="53.834507951" lon="21.434860253" /><trkpt lat="53.834522861" lon="21.434849754" /><trkpt lat="53.834537801" lon="21.434839102" /><trkpt lat="53.834552757" lon="21.434828308" /><trkpt lat="53.834567716" lon="21.434817378" /><trkpt lat="53.834582666" lon="21.434806323" /><trkpt lat="53.834597591" lon="21.434795151" /><trkpt lat="53.834612481" lon="21.434783871" /><trkpt lat="53.834627321" lon="21.434772491" /><trkpt lat="53.834642097" lon="21.434761021" /><trkpt lat="53.834656798" lon="21.434749470" /><trkpt lat="53.834671409" lon="21.434737845" /><trkpt lat="53.834685918" lon="21.434726156" /><trkpt lat="53.834700311" lon="21.434714412" /><trkpt lat="53.834714575" lon="21.434702622" /><trkpt lat="53.834728697" lon="21.434690793" /><trkpt lat="53.834742664" lon="21.434678936" /><trkpt lat="53.834756461" lon="21.434667059" /><trkpt lat="53.834770078" lon="21.434655170" /><trkpt lat="53.834783499" lon="21.434643279" /><trkpt lat="53.834796712" lon="21.434631394" /><trkpt lat="53.834809703" lon="21.434619524" /><trkpt lat="53.834822460" lon="21.434607678" /><trkpt lat="53.834834970" lon="21.434595865" /><trkpt lat="53.834847218" lon="21.434584093" /><trkpt lat="53.834859192" lon="21.434572372" /><trkpt lat="53.834870878" lon="21.434560709" /><trkpt lat="53.834882264" lon="21.434549115" /><trkpt lat="53.834893336" lon="21.434537597" /><trkpt lat="53.834904081" lon="21.434526165" /><trkpt lat="53.834914486" lon="21.434514827" /><trkpt lat="53.834924537" lon="21.434503592" /><trkpt lat="53.834934222" lon="21.434492469" /><trkpt lat="53.834942724" lon="21.434482099" /><trkpt lat="53.834950967" lon="21.434471120" /><trkpt lat="53.834958958" lon="21.434459556" /><trkpt lat="53.834966703" lon="21.434447432" /><trkpt lat="53.834974208" lon="21.434434768" /><trkpt lat="53.834981479" lon="21.434421591" /><trkpt lat="53.834988523" lon="21.434407922" /><trkpt lat="53.834995346" lon="21.434393785" /><trkpt lat="53.835001954" lon="21.434379204" /><trkpt lat="53.835008353" lon="21.434364202" /><trkpt lat="53.835014549" lon="21.434348803" /><trkpt lat="53.835020550" lon="21.434333030" /><trkpt lat="53.835026360" lon="21.434316905" /><trkpt lat="53.835031987" lon="21.434300454" /><trkpt lat="53.835037436" lon="21.434283699" /><trkpt lat="53.835042714" lon="21.434266664" /><trkpt lat="53.835047827" lon="21.434249371" /><trkpt lat="53.835052781" lon="21.434231845" /><trkpt lat="53.835057582" lon="21.434214109" /><trkpt lat="53.835062238" lon="21.434196187" /><trkpt lat="53.835066753" lon="21.434178101" /><trkpt lat="53.835071135" lon="21.434159875" /><trkpt lat="53.835075389" lon="21.434141533" /><trkpt lat="53.835079521" lon="21.434123098" /><trkpt lat="53.835083539" lon="21.434104593" /><trkpt lat="53.835087448" lon="21.434086043" /><trkpt lat="53.835091254" lon="21.434067469" /><trkpt lat="53.835094964" lon="21.434048897" /><trkpt lat="53.835098584" lon="21.434030348" /><trkpt lat="53.835102120" lon="21.434011848" /><trkpt lat="53.835105578" lon="21.433993418" /><trkpt lat="53.835108965" lon="21.433975083" /><trkpt lat="53.835112287" lon="21.433956865" /><trkpt lat="53.835115550" lon="21.433938789" /><trkpt lat="53.835118761" lon="21.433920878" /><trkpt lat="53.835121925" lon="21.433903155" /><trkpt lat="53.835125049" lon="21.433885643" /><trkpt lat="53.835128139" lon="21.433868367" /><trkpt lat="53.835131201" lon="21.433851348" /><trkpt lat="53.835134243" lon="21.433834612" /><trkpt lat="53.835137268" lon="21.433818181" /><trkpt lat="53.835140285" lon="21.433802079" /><trkpt lat="53.835143300" lon="21.433786329" /><trkpt lat="53.835146317" lon="21.433770955" /><trkpt lat="53.835150627" lon="21.433749393" /><trkpt lat="53.835154711" lon="21.433729173" /><trkpt lat="53.835158597" lon="21.433710205" /><trkpt lat="53.835162311" lon="21.433692402" /><trkpt lat="53.835165883" lon="21.433675674" /><trkpt lat="53.835169338" lon="21.433659933" /><trkpt lat="53.835172704" lon="21.433645089" /><trkpt lat="53.835176009" lon="21.433631054" /><trkpt lat="53.835179281" lon="21.433617739" /><trkpt lat="53.835182546" lon="21.433605055" /><trkpt lat="53.835185832" lon="21.433592914" /><trkpt lat="53.835189167" lon="21.433581226" /><trkpt lat="53.835192578" lon="21.433569903" /><trkpt lat="53.835196092" lon="21.433558856" /><trkpt lat="53.835199737" lon="21.433547996" /><trkpt lat="53.835203540" lon="21.433537234" /><trkpt lat="53.835207529" lon="21.433526482" /><trkpt lat="53.835211731" lon="21.433515651" /><trkpt lat="53.835216174" lon="21.433504652" /><trkpt lat="53.835220885" lon="21.433493396" /><trkpt lat="53.835225891" lon="21.433481794" /><trkpt lat="53.835231220" lon="21.433469757" /><trkpt lat="53.835236900" lon="21.433457197" /><trkpt lat="53.835242957" lon="21.433444026" /><trkpt lat="53.835249419" lon="21.433430153" /><trkpt lat="53.835256314" lon="21.433415490" /><trkpt lat="53.835263669" lon="21.433399949" /><trkpt lat="53.835271512" lon="21.433383440" /><trkpt lat="53.835279869" lon="21.433365875" /><trkpt lat="53.835288769" lon="21.433347166" /><trkpt lat="53.835295454" lon="21.433333282" /><trkpt lat="53.835302388" lon="21.433319224" /><trkpt lat="53.835309562" lon="21.433305002" /><trkpt lat="53.835316967" lon="21.433290624" /><trkpt lat="53.835324594" lon="21.433276099" /><trkpt lat="53.835332432" lon="21.433261437" /><trkpt lat="53.835340474" lon="21.433246645" /><trkpt lat="53.835348709" lon="21.433231733" /><trkpt lat="53.835357129" lon="21.433216710" /><trkpt lat="53.835365725" lon="21.433201585" /><trkpt lat="53.835374486" lon="21.433186366" /><trkpt lat="53.835383404" lon="21.433171063" /><trkpt lat="53.835392471" lon="21.433155684" /><trkpt lat="53.835401675" lon="21.433140238" /><trkpt lat="53.835411009" lon="21.433124735" /><trkpt lat="53.835420462" lon="21.433109183" /><trkpt lat="53.835430027" lon="21.433093590" /><trkpt lat="53.835439693" lon="21.433077967" /><trkpt lat="53.835449451" lon="21.433062322" /><trkpt lat="53.835459292" lon="21.433046663" /><trkpt lat="53.835469207" lon="21.433031000" /><trkpt lat="53.835479187" lon="21.433015342" /><trkpt lat="53.835489222" lon="21.432999697" /><trkpt lat="53.835499303" lon="21.432984074" /><trkpt lat="53.835509421" lon="21.432968483" /><trkpt lat="53.835519567" lon="21.432952932" /><trkpt lat="53.835529732" lon="21.432937430" /><trkpt lat="53.835539905" lon="21.432921986" /><trkpt lat="53.835550079" lon="21.432906609" /><trkpt lat="53.835560243" lon="21.432891307" /><trkpt lat="53.835570389" lon="21.432876091" /><trkpt lat="53.835580507" lon="21.432860968" /><trkpt lat="53.835590588" lon="21.432845947" /><trkpt lat="53.835600623" lon="21.432831038" /><trkpt lat="53.835610603" lon="21.432816250" /><trkpt lat="53.835620518" lon="21.432801590" /><trkpt lat="53.835630359" lon="21.432787069" /><trkpt lat="53.835640117" lon="21.432772695" /><trkpt lat="53.835649783" lon="21.432758476" /><trkpt lat="53.835659348" lon="21.432744423" /><trkpt lat="53.835668801" lon="21.432730543" /><trkpt lat="53.835678135" lon="21.432716846" /><trkpt lat="53.835687233" lon="21.432703551" /><trkpt lat="53.835696419" lon="21.432690237" /><trkpt lat="53.835705690" lon="21.432676903" /><trkpt lat="53.835715047" lon="21.432663547" /><trkpt lat="53.835724489" lon="21.432650168" /><trkpt lat="53.835734015" lon="21.432636764" /><trkpt lat="53.835743625" lon="21.432623335" /><trkpt lat="53.835753318" lon="21.432609878" /><trkpt lat="53.835763093" lon="21.432596393" /><trkpt lat="53.835772951" lon="21.432582877" /><trkpt lat="53.835782889" lon="21.432569330" /><trkpt lat="53.835792909" lon="21.432555750" /><trkpt lat="53.835803009" lon="21.432542135" /><trkpt lat="53.835813188" lon="21.432528484" /><trkpt lat="53.835823446" lon="21.432514797" /><trkpt lat="53.835833783" lon="21.432501070" /><trkpt lat="53.835844197" lon="21.432487304" /><trkpt lat="53.835854688" lon="21.432473496" /><trkpt lat="53.835865256" lon="21.432459645" /><trkpt lat="53.835875900" lon="21.432445750" /><trkpt lat="53.835886620" lon="21.432431809" /><trkpt lat="53.835897414" lon="21.432417821" /><trkpt lat="53.835908282" lon="21.432403784" /><trkpt lat="53.835919224" lon="21.432389698" /><trkpt lat="53.835930239" lon="21.432375560" /><trkpt lat="53.835941326" lon="21.432361369" /><trkpt lat="53.835952485" lon="21.432347123" /><trkpt lat="53.835963715" lon="21.432332823" /><trkpt lat="53.835975016" lon="21.432318465" /><trkpt lat="53.835986387" lon="21.432304048" /><trkpt lat="53.835997827" lon="21.432289572" /><trkpt lat="53.836009336" lon="21.432275034" /><trkpt lat="53.836020913" lon="21.432260434" /><trkpt lat="53.836032558" lon="21.432245769" /><trkpt lat="53.836044269" lon="21.432231039" /><trkpt lat="53.836056047" lon="21.432216242" /><trkpt lat="53.836067891" lon="21.432201377" /><trkpt lat="53.836079801" lon="21.432186441" /><trkpt lat="53.836091774" lon="21.432171435" /><trkpt lat="53.836103812" lon="21.432156355" /><trkpt lat="53.836115914" lon="21.432141202" /><trkpt lat="53.836128078" lon="21.432125973" /><trkpt lat="53.836140304" lon="21.432110667" /><trkpt lat="53.836149633" lon="21.432098874" /><trkpt lat="53.836159120" lon="21.432086656" /><trkpt lat="53.836168759" lon="21.432074032" /><trkpt lat="53.836178542" lon="21.432061018" /><trkpt lat="53.836188461" lon="21.432047630" /><trkpt lat="53.836198508" lon="21.432033887" /><trkpt lat="53.836208676" lon="21.432019804" /><trkpt lat="53.836218957" lon="21.432005399" /><trkpt lat="53.836229343" lon="21.431990689" /><trkpt lat="53.836239827" lon="21.431975691" /><trkpt lat="53.836250402" lon="21.431960421" /><trkpt lat="53.836261059" lon="21.431944897" /><trkpt lat="53.836271791" lon="21.431929135" /><trkpt lat="53.836282590" lon="21.431913152" /><trkpt lat="53.836293449" lon="21.431896966" /><trkpt lat="53.836304360" lon="21.431880594" /><trkpt lat="53.836315315" lon="21.431864051" /><trkpt lat="53.836326307" lon="21.431847356" /><trkpt lat="53.836337328" lon="21.431830525" /><trkpt lat="53.836348370" lon="21.431813576" /><trkpt lat="53.836359427" lon="21.431796524" /><trkpt lat="53.836370489" lon="21.431779387" /><trkpt lat="53.836381550" lon="21.431762182" /><trkpt lat="53.836392602" lon="21.431744926" /><trkpt lat="53.836403637" lon="21.431727636" /><trkpt lat="53.836414647" lon="21.431710329" /><trkpt lat="53.836425626" lon="21.431693022" /><trkpt lat="53.836436565" lon="21.431675731" /><trkpt lat="53.836447456" lon="21.431658474" /><trkpt lat="53.836458293" lon="21.431641267" /><trkpt lat="53.836469067" lon="21.431624128" /><trkpt lat="53.836479770" lon="21.431607073" /><trkpt lat="53.836490396" lon="21.431590120" /><trkpt lat="53.836500936" lon="21.431573285" /><trkpt lat="53.836511383" lon="21.431556586" /><trkpt lat="53.836521730" lon="21.431540038" /><trkpt lat="53.836531967" lon="21.431523660" /><trkpt lat="53.836542089" lon="21.431507468" /><trkpt lat="53.836552087" lon="21.431491479" /><trkpt lat="53.836561954" lon="21.431475710" /><trkpt lat="53.836571681" lon="21.431460179" /><trkpt lat="53.836581262" lon="21.431444901" /><trkpt lat="53.836590689" lon="21.431429894" /><trkpt lat="53.836599953" lon="21.431415174" /><trkpt lat="53.836609048" lon="21.431400760" /><trkpt lat="53.836617966" lon="21.431386667" /><trkpt lat="53.836626699" lon="21.431372913" /><trkpt lat="53.836635240" lon="21.431359514" /><trkpt lat="53.836643580" lon="21.431346488" /><trkpt lat="53.836651713" lon="21.431333852" /><trkpt lat="53.836659630" lon="21.431321621" /><trkpt lat="53.836667324" lon="21.431309815" /><trkpt lat="53.836674787" lon="21.431298448" /><trkpt lat="53.836682012" lon="21.431287539" /><trkpt lat="53.836688991" lon="21.431277104" /><trkpt lat="53.836695717" lon="21.431267160" /><trkpt lat="53.836702181" lon="21.431257725" /><trkpt lat="53.836708798" lon="21.431248106" /><trkpt lat="53.836715755" lon="21.431237943" /><trkpt lat="53.836723039" lon="21.431227255" /><trkpt lat="53.836730638" lon="21.431216062" /><trkpt lat="53.836738541" lon="21.431204384" /><trkpt lat="53.836746734" lon="21.431192241" /><trkpt lat="53.836755206" lon="21.431179653" /><trkpt lat="53.836763945" lon="21.431166639" /><trkpt lat="53.836772938" lon="21.431153220" /><trkpt lat="53.836782175" lon="21.431139416" /><trkpt lat="53.836791642" lon="21.431125246" /><trkpt lat="53.836801327" lon="21.431110730" /><trkpt lat="53.836811220" lon="21.431095888" /><trkpt lat="53.836821307" lon="21.431080741" /><trkpt lat="53.836831576" lon="21.431065307" /><trkpt lat="53.836842015" lon="21.431049607" /><trkpt lat="53.836852613" lon="21.431033661" /><trkpt lat="53.836863358" lon="21.431017488" /><trkpt lat="53.836874236" lon="21.431001109" /><trkpt lat="53.836885237" lon="21.430984543" /><trkpt lat="53.836896347" lon="21.430967810" /><trkpt lat="53.836907556" lon="21.430950931" /><trkpt lat="53.836918851" lon="21.430933924" /><trkpt lat="53.836930219" lon="21.430916811" /><trkpt lat="53.836941650" lon="21.430899610" /><trkpt lat="53.836953130" lon="21.430882341" /><trkpt lat="53.836964648" lon="21.430865025" /><trkpt lat="53.836976192" lon="21.430847682" /><trkpt lat="53.836987749" lon="21.430830331" /><trkpt lat="53.836999308" lon="21.430812992" /><trkpt lat="53.837010856" lon="21.430795685" /><trkpt lat="53.837022382" lon="21.430778430" /><trkpt lat="53.837033873" lon="21.430761247" /><trkpt lat="53.837045318" lon="21.430744156" /><trkpt lat="53.837056704" lon="21.430727176" /><trkpt lat="53.837068019" lon="21.430710328" /><trkpt lat="53.837079251" lon="21.430693632" /><trkpt lat="53.837090388" lon="21.430677106" /><trkpt lat="53.837101419" lon="21.430660772" /><trkpt lat="53.837112330" lon="21.430644648" /><trkpt lat="53.837123110" lon="21.430628756" /><trkpt lat="53.837133747" lon="21.430613114" /><trkpt lat="53.837144229" lon="21.430597744" /><trkpt lat="53.837154544" lon="21.430582663" /><trkpt lat="53.837164679" lon="21.430567894" /><trkpt lat="53.837174623" lon="21.430553454" /><trkpt lat="53.837184364" lon="21.430539365" /><trkpt lat="53.837193889" lon="21.430525646" /><trkpt lat="53.837203186" lon="21.430512317" /><trkpt lat="53.837212244" lon="21.430499398" /><trkpt lat="53.837221050" lon="21.430486908" /><trkpt lat="53.837229593" lon="21.430474869" /><trkpt lat="53.837237860" lon="21.430463299" /><trkpt lat="53.837245839" lon="21.430452218" /><trkpt lat="53.837253518" lon="21.430441647" /><trkpt lat="53.837260885" lon="21.430431604" /><trkpt lat="53.837267334" lon="21.430422812" /><trkpt lat="53.837274066" lon="21.430413541" /><trkpt lat="53.837281070" lon="21.430403807" /><trkpt lat="53.837288340" lon="21.430393623" /><trkpt lat="53.837295866" lon="21.430383002" /><trkpt lat="53.837303641" lon="21.430371957" /><trkpt lat="53.837311656" lon="21.430360504" /><trkpt lat="53.837319903" lon="21.430348655" /><trkpt lat="53.837328373" lon="21.430336424" /><trkpt lat="53.837337060" lon="21.430323824" /><trkpt lat="53.837345953" lon="21.430310870" /><trkpt lat="53.837355046" lon="21.430297574" /><trkpt lat="53.837364329" lon="21.430283951" /><trkpt lat="53.837373794" lon="21.430270013" /><trkpt lat="53.837383434" lon="21.430255776" /><trkpt lat="53.837393239" lon="21.430241251" /><trkpt lat="53.837403202" lon="21.430226454" /><trkpt lat="53.837413315" lon="21.430211397" /><trkpt lat="53.837423569" lon="21.430196095" /><trkpt lat="53.837433955" lon="21.430180560" /><trkpt lat="53.837444467" lon="21.430164807" /><trkpt lat="53.837455094" lon="21.430148848" /><trkpt lat="53.837465830" lon="21.430132699" /><trkpt lat="53.837476665" lon="21.430116371" /><trkpt lat="53.837487593" lon="21.430099880" /><trkpt lat="53.837498603" lon="21.430083239" /><trkpt lat="53.837509688" lon="21.430066460" /><trkpt lat="53.837520841" lon="21.430049559" /><trkpt lat="53.837532051" lon="21.430032547" /><trkpt lat="53.837543312" lon="21.430015440" /><trkpt lat="53.837554616" lon="21.429998251" /><trkpt lat="53.837565952" lon="21.429980993" /><trkpt lat="53.837577315" lon="21.429963680" /><trkpt lat="53.837588694" lon="21.429946326" /><trkpt lat="53.837600083" lon="21.429928944" /><trkpt lat="53.837611472" lon="21.429911548" /><trkpt lat="53.837622854" lon="21.429894151" /><trkpt lat="53.837634220" lon="21.429876768" /><trkpt lat="53.837645562" lon="21.429859411" /><trkpt lat="53.837656872" lon="21.429842095" /><trkpt lat="53.837668141" lon="21.429824832" /><trkpt lat="53.837679361" lon="21.429807638" /><trkpt lat="53.837690524" lon="21.429790524" /><trkpt lat="53.837701622" lon="21.429773506" /><trkpt lat="53.837712646" lon="21.429756596" /><trkpt lat="53.837723588" lon="21.429739808" /><trkpt lat="53.837734440" lon="21.429723156" /><trkpt lat="53.837745194" lon="21.429706654" /><trkpt lat="53.837755841" lon="21.429690314" /><trkpt lat="53.837766373" lon="21.429674151" /><trkpt lat="53.837776782" lon="21.429658179" /><trkpt lat="53.837787060" lon="21.429642410" /><trkpt lat="53.837797198" lon="21.429626859" /><trkpt lat="53.837807188" lon="21.429611539" /><trkpt lat="53.837817021" lon="21.429596464" /><trkpt lat="53.837826691" lon="21.429581648" /><trkpt lat="53.837836187" lon="21.429567104" /><trkpt lat="53.837845503" lon="21.429552845" /><trkpt lat="53.837854629" lon="21.429538885" /><trkpt lat="53.837863558" lon="21.429525239" /><trkpt lat="53.837872281" lon="21.429511919" /><trkpt lat="53.837880790" lon="21.429498940" /><trkpt lat="53.837889077" lon="21.429486314" /><trkpt lat="53.837897133" lon="21.429474056" /><trkpt lat="53.837905321" lon="21.429461634" /><trkpt lat="53.837913749" lon="21.429448900" /><trkpt lat="53.837922409" lon="21.429435867" /><trkpt lat="53.837931294" lon="21.429422546" /><trkpt lat="53.837940396" lon="21.429408951" /><trkpt lat="53.837949706" lon="21.429395093" /><trkpt lat="53.837959217" lon="21.429380984" /><trkpt lat="53.837968919" lon="21.429366638" /><trkpt lat="53.837978806" lon="21.429352066" /><trkpt lat="53.837988869" lon="21.429337281" /><trkpt lat="53.837999099" lon="21.429322295" /><trkpt lat="53.838009490" lon="21.429307121" /><trkpt lat="53.838020032" lon="21.429291771" /><trkpt lat="53.838030718" lon="21.429276257" /><trkpt lat="53.838041539" lon="21.429260591" /><trkpt lat="53.838052488" lon="21.429244787" /><trkpt lat="53.838063556" lon="21.429228856" /><trkpt lat="53.838074736" lon="21.429212810" /><trkpt lat="53.838086019" lon="21.429196663" /><trkpt lat="53.838097397" lon="21.429180426" /><trkpt lat="53.838108862" lon="21.429164112" /><trkpt lat="53.838120406" lon="21.429147733" /><trkpt lat="53.838132021" lon="21.429131301" /><trkpt lat="53.838143699" lon="21.429114829" /><trkpt lat="53.838155431" lon="21.429098330" /><trkpt lat="53.838167210" lon="21.429081815" /><trkpt lat="53.838179027" lon="21.429065296" /><trkpt lat="53.838190875" lon="21.429048788" /><trkpt lat="53.838202745" lon="21.429032300" /><trkpt lat="53.838214630" lon="21.429015847" /><trkpt lat="53.838226520" lon="21.428999440" /><trkpt lat="53.838238409" lon="21.428983092" /><trkpt lat="53.838250287" lon="21.428966815" /><trkpt lat="53.838262148" lon="21.428950621" /><trkpt lat="53.838273982" lon="21.428934523" /><trkpt lat="53.838285782" lon="21.428918534" /><trkpt lat="53.838297540" lon="21.428902664" /><trkpt lat="53.838309247" lon="21.428886928" /><trkpt lat="53.838320895" lon="21.428871336" /><trkpt lat="53.838332477" lon="21.428855903" /><trkpt lat="53.838343984" lon="21.428840639" /><trkpt lat="53.838355409" lon="21.428825557" /><trkpt lat="53.838366742" lon="21.428810670" /><trkpt lat="53.838377977" lon="21.428795990" /><trkpt lat="53.838389104" lon="21.428781530" /><trkpt lat="53.838400116" lon="21.428767301" /><trkpt lat="53.838411005" lon="21.428753316" /><trkpt lat="53.838421762" lon="21.428739588" /><trkpt lat="53.838432380" lon="21.428726128" /><trkpt lat="53.838442851" lon="21.428712949" /><trkpt lat="53.838453166" lon="21.428700064" /><trkpt lat="53.838463317" lon="21.428687485" /><trkpt lat="53.838473296" lon="21.428675224" /><trkpt lat="53.838483096" lon="21.428663294" /><trkpt lat="53.838492707" lon="21.428651706" /><trkpt lat="53.838502122" lon="21.428640474" /><trkpt lat="53.838511334" lon="21.428629609" /><trkpt lat="53.838520333" lon="21.428619124" /><trkpt lat="53.838529111" lon="21.428609032" /><trkpt lat="53.838537661" lon="21.428599345" /><trkpt lat="53.838545975" lon="21.428590074" /><trkpt lat="53.838554044" lon="21.428581233" /><trkpt lat="53.838561860" lon="21.428572834" /><trkpt lat="53.838571356" lon="21.428562769" /><trkpt lat="53.838581206" lon="21.428552389" /><trkpt lat="53.838591398" lon="21.428541709" /><trkpt lat="53.838601916" lon="21.428530740" /><trkpt lat="53.838612748" lon="21.428519496" /><trkpt lat="53.838623880" lon="21.428507990" /><trkpt lat="53.838635297" lon="21.428496235" /><trkpt lat="53.838646986" lon="21.428484244" /><trkpt lat="53.838658933" lon="21.428472030" /><trkpt lat="53.838671124" lon="21.428459606" /><trkpt lat="53.838683545" lon="21.428446985" /><trkpt lat="53.838696183" lon="21.428434180" /><trkpt lat="53.838709024" lon="21.428421205" /><trkpt lat="53.838722053" lon="21.428408072" /><trkpt lat="53.838735257" lon="21.428394794" /><trkpt lat="53.838748622" lon="21.428381385" /><trkpt lat="53.838762134" lon="21.428367857" /><trkpt lat="53.838775780" lon="21.428354223" /><trkpt lat="53.838789545" lon="21.428340497" /><trkpt lat="53.838803416" lon="21.428326692" /><trkpt lat="53.838817379" lon="21.428312820" /><trkpt lat="53.838831420" lon="21.428298895" /><trkpt lat="53.838845525" lon="21.428284929" /><trkpt lat="53.838859680" lon="21.428270937" /><trkpt lat="53.838873872" lon="21.428256930" /><trkpt lat="53.838888087" lon="21.428242922" /><trkpt lat="53.838902310" lon="21.428228926" /><trkpt lat="53.838916528" lon="21.428214955" /><trkpt lat="53.838930727" lon="21.428201021" /><trkpt lat="53.838944894" lon="21.428187139" /><trkpt lat="53.838959013" lon="21.428173321" /><trkpt lat="53.838973073" lon="21.428159580" /><trkpt lat="53.838987058" lon="21.428145930" /><trkpt lat="53.839000955" lon="21.428132382" /><trkpt lat="53.839014750" lon="21.428118951" /><trkpt lat="53.839028429" lon="21.428105649" /><trkpt lat="53.839041978" lon="21.428092490" /><trkpt lat="53.839055384" lon="21.428079486" /><trkpt lat="53.839068633" lon="21.428066650" /><trkpt lat="53.839081710" lon="21.428053996" /><trkpt lat="53.839094603" lon="21.428041537" /><trkpt lat="53.839107296" lon="21.428029285" /><trkpt lat="53.839119777" lon="21.428017254" /><trkpt lat="53.839132031" lon="21.428005457" /><trkpt lat="53.839144045" lon="21.427993906" /><trkpt lat="53.839155804" lon="21.427982615" /><trkpt lat="53.839167296" lon="21.427971597" /><trkpt lat="53.839178505" lon="21.427960865" /><trkpt lat="53.839189419" lon="21.427950432" /><trkpt lat="53.839200023" lon="21.427940311" /><trkpt lat="53.839210303" lon="21.427930515" /><trkpt lat="53.839220246" lon="21.427921057" /><trkpt lat="53.839230622" lon="21.427911277" /><trkpt lat="53.839241419" lon="21.427901259" /><trkpt lat="53.839252619" lon="21.427891012" /><trkpt lat="53.839264205" lon="21.427880551" /><trkpt lat="53.839276163" lon="21.427869886" /><trkpt lat="53.839288473" lon="21.427859028" /><trkpt lat="53.839301121" lon="21.427847991" /><trkpt lat="53.839314089" lon="21.427836786" /><trkpt lat="53.839327361" lon="21.427825425" /><trkpt lat="53.839340919" lon="21.427813919" /><trkpt lat="53.839354749" lon="21.427802280" /><trkpt lat="53.839368832" lon="21.427790521" /><trkpt lat="53.839383152" lon="21.427778652" /><trkpt lat="53.839397693" lon="21.427766687" /><trkpt lat="53.839412437" lon="21.427754636" /><trkpt lat="53.839427369" lon="21.427742512" /><trkpt lat="53.839442472" lon="21.427730327" /><trkpt lat="53.839457728" lon="21.427718092" /><trkpt lat="53.839473122" lon="21.427705819" /><trkpt lat="53.839488636" lon="21.427693520" /><trkpt lat="53.839504255" lon="21.427681206" /><trkpt lat="53.839519961" lon="21.427668891" /><trkpt lat="53.839535738" lon="21.427656585" /><trkpt lat="53.839551569" lon="21.427644300" /><trkpt lat="53.839567437" lon="21.427632049" /><trkpt lat="53.839583327" lon="21.427619842" /><trkpt lat="53.839599220" lon="21.427607693" /><trkpt lat="53.839615101" lon="21.427595612" /><trkpt lat="53.839630954" lon="21.427583612" /><trkpt lat="53.839646760" lon="21.427571704" /><trkpt lat="53.839662504" lon="21.427559901" /><trkpt lat="53.839678170" lon="21.427548214" /><trkpt lat="53.839693740" lon="21.427536654" /><trkpt lat="53.839709197" lon="21.427525235" /><trkpt lat="53.839724526" lon="21.427513967" /><trkpt lat="53.839739709" lon="21.427502863" /><trkpt lat="53.839754730" lon="21.427491934" /><trkpt lat="53.839769573" lon="21.427481192" /><trkpt lat="53.839784220" lon="21.427470649" /><trkpt lat="53.839798655" lon="21.427460318" /><trkpt lat="53.839812861" lon="21.427450209" /><trkpt lat="53.839826822" lon="21.427440334" /><trkpt lat="53.839840521" lon="21.427430706" /><trkpt lat="53.839853941" lon="21.427421336" /><trkpt lat="53.839867067" lon="21.427412236" /><trkpt lat="53.839879880" lon="21.427403419" /><trkpt lat="53.839892365" lon="21.427394895" /><trkpt lat="53.839904505" lon="21.427386676" /><trkpt lat="53.839916283" lon="21.427378775" /><trkpt lat="53.839927683" lon="21.427371204" /><trkpt lat="53.839938139" lon="21.427364335" /><trkpt lat="53.839949122" lon="21.427357195" /><trkpt lat="53.839960612" lon="21.427349795" /><trkpt lat="53.839972590" lon="21.427342147" /><trkpt lat="53.839985036" lon="21.427334262" /><trkpt lat="53.839997932" lon="21.427326150" /><trkpt lat="53.840011256" lon="21.427317822" /><trkpt lat="53.840024991" lon="21.427309291" /><trkpt lat="53.840039116" lon="21.427300567" /><trkpt lat="53.840053612" lon="21.427291661" /><trkpt lat="53.840068460" lon="21.427282584" /><trkpt lat="53.840083639" lon="21.427273347" /><trkpt lat="53.840099132" lon="21.427263962" /><trkpt lat="53.840114917" lon="21.427254440" /><trkpt lat="53.840130977" lon="21.427244791" /><trkpt lat="53.840147290" lon="21.427235028" /><trkpt lat="53.840163839" lon="21.427225160" /><trkpt lat="53.840180602" lon="21.427215200" /><trkpt lat="53.840197562" lon="21.427205157" /><trkpt lat="53.840214698" lon="21.427195045" /><trkpt lat="53.840231991" lon="21.427184872" /><trkpt lat="53.840249421" lon="21.427174652" /><trkpt lat="53.840266970" lon="21.427164394" /><trkpt lat="53.840284617" lon="21.427154110" /><trkpt lat="53.840302343" lon="21.427143811" /><trkpt lat="53.840320128" lon="21.427133508" /><trkpt lat="53.840337954" lon="21.427123212" /><trkpt lat="53.840355801" lon="21.427112935" /><trkpt lat="53.840373649" lon="21.427102687" /><trkpt lat="53.840391478" lon="21.427092480" /><trkpt lat="53.840409270" lon="21.427082324" /><trkpt lat="53.840427005" lon="21.427072232" /><trkpt lat="53.840444664" lon="21.427062213" /><trkpt lat="53.840462226" lon="21.427052280" /><trkpt lat="53.840479673" lon="21.427042443" /><trkpt lat="53.840496984" lon="21.427032713" /><trkpt lat="53.840514141" lon="21.427023102" /><trkpt lat="53.840531125" lon="21.427013620" /><trkpt lat="53.840547915" lon="21.427004279" /><trkpt lat="53.840564492" lon="21.426995090" /><trkpt lat="53.840580837" lon="21.426986064" /><trkpt lat="53.840596930" lon="21.426977212" /><trkpt lat="53.840612752" lon="21.426968545" /><trkpt lat="53.840628283" lon="21.426960075" /><trkpt lat="53.840643504" lon="21.426951812" /><trkpt lat="53.840658396" lon="21.426943768" /><trkpt lat="53.840672938" lon="21.426935953" /><trkpt lat="53.840687112" lon="21.426928379" /><trkpt lat="53.840700898" lon="21.426921058" /><trkpt lat="53.840714276" lon="21.426913999" /><trkpt lat="53.840727228" lon="21.426907215" /><trkpt lat="53.840739733" lon="21.426900716" /><trkpt lat="53.840751772" lon="21.426894513" /><trkpt lat="53.840763326" lon="21.426888618" /><trkpt lat="53.840774375" lon="21.426883042" /><trkpt lat="53.840790421" lon="21.426874908" /><trkpt lat="53.840806474" lon="21.426866607" /><trkpt lat="53.840822526" lon="21.426858144" /><trkpt lat="53.840838571" lon="21.426849529" /><trkpt lat="53.840854603" lon="21.426840770" /><trkpt lat="53.840870614" lon="21.426831874" /><trkpt lat="53.840886597" lon="21.426822849" /><trkpt lat="53.840902545" lon="21.426813704" /><trkpt lat="53.840918452" lon="21.426804446" /><trkpt lat="53.840934310" lon="21.426795083" /><trkpt lat="53.840950113" lon="21.426785623" /><trkpt lat="53.840965853" lon="21.426776074" /><trkpt lat="53.840981524" lon="21.426766444" /><trkpt lat="53.840997119" lon="21.426756741" /><trkpt lat="53.841012630" lon="21.426746973" /><trkpt lat="53.841028051" lon="21.426737148" /><trkpt lat="53.841043375" lon="21.426727273" /><trkpt lat="53.841058595" lon="21.426717357" /><trkpt lat="53.841073704" lon="21.426707408" /><trkpt lat="53.841088695" lon="21.426697433" /><trkpt lat="53.841103562" lon="21.426687441" /><trkpt lat="53.841118296" lon="21.426677440" /><trkpt lat="53.841132892" lon="21.426667436" /><trkpt lat="53.841147342" lon="21.426657440" /><trkpt lat="53.841161639" lon="21.426647457" /><trkpt lat="53.841175777" lon="21.426637497" /><trkpt lat="53.841189749" lon="21.426627566" /><trkpt lat="53.841203547" lon="21.426617674" /><trkpt lat="53.841217165" lon="21.426607829" /><trkpt lat="53.841230595" lon="21.426598037" /><trkpt lat="53.841243831" lon="21.426588307" /><trkpt lat="53.841256866" lon="21.426578646" /><trkpt lat="53.841269693" lon="21.426569064" /><trkpt lat="53.841282305" lon="21.426559568" /><trkpt lat="53.841294695" lon="21.426550165" /><trkpt lat="53.841306857" lon="21.426540864" /><trkpt lat="53.841318782" lon="21.426531672" /><trkpt lat="53.841329186" lon="21.426524223" /><trkpt lat="53.841340071" lon="21.426517576" /><trkpt lat="53.841351420" lon="21.426511711" /><trkpt lat="53.841363216" lon="21.426506603" /><trkpt lat="53.841375442" lon="21.426502230" /><trkpt lat="53.841388081" lon="21.426498568" /><trkpt lat="53.841401115" lon="21.426495595" /><trkpt lat="53.841414528" lon="21.426493287" /><trkpt lat="53.841428302" lon="21.426491621" /><trkpt lat="53.841442421" lon="21.426490575" /><trkpt lat="53.841456867" lon="21.426490124" /><trkpt lat="53.841471623" lon="21.426490247" /><trkpt lat="53.841486673" lon="21.426490919" /><trkpt lat="53.841501998" lon="21.426492119" /><trkpt lat="53.841517583" lon="21.426493822" /><trkpt lat="53.841533410" lon="21.426496006" /><trkpt lat="53.841549461" lon="21.426498647" /><trkpt lat="53.841565721" lon="21.426501723" /><trkpt lat="53.841582171" lon="21.426505211" /><trkpt lat="53.841598794" lon="21.426509087" /><trkpt lat="53.841615574" lon="21.426513329" /><trkpt lat="53.841632494" lon="21.426517912" /><trkpt lat="53.841649536" lon="21.426522815" /><trkpt lat="53.841666684" lon="21.426528014" /><trkpt lat="53.841683920" lon="21.426533487" /><trkpt lat="53.841701226" lon="21.426539209" /><trkpt lat="53.841718587" lon="21.426545158" /><trkpt lat="53.841735985" lon="21.426551311" /><trkpt lat="53.841753403" lon="21.426557644" /><trkpt lat="53.841770824" lon="21.426564135" /><trkpt lat="53.841788231" lon="21.426570761" /><trkpt lat="53.841805606" lon="21.426577499" /><trkpt lat="53.841822933" lon="21.426584325" /><trkpt lat="53.841840195" lon="21.426591216" /><trkpt lat="53.841857374" lon="21.426598149" /><trkpt lat="53.841874453" lon="21.426605102" /><trkpt lat="53.841891416" lon="21.426612051" /><trkpt lat="53.841908244" lon="21.426618973" /><trkpt lat="53.841924922" lon="21.426625845" /><trkpt lat="53.841941433" lon="21.426632644" /><trkpt lat="53.841957758" lon="21.426639347" /><trkpt lat="53.841973881" lon="21.426645931" /><trkpt lat="53.841989785" lon="21.426652372" /><trkpt lat="53.842006355" lon="21.426658964" /><trkpt lat="53.842022948" lon="21.426665398" /><trkpt lat="53.842039565" lon="21.426671679" /><trkpt lat="53.842056207" lon="21.426677811" /><trkpt lat="53.842072873" lon="21.426683799" /><trkpt lat="53.842089564" lon="21.426689647" /><trkpt lat="53.842106281" lon="21.426695361" /><trkpt lat="53.842123025" lon="21.426700945" /><trkpt lat="53.842139796" lon="21.426706403" /><trkpt lat="53.842156594" lon="21.426711741" /><trkpt lat="53.842173420" lon="21.426716962" /><trkpt lat="53.842190275" lon="21.426722073" /><trkpt lat="53.842207160" lon="21.426727076" /><trkpt lat="53.842224073" lon="21.426731977" /><trkpt lat="53.842241018" lon="21.426736781" /><trkpt lat="53.842257993" lon="21.426741493" /><trkpt lat="53.842274999" lon="21.426746116" /><trkpt lat="53.842292038" lon="21.426750656" /><trkpt lat="53.842309109" lon="21.426755117" /><trkpt lat="53.842326213" lon="21.426759505" /><trkpt lat="53.842343350" lon="21.426763822" /><trkpt lat="53.842360522" lon="21.426768076" /><trkpt lat="53.842377729" lon="21.426772269" /><trkpt lat="53.842394970" lon="21.426776407" /><trkpt lat="53.842412248" lon="21.426780494" /><trkpt lat="53.842429562" lon="21.426784535" /><trkpt lat="53.842446913" lon="21.426788535" /><trkpt lat="53.842464301" lon="21.426792498" /><trkpt lat="53.842481727" lon="21.426796429" /><trkpt lat="53.842499192" lon="21.426800333" /><trkpt lat="53.842516696" lon="21.426804215" /><trkpt lat="53.842534240" lon="21.426808078" /><trkpt lat="53.842551824" lon="21.426811928" /><trkpt lat="53.842569449" lon="21.426815769" /><trkpt lat="53.842587115" lon="21.426819606" /><trkpt lat="53.842604823" lon="21.426823445" /><trkpt lat="53.842622573" lon="21.426827288" /><trkpt lat="53.842640366" lon="21.426831141" /><trkpt lat="53.842658203" lon="21.426835010" /><trkpt lat="53.842676084" lon="21.426838897" /><trkpt lat="53.842694010" lon="21.426842809" /><trkpt lat="53.842716587" lon="21.426847567" /><trkpt lat="53.842738357" lon="21.426851802" /><trkpt lat="53.842759366" lon="21.426855538" /><trkpt lat="53.842779660" lon="21.426858802" /><trkpt lat="53.842799286" lon="21.426861621" /><trkpt lat="53.842818289" lon="21.426864020" /><trkpt lat="53.842836715" lon="21.426866024" /><trkpt lat="53.842854610" lon="21.426867661" /><trkpt lat="53.842872021" lon="21.426868956" /><trkpt lat="53.842888994" lon="21.426869935" /><trkpt lat="53.842905574" lon="21.426870625" /><trkpt lat="53.842921808" lon="21.426871050" /><trkpt lat="53.842937742" lon="21.426871239" /><trkpt lat="53.842953421" lon="21.426871215" /><trkpt lat="53.842968893" lon="21.426871006" /><trkpt lat="53.842984203" lon="21.426870637" /><trkpt lat="53.842999396" lon="21.426870134" /><trkpt lat="53.843014520" lon="21.426869524" /><trkpt lat="53.843029620" lon="21.426868832" /><trkpt lat="53.843044742" lon="21.426868085" /><trkpt lat="53.843059933" lon="21.426867309" /><trkpt lat="53.843075238" lon="21.426866529" /><trkpt lat="53.843090704" lon="21.426865771" /><trkpt lat="53.843106376" lon="21.426865063" /><trkpt lat="53.843122301" lon="21.426864429" /><trkpt lat="53.843138525" lon="21.426863895" /><trkpt lat="53.843155094" lon="21.426863488" /><trkpt lat="53.843172053" lon="21.426863234" /><trkpt lat="53.843189449" lon="21.426863159" /><trkpt lat="53.843207329" lon="21.426863289" /><trkpt lat="53.843225737" lon="21.426863649" /><trkpt lat="53.843244721" lon="21.426864266" /><trkpt lat="53.843262743" lon="21.426864692" /><trkpt lat="53.843280507" lon="21.426864556" /><trkpt lat="53.843298018" lon="21.426863865" /><trkpt lat="53.843315281" lon="21.426862627" /><trkpt lat="53.843332302" lon="21.426860852" /><trkpt lat="53.843349086" lon="21.426858547" /><trkpt lat="53.843365637" lon="21.426855720" /><trkpt lat="53.843381960" lon="21.426852380" /><trkpt lat="53.843398062" lon="21.426848535" /><trkpt lat="53.843413946" lon="21.426844192" /><trkpt lat="53.843429618" lon="21.426839361" /><trkpt lat="53.843445083" lon="21.426834049" /><trkpt lat="53.843460346" lon="21.426828264" /><trkpt lat="53.843475413" lon="21.426822015" /><trkpt lat="53.843490287" lon="21.426815310" /><trkpt lat="53.843504975" lon="21.426808157" /><trkpt lat="53.843519481" lon="21.426800564" /><trkpt lat="53.843533810" lon="21.426792540" /><trkpt lat="53.843547968" lon="21.426784092" /><trkpt lat="53.843561960" lon="21.426775229" /><trkpt lat="53.843575790" lon="21.426765959" /><trkpt lat="53.843589463" lon="21.426756290" /><trkpt lat="53.843602986" lon="21.426746231" /><trkpt lat="53.843616362" lon="21.426735789" /><trkpt lat="53.843629598" lon="21.426724973" /><trkpt lat="53.843642697" lon="21.426713791" /><trkpt lat="53.843655665" lon="21.426702251" /><trkpt lat="53.843668508" lon="21.426690361" /><trkpt lat="53.843681229" lon="21.426678130" /><trkpt lat="53.843693835" lon="21.426665566" /><trkpt lat="53.843706331" lon="21.426652676" /><trkpt lat="53.843718721" lon="21.426639470" /><trkpt lat="53.843731010" lon="21.426625954" /><trkpt lat="53.843743204" lon="21.426612139" /><trkpt lat="53.843753240" lon="21.426600370" /><trkpt lat="53.843763201" lon="21.426588233" /><trkpt lat="53.843773083" lon="21.426575740" /><trkpt lat="53.843782884" lon="21.426562905" /><trkpt lat="53.843792600" lon="21.426549742" /><trkpt lat="53.843802231" lon="21.426536266" /><trkpt lat="53.843811772" lon="21.426522489" /><trkpt lat="53.843821221" lon="21.426508426" /><trkpt lat="53.843830576" lon="21.426494090" /><trkpt lat="53.843839834" lon="21.426479495" /><trkpt lat="53.843848992" lon="21.426464654" /><trkpt lat="53.843858049" lon="21.426449583" /><trkpt lat="53.843867000" lon="21.426434294" /><trkpt lat="53.843875844" lon="21.426418801" /><trkpt lat="53.843884578" lon="21.426403117" /><trkpt lat="53.843893199" lon="21.426387258" /><trkpt lat="53.843901704" lon="21.426371236" /><trkpt lat="53.843910092" lon="21.426355065" /><trkpt lat="53.843918360" lon="21.426338760" /><trkpt lat="53.843926504" lon="21.426322333" /><trkpt lat="53.843934522" lon="21.426305799" /><trkpt lat="53.843942412" lon="21.426289171" /><trkpt lat="53.843950171" lon="21.426272463" /><trkpt lat="53.843957796" lon="21.426255689" /><trkpt lat="53.843965285" lon="21.426238863" /><trkpt lat="53.843972636" lon="21.426221998" /><trkpt lat="53.843979844" lon="21.426205109" /><trkpt lat="53.843986909" lon="21.426188208" /><trkpt lat="53.843993827" lon="21.426171311" /><trkpt lat="53.844000595" lon="21.426154430" /><trkpt lat="53.844007212" lon="21.426137579" /><trkpt lat="53.844013674" lon="21.426120773" /><trkpt lat="53.844019979" lon="21.426104024" /><trkpt lat="53.844026124" lon="21.426087347" /><trkpt lat="53.844032107" lon="21.426070756" /><trkpt lat="53.844037924" lon="21.426054263" /><trkpt lat="53.844043574" lon="21.426037884" /><trkpt lat="53.844049054" lon="21.426021632" /><trkpt lat="53.844054361" lon="21.426005520" /><trkpt lat="53.844059492" lon="21.425989562" /><trkpt lat="53.844064445" lon="21.425973773" /><trkpt lat="53.844071159" lon="21.425952679" /><trkpt lat="53.844078005" lon="21.425932301" /><trkpt lat="53.844084977" lon="21.425912621" /><trkpt lat="53.844092071" lon="21.425893623" /><trkpt lat="53.844099281" lon="21.425875289" /><trkpt lat="53.844106602" lon="21.425857601" /><trkpt lat="53.844114028" lon="21.425840543" /><trkpt lat="53.844121554" lon="21.425824097" /><trkpt lat="53.844129175" lon="21.425808246" /><trkpt lat="53.844136886" lon="21.425792972" /><trkpt lat="53.844144682" lon="21.425778259" /><trkpt lat="53.844152556" lon="21.425764089" /><trkpt lat="53.844160505" lon="21.425750444" /><trkpt lat="53.844168522" lon="21.425737308" /><trkpt lat="53.844176602" lon="21.425724663" /><trkpt lat="53.844184740" lon="21.425712492" /><trkpt lat="53.844192931" lon="21.425700777" /><trkpt lat="53.844201169" lon="21.425689502" /><trkpt lat="53.844209450" lon="21.425678648" /><trkpt lat="53.844217768" lon="21.425668200" /><trkpt lat="53.844226117" lon="21.425658139" /><trkpt lat="53.844234492" lon="21.425648448" /><trkpt lat="53.844242889" lon="21.425639110" /><trkpt lat="53.844251302" lon="21.425630107" /><trkpt lat="53.844259725" lon="21.425621423" /><trkpt lat="53.844268153" lon="21.425613039" /><trkpt lat="53.844276581" lon="21.425604940" /><trkpt lat="53.844285004" lon="21.425597107" /><trkpt lat="53.844293417" lon="21.425589523" /><trkpt lat="53.844301814" lon="21.425582170" /><trkpt lat="53.844310052" lon="21.425575058" /><trkpt lat="53.844318012" lon="21.425568184" /><trkpt lat="53.844325721" lon="21.425561520" /><trkpt lat="53.844333207" lon="21.425555037" /><trkpt lat="53.844340496" lon="21.425548705" /><trkpt lat="53.844347616" lon="21.425542495" /><trkpt lat="53.844354595" lon="21.425536379" /><trkpt lat="53.844361460" lon="21.425530326" /><trkpt lat="53.844368239" lon="21.425524307" /><trkpt lat="53.844374958" lon="21.425518294" /><trkpt lat="53.844381646" lon="21.425512257" /><trkpt lat="53.844388329" lon="21.425506167" /><trkpt lat="53.844395036" lon="21.425499995" /><trkpt lat="53.844401794" lon="21.425493712" /><trkpt lat="53.844408629" lon="21.425487287" /><trkpt lat="53.844415570" lon="21.425480693" /><trkpt lat="53.844422644" lon="21.425473900" /><trkpt lat="53.844429878" lon="21.425466878" /><trkpt lat="53.844437300" lon="21.425459599" /><trkpt lat="53.844444938" lon="21.425452034" /><trkpt lat="53.844452817" lon="21.425444152" /><trkpt lat="53.844460967" lon="21.425435925" /><trkpt lat="53.844469415" lon="21.425427324" /><trkpt lat="53.844478187" lon="21.425418320" /><trkpt lat="53.844487312" lon="21.425408882" /><trkpt lat="53.844496816" lon="21.425398983" /><trkpt lat="53.844506728" lon="21.425388593" /><trkpt lat="53.844517075" lon="21.425377682" /><trkpt lat="53.844527883" lon="21.425366222" /><trkpt lat="53.844539181" lon="21.425354183" /><trkpt lat="53.844547711" lon="21.425345127" /><trkpt lat="53.844556780" lon="21.425335602" /><trkpt lat="53.844566364" lon="21.425325630" /><trkpt lat="53.844576437" lon="21.425315233" /><trkpt lat="53.844586973" lon="21.425304435" /><trkpt lat="53.844597948" lon="21.425293258" /><trkpt lat="53.844609336" lon="21.425281726" /><trkpt lat="53.844621111" lon="21.425269860" /><trkpt lat="53.844633249" lon="21.425257685" /><trkpt lat="53.844645723" lon="21.425245222" /><trkpt lat="53.844658508" lon="21.425232494" /><trkpt lat="53.844671580" lon="21.425219525" /><trkpt lat="53.844684912" lon="21.425206337" /><trkpt lat="53.844698480" lon="21.425192952" /><trkpt lat="53.844712257" lon="21.425179394" /><trkpt lat="53.844726220" lon="21.425165686" /><trkpt lat="53.844740341" lon="21.425151850" /><trkpt lat="53.844754596" lon="21.425137909" /><trkpt lat="53.844768959" lon="21.425123886" /><trkpt lat="53.844783406" lon="21.425109804" /><trkpt lat="53.844797910" lon="21.425095685" /><trkpt lat="53.844812446" lon="21.425081552" /><trkpt lat="53.844826989" lon="21.425067429" /><trkpt lat="53.844841514" lon="21.425053337" /><trkpt lat="53.844855995" lon="21.425039301" /><trkpt lat="53.844870407" lon="21.425025341" /><trkpt lat="53.844884724" lon="21.425011483" /><trkpt lat="53.844898922" lon="21.424997747" /><trkpt lat="53.844912974" lon="21.424984157" /><trkpt lat="53.844926855" lon="21.424970736" /><trkpt lat="53.844940540" lon="21.424957507" /><trkpt lat="53.844954004" lon="21.424944492" /><trkpt lat="53.844967221" lon="21.424931714" /><trkpt lat="53.844980165" lon="21.424919197" /><trkpt lat="53.844992813" lon="21.424906962" /><trkpt lat="53.845005137" lon="21.424895032" /><trkpt lat="53.845017113" lon="21.424883431" /><trkpt lat="53.845028715" lon="21.424872182" /><trkpt lat="53.845039918" lon="21.424861306" /><trkpt lat="53.845050697" lon="21.424850828" /><trkpt lat="53.845061025" lon="21.424840769" /><trkpt lat="53.845070879" lon="21.424831152" /><trkpt lat="53.845080685" lon="21.424821553" /><trkpt lat="53.845090875" lon="21.424811545" /><trkpt lat="53.845101427" lon="21.424801146" /><trkpt lat="53.845112323" lon="21.424790377" /><trkpt lat="53.845123541" lon="21.424779256" /><trkpt lat="53.845135062" lon="21.424767803" /><trkpt lat="53.845146865" lon="21.424756038" /><trkpt lat="53.845158930" lon="21.424743979" /><trkpt lat="53.845171236" lon="21.424731645" /><trkpt lat="53.845183764" lon="21.424719057" /><trkpt lat="53.845196493" lon="21.424706234" /><trkpt lat="53.845209403" lon="21.424693194" /><trkpt lat="53.845222474" lon="21.424679958" /><trkpt lat="53.845235685" lon="21.424666544" /><trkpt lat="53.845249017" lon="21.424652972" /><trkpt lat="53.845262448" lon="21.424639261" /><trkpt lat="53.845275959" lon="21.424625431" /><trkpt lat="53.845289530" lon="21.424611500" /><trkpt lat="53.845303140" lon="21.424597489" /><trkpt lat="53.845316768" lon="21.424583416" /><trkpt lat="53.845330396" lon="21.424569301" /><trkpt lat="53.845344002" lon="21.424555164" /><trkpt lat="53.845357566" lon="21.424541022" /><trkpt lat="53.845371068" lon="21.424526897" /><trkpt lat="53.845384488" lon="21.424512807" /><trkpt lat="53.845397805" lon="21.424498771" /><trkpt lat="53.845411000" lon="21.424484810" /><trkpt lat="53.845424051" lon="21.424470941" /><trkpt lat="53.845436939" lon="21.424457185" /><trkpt lat="53.845449644" lon="21.424443561" /><trkpt lat="53.845462145" lon="21.424430088" /><trkpt lat="53.845474422" lon="21.424416786" /><trkpt lat="53.845486455" lon="21.424403673" /><trkpt lat="53.845498223" lon="21.424390770" /><trkpt lat="53.845509707" lon="21.424378095" /><trkpt lat="53.845520885" lon="21.424365667" /><trkpt lat="53.845531738" lon="21.424353508" /><trkpt lat="53.845542246" lon="21.424341634" /><trkpt lat="53.845552388" lon="21.424330067" /><trkpt lat="53.845562144" lon="21.424318824" /><trkpt lat="53.845571494" lon="21.424307926" /><trkpt lat="53.845580417" lon="21.424297392" /><trkpt lat="53.845589772" lon="21.424286509" /><trkpt lat="53.845599547" lon="21.424275585" /><trkpt lat="53.845609723" lon="21.424264620" /><trkpt lat="53.845620282" lon="21.424253613" /><trkpt lat="53.845631205" lon="21.424242564" /><trkpt lat="53.845642473" lon="21.424231472" /><trkpt lat="53.845654067" lon="21.424220337" /><trkpt lat="53.845665968" lon="21.424209158" /><trkpt lat="53.845678157" lon="21.424197935" /><trkpt lat="53.845690616" lon="21.424186667" /><trkpt lat="53.845703326" lon="21.424175354" /><trkpt lat="53.845716268" lon="21.424163995" /><trkpt lat="53.845729422" lon="21.424152590" /><trkpt lat="53.845742771" lon="21.424141138" /><trkpt lat="53.845756295" lon="21.424129639" /><trkpt lat="53.845769976" lon="21.424118092" /><trkpt lat="53.845783794" lon="21.424106497" /><trkpt lat="53.845797731" lon="21.424094853" /><trkpt lat="53.845811768" lon="21.424083159" /><trkpt lat="53.845825886" lon="21.424071416" /><trkpt lat="53.845840067" lon="21.424059623" /><trkpt lat="53.845854291" lon="21.424047779" /><trkpt lat="53.845868540" lon="21.424035883" /><trkpt lat="53.845882794" lon="21.424023936" /><trkpt lat="53.845897036" lon="21.424011936" /><trkpt lat="53.845911245" lon="21.423999884" /><trkpt lat="53.845925404" lon="21.423987778" /><trkpt lat="53.845939493" lon="21.423975618" /><trkpt lat="53.845953494" lon="21.423963405" /><trkpt lat="53.845967387" lon="21.423951136" /><trkpt lat="53.845981154" lon="21.423938812" /><trkpt lat="53.845994777" lon="21.423926432" /><trkpt lat="53.846008236" lon="21.423913996" /><trkpt lat="53.846021512" lon="21.423901503" /><trkpt lat="53.846034586" lon="21.423888953" /><trkpt lat="53.846047440" lon="21.423876345" /><trkpt lat="53.846060056" lon="21.423863678" /><trkpt lat="53.846072413" lon="21.423850953" /><trkpt lat="53.846084493" lon="21.423838168" /><trkpt lat="53.846096278" lon="21.423825324" /><trkpt lat="53.846106620" lon="21.423813483" /><trkpt lat="53.846116507" lon="21.423801372" /><trkpt lat="53.846125951" lon="21.423788994" /><trkpt lat="53.846134962" lon="21.423776353" /><trkpt lat="53.846143553" lon="21.423763452" /><trkpt lat="53.846151732" lon="21.423750297" /><trkpt lat="53.846159513" lon="21.423736890" /><trkpt lat="53.846166906" lon="21.423723234" /><trkpt lat="53.846173922" lon="21.423709335" /><trkpt lat="53.846180573" lon="21.423695196" /><trkpt lat="53.846186869" lon="21.423680820" /><trkpt lat="53.846192822" lon="21.423666211" /><trkpt lat="53.846198443" lon="21.423651373" /><trkpt lat="53.846203743" lon="21.423636310" /><trkpt lat="53.846208733" lon="21.423621026" /><trkpt lat="53.846213424" lon="21.423605524" /><trkpt lat="53.846217828" lon="21.423589808" /><trkpt lat="53.846221955" lon="21.423573882" /><trkpt lat="53.846225817" lon="21.423557749" /><trkpt lat="53.846229425" lon="21.423541414" /><trkpt lat="53.846232790" lon="21.423524881" /><trkpt lat="53.846235923" lon="21.423508152" /><trkpt lat="53.846238836" lon="21.423491233" /><trkpt lat="53.846241539" lon="21.423474125" /><trkpt lat="53.846244043" lon="21.423456835" /><trkpt lat="53.846246360" lon="21.423439364" /><trkpt lat="53.846248501" lon="21.423421717" /><trkpt lat="53.846250478" lon="21.423403898" /><trkpt lat="53.846252300" lon="21.423385911" /><trkpt lat="53.846253980" lon="21.423367759" /><trkpt lat="53.846255528" lon="21.423349445" /><trkpt lat="53.846256956" lon="21.423330975" /><trkpt lat="53.846258274" lon="21.423312351" /><trkpt lat="53.846259495" lon="21.423293578" /><trkpt lat="53.846260628" lon="21.423274658" /><trkpt lat="53.846261686" lon="21.423255597" /><trkpt lat="53.846262679" lon="21.423236397" /><trkpt lat="53.846263619" lon="21.423217063" /><trkpt lat="53.846264516" lon="21.423197598" /><trkpt lat="53.846265382" lon="21.423178006" /><trkpt lat="53.846266228" lon="21.423158291" /><trkpt lat="53.846267065" lon="21.423138457" /><trkpt lat="53.846267905" lon="21.423118507" /><trkpt lat="53.846268757" lon="21.423098445" /><trkpt lat="53.846269951" lon="21.423071556" /><trkpt lat="53.846271164" lon="21.423046150" /><trkpt lat="53.846272406" lon="21.423022141" /><trkpt lat="53.846273690" lon="21.422999439" /><trkpt lat="53.846275025" lon="21.422977957" /><trkpt lat="53.846276421" lon="21.422957607" /><trkpt lat="53.846277888" lon="21.422938302" /><trkpt lat="53.846279439" lon="21.422919952" /><trkpt lat="53.846281081" lon="21.422902471" /><trkpt lat="53.846282827" lon="21.422885771" /><trkpt lat="53.846284687" lon="21.422869762" /><trkpt lat="53.846286671" lon="21.422854359" /><trkpt lat="53.846288789" lon="21.422839472" /><trkpt lat="53.846291051" lon="21.422825014" /><trkpt lat="53.846293470" lon="21.422810896" /><trkpt lat="53.846296054" lon="21.422797032" /><trkpt lat="53.846298814" lon="21.422783332" /><trkpt lat="53.846301760" lon="21.422769710" /><trkpt lat="53.846304904" lon="21.422756077" /><trkpt lat="53.846308255" lon="21.422742345" /><trkpt lat="53.846311824" lon="21.422728427" /><trkpt lat="53.846315622" lon="21.422714234" /><trkpt lat="53.846319658" lon="21.422699678" /><trkpt lat="53.846323943" lon="21.422684672" /><trkpt lat="53.846328488" lon="21.422669128" /><trkpt lat="53.846333303" lon="21.422652958" /><trkpt lat="53.846338398" lon="21.422636074" /><trkpt lat="53.846343784" lon="21.422618387" /><trkpt lat="53.846349472" lon="21.422599811" /><trkpt lat="53.846355471" lon="21.422580257" /><trkpt lat="53.846361793" lon="21.422559637" /><trkpt lat="53.846368447" lon="21.422537863" /><trkpt lat="53.846374149" lon="21.422520001" /><trkpt lat="53.846380323" lon="21.422502226" /><trkpt lat="53.846386949" lon="21.422484545" /><trkpt lat="53.846394006" lon="21.422466964" /><trkpt lat="53.846401473" lon="21.422449492" /><trkpt lat="53.846409331" lon="21.422432134" /><trkpt lat="53.846417558" lon="21.422414897" /><trkpt lat="53.846426134" lon="21.422397788" /><trkpt lat="53.846435039" lon="21.422380813" /><trkpt lat="53.846444253" lon="21.422363981" /><trkpt lat="53.846453754" lon="21.422347296" /><trkpt lat="53.846463523" lon="21.422330767" /><trkpt lat="53.846473538" lon="21.422314400" /><trkpt lat="53.846483780" lon="21.422298202" /><trkpt lat="53.846494227" lon="21.422282179" /><trkpt lat="53.846504860" lon="21.422266338" /><trkpt lat="53.846515658" lon="21.422250686" /><trkpt lat="53.846526601" lon="21.422235231" /><trkpt lat="53.846537667" lon="21.422219978" /><trkpt lat="53.846548838" lon="21.422204934" /><trkpt lat="53.846560091" lon="21.422190107" /><trkpt lat="53.846571406" lon="21.422175503" /><trkpt lat="53.846582764" lon="21.422161128" /><trkpt lat="53.846594144" lon="21.422146990" /><trkpt lat="53.846605525" lon="21.422133096" /><trkpt lat="53.846616886" lon="21.422119452" /><trkpt lat="53.846628208" lon="21.422106065" /><trkpt lat="53.846639469" lon="21.422092941" /><trkpt lat="53.846650650" lon="21.422080088" /><trkpt lat="53.846661730" lon="21.422067513" /><trkpt lat="53.846672687" lon="21.422055221" /><trkpt lat="53.846683503" lon="21.422043221" /><trkpt lat="53.846694157" lon="21.422031518" /><trkpt lat="53.846704627" lon="21.422020120" /><trkpt lat="53.846714893" lon="21.422009033" /><trkpt lat="53.846724936" lon="21.421998264" /><trkpt lat="53.846734734" lon="21.421987821" /><trkpt lat="53.846744267" lon="21.421977708" /><trkpt lat="53.846753515" lon="21.421967935" /><trkpt lat="53.846762457" lon="21.421958506" /><trkpt lat="53.846774211" lon="21.421947026" /><trkpt lat="53.846786043" lon="21.421937222" /><trkpt lat="53.846797937" lon="21.421929039" /><trkpt lat="53.846809874" lon="21.421922419" /><trkpt lat="53.846821839" lon="21.421917304" /><trkpt lat="53.846833815" lon="21.421913638" /><trkpt lat="53.846845784" lon="21.421911363" /><trkpt lat="53.846857730" lon="21.421910422" /><trkpt lat="53.846869636" lon="21.421910757" /><trkpt lat="53.846881486" lon="21.421912313" /><trkpt lat="53.846893261" lon="21.421915030" /><trkpt lat="53.846904945" lon="21.421918852" /><trkpt lat="53.846916522" lon="21.421923723" /><trkpt lat="53.846927974" lon="21.421929584" /><trkpt lat="53.846939285" lon="21.421936378" /><trkpt lat="53.846950438" lon="21.421944048" /><trkpt lat="53.846961416" lon="21.421952538" /><trkpt lat="53.846972202" lon="21.421961789" /><trkpt lat="53.846982778" lon="21.421971745" /><trkpt lat="53.846993129" lon="21.421982348" /><trkpt lat="53.847003238" lon="21.421993541" /><trkpt lat="53.847013087" lon="21.422005267" /><trkpt lat="53.847022659" lon="21.422017469" /><trkpt lat="53.847031938" lon="21.422030089" /><trkpt lat="53.847040908" lon="21.422043070" /><trkpt lat="53.847049550" lon="21.422056355" /><trkpt lat="53.847057848" lon="21.422069888" /><trkpt lat="53.847065785" lon="21.422083609" /><trkpt lat="53.847073345" lon="21.422097463" /><trkpt lat="53.847080510" lon="21.422111392" /><trkpt lat="53.847087397" lon="21.422125094" /><trkpt lat="53.847094145" lon="21.422138321" /><trkpt lat="53.847100774" lon="21.422151099" /><trkpt lat="53.847107304" lon="21.422163456" /><trkpt lat="53.847113754" lon="21.422175417" /><trkpt lat="53.847120145" lon="21.422187009" /><trkpt lat="53.847126496" lon="21.422198257" /><trkpt lat="53.847132826" lon="21.422209188" /><trkpt lat="53.847139155" lon="21.422219828" /><trkpt lat="53.847145504" lon="21.422230204" /><trkpt lat="53.847151891" lon="21.422240341" /><trkpt lat="53.847158336" lon="21.422250266" /><trkpt lat="53.847164860" lon="21.422260005" /><trkpt lat="53.847171481" lon="21.422269584" /><trkpt lat="53.847178220" lon="21.422279030" /><trkpt lat="53.847185096" lon="21.422288369" /><trkpt lat="53.847192129" lon="21.422297626" /><trkpt lat="53.847199338" lon="21.422306828" /><trkpt lat="53.847206744" lon="21.422316002" /><trkpt lat="53.847214365" lon="21.422325174" /><trkpt lat="53.847222222" lon="21.422334369" /><trkpt lat="53.847230334" lon="21.422343615" /><trkpt lat="53.847238721" lon="21.422352937" /><trkpt lat="53.847247403" lon="21.422362361" /><trkpt lat="53.847256400" lon="21.422371914" /><trkpt lat="53.847265730" lon="21.422381622" /><trkpt lat="53.847275414" lon="21.422391511" /><trkpt lat="53.847285472" lon="21.422401608" /><trkpt lat="53.847295922" lon="21.422411938" /><trkpt lat="53.847306786" lon="21.422422528" /><trkpt lat="53.847318018" lon="21.422432894" /><trkpt lat="53.847329558" lon="21.422442550" /><trkpt lat="53.847341393" lon="21.422451518" /><trkpt lat="53.847353514" lon="21.422459820" /><trkpt lat="53.847365911" lon="21.422467480" /><trkpt lat="53.847378573" lon="21.422474520" /><trkpt lat="53.847391491" lon="21.422480963" /><trkpt lat="53.847404653" lon="21.422486831" /><trkpt lat="53.847418051" lon="21.422492148" /><trkpt lat="53.847431673" lon="21.422496935" /><trkpt lat="53.847445510" lon="21.422501215" /><trkpt lat="53.847459551" lon="21.422505012" /><trkpt lat="53.847473786" lon="21.422508347" /><trkpt lat="53.847488205" lon="21.422511243" /><trkpt lat="53.847502797" lon="21.422513723" /><trkpt lat="53.847517554" lon="21.422515810" /><trkpt lat="53.847532463" lon="21.422517527" /><trkpt lat="53.847547516" lon="21.422518895" /><trkpt lat="53.847562701" lon="21.422519937" /><trkpt lat="53.847578009" lon="21.422520677" /><trkpt lat="53.847593430" lon="21.422521137" /><trkpt lat="53.847608953" lon="21.422521339" /><trkpt lat="53.847624568" lon="21.422521307" /><trkpt lat="53.847640265" lon="21.422521062" /><trkpt lat="53.847656034" lon="21.422520628" /><trkpt lat="53.847671865" lon="21.422520026" /><trkpt lat="53.847687746" lon="21.422519281" /><trkpt lat="53.847703669" lon="21.422518414" /><trkpt lat="53.847719623" lon="21.422517448" /><trkpt lat="53.847735598" lon="21.422516406" /><trkpt lat="53.847748660" lon="21.422515784" /><trkpt lat="53.847762578" lon="21.422515599" /><trkpt lat="53.847777300" lon="21.422515831" /><trkpt lat="53.847792776" lon="21.422516460" /><trkpt lat="53.847808953" lon="21.422517467" /><trkpt lat="53.847825781" lon="21.422518830" /><trkpt lat="53.847843208" lon="21.422520531" /><trkpt lat="53.847861182" lon="21.422522550" /><trkpt lat="53.847879653" lon="21.422524865" /><trkpt lat="53.847898568" lon="21.422527459" /><trkpt lat="53.847917877" lon="21.422530309" /><trkpt lat="53.847937528" lon="21.422533397" /><trkpt lat="53.847957469" lon="21.422536703" /><trkpt lat="53.847977650" lon="21.422540207" /><trkpt lat="53.847998019" lon="21.422543888" /><trkpt lat="53.848018524" lon="21.422547727" /><trkpt lat="53.848039114" lon="21.422551704" /><trkpt lat="53.848059738" lon="21.422555799" /><trkpt lat="53.848080345" lon="21.422559991" /><trkpt lat="53.848100882" lon="21.422564262" /><trkpt lat="53.848121299" lon="21.422568591" /><trkpt lat="53.848141544" lon="21.422572958" /><trkpt lat="53.848161566" lon="21.422577343" /><trkpt lat="53.848181313" lon="21.422581727" /><trkpt lat="53.848200735" lon="21.422586088" /><trkpt lat="53.848219779" lon="21.422590408" /><trkpt lat="53.848238394" lon="21.422594667" /><trkpt lat="53.848256529" lon="21.422598844" /><trkpt lat="53.848274133" lon="21.422602919" /><trkpt lat="53.848291153" lon="21.422606873" /><trkpt lat="53.848307540" lon="21.422610686" /><trkpt lat="53.848323241" lon="21.422614337" /><trkpt lat="53.848338204" lon="21.422617807" /><trkpt lat="53.848352380" lon="21.422621076" /><trkpt lat="53.848365715" lon="21.422624124" /><trkpt lat="53.848378159" lon="21.422626930" /><trkpt lat="53.848389661" lon="21.422629476" /><trkpt lat="53.848400168" lon="21.422631741" /><trkpt lat="53.848412873" lon="21.422634643" /><trkpt lat="53.848425666" lon="21.422637973" /><trkpt lat="53.848438539" lon="21.422641710" /><trkpt lat="53.848451486" lon="21.422645836" /><trkpt lat="53.848464501" lon="21.422650330" /><trkpt lat="53.848477574" lon="21.422655172" /><trkpt lat="53.848490701" lon="21.422660344" /><trkpt lat="53.848503873" lon="21.422665825" /><trkpt lat="53.848517084" lon="21.422671596" /><trkpt lat="53.848530327" lon="21.422677636" /><trkpt lat="53.848543594" lon="21.422683927" /><trkpt lat="53.848556879" lon="21.422690449" /><trkpt lat="53.848570174" lon="21.422697181" /><trkpt lat="53.848583473" lon="21.422704105" /><trkpt lat="53.848596769" lon="21.422711201" /><trkpt lat="53.848610053" lon="21.422718449" /><trkpt lat="53.848623321" lon="21.422725829" /><trkpt lat="53.848636563" lon="21.422733321" /><trkpt lat="53.848649774" lon="21.422740907" /><trkpt lat="53.848662946" lon="21.422748566" /><trkpt lat="53.848676073" lon="21.422756278" /><trkpt lat="53.848689147" lon="21.422764025" /><trkpt lat="53.848702161" lon="21.422771786" /><trkpt lat="53.848715108" lon="21.422779541" /><trkpt lat="53.848727981" lon="21.422787271" /><trkpt lat="53.848740774" lon="21.422794957" /><trkpt lat="53.848753478" lon="21.422802579" /><trkpt lat="53.848766088" lon="21.422810116" /><trkpt lat="53.848778596" lon="21.422817549" /><trkpt lat="53.848790994" lon="21.422824860" /><trkpt lat="53.848803677" lon="21.422832109" /><trkpt lat="53.848817013" lon="21.422839364" /><trkpt lat="53.848830958" lon="21.422846615" /><trkpt lat="53.848845470" lon="21.422853850" /><trkpt lat="53.848860505" lon="21.422861057" /><trkpt lat="53.848876020" lon="21.422868226" /><trkpt lat="53.848891972" lon="21.422875344" /><trkpt lat="53.848908317" lon="21.422882401" /><trkpt lat="53.848925012" lon="21.422889386" /><trkpt lat="53.848942014" lon="21.422896286" /><trkpt lat="53.848959280" lon="21.422903091" /><trkpt lat="53.848976767" lon="21.422909789" /><trkpt lat="53.848994430" lon="21.422916369" /><trkpt lat="53.849012228" lon="21.422922820" /><trkpt lat="53.849030116" lon="21.422929130" /><trkpt lat="53.849048052" lon="21.422935289" /><trkpt lat="53.849065992" lon="21.422941284" /><trkpt lat="53.849083893" lon="21.422947104" /><trkpt lat="53.849101712" lon="21.422952738" /><trkpt lat="53.849119405" lon="21.422958175" /><trkpt lat="53.849136929" lon="21.422963404" /><trkpt lat="53.849154241" lon="21.422968412" /><trkpt lat="53.849171299" lon="21.422973189" /><trkpt lat="53.849188057" lon="21.422977724" /><trkpt lat="53.849204474" lon="21.422982005" /><trkpt lat="53.849220506" lon="21.422986020" /><trkpt lat="53.849236109" lon="21.422989759" /><trkpt lat="53.849251241" lon="21.422993210" /><trkpt lat="53.849265858" lon="21.422996362" /><trkpt lat="53.849279917" lon="21.422999203" /><trkpt lat="53.849293553" lon="21.423001988" /><trkpt lat="53.849307791" lon="21.423005140" /><trkpt lat="53.849322591" lon="21.423008641" /><trkpt lat="53.849337913" lon="21.423012471" /><trkpt lat="53.849353716" lon="21.423016614" /><trkpt lat="53.849369960" lon="21.423021049" /><trkpt lat="53.849386605" lon="21.423025760" /><trkpt lat="53.849403612" lon="21.423030727" /><trkpt lat="53.849420939" lon="21.423035932" /><trkpt lat="53.849438548" lon="21.423041357" /><trkpt lat="53.849456396" lon="21.423046984" /><trkpt lat="53.849474446" lon="21.423052794" /><trkpt lat="53.849492655" lon="21.423058768" /><trkpt lat="53.849510985" lon="21.423064889" /><trkpt lat="53.849529394" lon="21.423071138" /><trkpt lat="53.849547844" lon="21.423077497" /><trkpt lat="53.849566293" lon="21.423083947" /><trkpt lat="53.849584702" lon="21.423090470" /><trkpt lat="53.849603030" lon="21.423097047" /><trkpt lat="53.849621237" lon="21.423103661" /><trkpt lat="53.849639283" lon="21.423110292" /><trkpt lat="53.849657129" lon="21.423116923" /><trkpt lat="53.849674733" lon="21.423123535" /><trkpt lat="53.849692055" lon="21.423130110" /><trkpt lat="53.849709056" lon="21.423136629" /><trkpt lat="53.849725696" lon="21.423143074" /><trkpt lat="53.849741933" lon="21.423149427" /><trkpt lat="53.849757729" lon="21.423155669" /><trkpt lat="53.849773042" lon="21.423161782" /><trkpt lat="53.849787833" lon="21.423167747" /><trkpt lat="53.849802062" lon="21.423173547" /><trkpt lat="53.849815833" lon="21.423179078" /><trkpt lat="53.849830130" lon="21.423184606" /><trkpt lat="53.849844921" lon="21.423190127" /><trkpt lat="53.849860175" lon="21.423195638" /><trkpt lat="53.849875862" lon="21.423201135" /><trkpt lat="53.849891949" lon="21.423206615" /><trkpt lat="53.849908407" lon="21.423212075" /><trkpt lat="53.849925205" lon="21.423217510" /><trkpt lat="53.849942310" lon="21.423222918" /><trkpt lat="53.849959693" lon="21.423228294" /><trkpt lat="53.849977322" lon="21.423233637" /><trkpt lat="53.849995166" lon="21.423238941" /><trkpt lat="53.850013195" lon="21.423244205" /><trkpt lat="53.850031376" lon="21.423249423" /><trkpt lat="53.850049681" lon="21.423254594" /><trkpt lat="53.850068076" lon="21.423259713" /><trkpt lat="53.850086531" lon="21.423264777" /><trkpt lat="53.850105016" lon="21.423269782" /><trkpt lat="53.850123499" lon="21.423274726" /><trkpt lat="53.850141949" lon="21.423279604" /><trkpt lat="53.850160336" lon="21.423284414" /><trkpt lat="53.850178628" lon="21.423289151" /><trkpt lat="53.850196794" lon="21.423293813" /><trkpt lat="53.850214803" lon="21.423298395" /><trkpt lat="53.850232625" lon="21.423302895" /><trkpt lat="53.850250228" lon="21.423307310" /><trkpt lat="53.850267581" lon="21.423311634" /><trkpt lat="53.850284653" lon="21.423315866" /><trkpt lat="53.850301414" lon="21.423320002" /><trkpt lat="53.850317832" lon="21.423324038" /><trkpt lat="53.850333876" lon="21.423327971" /><trkpt lat="53.850349515" lon="21.423331797" /><trkpt lat="53.850365903" lon="21.423336004" /><trkpt lat="53.850382159" lon="21.423340564" /><trkpt lat="53.850398290" lon="21.423345452" /><trkpt lat="53.850414303" lon="21.423350646" /><trkpt lat="53.850430201" lon="21.423356123" /><trkpt lat="53.850445993" lon="21.423361859" /><trkpt lat="53.850461683" lon="21.423367831" /><trkpt lat="53.850477278" lon="21.423374016" /><trkpt lat="53.850492784" lon="21.423380391" /><trkpt lat="53.850508206" lon="21.423386931" /><trkpt lat="53.850523551" lon="21.423393615" /><trkpt lat="53.850538825" lon="21.423400419" /><trkpt lat="53.850554033" lon="21.423407319" /><trkpt lat="53.850569182" lon="21.423414292" /><trkpt lat="53.850584277" lon="21.423421316" /><trkpt lat="53.850599325" lon="21.423428366" /><trkpt lat="53.850614331" lon="21.423435420" /><trkpt lat="53.850629302" lon="21.423442454" /><trkpt lat="53.850644244" lon="21.423449446" /><trkpt lat="53.850659161" lon="21.423456371" /><trkpt lat="53.850674062" lon="21.423463207" /><trkpt lat="53.850688950" lon="21.423469930" /><trkpt lat="53.850703833" lon="21.423476517" /><trkpt lat="53.850718716" lon="21.423482945" /><trkpt lat="53.850733606" lon="21.423489191" /><trkpt lat="53.850748508" lon="21.423495231" /><trkpt lat="53.850763428" lon="21.423501042" /><trkpt lat="53.850778372" lon="21.423506601" /><trkpt lat="53.850793347" lon="21.423511885" /><trkpt lat="53.850808358" lon="21.423516870" /><trkpt lat="53.850823162" lon="21.423521751" /><trkpt lat="53.850837536" lon="21.423526737" /><trkpt lat="53.850851511" lon="21.423531826" /><trkpt lat="53.850865122" lon="21.423537014" /><trkpt lat="53.850878400" lon="21.423542301" /><trkpt lat="53.850891380" lon="21.423547683" /><trkpt lat="53.850904093" lon="21.423553158" /><trkpt lat="53.850916574" lon="21.423558723" /><trkpt lat="53.850928856" lon="21.423564377" /><trkpt lat="53.850940970" lon="21.423570116" /><trkpt lat="53.850952951" lon="21.423575939" /><trkpt lat="53.850964832" lon="21.423581843" /><trkpt lat="53.850976645" lon="21.423587826" /><trkpt lat="53.850988423" lon="21.423593885" /><trkpt lat="53.851000200" lon="21.423600018" /><trkpt lat="53.851012009" lon="21.423606222" /><trkpt lat="53.851023882" lon="21.423612496" /><trkpt lat="53.851035854" lon="21.423618836" /><trkpt lat="53.851047955" lon="21.423625241" /><trkpt lat="53.851060221" lon="21.423631708" /><trkpt lat="53.851072684" lon="21.423638234" /><trkpt lat="53.851085377" lon="21.423644818" /><trkpt lat="53.851098332" lon="21.423651456" /><trkpt lat="53.851111584" lon="21.423658147" /><trkpt lat="53.851125165" lon="21.423664888" /><trkpt lat="53.851139107" lon="21.423671676" /><trkpt lat="53.851153446" lon="21.423678510" /><trkpt lat="53.851168212" lon="21.423685387" /><trkpt lat="53.851183440" lon="21.423692304" /><trkpt lat="53.851199162" lon="21.423699260" /><trkpt lat="53.851215122" lon="21.423705856" /><trkpt lat="53.851231051" lon="21.423711723" /><trkpt lat="53.851246958" lon="21.423716901" /><trkpt lat="53.851262853" lon="21.423721430" /><trkpt lat="53.851278747" lon="21.423725349" /><trkpt lat="53.851294650" lon="21.423728700" /><trkpt lat="53.851310572" lon="21.423731521" /><trkpt lat="53.851326523" lon="21.423733853" /><trkpt lat="53.851342513" lon="21.423735735" /><trkpt lat="53.851358553" lon="21.423737208" /><trkpt lat="53.851374652" lon="21.423738311" /><trkpt lat="53.851390822" lon="21.423739085" /><trkpt lat="53.851407071" lon="21.423739569" /><trkpt lat="53.851423411" lon="21.423739804" /><trkpt lat="53.851439852" lon="21.423739828" /><trkpt lat="53.851456403" lon="21.423739683" /><trkpt lat="53.851473076" lon="21.423739408" /><trkpt lat="53.851489879" lon="21.423739042" /><trkpt lat="53.851506824" lon="21.423738627" /><trkpt lat="53.851523920" lon="21.423738201" /><trkpt lat="53.851541178" lon="21.423737806" /><trkpt lat="53.851558608" lon="21.423737480" /><trkpt lat="53.851576220" lon="21.423737264" /><trkpt lat="53.851594024" lon="21.423737197" /><trkpt lat="53.851612031" lon="21.423737320" /><trkpt lat="53.851630251" lon="21.423737672" /><trkpt lat="53.851648693" lon="21.423738294" /><trkpt lat="53.851667369" lon="21.423739225" /><trkpt lat="53.851686288" lon="21.423740505" /><trkpt lat="53.851705460" lon="21.423742175" /><trkpt lat="53.851722007" lon="21.423743279" /><trkpt lat="53.851738553" lon="21.423743400" /><trkpt lat="53.851755085" lon="21.423742581" /><trkpt lat="53.851771596" lon="21.423740863" /><trkpt lat="53.851788075" lon="21.423738289" /><trkpt lat="53.851804511" lon="21.423734900" /><trkpt lat="53.851820896" lon="21.423730738" /><trkpt lat="53.851837218" lon="21.423725846" /><trkpt lat="53.851853469" lon="21.423720266" /><trkpt lat="53.851869637" lon="21.423714039" /><trkpt lat="53.851885714" lon="21.423707208" /><trkpt lat="53.851901689" lon="21.423699815" /><trkpt lat="53.851917552" lon="21.423691902" /><trkpt lat="53.851933293" lon="21.423683510" /><trkpt lat="53.851948902" lon="21.423674682" /><trkpt lat="53.851964370" lon="21.423665460" /><trkpt lat="53.851979686" lon="21.423655886" /><trkpt lat="53.851994840" lon="21.423646002" /><trkpt lat="53.852009823" lon="21.423635850" /><trkpt lat="53.852024625" lon="21.423625472" /><trkpt lat="53.852039234" lon="21.423614910" /><trkpt lat="53.852053643" lon="21.423604206" /><trkpt lat="53.852067839" lon="21.423593402" /><trkpt lat="53.852081815" lon="21.423582541" /><trkpt lat="53.852095559" lon="21.423571663" /><trkpt lat="53.852109061" lon="21.423560812" /><trkpt lat="53.852122313" lon="21.423550030" /><trkpt lat="53.852135303" lon="21.423539357" /><trkpt lat="53.852148022" lon="21.423528837" /><trkpt lat="53.852160460" lon="21.423518512" /><trkpt lat="53.852172606" lon="21.423508423" /><trkpt lat="53.852184452" lon="21.423498612" /><trkpt lat="53.852195986" lon="21.423489122" /><trkpt lat="53.852207199" lon="21.423479995" /><trkpt lat="53.852218081" lon="21.423471272" /><trkpt lat="53.852230663" lon="21.423461656" /><trkpt lat="53.852243403" lon="21.423452640" /><trkpt lat="53.852256290" lon="21.423444195" /><trkpt lat="53.852269315" lon="21.423436296" /><trkpt lat="53.852282466" lon="21.423428915" /><trkpt lat="53.852295734" lon="21.423422027" /><trkpt lat="53.852309106" lon="21.423415603" /><trkpt lat="53.852322574" lon="21.423409617" /><trkpt lat="53.852336126" lon="21.423404042" /><trkpt lat="53.852349752" lon="21.423398852" /><trkpt lat="53.852363441" lon="21.423394020" /><trkpt lat="53.852377183" lon="21.423389518" /><trkpt lat="53.852390967" lon="21.423385321" /><trkpt lat="53.852404782" lon="21.423381400" /><trkpt lat="53.852418619" lon="21.423377730" /><trkpt lat="53.852432466" lon="21.423374283" /><trkpt lat="53.852446314" lon="21.423371033" /><trkpt lat="53.852460150" lon="21.423367953" /><trkpt lat="53.852473966" lon="21.423365016" /><trkpt lat="53.852487750" lon="21.423362195" /><trkpt lat="53.852501492" lon="21.423359464" /><trkpt lat="53.852515181" lon="21.423356795" /><trkpt lat="53.852528807" lon="21.423354162" /><trkpt lat="53.852542359" lon="21.423351538" /><trkpt lat="53.852555826" lon="21.423348896" /><trkpt lat="53.852569199" lon="21.423346210" /><trkpt lat="53.852582466" lon="21.423343451" /><trkpt lat="53.852595617" lon="21.423340595" /><trkpt lat="53.852608641" lon="21.423337613" /><trkpt lat="53.852621529" lon="21.423334479" /><trkpt lat="53.852632463" lon="21.423331241" /><trkpt lat="53.852643885" lon="21.423326929" /><trkpt lat="53.852655764" lon="21.423321599" /><trkpt lat="53.852668066" lon="21.423315307" /><trkpt lat="53.852680761" lon="21.423308107" /><trkpt lat="53.852693817" lon="21.423300058" /><trkpt lat="53.852707200" lon="21.423291213" /><trkpt lat="53.852720880" lon="21.423281630" /><trkpt lat="53.852734825" lon="21.423271364" /><trkpt lat="53.852749002" lon="21.423260470" /><trkpt lat="53.852763380" lon="21.423249006" /><trkpt lat="53.852777926" lon="21.423237026" /><trkpt lat="53.852792609" lon="21.423224586" /><trkpt lat="53.852807397" lon="21.423211743" /><trkpt lat="53.852822258" lon="21.423198553" /><trkpt lat="53.852837159" lon="21.423185070" /><trkpt lat="53.852852070" lon="21.423171352" /><trkpt lat="53.852866957" lon="21.423157454" /><trkpt lat="53.852881790" lon="21.423143431" /><trkpt lat="53.852896536" lon="21.423129340" /><trkpt lat="53.852911163" lon="21.423115237" /><trkpt lat="53.852925639" lon="21.423101177" /><trkpt lat="53.852939932" lon="21.423087216" /><trkpt lat="53.852954011" lon="21.423073411" /><trkpt lat="53.852967843" lon="21.423059817" /><trkpt lat="53.852981397" lon="21.423046490" /><trkpt lat="53.852994640" lon="21.423033485" /><trkpt lat="53.853007541" lon="21.423020860" /><trkpt lat="53.853020067" lon="21.423008669" /><trkpt lat="53.853032187" lon="21.422996968" /><trkpt lat="53.853043869" lon="21.422985814" /><trkpt lat="53.853055081" lon="21.422975262" /><trkpt lat="53.853065790" lon="21.422965368" /><trkpt lat="53.853075965" lon="21.422956189" /><trkpt lat="53.853085575" lon="21.422947779" /><trkpt lat="53.853094586" lon="21.422940195" /><trkpt lat="53.853105116" lon="21.422932017" /><trkpt lat="53.853115817" lon="21.422924630" /><trkpt lat="53.853126679" lon="21.422917999" /><trkpt lat="53.853137695" lon="21.422912093" /><trkpt lat="53.853148854" lon="21.422906878" /><trkpt lat="53.853160149" lon="21.422902322" /><trkpt lat="53.853171570" lon="21.422898391" /><trkpt lat="53.853183110" lon="21.422895054" /><trkpt lat="53.853194758" lon="21.422892277" /><trkpt lat="53.853206506" lon="21.422890027" /><trkpt lat="53.853218346" lon="21.422888273" /><trkpt lat="53.853230268" lon="21.422886980" /><trkpt lat="53.853242265" lon="21.422886116" /><trkpt lat="53.853254326" lon="21.422885648" /><trkpt lat="53.853266443" lon="21.422885545" /><trkpt lat="53.853278608" lon="21.422885772" /><trkpt lat="53.853290812" lon="21.422886297" /><trkpt lat="53.853303046" lon="21.422887087" /><trkpt lat="53.853315300" lon="21.422888110" /><trkpt lat="53.853327567" lon="21.422889332" /><trkpt lat="53.853339838" lon="21.422890721" /><trkpt lat="53.853352103" lon="21.422892245" /><trkpt lat="53.853364354" lon="21.422893869" /><trkpt lat="53.853376582" lon="21.422895563" /><trkpt lat="53.853388779" lon="21.422897292" /><trkpt lat="53.853400935" lon="21.422899024" /><trkpt lat="53.853413042" lon="21.422900726" /><trkpt lat="53.853425091" lon="21.422902366" /><trkpt lat="53.853437073" lon="21.422903910" /><trkpt lat="53.853448980" lon="21.422905326" /><trkpt lat="53.853460981" lon="21.422906567" /><trkpt lat="53.853473975" lon="21.422907699" /><trkpt lat="53.853487900" lon="21.422908733" /><trkpt lat="53.853502691" lon="21.422909677" /><trkpt lat="53.853518285" lon="21.422910541" /><trkpt lat="53.853534620" lon="21.422911334" /><trkpt lat="53.853551631" lon="21.422912064" /><trkpt lat="53.853569255" lon="21.422912741" /><trkpt lat="53.853587428" lon="21.422913375" /><trkpt lat="53.853606088" lon="21.422913974" /><trkpt lat="53.853625171" lon="21.422914547" /><trkpt lat="53.853644613" lon="21.422915105" /><trkpt lat="53.853664351" lon="21.422915655" /><trkpt lat="53.853684321" lon="21.422916208" /><trkpt lat="53.853704461" lon="21.422916771" /><trkpt lat="53.853724707" lon="21.422917356" /><trkpt lat="53.853744995" lon="21.422917970" /><trkpt lat="53.853765262" lon="21.422918623" /><trkpt lat="53.853785445" lon="21.422919324" /><trkpt lat="53.853805479" lon="21.422920082" /><trkpt lat="53.853825303" lon="21.422920907" /><trkpt lat="53.853844851" lon="21.422921808" /><trkpt lat="53.853864062" lon="21.422922793" /><trkpt lat="53.853882871" lon="21.422923872" /><trkpt lat="53.853901216" lon="21.422925055" /><trkpt lat="53.853919032" lon="21.422926349" /><trkpt lat="53.853936256" lon="21.422927766" /><trkpt lat="53.853952825" lon="21.422929313" /><trkpt lat="53.853968676" lon="21.422931000" /><trkpt lat="53.853983744" lon="21.422932836" /><trkpt lat="53.853997967" lon="21.422934830" /><trkpt lat="53.854012504" lon="21.422936843" /><trkpt lat="53.854027605" lon="21.422938594" /><trkpt lat="53.854043222" lon="21.422940090" /><trkpt lat="53.854059307" lon="21.422941337" /><trkpt lat="53.854075812" lon="21.422942343" /><trkpt lat="53.854092690" lon="21.422943113" /><trkpt lat="53.854109893" lon="21.422943654" /><trkpt lat="53.854127373" lon="21.422943973" /><trkpt lat="53.854145082" lon="21.422944076" /><trkpt lat="53.854162973" lon="21.422943970" /><trkpt lat="53.854180997" lon="21.422943661" /><trkpt lat="53.854199107" lon="21.422943156" /><trkpt lat="53.854217255" lon="21.422942461" /><trkpt lat="53.854235393" lon="21.422941584" /><trkpt lat="53.854253474" lon="21.422940530" /><trkpt lat="53.854271449" lon="21.422939306" /><trkpt lat="53.854289270" lon="21.422937919" /><trkpt lat="53.854306891" lon="21.422936375" /><trkpt lat="53.854324263" lon="21.422934681" /><trkpt lat="53.854341337" lon="21.422932843" /><trkpt lat="53.854358068" lon="21.422930869" /><trkpt lat="53.854374406" lon="21.422928763" /><trkpt lat="53.854390304" lon="21.422926534" /><trkpt lat="53.854405714" lon="21.422924187" /><trkpt lat="53.854420588" lon="21.422921730" /><trkpt lat="53.854434878" lon="21.422919168" /><trkpt lat="53.854448537" lon="21.422916508" /><trkpt lat="53.854461517" lon="21.422913757" /><trkpt lat="53.854473770" lon="21.422910922" /><trkpt lat="53.854485248" lon="21.422908008" /><trkpt lat="53.854496874" lon="21.422904961" /><trkpt lat="53.854509553" lon="21.422901725" /><trkpt lat="53.854523209" lon="21.422898309" /><trkpt lat="53.854537767" lon="21.422894722" /><trkpt lat="53.854553152" lon="21.422890971" /><trkpt lat="53.854569287" lon="21.422887065" /><trkpt lat="53.854586097" lon="21.422883013" /><trkpt lat="53.854603506" lon="21.422878822" /><trkpt lat="53.854621440" lon="21.422874502" /><trkpt lat="53.854639821" lon="21.422870060" /><trkpt lat="53.854658575" lon="21.422865504" /><trkpt lat="53.854677626" lon="21.422860844" /><trkpt lat="53.854696899" lon="21.422856087" /><trkpt lat="53.854716318" lon="21.422851242" /><trkpt lat="53.854735807" lon="21.422846317" /><trkpt lat="53.854755290" lon="21.422841321" /><trkpt lat="53.854774693" lon="21.422836261" /><trkpt lat="53.854793939" lon="21.422831147" /><trkpt lat="53.854812954" lon="21.422825986" /><trkpt lat="53.854831660" lon="21.422820787" /><trkpt lat="53.854849984" lon="21.422815558" /><trkpt lat="53.854867848" lon="21.422810307" /><trkpt lat="53.854885179" lon="21.422805044" /><trkpt lat="53.854901899" lon="21.422799776" /><trkpt lat="53.854917934" lon="21.422794511" /><trkpt lat="53.854933207" lon="21.422789258" /><trkpt lat="53.854947644" lon="21.422784026" /><trkpt lat="53.854961169" lon="21.422778822" /><trkpt lat="53.854973705" lon="21.422773655" /><trkpt lat="53.854985178" lon="21.422768533" /><trkpt lat="53.854996356" lon="21.422763518" /><trkpt lat="53.855008031" lon="21.422758666" /><trkpt lat="53.855020159" lon="21.422753980" /><trkpt lat="53.855032700" lon="21.422749461" /><trkpt lat="53.855045611" lon="21.422745114" /><trkpt lat="53.855058851" lon="21.422740939" /><trkpt lat="53.855072378" lon="21.422736939" /><trkpt lat="53.855086150" lon="21.422733117" /><trkpt lat="53.855100125" lon="21.422729475" /><trkpt lat="53.855114262" lon="21.422726015" /><trkpt lat="53.855128518" lon="21.422722740" /><trkpt lat="53.855142851" lon="21.422719653" /><trkpt lat="53.855157221" lon="21.422716754" /><trkpt lat="53.855171585" lon="21.422714048" /><trkpt lat="53.855185900" lon="21.422711536" /><trkpt lat="53.855200126" lon="21.422709221" /><trkpt lat="53.855214221" lon="21.422707105" /><trkpt lat="53.855228142" lon="21.422705190" /><trkpt lat="53.855241849" lon="21.422703479" /><trkpt lat="53.855255298" lon="21.422701975" /><trkpt lat="53.855268448" lon="21.422700679" /><trkpt lat="53.855281258" lon="21.422699594" /><trkpt lat="53.855293685" lon="21.422698722" /><trkpt lat="53.855305688" lon="21.422698066" /><trkpt lat="53.855317224" lon="21.422697629" /><trkpt lat="53.855328253" lon="21.422697411" /><trkpt lat="53.855338732" lon="21.422697417" /><trkpt lat="53.855348619" lon="21.422697648" /><trkpt lat="53.855357872" lon="21.422698107" /><trkpt lat="53.855366451" lon="21.422698796" /><trkpt lat="53.855374658" lon="21.422699476" /><trkpt lat="53.855382836" lon="21.422699913" /><trkpt lat="53.855390997" lon="21.422700113" /><trkpt lat="53.855399154" lon="21.422700082" /><trkpt lat="53.855407320" lon="21.422699826" /><trkpt lat="53.855415506" lon="21.422699354" /><trkpt lat="53.855423727" lon="21.422698670" /><trkpt lat="53.855431993" lon="21.422697782" /><trkpt lat="53.855440319" lon="21.422696696" /><trkpt lat="53.855448716" lon="21.422695418" /><trkpt lat="53.855457198" lon="21.422693956" /><trkpt lat="53.855465777" lon="21.422692316" /><trkpt lat="53.855474466" lon="21.422690503" /><trkpt lat="53.855483276" lon="21.422688526" /><trkpt lat="53.855492222" lon="21.422686391" /><trkpt lat="53.855501316" lon="21.422684103" /><trkpt lat="53.855510570" lon="21.422681670" /><trkpt lat="53.855519996" lon="21.422679098" /><trkpt lat="53.855529609" lon="21.422676393" /><trkpt lat="53.855539419" lon="21.422673563" /><trkpt lat="53.855549441" lon="21.422670614" /><trkpt lat="53.855559686" lon="21.422667552" /><trkpt lat="53.855570168" lon="21.422664384" /><trkpt lat="53.855580898" lon="21.422661116" /><trkpt lat="53.855591890" lon="21.422657756" /><trkpt lat="53.855603156" lon="21.422654308" /><trkpt lat="53.855614709" lon="21.422650782" /><trkpt lat="53.855626562" lon="21.422647181" /><trkpt lat="53.855638726" lon="21.422643514" /><trkpt lat="53.855651216" lon="21.422639787" /><trkpt lat="53.855662810" lon="21.422636166" /><trkpt lat="53.855675219" lon="21.422631949" /><trkpt lat="53.855688392" lon="21.422627168" /><trkpt lat="53.855702274" lon="21.422621854" /><trkpt lat="53.855716810" lon="21.422616038" /><trkpt lat="53.855731948" lon="21.422609751" /><trkpt lat="53.855747632" lon="21.422603024" /><trkpt lat="53.855763810" lon="21.422595889" /><trkpt lat="53.855780428" lon="21.422588376" /><trkpt lat="53.855797431" lon="21.422580517" /><trkpt lat="53.855814767" lon="21.422572343" /><trkpt lat="53.855832380" lon="21.422563884" /><trkpt lat="53.855850217" lon="21.422555172" /><trkpt lat="53.855868224" lon="21.422546239" /><trkpt lat="53.855886348" lon="21.422537114" /><trkpt lat="53.855904535" lon="21.422527830" /><trkpt lat="53.855922730" lon="21.422518417" /><trkpt lat="53.855940880" lon="21.422508907" /><trkpt lat="53.855958931" lon="21.422499331" /><trkpt lat="53.855976829" lon="21.422489719" /><trkpt lat="53.855994520" lon="21.422480103" /><trkpt lat="53.856011951" lon="21.422470514" /><trkpt lat="53.856029067" lon="21.422460984" /><trkpt lat="53.856045815" lon="21.422451542" /><trkpt lat="53.856062141" lon="21.422442221" /><trkpt lat="53.856077991" lon="21.422433052" /><trkpt lat="53.856093311" lon="21.422424065" /><trkpt lat="53.856108047" lon="21.422415292" /><trkpt lat="53.856122146" lon="21.422406764" /><trkpt lat="53.856135553" lon="21.422398511" /><trkpt lat="53.856148215" lon="21.422390566" /><trkpt lat="53.856160078" lon="21.422382959" /><trkpt lat="53.856171088" lon="21.422375721" /><trkpt lat="53.856181191" lon="21.422368884" /><trkpt lat="53.856191699" lon="21.422361855" /><trkpt lat="53.856203324" lon="21.422354443" /><trkpt lat="53.856215990" lon="21.422346679" /><trkpt lat="53.856229621" lon="21.422338594" /><trkpt lat="53.856244139" lon="21.422330218" /><trkpt lat="53.856259469" lon="21.422321584" /><trkpt lat="53.856275533" lon="21.422312721" /><trkpt lat="53.856292254" lon="21.422303660" /><trkpt lat="53.856309558" lon="21.422294433" /><trkpt lat="53.856327366" lon="21.422285070" /><trkpt lat="53.856345602" lon="21.422275603" /><trkpt lat="53.856364189" lon="21.422266061" /><trkpt lat="53.856383052" lon="21.422256477" /><trkpt lat="53.856402113" lon="21.422246880" /><trkpt lat="53.856421296" lon="21.422237303" /><trkpt lat="53.856440524" lon="21.422227775" /><trkpt lat="53.856459720" lon="21.422218327" /><trkpt lat="53.856478809" lon="21.422208991" /><trkpt lat="53.856497712" lon="21.422199798" /><trkpt lat="53.856516355" lon="21.422190778" /><trkpt lat="53.856534660" lon="21.422181962" /><trkpt lat="53.856552550" lon="21.422173381" /><trkpt lat="53.856569949" lon="21.422165066" /><trkpt lat="53.856586781" lon="21.422157048" /><trkpt lat="53.856602969" lon="21.422149358" /><trkpt lat="53.856618435" lon="21.422142026" /><trkpt lat="53.856633105" lon="21.422135085" /><trkpt lat="53.856646900" lon="21.422128563" /><trkpt lat="53.856659745" lon="21.422122493" /><trkpt lat="53.856671562" lon="21.422116906" /><trkpt lat="53.856682276" lon="21.422111831" /><trkpt lat="53.856691809" lon="21.422107301" /><trkpt lat="53.856700085" lon="21.422103345" /><trkpt lat="53.856708904" lon="21.422098988" /><trkpt lat="53.856718556" lon="21.422093984" /><trkpt lat="53.856728988" lon="21.422088368" /><trkpt lat="53.856740148" lon="21.422082172" /><trkpt lat="53.856751983" lon="21.422075431" /><trkpt lat="53.856764440" lon="21.422068176" /><trkpt lat="53.856777467" lon="21.422060443" /><trkpt lat="53.856791011" lon="21.422052263" /><trkpt lat="53.856805018" lon="21.422043672" /><trkpt lat="53.856819437" lon="21.422034701" /><trkpt lat="53.856834214" lon="21.422025384" /><trkpt lat="53.856849298" lon="21.422015755" /><trkpt lat="53.856864634" lon="21.422005847" /><trkpt lat="53.856880171" lon="21.421995694" /><trkpt lat="53.856895855" lon="21.421985328" /><trkpt lat="53.856911635" lon="21.421974784" /><trkpt lat="53.856927456" lon="21.421964094" /><trkpt lat="53.856943267" lon="21.421953292" /><trkpt lat="53.856959015" lon="21.421942411" /><trkpt lat="53.856974647" lon="21.421931485" /><trkpt lat="53.856990110" lon="21.421920547" /><trkpt lat="53.857005351" lon="21.421909631" /><trkpt lat="53.857020318" lon="21.421898770" /><trkpt lat="53.857034959" lon="21.421887996" /><trkpt lat="53.857049219" lon="21.421877344" /><trkpt lat="53.857063047" lon="21.421866848" /><trkpt lat="53.857076390" lon="21.421856539" /><trkpt lat="53.857089196" lon="21.421846453" /><trkpt lat="53.857101410" lon="21.421836621" /><trkpt lat="53.857112981" lon="21.421827078" /><trkpt lat="53.857121921" lon="21.421819687" /><trkpt lat="53.857131854" lon="21.421811621" /><trkpt lat="53.857142723" lon="21.421802920" /><trkpt lat="53.857154472" lon="21.421793623" /><trkpt lat="53.857167043" lon="21.421783770" /><trkpt lat="53.857180381" lon="21.421773400" /><trkpt lat="53.857194428" lon="21.421762553" /><trkpt lat="53.857209127" lon="21.421751268" /><trkpt lat="53.857224422" lon="21.421739585" /><trkpt lat="53.857240255" lon="21.421727543" /><trkpt lat="53.857256571" lon="21.421715181" /><trkpt lat="53.857273312" lon="21.421702540" /><trkpt lat="53.857290421" lon="21.421689659" /><trkpt lat="53.857307842" lon="21.421676576" /><trkpt lat="53.857325517" lon="21.421663332" /><trkpt lat="53.857343391" lon="21.421649966" /><trkpt lat="53.857361406" lon="21.421636518" /><trkpt lat="53.857379505" lon="21.421623026" /><trkpt lat="53.857397632" lon="21.421609532" /><trkpt lat="53.857415729" lon="21.421596073" /><trkpt lat="53.857433741" lon="21.421582689" /><trkpt lat="53.857451609" lon="21.421569421" /><trkpt lat="53.857469279" lon="21.421556306" /><trkpt lat="53.857486691" lon="21.421543386" /><trkpt lat="53.857503791" lon="21.421530699" /><trkpt lat="53.857520520" lon="21.421518285" /><trkpt lat="53.857536822" lon="21.421506183" /><trkpt lat="53.857552641" lon="21.421494433" /><trkpt lat="53.857567920" lon="21.421483074" /><trkpt lat="53.857582601" lon="21.421472146" /><trkpt lat="53.857596628" lon="21.421461688" /><trkpt lat="53.857609945" lon="21.421451740" /><trkpt lat="53.857622493" lon="21.421442341" /><trkpt lat="53.857634217" lon="21.421433531" /><trkpt lat="53.857645060" lon="21.421425349" /><trkpt lat="53.857654965" lon="21.421417834" /><trkpt lat="53.857663875" lon="21.421411027" /><trkpt lat="53.857671734" lon="21.421404966" /><trkpt lat="53.857678484" lon="21.421399691" /><trkpt lat="53.857684069" lon="21.421395242" /><trkpt lat="53.857691389" lon="21.421389649" /><trkpt lat="53.857700007" lon="21.421383615" /><trkpt lat="53.857709835" lon="21.421377164" /><trkpt lat="53.857720790" lon="21.421370320" /><trkpt lat="53.857732787" lon="21.421363105" /><trkpt lat="53.857745739" lon="21.421355546" /><trkpt lat="53.857759563" lon="21.421347664" /><trkpt lat="53.857774172" lon="21.421339484" /><trkpt lat="53.857789483" lon="21.421331030" /><trkpt lat="53.857805409" lon="21.421322326" /><trkpt lat="53.857821867" lon="21.421313395" /><trkpt lat="53.857838770" lon="21.421304262" /><trkpt lat="53.857856034" lon="21.421294949" /><trkpt lat="53.857873573" lon="21.421285482" /><trkpt lat="53.857891303" lon="21.421275884" /><trkpt lat="53.857909138" lon="21.421266178" /><trkpt lat="53.857926994" lon="21.421256389" /><trkpt lat="53.857944785" lon="21.421246541" /><trkpt lat="53.857962426" lon="21.421236656" /><trkpt lat="53.857979833" lon="21.421226760" /><trkpt lat="53.857996919" lon="21.421216875" /><trkpt lat="53.858013601" lon="21.421207027" /><trkpt lat="53.858029793" lon="21.421197238" /><trkpt lat="53.858045409" lon="21.421187532" /><trkpt lat="53.858060365" lon="21.421177934" /><trkpt lat="53.858074576" lon="21.421168466" /><trkpt lat="53.858087957" lon="21.421159154" /><trkpt lat="53.858100422" lon="21.421150021" /><trkpt lat="53.858111887" lon="21.421141090" /><trkpt lat="53.858122266" lon="21.421132386" /><trkpt lat="53.858132423" lon="21.421123435" /><trkpt lat="53.858143240" lon="21.421113784" /><trkpt lat="53.858154659" lon="21.421103480" /><trkpt lat="53.858166624" lon="21.421092573" /><trkpt lat="53.858179076" lon="21.421081113" /><trkpt lat="53.858191959" lon="21.421069150" /><trkpt lat="53.858205216" lon="21.421056732" /><trkpt lat="53.858218788" lon="21.421043910" /><trkpt lat="53.858232620" lon="21.421030733" /><trkpt lat="53.858246652" lon="21.421017249" /><trkpt lat="53.858260829" lon="21.421003510" /><trkpt lat="53.858275093" lon="21.420989563" /><trkpt lat="53.858289386" lon="21.420975460" /><trkpt lat="53.858303651" lon="21.420961248" /><trkpt lat="53.858317832" lon="21.420946978" /><trkpt lat="53.858331869" lon="21.420932699" /><trkpt lat="53.858345708" lon="21.420918461" /><trkpt lat="53.858359289" lon="21.420904312" /><trkpt lat="53.858372556" lon="21.420890303" /><trkpt lat="53.858385451" lon="21.420876483" /><trkpt lat="53.858397918" lon="21.420862902" /><trkpt lat="53.858409898" lon="21.420849608" /><trkpt lat="53.858421335" lon="21.420836651" /><trkpt lat="53.858432171" lon="21.420824082" /><trkpt lat="53.858442349" lon="21.420811949" /><trkpt lat="53.858451812" lon="21.420800301" /><trkpt lat="53.858460502" lon="21.420789189" /><trkpt lat="53.858468362" lon="21.420778662" /><trkpt lat="53.858475335" lon="21.420768768" /><trkpt lat="53.858481363" lon="21.420759559" /><trkpt lat="53.858487074" lon="21.420750709" /><trkpt lat="53.858493118" lon="21.420741866" /><trkpt lat="53.858499468" lon="21.420733040" /><trkpt lat="53.858506097" lon="21.420724236" /><trkpt lat="53.858512979" lon="21.420715464" /><trkpt lat="53.858520088" lon="21.420706730" /><trkpt lat="53.858527397" lon="21.420698043" /><trkpt lat="53.858534881" lon="21.420689410" /><trkpt lat="53.858542512" lon="21.420680839" /><trkpt lat="53.858550264" lon="21.420672337" /><trkpt lat="53.858558111" lon="21.420663913" /><trkpt lat="53.858566027" lon="21.420655575" /><trkpt lat="53.858573985" lon="21.420647329" /><trkpt lat="53.858581958" lon="21.420639184" /><trkpt lat="53.858589922" lon="21.420631148" /><trkpt lat="53.858597848" lon="21.420623228" /><trkpt lat="53.858605711" lon="21.420615432" /><trkpt lat="53.858613484" lon="21.420607767" /><trkpt lat="53.858621142" lon="21.420600242" /><trkpt lat="53.858628657" lon="21.420592864" /><trkpt lat="53.858636003" lon="21.420585642" /><trkpt lat="53.858643154" lon="21.420578581" /><trkpt lat="53.858650084" lon="21.420571692" /><trkpt lat="53.858656765" lon="21.420564981" /><trkpt lat="53.858663173" lon="21.420558455" /><trkpt lat="53.858669280" lon="21.420552123" /><trkpt lat="53.858675060" lon="21.420545993" /><trkpt lat="53.858680487" lon="21.420540072" /><trkpt lat="53.858685534" lon="21.420534368" /><trkpt lat="53.858690175" lon="21.420528889" /><trkpt lat="53.858695015" lon="21.420523413" /><trkpt lat="53.858701182" lon="21.420517080" /><trkpt lat="53.858708603" lon="21.420509945" /><trkpt lat="53.858717204" lon="21.420502061" /><trkpt lat="53.858726912" lon="21.420493485" /><trkpt lat="53.858737656" lon="21.420484269" /><trkpt lat="53.858749361" lon="21.420474469" /><trkpt lat="53.858761954" lon="21.420464139" /><trkpt lat="53.858775364" lon="21.420453333" /><trkpt lat="53.858789516" lon="21.420442107" /><trkpt lat="53.858804337" lon="21.420430514" /><trkpt lat="53.858819756" lon="21.420418609" /><trkpt lat="53.858835698" lon="21.420406447" /><trkpt lat="53.858852090" lon="21.420394082" /><trkpt lat="53.858868861" lon="21.420381569" /><trkpt lat="53.858885936" lon="21.420368962" /><trkpt lat="53.858903243" lon="21.420356316" /><trkpt lat="53.858920708" lon="21.420343685" /><trkpt lat="53.858938260" lon="21.420331123" /><trkpt lat="53.858955824" lon="21.420318686" /><trkpt lat="53.858973328" lon="21.420306428" /><trkpt lat="53.858990698" lon="21.420294403" /><trkpt lat="53.859007863" lon="21.420282666" /><trkpt lat="53.859024748" lon="21.420271271" /><trkpt lat="53.859041281" lon="21.420260273" /><trkpt lat="53.859057388" lon="21.420249726" /><trkpt lat="53.859072998" lon="21.420239685" /><trkpt lat="53.859088036" lon="21.420230205" /><trkpt lat="53.859102430" lon="21.420221339" /><trkpt lat="53.859116107" lon="21.420213143" /><trkpt lat="53.859128994" lon="21.420205671" /><trkpt lat="53.859141017" lon="21.420198977" /><trkpt lat="53.859153248" lon="21.420192377" /><trkpt lat="53.859165277" lon="21.420185981" /><trkpt lat="53.859177122" lon="21.420179778" /><trkpt lat="53.859188803" lon="21.420173757" /><trkpt lat="53.859200338" lon="21.420167908" /><trkpt lat="53.859211747" lon="21.420162220" /><trkpt lat="53.859223048" lon="21.420156682" /><trkpt lat="53.859234260" lon="21.420151284" /><trkpt lat="53.859245403" lon="21.420146014" /><trkpt lat="53.859256495" lon="21.420140862" /><trkpt lat="53.859267556" lon="21.420135818" /><trkpt lat="53.859278604" lon="21.420130870" /><trkpt lat="53.859289658" lon="21.420126008" /><trkpt lat="53.859300738" lon="21.420121222" /><trkpt lat="53.859311861" lon="21.420116499" /><trkpt lat="53.859323048" lon="21.420111830" /><trkpt lat="53.859334318" lon="21.420107204" /><trkpt lat="53.859345688" lon="21.420102611" /><trkpt lat="53.859357179" lon="21.420098038" /><trkpt lat="53.859368809" lon="21.420093477" /><trkpt lat="53.859380597" lon="21.420088915" /><trkpt lat="53.859392563" lon="21.420084343" /><trkpt lat="53.859404724" lon="21.420079749" /><trkpt lat="53.859417101" lon="21.420075123" /><trkpt lat="53.859429712" lon="21.420070454" /><trkpt lat="53.859442575" lon="21.420065732" /><trkpt lat="53.859455711" lon="21.420060945" /><trkpt lat="53.859469138" lon="21.420056083" /><trkpt lat="53.859482875" lon="21.420051135" /><trkpt lat="53.859496942" lon="21.420046091" /><trkpt lat="53.859510205" lon="21.420041552" /><trkpt lat="53.859524087" lon="21.420037193" /><trkpt lat="53.859538553" lon="21.420033002" /><trkpt lat="53.859553567" lon="21.420028967" /><trkpt lat="53.859569094" lon="21.420025076" /><trkpt lat="53.859585099" lon="21.420021316" /><trkpt lat="53.859601547" lon="21.420017676" /><trkpt lat="53.859618403" lon="21.420014144" /><trkpt lat="53.859635631" lon="21.420010706" /><trkpt lat="53.859653197" lon="21.420007353" /><trkpt lat="53.859671065" lon="21.420004070" /><trkpt lat="53.859689201" lon="21.420000846" /><trkpt lat="53.859707568" lon="21.419997670" /><trkpt lat="53.859726133" lon="21.419994528" /><trkpt lat="53.859744860" lon="21.419991409" /><trkpt lat="53.859763713" lon="21.419988301" /><trkpt lat="53.859782658" lon="21.419985192" /><trkpt lat="53.859801659" lon="21.419982069" /><trkpt lat="53.859820682" lon="21.419978920" /><trkpt lat="53.859839691" lon="21.419975734" /><trkpt lat="53.859858652" lon="21.419972499" /><trkpt lat="53.859877528" lon="21.419969201" /><trkpt lat="53.859896285" lon="21.419965830" /><trkpt lat="53.859914888" lon="21.419962372" /><trkpt lat="53.859933302" lon="21.419958817" /><trkpt lat="53.859951491" lon="21.419955151" /><trkpt lat="53.859969420" lon="21.419951363" /><trkpt lat="53.859987055" lon="21.419947441" /><trkpt lat="53.860004360" lon="21.419943372" /><trkpt lat="53.860021300" lon="21.419939145" /><trkpt lat="53.860037839" lon="21.419934747" /><trkpt lat="53.860053944" lon="21.419930167" /><trkpt lat="53.860069578" lon="21.419925392" /><trkpt lat="53.860086560" lon="21.419920091" /><trkpt lat="53.860103645" lon="21.419914922" /><trkpt lat="53.860120822" lon="21.419909891" /><trkpt lat="53.860138078" lon="21.419905005" /><trkpt lat="53.860155401" lon="21.419900271" /><trkpt lat="53.860172778" lon="21.419895694" /><trkpt lat="53.860190198" lon="21.419891282" /><trkpt lat="53.860207647" lon="21.419887041" /><trkpt lat="53.860225114" lon="21.419882978" /><trkpt lat="53.860242586" lon="21.419879099" /><trkpt lat="53.860260051" lon="21.419875410" /><trkpt lat="53.860277497" lon="21.419871919" /><trkpt lat="53.860294911" lon="21.419868632" /><trkpt lat="53.860312281" lon="21.419865555" /><trkpt lat="53.860329595" lon="21.419862695" /><trkpt lat="53.860346840" lon="21.419860059" /><trkpt lat="53.860364005" lon="21.419857652" /><trkpt lat="53.860381076" lon="21.419855483" /><trkpt lat="53.860398042" lon="21.419853556" /><trkpt lat="53.860414890" lon="21.419851879" /><trkpt lat="53.860431608" lon="21.419850459" /><trkpt lat="53.860448184" lon="21.419849301" /><trkpt lat="53.860464605" lon="21.419848413" /><trkpt lat="53.860480859" lon="21.419847801" /><trkpt lat="53.860496934" lon="21.419847471" /><trkpt lat="53.860512817" lon="21.419847430" /><trkpt lat="53.860528496" lon="21.419847685" /><trkpt lat="53.860543959" lon="21.419848243" /><trkpt lat="53.860559194" lon="21.419849109" /><trkpt lat="53.860574188" lon="21.419850290" /><trkpt lat="53.860589041" lon="21.419851577" /><trkpt lat="53.860603863" lon="21.419852757" /><trkpt lat="53.860618653" lon="21.419853828" /><trkpt lat="53.860633412" lon="21.419854790" /><trkpt lat="53.860648139" lon="21.419855642" /><trkpt lat="53.860662834" lon="21.419856384" /><trkpt lat="53.860677497" lon="21.419857015" /><trkpt lat="53.860692129" lon="21.419857535" /><trkpt lat="53.860706730" lon="21.419857942" /><trkpt lat="53.860721298" lon="21.419858237" /><trkpt lat="53.860735835" lon="21.419858419" /><trkpt lat="53.860750341" lon="21.419858487" /><trkpt lat="53.860764815" lon="21.419858440" /><trkpt lat="53.860779257" lon="21.419858278" /><trkpt lat="53.860793667" lon="21.419858001" /><trkpt lat="53.860808046" lon="21.419857608" /><trkpt lat="53.860822393" lon="21.419857097" /><trkpt lat="53.860836709" lon="21.419856470" /><trkpt lat="53.860850993" lon="21.419855724" /><trkpt lat="53.860865245" lon="21.419854860" /><trkpt lat="53.860879465" lon="21.419853876" /><trkpt lat="53.860893654" lon="21.419852773" /><trkpt lat="53.860907812" lon="21.419851549" /><trkpt lat="53.860921938" lon="21.419850204" /><trkpt lat="53.860936032" lon="21.419848738" /><trkpt lat="53.860950094" lon="21.419847149" /><trkpt lat="53.860964125" lon="21.419845438" /><trkpt lat="53.860978124" lon="21.419843603" /><trkpt lat="53.860992091" lon="21.419841644" /><trkpt lat="53.861006027" lon="21.419839561" /><trkpt lat="53.861019645" lon="21.419837294" /><trkpt lat="53.861033550" lon="21.419834656" /><trkpt lat="53.861047732" lon="21.419831659" /><trkpt lat="53.861062183" lon="21.419828318" /><trkpt lat="53.861076893" lon="21.419824645" /><trkpt lat="53.861091854" lon="21.419820655" /><trkpt lat="53.861107055" lon="21.419816361" /><trkpt lat="53.861122488" lon="21.419811776" /><trkpt lat="53.861138143" lon="21.419806914" /><trkpt lat="53.861154011" lon="21.419801788" /><trkpt lat="53.861170084" lon="21.419796412" /><trkpt lat="53.861186351" lon="21.419790800" /><trkpt lat="53.861202803" lon="21.419784964" /><trkpt lat="53.861219431" lon="21.419778919" /><trkpt lat="53.861236227" lon="21.419772678" /><trkpt lat="53.861253180" lon="21.419766254" /><trkpt lat="53.861270281" lon="21.419759662" /><trkpt lat="53.861287522" lon="21.419752913" /><trkpt lat="53.861304893" lon="21.419746023" /><trkpt lat="53.861322384" lon="21.419739004" /><trkpt lat="53.861339987" lon="21.419731869" /><trkpt lat="53.861357692" lon="21.419724634" /><trkpt lat="53.861375490" lon="21.419717310" /><trkpt lat="53.861393372" lon="21.419709912" /><trkpt lat="53.861411329" lon="21.419702452" /><trkpt lat="53.861429351" lon="21.419694946" /><trkpt lat="53.861447429" lon="21.419687405" /><trkpt lat="53.861465554" lon="21.419679843" /><trkpt lat="53.861483716" lon="21.419672275" /><trkpt lat="53.861501907" lon="21.419664713" /><trkpt lat="53.861520116" lon="21.419657171" /><trkpt lat="53.861538743" lon="21.419649402" /><trkpt lat="53.861556992" lon="21.419641657" /><trkpt lat="53.861574886" lon="21.419633940" /><trkpt lat="53.861592448" lon="21.419626257" /><trkpt lat="53.861609701" lon="21.419618614" /><trkpt lat="53.861626667" lon="21.419611015" /><trkpt lat="53.861643369" lon="21.419603467" /><trkpt lat="53.861659831" lon="21.419595973" /><trkpt lat="53.861676074" lon="21.419588541" /><trkpt lat="53.861692123" lon="21.419581175" /><trkpt lat="53.861707999" lon="21.419573880" /><trkpt lat="53.861723726" lon="21.419566662" /><trkpt lat="53.861739326" lon="21.419559527" /><trkpt lat="53.861754823" lon="21.419552479" /><trkpt lat="53.861770238" lon="21.419545524" /><trkpt lat="53.861785596" lon="21.419538667" /><trkpt lat="53.861800919" lon="21.419531914" /><trkpt lat="53.861816229" lon="21.419525270" /><trkpt lat="53.861831550" lon="21.419518741" /><trkpt lat="53.861846904" lon="21.419512331" /><trkpt lat="53.861862314" lon="21.419506047" /><trkpt lat="53.861877804" lon="21.419499893" /><trkpt lat="53.861893395" lon="21.419493875" /><trkpt lat="53.861909112" lon="21.419487998" /><trkpt lat="53.861924975" lon="21.419482268" /><trkpt lat="53.861941010" lon="21.419476690" /><trkpt lat="53.861957237" lon="21.419471270" /><trkpt lat="53.861973681" lon="21.419466012" /><trkpt lat="53.861990364" lon="21.419460922" /><trkpt lat="53.862007309" lon="21.419456005" /><trkpt lat="53.862022552" lon="21.419452027" /><trkpt lat="53.862038120" lon="21.419448600" /><trkpt lat="53.862053996" lon="21.419445705" /><trkpt lat="53.862070160" lon="21.419443322" /><trkpt lat="53.862086594" lon="21.419441431" /><trkpt lat="53.862103278" lon="21.419440012" /><trkpt lat="53.862120194" lon="21.419439046" /><trkpt lat="53.862137324" lon="21.419438513" /><trkpt lat="53.862154647" lon="21.419438394" /><trkpt lat="53.862172145" lon="21.419438669" /><trkpt lat="53.862189800" lon="21.419439318" /><trkpt lat="53.862207593" lon="21.419440321" /><trkpt lat="53.862225504" lon="21.419441660" /><trkpt lat="53.862243515" lon="21.419443314" /><trkpt lat="53.862261608" lon="21.419445263" /><trkpt lat="53.862279762" lon="21.419447488" /><trkpt lat="53.862297961" lon="21.419449970" /><trkpt lat="53.862316183" lon="21.419452689" /><trkpt lat="53.862334412" lon="21.419455624" /><trkpt lat="53.862352628" lon="21.419458757" /><trkpt lat="53.862370811" lon="21.419462067" /><trkpt lat="53.862388944" lon="21.419465536" /><trkpt lat="53.862407008" lon="21.419469142" /><trkpt lat="53.862424983" lon="21.419472868" /><trkpt lat="53.862442851" lon="21.419476693" /><trkpt lat="53.862460592" lon="21.419480597" /><trkpt lat="53.862478189" lon="21.419484561" /><trkpt lat="53.862495622" lon="21.419488565" /><trkpt lat="53.862512873" lon="21.419492590" /><trkpt lat="53.862529922" lon="21.419496615" /><trkpt lat="53.862546751" lon="21.419500621" /><trkpt lat="53.862563341" lon="21.419504589" /><trkpt lat="53.862579673" lon="21.419508499" /><trkpt lat="53.862595729" lon="21.419512331" /><trkpt lat="53.862612347" lon="21.419516101" /><trkpt lat="53.862629392" lon="21.419519609" /><trkpt lat="53.862646829" lon="21.419522861" /><trkpt lat="53.862664623" lon="21.419525862" /><trkpt lat="53.862682740" lon="21.419528616" /><trkpt lat="53.862701144" lon="21.419531129" /><trkpt lat="53.862719802" lon="21.419533406" /><trkpt lat="53.862738677" lon="21.419535451" /><trkpt lat="53.862757735" lon="21.419537269" /><trkpt lat="53.862776941" lon="21.419538866" /><trkpt lat="53.862796260" lon="21.419540246" /><trkpt lat="53.862815658" lon="21.419541415" /><trkpt lat="53.862835100" lon="21.419542376" /><trkpt lat="53.862854550" lon="21.419543135" /><trkpt lat="53.862873974" lon="21.419543698" /><trkpt lat="53.862893337" lon="21.419544068" /><trkpt lat="53.862912604" lon="21.419544251" /><trkpt lat="53.862931740" lon="21.419544252" /><trkpt lat="53.862950711" lon="21.419544075" /><trkpt lat="53.862969482" lon="21.419543727" /><trkpt lat="53.862988017" lon="21.419543210" /><trkpt lat="53.863006282" lon="21.419542531" /><trkpt lat="53.863024241" lon="21.419541695" /><trkpt lat="53.863041861" lon="21.419540705" /><trkpt lat="53.863059107" lon="21.419539568" /><trkpt lat="53.863075942" lon="21.419538288" /><trkpt lat="53.863092334" lon="21.419536870" /><trkpt lat="53.863108245" lon="21.419535320" /><trkpt lat="53.863123643" lon="21.419533641" /><trkpt lat="53.863138492" lon="21.419531838" /><trkpt lat="53.863152756" lon="21.419529918" /><trkpt lat="53.863166402" lon="21.419527885" /><trkpt lat="53.863179395" lon="21.419525743" /><trkpt lat="53.863191736" lon="21.419523454" /><trkpt lat="53.863204868" lon="21.419520740" /><trkpt lat="53.863218743" lon="21.419517625" /><trkpt lat="53.863233316" lon="21.419514129" /><trkpt lat="53.863248539" lon="21.419510275" /><trkpt lat="53.863264367" lon="21.419506085" /><trkpt lat="53.863280753" lon="21.419501581" /><trkpt lat="53.863297649" lon="21.419496786" /><trkpt lat="53.863315011" lon="21.419491721" /><trkpt lat="53.863332791" lon="21.419486409" /><trkpt lat="53.863350943" lon="21.419480871" /><trkpt lat="53.863369420" lon="21.419475131" /><trkpt lat="53.863388176" lon="21.419469209" /><trkpt lat="53.863407165" lon="21.419463129" /><trkpt lat="53.863426339" lon="21.419456912" /><trkpt lat="53.863445653" lon="21.419450581" /><trkpt lat="53.863465060" lon="21.419444157" /><trkpt lat="53.863484513" lon="21.419437663" /><trkpt lat="53.863503966" lon="21.419431121" /><trkpt lat="53.863523373" lon="21.419424554" /><trkpt lat="53.863542687" lon="21.419417982" /><trkpt lat="53.863561861" lon="21.419411429" /><trkpt lat="53.863580850" lon="21.419404916" /><trkpt lat="53.863599606" lon="21.419398466" /><trkpt lat="53.863618083" lon="21.419392101" /><trkpt lat="53.863636235" lon="21.419385843" /><trkpt lat="53.863654015" lon="21.419379714" /><trkpt lat="53.863671376" lon="21.419373736" /><trkpt lat="53.863688273" lon="21.419367932" /><trkpt lat="53.863704658" lon="21.419362323" /><trkpt lat="53.863720486" lon="21.419356932" /><trkpt lat="53.863735709" lon="21.419351781" /><trkpt lat="53.863750282" lon="21.419346892" /><trkpt lat="53.863764157" lon="21.419342287" /><trkpt lat="53.863777288" lon="21.419337988" /><trkpt lat="53.863792169" lon="21.419333150" /><trkpt lat="53.863807080" lon="21.419328287" /><trkpt lat="53.863822034" lon="21.419323391" /><trkpt lat="53.863837038" lon="21.419318457" /><trkpt lat="53.863852105" lon="21.419313475" /><trkpt lat="53.863867244" lon="21.419308441" /><trkpt lat="53.863882465" lon="21.419303345" /><trkpt lat="53.863897778" lon="21.419298182" /><trkpt lat="53.863913194" lon="21.419292943" /><trkpt lat="53.863928723" lon="21.419287622" /><trkpt lat="53.863944375" lon="21.419282212" /><trkpt lat="53.863960160" lon="21.419276705" /><trkpt lat="53.863976088" lon="21.419271094" /><trkpt lat="53.863992170" lon="21.419265373" /><trkpt lat="53.864008416" lon="21.419259533" /><trkpt lat="53.864024836" lon="21.419253569" /><trkpt lat="53.864041440" lon="21.419247472" /><trkpt lat="53.864058238" lon="21.419241235" /><trkpt lat="53.864075241" lon="21.419234852" /><trkpt lat="53.864092459" lon="21.419228315" /><trkpt lat="53.864109901" lon="21.419221618" /><trkpt lat="53.864127579" lon="21.419214752" /><trkpt lat="53.864145502" lon="21.419207711" /><trkpt lat="53.864163681" lon="21.419200487" /><trkpt lat="53.864182125" lon="21.419193074" /><trkpt lat="53.864200846" lon="21.419185464" /><trkpt lat="53.864219852" lon="21.419177651" /><trkpt lat="53.864239155" lon="21.419169626" /><trkpt lat="53.864258764" lon="21.419161384" /><trkpt lat="53.864278690" lon="21.419152915" /><trkpt lat="53.864297940" lon="21.419144700" /><trkpt lat="53.864316824" lon="21.419136663" /><trkpt lat="53.864335362" lon="21.419128797" /><trkpt lat="53.864353571" lon="21.419121095" /><trkpt lat="53.864371472" lon="21.419113552" /><trkpt lat="53.864389083" lon="21.419106161" /><trkpt lat="53.864406424" lon="21.419098915" /><trkpt lat="53.864423513" lon="21.419091807" /><trkpt lat="53.864440370" lon="21.419084833" /><trkpt lat="53.864457014" lon="21.419077984" /><trkpt lat="53.864473464" lon="21.419071254" /><trkpt lat="53.864489739" lon="21.419064637" /><trkpt lat="53.864505859" lon="21.419058127" /><trkpt lat="53.864521841" lon="21.419051717" /><trkpt lat="53.864537706" lon="21.419045400" /><trkpt lat="53.864553473" lon="21.419039170" /><trkpt lat="53.864569160" lon="21.419033020" /><trkpt lat="53.864584787" lon="21.419026945" /><trkpt lat="53.864600373" lon="21.419020937" /><trkpt lat="53.864615937" lon="21.419014990" /><trkpt lat="53.864631498" lon="21.419009098" /><trkpt lat="53.864647076" lon="21.419003254" /><trkpt lat="53.864662689" lon="21.418997451" /><trkpt lat="53.864678356" lon="21.418991684" /><trkpt lat="53.864694097" lon="21.418985945" /><trkpt lat="53.864709930" lon="21.418980228" /><trkpt lat="53.864725875" lon="21.418974527" /><trkpt lat="53.864741952" lon="21.418968835" /><trkpt lat="53.864758178" lon="21.418963146" /><trkpt lat="53.864774573" lon="21.418957453" /><trkpt lat="53.864791157" lon="21.418951750" /><trkpt lat="53.864808493" lon="21.418945779" /><trkpt lat="53.864826006" lon="21.418939673" /><trkpt lat="53.864843670" lon="21.418933441" /><trkpt lat="53.864861462" lon="21.418927091" /><trkpt lat="53.864879358" lon="21.418920631" /><trkpt lat="53.864897332" lon="21.418914070" /><trkpt lat="53.864915361" lon="21.418907416" /><trkpt lat="53.864933421" lon="21.418900677" /><trkpt lat="53.864951487" lon="21.418893862" /><trkpt lat="53.864969535" lon="21.418886979" /><trkpt lat="53.864987541" lon="21.418880037" /><trkpt lat="53.865005480" lon="21.418873043" /><trkpt lat="53.865023329" lon="21.418866006" /><trkpt lat="53.865041063" lon="21.418858935" /><trkpt lat="53.865058658" lon="21.418851838" /><trkpt lat="53.865076089" lon="21.418844722" /><trkpt lat="53.865093332" lon="21.418837597" /><trkpt lat="53.865110364" lon="21.418830471" /><trkpt lat="53.865127159" lon="21.418823352" /><trkpt lat="53.865143694" lon="21.418816249" /><trkpt lat="53.865159944" lon="21.418809169" /><trkpt lat="53.865175886" lon="21.418802121" /><trkpt lat="53.865191494" lon="21.418795115" /><trkpt lat="53.865206744" lon="21.418788157" /><trkpt lat="53.865221613" lon="21.418781256" /><trkpt lat="53.865236076" lon="21.418774420" /><trkpt lat="53.865250109" lon="21.418767659" /><trkpt lat="53.865263687" lon="21.418760980" /><trkpt lat="53.865276786" lon="21.418754391" /><trkpt lat="53.865289383" lon="21.418747902" /><trkpt lat="53.865301435" lon="21.418741327" /><trkpt lat="53.865312955" lon="21.418734501" /><trkpt lat="53.865324002" lon="21.418727458" /><trkpt lat="53.865334637" lon="21.418720233" /><trkpt lat="53.865344917" lon="21.418712859" /><trkpt lat="53.865354902" lon="21.418705373" /><trkpt lat="53.865364650" lon="21.418697808" /><trkpt lat="53.865374222" lon="21.418690198" /><trkpt lat="53.865383675" lon="21.418682579" /><trkpt lat="53.865393070" lon="21.418674986" /><trkpt lat="53.865402464" lon="21.418667451" /><trkpt lat="53.865411917" lon="21.418660011" /><trkpt lat="53.865421489" lon="21.418652700" /><trkpt lat="53.865431237" lon="21.418645552" /><trkpt lat="53.865441222" lon="21.418638602" /><trkpt lat="53.865451502" lon="21.418631884" /><trkpt lat="53.865462136" lon="21.418625434" /><trkpt lat="53.865473184" lon="21.418619285" /><trkpt lat="53.865484704" lon="21.418613472" /><trkpt lat="53.865496756" lon="21.418608030" /><trkpt lat="53.865509398" lon="21.418602993" /><trkpt lat="53.865522689" lon="21.418598396" /><trkpt lat="53.865536689" lon="21.418594274" /><trkpt lat="53.865551457" lon="21.418590660" /><trkpt lat="53.865567051" lon="21.418587590" /><trkpt lat="53.865583531" lon="21.418585099" /><trkpt lat="53.865600956" lon="21.418583220" /><trkpt lat="53.865619385" lon="21.418581988" /><trkpt lat="53.865638876" lon="21.418581438" /><trkpt lat="53.865659490" lon="21.418581605" /><trkpt lat="53.865680332" lon="21.418582248" /><trkpt lat="53.865700498" lon="21.418583101" /><trkpt lat="53.865720029" lon="21.418584158" /><trkpt lat="53.865738965" lon="21.418585416" /><trkpt lat="53.865757347" lon="21.418586870" /><trkpt lat="53.865775216" lon="21.418588514" /><trkpt lat="53.865792612" lon="21.418590345" /><trkpt lat="53.865809577" lon="21.418592356" /><trkpt lat="53.865826151" lon="21.418594544" /><trkpt lat="53.865842375" lon="21.418596903" /><trkpt lat="53.865858290" lon="21.418599430" /><trkpt lat="53.865873936" lon="21.418602118" /><trkpt lat="53.865889354" lon="21.418604964" /><trkpt lat="53.865904585" lon="21.418607963" /><trkpt lat="53.865919670" lon="21.418611109" /><trkpt lat="53.865934650" lon="21.418614399" /><trkpt lat="53.865949565" lon="21.418617826" /><trkpt lat="53.865964456" lon="21.418621387" /><trkpt lat="53.865979363" lon="21.418625077" /><trkpt lat="53.865994329" lon="21.418628891" /><trkpt lat="53.866009393" lon="21.418632824" /><trkpt lat="53.866024596" lon="21.418636872" /><trkpt lat="53.866039979" lon="21.418641029" /><trkpt lat="53.866055583" lon="21.418645291" /><trkpt lat="53.866071448" lon="21.418649654" /><trkpt lat="53.866087616" lon="21.418654111" /><trkpt lat="53.866104126" lon="21.418658659" /><trkpt lat="53.866121021" lon="21.418663294" /><trkpt lat="53.866138340" lon="21.418668009" /><trkpt lat="53.866156124" lon="21.418672800" /><trkpt lat="53.866173477" lon="21.418677387" /><trkpt lat="53.866190650" lon="21.418681797" /><trkpt lat="53.866207659" lon="21.418686019" /><trkpt lat="53.866224523" lon="21.418690046" /><trkpt lat="53.866241258" lon="21.418693865" /><trkpt lat="53.866257882" lon="21.418697469" /><trkpt lat="53.866274411" lon="21.418700847" /><trkpt lat="53.866290863" lon="21.418703989" /><trkpt lat="53.866307255" lon="21.418706886" /><trkpt lat="53.866323605" lon="21.418709529" /><trkpt lat="53.866339929" lon="21.418711906" /><trkpt lat="53.866356245" lon="21.418714009" /><trkpt lat="53.866372569" lon="21.418715828" /><trkpt lat="53.866388920" lon="21.418717353" /><trkpt lat="53.866405314" lon="21.418718574" /><trkpt lat="53.866421769" lon="21.418719482" /><trkpt lat="53.866438301" lon="21.418720067" /><trkpt lat="53.866454929" lon="21.418720320" /><trkpt lat="53.866471668" lon="21.418720230" /><trkpt lat="53.866488537" lon="21.418719787" /><trkpt lat="53.866505552" lon="21.418718983" /><trkpt lat="53.866522731" lon="21.418717807" /><trkpt lat="53.866540091" lon="21.418716249" /><trkpt lat="53.866557649" lon="21.418714301" /><trkpt lat="53.866575422" lon="21.418711951" /><trkpt lat="53.866593428" lon="21.418709192" /><trkpt lat="53.866611684" lon="21.418706011" /><trkpt lat="53.866630206" lon="21.418702401" /><trkpt lat="53.866649013" lon="21.418698351" /><trkpt lat="53.866668121" lon="21.418693852" /><trkpt lat="53.866687547" lon="21.418688893" /><trkpt lat="53.866707554" lon="21.418683636" /><trkpt lat="53.866727098" lon="21.418678594" /><trkpt lat="53.866746206" lon="21.418673766" /><trkpt lat="53.866764901" lon="21.418669152" /><trkpt lat="53.866783205" lon="21.418664753" /><trkpt lat="53.866801145" lon="21.418660569" /><trkpt lat="53.866818743" lon="21.418656600" /><trkpt lat="53.866836023" lon="21.418652844" /><trkpt lat="53.866853009" lon="21.418649304" /><trkpt lat="53.866869725" lon="21.418645978" /><trkpt lat="53.866886195" lon="21.418642867" /><trkpt lat="53.866902443" lon="21.418639970" /><trkpt lat="53.866918493" lon="21.418637288" /><trkpt lat="53.866934369" lon="21.418634820" /><trkpt lat="53.866950094" lon="21.418632567" /><trkpt lat="53.866965692" lon="21.418630528" /><trkpt lat="53.866981188" lon="21.418628705" /><trkpt lat="53.866996605" lon="21.418627095" /><trkpt lat="53.867011967" lon="21.418625700" /><trkpt lat="53.867027299" lon="21.418624520" /><trkpt lat="53.867042623" lon="21.418623555" /><trkpt lat="53.867057964" lon="21.418622804" /><trkpt lat="53.867073346" lon="21.418622267" /><trkpt lat="53.867088793" lon="21.418621945" /><trkpt lat="53.867104328" lon="21.418621838" /><trkpt lat="53.867119976" lon="21.418621945" /><trkpt lat="53.867135760" lon="21.418622267" /><trkpt lat="53.867151704" lon="21.418622804" /><trkpt lat="53.867167833" lon="21.418623555" /><trkpt lat="53.867184169" lon="21.418624520" /><trkpt lat="53.867197602" lon="21.418625612" /><trkpt lat="53.867211226" lon="21.418627142" /><trkpt lat="53.867225036" lon="21.418629100" /><trkpt lat="53.867239029" lon="21.418631479" /><trkpt lat="53.867253201" lon="21.418634268" /><trkpt lat="53.867267548" lon="21.418637460" /><trkpt lat="53.867282067" lon="21.418641045" /><trkpt lat="53.867296753" lon="21.418645015" /><trkpt lat="53.867311604" lon="21.418649360" /><trkpt lat="53.867326615" lon="21.418654072" /><trkpt lat="53.867341783" lon="21.418659142" /><trkpt lat="53.867357104" lon="21.418664560" /><trkpt lat="53.867372574" lon="21.418670318" /><trkpt lat="53.867388189" lon="21.418676408" /><trkpt lat="53.867403946" lon="21.418682820" /><trkpt lat="53.867419840" lon="21.418689544" /><trkpt lat="53.867435869" lon="21.418696574" /><trkpt lat="53.867452028" lon="21.418703898" /><trkpt lat="53.867468314" lon="21.418711510" /><trkpt lat="53.867484723" lon="21.418719399" /><trkpt lat="53.867501251" lon="21.418727556" /><trkpt lat="53.867517894" lon="21.418735974" /><trkpt lat="53.867534649" lon="21.418744643" /><trkpt lat="53.867551511" lon="21.418753554" /><trkpt lat="53.867568478" lon="21.418762698" /><trkpt lat="53.867585546" lon="21.418772066" /><trkpt lat="53.867602710" lon="21.418781649" /><trkpt lat="53.867619967" lon="21.418791440" /><trkpt lat="53.867637313" lon="21.418801427" /><trkpt lat="53.867654744" lon="21.418811604" /><trkpt lat="53.867672258" lon="21.418821960" /><trkpt lat="53.867689849" lon="21.418832488" /><trkpt lat="53.867707514" lon="21.418843177" /><trkpt lat="53.867725250" lon="21.418854019" /><trkpt lat="53.867743052" lon="21.418865006" /><trkpt lat="53.867760918" lon="21.418876128" /><trkpt lat="53.867778842" lon="21.418887377" /><trkpt lat="53.867790626" lon="21.418894754" /><trkpt lat="53.867803054" lon="21.418902446" /><trkpt lat="53.867816097" lon="21.418910440" /><trkpt lat="53.867829730" lon="21.418918720" /><trkpt lat="53.867843923" lon="21.418927272" /><trkpt lat="53.867858649" lon="21.418936081" /><trkpt lat="53.867873881" lon="21.418945134" /><trkpt lat="53.867889590" lon="21.418954415" /><trkpt lat="53.867905750" lon="21.418963910" /><trkpt lat="53.867922333" lon="21.418973604" /><trkpt lat="53.867939311" lon="21.418983484" /><trkpt lat="53.867956657" lon="21.418993533" /><trkpt lat="53.867974342" lon="21.419003739" /><trkpt lat="53.867992340" lon="21.419014086" /><trkpt lat="53.868010622" lon="21.419024560" /><trkpt lat="53.868029161" lon="21.419035146" /><trkpt lat="53.868047929" lon="21.419045830" /><trkpt lat="53.868066900" lon="21.419056597" /><trkpt lat="53.868086044" lon="21.419067434" /><trkpt lat="53.868105335" lon="21.419078324" /><trkpt lat="53.868124744" lon="21.419089254" /><trkpt lat="53.868144245" lon="21.419100210" /><trkpt lat="53.868163810" lon="21.419111176" /><trkpt lat="53.868183410" lon="21.419122138" /><trkpt lat="53.868203019" lon="21.419133082" /><trkpt lat="53.868222609" lon="21.419143993" /><trkpt lat="53.868242151" lon="21.419154857" /><trkpt lat="53.868261620" lon="21.419165659" /><trkpt lat="53.868280986" lon="21.419176385" /><trkpt lat="53.868300222" lon="21.419187020" /><trkpt lat="53.868319301" lon="21.419197549" /><trkpt lat="53.868338195" lon="21.419207958" /><trkpt lat="53.868356876" lon="21.419218233" /><trkpt lat="53.868375317" lon="21.419228359" /><trkpt lat="53.868393490" lon="21.419238322" /><trkpt lat="53.868411368" lon="21.419248106" /><trkpt lat="53.868428922" lon="21.419257698" /><trkpt lat="53.868446126" lon="21.419267083" /><trkpt lat="53.868462951" lon="21.419276246" /><trkpt lat="53.868479371" lon="21.419285174" /><trkpt lat="53.868495356" lon="21.419293851" /><trkpt lat="53.868510881" lon="21.419302262" /><trkpt lat="53.868525916" lon="21.419310394" /><trkpt lat="53.868540435" lon="21.419318232" /><trkpt lat="53.868554410" lon="21.419325761" /><trkpt lat="53.868567814" lon="21.419332968" /><trkpt lat="53.868580617" lon="21.419339836" /><trkpt lat="53.868592794" lon="21.419346352" /><trkpt lat="53.868604316" lon="21.419352502" /><trkpt lat="53.868615156" lon="21.419358270" /><trkpt lat="53.868625286" lon="21.419363643" /><trkpt lat="53.868634679" lon="21.419368605" /><trkpt lat="53.868643306" lon="21.419373142" /><trkpt lat="53.868651141" lon="21.419377240" /><trkpt lat="53.868658155" lon="21.419380885" /><trkpt lat="53.868664321" lon="21.419384061" /><trkpt lat="53.868669612" lon="21.419386754" /><trkpt lat="53.868673999" lon="21.419388950" /><trkpt lat="53.868681579" lon="21.419393261" /><trkpt lat="53.868689130" lon="21.419398617" /><trkpt lat="53.868696644" lon="21.419404920" /><trkpt lat="53.868704114" lon="21.419412070" /><trkpt lat="53.868711531" lon="21.419419969" /><trkpt lat="53.868718890" lon="21.419428518" /><trkpt lat="53.868726180" lon="21.419437617" /><trkpt lat="53.868733396" lon="21.419447169" /><trkpt lat="53.868740528" lon="21.419457073" /><trkpt lat="53.868747570" lon="21.419467231" /><trkpt lat="53.868754513" lon="21.419477544" /><trkpt lat="53.868761350" lon="21.419487913" /><trkpt lat="53.868768074" lon="21.419498239" /><trkpt lat="53.868774676" lon="21.419508423" /><trkpt lat="53.868781148" lon="21.419518366" /><trkpt lat="53.868787483" lon="21.419527970" /><trkpt lat="53.868793674" lon="21.419537135" /><trkpt lat="53.868799712" lon="21.419545763" /><trkpt lat="53.868805590" lon="21.419553753" /><trkpt lat="53.868811300" lon="21.419561009" /><trkpt lat="53.868816834" lon="21.419567429" /><trkpt lat="53.868822184" lon="21.419572917" /><trkpt lat="53.868827344" lon="21.419577372" /><trkpt lat="53.868832304" lon="21.419580696" /><trkpt lat="53.868837058" lon="21.419582789" /><trkpt lat="53.868841597" lon="21.419583553" /><trkpt lat="53.868845915" lon="21.419582890" /><trkpt lat="53.868850002" lon="21.419580699" /><trkpt lat="53.868853852" lon="21.419576882" /><trkpt lat="53.868857457" lon="21.419571340" /><trkpt lat="53.868860859" lon="21.419565053" /><trkpt lat="53.868864132" lon="21.419559061" /><trkpt lat="53.868867319" lon="21.419553353" /><trkpt lat="53.868870459" lon="21.419547921" /><trkpt lat="53.868873594" lon="21.419542755" /><trkpt lat="53.868876764" lon="21.419537845" /><trkpt lat="53.868880010" lon="21.419533181" /><trkpt lat="53.868883372" lon="21.419528755" /><trkpt lat="53.868886892" lon="21.419524557" /><trkpt lat="53.868890610" lon="21.419520577" /><trkpt lat="53.868894567" lon="21.419516805" /><trkpt lat="53.868898804" lon="21.419513233" /><trkpt lat="53.868903361" lon="21.419509850" /><trkpt lat="53.868908280" lon="21.419506647" /><trkpt lat="53.868913601" lon="21.419503614" /><trkpt lat="53.868919364" lon="21.419500743" /><trkpt lat="53.868925611" lon="21.419498023" /><trkpt lat="53.868932383" lon="21.419495444" /><trkpt lat="53.868939720" lon="21.419492998" /><trkpt lat="53.868947662" lon="21.419490675" /><trkpt lat="53.868956251" lon="21.419488465" /><trkpt lat="53.868965528" lon="21.419486359" /><trkpt lat="53.868975533" lon="21.419484347" /><trkpt lat="53.868986306" lon="21.419482419" /><trkpt lat="53.868997890" lon="21.419480567" /><trkpt lat="53.869010324" lon="21.419478780" /><trkpt lat="53.869023649" lon="21.419477050" /><trkpt lat="53.869037907" lon="21.419475365" /><trkpt lat="53.869053137" lon="21.419473718" /><trkpt lat="53.869069381" lon="21.419472098" /><trkpt lat="53.869085336" lon="21.419470182" /><trkpt lat="53.869100769" lon="21.419467556" /><trkpt lat="53.869115701" lon="21.419464227" /><trkpt lat="53.869130153" lon="21.419460206" /><trkpt lat="53.869144147" lon="21.419455501" /><trkpt lat="53.869157702" lon="21.419450123" /><trkpt lat="53.869170840" lon="21.419444079" /><trkpt lat="53.869183582" lon="21.419437380" /><trkpt lat="53.869195950" lon="21.419430034" /><trkpt lat="53.869207963" lon="21.419422050" /><trkpt lat="53.869219644" lon="21.419413438" /><trkpt lat="53.869231013" lon="21.419404208" /><trkpt lat="53.869242091" lon="21.419394367" /><trkpt lat="53.869252899" lon="21.419383925" /><trkpt lat="53.869263458" lon="21.419372892" /><trkpt lat="53.869273790" lon="21.419361277" /><trkpt lat="53.869283915" lon="21.419349089" /><trkpt lat="53.869293854" lon="21.419336336" /><trkpt lat="53.869303629" lon="21.419323029" /><trkpt lat="53.869313260" lon="21.419309176" /><trkpt lat="53.869322768" lon="21.419294787" /><trkpt lat="53.869332175" lon="21.419279870" /><trkpt lat="53.869341501" lon="21.419264436" /><trkpt lat="53.869350768" lon="21.419248492" /><trkpt lat="53.869359996" lon="21.419232049" /><trkpt lat="53.869369206" lon="21.419215116" /><trkpt lat="53.869378420" lon="21.419197701" /><trkpt lat="53.869387659" lon="21.419179813" /><trkpt lat="53.869396943" lon="21.419161463" /><trkpt lat="53.869406293" lon="21.419142660" /><trkpt lat="53.869415731" lon="21.419123411" /><trkpt lat="53.869423202" lon="21.419107915" /><trkpt lat="53.869430530" lon="21.419092375" /><trkpt lat="53.869437713" lon="21.419076787" /><trkpt lat="53.869444754" lon="21.419061149" /><trkpt lat="53.869451651" lon="21.419045460" /><trkpt lat="53.869458404" lon="21.419029716" /><trkpt lat="53.869465014" lon="21.419013915" /><trkpt lat="53.869471480" lon="21.418998054" /><trkpt lat="53.869477803" lon="21.418982132" /><trkpt lat="53.869483983" lon="21.418966145" /><trkpt lat="53.869490019" lon="21.418950092" /><trkpt lat="53.869495911" lon="21.418933969" /><trkpt lat="53.869501660" lon="21.418917775" /><trkpt lat="53.869507265" lon="21.418901507" /><trkpt lat="53.869512727" lon="21.418885162" /><trkpt lat="53.869518046" lon="21.418868738" /><trkpt lat="53.869523221" lon="21.418852233" /><trkpt lat="53.869528252" lon="21.418835644" /><trkpt lat="53.869533140" lon="21.418818969" /><trkpt lat="53.869537885" lon="21.418802205" /><trkpt lat="53.869542486" lon="21.418785350" /><trkpt lat="53.869546943" lon="21.418768402" /><trkpt lat="53.869551257" lon="21.418751357" /><trkpt lat="53.869555428" lon="21.418734214" /><trkpt lat="53.869559455" lon="21.418716970" /><trkpt lat="53.869563338" lon="21.418699622" /><trkpt lat="53.869567078" lon="21.418682169" /><trkpt lat="53.869570675" lon="21.418664607" /><trkpt lat="53.869574128" lon="21.418646935" /><trkpt lat="53.869577438" lon="21.418629150" /><trkpt lat="53.869580604" lon="21.418611249" /><trkpt lat="53.869583626" lon="21.418593230" /><trkpt lat="53.869586506" lon="21.418575090" /><trkpt lat="53.869589241" lon="21.418556828" /><trkpt lat="53.869591833" lon="21.418538441" /><trkpt lat="53.869594282" lon="21.418519925" /><trkpt lat="53.869596587" lon="21.418501279" /><trkpt lat="53.869598749" lon="21.418482501" /><trkpt lat="53.869600767" lon="21.418463588" /><trkpt lat="53.869602785" lon="21.418443201" /><trkpt lat="53.869604625" lon="21.418423159" /><trkpt lat="53.869606290" lon="21.418403443" /><trkpt lat="53.869607787" lon="21.418384038" /><trkpt lat="53.869609120" lon="21.418364926" /><trkpt lat="53.869610293" lon="21.418346092" /><trkpt lat="53.869611311" lon="21.418327519" /><trkpt lat="53.869612178" lon="21.418309190" /><trkpt lat="53.869612900" lon="21.418291088" /><trkpt lat="53.869613481" lon="21.418273198" /><trkpt lat="53.869613926" lon="21.418255502" /><trkpt lat="53.869614239" lon="21.418237984" /><trkpt lat="53.869614425" lon="21.418220628" /><trkpt lat="53.869614489" lon="21.418203416" /><trkpt lat="53.869614436" lon="21.418186333" /><trkpt lat="53.869614269" lon="21.418169362" /><trkpt lat="53.869613995" lon="21.418152485" /><trkpt lat="53.869613617" lon="21.418135688" /><trkpt lat="53.869613140" lon="21.418118952" /><trkpt lat="53.869612569" lon="21.418102262" /><trkpt lat="53.869611908" lon="21.418085601" /><trkpt lat="53.869611163" lon="21.418068953" /><trkpt lat="53.869610337" lon="21.418052300" /><trkpt lat="53.869609436" lon="21.418035626" /><trkpt lat="53.869608464" lon="21.418018916" /><trkpt lat="53.869607426" lon="21.418002151" /><trkpt lat="53.869606327" lon="21.417985316" /><trkpt lat="53.869605171" lon="21.417968395" /><trkpt lat="53.869603963" lon="21.417951369" /><trkpt lat="53.869602707" lon="21.417934224" /><trkpt lat="53.869601409" lon="21.417916942" /><trkpt lat="53.869600073" lon="21.417899507" /><trkpt lat="53.869598703" lon="21.417881902" /><trkpt lat="53.869597305" lon="21.417864111" /><trkpt lat="53.869595883" lon="21.417846117" /><trkpt lat="53.869594441" lon="21.417827904" /><trkpt lat="53.869592954" lon="21.417809102" /><trkpt lat="53.869591556" lon="21.417791445" /><trkpt lat="53.869590237" lon="21.417774840" /><trkpt lat="53.869588989" lon="21.417759194" /><trkpt lat="53.869587801" lon="21.417744414" /><trkpt lat="53.869586665" lon="21.417730406" /><trkpt lat="53.869585571" lon="21.417717077" /><trkpt lat="53.869584510" lon="21.417704334" /><trkpt lat="53.869583472" lon="21.417692082" /><trkpt lat="53.869582447" lon="21.417680230" /><trkpt lat="53.869581427" lon="21.417668683" /><trkpt lat="53.869580402" lon="21.417657348" /><trkpt lat="53.869579362" lon="21.417646132" /><trkpt lat="53.869578298" lon="21.417634941" /><trkpt lat="53.869577202" lon="21.417623682" /><trkpt lat="53.869576062" lon="21.417612262" /><trkpt lat="53.869574870" lon="21.417600587" /><trkpt lat="53.869573617" lon="21.417588564" /><trkpt lat="53.869572292" lon="21.417576100" /><trkpt lat="53.869570888" lon="21.417563101" /><trkpt lat="53.869569393" lon="21.417549474" /><trkpt lat="53.869567799" lon="21.417535125" /><trkpt lat="53.869566097" lon="21.417519962" /><trkpt lat="53.869564276" lon="21.417503890" /><trkpt lat="53.869562328" lon="21.417486817" /><trkpt lat="53.869560244" lon="21.417468649" /><trkpt lat="53.869558013" lon="21.417449293" /><trkpt lat="53.869555626" lon="21.417428655" /><trkpt lat="53.869553074" lon="21.417406642" /><trkpt lat="53.869550347" lon="21.417383161" /><trkpt lat="53.869547437" lon="21.417358119" /><trkpt lat="53.869544333" lon="21.417331421" /><trkpt lat="53.869541026" lon="21.417302975" /><trkpt lat="53.869537507" lon="21.417272687" /><trkpt lat="53.869535764" lon="21.417257566" /><trkpt lat="53.869534010" lon="21.417242130" /><trkpt lat="53.869532246" lon="21.417226388" /><trkpt lat="53.869530473" lon="21.417210353" /><trkpt lat="53.869528690" lon="21.417194032" /><trkpt lat="53.869526898" lon="21.417177438" /><trkpt lat="53.869525099" lon="21.417160581" /><trkpt lat="53.869523292" lon="21.417143470" /><trkpt lat="53.869521477" lon="21.417126116" /><trkpt lat="53.869519657" lon="21.417108530" /><trkpt lat="53.869517830" lon="21.417090721" /><trkpt lat="53.869515998" lon="21.417072701" /><trkpt lat="53.869514160" lon="21.417054479" /><trkpt lat="53.869512319" lon="21.417036066" /><trkpt lat="53.869510473" lon="21.417017472" /><trkpt lat="53.869508625" lon="21.416998707" /><trkpt lat="53.869506773" lon="21.416979783" /><trkpt lat="53.869504919" lon="21.416960708" /><trkpt lat="53.869503064" lon="21.416941494" /><trkpt lat="53.869501207" lon="21.416922151" /><trkpt lat="53.869499349" lon="21.416902689" /><trkpt lat="53.869497492" lon="21.416883119" /><trkpt lat="53.869495634" lon="21.416863450" /><trkpt lat="53.869493778" lon="21.416843694" /><trkpt lat="53.869491923" lon="21.416823861" /><trkpt lat="53.869490070" lon="21.416803960" /><trkpt lat="53.869488219" lon="21.416784002" /><trkpt lat="53.869486372" lon="21.416763998" /><trkpt lat="53.869484528" lon="21.416743958" /><trkpt lat="53.869482688" lon="21.416723893" /><trkpt lat="53.869480853" lon="21.416703812" /><trkpt lat="53.869479023" lon="21.416683726" /><trkpt lat="53.869477198" lon="21.416663645" /><trkpt lat="53.869475380" lon="21.416643580" /><trkpt lat="53.869473569" lon="21.416623541" /><trkpt lat="53.869471764" lon="21.416603538" /><trkpt lat="53.869469968" lon="21.416583582" /><trkpt lat="53.869468180" lon="21.416563683" /><trkpt lat="53.869466401" lon="21.416543851" /><trkpt lat="53.869464631" lon="21.416524097" /><trkpt lat="53.869462871" lon="21.416504431" /><trkpt lat="53.869461121" lon="21.416484863" /><trkpt lat="53.869459383" lon="21.416465404" /><trkpt lat="53.869457656" lon="21.416446064" /><trkpt lat="53.869455941" lon="21.416426854" /><trkpt lat="53.869454238" lon="21.416407783" /><trkpt lat="53.869452549" lon="21.416388863" /><trkpt lat="53.869450873" lon="21.416370102" /><trkpt lat="53.869449212" lon="21.416351513" /><trkpt lat="53.869447565" lon="21.416333105" /><trkpt lat="53.869445933" lon="21.416314888" /><trkpt lat="53.869444317" lon="21.416296873" /><trkpt lat="53.869442718" lon="21.416279070" /><trkpt lat="53.869441135" lon="21.416261490" /><trkpt lat="53.869439570" lon="21.416244142" /><trkpt lat="53.869438022" lon="21.416227038" /><trkpt lat="53.869436493" lon="21.416210187" /><trkpt lat="53.869434983" lon="21.416193600" /><trkpt lat="53.869433492" lon="21.416177287" /><trkpt lat="53.869432021" lon="21.416161259" /><trkpt lat="53.869430571" lon="21.416145525" /><trkpt lat="53.869429141" lon="21.416130097" /><trkpt lat="53.869427734" lon="21.416114984" /><trkpt lat="53.869426348" lon="21.416100198" /><trkpt lat="53.869424985" lon="21.416085747" /><trkpt lat="53.869423646" lon="21.416071643" /><trkpt lat="53.869422329" lon="21.416057896" /><trkpt lat="53.869421038" lon="21.416044516" /><trkpt lat="53.869419771" lon="21.416031514" /><trkpt lat="53.869418529" lon="21.416018900" /><trkpt lat="53.869417313" lon="21.416006684" /><trkpt lat="53.869415184" lon="21.415985471" /><trkpt lat="53.869413067" lon="21.415964476" /><trkpt lat="53.869410964" lon="21.415943696" /><trkpt lat="53.869408874" lon="21.415923128" /><trkpt lat="53.869406798" lon="21.415902770" /><trkpt lat="53.869404738" lon="21.415882617" /><trkpt lat="53.869402692" lon="21.415862668" /><trkpt lat="53.869400663" lon="21.415842919" /><trkpt lat="53.869398650" lon="21.415823368" /><trkpt lat="53.869396655" lon="21.415804010" /><trkpt lat="53.869394677" lon="21.415784843" /><trkpt lat="53.869392717" lon="21.415765865" /><trkpt lat="53.869390777" lon="21.415747071" /><trkpt lat="53.869388856" lon="21.415728460" /><trkpt lat="53.869386956" lon="21.415710028" /><trkpt lat="53.869385076" lon="21.415691772" /><trkpt lat="53.869383217" lon="21.415673688" /><trkpt lat="53.869381380" lon="21.415655775" /><trkpt lat="53.869379566" lon="21.415638029" /><trkpt lat="53.869377775" lon="21.415620446" /><trkpt lat="53.869376008" lon="21.415603025" /><trkpt lat="53.869374265" lon="21.415585761" /><trkpt lat="53.869372547" lon="21.415568653" /><trkpt lat="53.869370855" lon="21.415551696" /><trkpt lat="53.869369188" lon="21.415534888" /><trkpt lat="53.869367549" lon="21.415518226" /><trkpt lat="53.869365936" lon="21.415501707" /><trkpt lat="53.869364352" lon="21.415485327" /><trkpt lat="53.869362795" lon="21.415469085" /><trkpt lat="53.869361268" lon="21.415452976" /><trkpt lat="53.869359771" lon="21.415436998" /><trkpt lat="53.869358304" lon="21.415421147" /><trkpt lat="53.869356868" lon="21.415405422" /><trkpt lat="53.869355463" lon="21.415389818" /><trkpt lat="53.869354090" lon="21.415374333" /><trkpt lat="53.869352750" lon="21.415358963" /><trkpt lat="53.869351443" lon="21.415343706" /><trkpt lat="53.869350169" lon="21.415328559" /><trkpt lat="53.869348931" lon="21.415313518" /><trkpt lat="53.869347727" lon="21.415298581" /><trkpt lat="53.869346815" lon="21.415285381" /><trkpt lat="53.869346139" lon="21.415271686" /><trkpt lat="53.869345691" lon="21.415257515" /><trkpt lat="53.869345463" lon="21.415242891" /><trkpt lat="53.869345450" lon="21.415227834" /><trkpt lat="53.869345644" lon="21.415212366" /><trkpt lat="53.869346038" lon="21.415196508" /><trkpt lat="53.869346626" lon="21.415180281" /><trkpt lat="53.869347399" lon="21.415163706" /><trkpt lat="53.869348351" lon="21.415146804" /><trkpt lat="53.869349475" lon="21.415129596" /><trkpt lat="53.869350764" lon="21.415112105" /><trkpt lat="53.869352211" lon="21.415094350" /><trkpt lat="53.869353808" lon="21.415076353" /><trkpt lat="53.869355550" lon="21.415058135" /><trkpt lat="53.869357429" lon="21.415039717" /><trkpt lat="53.869359437" lon="21.415021121" /><trkpt lat="53.869361568" lon="21.415002367" /><trkpt lat="53.869363815" lon="21.414983477" /><trkpt lat="53.869366171" lon="21.414964472" /><trkpt lat="53.869368629" lon="21.414945373" /><trkpt lat="53.869371181" lon="21.414926202" /><trkpt lat="53.869373822" lon="21.414906979" /><trkpt lat="53.869376542" lon="21.414887725" /><trkpt lat="53.869379337" lon="21.414868462" /><trkpt lat="53.869382198" lon="21.414849211" /><trkpt lat="53.869385119" lon="21.414829993" /><trkpt lat="53.869388093" lon="21.414810830" /><trkpt lat="53.869391112" lon="21.414791741" /><trkpt lat="53.869394170" lon="21.414772750" /><trkpt lat="53.869397259" lon="21.414753876" /><trkpt lat="53.869400373" lon="21.414735140" /><trkpt lat="53.869403505" lon="21.414716565" /><trkpt lat="53.869406647" lon="21.414698171" /><trkpt lat="53.869409792" lon="21.414679980" /><trkpt lat="53.869412934" lon="21.414662012" /><trkpt lat="53.869416066" lon="21.414644289" /><trkpt lat="53.869419180" lon="21.414626831" /><trkpt lat="53.869422269" lon="21.414609661" /><trkpt lat="53.869425327" lon="21.414592799" /><trkpt lat="53.869428346" lon="21.414576266" /><trkpt lat="53.869431319" lon="21.414560084" /><trkpt lat="53.869434240" lon="21.414544273" /><trkpt lat="53.869437102" lon="21.414528855" /><trkpt lat="53.869439896" lon="21.414513851" /><trkpt lat="53.869442617" lon="21.414499283" /><trkpt lat="53.869444473" lon="21.414489587" /><trkpt lat="53.869446515" lon="21.414479359" /><trkpt lat="53.869448738" lon="21.414468614" /><trkpt lat="53.869451138" lon="21.414457365" /><trkpt lat="53.869453711" lon="21.414445627" /><trkpt lat="53.869456451" lon="21.414433413" /><trkpt lat="53.869459356" lon="21.414420737" /><trkpt lat="53.869462420" lon="21.414407613" /><trkpt lat="53.869465639" lon="21.414394055" /><trkpt lat="53.869469009" lon="21.414380077" /><trkpt lat="53.869472526" lon="21.414365693" /><trkpt lat="53.869476185" lon="21.414350916" /><trkpt lat="53.869479982" lon="21.414335760" /><trkpt lat="53.869483913" lon="21.414320240" /><trkpt lat="53.869487973" lon="21.414304369" /><trkpt lat="53.869492159" lon="21.414288161" /><trkpt lat="53.869496465" lon="21.414271631" /><trkpt lat="53.869500887" lon="21.414254791" /><trkpt lat="53.869505421" lon="21.414237656" /><trkpt lat="53.869510064" lon="21.414220239" /><trkpt lat="53.869514809" lon="21.414202555" /><trkpt lat="53.869519654" lon="21.414184618" /><trkpt lat="53.869524594" lon="21.414166441" /><trkpt lat="53.869529624" lon="21.414148038" /><trkpt lat="53.869534741" lon="21.414129423" /><trkpt lat="53.869539939" lon="21.414110611" /><trkpt lat="53.869545215" lon="21.414091614" /><trkpt lat="53.869550564" lon="21.414072447" /><trkpt lat="53.869555982" lon="21.414053123" /><trkpt lat="53.869561465" lon="21.414033658" /><trkpt lat="53.869567008" lon="21.414014063" /><trkpt lat="53.869572607" lon="21.413994354" /><trkpt lat="53.869578257" lon="21.413974544" /><trkpt lat="53.869583955" lon="21.413954648" /><trkpt lat="53.869589696" lon="21.413934678" /><trkpt lat="53.869595476" lon="21.413914649" /><trkpt lat="53.869601290" lon="21.413894575" /><trkpt lat="53.869607135" lon="21.413874469" /><trkpt lat="53.869613005" lon="21.413854347" /><trkpt lat="53.869618897" lon="21.413834220" /><trkpt lat="53.869624805" lon="21.413814104" /><trkpt lat="53.869630727" lon="21.413794012" /><trkpt lat="53.869636657" lon="21.413773958" /><trkpt lat="53.869642591" lon="21.413753956" /><trkpt lat="53.869648525" lon="21.413734020" /><trkpt lat="53.869654455" lon="21.413714164" /><trkpt lat="53.869660376" lon="21.413694402" /><trkpt lat="53.869666284" lon="21.413674747" /><trkpt lat="53.869672175" lon="21.413655213" /><trkpt lat="53.869678044" lon="21.413635815" /><trkpt lat="53.869683886" lon="21.413616566" /><trkpt lat="53.869689699" lon="21.413597480" /><trkpt lat="53.869695477" lon="21.413578571" /><trkpt lat="53.869701216" lon="21.413559853" /><trkpt lat="53.869706912" lon="21.413541339" /><trkpt lat="53.869712560" lon="21.413523045" /><trkpt lat="53.869718156" lon="21.413504982" /><trkpt lat="53.869723696" lon="21.413487167" /><trkpt lat="53.869729175" lon="21.413469611" /><trkpt lat="53.869734590" lon="21.413452330" /><trkpt lat="53.869739936" lon="21.413435337" /><trkpt lat="53.869745208" lon="21.413418645" /><trkpt lat="53.869750402" lon="21.413402270" /><trkpt lat="53.869755514" lon="21.413386224" /><trkpt lat="53.869760539" lon="21.413370522" /><trkpt lat="53.869765474" lon="21.413355178" /><trkpt lat="53.869770314" lon="21.413340205" /><trkpt lat="53.869775055" lon="21.413325617" /><trkpt lat="53.869779692" lon="21.413311429" /><trkpt lat="53.869784220" lon="21.413297653" /><trkpt lat="53.869789447" lon="21.413281810" /><trkpt lat="53.869794686" lon="21.413265931" /><trkpt lat="53.869799935" lon="21.413250014" /><trkpt lat="53.869805191" lon="21.413234059" /><trkpt lat="53.869810450" lon="21.413218065" /><trkpt lat="53.869815711" lon="21.413202032" /><trkpt lat="53.869820970" lon="21.413185959" /><trkpt lat="53.869826223" lon="21.413169845" /><trkpt lat="53.869831468" lon="21.413153689" /><trkpt lat="53.869836702" lon="21.413137491" /><trkpt lat="53.869841923" lon="21.413121249" /><trkpt lat="53.869847126" lon="21.413104963" /><trkpt lat="53.869852309" lon="21.413088633" /><trkpt lat="53.869857469" lon="21.413072257" /><trkpt lat="53.869862603" lon="21.413055835" /><trkpt lat="53.869867708" lon="21.413039366" /><trkpt lat="53.869872781" lon="21.413022850" /><trkpt lat="53.869877819" lon="21.413006285" /><trkpt lat="53.869882819" lon="21.412989671" /><trkpt lat="53.869887779" lon="21.412973007" /><trkpt lat="53.869892694" lon="21.412956292" /><trkpt lat="53.869897562" lon="21.412939526" /><trkpt lat="53.869902381" lon="21.412922707" /><trkpt lat="53.869907146" lon="21.412905836" /><trkpt lat="53.869911856" lon="21.412888911" /><trkpt lat="53.869916507" lon="21.412871932" /><trkpt lat="53.869921096" lon="21.412854898" /><trkpt lat="53.869925620" lon="21.412837807" /><trkpt lat="53.869930076" lon="21.412820660" /><trkpt lat="53.869934462" lon="21.412803456" /><trkpt lat="53.869938773" lon="21.412786194" /><trkpt lat="53.869943008" lon="21.412768873" /><trkpt lat="53.869947163" lon="21.412751492" /><trkpt lat="53.869951236" lon="21.412734051" /><trkpt lat="53.869955222" lon="21.412716548" /><trkpt lat="53.869959120" lon="21.412698984" /><trkpt lat="53.869962926" lon="21.412681357" /><trkpt lat="53.869966638" lon="21.412663667" /><trkpt lat="53.869970251" lon="21.412645913" /><trkpt lat="53.869973765" lon="21.412628094" /><trkpt lat="53.869977174" lon="21.412610210" /><trkpt lat="53.869980477" lon="21.412592259" /><trkpt lat="53.869983670" lon="21.412574241" /><trkpt lat="53.869986750" lon="21.412556156" /><trkpt lat="53.869989715" lon="21.412538001" /><trkpt lat="53.869992561" lon="21.412519778" /><trkpt lat="53.869995286" lon="21.412501484" /><trkpt lat="53.869997886" lon="21.412483120" /><trkpt lat="53.870000358" lon="21.412464684" /><trkpt lat="53.870002700" lon="21.412446176" /><trkpt lat="53.870004908" lon="21.412427595" /><trkpt lat="53.870006980" lon="21.412408940" /><trkpt lat="53.870008912" lon="21.412390211" /><trkpt lat="53.870010702" lon="21.412371406" /><trkpt lat="53.870012346" lon="21.412352525" /><trkpt lat="53.870013842" lon="21.412333568" /><trkpt lat="53.870015186" lon="21.412314533" /><trkpt lat="53.870016376" lon="21.412295420" /><trkpt lat="53.870017408" lon="21.412276228" /><trkpt lat="53.870018280" lon="21.412256956" /><trkpt lat="53.870019165" lon="21.412235292" /><trkpt lat="53.870020029" lon="21.412214014" /><trkpt lat="53.870020872" lon="21.412193109" /><trkpt lat="53.870021693" lon="21.412172562" /><trkpt lat="53.870022492" lon="21.412152359" /><trkpt lat="53.870023268" lon="21.412132486" /><trkpt lat="53.870024021" lon="21.412112928" /><trkpt lat="53.870024750" lon="21.412093672" /><trkpt lat="53.870025454" lon="21.412074702" /><trkpt lat="53.870026134" lon="21.412056005" /><trkpt lat="53.870026788" lon="21.412037566" /><trkpt lat="53.870027416" lon="21.412019371" /><trkpt lat="53.870028018" lon="21.412001406" /><trkpt lat="53.870028593" lon="21.411983657" /><trkpt lat="53.870029141" lon="21.411966109" /><trkpt lat="53.870029661" lon="21.411948748" /><trkpt lat="53.870030152" lon="21.411931560" /><trkpt lat="53.870030614" lon="21.411914530" /><trkpt lat="53.870031047" lon="21.411897644" /><trkpt lat="53.870031450" lon="21.411880889" /><trkpt lat="53.870031823" lon="21.411864249" /><trkpt lat="53.870032164" lon="21.411847710" /><trkpt lat="53.870032475" lon="21.411831259" /><trkpt lat="53.870032753" lon="21.411814880" /><trkpt lat="53.870032998" lon="21.411798560" /><trkpt lat="53.870033211" lon="21.411782284" /><trkpt lat="53.870033390" lon="21.411766039" /><trkpt lat="53.870033535" lon="21.411749809" /><trkpt lat="53.870033645" lon="21.411733580" /><trkpt lat="53.870033720" lon="21.411717339" /><trkpt lat="53.870033760" lon="21.411701071" /><trkpt lat="53.870033764" lon="21.411684762" /><trkpt lat="53.870033731" lon="21.411668396" /><trkpt lat="53.870033661" lon="21.411651962" /><trkpt lat="53.870033554" lon="21.411635443" /><trkpt lat="53.870033408" lon="21.411618825" /><trkpt lat="53.870033224" lon="21.411602095" /><trkpt lat="53.870033000" lon="21.411585239" /><trkpt lat="53.870032737" lon="21.411568241" /><trkpt lat="53.870032434" lon="21.411551087" /><trkpt lat="53.870032090" lon="21.411533764" /><trkpt lat="53.870031705" lon="21.411516257" /><trkpt lat="53.870031278" lon="21.411498551" /><trkpt lat="53.870030809" lon="21.411480633" /><trkpt lat="53.870030298" lon="21.411462489" /><trkpt lat="53.870029743" lon="21.411444103" /><trkpt lat="53.870029144" lon="21.411425462" /><trkpt lat="53.870028502" lon="21.411406551" /><trkpt lat="53.870027814" lon="21.411387356" /><trkpt lat="53.870027081" lon="21.411367864" /><trkpt lat="53.870026303" lon="21.411348059" /><trkpt lat="53.870025478" lon="21.411327927" /><trkpt lat="53.870024606" lon="21.411307454" /><trkpt lat="53.870023964" lon="21.411291927" /><trkpt lat="53.870023376" lon="21.411276177" /><trkpt lat="53.870022841" lon="21.411260211" /><trkpt lat="53.870022359" lon="21.411244036" /><trkpt lat="53.870021933" lon="21.411227659" /><trkpt lat="53.870021561" lon="21.411211086" /><trkpt lat="53.870021244" lon="21.411194326" /><trkpt lat="53.870020983" lon="21.411177383" /><trkpt lat="53.870020778" lon="21.411160267" /><trkpt lat="53.870020630" lon="21.411142983" /><trkpt lat="53.870020538" lon="21.411125538" /><trkpt lat="53.870020504" lon="21.411107940" /><trkpt lat="53.870020528" lon="21.411090194" /><trkpt lat="53.870020610" lon="21.411072309" /><trkpt lat="53.870020751" lon="21.411054291" /><trkpt lat="53.870020950" lon="21.411036147" /><trkpt lat="53.870021210" lon="21.411017884" /><trkpt lat="53.870021529" lon="21.410999509" /><trkpt lat="53.870021908" lon="21.410981029" /><trkpt lat="53.870022348" lon="21.410962450" /><trkpt lat="53.870022850" lon="21.410943780" /><trkpt lat="53.870023413" lon="21.410925026" /><trkpt lat="53.870024038" lon="21.410906194" /><trkpt lat="53.870024725" lon="21.410887291" /><trkpt lat="53.870025476" lon="21.410868325" /><trkpt lat="53.870026289" lon="21.410849302" /><trkpt lat="53.870027167" lon="21.410830229" /><trkpt lat="53.870028108" lon="21.410811113" /><trkpt lat="53.870029114" lon="21.410791961" /><trkpt lat="53.870030186" lon="21.410772781" /><trkpt lat="53.870031322" lon="21.410753578" /><trkpt lat="53.870032525" lon="21.410734360" /><trkpt lat="53.870033793" lon="21.410715133" /><trkpt lat="53.870035129" lon="21.410695906" /><trkpt lat="53.870036531" lon="21.410676684" /><trkpt lat="53.870038002" lon="21.410657474" /><trkpt lat="53.870039540" lon="21.410638284" /><trkpt lat="53.870041146" lon="21.410619120" /><trkpt lat="53.870042822" lon="21.410599989" /><trkpt lat="53.870044566" lon="21.410580899" /><trkpt lat="53.870046380" lon="21.410561856" /><trkpt lat="53.870048265" lon="21.410542866" /><trkpt lat="53.870050220" lon="21.410523938" /><trkpt lat="53.870052245" lon="21.410505078" /><trkpt lat="53.870054343" lon="21.410486292" /><trkpt lat="53.870056512" lon="21.410467589" /><trkpt lat="53.870058753" lon="21.410448974" /><trkpt lat="53.870061067" lon="21.410430454" /><trkpt lat="53.870063453" lon="21.410412037" /><trkpt lat="53.870065914" lon="21.410393729" /><trkpt lat="53.870068448" lon="21.410375538" /><trkpt lat="53.870071057" lon="21.410357470" /><trkpt lat="53.870073740" lon="21.410339533" /><trkpt lat="53.870076499" lon="21.410321732" /><trkpt lat="53.870079333" lon="21.410304076" /><trkpt lat="53.870082243" lon="21.410286570" /><trkpt lat="53.870085230" lon="21.410269223" /><trkpt lat="53.870088294" lon="21.410252040" /><trkpt lat="53.870091435" lon="21.410235029" /><trkpt lat="53.870094653" lon="21.410218197" /><trkpt lat="53.870097950" lon="21.410201550" /><trkpt lat="53.870101325" lon="21.410185096" /><trkpt lat="53.870104780" lon="21.410168841" /><trkpt lat="53.870108313" lon="21.410152793" /><trkpt lat="53.870111927" lon="21.410136958" /><trkpt lat="53.870115621" lon="21.410121344" /><trkpt lat="53.870119396" lon="21.410105956" /><trkpt lat="53.870123251" lon="21.410090803" /><trkpt lat="53.870127189" lon="21.410075890" /><trkpt lat="53.870131208" lon="21.410061226" /><trkpt lat="53.870135310" lon="21.410046816" /><trkpt lat="53.870138744" lon="21.410034964" /><trkpt lat="53.870142285" lon="21.410022722" /><trkpt lat="53.870145929" lon="21.410010099" /><trkpt lat="53.870149675" lon="21.409997105" /><trkpt lat="53.870153520" lon="21.409983749" /><trkpt lat="53.870157462" lon="21.409970042" /><trkpt lat="53.870161500" lon="21.409955991" /><trkpt lat="53.870165631" lon="21.409941608" /><trkpt lat="53.870169854" lon="21.409926901" /><trkpt lat="53.870174166" lon="21.409911881" /><trkpt lat="53.870178564" lon="21.409896556" /><trkpt lat="53.870183048" lon="21.409880936" /><trkpt lat="53.870187614" lon="21.409865030" /><trkpt lat="53.870192262" lon="21.409848849" /><trkpt lat="53.870196988" lon="21.409832402" /><trkpt lat="53.870201791" lon="21.409815698" /><trkpt lat="53.870206668" lon="21.409798746" /><trkpt lat="53.870211618" lon="21.409781557" /><trkpt lat="53.870216639" lon="21.409764140" /><trkpt lat="53.870221728" lon="21.409746504" /><trkpt lat="53.870226883" lon="21.409728659" /><trkpt lat="53.870232102" lon="21.409710615" /><trkpt lat="53.870237384" lon="21.409692380" /><trkpt lat="53.870242725" lon="21.409673965" /><trkpt lat="53.870248125" lon="21.409655379" /><trkpt lat="53.870253581" lon="21.409636631" /><trkpt lat="53.870259090" lon="21.409617732" /><trkpt lat="53.870264651" lon="21.409598690" /><trkpt lat="53.870270262" lon="21.409579515" /><trkpt lat="53.870275921" lon="21.409560217" /><trkpt lat="53.870281625" lon="21.409540806" /><trkpt lat="53.870287373" lon="21.409521290" /><trkpt lat="53.870293162" lon="21.409501679" /><trkpt lat="53.870298990" lon="21.409481983" /><trkpt lat="53.870304856" lon="21.409462211" /><trkpt lat="53.870310757" lon="21.409442374" /><trkpt lat="53.870316691" lon="21.409422479" /><trkpt lat="53.870322656" lon="21.409402538" /><trkpt lat="53.870328649" lon="21.409382559" /><trkpt lat="53.870334670" lon="21.409362552" /><trkpt lat="53.870340716" lon="21.409342526" /><trkpt lat="53.870346784" lon="21.409322492" /><trkpt lat="53.870352873" lon="21.409302458" /><trkpt lat="53.870358981" lon="21.409282435" /><trkpt lat="53.870365105" lon="21.409262431" /><trkpt lat="53.870371244" lon="21.409242456" /><trkpt lat="53.870377395" lon="21.409222520" /><trkpt lat="53.870383556" lon="21.409202632" /><trkpt lat="53.870389726" lon="21.409182802" /><trkpt lat="53.870395901" lon="21.409163039" /><trkpt lat="53.870402081" lon="21.409143353" /><trkpt lat="53.870408262" lon="21.409123753" /><trkpt lat="53.870414444" lon="21.409104249" /><trkpt lat="53.870420623" lon="21.409084851" /><trkpt lat="53.870426799" lon="21.409065568" /><trkpt lat="53.870432967" lon="21.409046409" /><trkpt lat="53.870439128" lon="21.409027384" /><trkpt lat="53.870445278" lon="21.409008503" /><trkpt lat="53.870451415" lon="21.408989775" /><trkpt lat="53.870457538" lon="21.408971209" /><trkpt lat="53.870463644" lon="21.408952816" /><trkpt lat="53.870469732" lon="21.408934604" /><trkpt lat="53.870475798" lon="21.408916584" /><trkpt lat="53.870481842" lon="21.408898764" /><trkpt lat="53.870487861" lon="21.408881154" /><trkpt lat="53.870493852" lon="21.408863765" /><trkpt lat="53.870499815" lon="21.408846604" /><trkpt lat="53.870505746" lon="21.408829683" /><trkpt lat="53.870511644" lon="21.408813010" /><trkpt lat="53.870517507" lon="21.408796595" /><trkpt lat="53.870523332" lon="21.408780447" /><trkpt lat="53.870529118" lon="21.408764576" /><trkpt lat="53.870534862" lon="21.408748992" /><trkpt lat="53.870540562" lon="21.408733704" /><trkpt lat="53.870546217" lon="21.408718722" /><trkpt lat="53.870551824" lon="21.408704054" /><trkpt lat="53.870557381" lon="21.408689711" /><trkpt lat="53.870562886" lon="21.408675703" /><trkpt lat="53.870568337" lon="21.408662038" /><trkpt lat="53.870573732" lon="21.408648726" /><trkpt lat="53.870579068" lon="21.408635778" /><trkpt lat="53.870584345" lon="21.408623201" /><trkpt lat="53.870589559" lon="21.408611006" /><trkpt lat="53.870594708" lon="21.408599203" /><trkpt lat="53.870599792" lon="21.408587801" /><trkpt lat="53.870604806" lon="21.408576809" /><trkpt lat="53.870609750" lon="21.408566236" /><trkpt lat="53.870614619" lon="21.408555911" /><trkpt lat="53.870619628" lon="21.408545191" /><trkpt lat="53.870624774" lon="21.408534087" /><trkpt lat="53.870630053" lon="21.408522606" /><trkpt lat="53.870635460" lon="21.408510758" /><trkpt lat="53.870640994" lon="21.408498551" /><trkpt lat="53.870646650" lon="21.408485994" /><trkpt lat="53.870652424" lon="21.408473095" /><trkpt lat="53.870658313" lon="21.408459863" /><trkpt lat="53.870664313" lon="21.408446307" /><trkpt lat="53.870670421" lon="21.408432436" /><trkpt lat="53.870676634" lon="21.408418258" /><trkpt lat="53.870682946" lon="21.408403781" /><trkpt lat="53.870689356" lon="21.408389015" /><trkpt lat="53.870695858" lon="21.408373968" /><trkpt lat="53.870702451" lon="21.408358649" /><trkpt lat="53.870709129" lon="21.408343067" /><trkpt lat="53.870715890" lon="21.408327229" /><trkpt lat="53.870722729" lon="21.408311146" /><trkpt lat="53.870729644" lon="21.408294825" /><trkpt lat="53.870736631" lon="21.408278275" /><trkpt lat="53.870743685" lon="21.408261505" /><trkpt lat="53.870750804" lon="21.408244524" /><trkpt lat="53.870757983" lon="21.408227340" /><trkpt lat="53.870765220" lon="21.408209962" /><trkpt lat="53.870772511" lon="21.408192399" /><trkpt lat="53.870779851" lon="21.408174658" /><trkpt lat="53.870787238" lon="21.408156750" /><trkpt lat="53.870794667" lon="21.408138682" /><trkpt lat="53.870802136" lon="21.408120464" /><trkpt lat="53.870809640" lon="21.408102103" /><trkpt lat="53.870817176" lon="21.408083610" /><trkpt lat="53.870824740" lon="21.408064991" /><trkpt lat="53.870832329" lon="21.408046257" /><trkpt lat="53.870839939" lon="21.408027415" /><trkpt lat="53.870847567" lon="21.408008474" /><trkpt lat="53.870855208" lon="21.407989444" /><trkpt lat="53.870862860" lon="21.407970332" /><trkpt lat="53.870870519" lon="21.407951148" /><trkpt lat="53.870878180" lon="21.407931899" /><trkpt lat="53.870885841" lon="21.407912595" /><trkpt lat="53.870893498" lon="21.407893245" /><trkpt lat="53.870901147" lon="21.407873857" /><trkpt lat="53.870908785" lon="21.407854439" /><trkpt lat="53.870916408" lon="21.407835001" /><trkpt lat="53.870924012" lon="21.407815551" /><trkpt lat="53.870931594" lon="21.407796098" /><trkpt lat="53.870939150" lon="21.407776650" /><trkpt lat="53.870946677" lon="21.407757216" /><trkpt lat="53.870954171" lon="21.407737805" /><trkpt lat="53.870961628" lon="21.407718426" /><trkpt lat="53.870969045" lon="21.407699086" /><trkpt lat="53.870976418" lon="21.407679796" /><trkpt lat="53.870983744" lon="21.407660563" /><trkpt lat="53.870991019" lon="21.407641396" /><trkpt lat="53.870998239" lon="21.407622304" /><trkpt lat="53.871005400" lon="21.407603295" /><trkpt lat="53.871012500" lon="21.407584379" /><trkpt lat="53.871019535" lon="21.407565563" /><trkpt lat="53.871026500" lon="21.407546857" /><trkpt lat="53.871033393" lon="21.407528269" /><trkpt lat="53.871040209" lon="21.407509809" /><trkpt lat="53.871046946" lon="21.407491483" /><trkpt lat="53.871053599" lon="21.407473302" /><trkpt lat="53.871060165" lon="21.407455274" /><trkpt lat="53.871066640" lon="21.407437407" /><trkpt lat="53.871073021" lon="21.407419711" /><trkpt lat="53.871079304" lon="21.407402193" /><trkpt lat="53.871085485" lon="21.407384863" /><trkpt lat="53.871091562" lon="21.407367730" /><trkpt lat="53.871097529" lon="21.407350801" /><trkpt lat="53.871103384" lon="21.407334086" /><trkpt lat="53.871109123" lon="21.407317593" /><trkpt lat="53.871114743" lon="21.407301332" /><trkpt lat="53.871120239" lon="21.407285310" /><trkpt lat="53.871125609" lon="21.407269536" /><trkpt lat="53.871130848" lon="21.407254019" /><trkpt lat="53.871135953" lon="21.407238768" /><trkpt lat="53.871140921" lon="21.407223791" /><trkpt lat="53.871145747" lon="21.407209097" /><trkpt lat="53.871150429" lon="21.407194695" /><trkpt lat="53.871154962" lon="21.407180594" /><trkpt lat="53.871159343" lon="21.407166801" /><trkpt lat="53.871163568" lon="21.407153326" /><trkpt lat="53.871167635" lon="21.407140178" /><trkpt lat="53.871171538" lon="21.407127365" /><trkpt lat="53.871175275" lon="21.407114895" /><trkpt lat="53.871178842" lon="21.407102778" /><trkpt lat="53.871182235" lon="21.407091022" /><trkpt lat="53.871186625" lon="21.407075564" /><trkpt lat="53.871191015" lon="21.407059939" /><trkpt lat="53.871195404" lon="21.407044152" /><trkpt lat="53.871199792" lon="21.407028208" /><trkpt lat="53.871204178" lon="21.407012112" /><trkpt lat="53.871208563" lon="21.406995869" /><trkpt lat="53.871212945" lon="21.406979484" /><trkpt lat="53.871217324" lon="21.406962963" /><trkpt lat="53.871221701" lon="21.406946309" /><trkpt lat="53.871226074" lon="21.406929529" /><trkpt lat="53.871230443" lon="21.406912627" /><trkpt lat="53.871234809" lon="21.406895608" /><trkpt lat="53.871239169" lon="21.406878478" /><trkpt lat="53.871243525" lon="21.406861241" /><trkpt lat="53.871247876" lon="21.406843902" /><trkpt lat="53.871252220" lon="21.406826466" /><trkpt lat="53.871256559" lon="21.406808939" /><trkpt lat="53.871260891" lon="21.406791325" /><trkpt lat="53.871265217" lon="21.406773630" /><trkpt lat="53.871269535" lon="21.406755858" /><trkpt lat="53.871273846" lon="21.406738015" /><trkpt lat="53.871278148" lon="21.406720105" /><trkpt lat="53.871282443" lon="21.406702134" /><trkpt lat="53.871286728" lon="21.406684107" /><trkpt lat="53.871291005" lon="21.406666028" /><trkpt lat="53.871295272" lon="21.406647902" /><trkpt lat="53.871299530" lon="21.406629736" /><trkpt lat="53.871303777" lon="21.406611533" /><trkpt lat="53.871308013" lon="21.406593299" /><trkpt lat="53.871312239" lon="21.406575039" /><trkpt lat="53.871316453" lon="21.406556757" /><trkpt lat="53.871320655" lon="21.406538460" /><trkpt lat="53.871324845" lon="21.406520151" /><trkpt lat="53.871329023" lon="21.406501836" /><trkpt lat="53.871333188" lon="21.406483520" /><trkpt lat="53.871337340" lon="21.406465208" /><trkpt lat="53.871341478" lon="21.406446905" /><trkpt lat="53.871345602" lon="21.406428616" /><trkpt lat="53.871349712" lon="21.406410346" /><trkpt lat="53.871353806" lon="21.406392100" /><trkpt lat="53.871357886" lon="21.406373884" /><trkpt lat="53.871361950" lon="21.406355701" /><trkpt lat="53.871365999" lon="21.406337557" /><trkpt lat="53.871370031" lon="21.406319458" /><trkpt lat="53.871374046" lon="21.406301408" /><trkpt lat="53.871378044" lon="21.406283412" /><trkpt lat="53.871382025" lon="21.406265476" /><trkpt lat="53.871385989" lon="21.406247604" /><trkpt lat="53.871389933" lon="21.406229801" /><trkpt lat="53.871393860" lon="21.406212073" /><trkpt lat="53.871397767" lon="21.406194424" /><trkpt lat="53.871401656" lon="21.406176859" /><trkpt lat="53.871405524" lon="21.406159384" /><trkpt lat="53.871409372" lon="21.406142003" /><trkpt lat="53.871413200" lon="21.406124722" /><trkpt lat="53.871417008" lon="21.406107546" /><trkpt lat="53.871420794" lon="21.406090479" /><trkpt lat="53.871424558" lon="21.406073526" /><trkpt lat="53.871428300" lon="21.406056694" /><trkpt lat="53.871432020" lon="21.406039986" /><trkpt lat="53.871435718" lon="21.406023407" /><trkpt lat="53.871439392" lon="21.406006964" /><trkpt lat="53.871443043" lon="21.405990660" /><trkpt lat="53.871446670" lon="21.405974501" /><trkpt lat="53.871450273" lon="21.405958492" /><trkpt lat="53.871453851" lon="21.405942637" /><trkpt lat="53.871457404" lon="21.405926943" /><trkpt lat="53.871460633" lon="21.405912661" /><trkpt lat="53.871463910" lon="21.405898094" /><trkpt lat="53.871467233" lon="21.405883249" /><trkpt lat="53.871470600" lon="21.405868135" /><trkpt lat="53.871474011" lon="21.405852760" /><trkpt lat="53.871477464" lon="21.405837132" /><trkpt lat="53.871480957" lon="21.405821259" /><trkpt lat="53.871484489" lon="21.405805149" /><trkpt lat="53.871488060" lon="21.405788811" /><trkpt lat="53.871491667" lon="21.405772252" /><trkpt lat="53.871495310" lon="21.405755482" /><trkpt lat="53.871498987" lon="21.405738508" /><trkpt lat="53.871502696" lon="21.405721337" /><trkpt lat="53.871506437" lon="21.405703980" /><trkpt lat="53.871510208" lon="21.405686443" /><trkpt lat="53.871514008" lon="21.405668735" /><trkpt lat="53.871517836" lon="21.405650864" /><trkpt lat="53.871521690" lon="21.405632838" /><trkpt lat="53.871525568" lon="21.405614665" /><trkpt lat="53.871529471" lon="21.405596354" /><trkpt lat="53.871533395" lon="21.405577913" /><trkpt lat="53.871537341" lon="21.405559350" /><trkpt lat="53.871541306" lon="21.405540673" /><trkpt lat="53.871545290" lon="21.405521890" /><trkpt lat="53.871549290" lon="21.405503009" /><trkpt lat="53.871553307" lon="21.405484039" /><trkpt lat="53.871557338" lon="21.405464988" /><trkpt lat="53.871561382" lon="21.405445864" /><trkpt lat="53.871565437" lon="21.405426675" /><trkpt lat="53.871569503" lon="21.405407430" /><trkpt lat="53.871573579" lon="21.405388136" /><trkpt lat="53.871577662" lon="21.405368802" /><trkpt lat="53.871581752" lon="21.405349436" /><trkpt lat="53.871585847" lon="21.405330045" /><trkpt lat="53.871589946" lon="21.405310640" /><trkpt lat="53.871594048" lon="21.405291226" /><trkpt lat="53.871598151" lon="21.405271813" /><trkpt lat="53.871602254" lon="21.405252409" /><trkpt lat="53.871606355" lon="21.405233022" /><trkpt lat="53.871610454" lon="21.405213660" /><trkpt lat="53.871614549" lon="21.405194332" /><trkpt lat="53.871618639" lon="21.405175045" /><trkpt lat="53.871622722" lon="21.405155808" /><trkpt lat="53.871626798" lon="21.405136629" /><trkpt lat="53.871630864" lon="21.405117515" /><trkpt lat="53.871634920" lon="21.405098476" /><trkpt lat="53.871638963" lon="21.405079520" /><trkpt lat="53.871642994" lon="21.405060654" /><trkpt lat="53.871647011" lon="21.405041887" /><trkpt lat="53.871651011" lon="21.405023227" /><trkpt lat="53.871654995" lon="21.405004682" /><trkpt lat="53.871658960" lon="21.404986261" /><trkpt lat="53.871662906" lon="21.404967971" /><trkpt lat="53.871666830" lon="21.404949820" /><trkpt lat="53.871670733" lon="21.404931818" /><trkpt lat="53.871674611" lon="21.404913972" /><trkpt lat="53.871678465" lon="21.404896289" /><trkpt lat="53.871682293" lon="21.404878780" /><trkpt lat="53.871686093" lon="21.404861451" /><trkpt lat="53.871689864" lon="21.404844311" /><trkpt lat="53.871693605" lon="21.404827367" /><trkpt lat="53.871697314" lon="21.404810629" /><trkpt lat="53.871700991" lon="21.404794105" /><trkpt lat="53.871704634" lon="21.404777802" /><trkpt lat="53.871708241" lon="21.404761728" /><trkpt lat="53.871711812" lon="21.404745892" /><trkpt lat="53.871715344" lon="21.404730303" /><trkpt lat="53.871718837" lon="21.404714968" /><trkpt lat="53.871722290" lon="21.404699895" /><trkpt lat="53.871725700" lon="21.404685093" /><trkpt lat="53.871729068" lon="21.404670569" /><trkpt lat="53.871732390" lon="21.404656333" /><trkpt lat="53.871735667" lon="21.404642392" /><trkpt lat="53.871738897" lon="21.404628754" /><trkpt lat="53.871742322" lon="21.404614412" /><trkpt lat="53.871745821" lon="21.404599897" /><trkpt lat="53.871749392" lon="21.404585214" /><trkpt lat="53.871753036" lon="21.404570367" /><trkpt lat="53.871756751" lon="21.404555360" /><trkpt lat="53.871760538" lon="21.404540199" /><trkpt lat="53.871764396" lon="21.404524888" /><trkpt lat="53.871768324" lon="21.404509430" /><trkpt lat="53.871772322" lon="21.404493832" /><trkpt lat="53.871776390" lon="21.404478096" /><trkpt lat="53.871780527" lon="21.404462229" /><trkpt lat="53.871784732" lon="21.404446233" /><trkpt lat="53.871789006" lon="21.404430114" /><trkpt lat="53.871793348" lon="21.404413877" /><trkpt lat="53.871797757" lon="21.404397525" /><trkpt lat="53.871802233" lon="21.404381063" /><trkpt lat="53.871806776" lon="21.404364496" /><trkpt lat="53.871811385" lon="21.404347828" /><trkpt lat="53.871816059" lon="21.404331064" /><trkpt lat="53.871820799" lon="21.404314208" /><trkpt lat="53.871825603" lon="21.404297265" /><trkpt lat="53.871830471" lon="21.404280239" /><trkpt lat="53.871835404" lon="21.404263135" /><trkpt lat="53.871840399" lon="21.404245957" /><trkpt lat="53.871845458" lon="21.404228710" /><trkpt lat="53.871850579" lon="21.404211398" /><trkpt lat="53.871855762" lon="21.404194026" /><trkpt lat="53.871861007" lon="21.404176598" /><trkpt lat="53.871866313" lon="21.404159118" /><trkpt lat="53.871871680" lon="21.404141593" /><trkpt lat="53.871877107" lon="21.404124024" /><trkpt lat="53.871882594" lon="21.404106419" /><trkpt lat="53.871888141" lon="21.404088780" /><trkpt lat="53.871893746" lon="21.404071112" /><trkpt lat="53.871899410" lon="21.404053420" /><trkpt lat="53.871905132" lon="21.404035708" /><trkpt lat="53.871910912" lon="21.404017981" /><trkpt lat="53.871916749" lon="21.404000244" /><trkpt lat="53.871922643" lon="21.403982500" /><trkpt lat="53.871928593" lon="21.403964754" /><trkpt lat="53.871934598" lon="21.403947012" /><trkpt lat="53.871940660" lon="21.403929276" /><trkpt lat="53.871946776" lon="21.403911553" /><trkpt lat="53.871952947" lon="21.403893846" /><trkpt lat="53.871959172" lon="21.403876159" /><trkpt lat="53.871965450" lon="21.403858498" /><trkpt lat="53.871971782" lon="21.403840867" /><trkpt lat="53.871978167" lon="21.403823270" /><trkpt lat="53.871984604" lon="21.403805712" /><trkpt lat="53.871991093" lon="21.403788198" /><trkpt lat="53.871997633" lon="21.403770731" /><trkpt lat="53.872004224" lon="21.403753317" /><trkpt lat="53.872010866" lon="21.403735959" /><trkpt lat="53.872017558" lon="21.403718663" /><trkpt lat="53.872024300" lon="21.403701433" /><trkpt lat="53.872031091" lon="21.403684273" /><trkpt lat="53.872037931" lon="21.403667188" /><trkpt lat="53.872044819" lon="21.403650182" /><trkpt lat="53.872051755" lon="21.403633260" /><trkpt lat="53.872058738" lon="21.403616427" /><trkpt lat="53.872065769" lon="21.403599687" /><trkpt lat="53.872072846" lon="21.403583043" /><trkpt lat="53.872079969" lon="21.403566502" /><trkpt lat="53.872087138" lon="21.403550068" /><trkpt lat="53.872094352" lon="21.403533744" /><trkpt lat="53.872101611" lon="21.403517535" /><trkpt lat="53.872108915" lon="21.403501447" /><trkpt lat="53.872116262" lon="21.403485483" /><trkpt lat="53.872123653" lon="21.403469648" /><trkpt lat="53.872131086" lon="21.403453946" /><trkpt lat="53.872136679" lon="21.403442187" /><trkpt lat="53.872142351" lon="21.403430195" /><trkpt lat="53.872148103" lon="21.403417975" /><trkpt lat="53.872153932" lon="21.403405532" /><trkpt lat="53.872159837" lon="21.403392870" /><trkpt lat="53.872165817" lon="21.403379993" /><trkpt lat="53.872171871" lon="21.403366906" /><trkpt lat="53.872177997" lon="21.403353614" /><trkpt lat="53.872184193" lon="21.403340121" /><trkpt lat="53.872190460" lon="21.403326431" /><trkpt lat="53.872196794" lon="21.403312549" /><trkpt lat="53.872203195" lon="21.403298479" /><trkpt lat="53.872209661" lon="21.403284226" /><trkpt lat="53.872216192" lon="21.403269793" /><trkpt lat="53.872222785" lon="21.403255187" /><trkpt lat="53.872229440" lon="21.403240411" /><trkpt lat="53.872236155" lon="21.403225469" /><trkpt lat="53.872242928" lon="21.403210366" /><trkpt lat="53.872249759" lon="21.403195106" /><trkpt lat="53.872256646" lon="21.403179695" /><trkpt lat="53.872263587" lon="21.403164136" /><trkpt lat="53.872270582" lon="21.403148433" /><trkpt lat="53.872277629" lon="21.403132592" /><trkpt lat="53.872284726" lon="21.403116617" /><trkpt lat="53.872291872" lon="21.403100512" /><trkpt lat="53.872299067" lon="21.403084281" /><trkpt lat="53.872306308" lon="21.403067930" /><trkpt lat="53.872313594" lon="21.403051462" /><trkpt lat="53.872320924" lon="21.403034882" /><trkpt lat="53.872328297" lon="21.403018195" /><trkpt lat="53.872335711" lon="21.403001404" /><trkpt lat="53.872343164" lon="21.402984515" /><trkpt lat="53.872350656" lon="21.402967532" /><trkpt lat="53.872358186" lon="21.402950459" /><trkpt lat="53.872365751" lon="21.402933300" /><trkpt lat="53.872373350" lon="21.402916061" /><trkpt lat="53.872380982" lon="21.402898746" /><trkpt lat="53.872388647" lon="21.402881359" /><trkpt lat="53.872396341" lon="21.402863904" /><trkpt lat="53.872404065" lon="21.402846386" /><trkpt lat="53.872411816" lon="21.402828810" /><trkpt lat="53.872419594" lon="21.402811180" /><trkpt lat="53.872427397" lon="21.402793500" /><trkpt lat="53.872435223" lon="21.402775775" /><trkpt lat="53.872443072" lon="21.402758009" /><trkpt lat="53.872450941" lon="21.402740207" /><trkpt lat="53.872458830" lon="21.402722374" /><trkpt lat="53.872466738" lon="21.402704513" /><trkpt lat="53.872474662" lon="21.402686629" /><trkpt lat="53.872482602" lon="21.402668726" /><trkpt lat="53.872490556" lon="21.402650810" /><trkpt lat="53.872498523" lon="21.402632884" /><trkpt lat="53.872506502" lon="21.402614954" /><trkpt lat="53.872514490" lon="21.402597022" /><trkpt lat="53.872522488" lon="21.402579095" /><trkpt lat="53.872530493" lon="21.402561176" /><trkpt lat="53.872538504" lon="21.402543269" /><trkpt lat="53.872546519" lon="21.402525380" /><trkpt lat="53.872554539" lon="21.402507513" /><trkpt lat="53.872562560" lon="21.402489672" /><trkpt lat="53.872570582" lon="21.402471861" /><trkpt lat="53.872578604" lon="21.402454085" /><trkpt lat="53.872586623" lon="21.402436349" /><trkpt lat="53.872594639" lon="21.402418657" /><trkpt lat="53.872602651" lon="21.402401014" /><trkpt lat="53.872610656" lon="21.402383423" /><trkpt lat="53.872618654" lon="21.402365889" /><trkpt lat="53.872626644" lon="21.402348418" /><trkpt lat="53.872634623" lon="21.402331013" /><trkpt lat="53.872642591" lon="21.402313678" /><trkpt lat="53.872650546" lon="21.402296419" /><trkpt lat="53.872658488" lon="21.402279239" /><trkpt lat="53.872666413" lon="21.402262143" /><trkpt lat="53.872674322" lon="21.402245136" /><trkpt lat="53.872682213" lon="21.402228222" /><trkpt lat="53.872690084" lon="21.402211405" /><trkpt lat="53.872697935" lon="21.402194691" /><trkpt lat="53.872705763" lon="21.402178082" /><trkpt lat="53.872713567" lon="21.402161585" /><trkpt lat="53.872721347" lon="21.402145202" /><trkpt lat="53.872729101" lon="21.402128940" /><trkpt lat="53.872736827" lon="21.402112802" /><trkpt lat="53.872744524" lon="21.402096792" /><trkpt lat="53.872752191" lon="21.402080915" /><trkpt lat="53.872759826" lon="21.402065176" /><trkpt lat="53.872767428" lon="21.402049579" /><trkpt lat="53.872774996" lon="21.402034129" /><trkpt lat="53.872782528" lon="21.402018829" /><trkpt lat="53.872790024" lon="21.402003685" /><trkpt lat="53.872797480" lon="21.401988701" /><trkpt lat="53.872804898" lon="21.401973881" /><trkpt lat="53.872812274" lon="21.401959230" /><trkpt lat="53.872819607" lon="21.401944752" /><trkpt lat="53.872826897" lon="21.401930451" /><trkpt lat="53.872834031" lon="21.401916548" /><trkpt lat="53.872841197" lon="21.401902662" /><trkpt lat="53.872848396" lon="21.401888794" /><trkpt lat="53.872855623" lon="21.401874939" /><trkpt lat="53.872862879" lon="21.401861097" /><trkpt lat="53.872870161" lon="21.401847264" /><trkpt lat="53.872877468" lon="21.401833438" /><trkpt lat="53.872884797" lon="21.401819618" /><trkpt lat="53.872892147" lon="21.401805800" /><trkpt lat="53.872899516" lon="21.401791984" /><trkpt lat="53.872906903" lon="21.401778165" /><trkpt lat="53.872914305" lon="21.401764343" /><trkpt lat="53.872921722" lon="21.401750515" /><trkpt lat="53.872929150" lon="21.401736678" /><trkpt lat="53.872936589" lon="21.401722831" /><trkpt lat="53.872944036" lon="21.401708970" /><trkpt lat="53.872951491" lon="21.401695095" /><trkpt lat="53.872958950" lon="21.401681202" /><trkpt lat="53.872966413" lon="21.401667290" /><trkpt lat="53.872973877" lon="21.401653356" /><trkpt lat="53.872981341" lon="21.401639397" /><trkpt lat="53.872988803" lon="21.401625412" /><trkpt lat="53.872996262" lon="21.401611399" /><trkpt lat="53.873003715" lon="21.401597355" /><trkpt lat="53.873011160" lon="21.401583277" /><trkpt lat="53.873018597" lon="21.401569164" /><trkpt lat="53.873026023" lon="21.401555013" /><trkpt lat="53.873033437" lon="21.401540823" /><trkpt lat="53.873040837" lon="21.401526590" /><trkpt lat="53.873048220" lon="21.401512312" /><trkpt lat="53.873055586" lon="21.401497988" /><trkpt lat="53.873062932" lon="21.401483615" /><trkpt lat="53.873070257" lon="21.401469191" /><trkpt lat="53.873077558" lon="21.401454713" /><trkpt lat="53.873084835" lon="21.401440180" /><trkpt lat="53.873092086" lon="21.401425588" /><trkpt lat="53.873099308" lon="21.401410937" /><trkpt lat="53.873106500" lon="21.401396223" /><trkpt lat="53.873113660" lon="21.401381444" /><trkpt lat="53.873120787" lon="21.401366598" /><trkpt lat="53.873127878" lon="21.401351682" /><trkpt lat="53.873134932" lon="21.401336696" /><trkpt lat="53.873141948" lon="21.401321635" /><trkpt lat="53.873148922" lon="21.401306499" /><trkpt lat="53.873155855" lon="21.401291284" /><trkpt lat="53.873162743" lon="21.401275988" /><trkpt lat="53.873169585" lon="21.401260610" /><trkpt lat="53.873176380" lon="21.401245147" /><trkpt lat="53.873183125" lon="21.401229596" /><trkpt lat="53.873189819" lon="21.401213956" /><trkpt lat="53.873196460" lon="21.401198224" /><trkpt lat="53.873203047" lon="21.401182398" /><trkpt lat="53.873209577" lon="21.401166476" /><trkpt lat="53.873216048" lon="21.401150455" /><trkpt lat="53.873222460" lon="21.401134333" /><trkpt lat="53.873228810" lon="21.401118108" /><trkpt lat="53.873235097" lon="21.401101778" /><trkpt lat="53.873241318" lon="21.401085340" /><trkpt lat="53.873247472" lon="21.401068793" /><trkpt lat="53.873253558" lon="21.401052133" /><trkpt lat="53.873259573" lon="21.401035358" /><trkpt lat="53.873265515" lon="21.401018468" /><trkpt lat="53.873271384" lon="21.401001458" /><trkpt lat="53.873277177" lon="21.400984327" /><trkpt lat="53.873282892" lon="21.400967073" /><trkpt lat="53.873288528" lon="21.400949693" /><trkpt lat="53.873294083" lon="21.400932185" /><trkpt lat="53.873299555" lon="21.400914547" /><trkpt lat="53.873304943" lon="21.400896776" /><trkpt lat="53.873310244" lon="21.400878871" /><trkpt lat="53.873315457" lon="21.400860829" /><trkpt lat="53.873320580" lon="21.400842648" /><trkpt lat="53.873325612" lon="21.400824325" /><trkpt lat="53.873330550" lon="21.400805859" /><trkpt lat="53.873335393" lon="21.400787247" /><trkpt lat="53.873340139" lon="21.400768486" /><trkpt lat="53.873344786" lon="21.400749575" /><trkpt lat="53.873349333" lon="21.400730511" /><trkpt lat="53.873353778" lon="21.400711293" /><trkpt lat="53.873358119" lon="21.400691917" /><trkpt lat="53.873362354" lon="21.400672381" /><trkpt lat="53.873366482" lon="21.400652684" /><trkpt lat="53.873370500" lon="21.400632823" /><trkpt lat="53.873374408" lon="21.400612795" /><trkpt lat="53.873378203" lon="21.400592599" /><trkpt lat="53.873381883" lon="21.400572233" /><trkpt lat="53.873385447" lon="21.400551693" /><trkpt lat="53.873388893" lon="21.400530978" /><trkpt lat="53.873392219" lon="21.400510085" /><trkpt lat="53.873395424" lon="21.400489013" /><trkpt lat="53.873398506" lon="21.400467758" /><trkpt lat="53.873401462" lon="21.400446320" /><trkpt lat="53.873404292" lon="21.400424695" /><trkpt lat="53.873406993" lon="21.400402880" /><trkpt lat="53.873409564" lon="21.400380875" /><trkpt lat="53.873412002" lon="21.400358677" /><trkpt lat="53.873413643" lon="21.400343206" /><trkpt lat="53.873415290" lon="21.400327593" /><trkpt lat="53.873416943" lon="21.400311840" /><trkpt lat="53.873418601" lon="21.400295948" /><trkpt lat="53.873420265" lon="21.400279922" /><trkpt lat="53.873421933" lon="21.400263762" /><trkpt lat="53.873423607" lon="21.400247471" /><trkpt lat="53.873425286" lon="21.400231052" /><trkpt lat="53.873426970" lon="21.400214507" /><trkpt lat="53.873428659" lon="21.400197838" /><trkpt lat="53.873430353" lon="21.400181048" /><trkpt lat="53.873432051" lon="21.400164139" /><trkpt lat="53.873433753" lon="21.400147113" /><trkpt lat="53.873435460" lon="21.400129973" /><trkpt lat="53.873437171" lon="21.400112721" /><trkpt lat="53.873438886" lon="21.400095360" /><trkpt lat="53.873440605" lon="21.400077892" /><trkpt lat="53.873442328" lon="21.400060318" /><trkpt lat="53.873444055" lon="21.400042643" /><trkpt lat="53.873445785" lon="21.400024867" /><trkpt lat="53.873447519" lon="21.400006993" /><trkpt lat="53.873449256" lon="21.399989025" /><trkpt lat="53.873450997" lon="21.399970963" /><trkpt lat="53.873452740" lon="21.399952810" /><trkpt lat="53.873454487" lon="21.399934570" /><trkpt lat="53.873456236" lon="21.399916243" /><trkpt lat="53.873457988" lon="21.399897833" /><trkpt lat="53.873459743" lon="21.399879341" /><trkpt lat="53.873461501" lon="21.399860771" /><trkpt lat="53.873463261" lon="21.399842125" /><trkpt lat="53.873465023" lon="21.399823404" /><trkpt lat="53.873466787" lon="21.399804611" /><trkpt lat="53.873468553" lon="21.399785750" /><trkpt lat="53.873470321" lon="21.399766821" /><trkpt lat="53.873472091" lon="21.399747827" /><trkpt lat="53.873473863" lon="21.399728771" /><trkpt lat="53.873475637" lon="21.399709656" /><trkpt lat="53.873477411" lon="21.399690482" /><trkpt lat="53.873479187" lon="21.399671254" /><trkpt lat="53.873480965" lon="21.399651972" /><trkpt lat="53.873482743" lon="21.399632640" /><trkpt lat="53.873484522" lon="21.399613260" /><trkpt lat="53.873486303" lon="21.399593835" /><trkpt lat="53.873488084" lon="21.399574365" /><trkpt lat="53.873489865" lon="21.399554855" /><trkpt lat="53.873491647" lon="21.399535306" /><trkpt lat="53.873493429" lon="21.399515721" /><trkpt lat="53.873495212" lon="21.399496102" /><trkpt lat="53.873496995" lon="21.399476451" /><trkpt lat="53.873498778" lon="21.399456771" /><trkpt lat="53.873500560" lon="21.399437064" /><trkpt lat="53.873502343" lon="21.399417332" /><trkpt lat="53.873504125" lon="21.399397579" /><trkpt lat="53.873505906" lon="21.399377805" /><trkpt lat="53.873507687" lon="21.399358014" /><trkpt lat="53.873509468" lon="21.399338208" /><trkpt lat="53.873511247" lon="21.399318390" /><trkpt lat="53.873513026" lon="21.399298561" /><trkpt lat="53.873514803" lon="21.399278723" /><trkpt lat="53.873516579" lon="21.399258881" /><trkpt lat="53.873518354" lon="21.399239035" /><trkpt lat="53.873520128" lon="21.399219188" /><trkpt lat="53.873521900" lon="21.399199343" /><trkpt lat="53.873523670" lon="21.399179501" /><trkpt lat="53.873525438" lon="21.399159666" /><trkpt lat="53.873527205" lon="21.399139839" /><trkpt lat="53.873528969" lon="21.399120023" /><trkpt lat="53.873530732" lon="21.399100220" /><trkpt lat="53.873532492" lon="21.399080433" /><trkpt lat="53.873534249" lon="21.399060664" /><trkpt lat="53.873536005" lon="21.399040915" /><trkpt lat="53.873537757" lon="21.399021189" /><trkpt lat="53.873539507" lon="21.399001488" /><trkpt lat="53.873541254" lon="21.398981814" /><trkpt lat="53.873542998" lon="21.398962170" /><trkpt lat="53.873544738" lon="21.398942559" /><trkpt lat="53.873546476" lon="21.398922982" /><trkpt lat="53.873548210" lon="21.398903441" /><trkpt lat="53.873549941" lon="21.398883940" /><trkpt lat="53.873551668" lon="21.398864481" /><trkpt lat="53.873553391" lon="21.398845065" /><trkpt lat="53.873555111" lon="21.398825696" /><trkpt lat="53.873556827" lon="21.398806375" /><trkpt lat="53.873558538" lon="21.398787106" /><trkpt lat="53.873560245" lon="21.398767890" /><trkpt lat="53.873561948" lon="21.398748729" /><trkpt lat="53.873563647" lon="21.398729627" /><trkpt lat="53.873565341" lon="21.398710585" /><trkpt lat="53.873567030" lon="21.398691606" /><trkpt lat="53.873568715" lon="21.398672692" /><trkpt lat="53.873570395" lon="21.398653846" /><trkpt lat="53.873572069" lon="21.398635070" /><trkpt lat="53.873573739" lon="21.398616366" /><trkpt lat="53.873575403" lon="21.398597736" /><trkpt lat="53.873577062" lon="21.398579184" /><trkpt lat="53.873578715" lon="21.398560711" /><trkpt lat="53.873580362" lon="21.398542320" /><trkpt lat="53.873582004" lon="21.398524013" /><trkpt lat="53.873583640" lon="21.398505792" /><trkpt lat="53.873585270" lon="21.398487660" /><trkpt lat="53.873586894" lon="21.398469619" /><trkpt lat="53.873588512" lon="21.398451672" /><trkpt lat="53.873590123" lon="21.398433820" /><trkpt lat="53.873591728" lon="21.398416067" /><trkpt lat="53.873593326" lon="21.398398415" /><trkpt lat="53.873594917" lon="21.398380865" /><trkpt lat="53.873596502" lon="21.398363421" /><trkpt lat="53.873598079" lon="21.398346085" /><trkpt lat="53.873599650" lon="21.398328858" /><trkpt lat="53.873601213" lon="21.398311744" /><trkpt lat="53.873602769" lon="21.398294745" /><trkpt lat="53.873604318" lon="21.398277863" /><trkpt lat="53.873605859" lon="21.398261100" /><trkpt lat="53.873607393" lon="21.398244459" /><trkpt lat="53.873608918" lon="21.398227943" /><trkpt lat="53.873610436" lon="21.398211553" /><trkpt lat="53.873611945" lon="21.398195292" /><trkpt lat="53.873613447" lon="21.398179162" /><trkpt lat="53.873614940" lon="21.398163166" /><trkpt lat="53.873616425" lon="21.398147306" /><trkpt lat="53.873617901" lon="21.398131585" /><trkpt lat="53.873619369" lon="21.398116004" /><trkpt lat="53.873620827" lon="21.398100566" /><trkpt lat="53.873622277" lon="21.398085274" /><trkpt lat="53.873623718" lon="21.398070129" /><trkpt lat="53.873625150" lon="21.398055135" /><trkpt lat="53.873626573" lon="21.398040293" /><trkpt lat="53.873627986" lon="21.398025606" /><trkpt lat="53.873629390" lon="21.398011077" /><trkpt lat="53.873630784" lon="21.397996707" /><trkpt lat="53.873632168" lon="21.397982499" /><trkpt lat="53.873633543" lon="21.397968456" /><trkpt lat="53.873634907" lon="21.397954579" /><trkpt lat="53.873636262" lon="21.397940871" /><trkpt lat="53.873637606" lon="21.397927335" /><trkpt lat="53.873638940" lon="21.397913972" /><trkpt lat="53.873640264" lon="21.397900786" /><trkpt lat="53.873641577" lon="21.397887778" /><trkpt lat="53.873642879" lon="21.397874951" /><trkpt lat="53.873645417" lon="21.397849514" /><trkpt lat="53.873647810" lon="21.397824508" /><trkpt lat="53.873650066" lon="21.397799925" /><trkpt lat="53.873652190" lon="21.397775757" /><trkpt lat="53.873654189" lon="21.397751997" /><trkpt lat="53.873656070" lon="21.397728636" /><trkpt lat="53.873657840" lon="21.397705667" /><trkpt lat="53.873659506" lon="21.397683080" /><trkpt lat="53.873661073" lon="21.397660869" /><trkpt lat="53.873662550" lon="21.397639025" /><trkpt lat="53.873663942" lon="21.397617540" /><trkpt lat="53.873665256" lon="21.397596405" /><trkpt lat="53.873666499" lon="21.397575614" /><trkpt lat="53.873667678" lon="21.397555158" /><trkpt lat="53.873668799" lon="21.397535029" /><trkpt lat="53.873669869" lon="21.397515219" /><trkpt lat="53.873670895" lon="21.397495720" /><trkpt lat="53.873671884" lon="21.397476523" /><trkpt lat="53.873672841" lon="21.397457622" /><trkpt lat="53.873673775" lon="21.397439007" /><trkpt lat="53.873674691" lon="21.397420671" /><trkpt lat="53.873675596" lon="21.397402605" /><trkpt lat="53.873676497" lon="21.397384803" /><trkpt lat="53.873677401" lon="21.397367254" /><trkpt lat="53.873678314" lon="21.397349953" /><trkpt lat="53.873679244" lon="21.397332890" /><trkpt lat="53.873680196" lon="21.397316058" /><trkpt lat="53.873681177" lon="21.397299448" /><trkpt lat="53.873682195" lon="21.397283052" /><trkpt lat="53.873683256" lon="21.397266863" /><trkpt lat="53.873684366" lon="21.397250873" /><trkpt lat="53.873685532" lon="21.397235073" /><trkpt lat="53.873686761" lon="21.397219455" /><trkpt lat="53.873688060" lon="21.397204011" /><trkpt lat="53.873689436" lon="21.397188734" /><trkpt lat="53.873690894" lon="21.397173615" /><trkpt lat="53.873692442" lon="21.397158646" /><trkpt lat="53.873694087" lon="21.397143820" /><trkpt lat="53.873695835" lon="21.397129127" /><trkpt lat="53.873697692" lon="21.397114561" /><trkpt lat="53.873699667" lon="21.397100112" /><trkpt lat="53.873701764" lon="21.397085774" /><trkpt lat="53.873703992" lon="21.397071538" /><trkpt lat="53.873706356" lon="21.397057395" /><trkpt lat="53.873708863" lon="21.397043339" /><trkpt lat="53.873711521" lon="21.397029360" /><trkpt lat="53.873714335" lon="21.397015451" /><trkpt lat="53.873717313" lon="21.397001605" /><trkpt lat="53.873720461" lon="21.396987811" /><trkpt lat="53.873723786" lon="21.396974064" /><trkpt lat="53.873727295" lon="21.396960354" /><trkpt lat="53.873730993" lon="21.396946675" /><trkpt lat="53.873734889" lon="21.396933016" /><trkpt lat="53.873738989" lon="21.396919372" /><trkpt lat="53.873743298" lon="21.396905732" /><trkpt lat="53.873747825" lon="21.396892091" /><trkpt lat="53.873752576" lon="21.396878439" /><trkpt lat="53.873757557" lon="21.396864768" /><trkpt lat="53.873762775" lon="21.396851071" /><trkpt lat="53.873768237" lon="21.396837340" /><trkpt lat="53.873773950" lon="21.396823565" /><trkpt lat="53.873779920" lon="21.396809740" /><trkpt lat="53.873786154" lon="21.396795857" /><trkpt lat="53.873792659" lon="21.396781906" /><trkpt lat="53.873799441" lon="21.396767881" /><trkpt lat="53.873806507" lon="21.396753773" /><trkpt lat="53.873813864" lon="21.396739575" /><trkpt lat="53.873821519" lon="21.396725277" /><trkpt lat="53.873829477" lon="21.396710873" /><trkpt lat="53.873838348" lon="21.396695099" /><trkpt lat="53.873847187" lon="21.396679447" /><trkpt lat="53.873855993" lon="21.396663912" /><trkpt lat="53.873864760" lon="21.396648487" /><trkpt lat="53.873873488" lon="21.396633163" /><trkpt lat="53.873882174" lon="21.396617936" /><trkpt lat="53.873890813" lon="21.396602797" /><trkpt lat="53.873899405" lon="21.396587740" /><trkpt lat="53.873907945" lon="21.396572758" /><trkpt lat="53.873916431" lon="21.396557845" /><trkpt lat="53.873924861" lon="21.396542993" /><trkpt lat="53.873933231" lon="21.396528196" /><trkpt lat="53.873941538" lon="21.396513447" /><trkpt lat="53.873949780" lon="21.396498739" /><trkpt lat="53.873957955" lon="21.396484065" /><trkpt lat="53.873966058" lon="21.396469419" /><trkpt lat="53.873974088" lon="21.396454793" /><trkpt lat="53.873982042" lon="21.396440181" /><trkpt lat="53.873989916" lon="21.396425576" /><trkpt lat="53.873997708" lon="21.396410971" /><trkpt lat="53.874005416" lon="21.396396359" /><trkpt lat="53.874013035" lon="21.396381734" /><trkpt lat="53.874020565" lon="21.396367088" /><trkpt lat="53.874028001" lon="21.396352415" /><trkpt lat="53.874035340" lon="21.396337709" /><trkpt lat="53.874042581" lon="21.396322961" /><trkpt lat="53.874049721" lon="21.396308166" /><trkpt lat="53.874056756" lon="21.396293316" /><trkpt lat="53.874063683" lon="21.396278406" /><trkpt lat="53.874070501" lon="21.396263427" /><trkpt lat="53.874077205" lon="21.396248373" /><trkpt lat="53.874083794" lon="21.396233237" /><trkpt lat="53.874090264" lon="21.396218013" /><trkpt lat="53.874096613" lon="21.396202693" /><trkpt lat="53.874102838" lon="21.396187272" /><trkpt lat="53.874108935" lon="21.396171741" /><trkpt lat="53.874114903" lon="21.396156094" /><trkpt lat="53.874120739" lon="21.396140325" /><trkpt lat="53.874126439" lon="21.396124426" /><trkpt lat="53.874132000" lon="21.396108391" /><trkpt lat="53.874137421" lon="21.396092213" /><trkpt lat="53.874142698" lon="21.396075885" /><trkpt lat="53.874147829" lon="21.396059400" /><trkpt lat="53.874152810" lon="21.396042751" /><trkpt lat="53.874157638" lon="21.396025932" /><trkpt lat="53.874162312" lon="21.396008936" /><trkpt lat="53.874166828" lon="21.395991755" /><trkpt lat="53.874171183" lon="21.395974384" /><trkpt lat="53.874175375" lon="21.395956815" /><trkpt lat="53.874179400" lon="21.395939042" /><trkpt lat="53.874183256" lon="21.395921057" /><trkpt lat="53.874186941" lon="21.395902854" /><trkpt lat="53.874190451" lon="21.395884426" /><trkpt lat="53.874193783" lon="21.395865766" /><trkpt lat="53.874196935" lon="21.395846867" /><trkpt lat="53.874199903" lon="21.395827723" /><trkpt lat="53.874202686" lon="21.395808327" /><trkpt lat="53.874205281" lon="21.395788671" /><trkpt lat="53.874207683" lon="21.395768750" /><trkpt lat="53.874209891" lon="21.395748556" /><trkpt lat="53.874211902" lon="21.395728082" /><trkpt lat="53.874213714" lon="21.395707322" /><trkpt lat="53.874215322" lon="21.395686269" /><trkpt lat="53.874216765" lon="21.395665179" /><trkpt lat="53.874218085" lon="21.395644312" /><trkpt lat="53.874219289" lon="21.395623662" /><trkpt lat="53.874220385" lon="21.395603224" /><trkpt lat="53.874221378" lon="21.395582994" /><trkpt lat="53.874222275" lon="21.395562967" /><trkpt lat="53.874223083" lon="21.395543137" /><trkpt lat="53.874223809" lon="21.395523500" /><trkpt lat="53.874224459" lon="21.395504051" /><trkpt lat="53.874225041" lon="21.395484785" /><trkpt lat="53.874225560" lon="21.395465697" /><trkpt lat="53.874226023" lon="21.395446782" /><trkpt lat="53.874226438" lon="21.395428036" /><trkpt lat="53.874226810" lon="21.395409453" /><trkpt lat="53.874227146" lon="21.395391029" /><trkpt lat="53.874227454" lon="21.395372758" /><trkpt lat="53.874227740" lon="21.395354637" /><trkpt lat="53.874228009" lon="21.395336659" /><trkpt lat="53.874228270" lon="21.395318820" /><trkpt lat="53.874228529" lon="21.395301115" /><trkpt lat="53.874228792" lon="21.395283540" /><trkpt lat="53.874229067" lon="21.395266089" /><trkpt lat="53.874229359" lon="21.395248757" /><trkpt lat="53.874229676" lon="21.395231540" /><trkpt lat="53.874230024" lon="21.395214433" /><trkpt lat="53.874230410" lon="21.395197430" /><trkpt lat="53.874230840" lon="21.395180528" /><trkpt lat="53.874231322" lon="21.395163720" /><trkpt lat="53.874231861" lon="21.395147002" /><trkpt lat="53.874232465" lon="21.395130370" /><trkpt lat="53.874233141" lon="21.395113818" /><trkpt lat="53.874233894" lon="21.395097341" /><trkpt lat="53.874234732" lon="21.395080935" /><trkpt lat="53.874235661" lon="21.395064595" /><trkpt lat="53.874236688" lon="21.395048315" /><trkpt lat="53.874237820" lon="21.395032091" /><trkpt lat="53.874239063" lon="21.395015918" /><trkpt lat="53.874240424" lon="21.394999792" /><trkpt lat="53.874241910" lon="21.394983706" /><trkpt lat="53.874243527" lon="21.394967657" /><trkpt lat="53.874245283" lon="21.394951639" /><trkpt lat="53.874247183" lon="21.394935648" /><trkpt lat="53.874249234" lon="21.394919678" /><trkpt lat="53.874251443" lon="21.394903725" /><trkpt lat="53.874253818" lon="21.394887784" /><trkpt lat="53.874256363" lon="21.394871850" /><trkpt lat="53.874259087" lon="21.394855917" /><trkpt lat="53.874261996" lon="21.394839982" /><trkpt lat="53.874265096" lon="21.394824040" /><trkpt lat="53.874268394" lon="21.394808084" /><trkpt lat="53.874271897" lon="21.394792112" /><trkpt lat="53.874275611" lon="21.394776116" /><trkpt lat="53.874279544" lon="21.394760094" /><trkpt lat="53.874283701" lon="21.394744039" /><trkpt lat="53.874288090" lon="21.394727948" /><trkpt lat="53.874292718" lon="21.394711814" /><trkpt lat="53.874297590" lon="21.394695633" /><trkpt lat="53.874302714" lon="21.394679401" /><trkpt lat="53.874308096" lon="21.394663112" /><trkpt lat="53.874313743" lon="21.394646761" /><trkpt lat="53.874319661" lon="21.394630345" /><trkpt lat="53.874325858" lon="21.394613856" /><trkpt lat="53.874332340" lon="21.394597292" /><trkpt lat="53.874340895" lon="21.394576262" /><trkpt lat="53.874349522" lon="21.394555856" /><trkpt lat="53.874358221" lon="21.394536054" /><trkpt lat="53.874366993" lon="21.394516837" /><trkpt lat="53.874375838" lon="21.394498184" /><trkpt lat="53.874384756" lon="21.394480076" /><trkpt lat="53.874393748" lon="21.394462493" /><trkpt lat="53.874402815" lon="21.394445416" /><trkpt lat="53.874411957" lon="21.394428825" /><trkpt lat="53.874421174" lon="21.394412700" /><trkpt lat="53.874430468" lon="21.394397022" /><trkpt lat="53.874439837" lon="21.394381770" /><trkpt lat="53.874449284" lon="21.394366925" /><trkpt lat="53.874458808" lon="21.394352468" /><trkpt lat="53.874468410" lon="21.394338378" /><trkpt lat="53.874478090" lon="21.394324637" /><trkpt lat="53.874487850" lon="21.394311224" /><trkpt lat="53.874497688" lon="21.394298119" /><trkpt lat="53.874507607" lon="21.394285303" /><trkpt lat="53.874517605" lon="21.394272757" /><trkpt lat="53.874527685" lon="21.394260460" /><trkpt lat="53.874537846" lon="21.394248392" /><trkpt lat="53.874548088" lon="21.394236535" /><trkpt lat="53.874558413" lon="21.394224869" /><trkpt lat="53.874568821" lon="21.394213373" /><trkpt lat="53.874579312" lon="21.394202028" /><trkpt lat="53.874589886" lon="21.394190814" /><trkpt lat="53.874600545" lon="21.394179712" /><trkpt lat="53.874611288" lon="21.394168702" /><trkpt lat="53.874622117" lon="21.394157764" /><trkpt lat="53.874633031" lon="21.394146878" /><trkpt lat="53.874644032" lon="21.394136026" /><trkpt lat="53.874655119" lon="21.394125187" /><trkpt lat="53.874666293" lon="21.394114341" /><trkpt lat="53.874677554" lon="21.394103468" /><trkpt lat="53.874688904" lon="21.394092550" /><trkpt lat="53.874700342" lon="21.394081566" /><trkpt lat="53.874711869" lon="21.394070497" /><trkpt lat="53.874723486" lon="21.394059323" /><trkpt lat="53.874735193" lon="21.394048024" /><trkpt lat="53.874746990" lon="21.394036580" /><trkpt lat="53.874758878" lon="21.394024973" /><trkpt lat="53.874770858" lon="21.394013181" /><trkpt lat="53.874782930" lon="21.394001186" /><trkpt lat="53.874795094" lon="21.393988968" /><trkpt lat="53.874807351" lon="21.393976507" /><trkpt lat="53.874819701" lon="21.393963783" /><trkpt lat="53.874832145" lon="21.393950777" /><trkpt lat="53.874844684" lon="21.393937469" /><trkpt lat="53.874855928" lon="21.393925492" /><trkpt lat="53.874867231" lon="21.393913553" /><trkpt lat="53.874878593" lon="21.393901647" /><trkpt lat="53.874890009" lon="21.393889768" /><trkpt lat="53.874901477" lon="21.393877912" /><trkpt lat="53.874912996" lon="21.393866073" /><trkpt lat="53.874924561" lon="21.393854246" /><trkpt lat="53.874936170" lon="21.393842427" /><trkpt lat="53.874947821" lon="21.393830610" /><trkpt lat="53.874959511" lon="21.393818790" /><trkpt lat="53.874971238" lon="21.393806963" /><trkpt lat="53.874982999" lon="21.393795123" /><trkpt lat="53.874994791" lon="21.393783265" /><trkpt lat="53.875006611" lon="21.393771384" /><trkpt lat="53.875018458" lon="21.393759475" /><trkpt lat="53.875030328" lon="21.393747534" /><trkpt lat="53.875042218" lon="21.393735554" /><trkpt lat="53.875054127" lon="21.393723532" /><trkpt lat="53.875066051" lon="21.393711462" /><trkpt lat="53.875077988" lon="21.393699338" /><trkpt lat="53.875089936" lon="21.393687157" /><trkpt lat="53.875101891" lon="21.393674912" /><trkpt lat="53.875113851" lon="21.393662600" /><trkpt lat="53.875125813" lon="21.393650214" /><trkpt lat="53.875137775" lon="21.393637750" /><trkpt lat="53.875149735" lon="21.393625203" /><trkpt lat="53.875161689" lon="21.393612568" /><trkpt lat="53.875173634" lon="21.393599839" /><trkpt lat="53.875185570" lon="21.393587013" /><trkpt lat="53.875197491" lon="21.393574083" /><trkpt lat="53.875209397" lon="21.393561044" /><trkpt lat="53.875221284" lon="21.393547892" /><trkpt lat="53.875233150" lon="21.393534622" /><trkpt lat="53.875244992" lon="21.393521229" /><trkpt lat="53.875256808" lon="21.393507707" /><trkpt lat="53.875268594" lon="21.393494051" /><trkpt lat="53.875280349" lon="21.393480257" /><trkpt lat="53.875292070" lon="21.393466319" /><trkpt lat="53.875303753" lon="21.393452233" /><trkpt lat="53.875315397" lon="21.393437993" /><trkpt lat="53.875326999" lon="21.393423595" /><trkpt lat="53.875338556" lon="21.393409033" /><trkpt lat="53.875350065" lon="21.393394302" /><trkpt lat="53.875361525" lon="21.393379397" /><trkpt lat="53.875372932" lon="21.393364314" /><trkpt lat="53.875384283" lon="21.393349047" /><trkpt lat="53.875395576" lon="21.393333591" /><trkpt lat="53.875406809" lon="21.393317941" /><trkpt lat="53.875417979" lon="21.393302093" /><trkpt lat="53.875429083" lon="21.393286040" /><trkpt lat="53.875440119" lon="21.393269779" /><trkpt lat="53.875451083" lon="21.393253304" /><trkpt lat="53.875461974" lon="21.393236609" /><trkpt lat="53.875472788" lon="21.393219691" /><trkpt lat="53.875483524" lon="21.393202543" /><trkpt lat="53.875491475" lon="21.393189654" /><trkpt lat="53.875499430" lon="21.393176648" /><trkpt lat="53.875507390" lon="21.393163528" /><trkpt lat="53.875515356" lon="21.393150296" /><trkpt lat="53.875523328" lon="21.393136953" /><trkpt lat="53.875531308" lon="21.393123501" /><trkpt lat="53.875539295" lon="21.393109941" /><trkpt lat="53.875547291" lon="21.393096275" /><trkpt lat="53.875555297" lon="21.393082505" /><trkpt lat="53.875563313" lon="21.393068632" /><trkpt lat="53.875571340" lon="21.393054659" /><trkpt lat="53.875579378" lon="21.393040586" /><trkpt lat="53.875587429" lon="21.393026416" /><trkpt lat="53.875595493" lon="21.393012150" /><trkpt lat="53.875603572" lon="21.392997790" /><trkpt lat="53.875611664" lon="21.392983337" /><trkpt lat="53.875619773" lon="21.392968794" /><trkpt lat="53.875627897" lon="21.392954161" /><trkpt lat="53.875636039" lon="21.392939440" /><trkpt lat="53.875644198" lon="21.392924634" /><trkpt lat="53.875652375" lon="21.392909744" /><trkpt lat="53.875660572" lon="21.392894771" /><trkpt lat="53.875668789" lon="21.392879717" /><trkpt lat="53.875677026" lon="21.392864584" /><trkpt lat="53.875685285" lon="21.392849373" /><trkpt lat="53.875693566" lon="21.392834087" /><trkpt lat="53.875701870" lon="21.392818727" /><trkpt lat="53.875710198" lon="21.392803293" /><trkpt lat="53.875718550" lon="21.392787789" /><trkpt lat="53.875726927" lon="21.392772216" /><trkpt lat="53.875735330" lon="21.392756576" /><trkpt lat="53.875743760" lon="21.392740869" /><trkpt lat="53.875752218" lon="21.392725099" /><trkpt lat="53.875760703" lon="21.392709265" /><trkpt lat="53.875769218" lon="21.392693371" /><trkpt lat="53.875777762" lon="21.392677418" /><trkpt lat="53.875786337" lon="21.392661408" /><trkpt lat="53.875794942" lon="21.392645341" /><trkpt lat="53.875803580" lon="21.392629220" /><trkpt lat="53.875812251" lon="21.392613047" /><trkpt lat="53.875820955" lon="21.392596823" /><trkpt lat="53.875829693" lon="21.392580550" /><trkpt lat="53.875838466" lon="21.392564229" /><trkpt lat="53.875847274" lon="21.392547863" /><trkpt lat="53.875856119" lon="21.392531452" /><trkpt lat="53.875865002" lon="21.392514999" /><trkpt lat="53.875873922" lon="21.392498505" /><trkpt lat="53.875882881" lon="21.392481972" /><trkpt lat="53.875891879" lon="21.392465401" /><trkpt lat="53.875900917" lon="21.392448794" /><trkpt lat="53.875909997" lon="21.392432154" /><trkpt lat="53.875919118" lon="21.392415481" /><trkpt lat="53.875928281" lon="21.392398777" /><trkpt lat="53.875937488" lon="21.392382044" /><trkpt lat="53.875946739" lon="21.392365283" /><trkpt lat="53.875956034" lon="21.392348497" /><trkpt lat="53.875965375" lon="21.392331686" /><trkpt lat="53.875974761" lon="21.392314853" /><trkpt lat="53.875984195" lon="21.392297999" /><trkpt lat="53.875993677" lon="21.392281126" /><trkpt lat="53.876003206" lon="21.392264236" /><trkpt lat="53.876012785" lon="21.392247330" /><trkpt lat="53.876022414" lon="21.392230409" /><trkpt lat="53.876032094" lon="21.392213476" /><trkpt lat="53.876041825" lon="21.392196533" /><trkpt lat="53.876051608" lon="21.392179580" /><trkpt lat="53.876061444" lon="21.392162620" /><trkpt lat="53.876071334" lon="21.392145654" /><trkpt lat="53.876081278" lon="21.392128683" /><trkpt lat="53.876091277" lon="21.392111711" /><trkpt lat="53.876101333" lon="21.392094737" /><trkpt lat="53.876111445" lon="21.392077765" /><trkpt lat="53.876121614" lon="21.392060795" /><trkpt lat="53.876131841" lon="21.392043829" /><trkpt lat="53.876142670" lon="21.392025936" /><trkpt lat="53.876153470" lon="21.392008121" /><trkpt lat="53.876164238" lon="21.391990382" /><trkpt lat="53.876174972" lon="21.391972721" /><trkpt lat="53.876185670" lon="21.391955134" /><trkpt lat="53.876196329" lon="21.391937622" /><trkpt lat="53.876206948" lon="21.391920184" /><trkpt lat="53.876217523" lon="21.391902819" /><trkpt lat="53.876228054" lon="21.391885526" /><trkpt lat="53.876238537" lon="21.391868305" /><trkpt lat="53.876248970" lon="21.391851153" /><trkpt lat="53.876259351" lon="21.391834071" /><trkpt lat="53.876269678" lon="21.391817058" /><trkpt lat="53.876279948" lon="21.391800113" /><trkpt lat="53.876290159" lon="21.391783234" /><trkpt lat="53.876300309" lon="21.391766422" /><trkpt lat="53.876310396" lon="21.391749675" /><trkpt lat="53.876320417" lon="21.391732993" /><trkpt lat="53.876330370" lon="21.391716374" /><trkpt lat="53.876340253" lon="21.391699818" /><trkpt lat="53.876350063" lon="21.391683324" /><trkpt lat="53.876359799" lon="21.391666891" /><trkpt lat="53.876369458" lon="21.391650518" /><trkpt lat="53.876379037" lon="21.391634205" /><trkpt lat="53.876388535" lon="21.391617950" /><trkpt lat="53.876397949" lon="21.391601753" /><trkpt lat="53.876407277" lon="21.391585613" /><trkpt lat="53.876416516" lon="21.391569529" /><trkpt lat="53.876425665" lon="21.391553500" /><trkpt lat="53.876434721" lon="21.391537525" /><trkpt lat="53.876443682" lon="21.391521604" /><trkpt lat="53.876452546" lon="21.391505735" /><trkpt lat="53.876461310" lon="21.391489918" /><trkpt lat="53.876469972" lon="21.391474153" /><trkpt lat="53.876478529" lon="21.391458437" /><trkpt lat="53.876486980" lon="21.391442770" /><trkpt lat="53.876495323" lon="21.391427152" /><trkpt lat="53.876503554" lon="21.391411582" /><trkpt lat="53.876511672" lon="21.391396058" /><trkpt lat="53.876519675" lon="21.391380580" /><trkpt lat="53.876527560" lon="21.391365148" /><trkpt lat="53.876535324" lon="21.391349759" /><trkpt lat="53.876542966" lon="21.391334414" /><trkpt lat="53.876550484" lon="21.391319111" /><trkpt lat="53.876557875" lon="21.391303850" /><trkpt lat="53.876565136" lon="21.391288630" /><trkpt lat="53.876572266" lon="21.391273450" /><trkpt lat="53.876579262" lon="21.391258309" /><trkpt lat="53.876586123" lon="21.391243206" /><trkpt lat="53.876592845" lon="21.391228140" /><trkpt lat="53.876599426" lon="21.391213111" /><trkpt lat="53.876605865" lon="21.391198118" /><trkpt lat="53.876612159" lon="21.391183160" /><trkpt lat="53.876618306" lon="21.391168236" /><trkpt lat="53.876624302" lon="21.391153345" /><trkpt lat="53.876630147" lon="21.391138487" /><trkpt lat="53.876635838" lon="21.391123660" /><trkpt lat="53.876641373" lon="21.391108864" /><trkpt lat="53.876646749" lon="21.391094097" /><trkpt lat="53.876651964" lon="21.391079360" /><trkpt lat="53.876657015" lon="21.391064650" /><trkpt lat="53.876661902" lon="21.391049969" /><trkpt lat="53.876666620" lon="21.391035313" /><trkpt lat="53.876671169" lon="21.391020683" /><trkpt lat="53.876675545" lon="21.391006078" /><trkpt lat="53.876679747" lon="21.390991497" /><trkpt lat="53.876683771" lon="21.390976939" /><trkpt lat="53.876687617" lon="21.390962403" /><trkpt lat="53.876691282" lon="21.390947888" /><trkpt lat="53.876694763" lon="21.390933394" /><trkpt lat="53.876698161" lon="21.390918593" /><trkpt lat="53.876701480" lon="21.390903582" /><trkpt lat="53.876704723" lon="21.390888365" /><trkpt lat="53.876707891" lon="21.390872949" /><trkpt lat="53.876710985" lon="21.390857339" /><trkpt lat="53.876714007" lon="21.390841542" /><trkpt lat="53.876716958" lon="21.390825562" /><trkpt lat="53.876719840" lon="21.390809406" /><trkpt lat="53.876722654" lon="21.390793079" /><trkpt lat="53.876725402" lon="21.390776586" /><trkpt lat="53.876728086" lon="21.390759935" /><trkpt lat="53.876730706" lon="21.390743129" /><trkpt lat="53.876733264" lon="21.390726175" /><trkpt lat="53.876735762" lon="21.390709079" /><trkpt lat="53.876738202" lon="21.390691846" /><trkpt lat="53.876740584" lon="21.390674482" /><trkpt lat="53.876742911" lon="21.390656992" /><trkpt lat="53.876745184" lon="21.390639383" /><trkpt lat="53.876747404" lon="21.390621659" /><trkpt lat="53.876749572" lon="21.390603828" /><trkpt lat="53.876751691" lon="21.390585893" /><trkpt lat="53.876753762" lon="21.390567862" /><trkpt lat="53.876755787" lon="21.390549739" /><trkpt lat="53.876757766" lon="21.390531531" /><trkpt lat="53.876759701" lon="21.390513243" /><trkpt lat="53.876761594" lon="21.390494880" /><trkpt lat="53.876763447" lon="21.390476449" /><trkpt lat="53.876765260" lon="21.390457955" /><trkpt lat="53.876767036" lon="21.390439404" /><trkpt lat="53.876768775" lon="21.390420801" /><trkpt lat="53.876770480" lon="21.390402152" /><trkpt lat="53.876772152" lon="21.390383463" /><trkpt lat="53.876773792" lon="21.390364740" /><trkpt lat="53.876775402" lon="21.390345988" /><trkpt lat="53.876776983" lon="21.390327213" /><trkpt lat="53.876778537" lon="21.390308420" /><trkpt lat="53.876780066" lon="21.390289616" /><trkpt lat="53.876781570" lon="21.390270805" /><trkpt lat="53.876783052" lon="21.390251994" /><trkpt lat="53.876784512" lon="21.390233189" /><trkpt lat="53.876785953" lon="21.390214394" /><trkpt lat="53.876787376" lon="21.390195616" /><trkpt lat="53.876788782" lon="21.390176860" /><trkpt lat="53.876790173" lon="21.390158133" /><trkpt lat="53.876791551" lon="21.390139439" /><trkpt lat="53.876792916" lon="21.390120784" /><trkpt lat="53.876794271" lon="21.390102175" /><trkpt lat="53.876795616" lon="21.390083616" /><trkpt lat="53.876796954" lon="21.390065114" /><trkpt lat="53.876798286" lon="21.390046674" /><trkpt lat="53.876799613" lon="21.390028302" /><trkpt lat="53.876800937" lon="21.390010003" /><trkpt lat="53.876802259" lon="21.389991783" /><trkpt lat="53.876803582" lon="21.389973648" /><trkpt lat="53.876804905" lon="21.389955604" /><trkpt lat="53.876806232" lon="21.389937656" /><trkpt lat="53.876807563" lon="21.389919810" /><trkpt lat="53.876808900" lon="21.389902071" /><trkpt lat="53.876810244" lon="21.389884446" /><trkpt lat="53.876811597" lon="21.389866939" /><trkpt lat="53.876812961" lon="21.389849557" /><trkpt lat="53.876814336" lon="21.389832306" /><trkpt lat="53.876815725" lon="21.389815190" /><trkpt lat="53.876817129" lon="21.389798217" /><trkpt lat="53.876818549" lon="21.389781390" /><trkpt lat="53.876819987" lon="21.389764717" /><trkpt lat="53.876821444" lon="21.389748202" /><trkpt lat="53.876822923" lon="21.389731852" /><trkpt lat="53.876824423" lon="21.389715672" /><trkpt lat="53.876826234" lon="21.389696677" /><trkpt lat="53.876828071" lon="21.389677977" /><trkpt lat="53.876829936" lon="21.389659557" /><trkpt lat="53.876831831" lon="21.389641407" /><trkpt lat="53.876833761" lon="21.389623514" /><trkpt lat="53.876835727" lon="21.389605865" /><trkpt lat="53.876837733" lon="21.389588448" /><trkpt lat="53.876839781" lon="21.389571250" /><trkpt lat="53.876841874" lon="21.389554260" /><trkpt lat="53.876844015" lon="21.389537464" /><trkpt lat="53.876846207" lon="21.389520851" /><trkpt lat="53.876848452" lon="21.389504408" /><trkpt lat="53.876850754" lon="21.389488122" /><trkpt lat="53.876853115" lon="21.389471982" /><trkpt lat="53.876855538" lon="21.389455975" /><trkpt lat="53.876858026" lon="21.389440089" /><trkpt lat="53.876860581" lon="21.389424311" /><trkpt lat="53.876863208" lon="21.389408628" /><trkpt lat="53.876865907" lon="21.389393029" /><trkpt lat="53.876868683" lon="21.389377501" /><trkpt lat="53.876871537" lon="21.389362032" /><trkpt lat="53.876874473" lon="21.389346610" /><trkpt lat="53.876877494" lon="21.389331221" /><trkpt lat="53.876880603" lon="21.389315854" /><trkpt lat="53.876883801" lon="21.389300496" /><trkpt lat="53.876887093" lon="21.389285135" /><trkpt lat="53.876890481" lon="21.389269758" /><trkpt lat="53.876893967" lon="21.389254354" /><trkpt lat="53.876897555" lon="21.389238909" /><trkpt lat="53.876901247" lon="21.389223412" /><trkpt lat="53.876905046" lon="21.389207849" /><trkpt lat="53.876908956" lon="21.389192210" /><trkpt lat="53.876912978" lon="21.389176480" /><trkpt lat="53.876917116" lon="21.389160649" /><trkpt lat="53.876921372" lon="21.389144703" /><trkpt lat="53.876925749" lon="21.389128630" /><trkpt lat="53.876930251" lon="21.389112418" /><trkpt lat="53.876934879" lon="21.389096054" /><trkpt lat="53.876939638" lon="21.389079526" /><trkpt lat="53.876944528" lon="21.389062822" /><trkpt lat="53.876949555" lon="21.389045929" /><trkpt lat="53.876954719" lon="21.389028836" /><trkpt lat="53.876960024" lon="21.389011528" /><trkpt lat="53.876965474" lon="21.388993995" /><trkpt lat="53.876971069" lon="21.388976224" /><trkpt lat="53.876976815" lon="21.388958202" /><trkpt lat="53.876982712" lon="21.388939917" /><trkpt lat="53.876988765" lon="21.388921357" /><trkpt lat="53.876994976" lon="21.388902509" /><trkpt lat="53.877001347" lon="21.388883361" /><trkpt lat="53.877007882" lon="21.388863900" /><trkpt lat="53.877014583" lon="21.388844115" /><trkpt lat="53.877021454" lon="21.388823993" /><trkpt lat="53.877028497" lon="21.388803521" /><trkpt lat="53.877035714" lon="21.388782687" /><trkpt lat="53.877043109" lon="21.388761479" /><trkpt lat="53.877050685" lon="21.388739884" /><trkpt lat="53.877058444" lon="21.388717890" /><trkpt lat="53.877064459" lon="21.388700963" /><trkpt lat="53.877070518" lon="21.388684064" /><trkpt lat="53.877076622" lon="21.388667191" /><trkpt lat="53.877082769" lon="21.388650344" /><trkpt lat="53.877088957" lon="21.388633521" /><trkpt lat="53.877095186" lon="21.388616723" /><trkpt lat="53.877101455" lon="21.388599949" /><trkpt lat="53.877107763" lon="21.388583197" /><trkpt lat="53.877114108" lon="21.388566467" /><trkpt lat="53.877120490" lon="21.388549758" /><trkpt lat="53.877126908" lon="21.388533070" /><trkpt lat="53.877133360" lon="21.388516401" /><trkpt lat="53.877139846" lon="21.388499752" /><trkpt lat="53.877146364" lon="21.388483121" /><trkpt lat="53.877152914" lon="21.388466508" /><trkpt lat="53.877159494" lon="21.388449911" /><trkpt lat="53.877166104" lon="21.388433331" /><trkpt lat="53.877172742" lon="21.388416766" /><trkpt lat="53.877179407" lon="21.388400216" /><trkpt lat="53.877186098" lon="21.388383679" /><trkpt lat="53.877192815" lon="21.388367156" /><trkpt lat="53.877199556" lon="21.388350645" /><trkpt lat="53.877206320" lon="21.388334146" /><trkpt lat="53.877213106" lon="21.388317658" /><trkpt lat="53.877219914" lon="21.388301181" /><trkpt lat="53.877226741" lon="21.388284712" /><trkpt lat="53.877233587" lon="21.388268253" /><trkpt lat="53.877240452" lon="21.388251802" /><trkpt lat="53.877247333" lon="21.388235358" /><trkpt lat="53.877254230" lon="21.388218920" /><trkpt lat="53.877261142" lon="21.388202489" /><trkpt lat="53.877268068" lon="21.388186062" /><trkpt lat="53.877275007" lon="21.388169640" /><trkpt lat="53.877281958" lon="21.388153222" /><trkpt lat="53.877288919" lon="21.388136807" /><trkpt lat="53.877295890" lon="21.388120393" /><trkpt lat="53.877302869" lon="21.388103982" /><trkpt lat="53.877309856" lon="21.388087571" /><trkpt lat="53.877316850" lon="21.388071160" /><trkpt lat="53.877323849" lon="21.388054748" /><trkpt lat="53.877330853" lon="21.388038335" /><trkpt lat="53.877337860" lon="21.388021919" /><trkpt lat="53.877344870" lon="21.388005501" /><trkpt lat="53.877351881" lon="21.387989079" /><trkpt lat="53.877358892" lon="21.387972653" /><trkpt lat="53.877365903" lon="21.387956221" /><trkpt lat="53.877372912" lon="21.387939784" /><trkpt lat="53.877379918" lon="21.387923340" /><trkpt lat="53.877386920" lon="21.387906888" /><trkpt lat="53.877393918" lon="21.387890429" /><trkpt lat="53.877400909" lon="21.387873961" /><trkpt lat="53.877407894" lon="21.387857483" /><trkpt lat="53.877414871" lon="21.387840995" /><trkpt lat="53.877421838" lon="21.387824496" /><trkpt lat="53.877428796" lon="21.387807985" /><trkpt lat="53.877435743" lon="21.387791462" /><trkpt lat="53.877442677" lon="21.387774926" /><trkpt lat="53.877449599" lon="21.387758375" /><trkpt lat="53.877456506" lon="21.387741810" /><trkpt lat="53.877463398" lon="21.387725230" /><trkpt lat="53.877470274" lon="21.387708633" /><trkpt lat="53.877477132" lon="21.387692020" /><trkpt lat="53.877483972" lon="21.387675389" /><trkpt lat="53.877490793" lon="21.387658740" /><trkpt lat="53.877497594" lon="21.387642071" /><trkpt lat="53.877504373" lon="21.387625383" /><trkpt lat="53.877511129" lon="21.387608675" /><trkpt lat="53.877517862" lon="21.387591945" /><trkpt lat="53.877524570" lon="21.387575193" /><trkpt lat="53.877531253" lon="21.387558418" /><trkpt lat="53.877537909" lon="21.387541620" /><trkpt lat="53.877544538" lon="21.387524798" /><trkpt lat="53.877551138" lon="21.387507950" /><trkpt lat="53.877557708" lon="21.387491077" /><trkpt lat="53.877564247" lon="21.387474178" /><trkpt lat="53.877570755" lon="21.387457252" /><trkpt lat="53.877578373" lon="21.387437441" /><trkpt lat="53.877586045" lon="21.387417629" /><trkpt lat="53.877593768" lon="21.387397818" /><trkpt lat="53.877601536" lon="21.387378014" /><trkpt lat="53.877609345" lon="21.387358221" /><trkpt lat="53.877617192" lon="21.387338445" /><trkpt lat="53.877625072" lon="21.387318690" /><trkpt lat="53.877632981" lon="21.387298961" /><trkpt lat="53.877640915" lon="21.387279263" /><trkpt lat="53.877648869" lon="21.387259601" /><trkpt lat="53.877656839" lon="21.387239979" /><trkpt lat="53.877664821" lon="21.387220402" /><trkpt lat="53.877672811" lon="21.387200875" /><trkpt lat="53.877680805" lon="21.387181403" /><trkpt lat="53.877688798" lon="21.387161991" /><trkpt lat="53.877696786" lon="21.387142644" /><trkpt lat="53.877704765" lon="21.387123365" /><trkpt lat="53.877712731" lon="21.387104161" /><trkpt lat="53.877720679" lon="21.387085035" /><trkpt lat="53.877728606" lon="21.387065993" /><trkpt lat="53.877736507" lon="21.387047040" /><trkpt lat="53.877744378" lon="21.387028180" /><trkpt lat="53.877752214" lon="21.387009418" /><trkpt lat="53.877760012" lon="21.386990759" /><trkpt lat="53.877767767" lon="21.386972208" /><trkpt lat="53.877775475" lon="21.386953769" /><trkpt lat="53.877783132" lon="21.386935447" /><trkpt lat="53.877790733" lon="21.386917248" /><trkpt lat="53.877798275" lon="21.386899175" /><trkpt lat="53.877805753" lon="21.386881235" /><trkpt lat="53.877813162" lon="21.386863430" /><trkpt lat="53.877820500" lon="21.386845768" /><trkpt lat="53.877827761" lon="21.386828251" /><trkpt lat="53.877834942" lon="21.386810885" /><trkpt lat="53.877842037" lon="21.386793675" /><trkpt lat="53.877849043" lon="21.386776626" /><trkpt lat="53.877855957" lon="21.386759742" /><trkpt lat="53.877862772" lon="21.386743028" /><trkpt lat="53.877869486" lon="21.386726489" /><trkpt lat="53.877876093" lon="21.386710130" /><trkpt lat="53.877882591" lon="21.386693955" /><trkpt lat="53.877888974" lon="21.386677970" /><trkpt lat="53.877895238" lon="21.386662179" /><trkpt lat="53.877901380" lon="21.386646588" /><trkpt lat="53.877907395" lon="21.386631200" /><trkpt lat="53.877913278" lon="21.386616020" /><trkpt lat="53.877919026" lon="21.386601054" /><trkpt lat="53.877924634" lon="21.386586306" /><trkpt lat="53.877930098" lon="21.386571781" /><trkpt lat="53.877935414" lon="21.386557485" /><trkpt lat="53.877940578" lon="21.386543420" /><trkpt lat="53.877945585" lon="21.386529593" /><trkpt lat="53.877950431" lon="21.386516009" /><trkpt lat="53.877955113" lon="21.386502671" /><trkpt lat="53.877959625" lon="21.386489586" /><trkpt lat="53.877963964" lon="21.386476757" /><trkpt lat="53.877968125" lon="21.386464189" /><trkpt lat="53.877972104" lon="21.386451888" /><trkpt lat="53.877975897" lon="21.386439858" /><trkpt lat="53.877979500" lon="21.386428104" /><trkpt lat="53.877982908" lon="21.386416630" /><trkpt lat="53.877986118" lon="21.386405442" /><trkpt lat="53.877989125" lon="21.386394544" /><trkpt lat="53.877991925" lon="21.386383942" /><trkpt lat="53.877994513" lon="21.386373639" /><trkpt lat="53.877999412" lon="21.386352570" /><trkpt lat="53.878003717" lon="21.386331920" /><trkpt lat="53.878007444" lon="21.386311676" /><trkpt lat="53.878010610" lon="21.386291823" /><trkpt lat="53.878013233" lon="21.386272343" /><trkpt lat="53.878015330" lon="21.386253224" /><trkpt lat="53.878016918" lon="21.386234449" /><trkpt lat="53.878018015" lon="21.386216004" /><trkpt lat="53.878018637" lon="21.386197874" /><trkpt lat="53.878018801" lon="21.386180042" /><trkpt lat="53.878018526" lon="21.386162495" /><trkpt lat="53.878017828" lon="21.386145217" /><trkpt lat="53.878016724" lon="21.386128192" /><trkpt lat="53.878015231" lon="21.386111407" /><trkpt lat="53.878013367" lon="21.386094845" /><trkpt lat="53.878011149" lon="21.386078491" /><trkpt lat="53.878008594" lon="21.386062331" /><trkpt lat="53.878005719" lon="21.386046349" /><trkpt lat="53.878002542" lon="21.386030531" /><trkpt lat="53.877999080" lon="21.386014860" /><trkpt lat="53.877995349" lon="21.385999322" /><trkpt lat="53.877991367" lon="21.385983902" /><trkpt lat="53.877987152" lon="21.385968585" /><trkpt lat="53.877982720" lon="21.385953355" /><trkpt lat="53.877978089" lon="21.385938198" /><trkpt lat="53.877973275" lon="21.385923097" /><trkpt lat="53.877968297" lon="21.385908039" /><trkpt lat="53.877963171" lon="21.385893008" /><trkpt lat="53.877957914" lon="21.385877989" /><trkpt lat="53.877952544" lon="21.385862967" /><trkpt lat="53.877947078" lon="21.385847926" /><trkpt lat="53.877944075" lon="21.385839829" /><trkpt lat="53.877940767" lon="21.385831105" /><trkpt lat="53.877937164" lon="21.385821773" /><trkpt lat="53.877933277" lon="21.385811849" /><trkpt lat="53.877929117" lon="21.385801351" /><trkpt lat="53.877924694" lon="21.385790296" /><trkpt lat="53.877920019" lon="21.385778703" /><trkpt lat="53.877915103" lon="21.385766587" /><trkpt lat="53.877909957" lon="21.385753968" /><trkpt lat="53.877904591" lon="21.385740861" /><trkpt lat="53.877899015" lon="21.385727286" /><trkpt lat="53.877893241" lon="21.385713258" /><trkpt lat="53.877887280" lon="21.385698796" /><trkpt lat="53.877881142" lon="21.385683916" /><trkpt lat="53.877874837" lon="21.385668637" /><trkpt lat="53.877868377" lon="21.385652976" /><trkpt lat="53.877861772" lon="21.385636950" /><trkpt lat="53.877855034" lon="21.385620577" /><trkpt lat="53.877848171" lon="21.385603874" /><trkpt lat="53.877841197" lon="21.385586858" /><trkpt lat="53.877834120" lon="21.385569547" /><trkpt lat="53.877826952" lon="21.385551959" /><trkpt lat="53.877819704" lon="21.385534110" /><trkpt lat="53.877812386" lon="21.385516019" /><trkpt lat="53.877805009" lon="21.385497702" /><trkpt lat="53.877797583" lon="21.385479178" /><trkpt lat="53.877790120" lon="21.385460463" /><trkpt lat="53.877782630" lon="21.385441575" /><trkpt lat="53.877775124" lon="21.385422532" /><trkpt lat="53.877767613" lon="21.385403350" /><trkpt lat="53.877760107" lon="21.385384048" /><trkpt lat="53.877752616" lon="21.385364642" /><trkpt lat="53.877745153" lon="21.385345151" /><trkpt lat="53.877737727" lon="21.385325591" /><trkpt lat="53.877730349" lon="21.385305980" /><trkpt lat="53.877723030" lon="21.385286336" /><trkpt lat="53.877715780" lon="21.385266676" /><trkpt lat="53.877708611" lon="21.385247017" /><trkpt lat="53.877701533" lon="21.385227376" /><trkpt lat="53.877694556" lon="21.385207772" /><trkpt lat="53.877687692" lon="21.385188222" /><trkpt lat="53.877680951" lon="21.385168743" /><trkpt lat="53.877674344" lon="21.385149352" /><trkpt lat="53.877667881" lon="21.385130067" /><trkpt lat="53.877661574" lon="21.385110905" /><trkpt lat="53.877655433" lon="21.385091885" /><trkpt lat="53.877649469" lon="21.385073022" /><trkpt lat="53.877643692" lon="21.385054336" /><trkpt lat="53.877638113" lon="21.385035842" /><trkpt lat="53.877632743" lon="21.385017559" /><trkpt lat="53.877627593" lon="21.384999504" /><trkpt lat="53.877622673" lon="21.384981694" /><trkpt lat="53.877617994" lon="21.384964147" /><trkpt lat="53.877613567" lon="21.384946881" /><trkpt lat="53.877609402" lon="21.384929912" /><trkpt lat="53.877605511" lon="21.384913259" /><trkpt lat="53.877601903" lon="21.384896938" /><trkpt lat="53.877598590" lon="21.384880967" /><trkpt lat="53.877595583" lon="21.384865363" /><trkpt lat="53.877592891" lon="21.384850144" /><trkpt lat="53.877590477" lon="21.384835669" /><trkpt lat="53.877588132" lon="21.384821309" /><trkpt lat="53.877585853" lon="21.384807052" /><trkpt lat="53.877583640" lon="21.384792888" /><trkpt lat="53.877581492" lon="21.384778804" /><trkpt lat="53.877579408" lon="21.384764791" /><trkpt lat="53.877577387" lon="21.384750838" /><trkpt lat="53.877575428" lon="21.384736932" /><trkpt lat="53.877573530" lon="21.384723063" /><trkpt lat="53.877571691" lon="21.384709220" /><trkpt lat="53.877569911" lon="21.384695392" /><trkpt lat="53.877568189" lon="21.384681568" /><trkpt lat="53.877566524" lon="21.384667736" /><trkpt lat="53.877564914" lon="21.384653887" /><trkpt lat="53.877563359" lon="21.384640007" /><trkpt lat="53.877561857" lon="21.384626087" /><trkpt lat="53.877560408" lon="21.384612116" /><trkpt lat="53.877559011" lon="21.384598082" /><trkpt lat="53.877557664" lon="21.384583974" /><trkpt lat="53.877556366" lon="21.384569781" /><trkpt lat="53.877555117" lon="21.384555493" /><trkpt lat="53.877553915" lon="21.384541097" /><trkpt lat="53.877552760" lon="21.384526584" /><trkpt lat="53.877551650" lon="21.384511941" /><trkpt lat="53.877550584" lon="21.384497159" /><trkpt lat="53.877549561" lon="21.384482224" /><trkpt lat="53.877548581" lon="21.384467128" /><trkpt lat="53.877547641" lon="21.384451858" /><trkpt lat="53.877546742" lon="21.384436404" /><trkpt lat="53.877545882" lon="21.384420754" /><trkpt lat="53.877545060" lon="21.384404898" /><trkpt lat="53.877544275" lon="21.384388824" /><trkpt lat="53.877543526" lon="21.384372521" /><trkpt lat="53.877542812" lon="21.384355978" /><trkpt lat="53.877542132" lon="21.384339184" /><trkpt lat="53.877541485" lon="21.384322128" /><trkpt lat="53.877540869" lon="21.384304800" /><trkpt lat="53.877540285" lon="21.384287187" /><trkpt lat="53.877539730" lon="21.384269278" /><trkpt lat="53.877539204" lon="21.384251064" /><trkpt lat="53.877538705" lon="21.384232532" /><trkpt lat="53.877538233" lon="21.384213672" /><trkpt lat="53.877537787" lon="21.384194472" /><trkpt lat="53.877537366" lon="21.384174922" /><trkpt lat="53.877536968" lon="21.384155010" /><trkpt lat="53.877536593" lon="21.384134725" /><trkpt lat="53.877536239" lon="21.384114056" /><trkpt lat="53.877535905" lon="21.384092993" /><trkpt lat="53.877535591" lon="21.384071523" /><trkpt lat="53.877535296" lon="21.384049637" /><trkpt lat="53.877535017" lon="21.384027322" /><trkpt lat="53.877534755" lon="21.384004568" /><trkpt lat="53.877534509" lon="21.383981364" /><trkpt lat="53.877534276" lon="21.383957699" /><trkpt lat="53.877534057" lon="21.383933561" /><trkpt lat="53.877533850" lon="21.383908940" /><trkpt lat="53.877533654" lon="21.383883824" /><trkpt lat="53.877533468" lon="21.383858202" /><trkpt lat="53.877533292" lon="21.383832064" /><trkpt lat="53.877533123" lon="21.383805398" /><trkpt lat="53.877532961" lon="21.383778193" /><trkpt lat="53.877532806" lon="21.383750439" /><trkpt lat="53.877532707" lon="21.383732876" /><trkpt lat="53.877532602" lon="21.383715300" /><trkpt lat="53.877532492" lon="21.383697712" /><trkpt lat="53.877532375" lon="21.383680111" /><trkpt lat="53.877532252" lon="21.383662498" /><trkpt lat="53.877532123" lon="21.383644873" /><trkpt lat="53.877531988" lon="21.383627236" /><trkpt lat="53.877531847" lon="21.383609588" /><trkpt lat="53.877531699" lon="21.383591928" /><trkpt lat="53.877531544" lon="21.383574258" /><trkpt lat="53.877531383" lon="21.383556576" /><trkpt lat="53.877531215" lon="21.383538884" /><trkpt lat="53.877531041" lon="21.383521182" /><trkpt lat="53.877530859" lon="21.383503470" /><trkpt lat="53.877530671" lon="21.383485747" /><trkpt lat="53.877530476" lon="21.383468015" /><trkpt lat="53.877530273" lon="21.383450274" /><trkpt lat="53.877530064" lon="21.383432523" /><trkpt lat="53.877529847" lon="21.383414764" /><trkpt lat="53.877529623" lon="21.383396996" /><trkpt lat="53.877529392" lon="21.383379219" /><trkpt lat="53.877529153" lon="21.383361434" /><trkpt lat="53.877528907" lon="21.383343641" /><trkpt lat="53.877528653" lon="21.383325840" /><trkpt lat="53.877528391" lon="21.383308031" /><trkpt lat="53.877528122" lon="21.383290216" /><trkpt lat="53.877527845" lon="21.383272393" /><trkpt lat="53.877527560" lon="21.383254563" /><trkpt lat="53.877527267" lon="21.383236727" /><trkpt lat="53.877526965" lon="21.383218884" /><trkpt lat="53.877526656" lon="21.383201035" /><trkpt lat="53.877526338" lon="21.383183180" /><trkpt lat="53.877526013" lon="21.383165320" /><trkpt lat="53.877525678" lon="21.383147454" /><trkpt lat="53.877525335" lon="21.383129582" /><trkpt lat="53.877524984" lon="21.383111706" /><trkpt lat="53.877524624" lon="21.383093825" /><trkpt lat="53.877524256" lon="21.383075940" /><trkpt lat="53.877523878" lon="21.383058050" /><trkpt lat="53.877523492" lon="21.383040156" /><trkpt lat="53.877523097" lon="21.383022258" /><trkpt lat="53.877522693" lon="21.383004356" /><trkpt lat="53.877522279" lon="21.382986451" /><trkpt lat="53.877521857" lon="21.382968543" /><trkpt lat="53.877521425" lon="21.382950633" /><trkpt lat="53.877520984" lon="21.382932719" /><trkpt lat="53.877520533" lon="21.382914803" /><trkpt lat="53.877520074" lon="21.382896885" /><trkpt lat="53.877519604" lon="21.382878964" /><trkpt lat="53.877519125" lon="21.382861042" /><trkpt lat="53.877518636" lon="21.382843119" /><trkpt lat="53.877518137" lon="21.382825194" /><trkpt lat="53.877517629" lon="21.382807268" /><trkpt lat="53.877517110" lon="21.382789341" /><trkpt lat="53.877516582" lon="21.382771414" /><trkpt lat="53.877516043" lon="21.382753486" /><trkpt lat="53.877515494" lon="21.382735558" /><trkpt lat="53.877514935" lon="21.382717631" /><trkpt lat="53.877514366" lon="21.382699703" /><trkpt lat="53.877513786" lon="21.382681777" /><trkpt lat="53.877513196" lon="21.382663850" /><trkpt lat="53.877512595" lon="21.382645925" /><trkpt lat="53.877511983" lon="21.382628002" /><trkpt lat="53.877511361" lon="21.382610079" /><trkpt lat="53.877510727" lon="21.382592159" /><trkpt lat="53.877510083" lon="21.382574240" /><trkpt lat="53.877509428" lon="21.382556324" /><trkpt lat="53.877508762" lon="21.382538410" /><trkpt lat="53.877508085" lon="21.382520499" /><trkpt lat="53.877507397" lon="21.382502590" /><trkpt lat="53.877506697" lon="21.382484685" /><trkpt lat="53.877505986" lon="21.382466783" /><trkpt lat="53.877505264" lon="21.382448885" /><trkpt lat="53.877504530" lon="21.382430990" /><trkpt lat="53.877503784" lon="21.382413100" /><trkpt lat="53.877503027" lon="21.382395213" /><trkpt lat="53.877502258" lon="21.382377332" /><trkpt lat="53.877501477" lon="21.382359455" /><trkpt lat="53.877500684" lon="21.382341583" /><trkpt lat="53.877499879" lon="21.382323716" /><trkpt lat="53.877499063" lon="21.382305855" /><trkpt lat="53.877498234" lon="21.382287999" /><trkpt lat="53.877497392" lon="21.382270149" /><trkpt lat="53.877496539" lon="21.382252305" /><trkpt lat="53.877495673" lon="21.382234468" /><trkpt lat="53.877494795" lon="21.382216637" /><trkpt lat="53.877493904" lon="21.382198814" /><trkpt lat="53.877493000" lon="21.382180997" /><trkpt lat="53.877492084" lon="21.382163187" /><trkpt lat="53.877491155" lon="21.382145385" /><trkpt lat="53.877490214" lon="21.382127591" /><trkpt lat="53.877489259" lon="21.382109805" /><trkpt lat="53.877488291" lon="21.382092027" /><trkpt lat="53.877487310" lon="21.382074258" /><trkpt lat="53.877486316" lon="21.382056497" /><trkpt lat="53.877485309" lon="21.382038745" /><trkpt lat="53.877484289" lon="21.382021002" /><trkpt lat="53.877483255" lon="21.382003269" /><trkpt lat="53.877482207" lon="21.381985545" /><trkpt lat="53.877481258" lon="21.381969362" /><trkpt lat="53.877480324" lon="21.381953001" /><trkpt lat="53.877479406" lon="21.381936467" /><trkpt lat="53.877478503" lon="21.381919763" /><trkpt lat="53.877477614" lon="21.381902894" /><trkpt lat="53.877476740" lon="21.381885864" /><trkpt lat="53.877475881" lon="21.381868677" /><trkpt lat="53.877475035" lon="21.381851337" /><trkpt lat="53.877474204" lon="21.381833847" /><trkpt lat="53.877473385" lon="21.381816212" /><trkpt lat="53.877472580" lon="21.381798437" /><trkpt lat="53.877471788" lon="21.381780524" /><trkpt lat="53.877471009" lon="21.381762479" /><trkpt lat="53.877470241" lon="21.381744305" /><trkpt lat="53.877469486" lon="21.381726005" /><trkpt lat="53.877468743" lon="21.381707586" /><trkpt lat="53.877468011" lon="21.381689049" /><trkpt lat="53.877467290" lon="21.381670400" /><trkpt lat="53.877466581" lon="21.381651642" /><trkpt lat="53.877465882" lon="21.381632780" /><trkpt lat="53.877465193" lon="21.381613817" /><trkpt lat="53.877464515" lon="21.381594758" /><trkpt lat="53.877463846" lon="21.381575607" /><trkpt lat="53.877463187" lon="21.381556367" /><trkpt lat="53.877462538" lon="21.381537043" /><trkpt lat="53.877461897" lon="21.381517638" /><trkpt lat="53.877461265" lon="21.381498158" /><trkpt lat="53.877460641" lon="21.381478605" /><trkpt lat="53.877460026" lon="21.381458984" /><trkpt lat="53.877459419" lon="21.381439299" /><trkpt lat="53.877458819" lon="21.381419555" /><trkpt lat="53.877458226" lon="21.381399754" /><trkpt lat="53.877457641" lon="21.381379901" /><trkpt lat="53.877457062" lon="21.381360001" /><trkpt lat="53.877456490" lon="21.381340057" /><trkpt lat="53.877455924" lon="21.381320073" /><trkpt lat="53.877455364" lon="21.381300053" /><trkpt lat="53.877454810" lon="21.381280002" /><trkpt lat="53.877454261" lon="21.381259923" /><trkpt lat="53.877453717" lon="21.381239821" /><trkpt lat="53.877453178" lon="21.381219700" /><trkpt lat="53.877452644" lon="21.381199562" /><trkpt lat="53.877452114" lon="21.381179414" /><trkpt lat="53.877451588" lon="21.381159258" /><trkpt lat="53.877451065" lon="21.381139099" /><trkpt lat="53.877450547" lon="21.381118941" /><trkpt lat="53.877450031" lon="21.381098788" /><trkpt lat="53.877449518" lon="21.381078643" /><trkpt lat="53.877449008" lon="21.381058512" /><trkpt lat="53.877448500" lon="21.381038397" /><trkpt lat="53.877447994" lon="21.381018304" /><trkpt lat="53.877447490" lon="21.380998235" /><trkpt lat="53.877446987" lon="21.380978196" /><trkpt lat="53.877446486" lon="21.380958190" /><trkpt lat="53.877445985" lon="21.380938221" /><trkpt lat="53.877445485" lon="21.380918294" /><trkpt lat="53.877444986" lon="21.380898412" /><trkpt lat="53.877444486" lon="21.380878579" /><trkpt lat="53.877443987" lon="21.380858800" /><trkpt lat="53.877443487" lon="21.380839078" /><trkpt lat="53.877442986" lon="21.380819418" /><trkpt lat="53.877442485" lon="21.380799824" /><trkpt lat="53.877441982" lon="21.380780299" /><trkpt lat="53.877441477" lon="21.380760848" /><trkpt lat="53.877440971" lon="21.380741474" /><trkpt lat="53.877440462" lon="21.380722183" /><trkpt lat="53.877439951" lon="21.380702977" /><trkpt lat="53.877439437" lon="21.380683861" /><trkpt lat="53.877438921" lon="21.380664839" /><trkpt lat="53.877438401" lon="21.380645916" /><trkpt lat="53.877437878" lon="21.380627094" /><trkpt lat="53.877437351" lon="21.380608378" /><trkpt lat="53.877436819" lon="21.380589773" /><trkpt lat="53.877436284" lon="21.380571282" /><trkpt lat="53.877435744" lon="21.380552909" /><trkpt lat="53.877435198" lon="21.380534658" /><trkpt lat="53.877434648" lon="21.380516534" /><trkpt lat="53.877434092" lon="21.380498540" /><trkpt lat="53.877433531" lon="21.380480681" /><trkpt lat="53.877432963" lon="21.380462960" /><trkpt lat="53.877432390" lon="21.380445382" /><trkpt lat="53.877431809" lon="21.380427951" /><trkpt lat="53.877431222" lon="21.380410670" /><trkpt lat="53.877430628" lon="21.380393544" /><trkpt lat="53.877430026" lon="21.380376577" /><trkpt lat="53.877429416" lon="21.380359772" /><trkpt lat="53.877428799" lon="21.380343135" /><trkpt lat="53.877428173" lon="21.380326668" /><trkpt lat="53.877427539" lon="21.380310376" /><trkpt lat="53.877426896" lon="21.380294264" /><trkpt lat="53.877426244" lon="21.380278334" /><trkpt lat="53.877425582" lon="21.380262592" /><trkpt lat="53.877424911" lon="21.380247041" /><trkpt lat="53.877424230" lon="21.380231685" /><trkpt lat="53.877423539" lon="21.380216529" /><trkpt lat="53.877422837" lon="21.380201575" /><trkpt lat="53.877422125" lon="21.380186830" /><trkpt lat="53.877421401" lon="21.380172295" /><trkpt lat="53.877420666" lon="21.380157977" /><trkpt lat="53.877419920" lon="21.380143877" /><trkpt lat="53.877419162" lon="21.380130002" /><trkpt lat="53.877418391" lon="21.380116354" /><trkpt lat="53.877417608" lon="21.380102937" /><trkpt lat="53.877416813" lon="21.380089757" /><trkpt lat="53.877416004" lon="21.380076816" /><trkpt lat="53.877415182" lon="21.380064119" /><trkpt lat="53.877414347" lon="21.380051670" /><trkpt lat="53.877413498" lon="21.380039474" /><trkpt lat="53.877412635" lon="21.380027533" /><trkpt lat="53.877411038" lon="21.380005350" /><trkpt lat="53.877409519" lon="21.379983203" /><trkpt lat="53.877408076" lon="21.379961098" /><trkpt lat="53.877406707" lon="21.379939040" /><trkpt lat="53.877405411" lon="21.379917037" /><trkpt lat="53.877404186" lon="21.379895095" /><trkpt lat="53.877403030" lon="21.379873220" /><trkpt lat="53.877401943" lon="21.379851419" /><trkpt lat="53.877400922" lon="21.379829698" /><trkpt lat="53.877399966" lon="21.379808064" /><trkpt lat="53.877399074" lon="21.379786523" /><trkpt lat="53.877398243" lon="21.379765081" /><trkpt lat="53.877397473" lon="21.379743745" /><trkpt lat="53.877396762" lon="21.379722522" /><trkpt lat="53.877396107" lon="21.379701417" /><trkpt lat="53.877395508" lon="21.379680437" /><trkpt lat="53.877394964" lon="21.379659589" /><trkpt lat="53.877394472" lon="21.379638879" /><trkpt lat="53.877394030" lon="21.379618314" /><trkpt lat="53.877393639" lon="21.379597900" /><trkpt lat="53.877393295" lon="21.379577643" /><trkpt lat="53.877392997" lon="21.379557549" /><trkpt lat="53.877392744" lon="21.379537626" /><trkpt lat="53.877392534" lon="21.379517880" /><trkpt lat="53.877392366" lon="21.379498317" /><trkpt lat="53.877392238" lon="21.379478943" /><trkpt lat="53.877392149" lon="21.379459766" /><trkpt lat="53.877392096" lon="21.379440790" /><trkpt lat="53.877392079" lon="21.379422024" /><trkpt lat="53.877392096" lon="21.379403473" /><trkpt lat="53.877392145" lon="21.379385143" /><trkpt lat="53.877392224" lon="21.379367042" /><trkpt lat="53.877392333" lon="21.379349175" /><trkpt lat="53.877392470" lon="21.379331550" /><trkpt lat="53.877392632" lon="21.379314171" /><trkpt lat="53.877392819" lon="21.379297047" /><trkpt lat="53.877393029" lon="21.379280183" /><trkpt lat="53.877393261" lon="21.379263586" /><trkpt lat="53.877393512" lon="21.379247262" /><trkpt lat="53.877393781" lon="21.379231217" /><trkpt lat="53.877394068" lon="21.379215459" /><trkpt lat="53.877394369" lon="21.379199993" /><trkpt lat="53.877394684" lon="21.379184826" /><trkpt lat="53.877395011" lon="21.379169964" /><trkpt lat="53.877395349" lon="21.379155414" /><trkpt lat="53.877395695" lon="21.379141182" /><trkpt lat="53.877396049" lon="21.379127275" /><trkpt lat="53.877396409" lon="21.379113699" /><trkpt lat="53.877396773" lon="21.379100461" /><trkpt lat="53.877397140" lon="21.379087566" /><trkpt lat="53.877397508" lon="21.379075022" /><trkpt lat="53.877397875" lon="21.379062835" /><trkpt lat="53.877398241" lon="21.379051011" /><trkpt lat="53.877398603" lon="21.379039556" /><trkpt lat="53.877398960" lon="21.379028478" /><trkpt lat="53.877399310" lon="21.379017782" /><trkpt lat="53.877399653" lon="21.379007476" /><trkpt lat="53.877399985" lon="21.378997564" /><trkpt lat="53.877400602" lon="21.378979181" /><trkpt lat="53.877401208" lon="21.378961538" /><trkpt lat="53.877401835" lon="21.378944575" /><trkpt lat="53.877402515" lon="21.378928226" /><trkpt lat="53.877403279" lon="21.378912429" /><trkpt lat="53.877404159" lon="21.378897121" /><trkpt lat="53.877405187" lon="21.378882238" /><trkpt lat="53.877406394" lon="21.378867718" /><trkpt lat="53.877407812" lon="21.378853498" /><trkpt lat="53.877409472" lon="21.378839513" /><trkpt lat="53.877411407" lon="21.378825701" /><trkpt lat="53.877413647" lon="21.378811998" /><trkpt lat="53.877416224" lon="21.378798343" /><trkpt lat="53.877419170" lon="21.378784670" /><trkpt lat="53.877422517" lon="21.378770918" /><trkpt lat="53.877426296" lon="21.378757022" /><trkpt lat="53.877430539" lon="21.378742921" /><trkpt lat="53.877435277" lon="21.378728549" /><trkpt lat="53.877440543" lon="21.378713846" /><trkpt lat="53.877446367" lon="21.378698746" /><trkpt lat="53.877452781" lon="21.378683188" /><trkpt lat="53.877459818" lon="21.378667107" /><trkpt lat="53.877467508" lon="21.378650442" /><trkpt lat="53.877475883" lon="21.378633127" /><trkpt lat="53.877484975" lon="21.378615101" /><trkpt lat="53.877494815" lon="21.378596300" /><trkpt lat="53.877505435" lon="21.378576661" /><trkpt lat="53.877516867" lon="21.378556121" /><trkpt lat="53.877529143" lon="21.378534617" /><trkpt lat="53.877542293" lon="21.378512084" /><trkpt lat="53.877555373" lon="21.378489949" /><trkpt lat="53.877567453" lon="21.378469613" /><trkpt lat="53.877578586" lon="21.378450981" /><trkpt lat="53.877588827" lon="21.378433956" /><trkpt lat="53.877598228" lon="21.378418443" /><trkpt lat="53.877606844" lon="21.378404346" /><trkpt lat="53.877614728" lon="21.378391568" /><trkpt lat="53.877621935" lon="21.378380013" /><trkpt lat="53.877628517" lon="21.378369587" /><trkpt lat="53.877634530" lon="21.378360192" /><trkpt lat="53.877640025" lon="21.378351733" /><trkpt lat="53.877645058" lon="21.378344114" /><trkpt lat="53.877649682" lon="21.378337239" /><trkpt lat="53.877653951" lon="21.378331011" /><trkpt lat="53.877657918" lon="21.378325336" /><trkpt lat="53.877661638" lon="21.378320116" /><trkpt lat="53.877665163" lon="21.378315257" /><trkpt lat="53.877668548" lon="21.378310661" /><trkpt lat="53.877671847" lon="21.378306234" /><trkpt lat="53.877675113" lon="21.378301879" /><trkpt lat="53.877678401" lon="21.378297500" /><trkpt lat="53.877681763" lon="21.378293001" /><trkpt lat="53.877685254" lon="21.378288286" /><trkpt lat="53.877688927" lon="21.378283260" /><trkpt lat="53.877692836" lon="21.378277826" /><trkpt lat="53.877697035" lon="21.378271888" /><trkpt lat="53.877701578" lon="21.378265351" /><trkpt lat="53.877706518" lon="21.378258118" /><trkpt lat="53.877711909" lon="21.378250093" /><trkpt lat="53.877717806" lon="21.378241181" /></trkseg></trk></gpx>