<?xml version='1.0' encoding='utf-8'?>
<gpx version="1.1" creator="OpenTrack rally2gpx source authoring" xmlns="http://www.topografix.com/GPX/1/1"><metadata><name>SS 16 - Luílhas</name><link href="https://www.rally-maps.com/Rally-de-Portugal-2019" /><desc>Complete source route; Rally-Maps spline tangents expanded before GPX export. No source elevation is supplied.</desc></metadata><trk><trkseg><trkpt lat="41.524337786" lon="-8.092660457" /><trkpt lat="41.524344019" lon="-8.092660466" /><trkpt lat="41.524350863" lon="-8.092660476" /><trkpt lat="41.524358306" lon="-8.092660462" /><trkpt lat="41.524366336" lon="-8.092660398" /><trkpt lat="41.524374941" lon="-8.092660258" /><trkpt lat="41.524384109" lon="-8.092660017" /><trkpt lat="41.524393829" lon="-8.092659649" /><trkpt lat="41.524404089" lon="-8.092659128" /><trkpt lat="41.524414876" lon="-8.092658429" /><trkpt lat="41.524426180" lon="-8.092657526" /><trkpt lat="41.524437988" lon="-8.092656394" /><trkpt lat="41.524450288" lon="-8.092655007" /><trkpt lat="41.524463069" lon="-8.092653339" /><trkpt lat="41.524476318" lon="-8.092651364" /><trkpt lat="41.524490025" lon="-8.092649058" /><trkpt lat="41.524504177" lon="-8.092646393" /><trkpt lat="41.524518762" lon="-8.092643346" /><trkpt lat="41.524533768" lon="-8.092639890" /><trkpt lat="41.524549185" lon="-8.092635999" /><trkpt lat="41.524564999" lon="-8.092631648" /><trkpt lat="41.524581199" lon="-8.092626811" /><trkpt lat="41.524597773" lon="-8.092621463" /><trkpt lat="41.524614709" lon="-8.092615578" /><trkpt lat="41.524631996" lon="-8.092609130" /><trkpt lat="41.524649622" lon="-8.092602094" /><trkpt lat="41.524667575" lon="-8.092594444" /><trkpt lat="41.524685842" lon="-8.092586154" /><trkpt lat="41.524704413" lon="-8.092577200" /><trkpt lat="41.524723275" lon="-8.092567554" /><trkpt lat="41.524742417" lon="-8.092557192" /><trkpt lat="41.524761116" lon="-8.092546742" /><trkpt lat="41.524778700" lon="-8.092536818" /><trkpt lat="41.524795232" lon="-8.092527376" /><trkpt lat="41.524810774" lon="-8.092518371" /><trkpt lat="41.524825390" lon="-8.092509756" /><trkpt lat="41.524839143" lon="-8.092501488" /><trkpt lat="41.524852095" lon="-8.092493519" /><trkpt lat="41.524864309" lon="-8.092485806" /><trkpt lat="41.524875849" lon="-8.092478303" /><trkpt lat="41.524886777" lon="-8.092470964" /><trkpt lat="41.524897155" lon="-8.092463744" /><trkpt lat="41.524907048" lon="-8.092456598" /><trkpt lat="41.524916518" lon="-8.092449481" /><trkpt lat="41.524925628" lon="-8.092442347" /><trkpt lat="41.524934441" lon="-8.092435151" /><trkpt lat="41.524943019" lon="-8.092427848" /><trkpt lat="41.524951426" lon="-8.092420392" /><trkpt lat="41.524959724" lon="-8.092412739" /><trkpt lat="41.524967977" lon="-8.092404842" /><trkpt lat="41.524976248" lon="-8.092396657" /><trkpt lat="41.524984598" lon="-8.092388138" /><trkpt lat="41.524993092" lon="-8.092379239" /><trkpt lat="41.525001792" lon="-8.092369917" /><trkpt lat="41.525010762" lon="-8.092360125" /><trkpt lat="41.525020063" lon="-8.092349817" /><trkpt lat="41.525029759" lon="-8.092338950" /><trkpt lat="41.525039913" lon="-8.092327477" /><trkpt lat="41.525050588" lon="-8.092315353" /><trkpt lat="41.525061846" lon="-8.092302533" /><trkpt lat="41.525073751" lon="-8.092288971" /><trkpt lat="41.525085891" lon="-8.092275483" /><trkpt lat="41.525097831" lon="-8.092262894" /><trkpt lat="41.525109597" lon="-8.092251173" /><trkpt lat="41.525121218" lon="-8.092240289" /><trkpt lat="41.525132720" lon="-8.092230211" /><trkpt lat="41.525144130" lon="-8.092220907" /><trkpt lat="41.525155476" lon="-8.092212348" /><trkpt lat="41.525166785" lon="-8.092204501" /><trkpt lat="41.525178085" lon="-8.092197336" /><trkpt lat="41.525189401" lon="-8.092190822" /><trkpt lat="41.525200763" lon="-8.092184928" /><trkpt lat="41.525212196" lon="-8.092179623" /><trkpt lat="41.525223728" lon="-8.092174875" /><trkpt lat="41.525235386" lon="-8.092170655" /><trkpt lat="41.525247198" lon="-8.092166930" /><trkpt lat="41.525259191" lon="-8.092163671" /><trkpt lat="41.525271392" lon="-8.092160845" /><trkpt lat="41.525283828" lon="-8.092158422" /><trkpt lat="41.525296526" lon="-8.092156372" /><trkpt lat="41.525309514" lon="-8.092154662" /><trkpt lat="41.525322818" lon="-8.092153262" /><trkpt lat="41.525336467" lon="-8.092152141" /><trkpt lat="41.525350487" lon="-8.092151268" /><trkpt lat="41.525364905" lon="-8.092150612" /><trkpt lat="41.525379750" lon="-8.092150142" /><trkpt lat="41.525395047" lon="-8.092149827" /><trkpt lat="41.525410824" lon="-8.092149636" /><trkpt lat="41.525427109" lon="-8.092149537" /><trkpt lat="41.525443928" lon="-8.092149501" /><trkpt lat="41.525461309" lon="-8.092149496" /><trkpt lat="41.525478828" lon="-8.092149747" /><trkpt lat="41.525496050" lon="-8.092150483" /><trkpt lat="41.525512988" lon="-8.092151679" /><trkpt lat="41.525529653" lon="-8.092153312" /><trkpt lat="41.525546057" lon="-8.092155357" /><trkpt lat="41.525562210" lon="-8.092157789" /><trkpt lat="41.525578125" lon="-8.092160585" /><trkpt lat="41.525593814" lon="-8.092163719" /><trkpt lat="41.525609287" lon="-8.092167166" /><trkpt lat="41.525624557" lon="-8.092170904" /><trkpt lat="41.525639635" lon="-8.092174907" /><trkpt lat="41.525654533" lon="-8.092179151" /><trkpt lat="41.525669262" lon="-8.092183611" /><trkpt lat="41.525683834" lon="-8.092188263" /><trkpt lat="41.525698260" lon="-8.092193082" /><trkpt lat="41.525712553" lon="-8.092198044" /><trkpt lat="41.525726723" lon="-8.092203126" /><trkpt lat="41.525740783" lon="-8.092208301" /><trkpt lat="41.525754743" lon="-8.092213546" /><trkpt lat="41.525768617" lon="-8.092218836" /><trkpt lat="41.525782414" lon="-8.092224147" /><trkpt lat="41.525796147" lon="-8.092229455" /><trkpt lat="41.525809827" lon="-8.092234734" /><trkpt lat="41.525823466" lon="-8.092239962" /><trkpt lat="41.525837076" lon="-8.092245112" /><trkpt lat="41.525850668" lon="-8.092250161" /><trkpt lat="41.525864254" lon="-8.092255084" /><trkpt lat="41.525877845" lon="-8.092259857" /><trkpt lat="41.525891453" lon="-8.092264455" /><trkpt lat="41.525905090" lon="-8.092268854" /><trkpt lat="41.525917965" lon="-8.092272909" /><trkpt lat="41.525931718" lon="-8.092277261" /><trkpt lat="41.525946281" lon="-8.092281899" /><trkpt lat="41.525961587" lon="-8.092286809" /><trkpt lat="41.525977567" lon="-8.092291979" /><trkpt lat="41.525994153" lon="-8.092297397" /><trkpt lat="41.526011278" lon="-8.092303051" /><trkpt lat="41.526028874" lon="-8.092308926" /><trkpt lat="41.526046872" lon="-8.092315012" /><trkpt lat="41.526065206" lon="-8.092321295" /><trkpt lat="41.526083806" lon="-8.092327764" /><trkpt lat="41.526102606" lon="-8.092334404" /><trkpt lat="41.526121537" lon="-8.092341205" /><trkpt lat="41.526140531" lon="-8.092348153" /><trkpt lat="41.526159520" lon="-8.092355235" /><trkpt lat="41.526178438" lon="-8.092362440" /><trkpt lat="41.526197215" lon="-8.092369755" /><trkpt lat="41.526215783" lon="-8.092377166" /><trkpt lat="41.526234076" lon="-8.092384663" /><trkpt lat="41.526252025" lon="-8.092392231" /><trkpt lat="41.526269561" lon="-8.092399859" /><trkpt lat="41.526286618" lon="-8.092407535" /><trkpt lat="41.526303128" lon="-8.092415244" /><trkpt lat="41.526319022" lon="-8.092422976" /><trkpt lat="41.526334232" lon="-8.092430717" /><trkpt lat="41.526348691" lon="-8.092438454" /><trkpt lat="41.526362331" lon="-8.092446176" /><trkpt lat="41.526375084" lon="-8.092453870" /><trkpt lat="41.526386882" lon="-8.092461523" /><trkpt lat="41.526397657" lon="-8.092469123" /><trkpt lat="41.526407341" lon="-8.092476657" /><trkpt lat="41.526415866" lon="-8.092484113" /><trkpt lat="41.526423165" lon="-8.092491478" /><trkpt lat="41.526430177" lon="-8.092499251" /><trkpt lat="41.526437869" lon="-8.092507893" /><trkpt lat="41.526446210" lon="-8.092517336" /><trkpt lat="41.526455172" lon="-8.092527510" /><trkpt lat="41.526464727" lon="-8.092538347" /><trkpt lat="41.526474845" lon="-8.092549777" /><trkpt lat="41.526485496" lon="-8.092561732" /><trkpt lat="41.526496653" lon="-8.092574143" /><trkpt lat="41.526508286" lon="-8.092586940" /><trkpt lat="41.526520365" lon="-8.092600055" /><trkpt lat="41.526532863" lon="-8.092613419" /><trkpt lat="41.526545750" lon="-8.092626963" /><trkpt lat="41.526558997" lon="-8.092640617" /><trkpt lat="41.526572575" lon="-8.092654313" /><trkpt lat="41.526586455" lon="-8.092667983" /><trkpt lat="41.526600609" lon="-8.092681556" /><trkpt lat="41.526615006" lon="-8.092694964" /><trkpt lat="41.526629618" lon="-8.092708138" /><trkpt lat="41.526644417" lon="-8.092721009" /><trkpt lat="41.526659372" lon="-8.092733509" /><trkpt lat="41.526674456" lon="-8.092745567" /><trkpt lat="41.526689638" lon="-8.092757116" /><trkpt lat="41.526704891" lon="-8.092768086" /><trkpt lat="41.526720185" lon="-8.092778408" /><trkpt lat="41.526735491" lon="-8.092788013" /><trkpt lat="41.526750779" lon="-8.092796832" /><trkpt lat="41.526766022" lon="-8.092804797" /><trkpt lat="41.526781190" lon="-8.092811839" /><trkpt lat="41.526796254" lon="-8.092817887" /><trkpt lat="41.526811186" lon="-8.092822875" /><trkpt lat="41.526825955" lon="-8.092826731" /><trkpt lat="41.526840533" lon="-8.092829388" /><trkpt lat="41.526854891" lon="-8.092830777" /><trkpt lat="41.526870378" lon="-8.092831500" /><trkpt lat="41.526885529" lon="-8.092832050" /><trkpt lat="41.526900371" lon="-8.092832419" /><trkpt lat="41.526914931" lon="-8.092832594" /><trkpt lat="41.526929235" lon="-8.092832565" /><trkpt lat="41.526943309" lon="-8.092832322" /><trkpt lat="41.526957179" lon="-8.092831854" /><trkpt lat="41.526970872" lon="-8.092831149" /><trkpt lat="41.526984415" lon="-8.092830198" /><trkpt lat="41.526997833" lon="-8.092828989" /><trkpt lat="41.527011153" lon="-8.092827512" /><trkpt lat="41.527024401" lon="-8.092825756" /><trkpt lat="41.527037603" lon="-8.092823710" /><trkpt lat="41.527050786" lon="-8.092821364" /><trkpt lat="41.527063977" lon="-8.092818707" /><trkpt lat="41.527077200" lon="-8.092815728" /><trkpt lat="41.527090484" lon="-8.092812417" /><trkpt lat="41.527103854" lon="-8.092808762" /><trkpt lat="41.527117336" lon="-8.092804753" /><trkpt lat="41.527130957" lon="-8.092800379" /><trkpt lat="41.527144743" lon="-8.092795630" /><trkpt lat="41.527158720" lon="-8.092790494" /><trkpt lat="41.527172916" lon="-8.092784961" /><trkpt lat="41.527187355" lon="-8.092779021" /><trkpt lat="41.527202065" lon="-8.092772663" /><trkpt lat="41.527217071" lon="-8.092765875" /><trkpt lat="41.527232401" lon="-8.092758647" /><trkpt lat="41.527248080" lon="-8.092750969" /><trkpt lat="41.527264134" lon="-8.092742829" /><trkpt lat="41.527280591" lon="-8.092734218" /><trkpt lat="41.527293103" lon="-8.092727709" /><trkpt lat="41.527306230" lon="-8.092721145" /><trkpt lat="41.527319940" lon="-8.092714534" /><trkpt lat="41.527334203" lon="-8.092707887" /><trkpt lat="41.527348988" lon="-8.092701216" /><trkpt lat="41.527364264" lon="-8.092694530" /><trkpt lat="41.527380000" lon="-8.092687841" /><trkpt lat="41.527396167" lon="-8.092681157" /><trkpt lat="41.527412732" lon="-8.092674491" /><trkpt lat="41.527429665" lon="-8.092667853" /><trkpt lat="41.527446936" lon="-8.092661252" /><trkpt lat="41.527464513" lon="-8.092654700" /><trkpt lat="41.527482366" lon="-8.092648207" /><trkpt lat="41.527500464" lon="-8.092641784" /><trkpt lat="41.527518777" lon="-8.092635441" /><trkpt lat="41.527537273" lon="-8.092629188" /><trkpt lat="41.527555922" lon="-8.092623037" /><trkpt lat="41.527574692" lon="-8.092616997" /><trkpt lat="41.527593554" lon="-8.092611079" /><trkpt lat="41.527612477" lon="-8.092605294" /><trkpt lat="41.527631429" lon="-8.092599652" /><trkpt lat="41.527650380" lon="-8.092594163" /><trkpt lat="41.527669300" lon="-8.092588839" /><trkpt lat="41.527688157" lon="-8.092583690" /><trkpt lat="41.527706920" lon="-8.092578725" /><trkpt lat="41.527725559" lon="-8.092573956" /><trkpt lat="41.527744044" lon="-8.092569394" /><trkpt lat="41.527762343" lon="-8.092565048" /><trkpt lat="41.527780425" lon="-8.092560929" /><trkpt lat="41.527798260" lon="-8.092557048" /><trkpt lat="41.527815818" lon="-8.092553416" /><trkpt lat="41.527833066" lon="-8.092550042" /><trkpt lat="41.527849975" lon="-8.092546937" /><trkpt lat="41.527866514" lon="-8.092544112" /><trkpt lat="41.527882652" lon="-8.092541577" /><trkpt lat="41.527898358" lon="-8.092539343" /><trkpt lat="41.527913601" lon="-8.092537420" /><trkpt lat="41.527928351" lon="-8.092535819" /><trkpt lat="41.527942578" lon="-8.092534551" /><trkpt lat="41.527956249" lon="-8.092533625" /><trkpt lat="41.527969334" lon="-8.092533052" /><trkpt lat="41.527986535" lon="-8.092532390" /><trkpt lat="41.528003223" lon="-8.092531474" /><trkpt lat="41.528019432" lon="-8.092530300" /><trkpt lat="41.528035198" lon="-8.092528865" /><trkpt lat="41.528050556" lon="-8.092527166" /><trkpt lat="41.528065541" lon="-8.092525198" /><trkpt lat="41.528080189" lon="-8.092522959" /><trkpt lat="41.528094535" lon="-8.092520444" /><trkpt lat="41.528108614" lon="-8.092517651" /><trkpt lat="41.528122462" lon="-8.092514575" /><trkpt lat="41.528136113" lon="-8.092511212" /><trkpt lat="41.528149603" lon="-8.092507560" /><trkpt lat="41.528162968" lon="-8.092503615" /><trkpt lat="41.528176241" lon="-8.092499373" /><trkpt lat="41.528189460" lon="-8.092494830" /><trkpt lat="41.528202658" lon="-8.092489984" /><trkpt lat="41.528215872" lon="-8.092484830" /><trkpt lat="41.528229135" lon="-8.092479365" /><trkpt lat="41.528242485" lon="-8.092473585" /><trkpt lat="41.528255955" lon="-8.092467487" /><trkpt lat="41.528269582" lon="-8.092461067" /><trkpt lat="41.528283400" lon="-8.092454321" /><trkpt lat="41.528297445" lon="-8.092447247" /><trkpt lat="41.528311752" lon="-8.092439840" /><trkpt lat="41.528326355" lon="-8.092432097" /><trkpt lat="41.528341292" lon="-8.092424014" /><trkpt lat="41.528356596" lon="-8.092415587" /><trkpt lat="41.528372303" lon="-8.092406814" /><trkpt lat="41.528388448" lon="-8.092397690" /><trkpt lat="41.528405066" lon="-8.092388213" /><trkpt lat="41.528418379" lon="-8.092380630" /><trkpt lat="41.528432339" lon="-8.092372751" /><trkpt lat="41.528446905" lon="-8.092364597" /><trkpt lat="41.528462036" lon="-8.092356188" /><trkpt lat="41.528477690" lon="-8.092347548" /><trkpt lat="41.528493827" lon="-8.092338695" /><trkpt lat="41.528510403" lon="-8.092329652" /><trkpt lat="41.528527379" lon="-8.092320440" /><trkpt lat="41.528544713" lon="-8.092311079" /><trkpt lat="41.528562363" lon="-8.092301592" /><trkpt lat="41.528580288" lon="-8.092291999" /><trkpt lat="41.528598446" lon="-8.092282321" /><trkpt lat="41.528616796" lon="-8.092272580" /><trkpt lat="41.528635296" lon="-8.092262796" /><trkpt lat="41.528653906" lon="-8.092252991" /><trkpt lat="41.528672583" lon="-8.092243186" /><trkpt lat="41.528691286" lon="-8.092233403" /><trkpt lat="41.528709974" lon="-8.092223662" /><trkpt lat="41.528728606" lon="-8.092213984" /><trkpt lat="41.528747139" lon="-8.092204391" /><trkpt lat="41.528765533" lon="-8.092194903" /><trkpt lat="41.528783745" lon="-8.092185543" /><trkpt lat="41.528801736" lon="-8.092176331" /><trkpt lat="41.528819462" lon="-8.092167288" /><trkpt lat="41.528836884" lon="-8.092158435" /><trkpt lat="41.528853958" lon="-8.092149794" /><trkpt lat="41.528870645" lon="-8.092141386" /><trkpt lat="41.528886902" lon="-8.092133232" /><trkpt lat="41.528902688" lon="-8.092125353" /><trkpt lat="41.528917961" lon="-8.092117770" /><trkpt lat="41.528932681" lon="-8.092110504" /><trkpt lat="41.528946805" lon="-8.092103578" /><trkpt lat="41.528960293" lon="-8.092097010" /><trkpt lat="41.528973102" lon="-8.092090824" /><trkpt lat="41.528985192" lon="-8.092085040" /><trkpt lat="41.528996521" lon="-8.092079679" /><trkpt lat="41.529007048" lon="-8.092074763" /><trkpt lat="41.529016730" lon="-8.092070312" /><trkpt lat="41.529025527" lon="-8.092066348" /><trkpt lat="41.529036358" lon="-8.092061813" /><trkpt lat="41.529047165" lon="-8.092057857" /><trkpt lat="41.529057952" lon="-8.092054468" /><trkpt lat="41.529068723" lon="-8.092051636" /><trkpt lat="41.529079482" lon="-8.092049348" /><trkpt lat="41.529090232" lon="-8.092047594" /><trkpt lat="41.529100976" lon="-8.092046361" /><trkpt lat="41.529111719" lon="-8.092045640" /><trkpt lat="41.529122463" lon="-8.092045418" /><trkpt lat="41.529133213" lon="-8.092045685" /><trkpt lat="41.529143972" lon="-8.092046428" /><trkpt lat="41.529154743" lon="-8.092047637" /><trkpt lat="41.529165531" lon="-8.092049299" /><trkpt lat="41.529176337" lon="-8.092051405" /><trkpt lat="41.529187168" lon="-8.092053942" /><trkpt lat="41.529198025" lon="-8.092056900" /><trkpt lat="41.529208912" lon="-8.092060266" /><trkpt lat="41.529219833" lon="-8.092064030" /><trkpt lat="41.529230792" lon="-8.092068180" /><trkpt lat="41.529241791" lon="-8.092072705" /><trkpt lat="41.529252836" lon="-8.092077594" /><trkpt lat="41.529263928" lon="-8.092082835" /><trkpt lat="41.529275072" lon="-8.092088417" /><trkpt lat="41.529286272" lon="-8.092094328" /><trkpt lat="41.529297530" lon="-8.092100558" /><trkpt lat="41.529308851" lon="-8.092107095" /><trkpt lat="41.529320238" lon="-8.092113927" /><trkpt lat="41.529331695" lon="-8.092121044" /><trkpt lat="41.529343225" lon="-8.092128434" /><trkpt lat="41.529354831" lon="-8.092136085" /><trkpt lat="41.529365902" lon="-8.092143511" /><trkpt lat="41.529377277" lon="-8.092151177" /><trkpt lat="41.529388954" lon="-8.092159038" /><trkpt lat="41.529400932" lon="-8.092167051" /><trkpt lat="41.529413208" lon="-8.092175172" /><trkpt lat="41.529425780" lon="-8.092183357" /><trkpt lat="41.529438648" lon="-8.092191563" /><trkpt lat="41.529451809" lon="-8.092199746" /><trkpt lat="41.529465260" lon="-8.092207862" /><trkpt lat="41.529479002" lon="-8.092215867" /><trkpt lat="41.529493030" lon="-8.092223718" /><trkpt lat="41.529507345" lon="-8.092231372" /><trkpt lat="41.529521943" lon="-8.092238783" /><trkpt lat="41.529536823" lon="-8.092245910" /><trkpt lat="41.529551983" lon="-8.092252707" /><trkpt lat="41.529567422" lon="-8.092259131" /><trkpt lat="41.529583137" lon="-8.092265139" /><trkpt lat="41.529599127" lon="-8.092270687" /><trkpt lat="41.529615389" lon="-8.092275731" /><trkpt lat="41.529631923" lon="-8.092280228" /><trkpt lat="41.529648726" lon="-8.092284133" /><trkpt lat="41.529665796" lon="-8.092287403" /><trkpt lat="41.529683131" lon="-8.092289994" /><trkpt lat="41.529700730" lon="-8.092291863" /><trkpt lat="41.529718591" lon="-8.092292965" /><trkpt lat="41.529736712" lon="-8.092293258" /><trkpt lat="41.529755090" lon="-8.092292697" /><trkpt lat="41.529773726" lon="-8.092291239" /><trkpt lat="41.529792615" lon="-8.092288840" /><trkpt lat="41.529811757" lon="-8.092285456" /><trkpt lat="41.529831150" lon="-8.092281044" /><trkpt lat="41.529850792" lon="-8.092275560" /><trkpt lat="41.529867437" lon="-8.092270459" /><trkpt lat="41.529884082" lon="-8.092265332" /><trkpt lat="41.529900730" lon="-8.092260199" /><trkpt lat="41.529917380" lon="-8.092255078" /><trkpt lat="41.529934033" lon="-8.092249989" /><trkpt lat="41.529950691" lon="-8.092244951" /><trkpt lat="41.529967355" lon="-8.092239983" /><trkpt lat="41.529984024" lon="-8.092235103" /><trkpt lat="41.530000700" lon="-8.092230332" /><trkpt lat="41.530017385" lon="-8.092225687" /><trkpt lat="41.530034078" lon="-8.092221189" /><trkpt lat="41.530050781" lon="-8.092216856" /><trkpt lat="41.530067494" lon="-8.092212706" /><trkpt lat="41.530084219" lon="-8.092208760" /><trkpt lat="41.530100955" lon="-8.092205037" /><trkpt lat="41.530117706" lon="-8.092201555" /><trkpt lat="41.530134470" lon="-8.092198333" /><trkpt lat="41.530151249" lon="-8.092195390" /><trkpt lat="41.530168044" lon="-8.092192747" /><trkpt lat="41.530184855" lon="-8.092190421" /><trkpt lat="41.530201685" lon="-8.092188431" /><trkpt lat="41.530218532" lon="-8.092186798" /><trkpt lat="41.530235399" lon="-8.092185539" /><trkpt lat="41.530252286" lon="-8.092184674" /><trkpt lat="41.530269194" lon="-8.092184222" /><trkpt lat="41.530286124" lon="-8.092184202" /><trkpt lat="41.530303077" lon="-8.092184633" /><trkpt lat="41.530320054" lon="-8.092185534" /><trkpt lat="41.530337055" lon="-8.092186924" /><trkpt lat="41.530354082" lon="-8.092188823" /><trkpt lat="41.530371135" lon="-8.092191249" /><trkpt lat="41.530388215" lon="-8.092194222" /><trkpt lat="41.530405324" lon="-8.092197759" /><trkpt lat="41.530422461" lon="-8.092201882" /><trkpt lat="41.530439628" lon="-8.092206608" /><trkpt lat="41.530456826" lon="-8.092211956" /><trkpt lat="41.530474056" lon="-8.092217947" /><trkpt lat="41.530491318" lon="-8.092224598" /><trkpt lat="41.530503500" lon="-8.092229634" /><trkpt lat="41.530516155" lon="-8.092235075" /><trkpt lat="41.530529263" lon="-8.092240906" /><trkpt lat="41.530542805" lon="-8.092247113" /><trkpt lat="41.530556760" lon="-8.092253681" /><trkpt lat="41.530571108" lon="-8.092260595" /><trkpt lat="41.530585828" lon="-8.092267839" /><trkpt lat="41.530600901" lon="-8.092275400" /><trkpt lat="41.530616306" lon="-8.092283261" /><trkpt lat="41.530632022" lon="-8.092291409" /><trkpt lat="41.530648031" lon="-8.092299829" /><trkpt lat="41.530664312" lon="-8.092308504" /><trkpt lat="41.530680843" lon="-8.092317421" /><trkpt lat="41.530697606" lon="-8.092326565" /><trkpt lat="41.530714580" lon="-8.092335921" /><trkpt lat="41.530731745" lon="-8.092345473" /><trkpt lat="41.530749080" lon="-8.092355207" /><trkpt lat="41.530766566" lon="-8.092365109" /><trkpt lat="41.530784182" lon="-8.092375162" /><trkpt lat="41.530801908" lon="-8.092385353" /><trkpt lat="41.530819724" lon="-8.092395666" /><trkpt lat="41.530837609" lon="-8.092406087" /><trkpt lat="41.530855544" lon="-8.092416600" /><trkpt lat="41.530873508" lon="-8.092427191" /><trkpt lat="41.530891480" lon="-8.092437845" /><trkpt lat="41.530909442" lon="-8.092448546" /><trkpt lat="41.530927372" lon="-8.092459281" /><trkpt lat="41.530945251" lon="-8.092470033" /><trkpt lat="41.530963057" lon="-8.092480789" /><trkpt lat="41.530980772" lon="-8.092491533" /><trkpt lat="41.530998375" lon="-8.092502251" /><trkpt lat="41.531015845" lon="-8.092512927" /><trkpt lat="41.531033162" lon="-8.092523546" /><trkpt lat="41.531050306" lon="-8.092534095" /><trkpt lat="41.531067258" lon="-8.092544557" /><trkpt lat="41.531083996" lon="-8.092554918" /><trkpt lat="41.531100501" lon="-8.092565163" /><trkpt lat="41.531116752" lon="-8.092575277" /><trkpt lat="41.531132729" lon="-8.092585245" /><trkpt lat="41.531148412" lon="-8.092595053" /><trkpt lat="41.531163781" lon="-8.092604685" /><trkpt lat="41.531178816" lon="-8.092614127" /><trkpt lat="41.531193495" lon="-8.092623363" /><trkpt lat="41.531207800" lon="-8.092632380" /><trkpt lat="41.531221710" lon="-8.092641161" /><trkpt lat="41.531235205" lon="-8.092649691" /><trkpt lat="41.531248264" lon="-8.092657957" /><trkpt lat="41.531260867" lon="-8.092665944" /><trkpt lat="41.531272995" lon="-8.092673635" /><trkpt lat="41.531284626" lon="-8.092681017" /><trkpt lat="41.531295741" lon="-8.092688074" /><trkpt lat="41.531306320" lon="-8.092694792" /><trkpt lat="41.531316342" lon="-8.092701155" /><trkpt lat="41.531325787" lon="-8.092707150" /><trkpt lat="41.531334635" lon="-8.092712760" /><trkpt lat="41.531348556" lon="-8.092721544" /><trkpt lat="41.531362673" lon="-8.092730381" /><trkpt lat="41.531376973" lon="-8.092739268" /><trkpt lat="41.531391444" lon="-8.092748201" /><trkpt lat="41.531406073" lon="-8.092757179" /><trkpt lat="41.531420848" lon="-8.092766199" /><trkpt lat="41.531435755" lon="-8.092775257" /><trkpt lat="41.531450784" lon="-8.092784350" /><trkpt lat="41.531465920" lon="-8.092793477" /><trkpt lat="41.531481151" lon="-8.092802633" /><trkpt lat="41.531496465" lon="-8.092811816" /><trkpt lat="41.531511850" lon="-8.092821023" /><trkpt lat="41.531527292" lon="-8.092830252" /><trkpt lat="41.531542779" lon="-8.092839499" /><trkpt lat="41.531558298" lon="-8.092848762" /><trkpt lat="41.531573838" lon="-8.092858037" /><trkpt lat="41.531589384" lon="-8.092867322" /><trkpt lat="41.531604926" lon="-8.092876614" /><trkpt lat="41.531620450" lon="-8.092885911" /><trkpt lat="41.531635943" lon="-8.092895208" /><trkpt lat="41.531651394" lon="-8.092904504" /><trkpt lat="41.531666789" lon="-8.092913795" /><trkpt lat="41.531682116" lon="-8.092923079" /><trkpt lat="41.531697362" lon="-8.092932353" /><trkpt lat="41.531712515" lon="-8.092941613" /><trkpt lat="41.531727563" lon="-8.092950858" /><trkpt lat="41.531742492" lon="-8.092960084" /><trkpt lat="41.531757290" lon="-8.092969288" /><trkpt lat="41.531771945" lon="-8.092978467" /><trkpt lat="41.531786444" lon="-8.092987620" /><trkpt lat="41.531800774" lon="-8.092996741" /><trkpt lat="41.531814923" lon="-8.093005830" /><trkpt lat="41.531828878" lon="-8.093014883" /><trkpt lat="41.531842627" lon="-8.093023896" /><trkpt lat="41.531857818" lon="-8.093034141" /><trkpt lat="41.531872491" lon="-8.093044484" /><trkpt lat="41.531886676" lon="-8.093054916" /><trkpt lat="41.531900403" lon="-8.093065429" /><trkpt lat="41.531913702" lon="-8.093076013" /><trkpt lat="41.531926604" lon="-8.093086660" /><trkpt lat="41.531939140" lon="-8.093097360" /><trkpt lat="41.531951339" lon="-8.093108106" /><trkpt lat="41.531963232" lon="-8.093118887" /><trkpt lat="41.531974849" lon="-8.093129694" /><trkpt lat="41.531986221" lon="-8.093140520" /><trkpt lat="41.531997377" lon="-8.093151355" /><trkpt lat="41.532008349" lon="-8.093162189" /><trkpt lat="41.532019167" lon="-8.093173015" /><trkpt lat="41.532029861" lon="-8.093183823" /><trkpt lat="41.532040461" lon="-8.093194604" /><trkpt lat="41.532050997" lon="-8.093205349" /><trkpt lat="41.532061501" lon="-8.093216050" /><trkpt lat="41.532072001" lon="-8.093226697" /><trkpt lat="41.532082530" lon="-8.093237281" /><trkpt lat="41.532093116" lon="-8.093247794" /><trkpt lat="41.532103791" lon="-8.093258226" /><trkpt lat="41.532114585" lon="-8.093268569" /><trkpt lat="41.532125527" lon="-8.093278813" /><trkpt lat="41.532136649" lon="-8.093288951" /><trkpt lat="41.532147981" lon="-8.093298972" /><trkpt lat="41.532159552" lon="-8.093308868" /><trkpt lat="41.532171394" lon="-8.093318629" /><trkpt lat="41.532183537" lon="-8.093328248" /><trkpt lat="41.532196011" lon="-8.093337715" /><trkpt lat="41.532208410" lon="-8.093347200" /><trkpt lat="41.532220322" lon="-8.093356878" /><trkpt lat="41.532231771" lon="-8.093366744" /><trkpt lat="41.532242778" lon="-8.093376795" /><trkpt lat="41.532253365" lon="-8.093387025" /><trkpt lat="41.532263555" lon="-8.093397431" /><trkpt lat="41.532273371" lon="-8.093408009" /><trkpt lat="41.532282834" lon="-8.093418755" /><trkpt lat="41.532291966" lon="-8.093429663" /><trkpt lat="41.532300791" lon="-8.093440731" /><trkpt lat="41.532309331" lon="-8.093451954" /><trkpt lat="41.532317607" lon="-8.093463328" /><trkpt lat="41.532325642" lon="-8.093474848" /><trkpt lat="41.532333458" lon="-8.093486511" /><trkpt lat="41.532341078" lon="-8.093498312" /><trkpt lat="41.532348525" lon="-8.093510247" /><trkpt lat="41.532355819" lon="-8.093522312" /><trkpt lat="41.532362984" lon="-8.093534503" /><trkpt lat="41.532370042" lon="-8.093546815" /><trkpt lat="41.532377015" lon="-8.093559245" /><trkpt lat="41.532383926" lon="-8.093571788" /><trkpt lat="41.532390797" lon="-8.093584441" /><trkpt lat="41.532397649" lon="-8.093597198" /><trkpt lat="41.532404506" lon="-8.093610055" /><trkpt lat="41.532411390" lon="-8.093623010" /><trkpt lat="41.532418323" lon="-8.093636057" /><trkpt lat="41.532425328" lon="-8.093649192" /><trkpt lat="41.532432426" lon="-8.093662411" /><trkpt lat="41.532439640" lon="-8.093675709" /><trkpt lat="41.532446993" lon="-8.093689084" /><trkpt lat="41.532454456" lon="-8.093702536" /><trkpt lat="41.532461989" lon="-8.093716054" /><trkpt lat="41.532469595" lon="-8.093729615" /><trkpt lat="41.532477277" lon="-8.093743196" /><trkpt lat="41.532485039" lon="-8.093756773" /><trkpt lat="41.532492884" lon="-8.093770323" /><trkpt lat="41.532500814" lon="-8.093783823" /><trkpt lat="41.532508833" lon="-8.093797250" /><trkpt lat="41.532516944" lon="-8.093810580" /><trkpt lat="41.532525150" lon="-8.093823791" /><trkpt lat="41.532533454" lon="-8.093836858" /><trkpt lat="41.532541859" lon="-8.093849759" /><trkpt lat="41.532550369" lon="-8.093862471" /><trkpt lat="41.532558986" lon="-8.093874969" /><trkpt lat="41.532567714" lon="-8.093887232" /><trkpt lat="41.532576556" lon="-8.093899236" /><trkpt lat="41.532585515" lon="-8.093910957" /><trkpt lat="41.532594593" lon="-8.093922372" /><trkpt lat="41.532603795" lon="-8.093933458" /><trkpt lat="41.532613123" lon="-8.093944192" /><trkpt lat="41.532622581" lon="-8.093954550" /><trkpt lat="41.532632171" lon="-8.093964510" /><trkpt lat="41.532641896" lon="-8.093974048" /><trkpt lat="41.532651761" lon="-8.093983140" /><trkpt lat="41.532661767" lon="-8.093991764" /><trkpt lat="41.532671918" lon="-8.093999896" /><trkpt lat="41.532682218" lon="-8.094007513" /><trkpt lat="41.532692668" lon="-8.094014592" /><trkpt lat="41.532703273" lon="-8.094021110" /><trkpt lat="41.532714036" lon="-8.094027042" /><trkpt lat="41.532724798" lon="-8.094032758" /><trkpt lat="41.532735399" lon="-8.094038650" /><trkpt lat="41.532745840" lon="-8.094044734" /><trkpt lat="41.532756120" lon="-8.094051026" /><trkpt lat="41.532766240" lon="-8.094057540" /><trkpt lat="41.532776199" lon="-8.094064293" /><trkpt lat="41.532785997" lon="-8.094071300" /><trkpt lat="41.532795635" lon="-8.094078576" /><trkpt lat="41.532805112" lon="-8.094086137" /><trkpt lat="41.532814428" lon="-8.094093998" /><trkpt lat="41.532823584" lon="-8.094102176" /><trkpt lat="41.532832579" lon="-8.094110684" /><trkpt lat="41.532841413" lon="-8.094119540" /><trkpt lat="41.532850087" lon="-8.094128758" /><trkpt lat="41.532858600" lon="-8.094138354" /><trkpt lat="41.532866953" lon="-8.094148343" /><trkpt lat="41.532875145" lon="-8.094158742" /><trkpt lat="41.532883176" lon="-8.094169564" /><trkpt lat="41.532891047" lon="-8.094180827" /><trkpt lat="41.532898757" lon="-8.094192545" /><trkpt lat="41.532906306" lon="-8.094204733" /><trkpt lat="41.532913695" lon="-8.094217408" /><trkpt lat="41.532920923" lon="-8.094230585" /><trkpt lat="41.532927991" lon="-8.094244280" /><trkpt lat="41.532934898" lon="-8.094258507" /><trkpt lat="41.532941644" lon="-8.094273283" /><trkpt lat="41.532948230" lon="-8.094288622" /><trkpt lat="41.532954655" lon="-8.094304541" /><trkpt lat="41.532960920" lon="-8.094321055" /><trkpt lat="41.532967023" lon="-8.094338179" /><trkpt lat="41.532970006" lon="-8.094346726" /><trkpt lat="41.532973299" lon="-8.094356009" /><trkpt lat="41.532976895" lon="-8.094366003" /><trkpt lat="41.532980783" lon="-8.094376684" /><trkpt lat="41.532984955" lon="-8.094388031" /><trkpt lat="41.532989401" lon="-8.094400018" /><trkpt lat="41.532994112" lon="-8.094412623" /><trkpt lat="41.532999078" lon="-8.094425822" /><trkpt lat="41.533004291" lon="-8.094439592" /><trkpt lat="41.533009741" lon="-8.094453909" /><trkpt lat="41.533015418" lon="-8.094468749" /><trkpt lat="41.533021314" lon="-8.094484091" /><trkpt lat="41.533027419" lon="-8.094499909" /><trkpt lat="41.533033725" lon="-8.094516180" /><trkpt lat="41.533040220" lon="-8.094532881" /><trkpt lat="41.533046897" lon="-8.094549989" /><trkpt lat="41.533053746" lon="-8.094567480" /><trkpt lat="41.533060758" lon="-8.094585331" /><trkpt lat="41.533067924" lon="-8.094603518" /><trkpt lat="41.533075233" lon="-8.094622017" /><trkpt lat="41.533082678" lon="-8.094640806" /><trkpt lat="41.533090248" lon="-8.094659861" /><trkpt lat="41.533097935" lon="-8.094679158" /><trkpt lat="41.533105728" lon="-8.094698674" /><trkpt lat="41.533113620" lon="-8.094718385" /><trkpt lat="41.533121600" lon="-8.094738269" /><trkpt lat="41.533129659" lon="-8.094758301" /><trkpt lat="41.533137788" lon="-8.094778458" /><trkpt lat="41.533145978" lon="-8.094798717" /><trkpt lat="41.533154219" lon="-8.094819053" /><trkpt lat="41.533162502" lon="-8.094839445" /><trkpt lat="41.533170818" lon="-8.094859868" /><trkpt lat="41.533179157" lon="-8.094880299" /><trkpt lat="41.533187511" lon="-8.094900715" /><trkpt lat="41.533195870" lon="-8.094921091" /><trkpt lat="41.533204224" lon="-8.094941405" /><trkpt lat="41.533212565" lon="-8.094961632" /><trkpt lat="41.533220883" lon="-8.094981751" /><trkpt lat="41.533229169" lon="-8.095001736" /><trkpt lat="41.533237413" lon="-8.095021566" /><trkpt lat="41.533245607" lon="-8.095041215" /><trkpt lat="41.533253741" lon="-8.095060662" /><trkpt lat="41.533261805" lon="-8.095079881" /><trkpt lat="41.533269791" lon="-8.095098851" /><trkpt lat="41.533277688" lon="-8.095117547" /><trkpt lat="41.533285489" lon="-8.095135946" /><trkpt lat="41.533293183" lon="-8.095154024" /><trkpt lat="41.533300762" lon="-8.095171759" /><trkpt lat="41.533308215" lon="-8.095189126" /><trkpt lat="41.533315535" lon="-8.095206103" /><trkpt lat="41.533322710" lon="-8.095222665" /><trkpt lat="41.533329733" lon="-8.095238789" /><trkpt lat="41.533336594" lon="-8.095254453" /><trkpt lat="41.533343283" lon="-8.095269631" /><trkpt lat="41.533349792" lon="-8.095284302" /><trkpt lat="41.533356110" lon="-8.095298441" /><trkpt lat="41.533362230" lon="-8.095312025" /><trkpt lat="41.533368140" lon="-8.095325031" /><trkpt lat="41.533373833" lon="-8.095337434" /><trkpt lat="41.533379299" lon="-8.095349213" /><trkpt lat="41.533384529" lon="-8.095360343" /><trkpt lat="41.533389513" lon="-8.095370800" /><trkpt lat="41.533394241" lon="-8.095380562" /><trkpt lat="41.533398706" lon="-8.095389605" /><trkpt lat="41.533404498" lon="-8.095400915" /><trkpt lat="41.533410780" lon="-8.095412623" /><trkpt lat="41.533417538" lon="-8.095424709" /><trkpt lat="41.533424755" lon="-8.095437152" /><trkpt lat="41.533432415" lon="-8.095449933" /><trkpt lat="41.533440504" lon="-8.095463030" /><trkpt lat="41.533449006" lon="-8.095476424" /><trkpt lat="41.533457906" lon="-8.095490093" /><trkpt lat="41.533467187" lon="-8.095504018" /><trkpt lat="41.533476834" lon="-8.095518179" /><trkpt lat="41.533486832" lon="-8.095532555" /><trkpt lat="41.533497166" lon="-8.095547125" /><trkpt lat="41.533507819" lon="-8.095561869" /><trkpt lat="41.533518777" lon="-8.095576768" /><trkpt lat="41.533530023" lon="-8.095591800" /><trkpt lat="41.533541543" lon="-8.095606946" /><trkpt lat="41.533553320" lon="-8.095622184" /><trkpt lat="41.533565339" lon="-8.095637495" /><trkpt lat="41.533577585" lon="-8.095652859" /><trkpt lat="41.533590043" lon="-8.095668254" /><trkpt lat="41.533602696" lon="-8.095683661" /><trkpt lat="41.533615529" lon="-8.095699059" /><trkpt lat="41.533628526" lon="-8.095714428" /><trkpt lat="41.533641673" lon="-8.095729747" /><trkpt lat="41.533654953" lon="-8.095744997" /><trkpt lat="41.533668352" lon="-8.095760157" /><trkpt lat="41.533681852" lon="-8.095775206" /><trkpt lat="41.533695440" lon="-8.095790125" /><trkpt lat="41.533709100" lon="-8.095804892" /><trkpt lat="41.533722815" lon="-8.095819488" /><trkpt lat="41.533736571" lon="-8.095833892" /><trkpt lat="41.533750352" lon="-8.095848083" /><trkpt lat="41.533764142" lon="-8.095862043" /><trkpt lat="41.533777926" lon="-8.095875749" /><trkpt lat="41.533791689" lon="-8.095889182" /><trkpt lat="41.533805415" lon="-8.095902322" /><trkpt lat="41.533819087" lon="-8.095915148" /><trkpt lat="41.533832692" lon="-8.095927639" /><trkpt lat="41.533846213" lon="-8.095939776" /><trkpt lat="41.533859635" lon="-8.095951538" /><trkpt lat="41.533872942" lon="-8.095962905" /><trkpt lat="41.533886120" lon="-8.095973856" /><trkpt lat="41.533899151" lon="-8.095984371" /><trkpt lat="41.533912021" lon="-8.095994430" /><trkpt lat="41.533924714" lon="-8.096004013" /><trkpt lat="41.533937215" lon="-8.096013098" /><trkpt lat="41.533949509" lon="-8.096021666" /><trkpt lat="41.533961579" lon="-8.096029697" /><trkpt lat="41.533973410" lon="-8.096037169" /><trkpt lat="41.533984987" lon="-8.096044064" /><trkpt lat="41.533994272" lon="-8.096049436" /><trkpt lat="41.534004231" lon="-8.096055234" /><trkpt lat="41.534014840" lon="-8.096061444" /><trkpt lat="41.534026075" lon="-8.096068052" /><trkpt lat="41.534037912" lon="-8.096075042" /><trkpt lat="41.534050329" lon="-8.096082401" /><trkpt lat="41.534063301" lon="-8.096090115" /><trkpt lat="41.534076804" lon="-8.096098169" /><trkpt lat="41.534090816" lon="-8.096106549" /><trkpt lat="41.534105312" lon="-8.096115241" /><trkpt lat="41.534120268" lon="-8.096124231" /><trkpt lat="41.534135662" lon="-8.096133504" /><trkpt lat="41.534151470" lon="-8.096143046" /><trkpt lat="41.534167668" lon="-8.096152843" /><trkpt lat="41.534184232" lon="-8.096162881" /><trkpt lat="41.534201138" lon="-8.096173145" /><trkpt lat="41.534218364" lon="-8.096183621" /><trkpt lat="41.534235885" lon="-8.096194295" /><trkpt lat="41.534253678" lon="-8.096205153" /><trkpt lat="41.534271720" lon="-8.096216181" /><trkpt lat="41.534289986" lon="-8.096227363" /><trkpt lat="41.534308452" lon="-8.096238687" /><trkpt lat="41.534327097" lon="-8.096250137" /><trkpt lat="41.534345895" lon="-8.096261700" /><trkpt lat="41.534364823" lon="-8.096273361" /><trkpt lat="41.534383858" lon="-8.096285105" /><trkpt lat="41.534402976" lon="-8.096296920" /><trkpt lat="41.534422153" lon="-8.096308790" /><trkpt lat="41.534441365" lon="-8.096320702" /><trkpt lat="41.534460590" lon="-8.096332640" /><trkpt lat="41.534479803" lon="-8.096344591" /><trkpt lat="41.534498981" lon="-8.096356541" /><trkpt lat="41.534518100" lon="-8.096368475" /><trkpt lat="41.534537136" lon="-8.096380379" /><trkpt lat="41.534556067" lon="-8.096392239" /><trkpt lat="41.534574868" lon="-8.096404040" /><trkpt lat="41.534593515" lon="-8.096415769" /><trkpt lat="41.534611986" lon="-8.096427411" /><trkpt lat="41.534630256" lon="-8.096438951" /><trkpt lat="41.534648302" lon="-8.096450376" /><trkpt lat="41.534666100" lon="-8.096461672" /><trkpt lat="41.534683627" lon="-8.096472823" /><trkpt lat="41.534700858" lon="-8.096483817" /><trkpt lat="41.534717771" lon="-8.096494638" /><trkpt lat="41.534734342" lon="-8.096505272" /><trkpt lat="41.534750547" lon="-8.096515706" /><trkpt lat="41.534766362" lon="-8.096525925" /><trkpt lat="41.534781765" lon="-8.096535914" /><trkpt lat="41.534796730" lon="-8.096545659" /><trkpt lat="41.534811235" lon="-8.096555147" /><trkpt lat="41.534825256" lon="-8.096564362" /><trkpt lat="41.534838770" lon="-8.096573292" /><trkpt lat="41.534851752" lon="-8.096581920" /><trkpt lat="41.534864179" lon="-8.096590234" /><trkpt lat="41.534876028" lon="-8.096598219" /><trkpt lat="41.534887275" lon="-8.096605861" /><trkpt lat="41.534897896" lon="-8.096613145" /><trkpt lat="41.534907868" lon="-8.096620057" /><trkpt lat="41.534917167" lon="-8.096626583" /><trkpt lat="41.534925769" lon="-8.096632709" /><trkpt lat="41.534933651" lon="-8.096638420" /><trkpt lat="41.534940789" lon="-8.096643703" /><trkpt lat="41.534947160" lon="-8.096648543" /><trkpt lat="41.534952740" lon="-8.096652925" /><trkpt lat="41.534958017" lon="-8.096657080" /><trkpt lat="41.534963949" lon="-8.096661613" /><trkpt lat="41.534970518" lon="-8.096666512" /><trkpt lat="41.534977710" lon="-8.096671769" /><trkpt lat="41.534985507" lon="-8.096677374" /><trkpt lat="41.534993893" lon="-8.096683316" /><trkpt lat="41.535002852" lon="-8.096689585" /><trkpt lat="41.535012366" lon="-8.096696172" /><trkpt lat="41.535022421" lon="-8.096703066" /><trkpt lat="41.535032999" lon="-8.096710258" /><trkpt lat="41.535044084" lon="-8.096717738" /><trkpt lat="41.535055660" lon="-8.096725495" /><trkpt lat="41.535067710" lon="-8.096733520" /><trkpt lat="41.535080218" lon="-8.096741803" /><trkpt lat="41.535093168" lon="-8.096750334" /><trkpt lat="41.535106543" lon="-8.096759103" /><trkpt lat="41.535120326" lon="-8.096768099" /><trkpt lat="41.535134502" lon="-8.096777314" /><trkpt lat="41.535149054" lon="-8.096786736" /><trkpt lat="41.535163966" lon="-8.096796357" /><trkpt lat="41.535179221" lon="-8.096806166" /><trkpt lat="41.535194802" lon="-8.096816153" /><trkpt lat="41.535210695" lon="-8.096826308" /><trkpt lat="41.535226881" lon="-8.096836622" /><trkpt lat="41.535243345" lon="-8.096847084" /><trkpt lat="41.535260070" lon="-8.096857684" /><trkpt lat="41.535277041" lon="-8.096868413" /><trkpt lat="41.535294240" lon="-8.096879260" /><trkpt lat="41.535311651" lon="-8.096890216" /><trkpt lat="41.535329258" lon="-8.096901270" /><trkpt lat="41.535347044" lon="-8.096912413" /><trkpt lat="41.535364994" lon="-8.096923634" /><trkpt lat="41.535383090" lon="-8.096934924" /><trkpt lat="41.535401316" lon="-8.096946273" /><trkpt lat="41.535419657" lon="-8.096957671" /><trkpt lat="41.535438095" lon="-8.096969107" /><trkpt lat="41.535456614" lon="-8.096980573" /><trkpt lat="41.535475198" lon="-8.096992057" /><trkpt lat="41.535493830" lon="-8.097003551" /><trkpt lat="41.535512494" lon="-8.097015043" /><trkpt lat="41.535531174" lon="-8.097026525" /><trkpt lat="41.535549853" lon="-8.097037985" /><trkpt lat="41.535568515" lon="-8.097049415" /><trkpt lat="41.535587143" lon="-8.097060804" /><trkpt lat="41.535605721" lon="-8.097072143" /><trkpt lat="41.535624234" lon="-8.097083420" /><trkpt lat="41.535642663" lon="-8.097094627" /><trkpt lat="41.535660994" lon="-8.097105754" /><trkpt lat="41.535679209" lon="-8.097116790" /><trkpt lat="41.535697292" lon="-8.097127725" /><trkpt lat="41.535715227" lon="-8.097138550" /><trkpt lat="41.535732997" lon="-8.097149255" /><trkpt lat="41.535750587" lon="-8.097159829" /><trkpt lat="41.535767979" lon="-8.097170263" /><trkpt lat="41.535785157" lon="-8.097180546" /><trkpt lat="41.535802105" lon="-8.097190670" /><trkpt lat="41.535818807" lon="-8.097200623" /><trkpt lat="41.535835246" lon="-8.097210397" /><trkpt lat="41.535851406" lon="-8.097219980" /><trkpt lat="41.535867270" lon="-8.097229363" /><trkpt lat="41.535882822" lon="-8.097238536" /><trkpt lat="41.535898045" lon="-8.097247489" /><trkpt lat="41.535912924" lon="-8.097256213" /><trkpt lat="41.535927442" lon="-8.097264696" /><trkpt lat="41.535941582" lon="-8.097272930" /><trkpt lat="41.535955328" lon="-8.097280904" /><trkpt lat="41.535968664" lon="-8.097288609" /><trkpt lat="41.535987022" lon="-8.097299066" /><trkpt lat="41.536005448" lon="-8.097309317" /><trkpt lat="41.536023933" lon="-8.097319366" /><trkpt lat="41.536042466" lon="-8.097329217" /><trkpt lat="41.536061036" lon="-8.097338874" /><trkpt lat="41.536079635" lon="-8.097348340" /><trkpt lat="41.536098251" lon="-8.097357619" /><trkpt lat="41.536116874" lon="-8.097366715" /><trkpt lat="41.536135495" lon="-8.097375632" /><trkpt lat="41.536154103" lon="-8.097384374" /><trkpt lat="41.536172688" lon="-8.097392943" /><trkpt lat="41.536191240" lon="-8.097401345" /><trkpt lat="41.536209749" lon="-8.097409583" /><trkpt lat="41.536228205" lon="-8.097417660" /><trkpt lat="41.536246598" lon="-8.097425581" /><trkpt lat="41.536264916" lon="-8.097433348" /><trkpt lat="41.536283152" lon="-8.097440967" /><trkpt lat="41.536301293" lon="-8.097448441" /><trkpt lat="41.536319330" lon="-8.097455773" /><trkpt lat="41.536337254" lon="-8.097462968" /><trkpt lat="41.536355053" lon="-8.097470028" /><trkpt lat="41.536372718" lon="-8.097476959" /><trkpt lat="41.536390239" lon="-8.097483763" /><trkpt lat="41.536407604" lon="-8.097490445" /><trkpt lat="41.536424806" lon="-8.097497008" /><trkpt lat="41.536441832" lon="-8.097503456" /><trkpt lat="41.536458673" lon="-8.097509793" /><trkpt lat="41.536475320" lon="-8.097516022" /><trkpt lat="41.536491761" lon="-8.097522148" /><trkpt lat="41.536507987" lon="-8.097528174" /><trkpt lat="41.536523987" lon="-8.097534104" /><trkpt lat="41.536539752" lon="-8.097539941" /><trkpt lat="41.536555271" lon="-8.097545691" /><trkpt lat="41.536570534" lon="-8.097551355" /><trkpt lat="41.536585531" lon="-8.097556939" /><trkpt lat="41.536600252" lon="-8.097562445" /><trkpt lat="41.536614686" lon="-8.097567878" /><trkpt lat="41.536628825" lon="-8.097573242" /><trkpt lat="41.536642656" lon="-8.097578540" /><trkpt lat="41.536656171" lon="-8.097583776" /><trkpt lat="41.536669360" lon="-8.097588953" /><trkpt lat="41.536682211" lon="-8.097594077" /><trkpt lat="41.536694716" lon="-8.097599149" /><trkpt lat="41.536706863" lon="-8.097604175" /><trkpt lat="41.536718643" lon="-8.097609157" /><trkpt lat="41.536730045" lon="-8.097614101" /><trkpt lat="41.536741060" lon="-8.097619009" /><trkpt lat="41.536751678" lon="-8.097623885" /><trkpt lat="41.536763109" lon="-8.097629149" /><trkpt lat="41.536775168" lon="-8.097634565" /><trkpt lat="41.536787824" lon="-8.097640128" /><trkpt lat="41.536801051" lon="-8.097645831" /><trkpt lat="41.536814820" lon="-8.097651667" /><trkpt lat="41.536829103" lon="-8.097657630" /><trkpt lat="41.536843873" lon="-8.097663715" /><trkpt lat="41.536859100" lon="-8.097669913" /><trkpt lat="41.536874758" lon="-8.097676220" /><trkpt lat="41.536890818" lon="-8.097682628" /><trkpt lat="41.536907252" lon="-8.097689132" /><trkpt lat="41.536924033" lon="-8.097695725" /><trkpt lat="41.536941131" lon="-8.097702400" /><trkpt lat="41.536958519" lon="-8.097709152" /><trkpt lat="41.536976169" lon="-8.097715974" /><trkpt lat="41.536994053" lon="-8.097722859" /><trkpt lat="41.537012144" lon="-8.097729802" /><trkpt lat="41.537030412" lon="-8.097736795" /><trkpt lat="41.537048830" lon="-8.097743833" /><trkpt lat="41.537067370" lon="-8.097750909" /><trkpt lat="41.537086003" lon="-8.097758017" /><trkpt lat="41.537104703" lon="-8.097765150" /><trkpt lat="41.537123440" lon="-8.097772302" /><trkpt lat="41.537142188" lon="-8.097779467" /><trkpt lat="41.537160917" lon="-8.097786638" /><trkpt lat="41.537179599" lon="-8.097793810" /><trkpt lat="41.537198208" lon="-8.097800975" /><trkpt lat="41.537216714" lon="-8.097808127" /><trkpt lat="41.537235089" lon="-8.097815260" /><trkpt lat="41.537253307" lon="-8.097822368" /><trkpt lat="41.537271338" lon="-8.097829444" /><trkpt lat="41.537289154" lon="-8.097836482" /><trkpt lat="41.537306728" lon="-8.097843475" /><trkpt lat="41.537324032" lon="-8.097850418" /><trkpt lat="41.537341037" lon="-8.097857303" /><trkpt lat="41.537357715" lon="-8.097864125" /><trkpt lat="41.537374039" lon="-8.097870877" /><trkpt lat="41.537389981" lon="-8.097877552" /><trkpt lat="41.537405512" lon="-8.097884145" /><trkpt lat="41.537420604" lon="-8.097890649" /><trkpt lat="41.537435230" lon="-8.097897057" /><trkpt lat="41.537449360" lon="-8.097903364" /><trkpt lat="41.537462969" lon="-8.097909562" /><trkpt lat="41.537476026" lon="-8.097915647" /><trkpt lat="41.537488505" lon="-8.097921610" /><trkpt lat="41.537503611" lon="-8.097929164" /><trkpt lat="41.537518484" lon="-8.097937068" /><trkpt lat="41.537533134" lon="-8.097945310" /><trkpt lat="41.537547571" lon="-8.097953881" /><trkpt lat="41.537561803" lon="-8.097962769" /><trkpt lat="41.537575840" lon="-8.097971963" /><trkpt lat="41.537589690" lon="-8.097981454" /><trkpt lat="41.537603365" lon="-8.097991230" /><trkpt lat="41.537616872" lon="-8.098001280" /><trkpt lat="41.537630221" lon="-8.098011594" /><trkpt lat="41.537643421" lon="-8.098022161" /><trkpt lat="41.537656482" lon="-8.098032971" /><trkpt lat="41.537669412" lon="-8.098044013" /><trkpt lat="41.537682222" lon="-8.098055276" /><trkpt lat="41.537694921" lon="-8.098066749" /><trkpt lat="41.537707517" lon="-8.098078422" /><trkpt lat="41.537720020" lon="-8.098090283" /><trkpt lat="41.537732439" lon="-8.098102324" /><trkpt lat="41.537744784" lon="-8.098114532" /><trkpt lat="41.537757064" lon="-8.098126896" /><trkpt lat="41.537769288" lon="-8.098139407" /><trkpt lat="41.537781466" lon="-8.098152054" /><trkpt lat="41.537793607" lon="-8.098164826" /><trkpt lat="41.537805720" lon="-8.098177711" /><trkpt lat="41.537817814" lon="-8.098190700" /><trkpt lat="41.537829898" lon="-8.098203782" /><trkpt lat="41.537841983" lon="-8.098216946" /><trkpt lat="41.537854077" lon="-8.098230182" /><trkpt lat="41.537866190" lon="-8.098243478" /><trkpt lat="41.537878331" lon="-8.098256824" /><trkpt lat="41.537890508" lon="-8.098270209" /><trkpt lat="41.537902733" lon="-8.098283623" /><trkpt lat="41.537915013" lon="-8.098297056" /><trkpt lat="41.537927358" lon="-8.098310495" /><trkpt lat="41.537939777" lon="-8.098323931" /><trkpt lat="41.537952280" lon="-8.098337352" /><trkpt lat="41.537960482" lon="-8.098346386" /><trkpt lat="41.537968661" lon="-8.098355921" /><trkpt lat="41.537976819" lon="-8.098365944" /><trkpt lat="41.537984957" lon="-8.098376438" /><trkpt lat="41.537993076" lon="-8.098387391" /><trkpt lat="41.538001179" lon="-8.098398788" /><trkpt lat="41.538009266" lon="-8.098410613" /><trkpt lat="41.538017339" lon="-8.098422853" /><trkpt lat="41.538025399" lon="-8.098435493" /><trkpt lat="41.538033447" lon="-8.098448518" /><trkpt lat="41.538041485" lon="-8.098461914" /><trkpt lat="41.538049515" lon="-8.098475667" /><trkpt lat="41.538057537" lon="-8.098489761" /><trkpt lat="41.538065553" lon="-8.098504183" /><trkpt lat="41.538073564" lon="-8.098518918" /><trkpt lat="41.538081573" lon="-8.098533952" /><trkpt lat="41.538089579" lon="-8.098549269" /><trkpt lat="41.538097585" lon="-8.098564856" /><trkpt lat="41.538105591" lon="-8.098580697" /><trkpt lat="41.538113600" lon="-8.098596779" /><trkpt lat="41.538121613" lon="-8.098613087" /><trkpt lat="41.538129630" lon="-8.098629606" /><trkpt lat="41.538137654" lon="-8.098646322" /><trkpt lat="41.538145686" lon="-8.098663220" /><trkpt lat="41.538153726" lon="-8.098680286" /><trkpt lat="41.538161778" lon="-8.098697506" /><trkpt lat="41.538169841" lon="-8.098714864" /><trkpt lat="41.538177917" lon="-8.098732346" /><trkpt lat="41.538186008" lon="-8.098749939" /><trkpt lat="41.538194115" lon="-8.098767626" /><trkpt lat="41.538202240" lon="-8.098785395" /><trkpt lat="41.538210383" lon="-8.098803229" /><trkpt lat="41.538218546" lon="-8.098821115" /><trkpt lat="41.538226731" lon="-8.098839039" /><trkpt lat="41.538234938" lon="-8.098856985" /><trkpt lat="41.538243170" lon="-8.098874940" /><trkpt lat="41.538251428" lon="-8.098892888" /><trkpt lat="41.538259712" lon="-8.098910816" /><trkpt lat="41.538268025" lon="-8.098928708" /><trkpt lat="41.538276368" lon="-8.098946550" /><trkpt lat="41.538284742" lon="-8.098964328" /><trkpt lat="41.538293148" lon="-8.098982027" /><trkpt lat="41.538301588" lon="-8.098999633" /><trkpt lat="41.538310063" lon="-8.099017131" /><trkpt lat="41.538318575" lon="-8.099034507" /><trkpt lat="41.538327126" lon="-8.099051746" /><trkpt lat="41.538335715" lon="-8.099068833" /><trkpt lat="41.538344345" lon="-8.099085755" /><trkpt lat="41.538353018" lon="-8.099102496" /><trkpt lat="41.538361734" lon="-8.099119042" /><trkpt lat="41.538370494" lon="-8.099135379" /><trkpt lat="41.538379301" lon="-8.099151492" /><trkpt lat="41.538388156" lon="-8.099167366" /><trkpt lat="41.538397060" lon="-8.099182987" /><trkpt lat="41.538406014" lon="-8.099198341" /><trkpt lat="41.538413337" lon="-8.099210824" /><trkpt lat="41.538420780" lon="-8.099223650" /><trkpt lat="41.538428336" lon="-8.099236808" /><trkpt lat="41.538436004" lon="-8.099250289" /><trkpt lat="41.538443779" lon="-8.099264079" /><trkpt lat="41.538451657" lon="-8.099278169" /><trkpt lat="41.538459634" lon="-8.099292547" /><trkpt lat="41.538467706" lon="-8.099307202" /><trkpt lat="41.538475870" lon="-8.099322123" /><trkpt lat="41.538484121" lon="-8.099337298" /><trkpt lat="41.538492456" lon="-8.099352716" /><trkpt lat="41.538500871" lon="-8.099368367" /><trkpt lat="41.538509362" lon="-8.099384239" /><trkpt lat="41.538517926" lon="-8.099400321" /><trkpt lat="41.538526557" lon="-8.099416602" /><trkpt lat="41.538535253" lon="-8.099433070" /><trkpt lat="41.538544009" lon="-8.099449715" /><trkpt lat="41.538552822" lon="-8.099466525" /><trkpt lat="41.538561688" lon="-8.099483489" /><trkpt lat="41.538570603" lon="-8.099500596" /><trkpt lat="41.538579563" lon="-8.099517835" /><trkpt lat="41.538588564" lon="-8.099535195" /><trkpt lat="41.538597602" lon="-8.099552664" /><trkpt lat="41.538606674" lon="-8.099570232" /><trkpt lat="41.538615775" lon="-8.099587887" /><trkpt lat="41.538624902" lon="-8.099605618" /><trkpt lat="41.538634051" lon="-8.099623414" /><trkpt lat="41.538643218" lon="-8.099641263" /><trkpt lat="41.538652399" lon="-8.099659156" /><trkpt lat="41.538661590" lon="-8.099677079" /><trkpt lat="41.538670787" lon="-8.099695023" /><trkpt lat="41.538679987" lon="-8.099712976" /><trkpt lat="41.538689186" lon="-8.099730927" /><trkpt lat="41.538698379" lon="-8.099748865" /><trkpt lat="41.538707563" lon="-8.099766778" /><trkpt lat="41.538716735" lon="-8.099784656" /><trkpt lat="41.538725889" lon="-8.099802487" /><trkpt lat="41.538735023" lon="-8.099820261" /><trkpt lat="41.538744132" lon="-8.099837965" /><trkpt lat="41.538753212" lon="-8.099855589" /><trkpt lat="41.538762261" lon="-8.099873122" /><trkpt lat="41.538771273" lon="-8.099890552" /><trkpt lat="41.538780245" lon="-8.099907869" /><trkpt lat="41.538789173" lon="-8.099925061" /><trkpt lat="41.538798053" lon="-8.099942117" /><trkpt lat="41.538806882" lon="-8.099959026" /><trkpt lat="41.538815655" lon="-8.099975777" /><trkpt lat="41.538824368" lon="-8.099992358" /><trkpt lat="41.538833018" lon="-8.100008759" /><trkpt lat="41.538841602" lon="-8.100024968" /><trkpt lat="41.538850114" lon="-8.100040974" /><trkpt lat="41.538858551" lon="-8.100056766" /><trkpt lat="41.538866909" lon="-8.100072333" /><trkpt lat="41.538875185" lon="-8.100087664" /><trkpt lat="41.538883375" lon="-8.100102747" /><trkpt lat="41.538891473" lon="-8.100117571" /><trkpt lat="41.538899478" lon="-8.100132125" /><trkpt lat="41.538907385" lon="-8.100146399" /><trkpt lat="41.538915189" lon="-8.100160380" /><trkpt lat="41.538922888" lon="-8.100174058" /><trkpt lat="41.538930477" lon="-8.100187422" /><trkpt lat="41.538937953" lon="-8.100200460" /><trkpt lat="41.538945311" lon="-8.100213161" /><trkpt lat="41.538952547" lon="-8.100225514" /><trkpt lat="41.538959659" lon="-8.100237509" /><trkpt lat="41.538966641" lon="-8.100249133" /><trkpt lat="41.538973491" lon="-8.100260375" /><trkpt lat="41.538980203" lon="-8.100271225" /><trkpt lat="41.538992562" lon="-8.100291127" /><trkpt lat="41.539004552" lon="-8.100310609" /><trkpt lat="41.539016185" lon="-8.100329686" /><trkpt lat="41.539027472" lon="-8.100348373" /><trkpt lat="41.539038426" lon="-8.100366684" /><trkpt lat="41.539049058" lon="-8.100384635" /><trkpt lat="41.539059380" lon="-8.100402241" /><trkpt lat="41.539069404" lon="-8.100419515" /><trkpt lat="41.539079142" lon="-8.100436474" /><trkpt lat="41.539088606" lon="-8.100453132" /><trkpt lat="41.539097808" lon="-8.100469503" /><trkpt lat="41.539106759" lon="-8.100485603" /><trkpt lat="41.539115472" lon="-8.100501446" /><trkpt lat="41.539123958" lon="-8.100517048" /><trkpt lat="41.539132229" lon="-8.100532422" /><trkpt lat="41.539140297" lon="-8.100547584" /><trkpt lat="41.539148174" lon="-8.100562550" /><trkpt lat="41.539155872" lon="-8.100577332" /><trkpt lat="41.539163403" lon="-8.100591947" /><trkpt lat="41.539170778" lon="-8.100606409" /><trkpt lat="41.539178010" lon="-8.100620733" /><trkpt lat="41.539185109" lon="-8.100634934" /><trkpt lat="41.539192090" lon="-8.100649027" /><trkpt lat="41.539198962" lon="-8.100663026" /><trkpt lat="41.539205738" lon="-8.100676947" /><trkpt lat="41.539212430" lon="-8.100690804" /><trkpt lat="41.539219050" lon="-8.100704611" /><trkpt lat="41.539225609" lon="-8.100718385" /><trkpt lat="41.539232120" lon="-8.100732139" /><trkpt lat="41.539238594" lon="-8.100745889" /><trkpt lat="41.539245044" lon="-8.100759649" /><trkpt lat="41.539251480" lon="-8.100773435" /><trkpt lat="41.539257915" lon="-8.100787260" /><trkpt lat="41.539264362" lon="-8.100801140" /><trkpt lat="41.539270831" lon="-8.100815090" /><trkpt lat="41.539277334" lon="-8.100829124" /><trkpt lat="41.539284949" lon="-8.100845541" /><trkpt lat="41.539292642" lon="-8.100862069" /><trkpt lat="41.539300413" lon="-8.100878689" /><trkpt lat="41.539308266" lon="-8.100895377" /><trkpt lat="41.539316202" lon="-8.100912113" /><trkpt lat="41.539324224" lon="-8.100928875" /><trkpt lat="41.539332333" lon="-8.100945641" /><trkpt lat="41.539340531" lon="-8.100962390" /><trkpt lat="41.539348821" lon="-8.100979100" /><trkpt lat="41.539357204" lon="-8.100995750" /><trkpt lat="41.539365682" lon="-8.101012317" /><trkpt lat="41.539374258" lon="-8.101028781" /><trkpt lat="41.539382933" lon="-8.101045119" /><trkpt lat="41.539391710" lon="-8.101061311" /><trkpt lat="41.539400590" lon="-8.101077334" /><trkpt lat="41.539409576" lon="-8.101093167" /><trkpt lat="41.539418670" lon="-8.101108788" /><trkpt lat="41.539427873" lon="-8.101124175" /><trkpt lat="41.539437187" lon="-8.101139308" /><trkpt lat="41.539446615" lon="-8.101154164" /><trkpt lat="41.539456159" lon="-8.101168722" /><trkpt lat="41.539465821" lon="-8.101182960" /><trkpt lat="41.539475602" lon="-8.101196857" /><trkpt lat="41.539485505" lon="-8.101210390" /><trkpt lat="41.539495531" lon="-8.101223540" /><trkpt lat="41.539505684" lon="-8.101236282" /><trkpt lat="41.539515964" lon="-8.101248597" /><trkpt lat="41.539526374" lon="-8.101260463" /><trkpt lat="41.539536916" lon="-8.101271857" /><trkpt lat="41.539547591" lon="-8.101282759" /><trkpt lat="41.539558403" lon="-8.101293147" /><trkpt lat="41.539566930" lon="-8.101300985" /><trkpt lat="41.539576042" lon="-8.101309181" /><trkpt lat="41.539585717" lon="-8.101317721" /><trkpt lat="41.539595929" lon="-8.101326588" /><trkpt lat="41.539606657" lon="-8.101335768" /><trkpt lat="41.539617875" lon="-8.101345246" /><trkpt lat="41.539629561" lon="-8.101355005" /><trkpt lat="41.539641691" lon="-8.101365032" /><trkpt lat="41.539654242" lon="-8.101375311" /><trkpt lat="41.539667189" lon="-8.101385827" /><trkpt lat="41.539680509" lon="-8.101396564" /><trkpt lat="41.539694179" lon="-8.101407507" /><trkpt lat="41.539708174" lon="-8.101418642" /><trkpt lat="41.539722472" lon="-8.101429953" /><trkpt lat="41.539737049" lon="-8.101441425" /><trkpt lat="41.539751881" lon="-8.101453043" /><trkpt lat="41.539766945" lon="-8.101464791" /><trkpt lat="41.539782216" lon="-8.101476654" /><trkpt lat="41.539797672" lon="-8.101488618" /><trkpt lat="41.539813289" lon="-8.101500666" /><trkpt lat="41.539829043" lon="-8.101512784" /><trkpt lat="41.539844910" lon="-8.101524957" /><trkpt lat="41.539860868" lon="-8.101537170" /><trkpt lat="41.539876892" lon="-8.101549407" /><trkpt lat="41.539892959" lon="-8.101561653" /><trkpt lat="41.539909045" lon="-8.101573892" /><trkpt lat="41.539925126" lon="-8.101586111" /><trkpt lat="41.539941180" lon="-8.101598293" /><trkpt lat="41.539957182" lon="-8.101610424" /><trkpt lat="41.539973109" lon="-8.101622487" /><trkpt lat="41.539988937" lon="-8.101634469" /><trkpt lat="41.540004643" lon="-8.101646354" /><trkpt lat="41.540020203" lon="-8.101658126" /><trkpt lat="41.540035593" lon="-8.101669771" /><trkpt lat="41.540050791" lon="-8.101681273" /><trkpt lat="41.540065771" lon="-8.101692617" /><trkpt lat="41.540080511" lon="-8.101703789" /><trkpt lat="41.540094988" lon="-8.101714772" /><trkpt lat="41.540109176" lon="-8.101725551" /><trkpt lat="41.540123054" lon="-8.101736113" /><trkpt lat="41.540136597" lon="-8.101746440" /><trkpt lat="41.540144704" lon="-8.101752630" /><trkpt lat="41.540153356" lon="-8.101759239" /><trkpt lat="41.540162535" lon="-8.101766252" /><trkpt lat="41.540172225" lon="-8.101773658" /><trkpt lat="41.540182411" lon="-8.101781444" /><trkpt lat="41.540193076" lon="-8.101789597" /><trkpt lat="41.540204203" lon="-8.101798105" /><trkpt lat="41.540215777" lon="-8.101806955" /><trkpt lat="41.540227780" lon="-8.101816135" /><trkpt lat="41.540240197" lon="-8.101825632" /><trkpt lat="41.540253010" lon="-8.101835433" /><trkpt lat="41.540266205" lon="-8.101845526" /><trkpt lat="41.540279765" lon="-8.101855899" /><trkpt lat="41.540293672" lon="-8.101866539" /><trkpt lat="41.540307911" lon="-8.101877432" /><trkpt lat="41.540322466" lon="-8.101888568" /><trkpt lat="41.540337320" lon="-8.101899932" /><trkpt lat="41.540352457" lon="-8.101911513" /><trkpt lat="41.540367861" lon="-8.101923298" /><trkpt lat="41.540383515" lon="-8.101935274" /><trkpt lat="41.540399402" lon="-8.101947429" /><trkpt lat="41.540415507" lon="-8.101959750" /><trkpt lat="41.540431814" lon="-8.101972224" /><trkpt lat="41.540448305" lon="-8.101984840" /><trkpt lat="41.540464965" lon="-8.101997584" /><trkpt lat="41.540481777" lon="-8.102010444" /><trkpt lat="41.540498725" lon="-8.102023408" /><trkpt lat="41.540515793" lon="-8.102036462" /><trkpt lat="41.540532963" lon="-8.102049594" /><trkpt lat="41.540550221" lon="-8.102062792" /><trkpt lat="41.540567549" lon="-8.102076043" /><trkpt lat="41.540584932" lon="-8.102089334" /><trkpt lat="41.540602353" lon="-8.102102654" /><trkpt lat="41.540619795" lon="-8.102115988" /><trkpt lat="41.540637242" lon="-8.102129325" /><trkpt lat="41.540654678" lon="-8.102142653" /><trkpt lat="41.540672087" lon="-8.102155958" /><trkpt lat="41.540689452" lon="-8.102169228" /><trkpt lat="41.540706758" lon="-8.102182450" /><trkpt lat="41.540723986" lon="-8.102195612" /><trkpt lat="41.540741122" lon="-8.102208702" /><trkpt lat="41.540758149" lon="-8.102221706" /><trkpt lat="41.540775051" lon="-8.102234612" /><trkpt lat="41.540791811" lon="-8.102247408" /><trkpt lat="41.540808413" lon="-8.102260081" /><trkpt lat="41.540824840" lon="-8.102272618" /><trkpt lat="41.540841077" lon="-8.102285007" /><trkpt lat="41.540857107" lon="-8.102297236" /><trkpt lat="41.540872913" lon="-8.102309291" /><trkpt lat="41.540888480" lon="-8.102321160" /><trkpt lat="41.540903791" lon="-8.102332831" /><trkpt lat="41.540918829" lon="-8.102344290" /><trkpt lat="41.540933579" lon="-8.102355526" /><trkpt lat="41.540948024" lon="-8.102366526" /><trkpt lat="41.540962147" lon="-8.102377277" /><trkpt lat="41.540975933" lon="-8.102387767" /><trkpt lat="41.540989365" lon="-8.102397983" /><trkpt lat="41.541002426" lon="-8.102407912" /><trkpt lat="41.541015101" lon="-8.102417542" /><trkpt lat="41.541027373" lon="-8.102426861" /><trkpt lat="41.541039225" lon="-8.102435855" /><trkpt lat="41.541050642" lon="-8.102444513" /><trkpt lat="41.541061607" lon="-8.102452821" /><trkpt lat="41.541072103" lon="-8.102460767" /><trkpt lat="41.541082115" lon="-8.102468339" /><trkpt lat="41.541091626" lon="-8.102475524" /><trkpt lat="41.541100620" lon="-8.102482309" /><trkpt lat="41.541109080" lon="-8.102488682" /><trkpt lat="41.541116990" lon="-8.102494630" /><trkpt lat="41.541124334" lon="-8.102500141" /><trkpt lat="41.541140243" lon="-8.102512757" /><trkpt lat="41.541155057" lon="-8.102525895" /><trkpt lat="41.541168792" lon="-8.102539507" /><trkpt lat="41.541181462" lon="-8.102553543" /><trkpt lat="41.541193084" lon="-8.102567953" /><trkpt lat="41.541203673" lon="-8.102582688" /><trkpt lat="41.541213245" lon="-8.102597699" /><trkpt lat="41.541221816" lon="-8.102612935" /><trkpt lat="41.541229400" lon="-8.102628348" /><trkpt lat="41.541236015" lon="-8.102643887" /><trkpt lat="41.541241674" lon="-8.102659504" /><trkpt lat="41.541246395" lon="-8.102675149" /><trkpt lat="41.541250192" lon="-8.102690773" /><trkpt lat="41.541253081" lon="-8.102706326" /><trkpt lat="41.541255077" lon="-8.102721758" /><trkpt lat="41.541256198" lon="-8.102737021" /><trkpt lat="41.541256457" lon="-8.102752064" /><trkpt lat="41.541255870" lon="-8.102766838" /><trkpt lat="41.541254454" lon="-8.102781294" /><trkpt lat="41.541252224" lon="-8.102795382" /><trkpt lat="41.541249195" lon="-8.102809053" /><trkpt lat="41.541245383" lon="-8.102822258" /><trkpt lat="41.541240804" lon="-8.102834946" /><trkpt lat="41.541235473" lon="-8.102847068" /><trkpt lat="41.541229406" lon="-8.102858576" /><trkpt lat="41.541222619" lon="-8.102869418" /><trkpt lat="41.541215126" lon="-8.102879547" /><trkpt lat="41.541206945" lon="-8.102888912" /><trkpt lat="41.541198090" lon="-8.102897465" /><trkpt lat="41.541188576" lon="-8.102905154" /><trkpt lat="41.541180339" lon="-8.102911244" /><trkpt lat="41.541171195" lon="-8.102918057" /><trkpt lat="41.541161195" lon="-8.102925554" /><trkpt lat="41.541150392" lon="-8.102933702" /><trkpt lat="41.541138838" lon="-8.102942463" /><trkpt lat="41.541126585" lon="-8.102951801" /><trkpt lat="41.541113684" lon="-8.102961681" /><trkpt lat="41.541100189" lon="-8.102972066" /><trkpt lat="41.541086150" lon="-8.102982920" /><trkpt lat="41.541071621" lon="-8.102994208" /><trkpt lat="41.541056652" lon="-8.103005893" /><trkpt lat="41.541041296" lon="-8.103017938" /><trkpt lat="41.541025605" lon="-8.103030309" /><trkpt lat="41.541009632" lon="-8.103042969" /><trkpt lat="41.540993427" lon="-8.103055881" /><trkpt lat="41.540977043" lon="-8.103069010" /><trkpt lat="41.540960533" lon="-8.103082320" /><trkpt lat="41.540943948" lon="-8.103095774" /><trkpt lat="41.540927339" lon="-8.103109337" /><trkpt lat="41.540910761" lon="-8.103122973" /><trkpt lat="41.540894263" lon="-8.103136644" /><trkpt lat="41.540877898" lon="-8.103150317" /><trkpt lat="41.540861719" lon="-8.103163953" /><trkpt lat="41.540845777" lon="-8.103177517" /><trkpt lat="41.540830125" lon="-8.103190974" /><trkpt lat="41.540814813" lon="-8.103204286" /><trkpt lat="41.540799896" lon="-8.103217418" /><trkpt lat="41.540785423" lon="-8.103230335" /><trkpt lat="41.540771448" lon="-8.103242999" /><trkpt lat="41.540758023" lon="-8.103255374" /><trkpt lat="41.540745199" lon="-8.103267426" /><trkpt lat="41.540733028" lon="-8.103279116" /><trkpt lat="41.540721563" lon="-8.103290411" /><trkpt lat="41.540710856" lon="-8.103301273" /><trkpt lat="41.540700958" lon="-8.103311666" /><trkpt lat="41.540691921" lon="-8.103321554" /><trkpt lat="41.540683799" lon="-8.103330901" /><trkpt lat="41.540676642" lon="-8.103339672" /><trkpt lat="41.540668790" lon="-8.103349679" /><trkpt lat="41.540660571" lon="-8.103360171" /><trkpt lat="41.540651994" lon="-8.103371115" /><trkpt lat="41.540643068" lon="-8.103382480" /><trkpt lat="41.540633803" lon="-8.103394233" /><trkpt lat="41.540624206" lon="-8.103406342" /><trkpt lat="41.540614288" lon="-8.103418775" /><trkpt lat="41.540604057" lon="-8.103431500" /><trkpt lat="41.540593522" lon="-8.103444484" /><trkpt lat="41.540582693" lon="-8.103457695" /><trkpt lat="41.540571578" lon="-8.103471100" /><trkpt lat="41.540560186" lon="-8.103484669" /><trkpt lat="41.540548527" lon="-8.103498367" /><trkpt lat="41.540536610" lon="-8.103512164" /><trkpt lat="41.540524443" lon="-8.103526026" /><trkpt lat="41.540512036" lon="-8.103539922" /><trkpt lat="41.540499398" lon="-8.103553820" /><trkpt lat="41.540486537" lon="-8.103567686" /><trkpt lat="41.540473463" lon="-8.103581489" /><trkpt lat="41.540460185" lon="-8.103595197" /><trkpt lat="41.540446712" lon="-8.103608778" /><trkpt lat="41.540433053" lon="-8.103622198" /><trkpt lat="41.540419217" lon="-8.103635426" /><trkpt lat="41.540405213" lon="-8.103648430" /><trkpt lat="41.540391051" lon="-8.103661178" /><trkpt lat="41.540376738" lon="-8.103673636" /><trkpt lat="41.540362285" lon="-8.103685774" /><trkpt lat="41.540347699" lon="-8.103697558" /><trkpt lat="41.540332992" lon="-8.103708956" /><trkpt lat="41.540318170" lon="-8.103719937" /><trkpt lat="41.540303244" lon="-8.103730468" /><trkpt lat="41.540288222" lon="-8.103740516" /><trkpt lat="41.540273114" lon="-8.103750050" /><trkpt lat="41.540258668" lon="-8.103758635" /><trkpt lat="41.540243905" lon="-8.103766912" /><trkpt lat="41.540228844" lon="-8.103774877" /><trkpt lat="41.540213504" lon="-8.103782526" /><trkpt lat="41.540197902" lon="-8.103789853" /><trkpt lat="41.540182058" lon="-8.103796854" /><trkpt lat="41.540165988" lon="-8.103803523" /><trkpt lat="41.540149713" lon="-8.103809855" /><trkpt lat="41.540133249" lon="-8.103815847" /><trkpt lat="41.540116615" lon="-8.103821492" /><trkpt lat="41.540099829" lon="-8.103826787" /><trkpt lat="41.540082910" lon="-8.103831725" /><trkpt lat="41.540065875" lon="-8.103836303" /><trkpt lat="41.540048744" lon="-8.103840516" /><trkpt lat="41.540031534" lon="-8.103844357" /><trkpt lat="41.540014264" lon="-8.103847824" /><trkpt lat="41.539996951" lon="-8.103850910" /><trkpt lat="41.539979615" lon="-8.103853611" /><trkpt lat="41.539962272" lon="-8.103855923" /><trkpt lat="41.539944943" lon="-8.103857839" /><trkpt lat="41.539927645" lon="-8.103859355" /><trkpt lat="41.539910395" lon="-8.103860467" /><trkpt lat="41.539893213" lon="-8.103861170" /><trkpt lat="41.539876117" lon="-8.103861458" /><trkpt lat="41.539859125" lon="-8.103861327" /><trkpt lat="41.539842255" lon="-8.103860771" /><trkpt lat="41.539825525" lon="-8.103859787" /><trkpt lat="41.539808954" lon="-8.103858368" /><trkpt lat="41.539792560" lon="-8.103856511" /><trkpt lat="41.539776362" lon="-8.103854210" /><trkpt lat="41.539760376" lon="-8.103851461" /><trkpt lat="41.539744623" lon="-8.103848258" /><trkpt lat="41.539729120" lon="-8.103844597" /><trkpt lat="41.539713885" lon="-8.103840473" /><trkpt lat="41.539698937" lon="-8.103835881" /><trkpt lat="41.539681894" lon="-8.103830212" /><trkpt lat="41.539665279" lon="-8.103824509" /><trkpt lat="41.539649063" lon="-8.103818825" /><trkpt lat="41.539633220" lon="-8.103813214" /><trkpt lat="41.539617721" lon="-8.103807730" /><trkpt lat="41.539602538" lon="-8.103802428" /><trkpt lat="41.539587645" lon="-8.103797363" /><trkpt lat="41.539573014" lon="-8.103792587" /><trkpt lat="41.539558616" lon="-8.103788156" /><trkpt lat="41.539544424" lon="-8.103784124" /><trkpt lat="41.539530410" lon="-8.103780545" /><trkpt lat="41.539516548" lon="-8.103777473" /><trkpt lat="41.539502808" lon="-8.103774963" /><trkpt lat="41.539489164" lon="-8.103773068" /><trkpt lat="41.539475588" lon="-8.103771843" /><trkpt lat="41.539462052" lon="-8.103771342" /><trkpt lat="41.539448528" lon="-8.103771620" /><trkpt lat="41.539434990" lon="-8.103772731" /><trkpt lat="41.539421408" lon="-8.103774728" /><trkpt lat="41.539407756" lon="-8.103777667" /><trkpt lat="41.539394006" lon="-8.103781601" /><trkpt lat="41.539380130" lon="-8.103786585" /><trkpt lat="41.539366100" lon="-8.103792672" /><trkpt lat="41.539351890" lon="-8.103799918" /><trkpt lat="41.539337470" lon="-8.103808376" /><trkpt lat="41.539322814" lon="-8.103818100" /><trkpt lat="41.539307894" lon="-8.103829146" /><trkpt lat="41.539292683" lon="-8.103841566" /><trkpt lat="41.539277151" lon="-8.103855416" /><trkpt lat="41.539261273" lon="-8.103870749" /><trkpt lat="41.539245501" lon="-8.103886394" /><trkpt lat="41.539230283" lon="-8.103901166" /><trkpt lat="41.539215585" lon="-8.103915108" /><trkpt lat="41.539201373" lon="-8.103928259" /><trkpt lat="41.539187613" lon="-8.103940661" /><trkpt lat="41.539174270" lon="-8.103952353" /><trkpt lat="41.539161310" lon="-8.103963376" /><trkpt lat="41.539148698" lon="-8.103973772" /><trkpt lat="41.539136400" lon="-8.103983579" /><trkpt lat="41.539124382" lon="-8.103992840" /><trkpt lat="41.539112609" lon="-8.104001593" /><trkpt lat="41.539101047" lon="-8.104009881" /><trkpt lat="41.539089662" lon="-8.104017743" /><trkpt lat="41.539078420" lon="-8.104025220" /><trkpt lat="41.539067285" lon="-8.104032353" /><trkpt lat="41.539056224" lon="-8.104039181" /><trkpt lat="41.539045202" lon="-8.104045746" /><trkpt lat="41.539034185" lon="-8.104052088" /><trkpt lat="41.539023138" lon="-8.104058248" /><trkpt lat="41.539012028" lon="-8.104064266" /><trkpt lat="41.539000820" lon="-8.104070182" /><trkpt lat="41.538989479" lon="-8.104076038" /><trkpt lat="41.538977971" lon="-8.104081874" /><trkpt lat="41.538966262" lon="-8.104087729" /><trkpt lat="41.538954318" lon="-8.104093646" /><trkpt lat="41.538942103" lon="-8.104099664" /><trkpt lat="41.538929584" lon="-8.104105824" /><trkpt lat="41.538916727" lon="-8.104112166" /><trkpt lat="41.538903497" lon="-8.104118731" /><trkpt lat="41.538889859" lon="-8.104125559" /><trkpt lat="41.538878805" lon="-8.104131256" /><trkpt lat="41.538867529" lon="-8.104137299" /><trkpt lat="41.538856052" lon="-8.104143632" /><trkpt lat="41.538844394" lon="-8.104150200" /><trkpt lat="41.538832574" lon="-8.104156948" /><trkpt lat="41.538820613" lon="-8.104163819" /><trkpt lat="41.538808532" lon="-8.104170759" /><trkpt lat="41.538796350" lon="-8.104177713" /><trkpt lat="41.538784087" lon="-8.104184624" /><trkpt lat="41.538771765" lon="-8.104191437" /><trkpt lat="41.538759403" lon="-8.104198098" /><trkpt lat="41.538747020" lon="-8.104204550" /><trkpt lat="41.538734639" lon="-8.104210738" /><trkpt lat="41.538722278" lon="-8.104216606" /><trkpt lat="41.538709957" lon="-8.104222100" /><trkpt lat="41.538697698" lon="-8.104227163" /><trkpt lat="41.538685520" lon="-8.104231741" /><trkpt lat="41.538673444" lon="-8.104235778" /><trkpt lat="41.538661489" lon="-8.104239218" /><trkpt lat="41.538649675" lon="-8.104242006" /><trkpt lat="41.538638024" lon="-8.104244087" /><trkpt lat="41.538626555" lon="-8.104245405" /><trkpt lat="41.538615289" lon="-8.104245904" /><trkpt lat="41.538604245" lon="-8.104245530" /><trkpt lat="41.538593444" lon="-8.104244227" /><trkpt lat="41.538582905" lon="-8.104241939" /><trkpt lat="41.538572650" lon="-8.104238611" /><trkpt lat="41.538562699" lon="-8.104234188" /><trkpt lat="41.538553071" lon="-8.104228614" /><trkpt lat="41.538543787" lon="-8.104221834" /><trkpt lat="41.538534866" lon="-8.104213792" /><trkpt lat="41.538526330" lon="-8.104204432" /><trkpt lat="41.538518199" lon="-8.104193701" /><trkpt lat="41.538510492" lon="-8.104181541" /><trkpt lat="41.538503229" lon="-8.104167898" /><trkpt lat="41.538496432" lon="-8.104152715" /><trkpt lat="41.538490120" lon="-8.104135939" /><trkpt lat="41.538484313" lon="-8.104117513" /><trkpt lat="41.538477592" lon="-8.104094296" /><trkpt lat="41.538471026" lon="-8.104071862" /><trkpt lat="41.538464604" lon="-8.104050173" /><trkpt lat="41.538458317" lon="-8.104029191" /><trkpt lat="41.538452155" lon="-8.104008878" /><trkpt lat="41.538446110" lon="-8.103989197" /><trkpt lat="41.538440172" lon="-8.103970110" /><trkpt lat="41.538434332" lon="-8.103951578" /><trkpt lat="41.538428581" lon="-8.103933565" /><trkpt lat="41.538422909" lon="-8.103916031" /><trkpt lat="41.538417307" lon="-8.103898941" /><trkpt lat="41.538411765" lon="-8.103882254" /><trkpt lat="41.538406275" lon="-8.103865935" /><trkpt lat="41.538400827" lon="-8.103849945" /><trkpt lat="41.538395411" lon="-8.103834245" /><trkpt lat="41.538390019" lon="-8.103818799" /><trkpt lat="41.538384642" lon="-8.103803569" /><trkpt lat="41.538379269" lon="-8.103788516" /><trkpt lat="41.538373891" lon="-8.103773604" /><trkpt lat="41.538368500" lon="-8.103758793" /><trkpt lat="41.538363086" lon="-8.103744047" /><trkpt lat="41.538357639" lon="-8.103729327" /><trkpt lat="41.538352151" lon="-8.103714596" /><trkpt lat="41.538346612" lon="-8.103699815" /><trkpt lat="41.538341013" lon="-8.103684948" /><trkpt lat="41.538335344" lon="-8.103669956" /><trkpt lat="41.538329596" lon="-8.103654801" /><trkpt lat="41.538323760" lon="-8.103639446" /><trkpt lat="41.538317827" lon="-8.103623852" /><trkpt lat="41.538311787" lon="-8.103607983" /><trkpt lat="41.538305631" lon="-8.103591800" /><trkpt lat="41.538300440" lon="-8.103577872" /><trkpt lat="41.538295276" lon="-8.103563524" /><trkpt lat="41.538290119" lon="-8.103548805" /><trkpt lat="41.538284951" lon="-8.103533766" /><trkpt lat="41.538279754" lon="-8.103518456" /><trkpt lat="41.538274509" lon="-8.103502925" /><trkpt lat="41.538269198" lon="-8.103487224" /><trkpt lat="41.538263803" lon="-8.103471401" /><trkpt lat="41.538258306" lon="-8.103455507" /><trkpt lat="41.538252688" lon="-8.103439592" /><trkpt lat="41.538246930" lon="-8.103423706" /><trkpt lat="41.538241015" lon="-8.103407898" /><trkpt lat="41.538234925" lon="-8.103392218" /><trkpt lat="41.538228640" lon="-8.103376716" /><trkpt lat="41.538222143" lon="-8.103361443" /><trkpt lat="41.538215416" lon="-8.103346448" /><trkpt lat="41.538208439" lon="-8.103331780" /><trkpt lat="41.538201195" lon="-8.103317491" /><trkpt lat="41.538193666" lon="-8.103303629" /><trkpt lat="41.538185832" lon="-8.103290244" /><trkpt lat="41.538177677" lon="-8.103277387" /><trkpt lat="41.538169180" lon="-8.103265107" /><trkpt lat="41.538160325" lon="-8.103253455" /><trkpt lat="41.538151093" lon="-8.103242479" /><trkpt lat="41.538141465" lon="-8.103232230" /><trkpt lat="41.538131424" lon="-8.103222758" /><trkpt lat="41.538120950" lon="-8.103214113" /><trkpt lat="41.538110026" lon="-8.103206345" /><trkpt lat="41.538098633" lon="-8.103199503" /><trkpt lat="41.538086753" lon="-8.103193637" /><trkpt lat="41.538074368" lon="-8.103188797" /><trkpt lat="41.538061459" lon="-8.103185034" /><trkpt lat="41.538048008" lon="-8.103182396" /><trkpt lat="41.538033997" lon="-8.103180935" /><trkpt lat="41.538019407" lon="-8.103180699" /><trkpt lat="41.538004220" lon="-8.103181739" /><trkpt lat="41.537988418" lon="-8.103184104" /><trkpt lat="41.537969003" lon="-8.103188029" /><trkpt lat="41.537950477" lon="-8.103192297" /><trkpt lat="41.537932794" lon="-8.103196909" /><trkpt lat="41.537915905" lon="-8.103201868" /><trkpt lat="41.537899765" lon="-8.103207176" /><trkpt lat="41.537884324" lon="-8.103212836" /><trkpt lat="41.537869537" lon="-8.103218850" /><trkpt lat="41.537855356" lon="-8.103225220" /><trkpt lat="41.537841733" lon="-8.103231949" /><trkpt lat="41.537828622" lon="-8.103239040" /><trkpt lat="41.537815975" lon="-8.103246494" /><trkpt lat="41.537803744" lon="-8.103254313" /><trkpt lat="41.537791883" lon="-8.103262502" /><trkpt lat="41.537780344" lon="-8.103271061" /><trkpt lat="41.537769079" lon="-8.103279993" /><trkpt lat="41.537758043" lon="-8.103289301" /><trkpt lat="41.537747186" lon="-8.103298986" /><trkpt lat="41.537736463" lon="-8.103309052" /><trkpt lat="41.537725825" lon="-8.103319500" /><trkpt lat="41.537715225" lon="-8.103330334" /><trkpt lat="41.537704617" lon="-8.103341555" /><trkpt lat="41.537693952" lon="-8.103353166" /><trkpt lat="41.537683184" lon="-8.103365169" /><trkpt lat="41.537672265" lon="-8.103377566" /><trkpt lat="41.537661148" lon="-8.103390361" /><trkpt lat="41.537649785" lon="-8.103403555" /><trkpt lat="41.537638130" lon="-8.103417150" /><trkpt lat="41.537626135" lon="-8.103431150" /><trkpt lat="41.537613752" lon="-8.103445556" /><trkpt lat="41.537600936" lon="-8.103460371" /><trkpt lat="41.537593159" lon="-8.103468851" /><trkpt lat="41.537584623" lon="-8.103477288" /><trkpt lat="41.537575358" lon="-8.103485684" /><trkpt lat="41.537565392" lon="-8.103494043" /><trkpt lat="41.537554755" lon="-8.103502368" /><trkpt lat="41.537543478" lon="-8.103510660" /><trkpt lat="41.537531589" lon="-8.103518924" /><trkpt lat="41.537519118" lon="-8.103527161" /><trkpt lat="41.537506095" lon="-8.103535376" /><trkpt lat="41.537492550" lon="-8.103543569" /><trkpt lat="41.537478512" lon="-8.103551745" /><trkpt lat="41.537464010" lon="-8.103559906" /><trkpt lat="41.537449075" lon="-8.103568055" /><trkpt lat="41.537433735" lon="-8.103576195" /><trkpt lat="41.537418021" lon="-8.103584328" /><trkpt lat="41.537401963" lon="-8.103592457" /><trkpt lat="41.537385589" lon="-8.103600586" /><trkpt lat="41.537368929" lon="-8.103608716" /><trkpt lat="41.537352013" lon="-8.103616851" /><trkpt lat="41.537334871" lon="-8.103624994" /><trkpt lat="41.537317532" lon="-8.103633147" /><trkpt lat="41.537300026" lon="-8.103641314" /><trkpt lat="41.537282383" lon="-8.103649496" /><trkpt lat="41.537264631" lon="-8.103657697" /><trkpt lat="41.537246802" lon="-8.103665920" /><trkpt lat="41.537228923" lon="-8.103674167" /><trkpt lat="41.537211026" lon="-8.103682442" /><trkpt lat="41.537193138" lon="-8.103690746" /><trkpt lat="41.537175291" lon="-8.103699084" /><trkpt lat="41.537157514" lon="-8.103707457" /><trkpt lat="41.537139836" lon="-8.103715868" /><trkpt lat="41.537122288" lon="-8.103724321" /><trkpt lat="41.537104897" lon="-8.103732818" /><trkpt lat="41.537087695" lon="-8.103741362" /><trkpt lat="41.537070711" lon="-8.103749956" /><trkpt lat="41.537053974" lon="-8.103758602" /><trkpt lat="41.537037514" lon="-8.103767303" /><trkpt lat="41.537021361" lon="-8.103776063" /><trkpt lat="41.537005544" lon="-8.103784883" /><trkpt lat="41.536990093" lon="-8.103793768" /><trkpt lat="41.536975038" lon="-8.103802719" /><trkpt lat="41.536960408" lon="-8.103811739" /><trkpt lat="41.536946232" lon="-8.103820832" /><trkpt lat="41.536932541" lon="-8.103829999" /><trkpt lat="41.536919363" lon="-8.103839245" /><trkpt lat="41.536906730" lon="-8.103848571" /><trkpt lat="41.536894669" lon="-8.103857980" /><trkpt lat="41.536883211" lon="-8.103867476" /><trkpt lat="41.536872386" lon="-8.103877061" /><trkpt lat="41.536862223" lon="-8.103886737" /><trkpt lat="41.536852751" lon="-8.103896509" /><trkpt lat="41.536844001" lon="-8.103906378" /><trkpt lat="41.536836002" lon="-8.103916347" /><trkpt lat="41.536822625" lon="-8.103933639" /><trkpt lat="41.536809407" lon="-8.103950148" /><trkpt lat="41.536796357" lon="-8.103965933" /><trkpt lat="41.536783487" lon="-8.103981051" /><trkpt lat="41.536770807" lon="-8.103995559" /><trkpt lat="41.536758327" lon="-8.104009516" /><trkpt lat="41.536746059" lon="-8.104022980" /><trkpt lat="41.536734013" lon="-8.104036008" /><trkpt lat="41.536722200" lon="-8.104048658" /><trkpt lat="41.536710631" lon="-8.104060988" /><trkpt lat="41.536699316" lon="-8.104073055" /><trkpt lat="41.536688266" lon="-8.104084918" /><trkpt lat="41.536677492" lon="-8.104096635" /><trkpt lat="41.536667004" lon="-8.104108263" /><trkpt lat="41.536656813" lon="-8.104119860" /><trkpt lat="41.536646930" lon="-8.104131483" /><trkpt lat="41.536637366" lon="-8.104143191" /><trkpt lat="41.536628131" lon="-8.104155042" /><trkpt lat="41.536619236" lon="-8.104167093" /><trkpt lat="41.536610691" lon="-8.104179402" /><trkpt lat="41.536602508" lon="-8.104192027" /><trkpt lat="41.536594697" lon="-8.104205026" /><trkpt lat="41.536587269" lon="-8.104218456" /><trkpt lat="41.536580234" lon="-8.104232376" /><trkpt lat="41.536573604" lon="-8.104246842" /><trkpt lat="41.536567389" lon="-8.104261914" /><trkpt lat="41.536561599" lon="-8.104277649" /><trkpt lat="41.536556245" lon="-8.104294104" /><trkpt lat="41.536551339" lon="-8.104311337" /><trkpt lat="41.536546890" lon="-8.104329407" /><trkpt lat="41.536542586" lon="-8.104347327" /><trkpt lat="41.536538103" lon="-8.104364082" /><trkpt lat="41.536533434" lon="-8.104379688" /><trkpt lat="41.536528576" lon="-8.104394160" /><trkpt lat="41.536523523" lon="-8.104407514" /><trkpt lat="41.536518268" lon="-8.104419765" /><trkpt lat="41.536512808" lon="-8.104430930" /><trkpt lat="41.536507136" lon="-8.104441022" /><trkpt lat="41.536501247" lon="-8.104450058" /><trkpt lat="41.536495136" lon="-8.104458054" /><trkpt lat="41.536488797" lon="-8.104465024" /><trkpt lat="41.536482225" lon="-8.104470985" /><trkpt lat="41.536475416" lon="-8.104475951" /><trkpt lat="41.536468362" lon="-8.104479939" /><trkpt lat="41.536461060" lon="-8.104482964" /><trkpt lat="41.536453503" lon="-8.104485041" /><trkpt lat="41.536445687" lon="-8.104486185" /><trkpt lat="41.536437606" lon="-8.104486413" /><trkpt lat="41.536429254" lon="-8.104485740" /><trkpt lat="41.536420627" lon="-8.104484181" /><trkpt lat="41.536411718" lon="-8.104481751" /><trkpt lat="41.536402523" lon="-8.104478467" /><trkpt lat="41.536393037" lon="-8.104474344" /><trkpt lat="41.536383253" lon="-8.104469397" /><trkpt lat="41.536373166" lon="-8.104463642" /><trkpt lat="41.536362772" lon="-8.104457094" /><trkpt lat="41.536352065" lon="-8.104449769" /><trkpt lat="41.536341039" lon="-8.104441682" /><trkpt lat="41.536329689" lon="-8.104432848" /><trkpt lat="41.536318010" lon="-8.104423285" /><trkpt lat="41.536308004" lon="-8.104414861" /><trkpt lat="41.536297734" lon="-8.104406163" /><trkpt lat="41.536287203" lon="-8.104397239" /><trkpt lat="41.536276417" lon="-8.104388136" /><trkpt lat="41.536265380" lon="-8.104378904" /><trkpt lat="41.536254097" lon="-8.104369591" /><trkpt lat="41.536242572" lon="-8.104360244" /><trkpt lat="41.536230810" lon="-8.104350913" /><trkpt lat="41.536218815" lon="-8.104341645" /><trkpt lat="41.536206593" lon="-8.104332489" /><trkpt lat="41.536194148" lon="-8.104323493" /><trkpt lat="41.536181484" lon="-8.104314705" /><trkpt lat="41.536168606" lon="-8.104306174" /><trkpt lat="41.536155520" lon="-8.104297947" /><trkpt lat="41.536142228" lon="-8.104290074" /><trkpt lat="41.536128737" lon="-8.104282603" /><trkpt lat="41.536115051" lon="-8.104275581" /><trkpt lat="41.536101174" lon="-8.104269058" /><trkpt lat="41.536087112" lon="-8.104263080" /><trkpt lat="41.536072868" lon="-8.104257698" /><trkpt lat="41.536058447" lon="-8.104252958" /><trkpt lat="41.536043855" lon="-8.104248910" /><trkpt lat="41.536029095" lon="-8.104245601" /><trkpt lat="41.536014172" lon="-8.104243080" /><trkpt lat="41.535999092" lon="-8.104241395" /><trkpt lat="41.535983858" lon="-8.104240594" /><trkpt lat="41.535968475" lon="-8.104240727" /><trkpt lat="41.535952949" lon="-8.104241840" /><trkpt lat="41.535937283" lon="-8.104243982" /><trkpt lat="41.535921482" lon="-8.104247202" /><trkpt lat="41.535905551" lon="-8.104251548" /><trkpt lat="41.535889494" lon="-8.104257069" /><trkpt lat="41.535873317" lon="-8.104263811" /><trkpt lat="41.535857023" lon="-8.104271824" /><trkpt lat="41.535840618" lon="-8.104281157" /><trkpt lat="41.535824106" lon="-8.104291856" /><trkpt lat="41.535809661" lon="-8.104301670" /><trkpt lat="41.535794740" lon="-8.104311560" /><trkpt lat="41.535779373" lon="-8.104321510" /><trkpt lat="41.535763590" lon="-8.104331505" /><trkpt lat="41.535747421" lon="-8.104341530" /><trkpt lat="41.535730896" lon="-8.104351569" /><trkpt lat="41.535714043" lon="-8.104361606" /><trkpt lat="41.535696893" lon="-8.104371627" /><trkpt lat="41.535679476" lon="-8.104381615" /><trkpt lat="41.535661822" lon="-8.104391556" /><trkpt lat="41.535643959" lon="-8.104401435" /><trkpt lat="41.535625919" lon="-8.104411234" /><trkpt lat="41.535607730" lon="-8.104420940" /><trkpt lat="41.535589423" lon="-8.104430536" /><trkpt lat="41.535571027" lon="-8.104440008" /><trkpt lat="41.535552572" lon="-8.104449340" /><trkpt lat="41.535534087" lon="-8.104458516" /><trkpt lat="41.535515604" lon="-8.104467521" /><trkpt lat="41.535497150" lon="-8.104476340" /><trkpt lat="41.535478756" lon="-8.104484957" /><trkpt lat="41.535460453" lon="-8.104493357" /><trkpt lat="41.535442268" lon="-8.104501524" /><trkpt lat="41.535424233" lon="-8.104509444" /><trkpt lat="41.535406377" lon="-8.104517099" /><trkpt lat="41.535388730" lon="-8.104524476" /><trkpt lat="41.535371321" lon="-8.104531558" /><trkpt lat="41.535354180" lon="-8.104538331" /><trkpt lat="41.535337338" lon="-8.104544779" /><trkpt lat="41.535320823" lon="-8.104550886" /><trkpt lat="41.535304666" lon="-8.104556636" /><trkpt lat="41.535288896" lon="-8.104562016" /><trkpt lat="41.535273544" lon="-8.104567008" /><trkpt lat="41.535258638" lon="-8.104571599" /><trkpt lat="41.535244208" lon="-8.104575771" /><trkpt lat="41.535230285" lon="-8.104579511" /><trkpt lat="41.535216898" lon="-8.104582802" /><trkpt lat="41.535204077" lon="-8.104585629" /><trkpt lat="41.535191852" lon="-8.104587976" /><trkpt lat="41.535180252" lon="-8.104589829" /><trkpt lat="41.535169307" lon="-8.104591171" /><trkpt lat="41.535159046" lon="-8.104591988" /><trkpt lat="41.535149501" lon="-8.104592264" /><trkpt lat="41.535136469" lon="-8.104591908" /><trkpt lat="41.535123092" lon="-8.104590848" /><trkpt lat="41.535109402" lon="-8.104589096" /><trkpt lat="41.535095427" lon="-8.104586662" /><trkpt lat="41.535081200" lon="-8.104583559" /><trkpt lat="41.535066749" lon="-8.104579797" /><trkpt lat="41.535052105" lon="-8.104575387" /><trkpt lat="41.535037299" lon="-8.104570342" /><trkpt lat="41.535022361" lon="-8.104564672" /><trkpt lat="41.535007321" lon="-8.104558388" /><trkpt lat="41.534992210" lon="-8.104551503" /><trkpt lat="41.534977058" lon="-8.104544027" /><trkpt lat="41.534961895" lon="-8.104535971" /><trkpt lat="41.534946751" lon="-8.104527348" /><trkpt lat="41.534931658" lon="-8.104518168" /><trkpt lat="41.534916645" lon="-8.104508442" /><trkpt lat="41.534901742" lon="-8.104498182" /><trkpt lat="41.534886981" lon="-8.104487400" /><trkpt lat="41.534872391" lon="-8.104476106" /><trkpt lat="41.534858002" lon="-8.104464312" /><trkpt lat="41.534843846" lon="-8.104452030" /><trkpt lat="41.534829952" lon="-8.104439270" /><trkpt lat="41.534816350" lon="-8.104426044" /><trkpt lat="41.534803072" lon="-8.104412363" /><trkpt lat="41.534790147" lon="-8.104398238" /><trkpt lat="41.534777606" lon="-8.104383682" /><trkpt lat="41.534765478" lon="-8.104368704" /><trkpt lat="41.534753796" lon="-8.104353317" /><trkpt lat="41.534742587" lon="-8.104337532" /><trkpt lat="41.534731884" lon="-8.104321361" /><trkpt lat="41.534721580" lon="-8.104305488" /><trkpt lat="41.534711528" lon="-8.104290581" /><trkpt lat="41.534701701" lon="-8.104276621" /><trkpt lat="41.534692071" lon="-8.104263592" /><trkpt lat="41.534682610" lon="-8.104251474" /><trkpt lat="41.534673289" lon="-8.104240251" /><trkpt lat="41.534664081" lon="-8.104229903" /><trkpt lat="41.534654957" lon="-8.104220414" /><trkpt lat="41.534645889" lon="-8.104211766" /><trkpt lat="41.534636849" lon="-8.104203939" /><trkpt lat="41.534627810" lon="-8.104196918" /><trkpt lat="41.534618742" lon="-8.104190683" /><trkpt lat="41.534609618" lon="-8.104185218" /><trkpt lat="41.534600410" lon="-8.104180503" /><trkpt lat="41.534591089" lon="-8.104176521" /><trkpt lat="41.534581627" lon="-8.104173255" /><trkpt lat="41.534571997" lon="-8.104170686" /><trkpt lat="41.534562171" lon="-8.104168797" /><trkpt lat="41.534552119" lon="-8.104167569" /><trkpt lat="41.534541814" lon="-8.104166985" /><trkpt lat="41.534531229" lon="-8.104167026" /><trkpt lat="41.534520334" lon="-8.104167676" /><trkpt lat="41.534509102" lon="-8.104168916" /><trkpt lat="41.534497504" lon="-8.104170728" /><trkpt lat="41.534485513" lon="-8.104173094" /><trkpt lat="41.534473100" lon="-8.104175997" /><trkpt lat="41.534460237" lon="-8.104179418" /><trkpt lat="41.534446897" lon="-8.104183340" /><trkpt lat="41.534433051" lon="-8.104187745" /><trkpt lat="41.534418670" lon="-8.104192615" /><trkpt lat="41.534404178" lon="-8.104197427" /><trkpt lat="41.534390006" lon="-8.104201680" /><trkpt lat="41.534376139" lon="-8.104205387" /><trkpt lat="41.534362563" lon="-8.104208562" /><trkpt lat="41.534349262" lon="-8.104211216" /><trkpt lat="41.534336222" lon="-8.104213364" /><trkpt lat="41.534323429" lon="-8.104215019" /><trkpt lat="41.534310867" lon="-8.104216193" /><trkpt lat="41.534298522" lon="-8.104216899" /><trkpt lat="41.534286379" lon="-8.104217152" /><trkpt lat="41.534274424" lon="-8.104216963" /><trkpt lat="41.534262641" lon="-8.104216347" /><trkpt lat="41.534251016" lon="-8.104215315" /><trkpt lat="41.534239534" lon="-8.104213882" /><trkpt lat="41.534228181" lon="-8.104212061" /><trkpt lat="41.534216942" lon="-8.104209863" /><trkpt lat="41.534205801" lon="-8.104207304" /><trkpt lat="41.534194745" lon="-8.104204395" /><trkpt lat="41.534183759" lon="-8.104201150" /><trkpt lat="41.534172827" lon="-8.104197582" /><trkpt lat="41.534161936" lon="-8.104193704" /><trkpt lat="41.534151070" lon="-8.104189529" /><trkpt lat="41.534140215" lon="-8.104185070" /><trkpt lat="41.534129355" lon="-8.104180341" /><trkpt lat="41.534118477" lon="-8.104175354" /><trkpt lat="41.534107566" lon="-8.104170123" /><trkpt lat="41.534096606" lon="-8.104164661" /><trkpt lat="41.534085584" lon="-8.104158980" /><trkpt lat="41.534074483" lon="-8.104153094" /><trkpt lat="41.534063291" lon="-8.104147017" /><trkpt lat="41.534053660" lon="-8.104141649" /><trkpt lat="41.534043520" lon="-8.104135863" /><trkpt lat="41.534032894" lon="-8.104129711" /><trkpt lat="41.534021802" lon="-8.104123249" /><trkpt lat="41.534010266" lon="-8.104116528" /><trkpt lat="41.533998307" lon="-8.104109603" /><trkpt lat="41.533985947" lon="-8.104102526" /><trkpt lat="41.533973207" lon="-8.104095352" /><trkpt lat="41.533960109" lon="-8.104088134" /><trkpt lat="41.533946673" lon="-8.104080925" /><trkpt lat="41.533932923" lon="-8.104073779" /><trkpt lat="41.533918878" lon="-8.104066749" /><trkpt lat="41.533904560" lon="-8.104059889" /><trkpt lat="41.533889991" lon="-8.104053252" /><trkpt lat="41.533875193" lon="-8.104046892" /><trkpt lat="41.533860186" lon="-8.104040862" /><trkpt lat="41.533844992" lon="-8.104035215" /><trkpt lat="41.533829633" lon="-8.104030006" /><trkpt lat="41.533814129" lon="-8.104025287" /><trkpt lat="41.533798503" lon="-8.104021111" /><trkpt lat="41.533782776" lon="-8.104017534" /><trkpt lat="41.533766969" lon="-8.104014607" /><trkpt lat="41.533751103" lon="-8.104012384" /><trkpt lat="41.533735201" lon="-8.104010920" /><trkpt lat="41.533719283" lon="-8.104010266" /><trkpt lat="41.533703371" lon="-8.104010478" /><trkpt lat="41.533687486" lon="-8.104011607" /><trkpt lat="41.533671650" lon="-8.104013709" /><trkpt lat="41.533655885" lon="-8.104016835" /><trkpt lat="41.533640211" lon="-8.104021040" /><trkpt lat="41.533624650" lon="-8.104026377" /><trkpt lat="41.533609224" lon="-8.104032900" /><trkpt lat="41.533593953" lon="-8.104040662" /><trkpt lat="41.533578860" lon="-8.104049716" /><trkpt lat="41.533563966" lon="-8.104060116" /><trkpt lat="41.533549292" lon="-8.104071915" /><trkpt lat="41.533531892" lon="-8.104086186" /><trkpt lat="41.533514631" lon="-8.104098996" /><trkpt lat="41.533497515" lon="-8.104110408" /><trkpt lat="41.533480548" lon="-8.104120479" /><trkpt lat="41.533463737" lon="-8.104129272" /><trkpt lat="41.533447086" lon="-8.104136846" /><trkpt lat="41.533430602" lon="-8.104143261" /><trkpt lat="41.533414289" lon="-8.104148578" /><trkpt lat="41.533398152" lon="-8.104152856" /><trkpt lat="41.533382197" lon="-8.104156156" /><trkpt lat="41.533366430" lon="-8.104158539" /><trkpt lat="41.533350856" lon="-8.104160063" /><trkpt lat="41.533335479" lon="-8.104160790" /><trkpt lat="41.533320306" lon="-8.104160780" /><trkpt lat="41.533305342" lon="-8.104160093" /><trkpt lat="41.533290592" lon="-8.104158789" /><trkpt lat="41.533276062" lon="-8.104156928" /><trkpt lat="41.533261757" lon="-8.104154570" /><trkpt lat="41.533247681" lon="-8.104151776" /><trkpt lat="41.533233841" lon="-8.104148606" /><trkpt lat="41.533220243" lon="-8.104145121" /><trkpt lat="41.533206890" lon="-8.104141379" /><trkpt lat="41.533193789" lon="-8.104137442" /><trkpt lat="41.533180946" lon="-8.104133370" /><trkpt lat="41.533168364" lon="-8.104129223" /><trkpt lat="41.533156050" lon="-8.104125060" /><trkpt lat="41.533144010" lon="-8.104120943" /><trkpt lat="41.533132247" lon="-8.104116932" /><trkpt lat="41.533120769" lon="-8.104113086" /><trkpt lat="41.533109579" lon="-8.104109466" /><trkpt lat="41.533098143" lon="-8.104105856" /><trkpt lat="41.533085955" lon="-8.104102004" /><trkpt lat="41.533073067" lon="-8.104097919" /><trkpt lat="41.533059529" lon="-8.104093611" /><trkpt lat="41.533045394" lon="-8.104089089" /><trkpt lat="41.533030712" lon="-8.104084361" /><trkpt lat="41.533015534" lon="-8.104079436" /><trkpt lat="41.532999913" lon="-8.104074323" /><trkpt lat="41.532983899" lon="-8.104069032" /><trkpt lat="41.532967544" lon="-8.104063570" /><trkpt lat="41.532950899" lon="-8.104057948" /><trkpt lat="41.532934014" lon="-8.104052174" /><trkpt lat="41.532916943" lon="-8.104046257" /><trkpt lat="41.532899736" lon="-8.104040205" /><trkpt lat="41.532882443" lon="-8.104034029" /><trkpt lat="41.532865117" lon="-8.104027736" /><trkpt lat="41.532847810" lon="-8.104021336" /><trkpt lat="41.532830571" lon="-8.104014838" /><trkpt lat="41.532813452" lon="-8.104008250" /><trkpt lat="41.532796506" lon="-8.104001582" /><trkpt lat="41.532779783" lon="-8.103994842" /><trkpt lat="41.532763334" lon="-8.103988039" /><trkpt lat="41.532747210" lon="-8.103981183" /><trkpt lat="41.532731464" lon="-8.103974283" /><trkpt lat="41.532716146" lon="-8.103967346" /><trkpt lat="41.532701308" lon="-8.103960383" /><trkpt lat="41.532687000" lon="-8.103953402" /><trkpt lat="41.532673275" lon="-8.103946412" /><trkpt lat="41.532660184" lon="-8.103939421" /><trkpt lat="41.532647777" lon="-8.103932440" /><trkpt lat="41.532635926" lon="-8.103925501" /><trkpt lat="41.532624443" lon="-8.103918661" /><trkpt lat="41.532613298" lon="-8.103911967" /><trkpt lat="41.532602459" lon="-8.103905464" /><trkpt lat="41.532591892" lon="-8.103899198" /><trkpt lat="41.532581567" lon="-8.103893216" /><trkpt lat="41.532571450" lon="-8.103887562" /><trkpt lat="41.532561510" lon="-8.103882283" /><trkpt lat="41.532551714" lon="-8.103877425" /><trkpt lat="41.532542031" lon="-8.103873034" /><trkpt lat="41.532532428" lon="-8.103869156" /><trkpt lat="41.532522873" lon="-8.103865836" /><trkpt lat="41.532513335" lon="-8.103863120" /><trkpt lat="41.532503780" lon="-8.103861055" /><trkpt lat="41.532494177" lon="-8.103859685" /><trkpt lat="41.532484494" lon="-8.103859058" /><trkpt lat="41.532474698" lon="-8.103859219" /><trkpt lat="41.532464758" lon="-8.103860214" /><trkpt lat="41.532454641" lon="-8.103862088" /><trkpt lat="41.532444315" lon="-8.103864888" /><trkpt lat="41.532433749" lon="-8.103868660" /><trkpt lat="41.532422909" lon="-8.103873449" /><trkpt lat="41.532411764" lon="-8.103879302" /><trkpt lat="41.532400282" lon="-8.103886263" /><trkpt lat="41.532388430" lon="-8.103894380" /><trkpt lat="41.532376177" lon="-8.103903698" /><trkpt lat="41.532363490" lon="-8.103914263" /><trkpt lat="41.532350337" lon="-8.103926121" /><trkpt lat="41.532336687" lon="-8.103939317" /><trkpt lat="41.532322506" lon="-8.103953898" /><trkpt lat="41.532308201" lon="-8.103968687" /><trkpt lat="41.532294188" lon="-8.103982484" /><trkpt lat="41.532280451" lon="-8.103995295" /><trkpt lat="41.532266976" lon="-8.104007130" /><trkpt lat="41.532253746" lon="-8.104017998" /><trkpt lat="41.532240746" lon="-8.104027905" /><trkpt lat="41.532227960" lon="-8.104036862" /><trkpt lat="41.532215373" lon="-8.104044875" /><trkpt lat="41.532202968" lon="-8.104051954" /><trkpt lat="41.532190731" lon="-8.104058107" /><trkpt lat="41.532178646" lon="-8.104063341" /><trkpt lat="41.532166696" lon="-8.104067667" /><trkpt lat="41.532154867" lon="-8.104071090" /><trkpt lat="41.532143143" lon="-8.104073621" /><trkpt lat="41.532131509" lon="-8.104075268" /><trkpt lat="41.532119947" lon="-8.104076038" /><trkpt lat="41.532108444" lon="-8.104075941" /><trkpt lat="41.532096983" lon="-8.104074984" /><trkpt lat="41.532085549" lon="-8.104073175" /><trkpt lat="41.532074126" lon="-8.104070524" /><trkpt lat="41.532062699" lon="-8.104067039" /><trkpt lat="41.532051252" lon="-8.104062727" /><trkpt lat="41.532039769" lon="-8.104057598" /><trkpt lat="41.532028234" lon="-8.104051659" /><trkpt lat="41.532016633" lon="-8.104044919" /><trkpt lat="41.532004949" lon="-8.104037387" /><trkpt lat="41.531993167" lon="-8.104029070" /><trkpt lat="41.531981271" lon="-8.104019976" /><trkpt lat="41.531969246" lon="-8.104010116" /><trkpt lat="41.531957076" lon="-8.103999496" /><trkpt lat="41.531944949" lon="-8.103988550" /><trkpt lat="41.531933042" lon="-8.103977731" /><trkpt lat="41.531921322" lon="-8.103967078" /><trkpt lat="41.531909752" lon="-8.103956629" /><trkpt lat="41.531898299" lon="-8.103946423" /><trkpt lat="41.531886929" lon="-8.103936496" /><trkpt lat="41.531875607" lon="-8.103926887" /><trkpt lat="41.531864299" lon="-8.103917635" /><trkpt lat="41.531852970" lon="-8.103908778" /><trkpt lat="41.531841586" lon="-8.103900353" /><trkpt lat="41.531830113" lon="-8.103892399" /><trkpt lat="41.531818517" lon="-8.103884954" /><trkpt lat="41.531806762" lon="-8.103878057" /><trkpt lat="41.531794816" lon="-8.103871744" /><trkpt lat="41.531782642" lon="-8.103866056" /><trkpt lat="41.531770208" lon="-8.103861028" /><trkpt lat="41.531757478" lon="-8.103856701" /><trkpt lat="41.531744418" lon="-8.103853111" /><trkpt lat="41.531730995" lon="-8.103850298" /><trkpt lat="41.531717172" lon="-8.103848298" /><trkpt lat="41.531702918" lon="-8.103847151" /><trkpt lat="41.531688195" lon="-8.103846895" /><trkpt lat="41.531672972" lon="-8.103847567" /><trkpt lat="41.531657212" lon="-8.103849206" /><trkpt lat="41.531640883" lon="-8.103851850" /><trkpt lat="41.531623948" lon="-8.103855537" /><trkpt lat="41.531606375" lon="-8.103860305" /><trkpt lat="41.531588128" lon="-8.103866192" /><trkpt lat="41.531569174" lon="-8.103873238" /><trkpt lat="41.531549478" lon="-8.103881478" /><trkpt lat="41.531529873" lon="-8.103890242" /><trkpt lat="41.531511207" lon="-8.103898842" /><trkpt lat="41.531493470" lon="-8.103907289" /><trkpt lat="41.531476652" lon="-8.103915599" /><trkpt lat="41.531460741" lon="-8.103923785" /><trkpt lat="41.531445727" lon="-8.103931861" /><trkpt lat="41.531431599" lon="-8.103939840" /><trkpt lat="41.531418347" lon="-8.103947736" /><trkpt lat="41.531405959" lon="-8.103955564" /><trkpt lat="41.531394425" lon="-8.103963335" /><trkpt lat="41.531383735" lon="-8.103971065" /><trkpt lat="41.531373877" lon="-8.103978767" /><trkpt lat="41.531364841" lon="-8.103986455" /><trkpt lat="41.531356616" lon="-8.103994142" /><trkpt lat="41.531349192" lon="-8.104001842" /><trkpt lat="41.531342558" lon="-8.104009569" /><trkpt lat="41.531336702" lon="-8.104017337" /><trkpt lat="41.531331615" lon="-8.104025159" /><trkpt lat="41.531327285" lon="-8.104033049" /><trkpt lat="41.531323703" lon="-8.104041020" /><trkpt lat="41.531320857" lon="-8.104049087" /><trkpt lat="41.531318736" lon="-8.104057263" /><trkpt lat="41.531317330" lon="-8.104065561" /><trkpt lat="41.531316628" lon="-8.104073997" /><trkpt lat="41.531316620" lon="-8.104082582" /><trkpt lat="41.531317294" lon="-8.104091331" /><trkpt lat="41.531318640" lon="-8.104100258" /><trkpt lat="41.531320647" lon="-8.104109376" /><trkpt lat="41.531323305" lon="-8.104118700" /><trkpt lat="41.531326603" lon="-8.104128242" /><trkpt lat="41.531330388" lon="-8.104137176" /><trkpt lat="41.531334497" lon="-8.104144712" /><trkpt lat="41.531338909" lon="-8.104150920" /><trkpt lat="41.531343601" lon="-8.104155866" /><trkpt lat="41.531348550" lon="-8.104159621" /><trkpt lat="41.531353734" lon="-8.104162252" /><trkpt lat="41.531359128" lon="-8.104163828" /><trkpt lat="41.531364712" lon="-8.104164418" /><trkpt lat="41.531370461" lon="-8.104164089" /><trkpt lat="41.531376354" lon="-8.104162912" /><trkpt lat="41.531382367" lon="-8.104160953" /><trkpt lat="41.531388478" lon="-8.104158282" /><trkpt lat="41.531394664" lon="-8.104154968" /><trkpt lat="41.531400902" lon="-8.104151078" /><trkpt lat="41.531407169" lon="-8.104146682" /><trkpt lat="41.531413444" lon="-8.104141847" /><trkpt lat="41.531419702" lon="-8.104136643" /><trkpt lat="41.531425921" lon="-8.104131138" /><trkpt lat="41.531432079" lon="-8.104125401" /><trkpt lat="41.531438152" lon="-8.104119500" /><trkpt lat="41.531444118" lon="-8.104113503" /><trkpt lat="41.531449955" lon="-8.104107479" /><trkpt lat="41.531455639" lon="-8.104101497" /><trkpt lat="41.531461147" lon="-8.104095626" /><trkpt lat="41.531466458" lon="-8.104089933" /><trkpt lat="41.531471547" lon="-8.104084488" /><trkpt lat="41.531476393" lon="-8.104079358" /><trkpt lat="41.531480973" lon="-8.104074613" /><trkpt lat="41.531485263" lon="-8.104070321" /><trkpt lat="41.531489242" lon="-8.104066551" /><trkpt lat="41.531493197" lon="-8.104062998" /><trkpt lat="41.531497436" lon="-8.104059335" /><trkpt lat="41.531501959" lon="-8.104055597" /><trkpt lat="41.531506769" lon="-8.104051815" /><trkpt lat="41.531511867" lon="-8.104048024" /><trkpt lat="41.531517255" lon="-8.104044256" /><trkpt lat="41.531522935" lon="-8.104040546" /><trkpt lat="41.531528909" lon="-8.104036926" /><trkpt lat="41.531535178" lon="-8.104033431" /><trkpt lat="41.531541744" lon="-8.104030093" /><trkpt lat="41.531548609" lon="-8.104026945" /><trkpt lat="41.531555775" lon="-8.104024022" /><trkpt lat="41.531563243" lon="-8.104021356" /><trkpt lat="41.531571015" lon="-8.104018981" /><trkpt lat="41.531579094" lon="-8.104016930" /><trkpt lat="41.531587481" lon="-8.104015237" /><trkpt lat="41.531596177" lon="-8.104013935" /><trkpt lat="41.531605184" lon="-8.104013057" /><trkpt lat="41.531614505" lon="-8.104012637" /><trkpt lat="41.531624141" lon="-8.104012708" /><trkpt lat="41.531634094" lon="-8.104013304" /><trkpt lat="41.531644365" lon="-8.104014457" /><trkpt lat="41.531654957" lon="-8.104016202" /><trkpt lat="41.531665870" lon="-8.104018571" /><trkpt lat="41.531677108" lon="-8.104021599" /><trkpt lat="41.531688671" lon="-8.104025318" /><trkpt lat="41.531700562" lon="-8.104029762" /><trkpt lat="41.531712783" lon="-8.104034963" /><trkpt lat="41.531725334" lon="-8.104040957" /><trkpt lat="41.531738218" lon="-8.104047775" /><trkpt lat="41.531749331" lon="-8.104053785" /><trkpt lat="41.531761462" lon="-8.104060060" /><trkpt lat="41.531774549" lon="-8.104066580" /><trkpt lat="41.531788528" lon="-8.104073330" /><trkpt lat="41.531803335" lon="-8.104080291" /><trkpt lat="41.531818907" lon="-8.104087444" /><trkpt lat="41.531835181" lon="-8.104094773" /><trkpt lat="41.531852092" lon="-8.104102260" /><trkpt lat="41.531869578" lon="-8.104109887" /><trkpt lat="41.531887574" lon="-8.104117635" /><trkpt lat="41.531906018" lon="-8.104125488" /><trkpt lat="41.531924846" lon="-8.104133427" /><trkpt lat="41.531943994" lon="-8.104141435" /><trkpt lat="41.531963399" lon="-8.104149493" /><trkpt lat="41.531982998" lon="-8.104157585" /><trkpt lat="41.532002726" lon="-8.104165692" /><trkpt lat="41.532022520" lon="-8.104173796" /><trkpt lat="41.532042318" lon="-8.104181880" /><trkpt lat="41.532062055" lon="-8.104189926" /><trkpt lat="41.532081667" lon="-8.104197916" /><trkpt lat="41.532101092" lon="-8.104205832" /><trkpt lat="41.532120266" lon="-8.104213657" /><trkpt lat="41.532139125" lon="-8.104221373" /><trkpt lat="41.532157606" lon="-8.104228961" /><trkpt lat="41.532175646" lon="-8.104236404" /><trkpt lat="41.532193180" lon="-8.104243685" /><trkpt lat="41.532210145" lon="-8.104250786" /><trkpt lat="41.532226479" lon="-8.104257688" /><trkpt lat="41.532242116" lon="-8.104264374" /><trkpt lat="41.532256995" lon="-8.104270826" /><trkpt lat="41.532271051" lon="-8.104277027" /><trkpt lat="41.532284220" lon="-8.104282958" /><trkpt lat="41.532296440" lon="-8.104288602" /><trkpt lat="41.532307647" lon="-8.104293941" /><trkpt lat="41.532317777" lon="-8.104298957" /><trkpt lat="41.532326767" lon="-8.104303632" /><trkpt lat="41.532334553" lon="-8.104307950" /><trkpt lat="41.532343377" lon="-8.104313430" /><trkpt lat="41.532352192" lon="-8.104319643" /><trkpt lat="41.532361016" lon="-8.104326535" /><trkpt lat="41.532369867" lon="-8.104334050" /><trkpt lat="41.532378763" lon="-8.104342135" /><trkpt lat="41.532387721" lon="-8.104350736" /><trkpt lat="41.532396759" lon="-8.104359798" /><trkpt lat="41.532405896" lon="-8.104369268" /><trkpt lat="41.532415148" lon="-8.104379090" /><trkpt lat="41.532424534" lon="-8.104389211" /><trkpt lat="41.532434072" lon="-8.104399576" /><trkpt lat="41.532443780" lon="-8.104410131" /><trkpt lat="41.532453675" lon="-8.104420822" /><trkpt lat="41.532463775" lon="-8.104431595" /><trkpt lat="41.532474098" lon="-8.104442395" /><trkpt lat="41.532484663" lon="-8.104453169" /><trkpt lat="41.532495486" lon="-8.104463861" /><trkpt lat="41.532506585" lon="-8.104474418" /><trkpt lat="41.532517980" lon="-8.104484786" /><trkpt lat="41.532529686" lon="-8.104494909" /><trkpt lat="41.532541723" lon="-8.104504735" /><trkpt lat="41.532554107" lon="-8.104514209" /><trkpt lat="41.532566858" lon="-8.104523276" /><trkpt lat="41.532579992" lon="-8.104531882" /><trkpt lat="41.532593528" lon="-8.104539973" /><trkpt lat="41.532607483" lon="-8.104547495" /><trkpt lat="41.532621876" lon="-8.104554394" /><trkpt lat="41.532636724" lon="-8.104560614" /><trkpt lat="41.532652044" lon="-8.104566103" /><trkpt lat="41.532667856" lon="-8.104570806" /><trkpt lat="41.532683825" lon="-8.104575127" /><trkpt lat="41.532699609" lon="-8.104579515" /><trkpt lat="41.532715209" lon="-8.104583984" /><trkpt lat="41.532730626" lon="-8.104588548" /><trkpt lat="41.532745864" lon="-8.104593220" /><trkpt lat="41.532760923" lon="-8.104598014" /><trkpt lat="41.532775805" lon="-8.104602945" /><trkpt lat="41.532790513" lon="-8.104608025" /><trkpt lat="41.532805047" lon="-8.104613268" /><trkpt lat="41.532819410" lon="-8.104618688" /><trkpt lat="41.532833604" lon="-8.104624300" /><trkpt lat="41.532847630" lon="-8.104630115" /><trkpt lat="41.532861489" lon="-8.104636149" /><trkpt lat="41.532875185" lon="-8.104642414" /><trkpt lat="41.532888718" lon="-8.104648925" /><trkpt lat="41.532902090" lon="-8.104655696" /><trkpt lat="41.532915304" lon="-8.104662739" /><trkpt lat="41.532928361" lon="-8.104670069" /><trkpt lat="41.532941262" lon="-8.104677700" /><trkpt lat="41.532954010" lon="-8.104685644" /><trkpt lat="41.532966606" lon="-8.104693917" /><trkpt lat="41.532979052" lon="-8.104702531" /><trkpt lat="41.532991350" lon="-8.104711500" /><trkpt lat="41.533003502" lon="-8.104720838" /><trkpt lat="41.533015509" lon="-8.104730559" /><trkpt lat="41.533027373" lon="-8.104740676" /><trkpt lat="41.533039096" lon="-8.104751203" /><trkpt lat="41.533050681" lon="-8.104762154" /><trkpt lat="41.533062127" lon="-8.104773543" /><trkpt lat="41.533073438" lon="-8.104785383" /><trkpt lat="41.533081360" lon="-8.104793841" /><trkpt lat="41.533089783" lon="-8.104802737" /><trkpt lat="41.533098689" lon="-8.104812044" /><trkpt lat="41.533108065" lon="-8.104821737" /><trkpt lat="41.533117893" lon="-8.104831786" /><trkpt lat="41.533128157" lon="-8.104842166" /><trkpt lat="41.533138842" lon="-8.104852850" /><trkpt lat="41.533149932" lon="-8.104863810" /><trkpt lat="41.533161410" lon="-8.104875019" /><trkpt lat="41.533173261" lon="-8.104886450" /><trkpt lat="41.533185469" lon="-8.104898077" /><trkpt lat="41.533198017" lon="-8.104909873" /><trkpt lat="41.533210890" lon="-8.104921809" /><trkpt lat="41.533224072" lon="-8.104933860" /><trkpt lat="41.533237546" lon="-8.104945998" /><trkpt lat="41.533251298" lon="-8.104958197" /><trkpt lat="41.533265310" lon="-8.104970428" /><trkpt lat="41.533279566" lon="-8.104982666" /><trkpt lat="41.533294052" lon="-8.104994884" /><trkpt lat="41.533308751" lon="-8.105007053" /><trkpt lat="41.533323646" lon="-8.105019147" /><trkpt lat="41.533338722" lon="-8.105031140" /><trkpt lat="41.533353963" lon="-8.105043004" /><trkpt lat="41.533369353" lon="-8.105054712" /><trkpt lat="41.533384876" lon="-8.105066237" /><trkpt lat="41.533400516" lon="-8.105077552" /><trkpt lat="41.533416257" lon="-8.105088631" /><trkpt lat="41.533432083" lon="-8.105099445" /><trkpt lat="41.533447978" lon="-8.105109968" /><trkpt lat="41.533463926" lon="-8.105120174" /><trkpt lat="41.533479911" lon="-8.105130034" /><trkpt lat="41.533495917" lon="-8.105139523" /><trkpt lat="41.533511928" lon="-8.105148613" /><trkpt lat="41.533527928" lon="-8.105157276" /><trkpt lat="41.533543901" lon="-8.105165486" /><trkpt lat="41.533559832" lon="-8.105173217" /><trkpt lat="41.533575704" lon="-8.105180440" /><trkpt lat="41.533591501" lon="-8.105187129" /><trkpt lat="41.533607207" lon="-8.105193258" /><trkpt lat="41.533622806" lon="-8.105198798" /><trkpt lat="41.533638282" lon="-8.105203722" /><trkpt lat="41.533653620" lon="-8.105208005" /><trkpt lat="41.533668803" lon="-8.105211619" /><trkpt lat="41.533683816" lon="-8.105214536" /><trkpt lat="41.533699222" lon="-8.105217100" /><trkpt lat="41.533714897" lon="-8.105219551" /><trkpt lat="41.533730827" lon="-8.105221892" /><trkpt lat="41.533747001" lon="-8.105224123" /><trkpt lat="41.533763406" lon="-8.105226246" /><trkpt lat="41.533780029" lon="-8.105228262" /><trkpt lat="41.533796859" lon="-8.105230172" /><trkpt lat="41.533813883" lon="-8.105231978" /><trkpt lat="41.533831089" lon="-8.105233680" /><trkpt lat="41.533848465" lon="-8.105235279" /><trkpt lat="41.533865998" lon="-8.105236778" /><trkpt lat="41.533883677" lon="-8.105238177" /><trkpt lat="41.533901488" lon="-8.105239478" /><trkpt lat="41.533919420" lon="-8.105240681" /><trkpt lat="41.533937460" lon="-8.105241788" /><trkpt lat="41.533955596" lon="-8.105242800" /><trkpt lat="41.533973816" lon="-8.105243718" /><trkpt lat="41.533992108" lon="-8.105244544" /><trkpt lat="41.534010459" lon="-8.105245278" /><trkpt lat="41.534028856" lon="-8.105245922" /><trkpt lat="41.534047289" lon="-8.105246478" /><trkpt lat="41.534065744" lon="-8.105246946" /><trkpt lat="41.534084209" lon="-8.105247327" /><trkpt lat="41.534102672" lon="-8.105247623" /><trkpt lat="41.534121120" lon="-8.105247836" /><trkpt lat="41.534139542" lon="-8.105247965" /><trkpt lat="41.534157925" lon="-8.105248013" /><trkpt lat="41.534176257" lon="-8.105247980" /><trkpt lat="41.534194525" lon="-8.105247869" /><trkpt lat="41.534212717" lon="-8.105247679" /><trkpt lat="41.534230822" lon="-8.105247413" /><trkpt lat="41.534248826" lon="-8.105247071" /><trkpt lat="41.534266717" lon="-8.105246655" /><trkpt lat="41.534284484" lon="-8.105246166" /><trkpt lat="41.534302113" lon="-8.105245605" /><trkpt lat="41.534319594" lon="-8.105244973" /><trkpt lat="41.534336912" lon="-8.105244272" /><trkpt lat="41.534354056" lon="-8.105243503" /><trkpt lat="41.534371015" lon="-8.105242667" /><trkpt lat="41.534387775" lon="-8.105241765" /><trkpt lat="41.534404324" lon="-8.105240798" /><trkpt lat="41.534420650" lon="-8.105239768" /><trkpt lat="41.534436740" lon="-8.105238676" /><trkpt lat="41.534456281" lon="-8.105237344" /><trkpt lat="41.534475665" lon="-8.105236110" /><trkpt lat="41.534494895" lon="-8.105234980" /><trkpt lat="41.534513972" lon="-8.105233962" /><trkpt lat="41.534532898" lon="-8.105233061" /><trkpt lat="41.534551672" lon="-8.105232285" /><trkpt lat="41.534570298" lon="-8.105231638" /><trkpt lat="41.534588777" lon="-8.105231128" /><trkpt lat="41.534607109" lon="-8.105230761" /><trkpt lat="41.534625297" lon="-8.105230543" /><trkpt lat="41.534643341" lon="-8.105230482" /><trkpt lat="41.534661243" lon="-8.105230582" /><trkpt lat="41.534679005" lon="-8.105230851" /><trkpt lat="41.534696628" lon="-8.105231295" /><trkpt lat="41.534714113" lon="-8.105231920" /><trkpt lat="41.534731462" lon="-8.105232732" /><trkpt lat="41.534748676" lon="-8.105233739" /><trkpt lat="41.534765756" lon="-8.105234947" /><trkpt lat="41.534782705" lon="-8.105236361" /><trkpt lat="41.534799522" lon="-8.105237988" /><trkpt lat="41.534816211" lon="-8.105239835" /><trkpt lat="41.534832772" lon="-8.105241908" /><trkpt lat="41.534849206" lon="-8.105244213" /><trkpt lat="41.534865515" lon="-8.105246757" /><trkpt lat="41.534881701" lon="-8.105249546" /><trkpt lat="41.534897764" lon="-8.105252586" /><trkpt lat="41.534913707" lon="-8.105255884" /><trkpt lat="41.534929530" lon="-8.105259447" /><trkpt lat="41.534945235" lon="-8.105263280" /><trkpt lat="41.534960823" lon="-8.105267391" /><trkpt lat="41.534976297" lon="-8.105271784" /><trkpt lat="41.534991656" lon="-8.105276468" /><trkpt lat="41.535006903" lon="-8.105281447" /><trkpt lat="41.535022039" lon="-8.105286729" /><trkpt lat="41.535037066" lon="-8.105292320" /><trkpt lat="41.535049519" lon="-8.105297035" /><trkpt lat="41.535062490" lon="-8.105301813" /><trkpt lat="41.535075954" lon="-8.105306639" /><trkpt lat="41.535089890" lon="-8.105311498" /><trkpt lat="41.535104273" lon="-8.105316375" /><trkpt lat="41.535119080" lon="-8.105321253" /><trkpt lat="41.535134287" lon="-8.105326119" /><trkpt lat="41.535149873" lon="-8.105330958" /><trkpt lat="41.535165812" lon="-8.105335753" /><trkpt lat="41.535182082" lon="-8.105340489" /><trkpt lat="41.535198659" lon="-8.105345153" /><trkpt lat="41.535215521" lon="-8.105349727" /><trkpt lat="41.535232643" lon="-8.105354198" /><trkpt lat="41.535250003" lon="-8.105358550" /><trkpt lat="41.535267576" lon="-8.105362768" /><trkpt lat="41.535285341" lon="-8.105366836" /><trkpt lat="41.535303273" lon="-8.105370739" /><trkpt lat="41.535321349" lon="-8.105374463" /><trkpt lat="41.535339545" lon="-8.105377992" /><trkpt lat="41.535357840" lon="-8.105381311" /><trkpt lat="41.535376208" lon="-8.105384405" /><trkpt lat="41.535394627" lon="-8.105387258" /><trkpt lat="41.535413073" lon="-8.105389855" /><trkpt lat="41.535431524" lon="-8.105392182" /><trkpt lat="41.535449955" lon="-8.105394223" /><trkpt lat="41.535468344" lon="-8.105395962" /><trkpt lat="41.535486667" lon="-8.105397385" /><trkpt lat="41.535504900" lon="-8.105398477" /><trkpt lat="41.535523021" lon="-8.105399221" /><trkpt lat="41.535541006" lon="-8.105399604" /><trkpt lat="41.535558832" lon="-8.105399610" /><trkpt lat="41.535576475" lon="-8.105399223" /><trkpt lat="41.535593913" lon="-8.105398430" /><trkpt lat="41.535611121" lon="-8.105397213" /><trkpt lat="41.535628076" lon="-8.105395558" /><trkpt lat="41.535644756" lon="-8.105393451" /><trkpt lat="41.535661136" lon="-8.105390875" /><trkpt lat="41.535677194" lon="-8.105387817" /><trkpt lat="41.535692906" lon="-8.105384259" /><trkpt lat="41.535708249" lon="-8.105380188" /><trkpt lat="41.535723199" lon="-8.105375588" /><trkpt lat="41.535737733" lon="-8.105370443" /><trkpt lat="41.535751828" lon="-8.105364740" /><trkpt lat="41.535770232" lon="-8.105356787" /><trkpt lat="41.535788185" lon="-8.105349047" /><trkpt lat="41.535805701" lon="-8.105341561" /><trkpt lat="41.535822793" lon="-8.105334371" /><trkpt lat="41.535839474" lon="-8.105327517" /><trkpt lat="41.535855759" lon="-8.105321039" /><trkpt lat="41.535871661" lon="-8.105314979" /><trkpt lat="41.535887194" lon="-8.105309377" /><trkpt lat="41.535902370" lon="-8.105304275" /><trkpt lat="41.535917204" lon="-8.105299711" /><trkpt lat="41.535931710" lon="-8.105295729" /><trkpt lat="41.535945900" lon="-8.105292367" /><trkpt lat="41.535959789" lon="-8.105289668" /><trkpt lat="41.535973391" lon="-8.105287672" /><trkpt lat="41.535986718" lon="-8.105286419" /><trkpt lat="41.535999784" lon="-8.105285950" /><trkpt lat="41.536012603" lon="-8.105286306" /><trkpt lat="41.536025189" lon="-8.105287529" /><trkpt lat="41.536037555" lon="-8.105289658" /><trkpt lat="41.536049715" lon="-8.105292734" /><trkpt lat="41.536061682" lon="-8.105296799" /><trkpt lat="41.536073470" lon="-8.105301892" /><trkpt lat="41.536085092" lon="-8.105308055" /><trkpt lat="41.536096563" lon="-8.105315329" /><trkpt lat="41.536107896" lon="-8.105323753" /><trkpt lat="41.536119103" lon="-8.105333370" /><trkpt lat="41.536130200" lon="-8.105344219" /><trkpt lat="41.536141200" lon="-8.105356342" /><trkpt lat="41.536152115" lon="-8.105369779" /><trkpt lat="41.536162961" lon="-8.105384572" /><trkpt lat="41.536173750" lon="-8.105400760" /><trkpt lat="41.536184495" lon="-8.105418384" /><trkpt lat="41.536192856" lon="-8.105432717" /><trkpt lat="41.536201198" lon="-8.105447044" /><trkpt lat="41.536209538" lon="-8.105461342" /><trkpt lat="41.536217891" lon="-8.105475586" /><trkpt lat="41.536226270" lon="-8.105489752" /><trkpt lat="41.536234692" lon="-8.105503816" /><trkpt lat="41.536243171" lon="-8.105517753" /><trkpt lat="41.536251721" lon="-8.105531540" /><trkpt lat="41.536260358" lon="-8.105545151" /><trkpt lat="41.536269096" lon="-8.105558563" /><trkpt lat="41.536277951" lon="-8.105571752" /><trkpt lat="41.536286937" lon="-8.105584692" /><trkpt lat="41.536296069" lon="-8.105597360" /><trkpt lat="41.536305362" lon="-8.105609731" /><trkpt lat="41.536314830" lon="-8.105621782" /><trkpt lat="41.536324489" lon="-8.105633488" /><trkpt lat="41.536334354" lon="-8.105644824" /><trkpt lat="41.536344439" lon="-8.105655766" /><trkpt lat="41.536354759" lon="-8.105666291" /><trkpt lat="41.536365329" lon="-8.105676373" /><trkpt lat="41.536376164" lon="-8.105685989" /><trkpt lat="41.536387279" lon="-8.105695113" /><trkpt lat="41.536398688" lon="-8.105703723" /><trkpt lat="41.536410407" lon="-8.105711794" /><trkpt lat="41.536422450" lon="-8.105719300" /><trkpt lat="41.536434832" lon="-8.105726219" /><trkpt lat="41.536447568" lon="-8.105732525" /><trkpt lat="41.536460674" lon="-8.105738195" /><trkpt lat="41.536474162" lon="-8.105743205" /><trkpt lat="41.536488050" lon="-8.105747529" /><trkpt lat="41.536502351" lon="-8.105751143" /><trkpt lat="41.536517080" lon="-8.105754024" /><trkpt lat="41.536532253" lon="-8.105756147" /><trkpt lat="41.536547883" lon="-8.105757488" /><trkpt lat="41.536563986" lon="-8.105758022" /><trkpt lat="41.536580577" lon="-8.105757726" /><trkpt lat="41.536597671" lon="-8.105756574" /><trkpt lat="41.536615282" lon="-8.105754543" /><trkpt lat="41.536633426" lon="-8.105751609" /><trkpt lat="41.536652116" lon="-8.105747746" /><trkpt lat="41.536671369" lon="-8.105742931" /><trkpt lat="41.536692822" lon="-8.105737324" /><trkpt lat="41.536713883" lon="-8.105732246" /><trkpt lat="41.536734553" lon="-8.105727698" /><trkpt lat="41.536754837" lon="-8.105723679" /><trkpt lat="41.536774738" lon="-8.105720191" /><trkpt lat="41.536794258" lon="-8.105717234" /><trkpt lat="41.536813400" lon="-8.105714807" /><trkpt lat="41.536832168" lon="-8.105712911" /><trkpt lat="41.536850565" lon="-8.105711548" /><trkpt lat="41.536868594" lon="-8.105710716" /><trkpt lat="41.536886257" lon="-8.105710416" /><trkpt lat="41.536903559" lon="-8.105710648" /><trkpt lat="41.536920502" lon="-8.105711414" /><trkpt lat="41.536937088" lon="-8.105712712" /><trkpt lat="41.536953323" lon="-8.105714544" /><trkpt lat="41.536969207" lon="-8.105716910" /><trkpt lat="41.536984746" lon="-8.105719810" /><trkpt lat="41.536999940" lon="-8.105723244" /><trkpt lat="41.537014795" lon="-8.105727213" /><trkpt lat="41.537029312" lon="-8.105731717" /><trkpt lat="41.537043495" lon="-8.105736756" /><trkpt lat="41.537057347" lon="-8.105742331" /><trkpt lat="41.537070871" lon="-8.105748442" /><trkpt lat="41.537084070" lon="-8.105755090" /><trkpt lat="41.537096948" lon="-8.105762274" /><trkpt lat="41.537109507" lon="-8.105769994" /><trkpt lat="41.537121750" lon="-8.105778253" /><trkpt lat="41.537133680" lon="-8.105787048" /><trkpt lat="41.537145302" lon="-8.105796382" /><trkpt lat="41.537156617" lon="-8.105806254" /><trkpt lat="41.537167628" lon="-8.105816664" /><trkpt lat="41.537178340" lon="-8.105827613" /><trkpt lat="41.537188755" lon="-8.105839102" /><trkpt lat="41.537198875" lon="-8.105851129" /><trkpt lat="41.537208705" lon="-8.105863697" /><trkpt lat="41.537218247" lon="-8.105876805" /><trkpt lat="41.537227504" lon="-8.105890453" /><trkpt lat="41.537235943" lon="-8.105903130" /><trkpt lat="41.537244793" lon="-8.105916031" /><trkpt lat="41.537254035" lon="-8.105929139" /><trkpt lat="41.537263651" lon="-8.105942438" /><trkpt lat="41.537273623" lon="-8.105955912" /><trkpt lat="41.537283930" lon="-8.105969545" /><trkpt lat="41.537294556" lon="-8.105983320" /><trkpt lat="41.537305481" lon="-8.105997222" /><trkpt lat="41.537316686" lon="-8.106011234" /><trkpt lat="41.537328152" lon="-8.106025340" /><trkpt lat="41.537339862" lon="-8.106039525" /><trkpt lat="41.537351796" lon="-8.106053772" /><trkpt lat="41.537363935" lon="-8.106068065" /><trkpt lat="41.537376261" lon="-8.106082388" /><trkpt lat="41.537388756" lon="-8.106096725" /><trkpt lat="41.537401399" lon="-8.106111059" /><trkpt lat="41.537414174" lon="-8.106125375" /><trkpt lat="41.537427060" lon="-8.106139656" /><trkpt lat="41.537440040" lon="-8.106153887" /><trkpt lat="41.537453095" lon="-8.106168050" /><trkpt lat="41.537466205" lon="-8.106182131" /><trkpt lat="41.537479353" lon="-8.106196113" /><trkpt lat="41.537492519" lon="-8.106209980" /><trkpt lat="41.537505685" lon="-8.106223716" /><trkpt lat="41.537518832" lon="-8.106237304" /><trkpt lat="41.537531942" lon="-8.106250729" /><trkpt lat="41.537544995" lon="-8.106263974" /><trkpt lat="41.537557973" lon="-8.106277023" /><trkpt lat="41.537570858" lon="-8.106289861" /><trkpt lat="41.537583630" lon="-8.106302471" /><trkpt lat="41.537596271" lon="-8.106314837" /><trkpt lat="41.537608763" lon="-8.106326943" /><trkpt lat="41.537621085" lon="-8.106338772" /><trkpt lat="41.537633221" lon="-8.106350309" /><trkpt lat="41.537645151" lon="-8.106361538" /><trkpt lat="41.537656856" lon="-8.106372442" /><trkpt lat="41.537668318" lon="-8.106383006" /><trkpt lat="41.537679518" lon="-8.106393212" /><trkpt lat="41.537690437" lon="-8.106403046" /><trkpt lat="41.537701057" lon="-8.106412491" /><trkpt lat="41.537711358" lon="-8.106421530" /><trkpt lat="41.537722375" lon="-8.106431154" /><trkpt lat="41.537733536" lon="-8.106440972" /><trkpt lat="41.537744819" lon="-8.106450985" /><trkpt lat="41.537756203" lon="-8.106461199" /><trkpt lat="41.537767665" lon="-8.106471616" /><trkpt lat="41.537779183" lon="-8.106482241" /><trkpt lat="41.537790735" lon="-8.106493076" /><trkpt lat="41.537802298" lon="-8.106504125" /><trkpt lat="41.537813851" lon="-8.106515391" /><trkpt lat="41.537825371" lon="-8.106526879" /><trkpt lat="41.537836836" lon="-8.106538591" /><trkpt lat="41.537848224" lon="-8.106550532" /><trkpt lat="41.537859513" lon="-8.106562704" /><trkpt lat="41.537870681" lon="-8.106575112" /><trkpt lat="41.537881705" lon="-8.106587758" /><trkpt lat="41.537892563" lon="-8.106600647" /><trkpt lat="41.537903234" lon="-8.106613781" /><trkpt lat="41.537913694" lon="-8.106627164" /><trkpt lat="41.537923922" lon="-8.106640801" /><trkpt lat="41.537933895" lon="-8.106654694" /><trkpt lat="41.537943592" lon="-8.106668846" /><trkpt lat="41.537952990" lon="-8.106683262" /><trkpt lat="41.537962067" lon="-8.106697945" /><trkpt lat="41.537970801" lon="-8.106712898" /><trkpt lat="41.537979170" lon="-8.106728125" /><trkpt lat="41.537987152" lon="-8.106743630" /><trkpt lat="41.537994723" lon="-8.106759416" /><trkpt lat="41.538001863" lon="-8.106775486" /><trkpt lat="41.538008549" lon="-8.106791844" /><trkpt lat="41.538014758" lon="-8.106808493" /><trkpt lat="41.538020470" lon="-8.106825438" /><trkpt lat="41.538025661" lon="-8.106842681" /><trkpt lat="41.538030309" lon="-8.106860227" /><trkpt lat="41.538034392" lon="-8.106878077" /><trkpt lat="41.538037888" lon="-8.106896238" /><trkpt lat="41.538040775" lon="-8.106914710" /><trkpt lat="41.538043031" lon="-8.106933499" /><trkpt lat="41.538044633" lon="-8.106952608" /><trkpt lat="41.538046031" lon="-8.106972322" /><trkpt lat="41.538047616" lon="-8.106991885" /><trkpt lat="41.538049381" lon="-8.107011300" /><trkpt lat="41.538051320" lon="-8.107030567" /><trkpt lat="41.538053426" lon="-8.107049689" /><trkpt lat="41.538055692" lon="-8.107068668" /><trkpt lat="41.538058111" lon="-8.107087505" /><trkpt lat="41.538060678" lon="-8.107106203" /><trkpt lat="41.538063385" lon="-8.107124763" /><trkpt lat="41.538066225" lon="-8.107143188" /><trkpt lat="41.538069193" lon="-8.107161479" /><trkpt lat="41.538072281" lon="-8.107179638" /><trkpt lat="41.538075482" lon="-8.107197667" /><trkpt lat="41.538078791" lon="-8.107215568" /><trkpt lat="41.538082200" lon="-8.107233343" /><trkpt lat="41.538085702" lon="-8.107250994" /><trkpt lat="41.538089292" lon="-8.107268522" /><trkpt lat="41.538092962" lon="-8.107285930" /><trkpt lat="41.538096706" lon="-8.107303219" /><trkpt lat="41.538100517" lon="-8.107320392" /><trkpt lat="41.538104388" lon="-8.107337450" /><trkpt lat="41.538108313" lon="-8.107354396" /><trkpt lat="41.538112285" lon="-8.107371230" /><trkpt lat="41.538116297" lon="-8.107387956" /><trkpt lat="41.538120344" lon="-8.107404574" /><trkpt lat="41.538124417" lon="-8.107421087" /><trkpt lat="41.538128511" lon="-8.107437497" /><trkpt lat="41.538132618" lon="-8.107453806" /><trkpt lat="41.538136733" lon="-8.107470015" /><trkpt lat="41.538140848" lon="-8.107486127" /><trkpt lat="41.538144958" lon="-8.107502143" /><trkpt lat="41.538149054" lon="-8.107518065" /><trkpt lat="41.538153130" lon="-8.107533896" /><trkpt lat="41.538157181" lon="-8.107549636" /><trkpt lat="41.538161199" lon="-8.107565289" /><trkpt lat="41.538165177" lon="-8.107580856" /><trkpt lat="41.538169109" lon="-8.107596338" /><trkpt lat="41.538173761" lon="-8.107614964" /><trkpt lat="41.538178084" lon="-8.107632804" /><trkpt lat="41.538182085" lon="-8.107649928" /><trkpt lat="41.538185768" lon="-8.107666409" /><trkpt lat="41.538189139" lon="-8.107682317" /><trkpt lat="41.538192205" lon="-8.107697725" /><trkpt lat="41.538194971" lon="-8.107712704" /><trkpt lat="41.538197444" lon="-8.107727325" /><trkpt lat="41.538199628" lon="-8.107741660" /><trkpt lat="41.538201529" lon="-8.107755780" /><trkpt lat="41.538203154" lon="-8.107769758" /><trkpt lat="41.538204508" lon="-8.107783663" /><trkpt lat="41.538205597" lon="-8.107797569" /><trkpt lat="41.538206427" lon="-8.107811546" /><trkpt lat="41.538207004" lon="-8.107825667" /><trkpt lat="41.538207333" lon="-8.107840002" /><trkpt lat="41.538207420" lon="-8.107854623" /><trkpt lat="41.538207271" lon="-8.107869601" /><trkpt lat="41.538206892" lon="-8.107885009" /><trkpt lat="41.538206288" lon="-8.107900918" /><trkpt lat="41.538205466" lon="-8.107917398" /><trkpt lat="41.538204431" lon="-8.107934523" /><trkpt lat="41.538203189" lon="-8.107952362" /><trkpt lat="41.538201746" lon="-8.107970989" /><trkpt lat="41.538200107" lon="-8.107990474" /><trkpt lat="41.538198279" lon="-8.108010888" /><trkpt lat="41.538196267" lon="-8.108032304" /><trkpt lat="41.538194077" lon="-8.108054793" /><trkpt lat="41.538191714" lon="-8.108078426" /><trkpt lat="41.538189186" lon="-8.108103275" /><trkpt lat="41.538188065" lon="-8.108114151" /><trkpt lat="41.538186876" lon="-8.108125534" /><trkpt lat="41.538185622" lon="-8.108137411" /><trkpt lat="41.538184300" lon="-8.108149767" /><trkpt lat="41.538182913" lon="-8.108162589" /><trkpt lat="41.538181461" lon="-8.108175863" /><trkpt lat="41.538179943" lon="-8.108189574" /><trkpt lat="41.538178360" lon="-8.108203709" /><trkpt lat="41.538176712" lon="-8.108218254" /><trkpt lat="41.538175001" lon="-8.108233195" /><trkpt lat="41.538173225" lon="-8.108248517" /><trkpt lat="41.538171386" lon="-8.108264208" /><trkpt lat="41.538169484" lon="-8.108280252" /><trkpt lat="41.538167519" lon="-8.108296636" /><trkpt lat="41.538165492" lon="-8.108313347" /><trkpt lat="41.538163403" lon="-8.108330369" /><trkpt lat="41.538161252" lon="-8.108347689" /><trkpt lat="41.538159039" lon="-8.108365294" /><trkpt lat="41.538156766" lon="-8.108383168" /><trkpt lat="41.538154432" lon="-8.108401299" /><trkpt lat="41.538152038" lon="-8.108419671" /><trkpt lat="41.538149583" lon="-8.108438272" /><trkpt lat="41.538147069" lon="-8.108457087" /><trkpt lat="41.538144496" lon="-8.108476102" /><trkpt lat="41.538141865" lon="-8.108495304" /><trkpt lat="41.538139174" lon="-8.108514678" /><trkpt lat="41.538136426" lon="-8.108534210" /><trkpt lat="41.538133619" lon="-8.108553886" /><trkpt lat="41.538130755" lon="-8.108573693" /><trkpt lat="41.538127834" lon="-8.108593617" /><trkpt lat="41.538124857" lon="-8.108613642" /><trkpt lat="41.538121823" lon="-8.108633757" /><trkpt lat="41.538118733" lon="-8.108653945" /><trkpt lat="41.538115587" lon="-8.108674195" /><trkpt lat="41.538112386" lon="-8.108694491" /><trkpt lat="41.538109130" lon="-8.108714819" /><trkpt lat="41.538105819" lon="-8.108735166" /><trkpt lat="41.538102454" lon="-8.108755518" /><trkpt lat="41.538099036" lon="-8.108775860" /><trkpt lat="41.538095563" lon="-8.108796179" /><trkpt lat="41.538092038" lon="-8.108816461" /><trkpt lat="41.538088459" lon="-8.108836692" /><trkpt lat="41.538084829" lon="-8.108856857" /><trkpt lat="41.538081146" lon="-8.108876944" /><trkpt lat="41.538077411" lon="-8.108896937" /><trkpt lat="41.538073625" lon="-8.108916823" /><trkpt lat="41.538069788" lon="-8.108936588" /><trkpt lat="41.538065900" lon="-8.108956218" /><trkpt lat="41.538061962" lon="-8.108975699" /><trkpt lat="41.538057973" lon="-8.108995017" /><trkpt lat="41.538053935" lon="-8.109014158" /><trkpt lat="41.538049848" lon="-8.109033108" /><trkpt lat="41.538045712" lon="-8.109051853" /><trkpt lat="41.538041528" lon="-8.109070379" /><trkpt lat="41.538037295" lon="-8.109088673" /><trkpt lat="41.538033014" lon="-8.109106719" /><trkpt lat="41.538028686" lon="-8.109124505" /><trkpt lat="41.538024310" lon="-8.109142017" /><trkpt lat="41.538019888" lon="-8.109159239" /><trkpt lat="41.538015420" lon="-8.109176159" /><trkpt lat="41.538010905" lon="-8.109192762" /><trkpt lat="41.538006345" lon="-8.109209035" /><trkpt lat="41.538001739" lon="-8.109224963" /><trkpt lat="41.537997088" lon="-8.109240532" /><trkpt lat="41.537992392" lon="-8.109255729" /><trkpt lat="41.537987653" lon="-8.109270539" /><trkpt lat="41.537982869" lon="-8.109284949" /><trkpt lat="41.537978042" lon="-8.109298944" /><trkpt lat="41.537973171" lon="-8.109312512" /><trkpt lat="41.537968257" lon="-8.109325636" /><trkpt lat="41.537963301" lon="-8.109338304" /><trkpt lat="41.537958303" lon="-8.109350502" /><trkpt lat="41.537950640" lon="-8.109368699" /><trkpt lat="41.537943030" lon="-8.109386660" /><trkpt lat="41.537935480" lon="-8.109404395" /><trkpt lat="41.537927993" lon="-8.109421916" /><trkpt lat="41.537920576" lon="-8.109439233" /><trkpt lat="41.537913232" lon="-8.109456359" /><trkpt lat="41.537905968" lon="-8.109473304" /><trkpt lat="41.537898788" lon="-8.109490080" /><trkpt lat="41.537891696" lon="-8.109506697" /><trkpt lat="41.537884699" lon="-8.109523167" /><trkpt lat="41.537877800" lon="-8.109539500" /><trkpt lat="41.537871006" lon="-8.109555709" /><trkpt lat="41.537864320" lon="-8.109571804" /><trkpt lat="41.537857749" lon="-8.109587797" /><trkpt lat="41.537851296" lon="-8.109603698" /><trkpt lat="41.537844967" lon="-8.109619518" /><trkpt lat="41.537838768" lon="-8.109635270" /><trkpt lat="41.537832702" lon="-8.109650963" /><trkpt lat="41.537826775" lon="-8.109666610" /><trkpt lat="41.537820991" lon="-8.109682221" /><trkpt lat="41.537815357" lon="-8.109697808" /><trkpt lat="41.537809876" lon="-8.109713381" /><trkpt lat="41.537804555" lon="-8.109728952" /><trkpt lat="41.537799397" lon="-8.109744532" /><trkpt lat="41.537794408" lon="-8.109760133" /><trkpt lat="41.537789593" lon="-8.109775764" /><trkpt lat="41.537784956" lon="-8.109791438" /><trkpt lat="41.537780504" lon="-8.109807166" /><trkpt lat="41.537776240" lon="-8.109822958" /><trkpt lat="41.537772170" lon="-8.109838827" /><trkpt lat="41.537768298" lon="-8.109854782" /><trkpt lat="41.537764631" lon="-8.109870836" /><trkpt lat="41.537761172" lon="-8.109886999" /><trkpt lat="41.537757927" lon="-8.109903283" /><trkpt lat="41.537754900" lon="-8.109919699" /><trkpt lat="41.537752098" lon="-8.109936257" /><trkpt lat="41.537749524" lon="-8.109952970" /><trkpt lat="41.537747183" lon="-8.109969848" /><trkpt lat="41.537745081" lon="-8.109986902" /><trkpt lat="41.537743223" lon="-8.110004144" /><trkpt lat="41.537741614" lon="-8.110021584" /><trkpt lat="41.537740258" lon="-8.110039235" /><trkpt lat="41.537739161" lon="-8.110057106" /><trkpt lat="41.537738327" lon="-8.110075210" /><trkpt lat="41.537737762" lon="-8.110093557" /><trkpt lat="41.537737471" lon="-8.110112158" /><trkpt lat="41.537737458" lon="-8.110131025" /><trkpt lat="41.537737514" lon="-8.110142898" /><trkpt lat="41.537737527" lon="-8.110155306" /><trkpt lat="41.537737498" lon="-8.110168235" /><trkpt lat="41.537737428" lon="-8.110181670" /><trkpt lat="41.537737319" lon="-8.110195594" /><trkpt lat="41.537737171" lon="-8.110209993" /><trkpt lat="41.537736988" lon="-8.110224852" /><trkpt lat="41.537736769" lon="-8.110240156" /><trkpt lat="41.537736515" lon="-8.110255888" /><trkpt lat="41.537736230" lon="-8.110272035" /><trkpt lat="41.537735913" lon="-8.110288580" /><trkpt lat="41.537735566" lon="-8.110305508" /><trkpt lat="41.537735191" lon="-8.110322805" /><trkpt lat="41.537734788" lon="-8.110340455" /><trkpt lat="41.537734360" lon="-8.110358443" /><trkpt lat="41.537733907" lon="-8.110376753" /><trkpt lat="41.537733431" lon="-8.110395371" /><trkpt lat="41.537732933" lon="-8.110414281" /><trkpt lat="41.537732415" lon="-8.110433468" /><trkpt lat="41.537731877" lon="-8.110452916" /><trkpt lat="41.537731322" lon="-8.110472611" /><trkpt lat="41.537730750" lon="-8.110492537" /><trkpt lat="41.537730164" lon="-8.110512679" /><trkpt lat="41.537729563" lon="-8.110533022" /><trkpt lat="41.537728950" lon="-8.110553550" /><trkpt lat="41.537728326" lon="-8.110574249" /><trkpt lat="41.537727692" lon="-8.110595103" /><trkpt lat="41.537727050" lon="-8.110616096" /><trkpt lat="41.537726401" lon="-8.110637214" /><trkpt lat="41.537725746" lon="-8.110658442" /><trkpt lat="41.537725087" lon="-8.110679763" /><trkpt lat="41.537724425" lon="-8.110701164" /><trkpt lat="41.537723762" lon="-8.110722628" /><trkpt lat="41.537723097" lon="-8.110744141" /><trkpt lat="41.537722435" lon="-8.110765687" /><trkpt lat="41.537721774" lon="-8.110787251" /><trkpt lat="41.537721117" lon="-8.110808818" /><trkpt lat="41.537720465" lon="-8.110830372" /><trkpt lat="41.537719820" lon="-8.110851899" /><trkpt lat="41.537719183" lon="-8.110873383" /><trkpt lat="41.537718554" lon="-8.110894809" /><trkpt lat="41.537717936" lon="-8.110916161" /><trkpt lat="41.537717330" lon="-8.110937425" /><trkpt lat="41.537716738" lon="-8.110958585" /><trkpt lat="41.537716159" lon="-8.110979625" /><trkpt lat="41.537715597" lon="-8.111000532" /><trkpt lat="41.537715051" lon="-8.111021289" /><trkpt lat="41.537714525" lon="-8.111041882" /><trkpt lat="41.537714018" lon="-8.111062294" /><trkpt lat="41.537713532" lon="-8.111082511" /><trkpt lat="41.537713069" lon="-8.111102518" /><trkpt lat="41.537712630" lon="-8.111122299" /><trkpt lat="41.537712216" lon="-8.111141839" /><trkpt lat="41.537711829" lon="-8.111161124" /><trkpt lat="41.537711470" lon="-8.111180137" /><trkpt lat="41.537711140" lon="-8.111198863" /><trkpt lat="41.537710840" lon="-8.111217287" /><trkpt lat="41.537710573" lon="-8.111235395" /><trkpt lat="41.537710339" lon="-8.111253170" /><trkpt lat="41.537710140" lon="-8.111270598" /><trkpt lat="41.537709977" lon="-8.111287663" /><trkpt lat="41.537709851" lon="-8.111304350" /><trkpt lat="41.537709764" lon="-8.111320644" /><trkpt lat="41.537709717" lon="-8.111336530" /><trkpt lat="41.537709711" lon="-8.111351992" /><trkpt lat="41.537709749" lon="-8.111367015" /><trkpt lat="41.537709830" lon="-8.111381585" /><trkpt lat="41.537709957" lon="-8.111395684" /><trkpt lat="41.537710130" lon="-8.111409300" /><trkpt lat="41.537710352" lon="-8.111422415" /><trkpt lat="41.537710624" lon="-8.111435016" /><trkpt lat="41.537710946" lon="-8.111447086" /><trkpt lat="41.537711320" lon="-8.111458611" /><trkpt lat="41.537711748" lon="-8.111469575" /><trkpt lat="41.537712231" lon="-8.111479964" /><trkpt lat="41.537712769" lon="-8.111489761" /><trkpt lat="41.537713366" lon="-8.111498952" /><trkpt lat="41.537715152" lon="-8.111521299" /><trkpt lat="41.537717296" lon="-8.111542759" /><trkpt lat="41.537719795" lon="-8.111563357" /><trkpt lat="41.537722644" lon="-8.111583118" /><trkpt lat="41.537725840" lon="-8.111602068" /><trkpt lat="41.537729379" lon="-8.111620231" /><trkpt lat="41.537733259" lon="-8.111637632" /><trkpt lat="41.537737475" lon="-8.111654296" /><trkpt lat="41.537742024" lon="-8.111670249" /><trkpt lat="41.537746902" lon="-8.111685514" /><trkpt lat="41.537752106" lon="-8.111700119" /><trkpt lat="41.537757631" lon="-8.111714087" /><trkpt lat="41.537763476" lon="-8.111727443" /><trkpt lat="41.537769635" lon="-8.111740212" /><trkpt lat="41.537776106" lon="-8.111752421" /><trkpt lat="41.537782885" lon="-8.111764092" /><trkpt lat="41.537789968" lon="-8.111775253" /><trkpt lat="41.537797351" lon="-8.111785927" /><trkpt lat="41.537805032" lon="-8.111796139" /><trkpt lat="41.537813007" lon="-8.111805916" /><trkpt lat="41.537821271" lon="-8.111815281" /><trkpt lat="41.537829822" lon="-8.111824260" /><trkpt lat="41.537838655" lon="-8.111832877" /><trkpt lat="41.537847768" lon="-8.111841159" /><trkpt lat="41.537857157" lon="-8.111849129" /><trkpt lat="41.537866818" lon="-8.111856813" /><trkpt lat="41.537876747" lon="-8.111864237" /><trkpt lat="41.537886942" lon="-8.111871424" /><trkpt lat="41.537897397" lon="-8.111878400" /><trkpt lat="41.537908111" lon="-8.111885190" /><trkpt lat="41.537917264" lon="-8.111891032" /><trkpt lat="41.537927111" lon="-8.111897660" /><trkpt lat="41.537937609" lon="-8.111905036" /><trkpt lat="41.537948714" lon="-8.111913124" /><trkpt lat="41.537960381" lon="-8.111921886" /><trkpt lat="41.537972565" lon="-8.111931285" /><trkpt lat="41.537985224" lon="-8.111941284" /><trkpt lat="41.537998312" lon="-8.111951845" /><trkpt lat="41.538011785" lon="-8.111962933" /><trkpt lat="41.538025599" lon="-8.111974508" /><trkpt lat="41.538039710" lon="-8.111986534" /><trkpt lat="41.538054074" lon="-8.111998975" /><trkpt lat="41.538068646" lon="-8.112011792" /><trkpt lat="41.538083381" lon="-8.112024949" /><trkpt lat="41.538098237" lon="-8.112038408" /><trkpt lat="41.538113169" lon="-8.112052133" /><trkpt lat="41.538128132" lon="-8.112066086" /><trkpt lat="41.538143082" lon="-8.112080230" /><trkpt lat="41.538157974" lon="-8.112094527" /><trkpt lat="41.538172766" lon="-8.112108941" /><trkpt lat="41.538187412" lon="-8.112123435" /><trkpt lat="41.538201868" lon="-8.112137971" /><trkpt lat="41.538216091" lon="-8.112152512" /><trkpt lat="41.538230035" lon="-8.112167020" /><trkpt lat="41.538243656" lon="-8.112181460" /><trkpt lat="41.538256911" lon="-8.112195793" /><trkpt lat="41.538269755" lon="-8.112209983" /><trkpt lat="41.538282144" lon="-8.112223991" /><trkpt lat="41.538294033" lon="-8.112237782" /><trkpt lat="41.538305379" lon="-8.112251318" /><trkpt lat="41.538316136" lon="-8.112264561" /><trkpt lat="41.538326262" lon="-8.112277475" /><trkpt lat="41.538335711" lon="-8.112290022" /><trkpt lat="41.538344440" lon="-8.112302166" /><trkpt lat="41.538352404" lon="-8.112313868" /><trkpt lat="41.538359559" lon="-8.112325092" /><trkpt lat="41.538365861" lon="-8.112335801" /><trkpt lat="41.538372880" lon="-8.112348164" /><trkpt lat="41.538379509" lon="-8.112359528" /><trkpt lat="41.538385785" lon="-8.112369932" /><trkpt lat="41.538391744" lon="-8.112379416" /><trkpt lat="41.538397425" lon="-8.112388017" /><trkpt lat="41.538402866" lon="-8.112395775" /><trkpt lat="41.538408103" lon="-8.112402729" /><trkpt lat="41.538413174" lon="-8.112408916" /><trkpt lat="41.538418116" lon="-8.112414376" /><trkpt lat="41.538422967" lon="-8.112419148" /><trkpt lat="41.538427765" lon="-8.112423270" /><trkpt lat="41.538432547" lon="-8.112426782" /><trkpt lat="41.538437350" lon="-8.112429721" /><trkpt lat="41.538442212" lon="-8.112432126" /><trkpt lat="41.538447171" lon="-8.112434037" /><trkpt lat="41.538452263" lon="-8.112435492" /><trkpt lat="41.538457527" lon="-8.112436529" /><trkpt lat="41.538462999" lon="-8.112437189" /><trkpt lat="41.538468718" lon="-8.112437508" /><trkpt lat="41.538474720" lon="-8.112437526" /><trkpt lat="41.538481044" lon="-8.112437283" /><trkpt lat="41.538487727" lon="-8.112436815" /><trkpt lat="41.538494805" lon="-8.112436163" /><trkpt lat="41.538502317" lon="-8.112435365" /><trkpt lat="41.538510301" lon="-8.112434459" /><trkpt lat="41.538518793" lon="-8.112433485" /><trkpt lat="41.538527831" lon="-8.112432481" /><trkpt lat="41.538537452" lon="-8.112431486" /><trkpt lat="41.538547695" lon="-8.112430539" /><trkpt lat="41.538558596" lon="-8.112429678" /><trkpt lat="41.538569194" lon="-8.112429072" /><trkpt lat="41.538580525" lon="-8.112428712" /><trkpt lat="41.538592560" lon="-8.112428594" /><trkpt lat="41.538605271" lon="-8.112428714" /><trkpt lat="41.538618626" lon="-8.112429068" /><trkpt lat="41.538632597" lon="-8.112429650" /><trkpt lat="41.538647155" lon="-8.112430457" /><trkpt lat="41.538662269" lon="-8.112431483" /><trkpt lat="41.538677911" lon="-8.112432725" /><trkpt lat="41.538694050" lon="-8.112434178" /><trkpt lat="41.538710657" lon="-8.112435838" /><trkpt lat="41.538727704" lon="-8.112437699" /><trkpt lat="41.538745159" lon="-8.112439758" /><trkpt lat="41.538762995" lon="-8.112442009" /><trkpt lat="41.538781180" lon="-8.112444450" /><trkpt lat="41.538799687" lon="-8.112447074" /><trkpt lat="41.538818484" lon="-8.112449878" /><trkpt lat="41.538837544" lon="-8.112452857" /><trkpt lat="41.538856836" lon="-8.112456007" /><trkpt lat="41.538876330" lon="-8.112459323" /><trkpt lat="41.538895998" lon="-8.112462800" /><trkpt lat="41.538915810" lon="-8.112466435" /><trkpt lat="41.538935735" lon="-8.112470222" /><trkpt lat="41.538955746" lon="-8.112474158" /><trkpt lat="41.538975812" lon="-8.112478237" /><trkpt lat="41.538995904" lon="-8.112482455" /><trkpt lat="41.539015992" lon="-8.112486809" /><trkpt lat="41.539036047" lon="-8.112491293" /><trkpt lat="41.539056039" lon="-8.112495902" /><trkpt lat="41.539075940" lon="-8.112500633" /><trkpt lat="41.539095718" lon="-8.112505481" /><trkpt lat="41.539115345" lon="-8.112510441" /><trkpt lat="41.539134792" lon="-8.112515509" /><trkpt lat="41.539152989" lon="-8.112520337" /><trkpt lat="41.539171099" lon="-8.112525163" /><trkpt lat="41.539189124" lon="-8.112529986" /><trkpt lat="41.539207065" lon="-8.112534805" /><trkpt lat="41.539224925" lon="-8.112539618" /><trkpt lat="41.539242705" lon="-8.112544423" /><trkpt lat="41.539260406" lon="-8.112549219" /><trkpt lat="41.539278030" lon="-8.112554005" /><trkpt lat="41.539295580" lon="-8.112558778" /><trkpt lat="41.539313056" lon="-8.112563539" /><trkpt lat="41.539330461" lon="-8.112568284" /><trkpt lat="41.539347795" lon="-8.112573012" /><trkpt lat="41.539365062" lon="-8.112577723" /><trkpt lat="41.539382261" lon="-8.112582414" /><trkpt lat="41.539399396" lon="-8.112587084" /><trkpt lat="41.539416468" lon="-8.112591732" /><trkpt lat="41.539433478" lon="-8.112596355" /><trkpt lat="41.539450428" lon="-8.112600953" /><trkpt lat="41.539467320" lon="-8.112605524" /><trkpt lat="41.539484156" lon="-8.112610067" /><trkpt lat="41.539500936" lon="-8.112614579" /><trkpt lat="41.539517664" lon="-8.112619060" /><trkpt lat="41.539534340" lon="-8.112623508" /><trkpt lat="41.539550967" lon="-8.112627921" /><trkpt lat="41.539567545" lon="-8.112632299" /><trkpt lat="41.539584077" lon="-8.112636638" /><trkpt lat="41.539600565" lon="-8.112640939" /><trkpt lat="41.539617009" lon="-8.112645199" /><trkpt lat="41.539633412" lon="-8.112649417" /><trkpt lat="41.539649776" lon="-8.112653592" /><trkpt lat="41.539666102" lon="-8.112657722" /><trkpt lat="41.539682391" lon="-8.112661805" /><trkpt lat="41.539698646" lon="-8.112665840" /><trkpt lat="41.539714868" lon="-8.112669825" /><trkpt lat="41.539731058" lon="-8.112673759" /><trkpt lat="41.539743753" lon="-8.112676827" /><trkpt lat="41.539757196" lon="-8.112680076" /><trkpt lat="41.539771350" lon="-8.112683498" /><trkpt lat="41.539786179" lon="-8.112687086" /><trkpt lat="41.539801645" lon="-8.112690829" /><trkpt lat="41.539817713" lon="-8.112694721" /><trkpt lat="41.539834343" lon="-8.112698752" /><trkpt lat="41.539851500" lon="-8.112702914" /><trkpt lat="41.539869147" lon="-8.112707199" /><trkpt lat="41.539887247" lon="-8.112711599" /><trkpt lat="41.539905762" lon="-8.112716104" /><trkpt lat="41.539924655" lon="-8.112720706" /><trkpt lat="41.539943890" lon="-8.112725397" /><trkpt lat="41.539963430" lon="-8.112730169" /><trkpt lat="41.539983237" lon="-8.112735013" /><trkpt lat="41.540003275" lon="-8.112739921" /><trkpt lat="41.540023506" lon="-8.112744884" /><trkpt lat="41.540043894" lon="-8.112749893" /><trkpt lat="41.540064401" lon="-8.112754941" /><trkpt lat="41.540084991" lon="-8.112760019" /><trkpt lat="41.540105626" lon="-8.112765119" /><trkpt lat="41.540126270" lon="-8.112770231" /><trkpt lat="41.540146886" lon="-8.112775348" /><trkpt lat="41.540167436" lon="-8.112780461" /><trkpt lat="41.540187883" lon="-8.112785562" /><trkpt lat="41.540208191" lon="-8.112790643" /><trkpt lat="41.540228323" lon="-8.112795694" /><trkpt lat="41.540248241" lon="-8.112800708" /><trkpt lat="41.540267909" lon="-8.112805676" /><trkpt lat="41.540287289" lon="-8.112810589" /><trkpt lat="41.540306344" lon="-8.112815440" /><trkpt lat="41.540325039" lon="-8.112820219" /><trkpt lat="41.540343334" lon="-8.112824919" /><trkpt lat="41.540361194" lon="-8.112829530" /><trkpt lat="41.540378582" lon="-8.112834045" /><trkpt lat="41.540395460" lon="-8.112838455" /><trkpt lat="41.540411792" lon="-8.112842752" /><trkpt lat="41.540427540" lon="-8.112846926" /><trkpt lat="41.540442668" lon="-8.112850971" /><trkpt lat="41.540457138" lon="-8.112854876" /><trkpt lat="41.540470914" lon="-8.112858635" /><trkpt lat="41.540483958" lon="-8.112862238" /><trkpt lat="41.540496234" lon="-8.112865677" /><trkpt lat="41.540507704" lon="-8.112868943" /><trkpt lat="41.540518332" lon="-8.112872029" /><trkpt lat="41.540528080" lon="-8.112874925" /><trkpt lat="41.540542284" lon="-8.112879019" /><trkpt lat="41.540557271" lon="-8.112882994" /><trkpt lat="41.540572981" lon="-8.112886847" /><trkpt lat="41.540589358" lon="-8.112890577" /><trkpt lat="41.540606344" lon="-8.112894180" /><trkpt lat="41.540623880" lon="-8.112897656" /><trkpt lat="41.540641909" lon="-8.112901001" /><trkpt lat="41.540660373" lon="-8.112904214" /><trkpt lat="41.540679214" lon="-8.112907293" /><trkpt lat="41.540698375" lon="-8.112910235" /><trkpt lat="41.540717797" lon="-8.112913038" /><trkpt lat="41.540737423" lon="-8.112915700" /><trkpt lat="41.540757195" lon="-8.112918219" /><trkpt lat="41.540777055" lon="-8.112920592" /><trkpt lat="41.540796946" lon="-8.112922818" /><trkpt lat="41.540816809" lon="-8.112924895" /><trkpt lat="41.540836586" lon="-8.112926820" /><trkpt lat="41.540856221" lon="-8.112928590" /><trkpt lat="41.540875655" lon="-8.112930205" /><trkpt lat="41.540894829" lon="-8.112931661" /><trkpt lat="41.540913688" lon="-8.112932957" /><trkpt lat="41.540932171" lon="-8.112934090" /><trkpt lat="41.540950223" lon="-8.112935059" /><trkpt lat="41.540967784" lon="-8.112935860" /><trkpt lat="41.540984798" lon="-8.112936493" /><trkpt lat="41.541001206" lon="-8.112936954" /><trkpt lat="41.541016950" lon="-8.112937242" /><trkpt lat="41.541031974" lon="-8.112937354" /><trkpt lat="41.541046218" lon="-8.112937289" /><trkpt lat="41.541059624" lon="-8.112937043" /><trkpt lat="41.541072137" lon="-8.112936616" /><trkpt lat="41.541084388" lon="-8.112936462" /><trkpt lat="41.541096238" lon="-8.112937068" /><trkpt lat="41.541107677" lon="-8.112938424" /><trkpt lat="41.541118691" lon="-8.112940520" /><trkpt lat="41.541129269" lon="-8.112943346" /><trkpt lat="41.541139399" lon="-8.112946894" /><trkpt lat="41.541149068" lon="-8.112951154" /><trkpt lat="41.541158265" lon="-8.112956115" /><trkpt lat="41.541166977" lon="-8.112961770" /><trkpt lat="41.541175192" lon="-8.112968107" /><trkpt lat="41.541182900" lon="-8.112975118" /><trkpt lat="41.541190086" lon="-8.112982793" /><trkpt lat="41.541196740" lon="-8.112991122" /><trkpt lat="41.541202849" lon="-8.113000096" /><trkpt lat="41.541208401" lon="-8.113009706" /><trkpt lat="41.541213385" lon="-8.113019942" /><trkpt lat="41.541217787" lon="-8.113030793" /><trkpt lat="41.541221597" lon="-8.113042252" /><trkpt lat="41.541224802" lon="-8.113054308" /><trkpt lat="41.541227389" lon="-8.113066951" /><trkpt lat="41.541229348" lon="-8.113080173" /><trkpt lat="41.541230666" lon="-8.113093963" /><trkpt lat="41.541231330" lon="-8.113108313" /><trkpt lat="41.541231330" lon="-8.113123212" /><trkpt lat="41.541230652" lon="-8.113138651" /><trkpt lat="41.541229285" lon="-8.113154620" /><trkpt lat="41.541227216" lon="-8.113171111" /><trkpt lat="41.541224434" lon="-8.113188113" /><trkpt lat="41.541220927" lon="-8.113205616" /><trkpt lat="41.541216682" lon="-8.113223612" /><trkpt lat="41.541213848" lon="-8.113234741" /><trkpt lat="41.541210889" lon="-8.113246236" /><trkpt lat="41.541207812" lon="-8.113258091" /><trkpt lat="41.541204621" lon="-8.113270297" /><trkpt lat="41.541201324" lon="-8.113282849" /><trkpt lat="41.541197926" lon="-8.113295738" /><trkpt lat="41.541194432" lon="-8.113308959" /><trkpt lat="41.541190849" lon="-8.113322503" /><trkpt lat="41.541187182" lon="-8.113336364" /><trkpt lat="41.541183437" lon="-8.113350534" /><trkpt lat="41.541179619" lon="-8.113365008" /><trkpt lat="41.541175735" lon="-8.113379776" /><trkpt lat="41.541171791" lon="-8.113394833" /><trkpt lat="41.541167791" lon="-8.113410171" /><trkpt lat="41.541163743" lon="-8.113425784" /><trkpt lat="41.541159650" lon="-8.113441663" /><trkpt lat="41.541155521" lon="-8.113457803" /><trkpt lat="41.541151359" lon="-8.113474196" /><trkpt lat="41.541147172" lon="-8.113490834" /><trkpt lat="41.541142964" lon="-8.113507712" /><trkpt lat="41.541138742" lon="-8.113524821" /><trkpt lat="41.541134511" lon="-8.113542155" /><trkpt lat="41.541130277" lon="-8.113559706" /><trkpt lat="41.541126046" lon="-8.113577468" /><trkpt lat="41.541121824" lon="-8.113595434" /><trkpt lat="41.541117617" lon="-8.113613595" /><trkpt lat="41.541113429" lon="-8.113631946" /><trkpt lat="41.541109268" lon="-8.113650479" /><trkpt lat="41.541105138" lon="-8.113669187" /><trkpt lat="41.541101046" lon="-8.113688064" /><trkpt lat="41.541096997" lon="-8.113707101" /><trkpt lat="41.541092997" lon="-8.113726292" /><trkpt lat="41.541089053" lon="-8.113745630" /><trkpt lat="41.541085169" lon="-8.113765107" /><trkpt lat="41.541081351" lon="-8.113784717" /><trkpt lat="41.541077606" lon="-8.113804453" /><trkpt lat="41.541073939" lon="-8.113824307" /><trkpt lat="41.541070356" lon="-8.113844272" /><trkpt lat="41.541066862" lon="-8.113864342" /><trkpt lat="41.541063464" lon="-8.113884509" /><trkpt lat="41.541060167" lon="-8.113904766" /><trkpt lat="41.541056977" lon="-8.113925106" /><trkpt lat="41.541053899" lon="-8.113945522" /><trkpt lat="41.541050940" lon="-8.113966007" /><trkpt lat="41.541048106" lon="-8.113986553" /><trkpt lat="41.541045401" lon="-8.114007155" /><trkpt lat="41.541042833" lon="-8.114027804" /><trkpt lat="41.541040406" lon="-8.114048493" /><trkpt lat="41.541038126" lon="-8.114069216" /><trkpt lat="41.541036000" lon="-8.114089966" /><trkpt lat="41.541034258" lon="-8.114107867" /><trkpt lat="41.541032562" lon="-8.114125778" /><trkpt lat="41.541030911" lon="-8.114143697" /><trkpt lat="41.541029304" lon="-8.114161624" /><trkpt lat="41.541027741" lon="-8.114179559" /><trkpt lat="41.541026222" lon="-8.114197501" /><trkpt lat="41.541024745" lon="-8.114215450" /><trkpt lat="41.541023310" lon="-8.114233404" /><trkpt lat="41.541021915" lon="-8.114251364" /><trkpt lat="41.541020562" lon="-8.114269330" /><trkpt lat="41.541019248" lon="-8.114287300" /><trkpt lat="41.541017973" lon="-8.114305274" /><trkpt lat="41.541016736" lon="-8.114323252" /><trkpt lat="41.541015537" lon="-8.114341232" /><trkpt lat="41.541014376" lon="-8.114359216" /><trkpt lat="41.541013250" lon="-8.114377202" /><trkpt lat="41.541012161" lon="-8.114395189" /><trkpt lat="41.541011106" lon="-8.114413177" /><trkpt lat="41.541010086" lon="-8.114431166" /><trkpt lat="41.541009099" lon="-8.114449156" /><trkpt lat="41.541008145" lon="-8.114467145" /><trkpt lat="41.541007224" lon="-8.114485133" /><trkpt lat="41.541006334" lon="-8.114503120" /><trkpt lat="41.541005475" lon="-8.114521105" /><trkpt lat="41.541004646" lon="-8.114539087" /><trkpt lat="41.541003847" lon="-8.114557067" /><trkpt lat="41.541003077" lon="-8.114575044" /><trkpt lat="41.541002335" lon="-8.114593016" /><trkpt lat="41.541001620" lon="-8.114610985" /><trkpt lat="41.541000933" lon="-8.114628949" /><trkpt lat="41.541000271" lon="-8.114646907" /><trkpt lat="41.540999635" lon="-8.114664860" /><trkpt lat="41.540999024" lon="-8.114682806" /><trkpt lat="41.540998437" lon="-8.114700746" /><trkpt lat="41.540997874" lon="-8.114718678" /><trkpt lat="41.540997333" lon="-8.114736603" /><trkpt lat="41.540996814" lon="-8.114754519" /><trkpt lat="41.540996317" lon="-8.114772427" /><trkpt lat="41.540995841" lon="-8.114790325" /><trkpt lat="41.540995384" lon="-8.114808214" /><trkpt lat="41.540994947" lon="-8.114826092" /><trkpt lat="41.540994529" lon="-8.114843960" /><trkpt lat="41.540994129" lon="-8.114861816" /><trkpt lat="41.540993746" lon="-8.114879661" /><trkpt lat="41.540993379" lon="-8.114897494" /><trkpt lat="41.540993029" lon="-8.114915313" /><trkpt lat="41.540992694" lon="-8.114933120" /><trkpt lat="41.540992374" lon="-8.114950913" /><trkpt lat="41.540992067" lon="-8.114968692" /><trkpt lat="41.540991774" lon="-8.114986456" /><trkpt lat="41.540991494" lon="-8.115004205" /><trkpt lat="41.540991225" lon="-8.115021938" /><trkpt lat="41.540990968" lon="-8.115039655" /><trkpt lat="41.540990721" lon="-8.115057356" /><trkpt lat="41.540990484" lon="-8.115075039" /><trkpt lat="41.540990256" lon="-8.115092704" /><trkpt lat="41.540990037" lon="-8.115110352" /><trkpt lat="41.540989826" lon="-8.115127981" /><trkpt lat="41.540989556" lon="-8.115148453" /><trkpt lat="41.540989231" lon="-8.115168985" /><trkpt lat="41.540988853" lon="-8.115189568" /><trkpt lat="41.540988423" lon="-8.115210191" /><trkpt lat="41.540987945" lon="-8.115230843" /><trkpt lat="41.540987419" lon="-8.115251515" /><trkpt lat="41.540986850" lon="-8.115272196" /><trkpt lat="41.540986237" lon="-8.115292875" /><trkpt lat="41.540985585" lon="-8.115313543" /><trkpt lat="41.540984895" lon="-8.115334189" /><trkpt lat="41.540984169" lon="-8.115354803" /><trkpt lat="41.540983410" lon="-8.115375374" /><trkpt lat="41.540982620" lon="-8.115395892" /><trkpt lat="41.540981800" lon="-8.115416348" /><trkpt lat="41.540980954" lon="-8.115436730" /><trkpt lat="41.540980083" lon="-8.115457028" /><trkpt lat="41.540979190" lon="-8.115477232" /><trkpt lat="41.540978277" lon="-8.115497332" /><trkpt lat="41.540977346" lon="-8.115517318" /><trkpt lat="41.540976399" lon="-8.115537179" /><trkpt lat="41.540975439" lon="-8.115556904" /><trkpt lat="41.540974467" lon="-8.115576484" /><trkpt lat="41.540973486" lon="-8.115595908" /><trkpt lat="41.540972499" lon="-8.115615166" /><trkpt lat="41.540971507" lon="-8.115634248" /><trkpt lat="41.540970512" lon="-8.115653143" /><trkpt lat="41.540969517" lon="-8.115671841" /><trkpt lat="41.540968524" lon="-8.115690331" /><trkpt lat="41.540967536" lon="-8.115708605" /><trkpt lat="41.540966554" lon="-8.115726650" /><trkpt lat="41.540965580" lon="-8.115744457" /><trkpt lat="41.540964618" lon="-8.115762015" /><trkpt lat="41.540963669" lon="-8.115779315" /><trkpt lat="41.540962734" lon="-8.115796346" /><trkpt lat="41.540961818" lon="-8.115813097" /><trkpt lat="41.540960921" lon="-8.115829559" /><trkpt lat="41.540960046" lon="-8.115845721" /><trkpt lat="41.540959196" lon="-8.115861572" /><trkpt lat="41.540958372" lon="-8.115877103" /><trkpt lat="41.540957576" lon="-8.115892303" /><trkpt lat="41.540956811" lon="-8.115907162" /><trkpt lat="41.540956079" lon="-8.115921669" /><trkpt lat="41.540955383" lon="-8.115935815" /><trkpt lat="41.540954724" lon="-8.115949588" /><trkpt lat="41.540954105" lon="-8.115962979" /><trkpt lat="41.540953527" lon="-8.115975978" /><trkpt lat="41.540952994" lon="-8.115988573" /><trkpt lat="41.540952507" lon="-8.116000755" /><trkpt lat="41.540952069" lon="-8.116012514" /><trkpt lat="41.540951682" lon="-8.116023839" /><trkpt lat="41.540951160" lon="-8.116042144" /><trkpt lat="41.540950804" lon="-8.116060061" /><trkpt lat="41.540950618" lon="-8.116077614" /><trkpt lat="41.540950605" lon="-8.116094825" /><trkpt lat="41.540950771" lon="-8.116111718" /><trkpt lat="41.540951120" lon="-8.116128316" /><trkpt lat="41.540951656" lon="-8.116144642" /><trkpt lat="41.540952384" lon="-8.116160719" /><trkpt lat="41.540953308" lon="-8.116176572" /><trkpt lat="41.540954433" lon="-8.116192222" /><trkpt lat="41.540955763" lon="-8.116207693" /><trkpt lat="41.540957303" lon="-8.116223009" /><trkpt lat="41.540959057" lon="-8.116238192" /><trkpt lat="41.540961030" lon="-8.116253266" /><trkpt lat="41.540963225" lon="-8.116268255" /><trkpt lat="41.540965649" lon="-8.116283181" /><trkpt lat="41.540968304" lon="-8.116298067" /><trkpt lat="41.540971195" lon="-8.116312938" /><trkpt lat="41.540974328" lon="-8.116327815" /><trkpt lat="41.540977706" lon="-8.116342723" /><trkpt lat="41.540981334" lon="-8.116357685" /><trkpt lat="41.540985216" lon="-8.116372724" /><trkpt lat="41.540989357" lon="-8.116387862" /><trkpt lat="41.540993761" lon="-8.116403124" /><trkpt lat="41.540998432" lon="-8.116418533" /><trkpt lat="41.541003376" lon="-8.116434112" /><trkpt lat="41.541008597" lon="-8.116449883" /><trkpt lat="41.541014098" lon="-8.116465871" /><trkpt lat="41.541019885" lon="-8.116482099" /><trkpt lat="41.541025962" lon="-8.116498590" /><trkpt lat="41.541031366" lon="-8.116513087" /><trkpt lat="41.541036909" lon="-8.116528043" /><trkpt lat="41.541042595" lon="-8.116543421" /><trkpt lat="41.541048425" lon="-8.116559179" /><trkpt lat="41.541054402" lon="-8.116575279" /><trkpt lat="41.541060528" lon="-8.116591681" /><trkpt lat="41.541066805" lon="-8.116608346" /><trkpt lat="41.541073235" lon="-8.116625234" /><trkpt lat="41.541079821" lon="-8.116642306" /><trkpt lat="41.541086564" lon="-8.116659522" /><trkpt lat="41.541093468" lon="-8.116676844" /><trkpt lat="41.541100534" lon="-8.116694231" /><trkpt lat="41.541107765" lon="-8.116711644" /><trkpt lat="41.541115163" lon="-8.116729045" /><trkpt lat="41.541122730" lon="-8.116746393" /><trkpt lat="41.541130468" lon="-8.116763649" /><trkpt lat="41.541138380" lon="-8.116780773" /><trkpt lat="41.541146468" lon="-8.116797727" /><trkpt lat="41.541154734" lon="-8.116814471" /><trkpt lat="41.541163180" lon="-8.116830964" /><trkpt lat="41.541171809" lon="-8.116847169" /><trkpt lat="41.541180623" lon="-8.116863046" /><trkpt lat="41.541189623" lon="-8.116878555" /><trkpt lat="41.541198814" lon="-8.116893656" /><trkpt lat="41.541208195" lon="-8.116908311" /><trkpt lat="41.541217771" lon="-8.116922479" /><trkpt lat="41.541227543" lon="-8.116936122" /><trkpt lat="41.541237513" lon="-8.116949201" /><trkpt lat="41.541247684" lon="-8.116961675" /><trkpt lat="41.541258057" lon="-8.116973505" /><trkpt lat="41.541268636" lon="-8.116984652" /><trkpt lat="41.541279422" lon="-8.116995076" /><trkpt lat="41.541290417" lon="-8.117004739" /><trkpt lat="41.541301625" lon="-8.117013600" /><trkpt lat="41.541313046" lon="-8.117021620" /><trkpt lat="41.541326402" lon="-8.117030420" /><trkpt lat="41.541339568" lon="-8.117039128" /><trkpt lat="41.541352539" lon="-8.117047758" /><trkpt lat="41.541365312" lon="-8.117056326" /><trkpt lat="41.541377883" lon="-8.117064846" /><trkpt lat="41.541390249" lon="-8.117073333" /><trkpt lat="41.541402406" lon="-8.117081803" /><trkpt lat="41.541414351" lon="-8.117090269" /><trkpt lat="41.541426080" lon="-8.117098747" /><trkpt lat="41.541437590" lon="-8.117107252" /><trkpt lat="41.541448876" lon="-8.117115799" /><trkpt lat="41.541459936" lon="-8.117124403" /><trkpt lat="41.541470766" lon="-8.117133077" /><trkpt lat="41.541481361" lon="-8.117141839" /><trkpt lat="41.541491720" lon="-8.117150702" /><trkpt lat="41.541501837" lon="-8.117159681" /><trkpt lat="41.541511710" lon="-8.117168791" /><trkpt lat="41.541521335" lon="-8.117178047" /><trkpt lat="41.541530709" lon="-8.117187464" /><trkpt lat="41.541539827" lon="-8.117197057" /><trkpt lat="41.541548687" lon="-8.117206840" /><trkpt lat="41.541557284" lon="-8.117216829" /><trkpt lat="41.541565615" lon="-8.117227039" /><trkpt lat="41.541573677" lon="-8.117237484" /><trkpt lat="41.541581465" lon="-8.117248180" /><trkpt lat="41.541588978" lon="-8.117259141" /><trkpt lat="41.541596210" lon="-8.117270382" /><trkpt lat="41.541603158" lon="-8.117281918" /><trkpt lat="41.541609819" lon="-8.117293764" /><trkpt lat="41.541616189" lon="-8.117305934" /><trkpt lat="41.541622261" lon="-8.117317275" /><trkpt lat="41.541629135" lon="-8.117328825" /><trkpt lat="41.541636774" lon="-8.117340531" /><trkpt lat="41.541645141" lon="-8.117352336" /><trkpt lat="41.541654196" lon="-8.117364185" /><trkpt lat="41.541663903" lon="-8.117376023" /><trkpt lat="41.541674223" lon="-8.117387793" /><trkpt lat="41.541685118" lon="-8.117399440" /><trkpt lat="41.541696552" lon="-8.117410909" /><trkpt lat="41.541708485" lon="-8.117422145" /><trkpt lat="41.541720879" lon="-8.117433091" /><trkpt lat="41.541733698" lon="-8.117443692" /><trkpt lat="41.541746903" lon="-8.117453893" /><trkpt lat="41.541760456" lon="-8.117463638" /><trkpt lat="41.541774320" lon="-8.117472872" /><trkpt lat="41.541788456" lon="-8.117481539" /><trkpt lat="41.541802827" lon="-8.117489583" /><trkpt lat="41.541817394" lon="-8.117496950" /><trkpt lat="41.541832121" lon="-8.117503582" /><trkpt lat="41.541846968" lon="-8.117509426" /><trkpt lat="41.541861898" lon="-8.117514425" /><trkpt lat="41.541876874" lon="-8.117518524" /><trkpt lat="41.541891857" lon="-8.117521668" /><trkpt lat="41.541906810" lon="-8.117523800" /><trkpt lat="41.541921694" lon="-8.117524865" /><trkpt lat="41.541936472" lon="-8.117524809" /><trkpt lat="41.541951106" lon="-8.117523574" /><trkpt lat="41.541965558" lon="-8.117521106" /><trkpt lat="41.541979790" lon="-8.117517350" /><trkpt lat="41.541993764" lon="-8.117512249" /><trkpt lat="41.542007442" lon="-8.117505748" /><trkpt lat="41.542020787" lon="-8.117497792" /><trkpt lat="41.542033761" lon="-8.117488325" /><trkpt lat="41.542047833" lon="-8.117477366" /><trkpt lat="41.542061942" lon="-8.117467028" /><trkpt lat="41.542076082" lon="-8.117457326" /><trkpt lat="41.542090251" lon="-8.117448273" /><trkpt lat="41.542104443" lon="-8.117439883" /><trkpt lat="41.542118656" lon="-8.117432170" /><trkpt lat="41.542132885" lon="-8.117425147" /><trkpt lat="41.542147126" lon="-8.117418827" /><trkpt lat="41.542161375" lon="-8.117413225" /><trkpt lat="41.542175628" lon="-8.117408355" /><trkpt lat="41.542189881" lon="-8.117404230" /><trkpt lat="41.542204130" lon="-8.117400863" /><trkpt lat="41.542218370" lon="-8.117398269" /><trkpt lat="41.542232599" lon="-8.117396461" /><trkpt lat="41.542246812" lon="-8.117395453" /><trkpt lat="41.542261005" lon="-8.117395259" /><trkpt lat="41.542275173" lon="-8.117395892" /><trkpt lat="41.542289314" lon="-8.117397366" /><trkpt lat="41.542303422" lon="-8.117399694" /><trkpt lat="41.542317494" lon="-8.117402891" /><trkpt lat="41.542331526" lon="-8.117406971" /><trkpt lat="41.542345514" lon="-8.117411946" /><trkpt lat="41.542359454" lon="-8.117417830" /><trkpt lat="41.542373341" lon="-8.117424638" /><trkpt lat="41.542387173" lon="-8.117432383" /><trkpt lat="41.542400944" lon="-8.117441079" /><trkpt lat="41.542414650" lon="-8.117450739" /><trkpt lat="41.542428289" lon="-8.117461377" /><trkpt lat="41.542441855" lon="-8.117473007" /><trkpt lat="41.542455345" lon="-8.117485642" /><trkpt lat="41.542466999" lon="-8.117497101" /><trkpt lat="41.542478885" lon="-8.117508931" /><trkpt lat="41.542490984" lon="-8.117521109" /><trkpt lat="41.542503273" lon="-8.117533612" /><trkpt lat="41.542515730" lon="-8.117546418" /><trkpt lat="41.542528332" lon="-8.117559504" /><trkpt lat="41.542541059" lon="-8.117572846" /><trkpt lat="41.542553888" lon="-8.117586423" /><trkpt lat="41.542566798" lon="-8.117600210" /><trkpt lat="41.542579766" lon="-8.117614185" /><trkpt lat="41.542592770" lon="-8.117628326" /><trkpt lat="41.542605789" lon="-8.117642608" /><trkpt lat="41.542618801" lon="-8.117657010" /><trkpt lat="41.542631784" lon="-8.117671509" /><trkpt lat="41.542644715" lon="-8.117686081" /><trkpt lat="41.542657573" lon="-8.117700704" /><trkpt lat="41.542670337" lon="-8.117715354" /><trkpt lat="41.542682983" lon="-8.117730010" /><trkpt lat="41.542695491" lon="-8.117744647" /><trkpt lat="41.542707838" lon="-8.117759243" /><trkpt lat="41.542720003" lon="-8.117773776" /><trkpt lat="41.542731962" lon="-8.117788222" /><trkpt lat="41.542743696" lon="-8.117802558" /><trkpt lat="41.542755181" lon="-8.117816762" /><trkpt lat="41.542766396" lon="-8.117830811" /><trkpt lat="41.542777319" lon="-8.117844681" /><trkpt lat="41.542787927" lon="-8.117858350" /><trkpt lat="41.542798200" lon="-8.117871795" /><trkpt lat="41.542808114" lon="-8.117884993" /><trkpt lat="41.542817649" lon="-8.117897921" /><trkpt lat="41.542826782" lon="-8.117910556" /><trkpt lat="41.542835492" lon="-8.117922875" /><trkpt lat="41.542843756" lon="-8.117934856" /><trkpt lat="41.542851552" lon="-8.117946476" /><trkpt lat="41.542858859" lon="-8.117957711" /><trkpt lat="41.542867080" lon="-8.117970679" /><trkpt lat="41.542875294" lon="-8.117983812" /><trkpt lat="41.542883520" lon="-8.117997078" /><trkpt lat="41.542891778" lon="-8.118010446" /><trkpt lat="41.542900088" lon="-8.118023885" /><trkpt lat="41.542908469" lon="-8.118037362" /><trkpt lat="41.542916942" lon="-8.118050847" /><trkpt lat="41.542925525" lon="-8.118064307" /><trkpt lat="41.542934238" lon="-8.118077711" /><trkpt lat="41.542943101" lon="-8.118091027" /><trkpt lat="41.542952134" lon="-8.118104224" /><trkpt lat="41.542961355" lon="-8.118117270" /><trkpt lat="41.542970786" lon="-8.118130134" /><trkpt lat="41.542980445" lon="-8.118142784" /><trkpt lat="41.542990352" lon="-8.118155189" /><trkpt lat="41.543000527" lon="-8.118167316" /><trkpt lat="41.543010989" lon="-8.118179135" /><trkpt lat="41.543021758" lon="-8.118190613" /><trkpt lat="41.543032853" lon="-8.118201719" /><trkpt lat="41.543044295" lon="-8.118212422" /><trkpt lat="41.543056102" lon="-8.118222689" /><trkpt lat="41.543068295" lon="-8.118232490" /><trkpt lat="41.543080893" lon="-8.118241793" /><trkpt lat="41.543093916" lon="-8.118250566" /><trkpt lat="41.543107383" lon="-8.118258777" /><trkpt lat="41.543121314" lon="-8.118266395" /><trkpt lat="41.543135729" lon="-8.118273388" /><trkpt lat="41.543150646" lon="-8.118279726" /><trkpt lat="41.543166087" lon="-8.118285375" /><trkpt lat="41.543182070" lon="-8.118290305" /><trkpt lat="41.543197983" lon="-8.118294571" /><trkpt lat="41.543213224" lon="-8.118298257" /><trkpt lat="41.543227831" lon="-8.118301372" /><trkpt lat="41.543241844" lon="-8.118303925" /><trkpt lat="41.543255298" lon="-8.118305927" /><trkpt lat="41.543268233" lon="-8.118307385" /><trkpt lat="41.543280686" lon="-8.118308312" /><trkpt lat="41.543292695" lon="-8.118308714" /><trkpt lat="41.543304298" lon="-8.118308603" /><trkpt lat="41.543315533" lon="-8.118307988" /><trkpt lat="41.543326438" lon="-8.118306878" /><trkpt lat="41.543337050" lon="-8.118305283" /><trkpt lat="41.543347409" lon="-8.118303212" /><trkpt lat="41.543357551" lon="-8.118300675" /><trkpt lat="41.543367514" lon="-8.118297681" /><trkpt lat="41.543377337" lon="-8.118294241" /><trkpt lat="41.543387058" lon="-8.118290363" /><trkpt lat="41.543396713" lon="-8.118286057" /><trkpt lat="41.543406342" lon="-8.118281332" /><trkpt lat="41.543415982" lon="-8.118276199" /><trkpt lat="41.543425672" lon="-8.118270666" /><trkpt lat="41.543435448" lon="-8.118264743" /><trkpt lat="41.543445349" lon="-8.118258441" /><trkpt lat="41.543455413" lon="-8.118251767" /><trkpt lat="41.543465678" lon="-8.118244732" /><trkpt lat="41.543476181" lon="-8.118237346" /><trkpt lat="41.543486961" lon="-8.118229617" /><trkpt lat="41.543498055" lon="-8.118221556" /><trkpt lat="41.543509502" lon="-8.118213172" /><trkpt lat="41.543521339" lon="-8.118204474" /><trkpt lat="41.543533187" lon="-8.118195832" /><trkpt lat="41.543545406" lon="-8.118187066" /><trkpt lat="41.543557979" lon="-8.118178220" /><trkpt lat="41.543570888" lon="-8.118169338" /><trkpt lat="41.543584116" lon="-8.118160464" /><trkpt lat="41.543597646" lon="-8.118151641" /><trkpt lat="41.543611460" lon="-8.118142913" /><trkpt lat="41.543625541" lon="-8.118134323" /><trkpt lat="41.543639871" lon="-8.118125917" /><trkpt lat="41.543654434" lon="-8.118117736" /><trkpt lat="41.543669211" lon="-8.118109826" /><trkpt lat="41.543684185" lon="-8.118102230" /><trkpt lat="41.543699340" lon="-8.118094991" /><trkpt lat="41.543714657" lon="-8.118088154" /><trkpt lat="41.543730119" lon="-8.118081761" /><trkpt lat="41.543745708" lon="-8.118075858" /><trkpt lat="41.543761408" lon="-8.118070487" /><trkpt lat="41.543777202" lon="-8.118065693" /><trkpt lat="41.543793070" lon="-8.118061519" /><trkpt lat="41.543808997" lon="-8.118058009" /><trkpt lat="41.543824965" lon="-8.118055206" /><trkpt lat="41.543840956" lon="-8.118053155" /><trkpt lat="41.543856954" lon="-8.118051899" /><trkpt lat="41.543872940" lon="-8.118051482" /><trkpt lat="41.543888897" lon="-8.118051948" /><trkpt lat="41.543904808" lon="-8.118053340" /><trkpt lat="41.543920656" lon="-8.118055702" /><trkpt lat="41.543936422" lon="-8.118059078" /><trkpt lat="41.543952091" lon="-8.118063512" /><trkpt lat="41.543967644" lon="-8.118069048" /><trkpt lat="41.543983064" lon="-8.118075728" /><trkpt lat="41.543998576" lon="-8.118083033" /><trkpt lat="41.544013421" lon="-8.118089930" /><trkpt lat="41.544027642" lon="-8.118096422" /><trkpt lat="41.544041283" lon="-8.118102511" /><trkpt lat="41.544054386" lon="-8.118108201" /><trkpt lat="41.544066993" lon="-8.118113494" /><trkpt lat="41.544079148" lon="-8.118118394" /><trkpt lat="41.544090894" lon="-8.118122904" /><trkpt lat="41.544102273" lon="-8.118127026" /><trkpt lat="41.544113328" lon="-8.118130763" /><trkpt lat="41.544124102" lon="-8.118134120" /><trkpt lat="41.544134637" lon="-8.118137097" /><trkpt lat="41.544144978" lon="-8.118139700" /><trkpt lat="41.544155166" lon="-8.118141929" /><trkpt lat="41.544165244" lon="-8.118143789" /><trkpt lat="41.544175255" lon="-8.118145283" /><trkpt lat="41.544185242" lon="-8.118146413" /><trkpt lat="41.544195247" lon="-8.118147182" /><trkpt lat="41.544205315" lon="-8.118147594" /><trkpt lat="41.544215486" lon="-8.118147651" /><trkpt lat="41.544225805" lon="-8.118147357" /><trkpt lat="41.544236314" lon="-8.118146714" /><trkpt lat="41.544247056" lon="-8.118145725" /><trkpt lat="41.544258074" lon="-8.118144393" /><trkpt lat="41.544269410" lon="-8.118142722" /><trkpt lat="41.544281107" lon="-8.118140713" /><trkpt lat="41.544293208" lon="-8.118138371" /><trkpt lat="41.544305757" lon="-8.118135699" /><trkpt lat="41.544318795" lon="-8.118132698" /><trkpt lat="41.544332366" lon="-8.118129373" /><trkpt lat="41.544346276" lon="-8.118126020" /><trkpt lat="41.544360296" lon="-8.118122936" /><trkpt lat="41.544374415" lon="-8.118120122" /><trkpt lat="41.544388622" lon="-8.118117577" /><trkpt lat="41.544402907" lon="-8.118115303" /><trkpt lat="41.544417259" lon="-8.118113301" /><trkpt lat="41.544431667" lon="-8.118111570" /><trkpt lat="41.544446120" lon="-8.118110112" /><trkpt lat="41.544460608" lon="-8.118108926" /><trkpt lat="41.544475120" lon="-8.118108014" /><trkpt lat="41.544489646" lon="-8.118107377" /><trkpt lat="41.544504174" lon="-8.118107014" /><trkpt lat="41.544518695" lon="-8.118106926" /><trkpt lat="41.544533196" lon="-8.118107115" /><trkpt lat="41.544547668" lon="-8.118107580" /><trkpt lat="41.544562100" lon="-8.118108322" /><trkpt lat="41.544576481" lon="-8.118109342" /><trkpt lat="41.544590801" lon="-8.118110640" /><trkpt lat="41.544605048" lon="-8.118112217" /><trkpt lat="41.544619212" lon="-8.118114074" /><trkpt lat="41.544633283" lon="-8.118116211" /><trkpt lat="41.544647249" lon="-8.118118629" /><trkpt lat="41.544661100" lon="-8.118121328" /><trkpt lat="41.544674825" lon="-8.118124309" /><trkpt lat="41.544688414" lon="-8.118127572" /><trkpt lat="41.544701856" lon="-8.118131119" /><trkpt lat="41.544715139" lon="-8.118134949" /><trkpt lat="41.544728254" lon="-8.118139064" /><trkpt lat="41.544741190" lon="-8.118143463" /><trkpt lat="41.544753936" lon="-8.118148148" /><trkpt lat="41.544766321" lon="-8.118153268" /><trkpt lat="41.544778178" lon="-8.118158960" /><trkpt lat="41.544789502" lon="-8.118165207" /><trkpt lat="41.544800287" lon="-8.118171990" /><trkpt lat="41.544810526" lon="-8.118179291" /><trkpt lat="41.544820214" lon="-8.118187094" /><trkpt lat="41.544829346" lon="-8.118195379" /><trkpt lat="41.544837915" lon="-8.118204129" /><trkpt lat="41.544845916" lon="-8.118213326" /><trkpt lat="41.544853343" lon="-8.118222952" /><trkpt lat="41.544860189" lon="-8.118232989" /><trkpt lat="41.544866450" lon="-8.118243420" /><trkpt lat="41.544872120" lon="-8.118254226" /><trkpt lat="41.544877192" lon="-8.118265390" /><trkpt lat="41.544881661" lon="-8.118276894" /><trkpt lat="41.544885521" lon="-8.118288720" /><trkpt lat="41.544888766" lon="-8.118300849" /><trkpt lat="41.544891391" lon="-8.118313265" /><trkpt lat="41.544893389" lon="-8.118325949" /><trkpt lat="41.544894756" lon="-8.118338883" /><trkpt lat="41.544895484" lon="-8.118352050" /><trkpt lat="41.544895569" lon="-8.118365431" /><trkpt lat="41.544895004" lon="-8.118379009" /><trkpt lat="41.544893784" lon="-8.118392766" /><trkpt lat="41.544891903" lon="-8.118406683" /><trkpt lat="41.544889354" lon="-8.118420744" /><trkpt lat="41.544886133" lon="-8.118434930" /><trkpt lat="41.544882234" lon="-8.118449223" /><trkpt lat="41.544877650" lon="-8.118463606" /><trkpt lat="41.544872376" lon="-8.118478060" /><trkpt lat="41.544867828" lon="-8.118489454" /><trkpt lat="41.544863079" lon="-8.118500782" /><trkpt lat="41.544858165" lon="-8.118512068" /><trkpt lat="41.544853118" lon="-8.118523335" /><trkpt lat="41.544847973" lon="-8.118534607" /><trkpt lat="41.544842764" lon="-8.118545908" /><trkpt lat="41.544837524" lon="-8.118557259" /><trkpt lat="41.544832287" lon="-8.118568686" /><trkpt lat="41.544827086" lon="-8.118580212" /><trkpt lat="41.544821957" lon="-8.118591859" /><trkpt lat="41.544816932" lon="-8.118603652" /><trkpt lat="41.544812045" lon="-8.118615614" /><trkpt lat="41.544807331" lon="-8.118627768" /><trkpt lat="41.544802822" lon="-8.118640138" /><trkpt lat="41.544798553" lon="-8.118652747" /><trkpt lat="41.544794557" lon="-8.118665620" /><trkpt lat="41.544790869" lon="-8.118678778" /><trkpt lat="41.544787522" lon="-8.118692246" /><trkpt lat="41.544784550" lon="-8.118706048" /><trkpt lat="41.544781986" lon="-8.118720205" /><trkpt lat="41.544779865" lon="-8.118734744" /><trkpt lat="41.544778221" lon="-8.118749685" /><trkpt lat="41.544777086" lon="-8.118765054" /><trkpt lat="41.544776496" lon="-8.118780873" /><trkpt lat="41.544776483" lon="-8.118797166" /><trkpt lat="41.544777082" lon="-8.118813956" /><trkpt lat="41.544778326" lon="-8.118831268" /><trkpt lat="41.544780249" lon="-8.118849124" /><trkpt lat="41.544782885" lon="-8.118867547" /><trkpt lat="41.544786268" lon="-8.118886562" /><trkpt lat="41.544790432" lon="-8.118906191" /><trkpt lat="41.544795409" lon="-8.118926459" /><trkpt lat="41.544801236" lon="-8.118947388" /><trkpt lat="41.544807944" lon="-8.118969003" /><trkpt lat="41.544815567" lon="-8.118991326" /><trkpt lat="41.544824141" lon="-8.119014381" /><trkpt lat="41.544833698" lon="-8.119038192" /><trkpt lat="41.544844272" lon="-8.119062781" /><trkpt lat="41.544853489" lon="-8.119083316" /><trkpt lat="41.544862810" lon="-8.119103634" /><trkpt lat="41.544872226" lon="-8.119123734" /><trkpt lat="41.544881734" lon="-8.119143611" /><trkpt lat="41.544891328" lon="-8.119163264" /><trkpt lat="41.544901001" lon="-8.119182689" /><trkpt lat="41.544910748" lon="-8.119201883" /><trkpt lat="41.544920563" lon="-8.119220844" /><trkpt lat="41.544930441" lon="-8.119239567" /><trkpt lat="41.544940376" lon="-8.119258051" /><trkpt lat="41.544950362" lon="-8.119276292" /><trkpt lat="41.544960393" lon="-8.119294288" /><trkpt lat="41.544970465" lon="-8.119312034" /><trkpt lat="41.544980570" lon="-8.119329530" /><trkpt lat="41.544990705" lon="-8.119346770" /><trkpt lat="41.545000861" lon="-8.119363753" /><trkpt lat="41.545011035" lon="-8.119380475" /><trkpt lat="41.545021221" lon="-8.119396934" /><trkpt lat="41.545031412" lon="-8.119413127" /><trkpt lat="41.545041603" lon="-8.119429049" /><trkpt lat="41.545051788" lon="-8.119444700" /><trkpt lat="41.545061962" lon="-8.119460075" /><trkpt lat="41.545072119" lon="-8.119475171" /><trkpt lat="41.545082253" lon="-8.119489986" /><trkpt lat="41.545092358" lon="-8.119504517" /><trkpt lat="41.545102430" lon="-8.119518760" /><trkpt lat="41.545112461" lon="-8.119532713" /><trkpt lat="41.545122447" lon="-8.119546373" /><trkpt lat="41.545132382" lon="-8.119559736" /><trkpt lat="41.545142260" lon="-8.119572800" /><trkpt lat="41.545152075" lon="-8.119585562" /><trkpt lat="41.545161822" lon="-8.119598019" /><trkpt lat="41.545171495" lon="-8.119610167" /><trkpt lat="41.545181088" lon="-8.119622004" /><trkpt lat="41.545190596" lon="-8.119633528" /><trkpt lat="41.545200013" lon="-8.119644734" /><trkpt lat="41.545209333" lon="-8.119655620" /><trkpt lat="41.545218551" lon="-8.119666182" /><trkpt lat="41.545227660" lon="-8.119676419" /><trkpt lat="41.545236656" lon="-8.119686327" /><trkpt lat="41.545245532" lon="-8.119695903" /><trkpt lat="41.545254283" lon="-8.119705144" /><trkpt lat="41.545262903" lon="-8.119714047" /><trkpt lat="41.545271386" lon="-8.119722609" /><trkpt lat="41.545279727" lon="-8.119730827" /><trkpt lat="41.545287920" lon="-8.119738698" /><trkpt lat="41.545300348" lon="-8.119750455" /><trkpt lat="41.545312748" lon="-8.119762121" /><trkpt lat="41.545325132" lon="-8.119773695" /><trkpt lat="41.545337512" lon="-8.119785177" /><trkpt lat="41.545349900" lon="-8.119796564" /><trkpt lat="41.545362308" lon="-8.119807856" /><trkpt lat="41.545374748" lon="-8.119819051" /><trkpt lat="41.545387232" lon="-8.119830149" /><trkpt lat="41.545399773" lon="-8.119841148" /><trkpt lat="41.545412382" lon="-8.119852046" /><trkpt lat="41.545425071" lon="-8.119862843" /><trkpt lat="41.545437852" lon="-8.119873538" /><trkpt lat="41.545450738" lon="-8.119884129" /><trkpt lat="41.545463740" lon="-8.119894615" /><trkpt lat="41.545476871" lon="-8.119904995" /><trkpt lat="41.545490142" lon="-8.119915268" /><trkpt lat="41.545503566" lon="-8.119925432" /><trkpt lat="41.545517154" lon="-8.119935486" /><trkpt lat="41.545530919" lon="-8.119945430" /><trkpt lat="41.545544873" lon="-8.119955262" /><trkpt lat="41.545559027" lon="-8.119964980" /><trkpt lat="41.545573395" lon="-8.119974584" /><trkpt lat="41.545587987" lon="-8.119984072" /><trkpt lat="41.545602816" lon="-8.119993443" /><trkpt lat="41.545617894" lon="-8.120002697" /><trkpt lat="41.545633232" lon="-8.120011831" /><trkpt lat="41.545648844" lon="-8.120020845" /><trkpt lat="41.545664741" lon="-8.120029737" /><trkpt lat="41.545680935" lon="-8.120038507" /><trkpt lat="41.545697438" lon="-8.120047152" /><trkpt lat="41.545711648" lon="-8.120054699" /><trkpt lat="41.545725699" lon="-8.120062623" /><trkpt lat="41.545739571" lon="-8.120070922" /><trkpt lat="41.545753244" lon="-8.120079592" /><trkpt lat="41.545766698" lon="-8.120088629" /><trkpt lat="41.545779911" lon="-8.120098030" /><trkpt lat="41.545792864" lon="-8.120107791" /><trkpt lat="41.545805535" lon="-8.120117911" /><trkpt lat="41.545817905" lon="-8.120128384" /><trkpt lat="41.545829953" lon="-8.120139207" /><trkpt lat="41.545841657" lon="-8.120150378" /><trkpt lat="41.545852999" lon="-8.120161893" /><trkpt lat="41.545863957" lon="-8.120173748" /><trkpt lat="41.545874510" lon="-8.120185940" /><trkpt lat="41.545884639" lon="-8.120198466" /><trkpt lat="41.545894323" lon="-8.120211322" /><trkpt lat="41.545903540" lon="-8.120224506" /><trkpt lat="41.545912272" lon="-8.120238012" /><trkpt lat="41.545920497" lon="-8.120251839" /><trkpt lat="41.545928194" lon="-8.120265983" /><trkpt lat="41.545935343" lon="-8.120280440" /><trkpt lat="41.545941925" lon="-8.120295207" /><trkpt lat="41.545947917" lon="-8.120310281" /><trkpt lat="41.545953300" lon="-8.120325658" /><trkpt lat="41.545958054" lon="-8.120341335" /><trkpt lat="41.545962157" lon="-8.120357308" /><trkpt lat="41.545965589" lon="-8.120373575" /><trkpt lat="41.545968330" lon="-8.120390131" /><trkpt lat="41.545970358" lon="-8.120406974" /><trkpt lat="41.545971655" lon="-8.120424100" /><trkpt lat="41.545972199" lon="-8.120441506" /><trkpt lat="41.545971969" lon="-8.120459187" /><trkpt lat="41.545970945" lon="-8.120477142" /><trkpt lat="41.545969107" lon="-8.120495366" /><trkpt lat="41.545966434" lon="-8.120513856" /><trkpt lat="41.545964044" lon="-8.120528145" /><trkpt lat="41.545961598" lon="-8.120542665" /><trkpt lat="41.545959115" lon="-8.120557404" /><trkpt lat="41.545956613" lon="-8.120572349" /><trkpt lat="41.545954111" lon="-8.120587489" /><trkpt lat="41.545951627" lon="-8.120602811" /><trkpt lat="41.545949180" lon="-8.120618303" /><trkpt lat="41.545946788" lon="-8.120633953" /><trkpt lat="41.545944469" lon="-8.120649748" /><trkpt lat="41.545942242" lon="-8.120665677" /><trkpt lat="41.545940126" lon="-8.120681726" /><trkpt lat="41.545938138" lon="-8.120697885" /><trkpt lat="41.545936298" lon="-8.120714139" /><trkpt lat="41.545934623" lon="-8.120730479" /><trkpt lat="41.545933133" lon="-8.120746890" /><trkpt lat="41.545931845" lon="-8.120763361" /><trkpt lat="41.545930778" lon="-8.120779880" /><trkpt lat="41.545929950" lon="-8.120796434" /><trkpt lat="41.545929381" lon="-8.120813011" /><trkpt lat="41.545929087" lon="-8.120829600" /><trkpt lat="41.545929089" lon="-8.120846187" /><trkpt lat="41.545929404" lon="-8.120862760" /><trkpt lat="41.545930050" lon="-8.120879307" /><trkpt lat="41.545931046" lon="-8.120895817" /><trkpt lat="41.545932411" lon="-8.120912276" /><trkpt lat="41.545934163" lon="-8.120928673" /><trkpt lat="41.545936320" lon="-8.120944995" /><trkpt lat="41.545938901" lon="-8.120961230" /><trkpt lat="41.545941924" lon="-8.120977366" /><trkpt lat="41.545945408" lon="-8.120993390" /><trkpt lat="41.545949371" lon="-8.121009291" /><trkpt lat="41.545953832" lon="-8.121025056" /><trkpt lat="41.545958808" lon="-8.121040673" /><trkpt lat="41.545964320" lon="-8.121056129" /><trkpt lat="41.545970384" lon="-8.121071413" /><trkpt lat="41.545977019" lon="-8.121086511" /><trkpt lat="41.545984244" lon="-8.121101413" /><trkpt lat="41.545992077" lon="-8.121116106" /><trkpt lat="41.546000537" lon="-8.121130577" /><trkpt lat="41.546009642" lon="-8.121144814" /><trkpt lat="41.546019410" lon="-8.121158805" /><trkpt lat="41.546029861" lon="-8.121172538" /><trkpt lat="41.546041011" lon="-8.121186000" /><trkpt lat="41.546052881" lon="-8.121199180" /><trkpt lat="41.546065488" lon="-8.121212064" /><trkpt lat="41.546078850" lon="-8.121224642" /><trkpt lat="41.546093687" lon="-8.121238013" /><trkpt lat="41.546108095" lon="-8.121250944" /><trkpt lat="41.546122091" lon="-8.121263468" /><trkpt lat="41.546135689" lon="-8.121275621" /><trkpt lat="41.546148906" lon="-8.121287435" /><trkpt lat="41.546161758" lon="-8.121298946" /><trkpt lat="41.546174259" lon="-8.121310187" /><trkpt lat="41.546186426" lon="-8.121321192" /><trkpt lat="41.546198273" lon="-8.121331996" /><trkpt lat="41.546209818" lon="-8.121342632" /><trkpt lat="41.546221074" lon="-8.121353135" /><trkpt lat="41.546232059" lon="-8.121363538" /><trkpt lat="41.546242786" lon="-8.121373876" /><trkpt lat="41.546253273" lon="-8.121384184" /><trkpt lat="41.546263535" lon="-8.121394494" /><trkpt lat="41.546273587" lon="-8.121404841" /><trkpt lat="41.546283445" lon="-8.121415260" /><trkpt lat="41.546293124" lon="-8.121425784" /><trkpt lat="41.546302640" lon="-8.121436448" /><trkpt lat="41.546312009" lon="-8.121447285" /><trkpt lat="41.546321247" lon="-8.121458329" /><trkpt lat="41.546330368" lon="-8.121469616" /><trkpt lat="41.546339389" lon="-8.121481178" /><trkpt lat="41.546348325" lon="-8.121493050" /><trkpt lat="41.546357192" lon="-8.121505267" /><trkpt lat="41.546366005" lon="-8.121517861" /><trkpt lat="41.546374780" lon="-8.121530868" /><trkpt lat="41.546383532" lon="-8.121544321" /><trkpt lat="41.546392278" lon="-8.121558255" /><trkpt lat="41.546401033" lon="-8.121572703" /><trkpt lat="41.546409812" lon="-8.121587700" /><trkpt lat="41.546418631" lon="-8.121603280" /><trkpt lat="41.546427505" lon="-8.121619477" /><trkpt lat="41.546436451" lon="-8.121636325" /><trkpt lat="41.546445483" lon="-8.121653857" /><trkpt lat="41.546454618" lon="-8.121672109" /><trkpt lat="41.546463871" lon="-8.121691115" /><trkpt lat="41.546473258" lon="-8.121710907" /><trkpt lat="41.546482794" lon="-8.121731522" /><trkpt lat="41.546492495" lon="-8.121752992" /><trkpt lat="41.546502376" lon="-8.121775351" /><trkpt lat="41.546512453" lon="-8.121798635" /><trkpt lat="41.546522407" lon="-8.121821493" /><trkpt lat="41.546532384" lon="-8.121843666" /><trkpt lat="41.546542388" lon="-8.121865166" /><trkpt lat="41.546552421" lon="-8.121886004" /><trkpt lat="41.546562488" lon="-8.121906192" /><trkpt lat="41.546572592" lon="-8.121925742" /><trkpt lat="41.546582737" lon="-8.121944664" /><trkpt lat="41.546592925" lon="-8.121962971" /><trkpt lat="41.546603161" lon="-8.121980674" /><trkpt lat="41.546613448" lon="-8.121997785" /><trkpt lat="41.546623789" lon="-8.122014314" /><trkpt lat="41.546634188" lon="-8.122030274" /><trkpt lat="41.546644648" lon="-8.122045677" /><trkpt lat="41.546655173" lon="-8.122060533" /><trkpt lat="41.546665767" lon="-8.122074854" /><trkpt lat="41.546676432" lon="-8.122088652" /><trkpt lat="41.546687172" lon="-8.122101938" /><trkpt lat="41.546697992" lon="-8.122114724" /><trkpt lat="41.546708893" lon="-8.122127022" /><trkpt lat="41.546719881" lon="-8.122138842" /><trkpt lat="41.546730957" lon="-8.122150197" /><trkpt lat="41.546742126" lon="-8.122161098" /><trkpt lat="41.546753392" lon="-8.122171556" /><trkpt lat="41.546764757" lon="-8.122181584" /><trkpt lat="41.546776225" lon="-8.122191192" /><trkpt lat="41.546787800" lon="-8.122200392" /><trkpt lat="41.546799485" lon="-8.122209196" /><trkpt lat="41.546811284" lon="-8.122217615" /><trkpt lat="41.546823200" lon="-8.122225661" /><trkpt lat="41.546835236" lon="-8.122233345" /><trkpt lat="41.546847396" lon="-8.122240679" /><trkpt lat="41.546859684" lon="-8.122247674" /><trkpt lat="41.546872103" lon="-8.122254342" /><trkpt lat="41.546884657" lon="-8.122260695" /><trkpt lat="41.546897348" lon="-8.122266744" /><trkpt lat="41.546910181" lon="-8.122272500" /><trkpt lat="41.546923159" lon="-8.122277975" /><trkpt lat="41.546936286" lon="-8.122283181" /><trkpt lat="41.546949564" lon="-8.122288128" /><trkpt lat="41.546962998" lon="-8.122292830" /><trkpt lat="41.546976591" lon="-8.122297297" /><trkpt lat="41.546990346" lon="-8.122301540" /><trkpt lat="41.547004267" lon="-8.122305572" /><trkpt lat="41.547022827" lon="-8.122310809" /><trkpt lat="41.547040892" lon="-8.122315971" /><trkpt lat="41.547058494" lon="-8.122321080" /><trkpt lat="41.547075667" lon="-8.122326155" /><trkpt lat="41.547092445" lon="-8.122331216" /><trkpt lat="41.547108860" lon="-8.122336283" /><trkpt lat="41.547124947" lon="-8.122341377" /><trkpt lat="41.547140739" lon="-8.122346518" /><trkpt lat="41.547156269" lon="-8.122351725" /><trkpt lat="41.547171571" lon="-8.122357019" /><trkpt lat="41.547186677" lon="-8.122362421" /><trkpt lat="41.547201623" lon="-8.122367949" /><trkpt lat="41.547216441" lon="-8.122373625" /><trkpt lat="41.547231164" lon="-8.122379468" /><trkpt lat="41.547245826" lon="-8.122385499" /><trkpt lat="41.547260461" lon="-8.122391738" /><trkpt lat="41.547275101" lon="-8.122398205" /><trkpt lat="41.547289781" lon="-8.122404919" /><trkpt lat="41.547304534" lon="-8.122411902" /><trkpt lat="41.547319392" lon="-8.122419173" /><trkpt lat="41.547334391" lon="-8.122426752" /><trkpt lat="41.547349562" lon="-8.122434661" /><trkpt lat="41.547364941" lon="-8.122442917" /><trkpt lat="41.547380559" lon="-8.122451543" /><trkpt lat="41.547396450" lon="-8.122460557" /><trkpt lat="41.547412649" lon="-8.122469981" /><trkpt lat="41.547429188" lon="-8.122479834" /><trkpt lat="41.547446101" lon="-8.122490136" /><trkpt lat="41.547463421" lon="-8.122500908" /><trkpt lat="41.547481181" lon="-8.122512170" /><trkpt lat="41.547499416" lon="-8.122523941" /><trkpt lat="41.547518159" lon="-8.122536242" /><trkpt lat="41.547532422" lon="-8.122545607" /><trkpt lat="41.547546914" lon="-8.122554985" /><trkpt lat="41.547561623" lon="-8.122564373" /><trkpt lat="41.547576536" lon="-8.122573766" /><trkpt lat="41.547591641" lon="-8.122583162" /><trkpt lat="41.547606925" lon="-8.122592556" /><trkpt lat="41.547622377" lon="-8.122601944" /><trkpt lat="41.547637984" lon="-8.122611323" /><trkpt lat="41.547653734" lon="-8.122620689" /><trkpt lat="41.547669615" lon="-8.122630037" /><trkpt lat="41.547685613" lon="-8.122639364" /><trkpt lat="41.547701718" lon="-8.122648666" /><trkpt lat="41.547717917" lon="-8.122657940" /><trkpt lat="41.547734197" lon="-8.122667181" /><trkpt lat="41.547750546" lon="-8.122676385" /><trkpt lat="41.547766952" lon="-8.122685549" /><trkpt lat="41.547783403" lon="-8.122694670" /><trkpt lat="41.547799886" lon="-8.122703742" /><trkpt lat="41.547816390" lon="-8.122712762" /><trkpt lat="41.547832901" lon="-8.122721727" /><trkpt lat="41.547849408" lon="-8.122730632" /><trkpt lat="41.547865898" lon="-8.122739473" /><trkpt lat="41.547882360" lon="-8.122748248" /><trkpt lat="41.547898780" lon="-8.122756952" /><trkpt lat="41.547915146" lon="-8.122765580" /><trkpt lat="41.547931447" lon="-8.122774130" /><trkpt lat="41.547947670" lon="-8.122782597" /><trkpt lat="41.547963803" lon="-8.122790978" /><trkpt lat="41.547979833" lon="-8.122799269" /><trkpt lat="41.547995748" lon="-8.122807465" /><trkpt lat="41.548011536" lon="-8.122815564" /><trkpt lat="41.548027185" lon="-8.122823561" /><trkpt lat="41.548042682" lon="-8.122831452" /><trkpt lat="41.548058015" lon="-8.122839233" /><trkpt lat="41.548073172" lon="-8.122846901" /><trkpt lat="41.548088141" lon="-8.122854452" /><trkpt lat="41.548102908" lon="-8.122861882" /><trkpt lat="41.548117463" lon="-8.122869187" /><trkpt lat="41.548131793" lon="-8.122876364" /><trkpt lat="41.548145885" lon="-8.122883407" /><trkpt lat="41.548159727" lon="-8.122890315" /><trkpt lat="41.548173307" lon="-8.122897082" /><trkpt lat="41.548186613" lon="-8.122903705" /><trkpt lat="41.548199103" lon="-8.122910200" /><trkpt lat="41.548211415" lon="-8.122917165" /><trkpt lat="41.548223549" lon="-8.122924592" /><trkpt lat="41.548235504" lon="-8.122932472" /><trkpt lat="41.548247280" lon="-8.122940799" /><trkpt lat="41.548258878" lon="-8.122949565" /><trkpt lat="41.548270298" lon="-8.122958762" /><trkpt lat="41.548281539" lon="-8.122968383" /><trkpt lat="41.548292602" lon="-8.122978420" /><trkpt lat="41.548303486" lon="-8.122988866" /><trkpt lat="41.548314192" lon="-8.122999712" /><trkpt lat="41.548324720" lon="-8.123010952" /><trkpt lat="41.548335069" lon="-8.123022577" /><trkpt lat="41.548345239" lon="-8.123034580" /><trkpt lat="41.548355231" lon="-8.123046954" /><trkpt lat="41.548365045" lon="-8.123059691" /><trkpt lat="41.548374680" lon="-8.123072784" /><trkpt lat="41.548384137" lon="-8.123086224" /><trkpt lat="41.548393416" lon="-8.123100004" /><trkpt lat="41.548402516" lon="-8.123114116" /><trkpt lat="41.548411437" lon="-8.123128554" /><trkpt lat="41.548420180" lon="-8.123143309" /><trkpt lat="41.548428745" lon="-8.123158374" /><trkpt lat="41.548437131" lon="-8.123173741" /><trkpt lat="41.548445339" lon="-8.123189402" /><trkpt lat="41.548453369" lon="-8.123205351" /><trkpt lat="41.548461220" lon="-8.123221579" /><trkpt lat="41.548468892" lon="-8.123238078" /><trkpt lat="41.548476386" lon="-8.123254842" /><trkpt lat="41.548483702" lon="-8.123271863" /><trkpt lat="41.548490839" lon="-8.123289132" /><trkpt lat="41.548497798" lon="-8.123306643" /><trkpt lat="41.548504578" lon="-8.123324388" /><trkpt lat="41.548511180" lon="-8.123342359" /><trkpt lat="41.548517604" lon="-8.123360548" /><trkpt lat="41.548523849" lon="-8.123378949" /><trkpt lat="41.548529915" lon="-8.123397553" /><trkpt lat="41.548535804" lon="-8.123416353" /><trkpt lat="41.548541513" lon="-8.123435342" /><trkpt lat="41.548547045" lon="-8.123454510" /><trkpt lat="41.548552398" lon="-8.123473852" /><trkpt lat="41.548557572" lon="-8.123493360" /><trkpt lat="41.548562568" lon="-8.123513025" /><trkpt lat="41.548567386" lon="-8.123532841" /><trkpt lat="41.548572025" lon="-8.123552799" /><trkpt lat="41.548575733" lon="-8.123569042" /><trkpt lat="41.548579540" lon="-8.123585573" /><trkpt lat="41.548583444" lon="-8.123602378" /><trkpt lat="41.548587439" lon="-8.123619445" /><trkpt lat="41.548591524" lon="-8.123636758" /><trkpt lat="41.548595693" lon="-8.123654304" /><trkpt lat="41.548599944" lon="-8.123672068" /><trkpt lat="41.548604272" lon="-8.123690038" /><trkpt lat="41.548608673" lon="-8.123708197" /><trkpt lat="41.548613144" lon="-8.123726534" /><trkpt lat="41.548617681" lon="-8.123745033" /><trkpt lat="41.548622280" lon="-8.123763680" /><trkpt lat="41.548626937" lon="-8.123782462" /><trkpt lat="41.548631650" lon="-8.123801365" /><trkpt lat="41.548636413" lon="-8.123820374" /><trkpt lat="41.548641223" lon="-8.123839475" /><trkpt lat="41.548646077" lon="-8.123858655" /><trkpt lat="41.548650970" lon="-8.123877899" /><trkpt lat="41.548655899" lon="-8.123897194" /><trkpt lat="41.548660860" lon="-8.123916525" /><trkpt lat="41.548665849" lon="-8.123935878" /><trkpt lat="41.548670863" lon="-8.123955240" /><trkpt lat="41.548675897" lon="-8.123974596" /><trkpt lat="41.548680949" lon="-8.123993933" /><trkpt lat="41.548686013" lon="-8.124013235" /><trkpt lat="41.548691087" lon="-8.124032490" /><trkpt lat="41.548696167" lon="-8.124051683" /><trkpt lat="41.548701248" lon="-8.124070801" /><trkpt lat="41.548706328" lon="-8.124089828" /><trkpt lat="41.548711401" lon="-8.124108752" /><trkpt lat="41.548716466" lon="-8.124127558" /><trkpt lat="41.548721517" lon="-8.124146232" /><trkpt lat="41.548726551" lon="-8.124164760" /><trkpt lat="41.548731564" lon="-8.124183128" /><trkpt lat="41.548736553" lon="-8.124201323" /><trkpt lat="41.548741513" lon="-8.124219329" /><trkpt lat="41.548746442" lon="-8.124237134" /><trkpt lat="41.548751334" lon="-8.124254722" /><trkpt lat="41.548756187" lon="-8.124272080" /><trkpt lat="41.548760997" lon="-8.124289195" /><trkpt lat="41.548765759" lon="-8.124306051" /><trkpt lat="41.548770470" lon="-8.124322635" /><trkpt lat="41.548775127" lon="-8.124338933" /><trkpt lat="41.548779725" lon="-8.124354931" /><trkpt lat="41.548784260" lon="-8.124370615" /><trkpt lat="41.548788730" lon="-8.124385971" /><trkpt lat="41.548793130" lon="-8.124400984" /><trkpt lat="41.548797456" lon="-8.124415642" /><trkpt lat="41.548801705" lon="-8.124429929" /><trkpt lat="41.548805873" lon="-8.124443832" /><trkpt lat="41.548809956" lon="-8.124457336" /><trkpt lat="41.548813950" lon="-8.124470428" /><trkpt lat="41.548817852" lon="-8.124483094" /><trkpt lat="41.548821658" lon="-8.124495320" /><trkpt lat="41.548825363" lon="-8.124507092" /><trkpt lat="41.548828965" lon="-8.124518394" /><trkpt lat="41.548832185" lon="-8.124528414" /><trkpt lat="41.548835631" lon="-8.124539095" /><trkpt lat="41.548839295" lon="-8.124550417" /><trkpt lat="41.548843170" lon="-8.124562358" /><trkpt lat="41.548847250" lon="-8.124574895" /><trkpt lat="41.548851527" lon="-8.124588009" /><trkpt lat="41.548855996" lon="-8.124601676" /><trkpt lat="41.548860648" lon="-8.124615876" /><trkpt lat="41.548865476" lon="-8.124630587" /><trkpt lat="41.548870475" lon="-8.124645786" /><trkpt lat="41.548875636" lon="-8.124661454" /><trkpt lat="41.548880954" lon="-8.124677567" /><trkpt lat="41.548886420" lon="-8.124694104" /><trkpt lat="41.548892029" lon="-8.124711045" /><trkpt lat="41.548897773" lon="-8.124728366" /><trkpt lat="41.548903645" lon="-8.124746047" /><trkpt lat="41.548909638" lon="-8.124764066" /><trkpt lat="41.548915745" lon="-8.124782401" /><trkpt lat="41.548921960" lon="-8.124801031" /><trkpt lat="41.548928276" lon="-8.124819933" /><trkpt lat="41.548934685" lon="-8.124839088" /><trkpt lat="41.548941181" lon="-8.124858472" /><trkpt lat="41.548947756" lon="-8.124878064" /><trkpt lat="41.548954404" lon="-8.124897843" /><trkpt lat="41.548961118" lon="-8.124917787" /><trkpt lat="41.548967891" lon="-8.124937875" /><trkpt lat="41.548974715" lon="-8.124958084" /><trkpt lat="41.548981585" lon="-8.124978393" /><trkpt lat="41.548988493" lon="-8.124998781" /><trkpt lat="41.548995432" lon="-8.125019226" /><trkpt lat="41.549002394" lon="-8.125039707" /><trkpt lat="41.549009375" lon="-8.125060201" /><trkpt lat="41.549016365" lon="-8.125080687" /><trkpt lat="41.549023359" lon="-8.125101144" /><trkpt lat="41.549030349" lon="-8.125121549" /><trkpt lat="41.549037329" lon="-8.125141882" /><trkpt lat="41.549044291" lon="-8.125162121" /><trkpt lat="41.549051229" lon="-8.125182244" /><trkpt lat="41.549058135" lon="-8.125202229" /><trkpt lat="41.549065004" lon="-8.125222055" /><trkpt lat="41.549071827" lon="-8.125241701" /><trkpt lat="41.549078598" lon="-8.125261144" /><trkpt lat="41.549085309" lon="-8.125280363" /><trkpt lat="41.549091955" lon="-8.125299336" /><trkpt lat="41.549098528" lon="-8.125318043" /><trkpt lat="41.549105021" lon="-8.125336460" /><trkpt lat="41.549111427" lon="-8.125354568" /><trkpt lat="41.549117739" lon="-8.125372343" /><trkpt lat="41.549123951" lon="-8.125389764" /><trkpt lat="41.549130055" lon="-8.125406811" /><trkpt lat="41.549136044" lon="-8.125423460" /><trkpt lat="41.549141912" lon="-8.125439691" /><trkpt lat="41.549147651" lon="-8.125455482" /><trkpt lat="41.549153255" lon="-8.125470812" /><trkpt lat="41.549158717" lon="-8.125485658" /><trkpt lat="41.549164029" lon="-8.125499999" /><trkpt lat="41.549169186" lon="-8.125513814" /><trkpt lat="41.549174179" lon="-8.125527081" /><trkpt lat="41.549179002" lon="-8.125539778" /><trkpt lat="41.549183648" lon="-8.125551883" /><trkpt lat="41.549188109" lon="-8.125563376" /><trkpt lat="41.549192381" lon="-8.125574234" /><trkpt lat="41.549196454" lon="-8.125584436" /><trkpt lat="41.549200322" lon="-8.125593960" /><trkpt lat="41.549204315" lon="-8.125603560" /><trkpt lat="41.549208516" lon="-8.125613410" /><trkpt lat="41.549212915" lon="-8.125623508" /><trkpt lat="41.549217499" lon="-8.125633854" /><trkpt lat="41.549222259" lon="-8.125644446" /><trkpt lat="41.549227182" lon="-8.125655284" /><trkpt lat="41.549232259" lon="-8.125666365" /><trkpt lat="41.549237477" lon="-8.125677689" /><trkpt lat="41.549242826" lon="-8.125689254" /><trkpt lat="41.549248295" lon="-8.125701060" /><trkpt lat="41.549253873" lon="-8.125713105" /><trkpt lat="41.549259548" lon="-8.125725387" /><trkpt lat="41.549265309" lon="-8.125737907" /><trkpt lat="41.549271146" lon="-8.125750661" /><trkpt lat="41.549277048" lon="-8.125763650" /><trkpt lat="41.549283003" lon="-8.125776872" /><trkpt lat="41.549289000" lon="-8.125790325" /><trkpt lat="41.549295028" lon="-8.125804009" /><trkpt lat="41.549301076" lon="-8.125817922" /><trkpt lat="41.549307133" lon="-8.125832064" /><trkpt lat="41.549313189" lon="-8.125846432" /><trkpt lat="41.549319231" lon="-8.125861026" /><trkpt lat="41.549325249" lon="-8.125875845" /><trkpt lat="41.549331232" lon="-8.125890886" /><trkpt lat="41.549337168" lon="-8.125906150" /><trkpt lat="41.549343048" lon="-8.125921634" /><trkpt lat="41.549348858" lon="-8.125937339" /><trkpt lat="41.549354590" lon="-8.125953261" /><trkpt lat="41.549360230" lon="-8.125969401" /><trkpt lat="41.549365769" lon="-8.125985756" /><trkpt lat="41.549371196" lon="-8.126002327" /><trkpt lat="41.549376498" lon="-8.126019110" /><trkpt lat="41.549381666" lon="-8.126036107" /><trkpt lat="41.549386688" lon="-8.126053314" /><trkpt lat="41.549391553" lon="-8.126070731" /><trkpt lat="41.549396250" lon="-8.126088357" /><trkpt lat="41.549400768" lon="-8.126106190" /><trkpt lat="41.549405095" lon="-8.126124229" /><trkpt lat="41.549409222" lon="-8.126142474" /><trkpt lat="41.549413136" lon="-8.126160922" /><trkpt lat="41.549416827" lon="-8.126179573" /><trkpt lat="41.549420283" lon="-8.126198425" /><trkpt lat="41.549423494" lon="-8.126217477" /><trkpt lat="41.549426448" lon="-8.126236728" /><trkpt lat="41.549429135" lon="-8.126256177" /><trkpt lat="41.549431543" lon="-8.126275823" /><trkpt lat="41.549433661" lon="-8.126295663" /><trkpt lat="41.549435478" lon="-8.126315698" /><trkpt lat="41.549436984" lon="-8.126335926" /><trkpt lat="41.549438166" lon="-8.126356345" /><trkpt lat="41.549439014" lon="-8.126376955" /><trkpt lat="41.549439518" lon="-8.126397754" /><trkpt lat="41.549439665" lon="-8.126418741" /><trkpt lat="41.549439445" lon="-8.126439914" /><trkpt lat="41.549438846" lon="-8.126461274" /><trkpt lat="41.549437859" lon="-8.126482817" /><trkpt lat="41.549436470" lon="-8.126504544" /><trkpt lat="41.549434671" lon="-8.126526453" /><trkpt lat="41.549432448" lon="-8.126548542" /><trkpt lat="41.549429792" lon="-8.126570811" /><trkpt lat="41.549426692" lon="-8.126593258" /><trkpt lat="41.549423135" lon="-8.126615882" /><trkpt lat="41.549419629" lon="-8.126636874" /><trkpt lat="41.549416119" lon="-8.126657813" /><trkpt lat="41.549412607" lon="-8.126678697" /><trkpt lat="41.549409093" lon="-8.126699525" /><trkpt lat="41.549405575" lon="-8.126720292" /><trkpt lat="41.549402055" lon="-8.126740998" /><trkpt lat="41.549398532" lon="-8.126761639" /><trkpt lat="41.549395007" lon="-8.126782213" /><trkpt lat="41.549391479" lon="-8.126802719" /><trkpt lat="41.549387948" lon="-8.126823153" /><trkpt lat="41.549384414" lon="-8.126843514" /><trkpt lat="41.549380878" lon="-8.126863798" /><trkpt lat="41.549377339" lon="-8.126884004" /><trkpt lat="41.549373798" lon="-8.126904129" /><trkpt lat="41.549370254" lon="-8.126924171" /><trkpt lat="41.549366707" lon="-8.126944127" /><trkpt lat="41.549363157" lon="-8.126963996" /><trkpt lat="41.549359605" lon="-8.126983774" /><trkpt lat="41.549356050" lon="-8.127003460" /><trkpt lat="41.549352492" lon="-8.127023051" /><trkpt lat="41.549348932" lon="-8.127042544" /><trkpt lat="41.549345369" lon="-8.127061938" /><trkpt lat="41.549341803" lon="-8.127081230" /><trkpt lat="41.549338235" lon="-8.127100418" /><trkpt lat="41.549334664" lon="-8.127119499" /><trkpt lat="41.549331090" lon="-8.127138471" /><trkpt lat="41.549327514" lon="-8.127157331" /><trkpt lat="41.549323934" lon="-8.127176078" /><trkpt lat="41.549320353" lon="-8.127194709" /><trkpt lat="41.549316768" lon="-8.127213221" /><trkpt lat="41.549313181" lon="-8.127231612" /><trkpt lat="41.549309591" lon="-8.127249880" /><trkpt lat="41.549305999" lon="-8.127268023" /><trkpt lat="41.549302403" lon="-8.127286038" /><trkpt lat="41.549298806" lon="-8.127303922" /><trkpt lat="41.549295205" lon="-8.127321674" /><trkpt lat="41.549291602" lon="-8.127339291" /><trkpt lat="41.549287996" lon="-8.127356771" /><trkpt lat="41.549284387" lon="-8.127374111" /><trkpt lat="41.549280776" lon="-8.127391309" /><trkpt lat="41.549277162" lon="-8.127408362" /><trkpt lat="41.549273545" lon="-8.127425269" /><trkpt lat="41.549269926" lon="-8.127442027" /><trkpt lat="41.549266304" lon="-8.127458633" /><trkpt lat="41.549262679" lon="-8.127475086" /><trkpt lat="41.549259052" lon="-8.127491383" /><trkpt lat="41.549255422" lon="-8.127507521" /><trkpt lat="41.549251789" lon="-8.127523498" /><trkpt lat="41.549248153" lon="-8.127539312" /><trkpt lat="41.549244515" lon="-8.127554960" /><trkpt lat="41.549240874" lon="-8.127570441" /><trkpt lat="41.549237231" lon="-8.127585751" /><trkpt lat="41.549233585" lon="-8.127600888" /><trkpt lat="41.549229936" lon="-8.127615851" /><trkpt lat="41.549226284" lon="-8.127630636" /><trkpt lat="41.549222630" lon="-8.127645242" /><trkpt lat="41.549218973" lon="-8.127659666" /><trkpt lat="41.549215313" lon="-8.127673905" /><trkpt lat="41.549211651" lon="-8.127687957" /><trkpt lat="41.549207986" lon="-8.127701821" /><trkpt lat="41.549204318" lon="-8.127715493" /><trkpt lat="41.549200648" lon="-8.127728971" /><trkpt lat="41.549196975" lon="-8.127742253" /><trkpt lat="41.549193299" lon="-8.127755336" /><trkpt lat="41.549189621" lon="-8.127768219" /><trkpt lat="41.549185940" lon="-8.127780898" /><trkpt lat="41.549182256" lon="-8.127793372" /><trkpt lat="41.549178795" lon="-8.127804927" /><trkpt lat="41.549175179" lon="-8.127816880" /><trkpt lat="41.549171414" lon="-8.127829221" /><trkpt lat="41.549167506" lon="-8.127841939" /><trkpt lat="41.549163461" lon="-8.127855024" /><trkpt lat="41.549159284" lon="-8.127868466" /><trkpt lat="41.549154982" lon="-8.127882255" /><trkpt lat="41.549150560" lon="-8.127896381" /><trkpt lat="41.549146025" lon="-8.127910833" /><trkpt lat="41.549141381" lon="-8.127925602" /><trkpt lat="41.549136635" lon="-8.127940677" /><trkpt lat="41.549131792" lon="-8.127956048" /><trkpt lat="41.549126859" lon="-8.127971705" /><trkpt lat="41.549121841" lon="-8.127987639" /><trkpt lat="41.549116745" lon="-8.128003838" /><trkpt lat="41.549111575" lon="-8.128020292" /><trkpt lat="41.549106337" lon="-8.128036993" /><trkpt lat="41.549101038" lon="-8.128053928" /><trkpt lat="41.549095684" lon="-8.128071089" /><trkpt lat="41.549090279" lon="-8.128088465" /><trkpt lat="41.549084831" lon="-8.128106046" /><trkpt lat="41.549079344" lon="-8.128123822" /><trkpt lat="41.549073825" lon="-8.128141783" /><trkpt lat="41.549068279" lon="-8.128159918" /><trkpt lat="41.549062713" lon="-8.128178218" /><trkpt lat="41.549057131" lon="-8.128196671" /><trkpt lat="41.549051541" lon="-8.128215270" /><trkpt lat="41.549045947" lon="-8.128234002" /><trkpt lat="41.549040355" lon="-8.128252858" /><trkpt lat="41.549034772" lon="-8.128271827" /><trkpt lat="41.549029203" lon="-8.128290901" /><trkpt lat="41.549023654" lon="-8.128310068" /><trkpt lat="41.549018131" lon="-8.128329318" /><trkpt lat="41.549012639" lon="-8.128348641" /><trkpt lat="41.549007185" lon="-8.128368028" /><trkpt lat="41.549001774" lon="-8.128387468" /><trkpt lat="41.548996413" lon="-8.128406950" /><trkpt lat="41.548991106" lon="-8.128426465" /><trkpt lat="41.548985860" lon="-8.128446002" /><trkpt lat="41.548980680" lon="-8.128465552" /><trkpt lat="41.548975573" lon="-8.128485105" /><trkpt lat="41.548970543" lon="-8.128504649" /><trkpt lat="41.548965598" lon="-8.128524175" /><trkpt lat="41.548960743" lon="-8.128543674" /><trkpt lat="41.548955983" lon="-8.128563134" /><trkpt lat="41.548951325" lon="-8.128582545" /><trkpt lat="41.548946774" lon="-8.128601898" /><trkpt lat="41.548942336" lon="-8.128621183" /><trkpt lat="41.548938017" lon="-8.128640388" /><trkpt lat="41.548933823" lon="-8.128659505" /><trkpt lat="41.548929759" lon="-8.128678523" /><trkpt lat="41.548925832" lon="-8.128697431" /><trkpt lat="41.548922047" lon="-8.128716220" /><trkpt lat="41.548918410" lon="-8.128734879" /><trkpt lat="41.548914927" lon="-8.128753399" /><trkpt lat="41.548911603" lon="-8.128771769" /><trkpt lat="41.548908445" lon="-8.128789980" /><trkpt lat="41.548905458" lon="-8.128808020" /><trkpt lat="41.548902649" lon="-8.128825880" /><trkpt lat="41.548900022" lon="-8.128843550" /><trkpt lat="41.548897584" lon="-8.128861019" /><trkpt lat="41.548895341" lon="-8.128878278" /><trkpt lat="41.548893298" lon="-8.128895316" /><trkpt lat="41.548891461" lon="-8.128912123" /><trkpt lat="41.548889836" lon="-8.128928689" /><trkpt lat="41.548888429" lon="-8.128945004" /><trkpt lat="41.548887246" lon="-8.128961058" /><trkpt lat="41.548886293" lon="-8.128976841" /><trkpt lat="41.548885574" lon="-8.128992342" /><trkpt lat="41.548885097" lon="-8.129007551" /><trkpt lat="41.548884867" lon="-8.129022459" /><trkpt lat="41.548884890" lon="-8.129037054" /><trkpt lat="41.548885171" lon="-8.129051328" /><trkpt lat="41.548885840" lon="-8.129071157" /><trkpt lat="41.548886687" lon="-8.129091027" /><trkpt lat="41.548887705" lon="-8.129110929" /><trkpt lat="41.548888889" lon="-8.129130856" /><trkpt lat="41.548890233" lon="-8.129150801" /><trkpt lat="41.548891732" lon="-8.129170755" /><trkpt lat="41.548893380" lon="-8.129190712" /><trkpt lat="41.548895172" lon="-8.129210663" /><trkpt lat="41.548897102" lon="-8.129230602" /><trkpt lat="41.548899164" lon="-8.129250520" /><trkpt lat="41.548901354" lon="-8.129270410" /><trkpt lat="41.548903664" lon="-8.129290265" /><trkpt lat="41.548906091" lon="-8.129310077" /><trkpt lat="41.548908628" lon="-8.129329838" /><trkpt lat="41.548911269" lon="-8.129349541" /><trkpt lat="41.548914010" lon="-8.129369179" /><trkpt lat="41.548916844" lon="-8.129388743" /><trkpt lat="41.548919766" lon="-8.129408226" /><trkpt lat="41.548922771" lon="-8.129427621" /><trkpt lat="41.548925852" lon="-8.129446920" /><trkpt lat="41.548929005" lon="-8.129466116" /><trkpt lat="41.548932223" lon="-8.129485200" /><trkpt lat="41.548935501" lon="-8.129504166" /><trkpt lat="41.548938834" lon="-8.129523006" /><trkpt lat="41.548942216" lon="-8.129541712" /><trkpt lat="41.548945642" lon="-8.129560277" /><trkpt lat="41.548949105" lon="-8.129578693" /><trkpt lat="41.548952601" lon="-8.129596953" /><trkpt lat="41.548956123" lon="-8.129615049" /><trkpt lat="41.548959666" lon="-8.129632973" /><trkpt lat="41.548963225" lon="-8.129650718" /><trkpt lat="41.548966795" lon="-8.129668277" /><trkpt lat="41.548970368" lon="-8.129685642" /><trkpt lat="41.548973940" lon="-8.129702805" /><trkpt lat="41.548977506" lon="-8.129719759" /><trkpt lat="41.548981060" lon="-8.129736496" /><trkpt lat="41.548984595" lon="-8.129753009" /><trkpt lat="41.548988108" lon="-8.129769290" /><trkpt lat="41.548991591" lon="-8.129785331" /><trkpt lat="41.548995040" lon="-8.129801125" /><trkpt lat="41.548998449" lon="-8.129816665" /><trkpt lat="41.549001812" lon="-8.129831943" /><trkpt lat="41.549005123" lon="-8.129846951" /><trkpt lat="41.549008378" lon="-8.129861682" /><trkpt lat="41.549011571" lon="-8.129876128" /><trkpt lat="41.549014696" lon="-8.129890282" /><trkpt lat="41.549017747" lon="-8.129904136" /><trkpt lat="41.549020719" lon="-8.129917682" /><trkpt lat="41.549023607" lon="-8.129930914" /><trkpt lat="41.549026404" lon="-8.129943823" /><trkpt lat="41.549029106" lon="-8.129956402" /><trkpt lat="41.549031706" lon="-8.129968643" /><trkpt lat="41.549034768" lon="-8.129983275" /><trkpt lat="41.549037788" lon="-8.129997981" /><trkpt lat="41.549040766" lon="-8.130012765" /><trkpt lat="41.549043700" lon="-8.130027633" /><trkpt lat="41.549046588" lon="-8.130042587" /><trkpt lat="41.549049429" lon="-8.130057634" /><trkpt lat="41.549052221" lon="-8.130072777" /><trkpt lat="41.549054962" lon="-8.130088021" /><trkpt lat="41.549057650" lon="-8.130103370" /><trkpt lat="41.549060285" lon="-8.130118829" /><trkpt lat="41.549062863" lon="-8.130134402" /><trkpt lat="41.549065385" lon="-8.130150094" /><trkpt lat="41.549067847" lon="-8.130165908" /><trkpt lat="41.549070248" lon="-8.130181850" /><trkpt lat="41.549072588" lon="-8.130197925" /><trkpt lat="41.549074863" lon="-8.130214135" /><trkpt lat="41.549077072" lon="-8.130230487" /><trkpt lat="41.549079214" lon="-8.130246983" /><trkpt lat="41.549081286" lon="-8.130263630" /><trkpt lat="41.549083288" lon="-8.130280431" /><trkpt lat="41.549085218" lon="-8.130297390" /><trkpt lat="41.549087074" lon="-8.130314513" /><trkpt lat="41.549088853" lon="-8.130331803" /><trkpt lat="41.549090556" lon="-8.130349266" /><trkpt lat="41.549092179" lon="-8.130366904" /><trkpt lat="41.549093722" lon="-8.130384724" /><trkpt lat="41.549095182" lon="-8.130402729" /><trkpt lat="41.549096558" lon="-8.130420924" /><trkpt lat="41.549097848" lon="-8.130439314" /><trkpt lat="41.549099051" lon="-8.130457902" /><trkpt lat="41.549100165" lon="-8.130476693" /><trkpt lat="41.549101188" lon="-8.130495692" /><trkpt lat="41.549102119" lon="-8.130514903" /><trkpt lat="41.549102956" lon="-8.130534331" /><trkpt lat="41.549103697" lon="-8.130553980" /><trkpt lat="41.549104340" lon="-8.130573854" /><trkpt lat="41.549104885" lon="-8.130593958" /><trkpt lat="41.549105328" lon="-8.130614297" /><trkpt lat="41.549105670" lon="-8.130634874" /><trkpt lat="41.549105907" lon="-8.130655695" /><trkpt lat="41.549106038" lon="-8.130676764" /><trkpt lat="41.549106063" lon="-8.130698084" /><trkpt lat="41.549105978" lon="-8.130719662" /><trkpt lat="41.549105893" lon="-8.130738651" /><trkpt lat="41.549105881" lon="-8.130757523" /><trkpt lat="41.549105931" lon="-8.130776280" /><trkpt lat="41.549106036" lon="-8.130794925" /><trkpt lat="41.549106187" lon="-8.130813462" /><trkpt lat="41.549106375" lon="-8.130831893" /><trkpt lat="41.549106592" lon="-8.130850222" /><trkpt lat="41.549106829" lon="-8.130868451" /><trkpt lat="41.549107077" lon="-8.130886583" /><trkpt lat="41.549107328" lon="-8.130904622" /><trkpt lat="41.549107574" lon="-8.130922571" /><trkpt lat="41.549107805" lon="-8.130940432" /><trkpt lat="41.549108013" lon="-8.130958208" /><trkpt lat="41.549108190" lon="-8.130975903" /><trkpt lat="41.549108326" lon="-8.130993519" /><trkpt lat="41.549108414" lon="-8.131011060" /><trkpt lat="41.549108445" lon="-8.131028528" /><trkpt lat="41.549108409" lon="-8.131045927" /><trkpt lat="41.549108299" lon="-8.131063259" /><trkpt lat="41.549108106" lon="-8.131080528" /><trkpt lat="41.549107821" lon="-8.131097736" /><trkpt lat="41.549107436" lon="-8.131114887" /><trkpt lat="41.549106942" lon="-8.131131983" /><trkpt lat="41.549106330" lon="-8.131149028" /><trkpt lat="41.549105592" lon="-8.131166025" /><trkpt lat="41.549104720" lon="-8.131182976" /><trkpt lat="41.549103704" lon="-8.131199885" /><trkpt lat="41.549102536" lon="-8.131216754" /><trkpt lat="41.549101208" lon="-8.131233587" /><trkpt lat="41.549099711" lon="-8.131250387" /><trkpt lat="41.549098036" lon="-8.131267156" /><trkpt lat="41.549096174" lon="-8.131283898" /><trkpt lat="41.549094118" lon="-8.131300615" /><trkpt lat="41.549091858" lon="-8.131317311" /><trkpt lat="41.549089386" lon="-8.131333989" /><trkpt lat="41.549086694" lon="-8.131350652" /><trkpt lat="41.549083772" lon="-8.131367302" /><trkpt lat="41.549080612" lon="-8.131383943" /><trkpt lat="41.549077206" lon="-8.131400578" /><trkpt lat="41.549073544" lon="-8.131417209" /><trkpt lat="41.549069619" lon="-8.131433840" /><trkpt lat="41.549065421" lon="-8.131450474" /><trkpt lat="41.549060943" lon="-8.131467113" /><trkpt lat="41.549056175" lon="-8.131483762" /><trkpt lat="41.549051109" lon="-8.131500422" /><trkpt lat="41.549045736" lon="-8.131517097" /><trkpt lat="41.549040048" lon="-8.131533789" /><trkpt lat="41.549034036" lon="-8.131550503" /><trkpt lat="41.549027692" lon="-8.131567240" /><trkpt lat="41.549021930" lon="-8.131582005" /><trkpt lat="41.549016047" lon="-8.131596983" /><trkpt lat="41.549010048" lon="-8.131612166" /><trkpt lat="41.549003939" lon="-8.131627546" /><trkpt lat="41.548997726" lon="-8.131643116" /><trkpt lat="41.548991414" lon="-8.131658866" /><trkpt lat="41.548985008" lon="-8.131674790" /><trkpt lat="41.548978515" lon="-8.131690879" /><trkpt lat="41.548971939" lon="-8.131707126" /><trkpt lat="41.548965287" lon="-8.131723523" /><trkpt lat="41.548958563" lon="-8.131740062" /><trkpt lat="41.548951774" lon="-8.131756734" /><trkpt lat="41.548944924" lon="-8.131773533" /><trkpt lat="41.548938020" lon="-8.131790450" /><trkpt lat="41.548931067" lon="-8.131807477" /><trkpt lat="41.548924071" lon="-8.131824607" /><trkpt lat="41.548917037" lon="-8.131841831" /><trkpt lat="41.548909970" lon="-8.131859142" /><trkpt lat="41.548902877" lon="-8.131876532" /><trkpt lat="41.548895763" lon="-8.131893992" /><trkpt lat="41.548888633" lon="-8.131911516" /><trkpt lat="41.548881492" lon="-8.131929095" /><trkpt lat="41.548874348" lon="-8.131946721" /><trkpt lat="41.548867204" lon="-8.131964387" /><trkpt lat="41.548860067" lon="-8.131982084" /><trkpt lat="41.548852942" lon="-8.131999804" /><trkpt lat="41.548845835" lon="-8.132017541" /><trkpt lat="41.548838751" lon="-8.132035285" /><trkpt lat="41.548831696" lon="-8.132053030" /><trkpt lat="41.548824675" lon="-8.132070766" /><trkpt lat="41.548817694" lon="-8.132088487" /><trkpt lat="41.548810759" lon="-8.132106184" /><trkpt lat="41.548803874" lon="-8.132123849" /><trkpt lat="41.548797046" lon="-8.132141476" /><trkpt lat="41.548790281" lon="-8.132159055" /><trkpt lat="41.548783583" lon="-8.132176578" /><trkpt lat="41.548776958" lon="-8.132194039" /><trkpt lat="41.548770412" lon="-8.132211429" /><trkpt lat="41.548763950" lon="-8.132228740" /><trkpt lat="41.548757579" lon="-8.132245964" /><trkpt lat="41.548751303" lon="-8.132263093" /><trkpt lat="41.548745127" lon="-8.132280121" /><trkpt lat="41.548739059" lon="-8.132297037" /><trkpt lat="41.548733102" lon="-8.132313836" /><trkpt lat="41.548727263" lon="-8.132330509" /><trkpt lat="41.548721548" lon="-8.132347047" /><trkpt lat="41.548715961" lon="-8.132363444" /><trkpt lat="41.548710509" lon="-8.132379691" /><trkpt lat="41.548705196" lon="-8.132395780" /><trkpt lat="41.548700029" lon="-8.132411704" /><trkpt lat="41.548695013" lon="-8.132427455" /><trkpt lat="41.548690154" lon="-8.132443024" /><trkpt lat="41.548685456" lon="-8.132458404" /><trkpt lat="41.548680927" lon="-8.132473587" /><trkpt lat="41.548676570" lon="-8.132488565" /><trkpt lat="41.548672393" lon="-8.132503331" /><trkpt lat="41.548670075" lon="-8.132511623" /><trkpt lat="41.548667613" lon="-8.132520399" /><trkpt lat="41.548665008" lon="-8.132529650" /><trkpt lat="41.548662263" lon="-8.132539366" /><trkpt lat="41.548659381" lon="-8.132549540" /><trkpt lat="41.548656365" lon="-8.132560160" /><trkpt lat="41.548653218" lon="-8.132571219" /><trkpt lat="41.548649942" lon="-8.132582707" /><trkpt lat="41.548646540" lon="-8.132594614" /><trkpt lat="41.548643016" lon="-8.132606932" /><trkpt lat="41.548639371" lon="-8.132619651" /><trkpt lat="41.548635609" lon="-8.132632762" /><trkpt lat="41.548631732" lon="-8.132646256" /><trkpt lat="41.548627744" lon="-8.132660124" /><trkpt lat="41.548623647" lon="-8.132674356" /><trkpt lat="41.548619443" lon="-8.132688943" /><trkpt lat="41.548615137" lon="-8.132703876" /><trkpt lat="41.548610729" lon="-8.132719145" /><trkpt lat="41.548606224" lon="-8.132734742" /><trkpt lat="41.548601625" lon="-8.132750657" /><trkpt lat="41.548596933" lon="-8.132766882" /><trkpt lat="41.548592151" lon="-8.132783406" /><trkpt lat="41.548587283" lon="-8.132800221" /><trkpt lat="41.548582332" lon="-8.132817317" /><trkpt lat="41.548577299" lon="-8.132834685" /><trkpt lat="41.548572189" lon="-8.132852316" /><trkpt lat="41.548567003" lon="-8.132870201" /><trkpt lat="41.548561745" lon="-8.132888331" /><trkpt lat="41.548556417" lon="-8.132906695" /><trkpt lat="41.548551022" lon="-8.132925286" /><trkpt lat="41.548545563" lon="-8.132944093" /><trkpt lat="41.548540043" lon="-8.132963109" /><trkpt lat="41.548534464" lon="-8.132982322" /><trkpt lat="41.548528830" lon="-8.133001725" /><trkpt lat="41.548523143" lon="-8.133021308" /><trkpt lat="41.548517405" lon="-8.133041061" /><trkpt lat="41.548511621" lon="-8.133060976" /><trkpt lat="41.548505792" lon="-8.133081043" /><trkpt lat="41.548499921" lon="-8.133101253" /><trkpt lat="41.548494012" lon="-8.133121597" /><trkpt lat="41.548488066" lon="-8.133142066" /><trkpt lat="41.548482087" lon="-8.133162650" /><trkpt lat="41.548476078" lon="-8.133183341" /><trkpt lat="41.548470041" lon="-8.133204128" /><trkpt lat="41.548463979" lon="-8.133225003" /><trkpt lat="41.548457896" lon="-8.133245956" /><trkpt lat="41.548451793" lon="-8.133266979" /><trkpt lat="41.548445673" lon="-8.133288062" /><trkpt lat="41.548439540" lon="-8.133309196" /><trkpt lat="41.548433397" lon="-8.133330371" /><trkpt lat="41.548427245" lon="-8.133351579" /><trkpt lat="41.548421088" lon="-8.133372810" /><trkpt lat="41.548414928" lon="-8.133394055" /><trkpt lat="41.548408769" lon="-8.133415305" /><trkpt lat="41.548402613" lon="-8.133436551" /><trkpt lat="41.548396464" lon="-8.133457782" /><trkpt lat="41.548390323" lon="-8.133478991" /><trkpt lat="41.548384193" lon="-8.133500168" /><trkpt lat="41.548378078" lon="-8.133521303" /><trkpt lat="41.548371980" lon="-8.133542388" /><trkpt lat="41.548365903" lon="-8.133563413" /><trkpt lat="41.548359848" lon="-8.133584369" /><trkpt lat="41.548353818" lon="-8.133605247" /><trkpt lat="41.548347817" lon="-8.133626037" /><trkpt lat="41.548341848" lon="-8.133646730" /><trkpt lat="41.548335912" lon="-8.133667318" /><trkpt lat="41.548330013" lon="-8.133687791" /><trkpt lat="41.548324154" lon="-8.133708139" /><trkpt lat="41.548318337" lon="-8.133728354" /><trkpt lat="41.548312566" lon="-8.133748426" /><trkpt lat="41.548306843" lon="-8.133768346" /><trkpt lat="41.548301170" lon="-8.133788105" /><trkpt lat="41.548295551" lon="-8.133807693" /><trkpt lat="41.548289989" lon="-8.133827102" /><trkpt lat="41.548284486" lon="-8.133846322" /><trkpt lat="41.548279045" lon="-8.133865344" /><trkpt lat="41.548273668" lon="-8.133884158" /><trkpt lat="41.548268360" lon="-8.133902756" /><trkpt lat="41.548263122" lon="-8.133921129" /><trkpt lat="41.548257957" lon="-8.133939266" /><trkpt lat="41.548252868" lon="-8.133957159" /><trkpt lat="41.548247859" lon="-8.133974799" /><trkpt lat="41.548242931" lon="-8.133992176" /><trkpt lat="41.548238087" lon="-8.134009281" /><trkpt lat="41.548233331" lon="-8.134026105" /><trkpt lat="41.548228664" lon="-8.134042639" /><trkpt lat="41.548224091" lon="-8.134058873" /><trkpt lat="41.548219614" lon="-8.134074799" /><trkpt lat="41.548215235" lon="-8.134090407" /><trkpt lat="41.548210957" lon="-8.134105687" /><trkpt lat="41.548206783" lon="-8.134120631" /><trkpt lat="41.548202716" lon="-8.134135230" /><trkpt lat="41.548198759" lon="-8.134149473" /><trkpt lat="41.548194915" lon="-8.134163353" /><trkpt lat="41.548191186" lon="-8.134176859" /><trkpt lat="41.548187575" lon="-8.134189983" /><trkpt lat="41.548184085" lon="-8.134202715" /><trkpt lat="41.548180719" lon="-8.134215047" /><trkpt lat="41.548177479" lon="-8.134226968" /><trkpt lat="41.548174368" lon="-8.134238469" /><trkpt lat="41.548171390" lon="-8.134249542" /><trkpt lat="41.548168547" lon="-8.134260178" /><trkpt lat="41.548164113" lon="-8.134276813" /><trkpt lat="41.548159657" lon="-8.134293523" /><trkpt lat="41.548155180" lon="-8.134310307" /><trkpt lat="41.548150683" lon="-8.134327161" /><trkpt lat="41.548146168" lon="-8.134344083" /><trkpt lat="41.548141637" lon="-8.134361070" /><trkpt lat="41.548137089" lon="-8.134378118" /><trkpt lat="41.548132528" lon="-8.134395226" /><trkpt lat="41.548127954" lon="-8.134412390" /><trkpt lat="41.548123368" lon="-8.134429608" /><trkpt lat="41.548118772" lon="-8.134446877" /><trkpt lat="41.548114167" lon="-8.134464194" /><trkpt lat="41.548109555" lon="-8.134481556" /><trkpt lat="41.548104936" lon="-8.134498961" /><trkpt lat="41.548100313" lon="-8.134516406" /><trkpt lat="41.548095686" lon="-8.134533889" /><trkpt lat="41.548091057" lon="-8.134551405" /><trkpt lat="41.548086427" lon="-8.134568953" /><trkpt lat="41.548081797" lon="-8.134586530" /><trkpt lat="41.548077169" lon="-8.134604134" /><trkpt lat="41.548072545" lon="-8.134621760" /><trkpt lat="41.548067924" lon="-8.134639407" /><trkpt lat="41.548063310" lon="-8.134657072" /><trkpt lat="41.548058703" lon="-8.134674752" /><trkpt lat="41.548054104" lon="-8.134692444" /><trkpt lat="41.548049515" lon="-8.134710146" /><trkpt lat="41.548044937" lon="-8.134727854" /><trkpt lat="41.548040371" lon="-8.134745566" /><trkpt lat="41.548035819" lon="-8.134763280" /><trkpt lat="41.548031283" lon="-8.134780992" /><trkpt lat="41.548026763" lon="-8.134798700" /><trkpt lat="41.548022260" lon="-8.134816401" /><trkpt lat="41.548017777" lon="-8.134834092" /><trkpt lat="41.548013314" lon="-8.134851770" /><trkpt lat="41.548008873" lon="-8.134869433" /><trkpt lat="41.548004455" lon="-8.134887078" /><trkpt lat="41.548000062" lon="-8.134904702" /><trkpt lat="41.547995694" lon="-8.134922302" /><trkpt lat="41.547991353" lon="-8.134939876" /><trkpt lat="41.547987041" lon="-8.134957421" /><trkpt lat="41.547982759" lon="-8.134974934" /><trkpt lat="41.547978508" lon="-8.134992412" /><trkpt lat="41.547974289" lon="-8.135009853" /><trkpt lat="41.547970104" lon="-8.135027253" /><trkpt lat="41.547965954" lon="-8.135044611" /><trkpt lat="41.547961840" lon="-8.135061923" /><trkpt lat="41.547957764" lon="-8.135079186" /><trkpt lat="41.547953728" lon="-8.135096398" /><trkpt lat="41.547949731" lon="-8.135113556" /><trkpt lat="41.547945777" lon="-8.135130657" /><trkpt lat="41.547941865" lon="-8.135147699" /><trkpt lat="41.547937998" lon="-8.135164679" /><trkpt lat="41.547934177" lon="-8.135181593" /><trkpt lat="41.547930403" lon="-8.135198439" /><trkpt lat="41.547926677" lon="-8.135215215" /><trkpt lat="41.547923001" lon="-8.135231918" /><trkpt lat="41.547919377" lon="-8.135248544" /><trkpt lat="41.547915804" lon="-8.135265092" /><trkpt lat="41.547912286" lon="-8.135281558" /><trkpt lat="41.547908822" lon="-8.135297939" /><trkpt lat="41.547905415" lon="-8.135314233" /><trkpt lat="41.547902065" lon="-8.135330438" /><trkpt lat="41.547898775" lon="-8.135346549" /><trkpt lat="41.547895545" lon="-8.135362566" /><trkpt lat="41.547891292" lon="-8.135383357" /><trkpt lat="41.547886894" lon="-8.135404018" /><trkpt lat="41.547882355" lon="-8.135424546" /><trkpt lat="41.547877681" lon="-8.135444938" /><trkpt lat="41.547872878" lon="-8.135465191" /><trkpt lat="41.547867949" lon="-8.135485303" /><trkpt lat="41.547862901" lon="-8.135505270" /><trkpt lat="41.547857737" lon="-8.135525089" /><trkpt lat="41.547852465" lon="-8.135544759" /><trkpt lat="41.547847088" lon="-8.135564275" /><trkpt lat="41.547841611" lon="-8.135583634" /><trkpt lat="41.547836041" lon="-8.135602835" /><trkpt lat="41.547830381" lon="-8.135621875" /><trkpt lat="41.547824638" lon="-8.135640749" /><trkpt lat="41.547818815" lon="-8.135659456" /><trkpt lat="41.547812919" lon="-8.135677992" /><trkpt lat="41.547806954" lon="-8.135696355" /><trkpt lat="41.547800926" lon="-8.135714542" /><trkpt lat="41.547794840" lon="-8.135732550" /><trkpt lat="41.547788700" lon="-8.135750376" /><trkpt lat="41.547782512" lon="-8.135768017" /><trkpt lat="41.547776281" lon="-8.135785470" /><trkpt lat="41.547770012" lon="-8.135802733" /><trkpt lat="41.547763711" lon="-8.135819803" /><trkpt lat="41.547757382" lon="-8.135836676" /><trkpt lat="41.547751030" lon="-8.135853350" /><trkpt lat="41.547744661" lon="-8.135869822" /><trkpt lat="41.547738280" lon="-8.135886089" /><trkpt lat="41.547731891" lon="-8.135902148" /><trkpt lat="41.547725500" lon="-8.135917997" /><trkpt lat="41.547719113" lon="-8.135933632" /><trkpt lat="41.547712734" lon="-8.135949051" /><trkpt lat="41.547706368" lon="-8.135964250" /><trkpt lat="41.547700020" lon="-8.135979227" /><trkpt lat="41.547693696" lon="-8.135993979" /><trkpt lat="41.547687401" lon="-8.136008504" /><trkpt lat="41.547681139" lon="-8.136022797" /><trkpt lat="41.547674916" lon="-8.136036857" /><trkpt lat="41.547668738" lon="-8.136050681" /><trkpt lat="41.547662608" lon="-8.136064265" /><trkpt lat="41.547656533" lon="-8.136077607" /><trkpt lat="41.547650517" lon="-8.136090703" /><trkpt lat="41.547644566" lon="-8.136103552" /><trkpt lat="41.547638684" lon="-8.136116150" /><trkpt lat="41.547632877" lon="-8.136128494" /><trkpt lat="41.547627149" lon="-8.136140581" /><trkpt lat="41.547621507" lon="-8.136152409" /><trkpt lat="41.547615955" lon="-8.136163975" /><trkpt lat="41.547610498" lon="-8.136175275" /><trkpt lat="41.547605989" lon="-8.136184592" /><trkpt lat="41.547601302" lon="-8.136194299" /><trkpt lat="41.547596450" lon="-8.136204388" /><trkpt lat="41.547591446" lon="-8.136214852" /><trkpt lat="41.547586303" lon="-8.136225681" /><trkpt lat="41.547581034" lon="-8.136236869" /><trkpt lat="41.547575652" lon="-8.136248408" /><trkpt lat="41.547570170" lon="-8.136260289" /><trkpt lat="41.547564600" lon="-8.136272504" /><trkpt lat="41.547558957" lon="-8.136285047" /><trkpt lat="41.547553252" lon="-8.136297908" /><trkpt lat="41.547547499" lon="-8.136311080" /><trkpt lat="41.547541710" lon="-8.136324556" /><trkpt lat="41.547535898" lon="-8.136338327" /><trkpt lat="41.547530077" lon="-8.136352384" /><trkpt lat="41.547524260" lon="-8.136366722" /><trkpt lat="41.547518459" lon="-8.136381331" /><trkpt lat="41.547512687" lon="-8.136396203" /><trkpt lat="41.547506957" lon="-8.136411331" /><trkpt lat="41.547501282" lon="-8.136426707" /><trkpt lat="41.547495675" lon="-8.136442323" /><trkpt lat="41.547490149" lon="-8.136458171" /><trkpt lat="41.547484717" lon="-8.136474243" /><trkpt lat="41.547479392" lon="-8.136490531" /><trkpt lat="41.547474187" lon="-8.136507027" /><trkpt lat="41.547469114" lon="-8.136523724" /><trkpt lat="41.547464187" lon="-8.136540614" /><trkpt lat="41.547459419" lon="-8.136557688" /><trkpt lat="41.547454822" lon="-8.136574939" /><trkpt lat="41.547450409" lon="-8.136592358" /><trkpt lat="41.547446194" lon="-8.136609939" /><trkpt lat="41.547442190" lon="-8.136627673" /><trkpt lat="41.547438408" lon="-8.136645551" /><trkpt lat="41.547434863" lon="-8.136663567" /><trkpt lat="41.547431567" lon="-8.136681713" /><trkpt lat="41.547428533" lon="-8.136699979" /><trkpt lat="41.547425774" lon="-8.136718360" /><trkpt lat="41.547423303" lon="-8.136736846" /><trkpt lat="41.547421133" lon="-8.136755429" /><trkpt lat="41.547419276" lon="-8.136774103" /><trkpt lat="41.547417747" lon="-8.136792858" /><trkpt lat="41.547416557" lon="-8.136811688" /><trkpt lat="41.547415720" lon="-8.136830584" /><trkpt lat="41.547415248" lon="-8.136849538" /><trkpt lat="41.547415155" lon="-8.136868542" /><trkpt lat="41.547415453" lon="-8.136887589" /><trkpt lat="41.547416156" lon="-8.136906670" /><trkpt lat="41.547417276" lon="-8.136925778" /><trkpt lat="41.547418826" lon="-8.136944905" /><trkpt lat="41.547420819" lon="-8.136964043" /><trkpt lat="41.547423269" lon="-8.136983184" /><trkpt lat="41.547426187" lon="-8.137002319" /><trkpt lat="41.547429588" lon="-8.137021442" /><trkpt lat="41.547433483" lon="-8.137040545" /><trkpt lat="41.547437887" lon="-8.137059618" /><trkpt lat="41.547442811" lon="-8.137078656" /><trkpt lat="41.547448269" lon="-8.137097648" /><trkpt lat="41.547454273" lon="-8.137116589" /><trkpt lat="41.547460837" lon="-8.137135469" /><trkpt lat="41.547467974" lon="-8.137154281" /><trkpt lat="41.547478829" lon="-8.137181616" /><trkpt lat="41.547489129" lon="-8.137207339" /><trkpt lat="41.547498897" lon="-8.137231519" /><trkpt lat="41.547508158" lon="-8.137254223" /><trkpt lat="41.547516936" lon="-8.137275520" /><trkpt lat="41.547525254" lon="-8.137295478" /><trkpt lat="41.547533137" lon="-8.137314166" /><trkpt lat="41.547540609" lon="-8.137331650" /><trkpt lat="41.547547695" lon="-8.137348000" /><trkpt lat="41.547554417" lon="-8.137363284" /><trkpt lat="41.547560801" lon="-8.137377569" /><trkpt lat="41.547566870" lon="-8.137390924" /><trkpt lat="41.547572648" lon="-8.137403418" /><trkpt lat="41.547578160" lon="-8.137415117" /><trkpt lat="41.547583430" lon="-8.137426091" /><trkpt lat="41.547588481" lon="-8.137436407" /><trkpt lat="41.547593338" lon="-8.137446133" /><trkpt lat="41.547598025" lon="-8.137455339" /><trkpt lat="41.547602566" lon="-8.137464091" /><trkpt lat="41.547606985" lon="-8.137472458" /><trkpt lat="41.547611306" lon="-8.137480509" /><trkpt lat="41.547615554" lon="-8.137488310" /><trkpt lat="41.547619751" lon="-8.137495932" /><trkpt lat="41.547623924" lon="-8.137503440" /><trkpt lat="41.547628094" lon="-8.137510905" /><trkpt lat="41.547632287" lon="-8.137518393" /><trkpt lat="41.547636527" lon="-8.137525974" /><trkpt lat="41.547640838" lon="-8.137533714" /><trkpt lat="41.547645243" lon="-8.137541683" /><trkpt lat="41.547649768" lon="-8.137549949" /><trkpt lat="41.547654435" lon="-8.137558579" /><trkpt lat="41.547659269" lon="-8.137567642" /><trkpt lat="41.547664295" lon="-8.137577205" /><trkpt lat="41.547669536" lon="-8.137587338" /><trkpt lat="41.547675017" lon="-8.137598108" /><trkpt lat="41.547680760" lon="-8.137609583" /><trkpt lat="41.547686792" lon="-8.137621832" /><trkpt lat="41.547693135" lon="-8.137634923" /><trkpt lat="41.547699814" lon="-8.137648923" /><trkpt lat="41.547706852" lon="-8.137663901" /><trkpt lat="41.547713825" lon="-8.137678716" /><trkpt lat="41.547720975" lon="-8.137693652" /><trkpt lat="41.547728291" lon="-8.137708703" /><trkpt lat="41.547735767" lon="-8.137723862" /><trkpt lat="41.547743393" lon="-8.137739122" /><trkpt lat="41.547751161" lon="-8.137754478" /><trkpt lat="41.547759063" lon="-8.137769923" /><trkpt lat="41.547767090" lon="-8.137785449" /><trkpt lat="41.547775233" lon="-8.137801051" /><trkpt lat="41.547783485" lon="-8.137816722" /><trkpt lat="41.547791837" lon="-8.137832456" /><trkpt lat="41.547800280" lon="-8.137848246" /><trkpt lat="41.547808806" lon="-8.137864085" /><trkpt lat="41.547817406" lon="-8.137879968" /><trkpt lat="41.547826073" lon="-8.137895887" /><trkpt lat="41.547834797" lon="-8.137911835" /><trkpt lat="41.547843570" lon="-8.137927808" /><trkpt lat="41.547852384" lon="-8.137943797" /><trkpt lat="41.547861230" lon="-8.137959796" /><trkpt lat="41.547870099" lon="-8.137975800" /><trkpt lat="41.547878984" lon="-8.137991801" /><trkpt lat="41.547887876" lon="-8.138007793" /><trkpt lat="41.547896766" lon="-8.138023769" /><trkpt lat="41.547905646" lon="-8.138039723" /><trkpt lat="41.547914508" lon="-8.138055648" /><trkpt lat="41.547923343" lon="-8.138071538" /><trkpt lat="41.547932142" lon="-8.138087387" /><trkpt lat="41.547940897" lon="-8.138103187" /><trkpt lat="41.547949600" lon="-8.138118933" /><trkpt lat="41.547958242" lon="-8.138134617" /><trkpt lat="41.547966815" lon="-8.138150233" /><trkpt lat="41.547975310" lon="-8.138165775" /><trkpt lat="41.547983719" lon="-8.138181237" /><trkpt lat="41.547992033" lon="-8.138196611" /><trkpt lat="41.548000244" lon="-8.138211891" /><trkpt lat="41.548008344" lon="-8.138227071" /><trkpt lat="41.548016324" lon="-8.138242144" /><trkpt lat="41.548024175" lon="-8.138257103" /><trkpt lat="41.548031890" lon="-8.138271943" /><trkpt lat="41.548039459" lon="-8.138286656" /><trkpt lat="41.548046874" lon="-8.138301237" /><trkpt lat="41.548054127" lon="-8.138315678" /><trkpt lat="41.548061028" lon="-8.138329769" /><trkpt lat="41.548067723" lon="-8.138343975" /><trkpt lat="41.548074209" lon="-8.138358297" /><trkpt lat="41.548080483" lon="-8.138372735" /><trkpt lat="41.548086540" lon="-8.138387291" /><trkpt lat="41.548092376" lon="-8.138401967" /><trkpt lat="41.548097989" lon="-8.138416763" /><trkpt lat="41.548103375" lon="-8.138431681" /><trkpt lat="41.548108529" lon="-8.138446721" /><trkpt lat="41.548113449" lon="-8.138461886" /><trkpt lat="41.548118131" lon="-8.138477176" /><trkpt lat="41.548122570" lon="-8.138492592" /><trkpt lat="41.548126764" lon="-8.138508136" /><trkpt lat="41.548130709" lon="-8.138523809" /><trkpt lat="41.548134401" lon="-8.138539612" /><trkpt lat="41.548137837" lon="-8.138555547" /><trkpt lat="41.548141013" lon="-8.138571614" /><trkpt lat="41.548143924" lon="-8.138587815" /><trkpt lat="41.548146569" lon="-8.138604151" /><trkpt lat="41.548148942" lon="-8.138620623" /><trkpt lat="41.548151041" lon="-8.138637233" /><trkpt lat="41.548152861" lon="-8.138653981" /><trkpt lat="41.548154400" lon="-8.138670869" /><trkpt lat="41.548155653" lon="-8.138687898" /><trkpt lat="41.548156617" lon="-8.138705070" /><trkpt lat="41.548157288" lon="-8.138722385" /><trkpt lat="41.548157662" lon="-8.138739845" /><trkpt lat="41.548157737" lon="-8.138757450" /><trkpt lat="41.548157508" lon="-8.138775203" /><trkpt lat="41.548156971" lon="-8.138793104" /><trkpt lat="41.548156123" lon="-8.138811155" /><trkpt lat="41.548154961" lon="-8.138829357" /><trkpt lat="41.548153480" lon="-8.138847710" /><trkpt lat="41.548151678" lon="-8.138866217" /><trkpt lat="41.548149550" lon="-8.138884878" /><trkpt lat="41.548147093" lon="-8.138903695" /><trkpt lat="41.548144303" lon="-8.138922669" /><trkpt lat="41.548141176" lon="-8.138941801" /><trkpt lat="41.548137710" lon="-8.138961092" /><trkpt lat="41.548133900" lon="-8.138980544" /><trkpt lat="41.548129742" lon="-8.139000157" /><trkpt lat="41.548125233" lon="-8.139019934" /><trkpt lat="41.548120370" lon="-8.139039874" /><trkpt lat="41.548115563" lon="-8.139058982" /><trkpt lat="41.548110775" lon="-8.139078037" /><trkpt lat="41.548105999" lon="-8.139097033" /><trkpt lat="41.548101229" lon="-8.139115963" /><trkpt lat="41.548096461" lon="-8.139134822" /><trkpt lat="41.548091688" lon="-8.139153605" /><trkpt lat="41.548086905" lon="-8.139172304" /><trkpt lat="41.548082105" lon="-8.139190916" /><trkpt lat="41.548077284" lon="-8.139209433" /><trkpt lat="41.548072436" lon="-8.139227849" /><trkpt lat="41.548067554" lon="-8.139246160" /><trkpt lat="41.548062634" lon="-8.139264359" /><trkpt lat="41.548057670" lon="-8.139282441" /><trkpt lat="41.548052655" lon="-8.139300399" /><trkpt lat="41.548047585" lon="-8.139318228" /><trkpt lat="41.548042453" lon="-8.139335921" /><trkpt lat="41.548037254" lon="-8.139353474" /><trkpt lat="41.548031982" lon="-8.139370880" /><trkpt lat="41.548026632" lon="-8.139388134" /><trkpt lat="41.548021197" lon="-8.139405228" /><trkpt lat="41.548015673" lon="-8.139422159" /><trkpt lat="41.548010053" lon="-8.139438920" /><trkpt lat="41.548004331" lon="-8.139455505" /><trkpt lat="41.547998503" lon="-8.139471908" /><trkpt lat="41.547992562" lon="-8.139488123" /><trkpt lat="41.547986503" lon="-8.139504145" /><trkpt lat="41.547980320" lon="-8.139519968" /><trkpt lat="41.547974008" lon="-8.139535586" /><trkpt lat="41.547967560" lon="-8.139550993" /><trkpt lat="41.547960971" lon="-8.139566183" /><trkpt lat="41.547954235" lon="-8.139581151" /><trkpt lat="41.547947347" lon="-8.139595890" /><trkpt lat="41.547940300" lon="-8.139610395" /><trkpt lat="41.547933090" lon="-8.139624661" /><trkpt lat="41.547925711" lon="-8.139638680" /><trkpt lat="41.547918156" lon="-8.139652448" /><trkpt lat="41.547910421" lon="-8.139665958" /><trkpt lat="41.547902499" lon="-8.139679205" /><trkpt lat="41.547894385" lon="-8.139692183" /><trkpt lat="41.547886073" lon="-8.139704885" /><trkpt lat="41.547877557" lon="-8.139717307" /><trkpt lat="41.547868833" lon="-8.139729443" /><trkpt lat="41.547859893" lon="-8.139741285" /><trkpt lat="41.547850733" lon="-8.139752830" /><trkpt lat="41.547841346" lon="-8.139764071" /><trkpt lat="41.547830822" lon="-8.139776238" /><trkpt lat="41.547820106" lon="-8.139788404" /><trkpt lat="41.547809204" lon="-8.139800567" /><trkpt lat="41.547798118" lon="-8.139812725" /><trkpt lat="41.547786851" lon="-8.139824877" /><trkpt lat="41.547775406" lon="-8.139837020" /><trkpt lat="41.547763787" lon="-8.139849154" /><trkpt lat="41.547751996" lon="-8.139861276" /><trkpt lat="41.547740037" lon="-8.139873385" /><trkpt lat="41.547727912" lon="-8.139885479" /><trkpt lat="41.547715626" lon="-8.139897557" /><trkpt lat="41.547703181" lon="-8.139909617" /><trkpt lat="41.547690580" lon="-8.139921657" /><trkpt lat="41.547677827" lon="-8.139933676" /><trkpt lat="41.547664924" lon="-8.139945672" /><trkpt lat="41.547651875" lon="-8.139957644" /><trkpt lat="41.547638683" lon="-8.139969589" /><trkpt lat="41.547625350" lon="-8.139981507" /><trkpt lat="41.547611881" lon="-8.139993395" /><trkpt lat="41.547598278" lon="-8.140005253" /><trkpt lat="41.547584545" lon="-8.140017077" /><trkpt lat="41.547570685" lon="-8.140028867" /><trkpt lat="41.547556700" lon="-8.140040622" /><trkpt lat="41.547542594" lon="-8.140052338" /><trkpt lat="41.547528370" lon="-8.140064016" /><trkpt lat="41.547514031" lon="-8.140075652" /><trkpt lat="41.547499580" lon="-8.140087246" /><trkpt lat="41.547485021" lon="-8.140098796" /><trkpt lat="41.547470357" lon="-8.140110300" /><trkpt lat="41.547455590" lon="-8.140121757" /><trkpt lat="41.547440724" lon="-8.140133165" /><trkpt lat="41.547425763" lon="-8.140144522" /><trkpt lat="41.547410708" lon="-8.140155827" /><trkpt lat="41.547395564" lon="-8.140167078" /><trkpt lat="41.547380334" lon="-8.140178273" /><trkpt lat="41.547365020" lon="-8.140189411" /><trkpt lat="41.547349625" lon="-8.140200490" /><trkpt lat="41.547334154" lon="-8.140211509" /><trkpt lat="41.547318609" lon="-8.140222466" /><trkpt lat="41.547302993" lon="-8.140233358" /><trkpt lat="41.547287309" lon="-8.140244186" /><trkpt lat="41.547267542" lon="-8.140257575" /><trkpt lat="41.547248483" lon="-8.140270110" /><trkpt lat="41.547230089" lon="-8.140281833" /><trkpt lat="41.547212315" lon="-8.140292785" /><trkpt lat="41.547195117" lon="-8.140303009" /><trkpt lat="41.547178452" lon="-8.140312545" /><trkpt lat="41.547162275" lon="-8.140321436" /><trkpt lat="41.547146541" lon="-8.140329723" /><trkpt lat="41.547131208" lon="-8.140337449" /><trkpt lat="41.547116231" lon="-8.140344654" /><trkpt lat="41.547101565" lon="-8.140351381" /><trkpt lat="41.547087166" lon="-8.140357672" /><trkpt lat="41.547072992" lon="-8.140363567" /><trkpt lat="41.547058996" lon="-8.140369110" /><trkpt lat="41.547045136" lon="-8.140374341" /><trkpt lat="41.547031367" lon="-8.140379302" /><trkpt lat="41.547017645" lon="-8.140384036" /><trkpt lat="41.547003926" lon="-8.140388583" /><trkpt lat="41.546990166" lon="-8.140392986" /><trkpt lat="41.546976320" lon="-8.140397287" /><trkpt lat="41.546962346" lon="-8.140401526" /><trkpt lat="41.546948197" lon="-8.140405746" /><trkpt lat="41.546933831" lon="-8.140409989" /><trkpt lat="41.546919204" lon="-8.140414297" /><trkpt lat="41.546904270" lon="-8.140418710" /><trkpt lat="41.546888987" lon="-8.140423271" /><trkpt lat="41.546873309" lon="-8.140428022" /><trkpt lat="41.546857194" lon="-8.140433004" /><trkpt lat="41.546840596" lon="-8.140438259" /><trkpt lat="41.546823472" lon="-8.140443829" /><trkpt lat="41.546805777" lon="-8.140449756" /><trkpt lat="41.546787468" lon="-8.140456080" /><trkpt lat="41.546768007" lon="-8.140462882" /><trkpt lat="41.546749331" lon="-8.140469364" /><trkpt lat="41.546731383" lon="-8.140475567" /><trkpt lat="41.546714106" lon="-8.140481528" /><trkpt lat="41.546697441" lon="-8.140487286" /><trkpt lat="41.546681332" lon="-8.140492880" /><trkpt lat="41.546665721" lon="-8.140498350" /><trkpt lat="41.546650550" lon="-8.140503732" /><trkpt lat="41.546635762" lon="-8.140509067" /><trkpt lat="41.546621299" lon="-8.140514394" /><trkpt lat="41.546607104" lon="-8.140519750" /><trkpt lat="41.546593119" lon="-8.140525174" /><trkpt lat="41.546579286" lon="-8.140530706" /><trkpt lat="41.546565549" lon="-8.140536384" /><trkpt lat="41.546551849" lon="-8.140542246" /><trkpt lat="41.546538128" lon="-8.140548333" /><trkpt lat="41.546524330" lon="-8.140554681" /><trkpt lat="41.546510397" lon="-8.140561330" /><trkpt lat="41.546496272" lon="-8.140568319" /><trkpt lat="41.546481896" lon="-8.140575687" /><trkpt lat="41.546467212" lon="-8.140583472" /><trkpt lat="41.546452163" lon="-8.140591713" /><trkpt lat="41.546436691" lon="-8.140600448" /><trkpt lat="41.546420738" lon="-8.140609717" /><trkpt lat="41.546404248" lon="-8.140619559" /><trkpt lat="41.546387162" lon="-8.140630011" /><trkpt lat="41.546369423" lon="-8.140641113" /><trkpt lat="41.546350973" lon="-8.140652903" /><trkpt lat="41.546331755" lon="-8.140665420" /><trkpt lat="41.546311711" lon="-8.140678704" /><trkpt lat="41.546291806" lon="-8.140692083" /><trkpt lat="41.546272994" lon="-8.140704878" /><trkpt lat="41.546255203" lon="-8.140717113" /><trkpt lat="41.546238362" lon="-8.140728811" /><trkpt lat="41.546222400" lon="-8.140739997" /><trkpt lat="41.546207245" lon="-8.140750694" /><trkpt lat="41.546192827" lon="-8.140760926" /><trkpt lat="41.546179073" lon="-8.140770717" /><trkpt lat="41.546165913" lon="-8.140780091" /><trkpt lat="41.546153274" lon="-8.140789072" /><trkpt lat="41.546141086" lon="-8.140797683" /><trkpt lat="41.546129277" lon="-8.140805948" /><trkpt lat="41.546117776" lon="-8.140813891" /><trkpt lat="41.546106511" lon="-8.140821536" /><trkpt lat="41.546095412" lon="-8.140828907" /><trkpt lat="41.546084406" lon="-8.140836028" /><trkpt lat="41.546073422" lon="-8.140842923" /><trkpt lat="41.546062390" lon="-8.140849614" /><trkpt lat="41.546051236" lon="-8.140856127" /><trkpt lat="41.546039892" lon="-8.140862485" /><trkpt lat="41.546028283" lon="-8.140868711" /><trkpt lat="41.546016341" lon="-8.140874831" /><trkpt lat="41.546003992" lon="-8.140880867" /><trkpt lat="41.545991166" lon="-8.140886843" /><trkpt lat="41.545977791" lon="-8.140892784" /><trkpt lat="41.545963797" lon="-8.140898712" /><trkpt lat="41.545949110" lon="-8.140904653" /><trkpt lat="41.545933661" lon="-8.140910629" /><trkpt lat="41.545917378" lon="-8.140916665" /><trkpt lat="41.545900189" lon="-8.140922785" /><trkpt lat="41.545882670" lon="-8.140928787" /><trkpt lat="41.545865436" lon="-8.140934471" /><trkpt lat="41.545848480" lon="-8.140939857" /><trkpt lat="41.545831793" lon="-8.140944966" /><trkpt lat="41.545815366" lon="-8.140949818" /><trkpt lat="41.545799191" lon="-8.140954435" /><trkpt lat="41.545783260" lon="-8.140958837" /><trkpt lat="41.545767564" lon="-8.140963046" /><trkpt lat="41.545752095" lon="-8.140967081" /><trkpt lat="41.545736844" lon="-8.140970965" /><trkpt lat="41.545721802" lon="-8.140974718" /><trkpt lat="41.545706962" lon="-8.140978360" /><trkpt lat="41.545692314" lon="-8.140981913" /><trkpt lat="41.545677851" lon="-8.140985397" /><trkpt lat="41.545663563" lon="-8.140988834" /><trkpt lat="41.545649443" lon="-8.140992244" /><trkpt lat="41.545635481" lon="-8.140995648" /><trkpt lat="41.545621670" lon="-8.140999067" /><trkpt lat="41.545608000" lon="-8.141002521" /><trkpt lat="41.545594464" lon="-8.141006033" /><trkpt lat="41.545581053" lon="-8.141009621" /><trkpt lat="41.545567758" lon="-8.141013308" /><trkpt lat="41.545554572" lon="-8.141017115" /><trkpt lat="41.545541484" lon="-8.141021061" /><trkpt lat="41.545528488" lon="-8.141025168" /><trkpt lat="41.545515574" lon="-8.141029457" /><trkpt lat="41.545502735" lon="-8.141033949" /><trkpt lat="41.545489961" lon="-8.141038664" /><trkpt lat="41.545477244" lon="-8.141043624" /><trkpt lat="41.545464575" lon="-8.141048849" /><trkpt lat="41.545452050" lon="-8.141054178" /><trkpt lat="41.545439745" lon="-8.141059444" /><trkpt lat="41.545427628" lon="-8.141064652" /><trkpt lat="41.545415665" lon="-8.141069810" /><trkpt lat="41.545403822" lon="-8.141074926" /><trkpt lat="41.545392066" lon="-8.141080005" /><trkpt lat="41.545380364" lon="-8.141085056" /><trkpt lat="41.545368682" lon="-8.141090086" /><trkpt lat="41.545356986" lon="-8.141095101" /><trkpt lat="41.545345244" lon="-8.141100109" /><trkpt lat="41.545333421" lon="-8.141105117" /><trkpt lat="41.545321484" lon="-8.141110132" /><trkpt lat="41.545309401" lon="-8.141115161" /><trkpt lat="41.545297136" lon="-8.141120212" /><trkpt lat="41.545284658" lon="-8.141125292" /><trkpt lat="41.545271932" lon="-8.141130407" /><trkpt lat="41.545258924" lon="-8.141135565" /><trkpt lat="41.545245603" lon="-8.141140773" /><trkpt lat="41.545231933" lon="-8.141146039" /><trkpt lat="41.545217882" lon="-8.141151369" /><trkpt lat="41.545203416" lon="-8.141156770" /><trkpt lat="41.545188502" lon="-8.141162250" /><trkpt lat="41.545173106" lon="-8.141167816" /><trkpt lat="41.545157194" lon="-8.141173475" /><trkpt lat="41.545140734" lon="-8.141179234" /><trkpt lat="41.545123692" lon="-8.141185100" /><trkpt lat="41.545106034" lon="-8.141191081" /><trkpt lat="41.545087728" lon="-8.141197183" /><trkpt lat="41.545068738" lon="-8.141203414" /><trkpt lat="41.545049033" lon="-8.141209781" /><trkpt lat="41.545029210" lon="-8.141216202" /><trkpt lat="41.545009879" lon="-8.141222599" /><trkpt lat="41.544991025" lon="-8.141228983" /><trkpt lat="41.544972632" lon="-8.141235365" /><trkpt lat="41.544954682" lon="-8.141241757" /><trkpt lat="41.544937161" lon="-8.141248169" /><trkpt lat="41.544920052" lon="-8.141254613" /><trkpt lat="41.544903340" lon="-8.141261102" /><trkpt lat="41.544887007" lon="-8.141267644" /><trkpt lat="41.544871038" lon="-8.141274254" /><trkpt lat="41.544855417" lon="-8.141280940" /><trkpt lat="41.544840128" lon="-8.141287715" /><trkpt lat="41.544825155" lon="-8.141294591" /><trkpt lat="41.544810482" lon="-8.141301578" /><trkpt lat="41.544796093" lon="-8.141308688" /><trkpt lat="41.544781971" lon="-8.141315931" /><trkpt lat="41.544768101" lon="-8.141323321" /><trkpt lat="41.544754466" lon="-8.141330867" /><trkpt lat="41.544741051" lon="-8.141338581" /><trkpt lat="41.544727839" lon="-8.141346474" /><trkpt lat="41.544714814" lon="-8.141354559" /><trkpt lat="41.544701961" lon="-8.141362845" /><trkpt lat="41.544689263" lon="-8.141371345" /><trkpt lat="41.544676705" lon="-8.141380069" /><trkpt lat="41.544664269" lon="-8.141389030" /><trkpt lat="41.544651940" lon="-8.141398238" /><trkpt lat="41.544639703" lon="-8.141407704" /><trkpt lat="41.544627540" lon="-8.141417441" /><trkpt lat="41.544615437" lon="-8.141427458" /><trkpt lat="41.544603376" lon="-8.141437769" /><trkpt lat="41.544591375" lon="-8.141448382" /><trkpt lat="41.544579454" lon="-8.141459266" /><trkpt lat="41.544567596" lon="-8.141470369" /><trkpt lat="41.544555789" lon="-8.141481640" /><trkpt lat="41.544544016" lon="-8.141493027" /><trkpt lat="41.544532263" lon="-8.141504481" /><trkpt lat="41.544520515" lon="-8.141515949" /><trkpt lat="41.544508759" lon="-8.141527379" /><trkpt lat="41.544496978" lon="-8.141538722" /><trkpt lat="41.544485158" lon="-8.141549925" /><trkpt lat="41.544473284" lon="-8.141560937" /><trkpt lat="41.544461343" lon="-8.141571708" /><trkpt lat="41.544449318" lon="-8.141582185" /><trkpt lat="41.544437196" lon="-8.141592317" /><trkpt lat="41.544424961" lon="-8.141602054" /><trkpt lat="41.544412600" lon="-8.141611344" /><trkpt lat="41.544400096" lon="-8.141620136" /><trkpt lat="41.544387436" lon="-8.141628377" /><trkpt lat="41.544374604" lon="-8.141636019" /><trkpt lat="41.544361586" lon="-8.141643008" /><trkpt lat="41.544348368" lon="-8.141649293" /><trkpt lat="41.544334934" lon="-8.141654824" /><trkpt lat="41.544321270" lon="-8.141659550" /><trkpt lat="41.544307361" lon="-8.141663418" /><trkpt lat="41.544293193" lon="-8.141666378" /><trkpt lat="41.544278750" lon="-8.141668378" /><trkpt lat="41.544264018" lon="-8.141669367" /><trkpt lat="41.544248982" lon="-8.141669294" /><trkpt lat="41.544233627" lon="-8.141668108" /><trkpt lat="41.544217940" lon="-8.141665757" /><trkpt lat="41.544202450" lon="-8.141662959" /><trkpt lat="41.544187679" lon="-8.141660466" /><trkpt lat="41.544173595" lon="-8.141658281" /><trkpt lat="41.544160166" lon="-8.141656406" /><trkpt lat="41.544147362" lon="-8.141654842" /><trkpt lat="41.544135151" lon="-8.141653590" /><trkpt lat="41.544123503" lon="-8.141652654" /><trkpt lat="41.544112385" lon="-8.141652033" /><trkpt lat="41.544101767" lon="-8.141651731" /><trkpt lat="41.544091617" lon="-8.141651750" /><trkpt lat="41.544081905" lon="-8.141652090" /><trkpt lat="41.544072598" lon="-8.141652753" /><trkpt lat="41.544063666" lon="-8.141653742" /><trkpt lat="41.544055078" lon="-8.141655059" /><trkpt lat="41.544046802" lon="-8.141656704" /><trkpt lat="41.544038807" lon="-8.141658680" /><trkpt lat="41.544031062" lon="-8.141660989" /><trkpt lat="41.544023535" lon="-8.141663632" /><trkpt lat="41.544016196" lon="-8.141666612" /><trkpt lat="41.544009013" lon="-8.141669929" /><trkpt lat="41.544001954" lon="-8.141673586" /><trkpt lat="41.543994990" lon="-8.141677585" /><trkpt lat="41.543988088" lon="-8.141681927" /><trkpt lat="41.543981217" lon="-8.141686614" /><trkpt lat="41.543974346" lon="-8.141691647" /><trkpt lat="41.543967444" lon="-8.141697030" /><trkpt lat="41.543960480" lon="-8.141702763" /><trkpt lat="41.543953421" lon="-8.141708848" /><trkpt lat="41.543946238" lon="-8.141715288" /><trkpt lat="41.543938899" lon="-8.141722083" /><trkpt lat="41.543931410" lon="-8.141729074" /><trkpt lat="41.543923797" lon="-8.141736100" /><trkpt lat="41.543916054" lon="-8.141743157" /><trkpt lat="41.543908177" lon="-8.141750245" /><trkpt lat="41.543900162" lon="-8.141757362" /><trkpt lat="41.543892004" lon="-8.141764505" /><trkpt lat="41.543883699" lon="-8.141771673" /><trkpt lat="41.543875242" lon="-8.141778865" /><trkpt lat="41.543866629" lon="-8.141786078" /><trkpt lat="41.543857856" lon="-8.141793311" /><trkpt lat="41.543848917" lon="-8.141800561" /><trkpt lat="41.543839809" lon="-8.141807828" /><trkpt lat="41.543830527" lon="-8.141815109" /><trkpt lat="41.543821067" lon="-8.141822402" /><trkpt lat="41.543811423" lon="-8.141829707" /><trkpt lat="41.543801592" lon="-8.141837020" /><trkpt lat="41.543791570" lon="-8.141844340" /><trkpt lat="41.543781351" lon="-8.141851666" /><trkpt lat="41.543770931" lon="-8.141858995" /><trkpt lat="41.543760306" lon="-8.141866326" /><trkpt lat="41.543749472" lon="-8.141873657" /><trkpt lat="41.543738423" lon="-8.141880987" /><trkpt lat="41.543727156" lon="-8.141888312" /><trkpt lat="41.543715666" lon="-8.141895633" /><trkpt lat="41.543703948" lon="-8.141902946" /><trkpt lat="41.543691998" lon="-8.141910250" /><trkpt lat="41.543679812" lon="-8.141917544" /><trkpt lat="41.543667384" lon="-8.141924825" /><trkpt lat="41.543654712" lon="-8.141932091" /><trkpt lat="41.543641790" lon="-8.141939342" /><trkpt lat="41.543628946" lon="-8.141946610" /><trkpt lat="41.543616502" lon="-8.141953929" /><trkpt lat="41.543604442" lon="-8.141961296" /><trkpt lat="41.543592752" lon="-8.141968707" /><trkpt lat="41.543581416" lon="-8.141976160" /><trkpt lat="41.543570419" lon="-8.141983652" /><trkpt lat="41.543559746" lon="-8.141991180" /><trkpt lat="41.543549381" lon="-8.141998740" /><trkpt lat="41.543539311" lon="-8.142006330" /><trkpt lat="41.543529518" lon="-8.142013947" /><trkpt lat="41.543519989" lon="-8.142021588" /><trkpt lat="41.543510708" lon="-8.142029250" /><trkpt lat="41.543501659" lon="-8.142036929" /><trkpt lat="41.543492829" lon="-8.142044624" /><trkpt lat="41.543484201" lon="-8.142052330" /><trkpt lat="41.543475760" lon="-8.142060045" /><trkpt lat="41.543467491" lon="-8.142067767" /><trkpt lat="41.543459380" lon="-8.142075491" /><trkpt lat="41.543451410" lon="-8.142083215" /><trkpt lat="41.543443567" lon="-8.142090937" /><trkpt lat="41.543435836" lon="-8.142098652" /><trkpt lat="41.543428201" lon="-8.142106358" /><trkpt lat="41.543420647" lon="-8.142114053" /><trkpt lat="41.543413159" lon="-8.142121732" /><trkpt lat="41.543405722" lon="-8.142129394" /><trkpt lat="41.543398321" lon="-8.142137035" /><trkpt lat="41.543390940" lon="-8.142144652" /><trkpt lat="41.543383564" lon="-8.142152242" /><trkpt lat="41.543376179" lon="-8.142159802" /><trkpt lat="41.543368769" lon="-8.142167330" /><trkpt lat="41.543361526" lon="-8.142174826" /><trkpt lat="41.543354646" lon="-8.142182312" /><trkpt lat="41.543348116" lon="-8.142189812" /><trkpt lat="41.543341922" lon="-8.142197351" /><trkpt lat="41.543336054" lon="-8.142204955" /><trkpt lat="41.543330498" lon="-8.142212648" /><trkpt lat="41.543325241" lon="-8.142220456" /><trkpt lat="41.543320272" lon="-8.142228403" /><trkpt lat="41.543315578" lon="-8.142236515" /><trkpt lat="41.543311146" lon="-8.142244816" /><trkpt lat="41.543306964" lon="-8.142253332" /><trkpt lat="41.543303019" lon="-8.142262087" /><trkpt lat="41.543299299" lon="-8.142271107" /><trkpt lat="41.543295791" lon="-8.142280416" /><trkpt lat="41.543292483" lon="-8.142290041" /><trkpt lat="41.543289363" lon="-8.142300005" /><trkpt lat="41.543286417" lon="-8.142310334" /><trkpt lat="41.543283634" lon="-8.142321053" /><trkpt lat="41.543281001" lon="-8.142332186" /><trkpt lat="41.543278505" lon="-8.142343760" /><trkpt lat="41.543276134" lon="-8.142355798" /><trkpt lat="41.543273876" lon="-8.142368326" /><trkpt lat="41.543271717" lon="-8.142381369" /><trkpt lat="41.543269646" lon="-8.142394953" /><trkpt lat="41.543267650" lon="-8.142409101" /><trkpt lat="41.543265716" lon="-8.142423840" /><trkpt lat="41.543263832" lon="-8.142439193" /><trkpt lat="41.543261986" lon="-8.142455187" /><trkpt lat="41.543260165" lon="-8.142471846" /><trkpt lat="41.543258356" lon="-8.142489195" /><trkpt lat="41.543256706" lon="-8.142504087" /><trkpt lat="41.543254769" lon="-8.142519246" /><trkpt lat="41.543252546" lon="-8.142534653" /><trkpt lat="41.543250036" lon="-8.142550290" /><trkpt lat="41.543247242" lon="-8.142566138" /><trkpt lat="41.543244164" lon="-8.142582178" /><trkpt lat="41.543240802" lon="-8.142598392" /><trkpt lat="41.543237157" lon="-8.142614762" /><trkpt lat="41.543233230" lon="-8.142631268" /><trkpt lat="41.543229023" lon="-8.142647892" /><trkpt lat="41.543224534" lon="-8.142664616" /><trkpt lat="41.543219767" lon="-8.142681420" /><trkpt lat="41.543214720" lon="-8.142698286" /><trkpt lat="41.543209396" lon="-8.142715196" /><trkpt lat="41.543203794" lon="-8.142732130" /><trkpt lat="41.543197915" lon="-8.142749071" /><trkpt lat="41.543191761" lon="-8.142765999" /><trkpt lat="41.543185332" lon="-8.142782897" /><trkpt lat="41.543178629" lon="-8.142799744" /><trkpt lat="41.543171652" lon="-8.142816524" /><trkpt lat="41.543164403" lon="-8.142833216" /><trkpt lat="41.543156882" lon="-8.142849803" /><trkpt lat="41.543149090" lon="-8.142866266" /><trkpt lat="41.543141027" lon="-8.142882586" /><trkpt lat="41.543132696" lon="-8.142898744" /><trkpt lat="41.543124095" lon="-8.142914722" /><trkpt lat="41.543115226" lon="-8.142930502" /><trkpt lat="41.543106090" lon="-8.142946064" /><trkpt lat="41.543096688" lon="-8.142961391" /><trkpt lat="41.543087020" lon="-8.142976463" /><trkpt lat="41.543077087" lon="-8.142991262" /><trkpt lat="41.543066890" lon="-8.143005768" /><trkpt lat="41.543056429" lon="-8.143019965" /><trkpt lat="41.543045707" lon="-8.143033832" /><trkpt lat="41.543034722" lon="-8.143047352" /><trkpt lat="41.543023476" lon="-8.143060505" /><trkpt lat="41.543011317" lon="-8.143074078" /><trkpt lat="41.542998934" lon="-8.143087338" /><trkpt lat="41.542986331" lon="-8.143100279" /><trkpt lat="41.542973514" lon="-8.143112896" /><trkpt lat="41.542960487" lon="-8.143125182" /><trkpt lat="41.542947256" lon="-8.143137131" /><trkpt lat="41.542933824" lon="-8.143148737" /><trkpt lat="41.542920198" lon="-8.143159993" /><trkpt lat="41.542906382" lon="-8.143170894" /><trkpt lat="41.542892380" lon="-8.143181434" /><trkpt lat="41.542878199" lon="-8.143191606" /><trkpt lat="41.542863842" lon="-8.143201404" /><trkpt lat="41.542849315" lon="-8.143210822" /><trkpt lat="41.542834622" lon="-8.143219854" /><trkpt lat="41.542819768" lon="-8.143228494" /><trkpt lat="41.542804759" lon="-8.143236735" /><trkpt lat="41.542789600" lon="-8.143244572" /><trkpt lat="41.542774294" lon="-8.143251998" /><trkpt lat="41.542758847" lon="-8.143259007" /><trkpt lat="41.542743264" lon="-8.143265594" /><trkpt lat="41.542727550" lon="-8.143271751" /><trkpt lat="41.542711710" lon="-8.143277473" /><trkpt lat="41.542695749" lon="-8.143282753" /><trkpt lat="41.542679671" lon="-8.143287586" /><trkpt lat="41.542663481" lon="-8.143291966" /><trkpt lat="41.542647185" lon="-8.143295885" /><trkpt lat="41.542630787" lon="-8.143299339" /><trkpt lat="41.542614292" lon="-8.143302320" /><trkpt lat="41.542597705" lon="-8.143304823" /><trkpt lat="41.542581031" lon="-8.143306842" /><trkpt lat="41.542564275" lon="-8.143308371" /><trkpt lat="41.542547442" lon="-8.143309402" /><trkpt lat="41.542530537" lon="-8.143309931" /><trkpt lat="41.542513564" lon="-8.143309951" /><trkpt lat="41.542496452" lon="-8.143309708" /><trkpt lat="41.542479137" lon="-8.143309457" /><trkpt lat="41.542461633" lon="-8.143309202" /><trkpt lat="41.542443957" lon="-8.143308950" /><trkpt lat="41.542426123" lon="-8.143308704" /><trkpt lat="41.542408147" lon="-8.143308472" /><trkpt lat="41.542390044" lon="-8.143308257" /><trkpt lat="41.542371829" lon="-8.143308066" /><trkpt lat="41.542353518" lon="-8.143307904" /><trkpt lat="41.542335127" lon="-8.143307775" /><trkpt lat="41.542316669" lon="-8.143307686" /><trkpt lat="41.542298162" lon="-8.143307641" /><trkpt lat="41.542279619" lon="-8.143307647" /><trkpt lat="41.542261057" lon="-8.143307708" /><trkpt lat="41.542242491" lon="-8.143307829" /><trkpt lat="41.542223935" lon="-8.143308016" /><trkpt lat="41.542205406" lon="-8.143308274" /><trkpt lat="41.542186919" lon="-8.143308609" /><trkpt lat="41.542168489" lon="-8.143309026" /><trkpt lat="41.542150130" lon="-8.143309530" /><trkpt lat="41.542131860" lon="-8.143310127" /><trkpt lat="41.542113693" lon="-8.143310822" /><trkpt lat="41.542095643" lon="-8.143311619" /><trkpt lat="41.542077728" lon="-8.143312525" /><trkpt lat="41.542059961" lon="-8.143313546" /><trkpt lat="41.542042359" lon="-8.143314685" /><trkpt lat="41.542024936" lon="-8.143315948" /><trkpt lat="41.542007708" lon="-8.143317342" /><trkpt lat="41.541990691" lon="-8.143318870" /><trkpt lat="41.541973899" lon="-8.143320539" /><trkpt lat="41.541957348" lon="-8.143322354" /><trkpt lat="41.541941053" lon="-8.143324320" /><trkpt lat="41.541925029" lon="-8.143326442" /><trkpt lat="41.541909293" lon="-8.143328726" /><trkpt lat="41.541891992" lon="-8.143331381" /><trkpt lat="41.541875391" lon="-8.143333979" /><trkpt lat="41.541859437" lon="-8.143336518" /><trkpt lat="41.541844080" lon="-8.143338994" /><trkpt lat="41.541829269" lon="-8.143341405" /><trkpt lat="41.541814954" lon="-8.143343747" /><trkpt lat="41.541801082" lon="-8.143346017" /><trkpt lat="41.541787604" lon="-8.143348213" /><trkpt lat="41.541774469" lon="-8.143350331" /><trkpt lat="41.541761626" lon="-8.143352369" /><trkpt lat="41.541749023" lon="-8.143354324" /><trkpt lat="41.541736611" lon="-8.143356192" /><trkpt lat="41.541724337" lon="-8.143357971" /><trkpt lat="41.541712152" lon="-8.143359657" /><trkpt lat="41.541700005" lon="-8.143361248" /><trkpt lat="41.541687844" lon="-8.143362741" /><trkpt lat="41.541675619" lon="-8.143364132" /><trkpt lat="41.541663278" lon="-8.143365419" /><trkpt lat="41.541650772" lon="-8.143366599" /><trkpt lat="41.541638049" lon="-8.143367668" /><trkpt lat="41.541625058" lon="-8.143368624" /><trkpt lat="41.541611749" lon="-8.143369464" /><trkpt lat="41.541598070" lon="-8.143370185" /><trkpt lat="41.541583971" lon="-8.143370783" /><trkpt lat="41.541569401" lon="-8.143371257" /><trkpt lat="41.541554309" lon="-8.143371602" /><trkpt lat="41.541538645" lon="-8.143371816" /><trkpt lat="41.541522356" lon="-8.143371896" /><trkpt lat="41.541505393" lon="-8.143371839" /><trkpt lat="41.541487705" lon="-8.143371642" /><trkpt lat="41.541470084" lon="-8.143371446" /><trkpt lat="41.541453332" lon="-8.143371396" /><trkpt lat="41.541437403" lon="-8.143371497" /><trkpt lat="41.541422256" lon="-8.143371751" /><trkpt lat="41.541407848" lon="-8.143372163" /><trkpt lat="41.541394136" lon="-8.143372736" /><trkpt lat="41.541381077" lon="-8.143373473" /><trkpt lat="41.541368628" lon="-8.143374379" /><trkpt lat="41.541356747" lon="-8.143375456" /><trkpt lat="41.541345390" lon="-8.143376708" /><trkpt lat="41.541334516" lon="-8.143378139" /><trkpt lat="41.541324080" lon="-8.143379753" /><trkpt lat="41.541314040" lon="-8.143381552" /><trkpt lat="41.541304354" lon="-8.143383541" /><trkpt lat="41.541294978" lon="-8.143385723" /><trkpt lat="41.541285870" lon="-8.143388102" /><trkpt lat="41.541276986" lon="-8.143390681" /><trkpt lat="41.541268285" lon="-8.143393464" /><trkpt lat="41.541259723" lon="-8.143396454" /><trkpt lat="41.541251257" lon="-8.143399656" /><trkpt lat="41.541242845" lon="-8.143403072" /><trkpt lat="41.541234444" lon="-8.143406706" /><trkpt lat="41.541226010" lon="-8.143410562" /><trkpt lat="41.541217501" lon="-8.143414643" /><trkpt lat="41.541208875" lon="-8.143418953" /><trkpt lat="41.541200088" lon="-8.143423495" /><trkpt lat="41.541191098" lon="-8.143428274" /><trkpt lat="41.541181861" lon="-8.143433292" /><trkpt lat="41.541172335" lon="-8.143438553" /><trkpt lat="41.541162478" lon="-8.143444061" /><trkpt lat="41.541152518" lon="-8.143449557" /><trkpt lat="41.541142710" lon="-8.143454770" /><trkpt lat="41.541133041" lon="-8.143459685" /><trkpt lat="41.541123502" lon="-8.143464287" /><trkpt lat="41.541114082" lon="-8.143468561" /><trkpt lat="41.541104772" lon="-8.143472493" /><trkpt lat="41.541095561" lon="-8.143476066" /><trkpt lat="41.541086438" lon="-8.143479268" /><trkpt lat="41.541077395" lon="-8.143482082" /><trkpt lat="41.541068419" lon="-8.143484493" /><trkpt lat="41.541059501" lon="-8.143486487" /><trkpt lat="41.541050631" lon="-8.143488050" /><trkpt lat="41.541041799" lon="-8.143489165" /><trkpt lat="41.541032994" lon="-8.143489818" /><trkpt lat="41.541024206" lon="-8.143489994" /><trkpt lat="41.541015424" lon="-8.143489679" /><trkpt lat="41.541006639" lon="-8.143488857" /><trkpt lat="41.540997840" lon="-8.143487513" /><trkpt lat="41.540989017" lon="-8.143485633" /><trkpt lat="41.540980160" lon="-8.143483202" /><trkpt lat="41.540971258" lon="-8.143480204" /><trkpt lat="41.540962301" lon="-8.143476625" /><trkpt lat="41.540953279" lon="-8.143472450" /><trkpt lat="41.540944181" lon="-8.143467665" /><trkpt lat="41.540934998" lon="-8.143462253" /><trkpt lat="41.540925719" lon="-8.143456201" /><trkpt lat="41.540916334" lon="-8.143449493" /><trkpt lat="41.540906832" lon="-8.143442114" /><trkpt lat="41.540897204" lon="-8.143434050" /><trkpt lat="41.540887439" lon="-8.143425286" /><trkpt lat="41.540877817" lon="-8.143416546" /><trkpt lat="41.540868602" lon="-8.143408548" /><trkpt lat="41.540859758" lon="-8.143401264" /><trkpt lat="41.540851252" lon="-8.143394667" /><trkpt lat="41.540843049" lon="-8.143388728" /><trkpt lat="41.540835113" lon="-8.143383422" /><trkpt lat="41.540827410" lon="-8.143378720" /><trkpt lat="41.540819905" lon="-8.143374595" /><trkpt lat="41.540812564" lon="-8.143371019" /><trkpt lat="41.540805351" lon="-8.143367966" /><trkpt lat="41.540798232" lon="-8.143365407" /><trkpt lat="41.540791171" lon="-8.143363316" /><trkpt lat="41.540784135" lon="-8.143361665" /><trkpt lat="41.540777088" lon="-8.143360426" /><trkpt lat="41.540769995" lon="-8.143359572" /><trkpt lat="41.540762822" lon="-8.143359075" /><trkpt lat="41.540755534" lon="-8.143358909" /><trkpt lat="41.540748096" lon="-8.143359046" /><trkpt lat="41.540740474" lon="-8.143359458" /><trkpt lat="41.540732631" lon="-8.143360118" /><trkpt lat="41.540724535" lon="-8.143360999" /><trkpt lat="41.540716150" lon="-8.143362072" /><trkpt lat="41.540707440" lon="-8.143363312" /><trkpt lat="41.540698372" lon="-8.143364689" /><trkpt lat="41.540688911" lon="-8.143366178" /><trkpt lat="41.540679021" lon="-8.143367750" /><trkpt lat="41.540668668" lon="-8.143369378" /><trkpt lat="41.540657817" lon="-8.143371034" /><trkpt lat="41.540646433" lon="-8.143372692" /><trkpt lat="41.540634482" lon="-8.143374324" /><trkpt lat="41.540622465" lon="-8.143375677" /><trkpt lat="41.540610884" lon="-8.143376532" /><trkpt lat="41.540599709" lon="-8.143376907" /><trkpt lat="41.540588907" lon="-8.143376822" /><trkpt lat="41.540578446" lon="-8.143376298" /><trkpt lat="41.540568296" lon="-8.143375354" /><trkpt lat="41.540558424" lon="-8.143374009" /><trkpt lat="41.540548799" lon="-8.143372283" /><trkpt lat="41.540539389" lon="-8.143370196" /><trkpt lat="41.540530162" lon="-8.143367767" /><trkpt lat="41.540521087" lon="-8.143365017" /><trkpt lat="41.540512132" lon="-8.143361964" /><trkpt lat="41.540503265" lon="-8.143358629" /><trkpt lat="41.540494455" lon="-8.143355031" /><trkpt lat="41.540485669" lon="-8.143351190" /><trkpt lat="41.540476877" lon="-8.143347125" /><trkpt lat="41.540468047" lon="-8.143342856" /><trkpt lat="41.540459147" lon="-8.143338404" /><trkpt lat="41.540450145" lon="-8.143333786" /><trkpt lat="41.540441010" lon="-8.143329024" /><trkpt lat="41.540431709" lon="-8.143324137" /><trkpt lat="41.540422212" lon="-8.143319144" /><trkpt lat="41.540412486" lon="-8.143314066" /><trkpt lat="41.540402500" lon="-8.143308921" /><trkpt lat="41.540392223" lon="-8.143303730" /><trkpt lat="41.540381622" lon="-8.143298512" /><trkpt lat="41.540370666" lon="-8.143293286" /><trkpt lat="41.540359323" lon="-8.143288074" /><trkpt lat="41.540347562" lon="-8.143282893" /><trkpt lat="41.540335350" lon="-8.143277764" /><trkpt lat="41.540322980" lon="-8.143272822" /><trkpt lat="41.540310750" lon="-8.143268198" /><trkpt lat="41.540298639" lon="-8.143263905" /><trkpt lat="41.540286628" lon="-8.143259958" /><trkpt lat="41.540274694" lon="-8.143256369" /><trkpt lat="41.540262819" lon="-8.143253152" /><trkpt lat="41.540250982" lon="-8.143250322" /><trkpt lat="41.540239161" lon="-8.143247892" /><trkpt lat="41.540227337" lon="-8.143245876" /><trkpt lat="41.540215489" lon="-8.143244286" /><trkpt lat="41.540203596" lon="-8.143243138" /><trkpt lat="41.540191638" lon="-8.143242445" /><trkpt lat="41.540179594" lon="-8.143242220" /><trkpt lat="41.540167444" lon="-8.143242478" /><trkpt lat="41.540155167" lon="-8.143243231" /><trkpt lat="41.540142744" lon="-8.143244494" /><trkpt lat="41.540130152" lon="-8.143246280" /><trkpt lat="41.540117372" lon="-8.143248603" /><trkpt lat="41.540104383" lon="-8.143251477" /><trkpt lat="41.540091165" lon="-8.143254916" /><trkpt lat="41.540077698" lon="-8.143258933" /><trkpt lat="41.540063960" lon="-8.143263541" /><trkpt lat="41.540049930" lon="-8.143268755" /><trkpt lat="41.540035590" lon="-8.143274589" /><trkpt lat="41.540020918" lon="-8.143281055" /><trkpt lat="41.540005893" lon="-8.143288168" /><trkpt lat="41.539990495" lon="-8.143295942" /><trkpt lat="41.539974704" lon="-8.143304389" /><trkpt lat="41.539958498" lon="-8.143313525" /><trkpt lat="41.539941859" lon="-8.143323362" /><trkpt lat="41.539929059" lon="-8.143331214" /><trkpt lat="41.539915967" lon="-8.143339468" /><trkpt lat="41.539902599" lon="-8.143348103" /><trkpt lat="41.539888972" lon="-8.143357099" /><trkpt lat="41.539875101" lon="-8.143366434" /><trkpt lat="41.539861004" lon="-8.143376089" /><trkpt lat="41.539846696" lon="-8.143386043" /><trkpt lat="41.539832194" lon="-8.143396275" /><trkpt lat="41.539817515" lon="-8.143406764" /><trkpt lat="41.539802674" lon="-8.143417491" /><trkpt lat="41.539787688" lon="-8.143428433" /><trkpt lat="41.539772574" lon="-8.143439571" /><trkpt lat="41.539757348" lon="-8.143450884" /><trkpt lat="41.539742025" lon="-8.143462352" /><trkpt lat="41.539726624" lon="-8.143473953" /><trkpt lat="41.539711159" lon="-8.143485668" /><trkpt lat="41.539695647" lon="-8.143497475" /><trkpt lat="41.539680106" lon="-8.143509354" /><trkpt lat="41.539664550" lon="-8.143521284" /><trkpt lat="41.539648997" lon="-8.143533245" /><trkpt lat="41.539633462" lon="-8.143545216" /><trkpt lat="41.539617963" lon="-8.143557176" /><trkpt lat="41.539602515" lon="-8.143569105" /><trkpt lat="41.539587136" lon="-8.143580983" /><trkpt lat="41.539571840" lon="-8.143592788" /><trkpt lat="41.539556646" lon="-8.143604500" /><trkpt lat="41.539541568" lon="-8.143616098" /><trkpt lat="41.539526624" lon="-8.143627562" /><trkpt lat="41.539511829" lon="-8.143638871" /><trkpt lat="41.539497201" lon="-8.143650005" /><trkpt lat="41.539482756" lon="-8.143660942" /><trkpt lat="41.539468509" lon="-8.143671663" /><trkpt lat="41.539454478" lon="-8.143682146" /><trkpt lat="41.539440678" lon="-8.143692371" /><trkpt lat="41.539427126" lon="-8.143702318" /><trkpt lat="41.539413839" lon="-8.143711966" /><trkpt lat="41.539400833" lon="-8.143721293" /><trkpt lat="41.539388124" lon="-8.143730280" /><trkpt lat="41.539375728" lon="-8.143738907" /><trkpt lat="41.539363662" lon="-8.143747151" /><trkpt lat="41.539348156" lon="-8.143757640" /><trkpt lat="41.539333324" lon="-8.143767657" /><trkpt lat="41.539319119" lon="-8.143777213" /><trkpt lat="41.539305494" lon="-8.143786318" /><trkpt lat="41.539292401" lon="-8.143794984" /><trkpt lat="41.539279792" lon="-8.143803220" /><trkpt lat="41.539267619" lon="-8.143811038" /><trkpt lat="41.539255834" lon="-8.143818448" /><trkpt lat="41.539244391" lon="-8.143825461" /><trkpt lat="41.539233241" lon="-8.143832088" /><trkpt lat="41.539222336" lon="-8.143838339" /><trkpt lat="41.539211628" lon="-8.143844225" /><trkpt lat="41.539201071" lon="-8.143849758" /><trkpt lat="41.539190616" lon="-8.143854947" /><trkpt lat="41.539180215" lon="-8.143859804" /><trkpt lat="41.539169821" lon="-8.143864338" /><trkpt lat="41.539159385" lon="-8.143868562" /><trkpt lat="41.539148861" lon="-8.143872485" /><trkpt lat="41.539138201" lon="-8.143876119" /><trkpt lat="41.539127356" lon="-8.143879473" /><trkpt lat="41.539116279" lon="-8.143882560" /><trkpt lat="41.539104923" lon="-8.143885388" /><trkpt lat="41.539093239" lon="-8.143887970" /><trkpt lat="41.539081180" lon="-8.143890316" /><trkpt lat="41.539068698" lon="-8.143892437" /><trkpt lat="41.539055745" lon="-8.143894343" /><trkpt lat="41.539042274" lon="-8.143896046" /><trkpt lat="41.539028236" lon="-8.143897555" /><trkpt lat="41.539013585" lon="-8.143898882" /><trkpt lat="41.538998272" lon="-8.143900037" /><trkpt lat="41.538982767" lon="-8.143900960" /><trkpt lat="41.538967576" lon="-8.143901630" /><trkpt lat="41.538952702" lon="-8.143902116" /><trkpt lat="41.538938153" lon="-8.143902485" /><trkpt lat="41.538923933" lon="-8.143902806" /><trkpt lat="41.538910048" lon="-8.143903148" /><trkpt lat="41.538896503" lon="-8.143903580" /><trkpt lat="41.538883303" lon="-8.143904169" /><trkpt lat="41.538870453" lon="-8.143904985" /><trkpt lat="41.538857960" lon="-8.143906097" /><trkpt lat="41.538845828" lon="-8.143907571" /><trkpt lat="41.538834063" lon="-8.143909478" /><trkpt lat="41.538822669" lon="-8.143911886" /><trkpt lat="41.538811654" lon="-8.143914862" /><trkpt lat="41.538801021" lon="-8.143918477" /><trkpt lat="41.538790776" lon="-8.143922798" /><trkpt lat="41.538780924" lon="-8.143927894" /><trkpt lat="41.538771472" lon="-8.143933833" /><trkpt lat="41.538762424" lon="-8.143940684" /><trkpt lat="41.538753785" lon="-8.143948515" /><trkpt lat="41.538745561" lon="-8.143957396" /><trkpt lat="41.538737758" lon="-8.143967394" /><trkpt lat="41.538730380" lon="-8.143978578" /><trkpt lat="41.538723433" lon="-8.143991017" /><trkpt lat="41.538716922" lon="-8.144004780" /><trkpt lat="41.538710853" lon="-8.144019934" /><trkpt lat="41.538705231" lon="-8.144036548" /><trkpt lat="41.538700062" lon="-8.144054691" /><trkpt lat="41.538695350" lon="-8.144074432" /><trkpt lat="41.538691101" lon="-8.144095838" /><trkpt lat="41.538688054" lon="-8.144115284" /><trkpt lat="41.538685980" lon="-8.144134324" /><trkpt lat="41.538684852" lon="-8.144152942" /><trkpt lat="41.538684642" lon="-8.144171122" /><trkpt lat="41.538685323" lon="-8.144188849" /><trkpt lat="41.538686868" lon="-8.144206106" /><trkpt lat="41.538689250" lon="-8.144222878" /><trkpt lat="41.538692442" lon="-8.144239148" /><trkpt lat="41.538696415" lon="-8.144254900" /><trkpt lat="41.538701144" lon="-8.144270119" /><trkpt lat="41.538706600" lon="-8.144284788" /><trkpt lat="41.538712756" lon="-8.144298892" /><trkpt lat="41.538719586" lon="-8.144312415" /><trkpt lat="41.538727061" lon="-8.144325340" /><trkpt lat="41.538735154" lon="-8.144337651" /><trkpt lat="41.538743839" lon="-8.144349334" /><trkpt lat="41.538753088" lon="-8.144360371" /><trkpt lat="41.538762873" lon="-8.144370747" /><trkpt lat="41.538773168" lon="-8.144380445" /><trkpt lat="41.538783945" lon="-8.144389451" /><trkpt lat="41.538795176" lon="-8.144397747" /><trkpt lat="41.538806835" lon="-8.144405318" /><trkpt lat="41.538818895" lon="-8.144412148" /><trkpt lat="41.538831327" lon="-8.144418221" /><trkpt lat="41.538844105" lon="-8.144423520" /><trkpt lat="41.538857202" lon="-8.144428031" /><trkpt lat="41.538870590" lon="-8.144431737" /><trkpt lat="41.538884241" lon="-8.144434622" /><trkpt lat="41.538898130" lon="-8.144436670" /><trkpt lat="41.538912227" lon="-8.144437865" /><trkpt lat="41.538926507" lon="-8.144438191" /><trkpt lat="41.538940941" lon="-8.144437632" /><trkpt lat="41.538955503" lon="-8.144436173" /><trkpt lat="41.538970165" lon="-8.144433796" /><trkpt lat="41.538986545" lon="-8.144430590" /><trkpt lat="41.539002380" lon="-8.144427418" /><trkpt lat="41.539017696" lon="-8.144424299" /><trkpt lat="41.539032524" lon="-8.144421249" /><trkpt lat="41.539046892" lon="-8.144418287" /><trkpt lat="41.539060830" lon="-8.144415429" /><trkpt lat="41.539074367" lon="-8.144412692" /><trkpt lat="41.539087530" lon="-8.144410094" /><trkpt lat="41.539100351" lon="-8.144407653" /><trkpt lat="41.539112857" lon="-8.144405385" /><trkpt lat="41.539125077" lon="-8.144403308" /><trkpt lat="41.539137040" lon="-8.144401438" /><trkpt lat="41.539148777" lon="-8.144399794" /><trkpt lat="41.539160314" lon="-8.144398393" /><trkpt lat="41.539171682" lon="-8.144397251" /><trkpt lat="41.539182910" lon="-8.144396387" /><trkpt lat="41.539194026" lon="-8.144395817" /><trkpt lat="41.539205059" lon="-8.144395559" /><trkpt lat="41.539216039" lon="-8.144395630" /><trkpt lat="41.539226994" lon="-8.144396047" /><trkpt lat="41.539237954" lon="-8.144396828" /><trkpt lat="41.539248948" lon="-8.144397989" /><trkpt lat="41.539260003" lon="-8.144399549" /><trkpt lat="41.539271151" lon="-8.144401524" /><trkpt lat="41.539282418" lon="-8.144403932" /><trkpt lat="41.539293835" lon="-8.144406790" /><trkpt lat="41.539305431" lon="-8.144410115" /><trkpt lat="41.539317234" lon="-8.144413925" /><trkpt lat="41.539329274" lon="-8.144418237" /><trkpt lat="41.539341578" lon="-8.144423068" /><trkpt lat="41.539353412" lon="-8.144428452" /><trkpt lat="41.539364056" lon="-8.144434388" /><trkpt lat="41.539373562" lon="-8.144440837" /><trkpt lat="41.539381986" lon="-8.144447760" /><trkpt lat="41.539389381" lon="-8.144455117" /><trkpt lat="41.539395801" lon="-8.144462872" /><trkpt lat="41.539401300" lon="-8.144470983" /><trkpt lat="41.539405932" lon="-8.144479414" /><trkpt lat="41.539409752" lon="-8.144488125" /><trkpt lat="41.539412812" lon="-8.144497077" /><trkpt lat="41.539415168" lon="-8.144506231" /><trkpt lat="41.539416873" lon="-8.144515550" /><trkpt lat="41.539417981" lon="-8.144524994" /><trkpt lat="41.539418546" lon="-8.144534524" /><trkpt lat="41.539418621" lon="-8.144544102" /><trkpt lat="41.539418262" lon="-8.144553689" /><trkpt lat="41.539417522" lon="-8.144563246" /><trkpt lat="41.539416455" lon="-8.144572735" /><trkpt lat="41.539415115" lon="-8.144582116" /><trkpt lat="41.539413556" lon="-8.144591351" /><trkpt lat="41.539411832" lon="-8.144600402" /><trkpt lat="41.539409996" lon="-8.144609229" /><trkpt lat="41.539408104" lon="-8.144617793" /><trkpt lat="41.539406208" lon="-8.144626057" /><trkpt lat="41.539404364" lon="-8.144633981" /><trkpt lat="41.539402624" lon="-8.144641527" /><trkpt lat="41.539401043" lon="-8.144648655" /><trkpt lat="41.539399674" lon="-8.144655327" /><trkpt lat="41.539398573" lon="-8.144661505" /><trkpt lat="41.539397792" lon="-8.144667149" /><trkpt lat="41.539397207" lon="-8.144672927" /><trkpt lat="41.539396647" lon="-8.144679507" /><trkpt lat="41.539396094" lon="-8.144686849" /><trkpt lat="41.539395533" lon="-8.144694916" /><trkpt lat="41.539394948" lon="-8.144703669" /><trkpt lat="41.539394323" lon="-8.144713068" /><trkpt lat="41.539393642" lon="-8.144723075" /><trkpt lat="41.539392888" lon="-8.144733651" /><trkpt lat="41.539392046" lon="-8.144744758" /><trkpt lat="41.539391100" lon="-8.144756357" /><trkpt lat="41.539390033" lon="-8.144768408" /><trkpt lat="41.539388830" lon="-8.144780874" /><trkpt lat="41.539387474" lon="-8.144793716" /><trkpt lat="41.539385950" lon="-8.144806894" /><trkpt lat="41.539384241" lon="-8.144820370" /><trkpt lat="41.539382331" lon="-8.144834105" /><trkpt lat="41.539380204" lon="-8.144848061" /><trkpt lat="41.539377844" lon="-8.144862199" /><trkpt lat="41.539375236" lon="-8.144876480" /><trkpt lat="41.539372362" lon="-8.144890865" /><trkpt lat="41.539369208" lon="-8.144905315" /><trkpt lat="41.539365756" lon="-8.144919793" /><trkpt lat="41.539361991" lon="-8.144934258" /><trkpt lat="41.539357897" lon="-8.144948673" /><trkpt lat="41.539353457" lon="-8.144962999" /><trkpt lat="41.539348656" lon="-8.144977196" /><trkpt lat="41.539343478" lon="-8.144991226" /><trkpt lat="41.539337906" lon="-8.145005051" /><trkpt lat="41.539331924" lon="-8.145018632" /><trkpt lat="41.539325517" lon="-8.145031929" /><trkpt lat="41.539318922" lon="-8.145045106" /><trkpt lat="41.539312375" lon="-8.145058343" /><trkpt lat="41.539305855" lon="-8.145071631" /><trkpt lat="41.539299343" lon="-8.145084958" /><trkpt lat="41.539292819" lon="-8.145098314" /><trkpt lat="41.539286264" lon="-8.145111687" /><trkpt lat="41.539279658" lon="-8.145125068" /><trkpt lat="41.539272982" lon="-8.145138445" /><trkpt lat="41.539266216" lon="-8.145151808" /><trkpt lat="41.539259340" lon="-8.145165145" /><trkpt lat="41.539252334" lon="-8.145178447" /><trkpt lat="41.539245180" lon="-8.145191703" /><trkpt lat="41.539237857" lon="-8.145204901" /><trkpt lat="41.539230345" lon="-8.145218031" /><trkpt lat="41.539222626" lon="-8.145231083" /><trkpt lat="41.539214679" lon="-8.145244045" /><trkpt lat="41.539206485" lon="-8.145256907" /><trkpt lat="41.539198024" lon="-8.145269659" /><trkpt lat="41.539189277" lon="-8.145282288" /><trkpt lat="41.539180224" lon="-8.145294785" /><trkpt lat="41.539170845" lon="-8.145307140" /><trkpt lat="41.539161121" lon="-8.145319340" /><trkpt lat="41.539151031" lon="-8.145331376" /><trkpt lat="41.539140558" lon="-8.145343237" /><trkpt lat="41.539129680" lon="-8.145354912" /><trkpt lat="41.539118378" lon="-8.145366390" /><trkpt lat="41.539106633" lon="-8.145377660" /><trkpt lat="41.539094424" lon="-8.145388713" /><trkpt lat="41.539081733" lon="-8.145399536" /><trkpt lat="41.539068540" lon="-8.145410120" /><trkpt lat="41.539055345" lon="-8.145420378" /><trkpt lat="41.539042643" lon="-8.145430239" /><trkpt lat="41.539030406" lon="-8.145439719" /><trkpt lat="41.539018606" lon="-8.145448832" /><trkpt lat="41.539007213" lon="-8.145457593" /><trkpt lat="41.538996200" lon="-8.145466018" /><trkpt lat="41.538985537" lon="-8.145474120" /><trkpt lat="41.538975197" lon="-8.145481916" /><trkpt lat="41.538965150" lon="-8.145489420" /><trkpt lat="41.538955368" lon="-8.145496647" /><trkpt lat="41.538945822" lon="-8.145503611" /><trkpt lat="41.538936485" lon="-8.145510328" /><trkpt lat="41.538927326" lon="-8.145516812" /><trkpt lat="41.538918319" lon="-8.145523079" /><trkpt lat="41.538909434" lon="-8.145529144" /><trkpt lat="41.538900642" lon="-8.145535020" /><trkpt lat="41.538891916" lon="-8.145540724" /><trkpt lat="41.538883226" lon="-8.145546269" /><trkpt lat="41.538874544" lon="-8.145551672" /><trkpt lat="41.538865842" lon="-8.145556947" /><trkpt lat="41.538857090" lon="-8.145562108" /><trkpt lat="41.538848261" lon="-8.145567171" /><trkpt lat="41.538839326" lon="-8.145572150" /><trkpt lat="41.538830256" lon="-8.145577061" /><trkpt lat="41.538821023" lon="-8.145581918" /><trkpt lat="41.538811598" lon="-8.145586737" /><trkpt lat="41.538801952" lon="-8.145591532" /><trkpt lat="41.538792058" lon="-8.145596317" /><trkpt lat="41.538781886" lon="-8.145601109" /><trkpt lat="41.538771408" lon="-8.145605922" /><trkpt lat="41.538760769" lon="-8.145610744" /><trkpt lat="41.538750139" lon="-8.145615565" /><trkpt lat="41.538739528" lon="-8.145620403" /><trkpt lat="41.538728945" lon="-8.145625275" /><trkpt lat="41.538718400" lon="-8.145630198" /><trkpt lat="41.538707902" lon="-8.145635190" /><trkpt lat="41.538697459" lon="-8.145640268" /><trkpt lat="41.538687083" lon="-8.145645448" /><trkpt lat="41.538676781" lon="-8.145650750" /><trkpt lat="41.538666563" lon="-8.145656188" /><trkpt lat="41.538656440" lon="-8.145661782" /><trkpt lat="41.538646419" lon="-8.145667548" /><trkpt lat="41.538636511" lon="-8.145673504" /><trkpt lat="41.538626724" lon="-8.145679666" /><trkpt lat="41.538617069" lon="-8.145686053" /><trkpt lat="41.538607554" lon="-8.145692681" /><trkpt lat="41.538598190" lon="-8.145699567" /><trkpt lat="41.538588984" lon="-8.145706730" /><trkpt lat="41.538579947" lon="-8.145714186" /><trkpt lat="41.538571088" lon="-8.145721952" /><trkpt lat="41.538562417" lon="-8.145730046" /><trkpt lat="41.538553942" lon="-8.145738486" /><trkpt lat="41.538545673" lon="-8.145747287" /><trkpt lat="41.538537620" lon="-8.145756469" /><trkpt lat="41.538529792" lon="-8.145766047" /><trkpt lat="41.538522198" lon="-8.145776040" /><trkpt lat="41.538514847" lon="-8.145786464" /><trkpt lat="41.538507750" lon="-8.145797337" /><trkpt lat="41.538500914" lon="-8.145808676" /><trkpt lat="41.538494351" lon="-8.145820498" /><trkpt lat="41.538488125" lon="-8.145832341" /><trkpt lat="41.538481876" lon="-8.145844452" /><trkpt lat="41.538475590" lon="-8.145856748" /><trkpt lat="41.538469257" lon="-8.145869147" /><trkpt lat="41.538462864" lon="-8.145881564" /><trkpt lat="41.538456400" lon="-8.145893917" /><trkpt lat="41.538449853" lon="-8.145906123" /><trkpt lat="41.538443211" lon="-8.145918098" /><trkpt lat="41.538436463" lon="-8.145929759" /><trkpt lat="41.538429597" lon="-8.145941023" /><trkpt lat="41.538422601" lon="-8.145951807" /><trkpt lat="41.538415464" lon="-8.145962027" /><trkpt lat="41.538408173" lon="-8.145971601" /><trkpt lat="41.538400718" lon="-8.145980444" /><trkpt lat="41.538393086" lon="-8.145988475" /><trkpt lat="41.538385265" lon="-8.145995610" /><trkpt lat="41.538377244" lon="-8.146001765" /><trkpt lat="41.538369011" lon="-8.146006858" /><trkpt lat="41.538360555" lon="-8.146010805" /><trkpt lat="41.538351864" lon="-8.146013523" /><trkpt lat="41.538342925" lon="-8.146014929" /><trkpt lat="41.538333727" lon="-8.146014939" /><trkpt lat="41.538324259" lon="-8.146013471" /><trkpt lat="41.538314509" lon="-8.146010441" /><trkpt lat="41.538304465" lon="-8.146005766" /><trkpt lat="41.538294115" lon="-8.145999363" /><trkpt lat="41.538283448" lon="-8.145991149" /><trkpt lat="41.538272451" lon="-8.145981041" /><trkpt lat="41.538261114" lon="-8.145968954" /><trkpt lat="41.538249424" lon="-8.145954807" /><trkpt lat="41.538237370" lon="-8.145938516" /><trkpt lat="41.538225477" lon="-8.145922203" /><trkpt lat="41.538213537" lon="-8.145906963" /><trkpt lat="41.538201586" lon="-8.145892800" /><trkpt lat="41.538189660" lon="-8.145879717" /><trkpt lat="41.538177794" lon="-8.145867718" /><trkpt lat="41.538166025" lon="-8.145856808" /><trkpt lat="41.538154386" lon="-8.145846990" /><trkpt lat="41.538142915" lon="-8.145838268" /><trkpt lat="41.538131647" lon="-8.145830646" /><trkpt lat="41.538120618" lon="-8.145824129" /><trkpt lat="41.538109862" lon="-8.145818719" /><trkpt lat="41.538099417" lon="-8.145814422" /><trkpt lat="41.538089317" lon="-8.145811240" /><trkpt lat="41.538079599" lon="-8.145809178" /><trkpt lat="41.538070297" lon="-8.145808239" /><trkpt lat="41.538061448" lon="-8.145808429" /><trkpt lat="41.538053087" lon="-8.145809749" /><trkpt lat="41.538045249" lon="-8.145812206" /><trkpt lat="41.538037972" lon="-8.145815801" /><trkpt lat="41.538031289" lon="-8.145820540" /><trkpt lat="41.538025238" lon="-8.145826427" /><trkpt lat="41.538019853" lon="-8.145833464" /><trkpt lat="41.538015170" lon="-8.145841657" /><trkpt lat="41.538011224" lon="-8.145851009" /><trkpt lat="41.538008053" lon="-8.145861523" /><trkpt lat="41.538005690" lon="-8.145873205" /><trkpt lat="41.538004172" lon="-8.145886057" /><trkpt lat="41.538003535" lon="-8.145900085" /><trkpt lat="41.538003813" lon="-8.145915291" /><trkpt lat="41.538005044" lon="-8.145931679" /><trkpt lat="41.538007262" lon="-8.145949254" /><trkpt lat="41.538010503" lon="-8.145968020" /><trkpt lat="41.538014249" lon="-8.145988392" /><trkpt lat="41.538017455" lon="-8.146008190" /><trkpt lat="41.538020114" lon="-8.146027391" /><trkpt lat="41.538022219" lon="-8.146045975" /><trkpt lat="41.538023766" lon="-8.146063921" /><trkpt lat="41.538024749" lon="-8.146081209" /><trkpt lat="41.538025162" lon="-8.146097818" /><trkpt lat="41.538024999" lon="-8.146113726" /><trkpt lat="41.538024253" lon="-8.146128912" /><trkpt lat="41.538022921" lon="-8.146143357" /><trkpt lat="41.538020995" lon="-8.146157039" /><trkpt lat="41.538018469" lon="-8.146169937" /><trkpt lat="41.538015339" lon="-8.146182030" /><trkpt lat="41.538011598" lon="-8.146193298" /><trkpt lat="41.538007240" lon="-8.146203719" /><trkpt lat="41.538002260" lon="-8.146213273" /><trkpt lat="41.537996652" lon="-8.146221939" /><trkpt lat="41.537990410" lon="-8.146229696" /><trkpt lat="41.537983528" lon="-8.146236523" /><trkpt lat="41.537976000" lon="-8.146242400" /><trkpt lat="41.537967822" lon="-8.146247305" /><trkpt lat="41.537958985" lon="-8.146251218" /><trkpt lat="41.537949486" lon="-8.146254117" /><trkpt lat="41.537939319" lon="-8.146255982" /><trkpt lat="41.537928476" lon="-8.146256792" /><trkpt lat="41.537916953" lon="-8.146256526" /><trkpt lat="41.537904744" lon="-8.146255164" /><trkpt lat="41.537891843" lon="-8.146252684" /><trkpt lat="41.537878245" lon="-8.146249065" /><trkpt lat="41.537863942" lon="-8.146244287" /><trkpt lat="41.537851904" lon="-8.146239642" /><trkpt lat="41.537839570" lon="-8.146234446" /><trkpt lat="41.537826961" lon="-8.146228757" /><trkpt lat="41.537814098" lon="-8.146222636" /><trkpt lat="41.537801002" lon="-8.146216143" /><trkpt lat="41.537787694" lon="-8.146209337" /><trkpt lat="41.537774195" lon="-8.146202279" /><trkpt lat="41.537760525" lon="-8.146195027" /><trkpt lat="41.537746706" lon="-8.146187642" /><trkpt lat="41.537732759" lon="-8.146180183" /><trkpt lat="41.537718704" lon="-8.146172710" /><trkpt lat="41.537704562" lon="-8.146165283" /><trkpt lat="41.537690355" lon="-8.146157961" /><trkpt lat="41.537676103" lon="-8.146150805" /><trkpt lat="41.537661828" lon="-8.146143873" /><trkpt lat="41.537647549" lon="-8.146137227" /><trkpt lat="41.537633289" lon="-8.146130924" /><trkpt lat="41.537619067" lon="-8.146125026" /><trkpt lat="41.537604906" lon="-8.146119591" /><trkpt lat="41.537590825" lon="-8.146114681" /><trkpt lat="41.537576846" lon="-8.146110353" /><trkpt lat="41.537562990" lon="-8.146106669" /><trkpt lat="41.537549278" lon="-8.146103687" /><trkpt lat="41.537535730" lon="-8.146101468" /><trkpt lat="41.537522367" lon="-8.146100071" /><trkpt lat="41.537509211" lon="-8.146099556" /><trkpt lat="41.537496283" lon="-8.146099983" /><trkpt lat="41.537483602" lon="-8.146101411" /><trkpt lat="41.537471191" lon="-8.146103901" /><trkpt lat="41.537459070" lon="-8.146107511" /><trkpt lat="41.537447260" lon="-8.146112302" /><trkpt lat="41.537435782" lon="-8.146118333" /><trkpt lat="41.537424657" lon="-8.146125665" /><trkpt lat="41.537413906" lon="-8.146134356" /><trkpt lat="41.537403550" lon="-8.146144467" /><trkpt lat="41.537393609" lon="-8.146156057" /><trkpt lat="41.537384105" lon="-8.146169186" /><trkpt lat="41.537374461" lon="-8.146183869" /><trkpt lat="41.537365142" lon="-8.146198499" /><trkpt lat="41.537356135" lon="-8.146213091" /><trkpt lat="41.537347433" lon="-8.146227656" /><trkpt lat="41.537339022" lon="-8.146242207" /><trkpt lat="41.537330895" lon="-8.146256759" /><trkpt lat="41.537323039" lon="-8.146271324" /><trkpt lat="41.537315444" lon="-8.146285915" /><trkpt lat="41.537308101" lon="-8.146300546" /><trkpt lat="41.537300999" lon="-8.146315229" /><trkpt lat="41.537294127" lon="-8.146329978" /><trkpt lat="41.537287475" lon="-8.146344806" /><trkpt lat="41.537281033" lon="-8.146359725" /><trkpt lat="41.537274790" lon="-8.146374750" /><trkpt lat="41.537268735" lon="-8.146389893" /><trkpt lat="41.537262859" lon="-8.146405167" /><trkpt lat="41.537257152" lon="-8.146420586" /><trkpt lat="41.537251601" lon="-8.146436163" /><trkpt lat="41.537246198" lon="-8.146451910" /><trkpt lat="41.537240932" lon="-8.146467841" /><trkpt lat="41.537235792" lon="-8.146483970" /><trkpt lat="41.537230768" lon="-8.146500308" /><trkpt lat="41.537225850" lon="-8.146516870" /><trkpt lat="41.537221027" lon="-8.146533668" /><trkpt lat="41.537216289" lon="-8.146550716" /><trkpt lat="41.537211626" lon="-8.146568027" /><trkpt lat="41.537207026" lon="-8.146585613" /><trkpt lat="41.537202480" lon="-8.146603489" /><trkpt lat="41.537197978" lon="-8.146621667" /><trkpt lat="41.537193508" lon="-8.146640160" /><trkpt lat="41.537189061" lon="-8.146658981" /><trkpt lat="41.537184626" lon="-8.146678144" /><trkpt lat="41.537180192" lon="-8.146697662" /><trkpt lat="41.537175750" lon="-8.146717547" /><trkpt lat="41.537171289" lon="-8.146737814" /><trkpt lat="41.537166285" lon="-8.146761307" /><trkpt lat="41.537161696" lon="-8.146784062" /><trkpt lat="41.537157496" lon="-8.146806114" /><trkpt lat="41.537153657" lon="-8.146827493" /><trkpt lat="41.537150152" lon="-8.146848232" /><trkpt lat="41.537146955" lon="-8.146868362" /><trkpt lat="41.537144040" lon="-8.146887918" /><trkpt lat="41.537141378" lon="-8.146906929" /><trkpt lat="41.537138945" lon="-8.146925429" /><trkpt lat="41.537136712" lon="-8.146943450" /><trkpt lat="41.537134653" lon="-8.146961024" /><trkpt lat="41.537132741" lon="-8.146978183" /><trkpt lat="41.537130949" lon="-8.146994959" /><trkpt lat="41.537129252" lon="-8.147011385" /><trkpt lat="41.537127621" lon="-8.147027493" /><trkpt lat="41.537126031" lon="-8.147043314" /><trkpt lat="41.537124453" lon="-8.147058882" /><trkpt lat="41.537122863" lon="-8.147074227" /><trkpt lat="41.537121232" lon="-8.147089384" /><trkpt lat="41.537119535" lon="-8.147104383" /><trkpt lat="41.537117743" lon="-8.147119256" /><trkpt lat="41.537115831" lon="-8.147134037" /><trkpt lat="41.537113772" lon="-8.147148757" /><trkpt lat="41.537111539" lon="-8.147163448" /><trkpt lat="41.537109106" lon="-8.147178143" /><trkpt lat="41.537106444" lon="-8.147192874" /><trkpt lat="41.537103529" lon="-8.147207673" /><trkpt lat="41.537100332" lon="-8.147222571" /><trkpt lat="41.537096827" lon="-8.147237602" /><trkpt lat="41.537092988" lon="-8.147252798" /><trkpt lat="41.537089623" lon="-8.147267191" /><trkpt lat="41.537087004" lon="-8.147281695" /><trkpt lat="41.537085056" lon="-8.147296295" /><trkpt lat="41.537083703" lon="-8.147310974" /><trkpt lat="41.537082866" lon="-8.147325718" /><trkpt lat="41.537082471" lon="-8.147340511" /><trkpt lat="41.537082441" lon="-8.147355339" /><trkpt lat="41.537082699" lon="-8.147370187" /><trkpt lat="41.537083168" lon="-8.147385038" /><trkpt lat="41.537083773" lon="-8.147399878" /><trkpt lat="41.537084437" lon="-8.147414691" /><trkpt lat="41.537085083" lon="-8.147429462" /><trkpt lat="41.537085635" lon="-8.147444177" /><trkpt lat="41.537086016" lon="-8.147458819" /><trkpt lat="41.537086150" lon="-8.147473374" /><trkpt lat="41.537085961" lon="-8.147487827" /><trkpt lat="41.537085372" lon="-8.147502161" /><trkpt lat="41.537084306" lon="-8.147516362" /><trkpt lat="41.537082688" lon="-8.147530415" /><trkpt lat="41.537080440" lon="-8.147544305" /><trkpt lat="41.537077486" lon="-8.147558016" /><trkpt lat="41.537073750" lon="-8.147571532" /><trkpt lat="41.537069156" lon="-8.147584840" /><trkpt lat="41.537063625" lon="-8.147597923" /><trkpt lat="41.537057084" lon="-8.147610766" /><trkpt lat="41.537049454" lon="-8.147623355" /><trkpt lat="41.537040659" lon="-8.147635673" /><trkpt lat="41.537030624" lon="-8.147647706" /><trkpt lat="41.537019271" lon="-8.147659439" /><trkpt lat="41.537006524" lon="-8.147670855" /><trkpt lat="41.536992306" lon="-8.147681941" /><trkpt lat="41.536976541" lon="-8.147692680" /><trkpt lat="41.536961351" lon="-8.147702491" /><trkpt lat="41.536946076" lon="-8.147712596" /><trkpt lat="41.536930732" lon="-8.147722976" /><trkpt lat="41.536915332" lon="-8.147733610" /><trkpt lat="41.536899891" lon="-8.147744479" /><trkpt lat="41.536884424" lon="-8.147755562" /><trkpt lat="41.536868944" lon="-8.147766838" /><trkpt lat="41.536853466" lon="-8.147778288" /><trkpt lat="41.536838005" lon="-8.147789891" /><trkpt lat="41.536822574" lon="-8.147801627" /><trkpt lat="41.536807188" lon="-8.147813475" /><trkpt lat="41.536791861" lon="-8.147825416" /><trkpt lat="41.536776608" lon="-8.147837428" /><trkpt lat="41.536761443" lon="-8.147849493" /><trkpt lat="41.536746380" lon="-8.147861589" /><trkpt lat="41.536731434" lon="-8.147873697" /><trkpt lat="41.536716619" lon="-8.147885795" /><trkpt lat="41.536701949" lon="-8.147897864" /><trkpt lat="41.536687438" lon="-8.147909884" /><trkpt lat="41.536673101" lon="-8.147921833" /><trkpt lat="41.536658953" lon="-8.147933693" /><trkpt lat="41.536645007" lon="-8.147945442" /><trkpt lat="41.536631278" lon="-8.147957061" /><trkpt lat="41.536617781" lon="-8.147968529" /><trkpt lat="41.536604529" lon="-8.147979825" /><trkpt lat="41.536591537" lon="-8.147990930" /><trkpt lat="41.536578819" lon="-8.148001824" /><trkpt lat="41.536566389" lon="-8.148012486" /><trkpt lat="41.536554263" lon="-8.148022895" /><trkpt lat="41.536542453" lon="-8.148033032" /><trkpt lat="41.536530976" lon="-8.148042876" /><trkpt lat="41.536519844" lon="-8.148052407" /><trkpt lat="41.536509072" lon="-8.148061604" /><trkpt lat="41.536498675" lon="-8.148070448" /><trkpt lat="41.536488666" lon="-8.148078918" /><trkpt lat="41.536477504" lon="-8.148088271" /><trkpt lat="41.536466884" lon="-8.148097015" /><trkpt lat="41.536456772" lon="-8.148105153" /><trkpt lat="41.536447133" lon="-8.148112685" /><trkpt lat="41.536437934" lon="-8.148119611" /><trkpt lat="41.536429141" lon="-8.148125932" /><trkpt lat="41.536420721" lon="-8.148131649" /><trkpt lat="41.536412638" lon="-8.148136762" /><trkpt lat="41.536404860" lon="-8.148141272" /><trkpt lat="41.536397352" lon="-8.148145179" /><trkpt lat="41.536390081" lon="-8.148148484" /><trkpt lat="41.536383012" lon="-8.148151188" /><trkpt lat="41.536376112" lon="-8.148153291" /><trkpt lat="41.536369346" lon="-8.148154794" /><trkpt lat="41.536362682" lon="-8.148155697" /><trkpt lat="41.536356084" lon="-8.148156001" /><trkpt lat="41.536349519" lon="-8.148155706" /><trkpt lat="41.536342954" lon="-8.148154814" /><trkpt lat="41.536336353" lon="-8.148153325" /><trkpt lat="41.536329684" lon="-8.148151239" /><trkpt lat="41.536322912" lon="-8.148148557" /><trkpt lat="41.536316004" lon="-8.148145279" /><trkpt lat="41.536308926" lon="-8.148141407" /><trkpt lat="41.536301643" lon="-8.148136940" /><trkpt lat="41.536294121" lon="-8.148131880" /><trkpt lat="41.536286328" lon="-8.148126226" /><trkpt lat="41.536278228" lon="-8.148119980" /><trkpt lat="41.536269789" lon="-8.148113143" /><trkpt lat="41.536260976" lon="-8.148105714" /><trkpt lat="41.536251754" lon="-8.148097694" /><trkpt lat="41.536242296" lon="-8.148089667" /><trkpt lat="41.536232814" lon="-8.148082227" /><trkpt lat="41.536223337" lon="-8.148075386" /><trkpt lat="41.536213895" lon="-8.148069158" /><trkpt lat="41.536204517" lon="-8.148063558" /><trkpt lat="41.536195233" lon="-8.148058598" /><trkpt lat="41.536186072" lon="-8.148054293" /><trkpt lat="41.536177063" lon="-8.148050656" /><trkpt lat="41.536168237" lon="-8.148047700" /><trkpt lat="41.536159622" lon="-8.148045441" /><trkpt lat="41.536151248" lon="-8.148043890" /><trkpt lat="41.536143144" lon="-8.148043063" /><trkpt lat="41.536135340" lon="-8.148042972" /><trkpt lat="41.536127866" lon="-8.148043632" /><trkpt lat="41.536120750" lon="-8.148045056" /><trkpt lat="41.536114022" lon="-8.148047257" /><trkpt lat="41.536107712" lon="-8.148050251" /><trkpt lat="41.536101849" lon="-8.148054049" /><trkpt lat="41.536096463" lon="-8.148058666" /><trkpt lat="41.536091582" lon="-8.148064117" /><trkpt lat="41.536087237" lon="-8.148070413" /><trkpt lat="41.536083456" lon="-8.148077570" /><trkpt lat="41.536080270" lon="-8.148085600" /><trkpt lat="41.536077708" lon="-8.148094518" /><trkpt lat="41.536075799" lon="-8.148104337" /><trkpt lat="41.536074572" lon="-8.148115071" /><trkpt lat="41.536074058" lon="-8.148126734" /><trkpt lat="41.536074285" lon="-8.148139339" /><trkpt lat="41.536075283" lon="-8.148152900" /><trkpt lat="41.536077082" lon="-8.148167431" /><trkpt lat="41.536079332" lon="-8.148182616" /><trkpt lat="41.536081674" lon="-8.148198110" /><trkpt lat="41.536084117" lon="-8.148213882" /><trkpt lat="41.536086672" lon="-8.148229900" /><trkpt lat="41.536089351" lon="-8.148246134" /><trkpt lat="41.536092164" lon="-8.148262553" /><trkpt lat="41.536095121" lon="-8.148279126" /><trkpt lat="41.536098233" lon="-8.148295821" /><trkpt lat="41.536101512" lon="-8.148312609" /><trkpt lat="41.536104967" lon="-8.148329457" /><trkpt lat="41.536108609" lon="-8.148346334" /><trkpt lat="41.536112450" lon="-8.148363211" /><trkpt lat="41.536116499" lon="-8.148380056" /><trkpt lat="41.536120768" lon="-8.148396837" /><trkpt lat="41.536125267" lon="-8.148413524" /><trkpt lat="41.536130007" lon="-8.148430086" /><trkpt lat="41.536134999" lon="-8.148446492" /><trkpt lat="41.536140253" lon="-8.148462710" /><trkpt lat="41.536145780" lon="-8.148478711" /><trkpt lat="41.536151591" lon="-8.148494462" /><trkpt lat="41.536157696" lon="-8.148509933" /><trkpt lat="41.536164107" lon="-8.148525093" /><trkpt lat="41.536170833" lon="-8.148539911" /><trkpt lat="41.536177886" lon="-8.148554356" /><trkpt lat="41.536185276" lon="-8.148568397" /><trkpt lat="41.536193014" lon="-8.148582002" /><trkpt lat="41.536201111" lon="-8.148595142" /><trkpt lat="41.536209578" lon="-8.148607784" /><trkpt lat="41.536218424" lon="-8.148619898" /><trkpt lat="41.536227662" lon="-8.148631454" /><trkpt lat="41.536236719" lon="-8.148642726" /><trkpt lat="41.536245025" lon="-8.148654002" /><trkpt lat="41.536252592" lon="-8.148665271" /><trkpt lat="41.536259432" lon="-8.148676518" /><trkpt lat="41.536265558" lon="-8.148687730" /><trkpt lat="41.536270981" lon="-8.148698895" /><trkpt lat="41.536275713" lon="-8.148709999" /><trkpt lat="41.536279766" lon="-8.148721029" /><trkpt lat="41.536283153" lon="-8.148731972" /><trkpt lat="41.536285886" lon="-8.148742815" /><trkpt lat="41.536287976" lon="-8.148753544" /><trkpt lat="41.536289436" lon="-8.148764148" /><trkpt lat="41.536290277" lon="-8.148774612" /><trkpt lat="41.536290512" lon="-8.148784923" /><trkpt lat="41.536290152" lon="-8.148795068" /><trkpt lat="41.536289211" lon="-8.148805035" /><trkpt lat="41.536287699" lon="-8.148814810" /><trkpt lat="41.536285629" lon="-8.148824379" /><trkpt lat="41.536283013" lon="-8.148833731" /><trkpt lat="41.536279863" lon="-8.148842851" /><trkpt lat="41.536276191" lon="-8.148851727" /><trkpt lat="41.536272008" lon="-8.148860346" /><trkpt lat="41.536267328" lon="-8.148868694" /><trkpt lat="41.536262163" lon="-8.148876758" /><trkpt lat="41.536256523" lon="-8.148884525" /><trkpt lat="41.536250421" lon="-8.148891982" /><trkpt lat="41.536243870" lon="-8.148899117" /><trkpt lat="41.536236881" lon="-8.148905915" /><trkpt lat="41.536229467" lon="-8.148912363" /><trkpt lat="41.536221638" lon="-8.148918450" /><trkpt lat="41.536213851" lon="-8.148924612" /><trkpt lat="41.536206564" lon="-8.148931266" /><trkpt lat="41.536199794" lon="-8.148938368" /><trkpt lat="41.536193560" lon="-8.148945874" /><trkpt lat="41.536187879" lon="-8.148953741" /><trkpt lat="41.536182769" lon="-8.148961923" /><trkpt lat="41.536178248" lon="-8.148970377" /><trkpt lat="41.536174333" lon="-8.148979059" /><trkpt lat="41.536171044" lon="-8.148987924" /><trkpt lat="41.536168396" lon="-8.148996929" /><trkpt lat="41.536166410" lon="-8.149006030" /><trkpt lat="41.536165101" lon="-8.149015181" /><trkpt lat="41.536164488" lon="-8.149024340" /><trkpt lat="41.536164589" lon="-8.149033461" /><trkpt lat="41.536165422" lon="-8.149042502" /><trkpt lat="41.536167004" lon="-8.149051418" /><trkpt lat="41.536169354" lon="-8.149060164" /><trkpt lat="41.536172489" lon="-8.149068696" /><trkpt lat="41.536176427" lon="-8.149076972" /><trkpt lat="41.536181186" lon="-8.149084946" /><trkpt lat="41.536186784" lon="-8.149092574" /><trkpt lat="41.536193239" lon="-8.149099812" /><trkpt lat="41.536200568" lon="-8.149106616" /><trkpt lat="41.536208789" lon="-8.149112942" /><trkpt lat="41.536217920" lon="-8.149118746" /><trkpt lat="41.536227980" lon="-8.149123984" /><trkpt lat="41.536238985" lon="-8.149128612" /><trkpt lat="41.536250954" lon="-8.149132585" /><trkpt lat="41.536263905" lon="-8.149135859" /><trkpt lat="41.536277855" lon="-8.149138391" /><trkpt lat="41.536292069" lon="-8.149140496" /><trkpt lat="41.536305798" lon="-8.149142537" /><trkpt lat="41.536319040" lon="-8.149144539" /><trkpt lat="41.536331789" lon="-8.149146526" /><trkpt lat="41.536344045" lon="-8.149148524" /><trkpt lat="41.536355803" lon="-8.149150558" /><trkpt lat="41.536367061" lon="-8.149152652" /><trkpt lat="41.536377814" lon="-8.149154832" /><trkpt lat="41.536388061" lon="-8.149157124" /><trkpt lat="41.536397798" lon="-8.149159551" /><trkpt lat="41.536407022" lon="-8.149162139" /><trkpt lat="41.536415730" lon="-8.149164913" /><trkpt lat="41.536423918" lon="-8.149167898" /><trkpt lat="41.536431584" lon="-8.149171119" /><trkpt lat="41.536438724" lon="-8.149174601" /><trkpt lat="41.536445336" lon="-8.149178369" /><trkpt lat="41.536451416" lon="-8.149182448" /><trkpt lat="41.536456960" lon="-8.149186864" /><trkpt lat="41.536461967" lon="-8.149191641" /><trkpt lat="41.536466433" lon="-8.149196804" /><trkpt lat="41.536470354" lon="-8.149202378" /><trkpt lat="41.536473728" lon="-8.149208388" /><trkpt lat="41.536476551" lon="-8.149214860" /><trkpt lat="41.536478820" lon="-8.149221818" /><trkpt lat="41.536480533" lon="-8.149229288" /><trkpt lat="41.536481686" lon="-8.149237294" /><trkpt lat="41.536482276" lon="-8.149245862" /><trkpt lat="41.536482299" lon="-8.149255016" /><trkpt lat="41.536481754" lon="-8.149264781" /><trkpt lat="41.536480635" lon="-8.149275184" /><trkpt lat="41.536478959" lon="-8.149285546" /><trkpt lat="41.536476751" lon="-8.149295209" /><trkpt lat="41.536474032" lon="-8.149304227" /><trkpt lat="41.536470819" lon="-8.149312650" /><trkpt lat="41.536467130" lon="-8.149320533" /><trkpt lat="41.536462983" lon="-8.149327927" /><trkpt lat="41.536458398" lon="-8.149334884" /><trkpt lat="41.536453392" lon="-8.149341458" /><trkpt lat="41.536447984" lon="-8.149347700" /><trkpt lat="41.536442191" lon="-8.149353663" /><trkpt lat="41.536436033" lon="-8.149359400" /><trkpt lat="41.536429527" lon="-8.149364963" /><trkpt lat="41.536422691" lon="-8.149370404" /><trkpt lat="41.536415545" lon="-8.149375776" /><trkpt lat="41.536408106" lon="-8.149381131" /><trkpt lat="41.536400393" lon="-8.149386522" /><trkpt lat="41.536392424" lon="-8.149392001" /><trkpt lat="41.536384216" lon="-8.149397621" /><trkpt lat="41.536375790" lon="-8.149403434" /><trkpt lat="41.536367162" lon="-8.149409493" /><trkpt lat="41.536358351" lon="-8.149415849" /><trkpt lat="41.536349375" lon="-8.149422557" /><trkpt lat="41.536340253" lon="-8.149429667" /><trkpt lat="41.536331004" lon="-8.149437232" /><trkpt lat="41.536321644" lon="-8.149445305" /><trkpt lat="41.536312193" lon="-8.149453939" /><trkpt lat="41.536302668" lon="-8.149463185" /><trkpt lat="41.536293089" lon="-8.149473097" /><trkpt lat="41.536283474" lon="-8.149483726" /><trkpt lat="41.536273840" lon="-8.149495125" /><trkpt lat="41.536264510" lon="-8.149506796" /><trkpt lat="41.536255794" lon="-8.149518217" /><trkpt lat="41.536247689" lon="-8.149529409" /><trkpt lat="41.536240193" lon="-8.149540389" /><trkpt lat="41.536233304" lon="-8.149551178" /><trkpt lat="41.536227019" lon="-8.149561794" /><trkpt lat="41.536221337" lon="-8.149572256" /><trkpt lat="41.536216255" lon="-8.149582583" /><trkpt lat="41.536211771" lon="-8.149592795" /><trkpt lat="41.536207882" lon="-8.149602910" /><trkpt lat="41.536204587" lon="-8.149612948" /><trkpt lat="41.536201882" lon="-8.149622927" /><trkpt lat="41.536199767" lon="-8.149632867" /><trkpt lat="41.536198239" lon="-8.149642786" /><trkpt lat="41.536197295" lon="-8.149652705" /><trkpt lat="41.536196933" lon="-8.149662641" /><trkpt lat="41.536197151" lon="-8.149672614" /><trkpt lat="41.536197947" lon="-8.149682643" /><trkpt lat="41.536199319" lon="-8.149692748" /><trkpt lat="41.536201264" lon="-8.149702946" /><trkpt lat="41.536203780" lon="-8.149713258" /><trkpt lat="41.536206865" lon="-8.149723702" /><trkpt lat="41.536210516" lon="-8.149734298" /><trkpt lat="41.536214732" lon="-8.149745064" /><trkpt lat="41.536219510" lon="-8.149756019" /><trkpt lat="41.536224848" lon="-8.149767183" /><trkpt lat="41.536230744" lon="-8.149778575" /><trkpt lat="41.536237195" lon="-8.149790214" /><trkpt lat="41.536244199" lon="-8.149802118" /><trkpt lat="41.536251754" lon="-8.149814308" /><trkpt lat="41.536259240" lon="-8.149826585" /><trkpt lat="41.536266048" lon="-8.149838750" /><trkpt lat="41.536272197" lon="-8.149850813" /><trkpt lat="41.536277707" lon="-8.149862786" /><trkpt lat="41.536282595" lon="-8.149874682" /><trkpt lat="41.536286882" lon="-8.149886513" /><trkpt lat="41.536290584" lon="-8.149898290" /><trkpt lat="41.536293722" lon="-8.149910025" /><trkpt lat="41.536296314" lon="-8.149921730" /><trkpt lat="41.536298378" lon="-8.149933418" /><trkpt lat="41.536299934" lon="-8.149945099" /><trkpt lat="41.536301000" lon="-8.149956787" /><trkpt lat="41.536301595" lon="-8.149968492" /><trkpt lat="41.536301737" lon="-8.149980227" /><trkpt lat="41.536301446" lon="-8.149992004" /><trkpt lat="41.536300740" lon="-8.150003835" /><trkpt lat="41.536299637" lon="-8.150015731" /><trkpt lat="41.536298157" lon="-8.150027704" /><trkpt lat="41.536296319" lon="-8.150039767" /><trkpt lat="41.536294140" lon="-8.150051932" /><trkpt lat="41.536291640" lon="-8.150064209" /><trkpt lat="41.536288838" lon="-8.150076612" /><trkpt lat="41.536285752" lon="-8.150089152" /><trkpt lat="41.536282400" lon="-8.150101840" /><trkpt lat="41.536278803" lon="-8.150114690" /><trkpt lat="41.536274978" lon="-8.150127713" /><trkpt lat="41.536270944" lon="-8.150140920" /><trkpt lat="41.536266721" lon="-8.150154324" /><trkpt lat="41.536262325" lon="-8.150167937" /><trkpt lat="41.536257778" lon="-8.150181770" /><trkpt lat="41.536253344" lon="-8.150195401" /><trkpt lat="41.536248999" lon="-8.150209292" /><trkpt lat="41.536244768" lon="-8.150223437" /><trkpt lat="41.536240676" lon="-8.150237829" /><trkpt lat="41.536236748" lon="-8.150252461" /><trkpt lat="41.536233010" lon="-8.150267326" /><trkpt lat="41.536229488" lon="-8.150282416" /><trkpt lat="41.536226207" lon="-8.150297726" /><trkpt lat="41.536223192" lon="-8.150313247" /><trkpt lat="41.536220469" lon="-8.150328973" /><trkpt lat="41.536218064" lon="-8.150344896" /><trkpt lat="41.536216001" lon="-8.150361010" /><trkpt lat="41.536214307" lon="-8.150377308" /><trkpt lat="41.536213007" lon="-8.150393783" /><trkpt lat="41.536212126" lon="-8.150410427" /><trkpt lat="41.536211690" lon="-8.150427234" /><trkpt lat="41.536211724" lon="-8.150444196" /><trkpt lat="41.536212254" lon="-8.150461307" /><trkpt lat="41.536213305" lon="-8.150478560" /><trkpt lat="41.536214903" lon="-8.150495946" /><trkpt lat="41.536217073" lon="-8.150513461" /><trkpt lat="41.536219841" lon="-8.150531096" /><trkpt lat="41.536223231" lon="-8.150548844" /><trkpt lat="41.536227271" lon="-8.150566699" /><trkpt lat="41.536231984" lon="-8.150584653" /><trkpt lat="41.536237397" lon="-8.150602700" /><trkpt lat="41.536243535" lon="-8.150620832" /><trkpt lat="41.536250424" lon="-8.150639042" /><trkpt lat="41.536258088" lon="-8.150657323" /><trkpt lat="41.536266554" lon="-8.150675669" /><trkpt lat="41.536275847" lon="-8.150694072" /><trkpt lat="41.536285483" lon="-8.150712698" /><trkpt lat="41.536294332" lon="-8.150730536" /><trkpt lat="41.536302426" lon="-8.150747655" /><trkpt lat="41.536309794" lon="-8.150764124" /><trkpt lat="41.536316467" lon="-8.150780015" /><trkpt lat="41.536322475" lon="-8.150795395" /><trkpt lat="41.536327849" lon="-8.150810336" /><trkpt lat="41.536332618" lon="-8.150824907" /><trkpt lat="41.536336814" lon="-8.150839177" /><trkpt lat="41.536340466" lon="-8.150853217" /><trkpt lat="41.536343606" lon="-8.150867095" /><trkpt lat="41.536346262" lon="-8.150880883" /><trkpt lat="41.536348467" lon="-8.150894649" /><trkpt lat="41.536350249" lon="-8.150908463" /><trkpt lat="41.536351639" lon="-8.150922395" /><trkpt lat="41.536352668" lon="-8.150936515" /><trkpt lat="41.536353366" lon="-8.150950893" /><trkpt lat="41.536353763" lon="-8.150965598" /><trkpt lat="41.536353890" lon="-8.150980699" /><trkpt lat="41.536353777" lon="-8.150996268" /><trkpt lat="41.536353454" lon="-8.151012373" /><trkpt lat="41.536352952" lon="-8.151029084" /><trkpt lat="41.536352301" lon="-8.151046471" /><trkpt lat="41.536351531" lon="-8.151064603" /><trkpt lat="41.536350672" lon="-8.151083551" /><trkpt lat="41.536349756" lon="-8.151103384" /><trkpt lat="41.536348812" lon="-8.151124173" /><trkpt lat="41.536347871" lon="-8.151145985" /><trkpt lat="41.536346963" lon="-8.151168892" /><trkpt lat="41.536346118" lon="-8.151192963" /><trkpt lat="41.536345410" lon="-8.151214092" /><trkpt lat="41.536344661" lon="-8.151235168" /><trkpt lat="41.536343871" lon="-8.151256177" /><trkpt lat="41.536343038" lon="-8.151277104" /><trkpt lat="41.536342161" lon="-8.151297937" /><trkpt lat="41.536341239" lon="-8.151318661" /><trkpt lat="41.536340271" lon="-8.151339262" /><trkpt lat="41.536339256" lon="-8.151359726" /><trkpt lat="41.536338193" lon="-8.151380040" /><trkpt lat="41.536337080" lon="-8.151400189" /><trkpt lat="41.536335917" lon="-8.151420160" /><trkpt lat="41.536334702" lon="-8.151439939" /><trkpt lat="41.536333434" lon="-8.151459512" /><trkpt lat="41.536332112" lon="-8.151478865" /><trkpt lat="41.536330735" lon="-8.151497984" /><trkpt lat="41.536329302" lon="-8.151516856" /><trkpt lat="41.536327811" lon="-8.151535465" /><trkpt lat="41.536326263" lon="-8.151553800" /><trkpt lat="41.536324654" lon="-8.151571844" /><trkpt lat="41.536322985" lon="-8.151589586" /><trkpt lat="41.536321254" lon="-8.151607010" /><trkpt lat="41.536319460" lon="-8.151624104" /><trkpt lat="41.536317602" lon="-8.151640852" /><trkpt lat="41.536315679" lon="-8.151657242" /><trkpt lat="41.536313690" lon="-8.151673258" /><trkpt lat="41.536311633" lon="-8.151688889" /><trkpt lat="41.536309507" lon="-8.151704118" /><trkpt lat="41.536307312" lon="-8.151718934" /><trkpt lat="41.536305046" lon="-8.151733321" /><trkpt lat="41.536302709" lon="-8.151747265" /><trkpt lat="41.536300298" lon="-8.151760754" /><trkpt lat="41.536297813" lon="-8.151773773" /><trkpt lat="41.536295252" lon="-8.151786308" /><trkpt lat="41.536292616" lon="-8.151798345" /><trkpt lat="41.536289901" lon="-8.151809871" /><trkpt lat="41.536286614" lon="-8.151822722" /><trkpt lat="41.536283170" lon="-8.151835004" /><trkpt lat="41.536279560" lon="-8.151846738" /><trkpt lat="41.536275774" lon="-8.151857944" /><trkpt lat="41.536271804" lon="-8.151868644" /><trkpt lat="41.536267640" lon="-8.151878858" /><trkpt lat="41.536263272" lon="-8.151888606" /><trkpt lat="41.536258691" lon="-8.151897911" /><trkpt lat="41.536253889" lon="-8.151906793" /><trkpt lat="41.536248854" lon="-8.151915272" /><trkpt lat="41.536243579" lon="-8.151923370" /><trkpt lat="41.536238054" lon="-8.151931107" /><trkpt lat="41.536232269" lon="-8.151938504" /><trkpt lat="41.536226214" lon="-8.151945583" /><trkpt lat="41.536219882" lon="-8.151952364" /><trkpt lat="41.536213261" lon="-8.151958867" /><trkpt lat="41.536206344" lon="-8.151965114" /><trkpt lat="41.536199120" lon="-8.151971126" /><trkpt lat="41.536191580" lon="-8.151976923" /><trkpt lat="41.536183715" lon="-8.151982526" /><trkpt lat="41.536175515" lon="-8.151987956" /><trkpt lat="41.536166971" lon="-8.151993235" /><trkpt lat="41.536158074" lon="-8.151998382" /><trkpt lat="41.536148814" lon="-8.152003419" /><trkpt lat="41.536139182" lon="-8.152008367" /><trkpt lat="41.536129169" lon="-8.152013246" /><trkpt lat="41.536118764" lon="-8.152018078" /><trkpt lat="41.536107960" lon="-8.152022882" /><trkpt lat="41.536096746" lon="-8.152027681" /><trkpt lat="41.536085113" lon="-8.152032495" /><trkpt lat="41.536073630" lon="-8.152037360" /><trkpt lat="41.536062851" lon="-8.152042309" /><trkpt lat="41.536052746" lon="-8.152047351" /><trkpt lat="41.536043282" lon="-8.152052499" /><trkpt lat="41.536034427" lon="-8.152057764" /><trkpt lat="41.536026149" lon="-8.152063158" /><trkpt lat="41.536018418" lon="-8.152068690" /><trkpt lat="41.536011202" lon="-8.152074374" /><trkpt lat="41.536004468" lon="-8.152080219" /><trkpt lat="41.535998185" lon="-8.152086238" /><trkpt lat="41.535992322" lon="-8.152092442" /><trkpt lat="41.535986846" lon="-8.152098842" /><trkpt lat="41.535981726" lon="-8.152105449" /><trkpt lat="41.535976931" lon="-8.152112275" /><trkpt lat="41.535972428" lon="-8.152119331" /><trkpt lat="41.535968187" lon="-8.152126629" /><trkpt lat="41.535964174" lon="-8.152134179" /><trkpt lat="41.535960360" lon="-8.152141993" /><trkpt lat="41.535956711" lon="-8.152150083" /><trkpt lat="41.535953197" lon="-8.152158459" /><trkpt lat="41.535949785" lon="-8.152167133" /><trkpt lat="41.535946444" lon="-8.152176117" /><trkpt lat="41.535943143" lon="-8.152185421" /><trkpt lat="41.535939849" lon="-8.152195058" /><trkpt lat="41.535936531" lon="-8.152205038" /><trkpt lat="41.535933157" lon="-8.152215372" /><trkpt lat="41.535929696" lon="-8.152226072" /><trkpt lat="41.535926115" lon="-8.152237150" /><trkpt lat="41.535922384" lon="-8.152248616" /><trkpt lat="41.535918470" lon="-8.152260482" /><trkpt lat="41.535914544" lon="-8.152272141" /><trkpt lat="41.535910779" lon="-8.152283011" /><trkpt lat="41.535907149" lon="-8.152293146" /><trkpt lat="41.535903627" lon="-8.152302598" /><trkpt lat="41.535900187" lon="-8.152311419" /><trkpt lat="41.535896803" lon="-8.152319663" /><trkpt lat="41.535893448" lon="-8.152327380" /><trkpt lat="41.535890097" lon="-8.152334624" /><trkpt lat="41.535886722" lon="-8.152341447" /><trkpt lat="41.535883298" lon="-8.152347902" /><trkpt lat="41.535879798" lon="-8.152354042" /><trkpt lat="41.535876195" lon="-8.152359917" /><trkpt lat="41.535872465" lon="-8.152365582" /><trkpt lat="41.535868579" lon="-8.152371088" /><trkpt lat="41.535864512" lon="-8.152376488" /><trkpt lat="41.535860238" lon="-8.152381834" /><trkpt lat="41.535855730" lon="-8.152387179" /><trkpt lat="41.535850962" lon="-8.152392576" /><trkpt lat="41.535845907" lon="-8.152398076" /><trkpt lat="41.535840540" lon="-8.152403732" /><trkpt lat="41.535834834" lon="-8.152409597" /><trkpt lat="41.535828762" lon="-8.152415723" /><trkpt lat="41.535822298" lon="-8.152422162" /><trkpt lat="41.535815417" lon="-8.152428968" /><trkpt lat="41.535808091" lon="-8.152436192" /><trkpt lat="41.535800294" lon="-8.152443887" /><trkpt lat="41.535792001" lon="-8.152452105" /><trkpt lat="41.535783183" lon="-8.152460899" /><trkpt lat="41.535773817" lon="-8.152470321" /><trkpt lat="41.535763874" lon="-8.152480423" /><trkpt lat="41.535753605" lon="-8.152490800" /><trkpt lat="41.535743294" lon="-8.152501028" /><trkpt lat="41.535732967" lon="-8.152511140" /><trkpt lat="41.535722647" lon="-8.152521166" /><trkpt lat="41.535712360" lon="-8.152531137" /><trkpt lat="41.535702132" lon="-8.152541084" /><trkpt lat="41.535691986" lon="-8.152551039" /><trkpt lat="41.535681948" lon="-8.152561031" /><trkpt lat="41.535672044" lon="-8.152571093" /><trkpt lat="41.535662297" lon="-8.152581255" /><trkpt lat="41.535652733" lon="-8.152591548" /><trkpt lat="41.535643377" lon="-8.152602003" /><trkpt lat="41.535634254" lon="-8.152612651" /><trkpt lat="41.535625389" lon="-8.152623523" /><trkpt lat="41.535616806" lon="-8.152634650" /><trkpt lat="41.535608532" lon="-8.152646064" /><trkpt lat="41.535600590" lon="-8.152657795" /><trkpt lat="41.535593007" lon="-8.152669873" /><trkpt lat="41.535585806" lon="-8.152682331" /><trkpt lat="41.535579012" lon="-8.152695199" /><trkpt lat="41.535572652" lon="-8.152708508" /><trkpt lat="41.535566749" lon="-8.152722289" /><trkpt lat="41.535561329" lon="-8.152736573" /><trkpt lat="41.535556417" lon="-8.152751391" /><trkpt lat="41.535552038" lon="-8.152766774" /><trkpt lat="41.535548216" lon="-8.152782753" /><trkpt lat="41.535544977" lon="-8.152799360" /><trkpt lat="41.535542346" lon="-8.152816624" /><trkpt lat="41.535540347" lon="-8.152834577" /><trkpt lat="41.535539006" lon="-8.152853251" /><trkpt lat="41.535538237" lon="-8.152867770" /><trkpt lat="41.535537428" lon="-8.152882745" /><trkpt lat="41.535536572" lon="-8.152898149" /><trkpt lat="41.535535659" lon="-8.152913954" /><trkpt lat="41.535534681" lon="-8.152930134" /><trkpt lat="41.535533628" lon="-8.152946660" /><trkpt lat="41.535532492" lon="-8.152963506" /><trkpt lat="41.535531264" lon="-8.152980645" /><trkpt lat="41.535529935" lon="-8.152998049" /><trkpt lat="41.535528497" lon="-8.153015692" /><trkpt lat="41.535526940" lon="-8.153033546" /><trkpt lat="41.535525255" lon="-8.153051584" /><trkpt lat="41.535523434" lon="-8.153069779" /><trkpt lat="41.535521468" lon="-8.153088103" /><trkpt lat="41.535519348" lon="-8.153106531" /><trkpt lat="41.535517065" lon="-8.153125033" /><trkpt lat="41.535514611" lon="-8.153143584" /><trkpt lat="41.535511976" lon="-8.153162156" /><trkpt lat="41.535509152" lon="-8.153180723" /><trkpt lat="41.535506129" lon="-8.153199255" /><trkpt lat="41.535502900" lon="-8.153217728" /><trkpt lat="41.535499454" lon="-8.153236113" /><trkpt lat="41.535495784" lon="-8.153254383" /><trkpt lat="41.535491880" lon="-8.153272512" /><trkpt lat="41.535487734" lon="-8.153290472" /><trkpt lat="41.535483336" lon="-8.153308235" /><trkpt lat="41.535478679" lon="-8.153325775" /><trkpt lat="41.535473752" lon="-8.153343065" /><trkpt lat="41.535468548" lon="-8.153360077" /><trkpt lat="41.535463056" lon="-8.153376784" /><trkpt lat="41.535457270" lon="-8.153393160" /><trkpt lat="41.535451179" lon="-8.153409176" /><trkpt lat="41.535444775" lon="-8.153424806" /><trkpt lat="41.535438048" lon="-8.153440023" /><trkpt lat="41.535430991" lon="-8.153454799" /><trkpt lat="41.535423594" lon="-8.153469107" /><trkpt lat="41.535415849" lon="-8.153482921" /><trkpt lat="41.535407746" lon="-8.153496212" /><trkpt lat="41.535399277" lon="-8.153508955" /><trkpt lat="41.535390432" lon="-8.153521121" /><trkpt lat="41.535378722" lon="-8.153536639" /><trkpt lat="41.535367662" lon="-8.153551573" /><trkpt lat="41.535357220" lon="-8.153565962" /><trkpt lat="41.535347364" lon="-8.153579846" /><trkpt lat="41.535338063" lon="-8.153593267" /><trkpt lat="41.535329284" lon="-8.153606265" /><trkpt lat="41.535320995" lon="-8.153618880" /><trkpt lat="41.535313163" lon="-8.153631152" /><trkpt lat="41.535305757" lon="-8.153643124" /><trkpt lat="41.535298745" lon="-8.153654834" /><trkpt lat="41.535292094" lon="-8.153666323" /><trkpt lat="41.535285772" lon="-8.153677633" /><trkpt lat="41.535279747" lon="-8.153688803" /><trkpt lat="41.535273988" lon="-8.153699874" /><trkpt lat="41.535268461" lon="-8.153710887" /><trkpt lat="41.535263135" lon="-8.153721882" /><trkpt lat="41.535257978" lon="-8.153732899" /><trkpt lat="41.535252957" lon="-8.153743980" /><trkpt lat="41.535248041" lon="-8.153755164" /><trkpt lat="41.535243196" lon="-8.153766493" /><trkpt lat="41.535238393" lon="-8.153778006" /><trkpt lat="41.535233597" lon="-8.153789745" /><trkpt lat="41.535228777" lon="-8.153801750" /><trkpt lat="41.535223901" lon="-8.153814061" /><trkpt lat="41.535218936" lon="-8.153826719" /><trkpt lat="41.535213851" lon="-8.153839764" /><trkpt lat="41.535208613" lon="-8.153853237" /><trkpt lat="41.535203191" lon="-8.153867179" /><trkpt lat="41.535197552" lon="-8.153881630" /><trkpt lat="41.535191664" lon="-8.153896630" /><trkpt lat="41.535185548" lon="-8.153912009" /><trkpt lat="41.535179254" lon="-8.153927559" /><trkpt lat="41.535172789" lon="-8.153943263" /><trkpt lat="41.535166162" lon="-8.153959102" /><trkpt lat="41.535159382" lon="-8.153975060" /><trkpt lat="41.535152456" lon="-8.153991119" /><trkpt lat="41.535145394" lon="-8.154007262" /><trkpt lat="41.535138204" lon="-8.154023472" /><trkpt lat="41.535130895" lon="-8.154039731" /><trkpt lat="41.535123474" lon="-8.154056023" /><trkpt lat="41.535115951" lon="-8.154072329" /><trkpt lat="41.535108334" lon="-8.154088633" /><trkpt lat="41.535100631" lon="-8.154104917" /><trkpt lat="41.535092850" lon="-8.154121165" /><trkpt lat="41.535085001" lon="-8.154137358" /><trkpt lat="41.535077092" lon="-8.154153480" /><trkpt lat="41.535069131" lon="-8.154169513" /><trkpt lat="41.535061127" lon="-8.154185439" /><trkpt lat="41.535053088" lon="-8.154201243" /><trkpt lat="41.535045023" lon="-8.154216905" /><trkpt lat="41.535036939" lon="-8.154232410" /><trkpt lat="41.535028847" lon="-8.154247740" /><trkpt lat="41.535020753" lon="-8.154262877" /><trkpt lat="41.535012667" lon="-8.154277804" /><trkpt lat="41.535004598" lon="-8.154292504" /><trkpt lat="41.534996552" lon="-8.154306960" /><trkpt lat="41.534988540" lon="-8.154321154" /><trkpt lat="41.534980569" lon="-8.154335069" /><trkpt lat="41.534972649" lon="-8.154348688" /><trkpt lat="41.534964786" lon="-8.154361993" /><trkpt lat="41.534957315" lon="-8.154374210" /><trkpt lat="41.534949189" lon="-8.154386932" /><trkpt lat="41.534940482" lon="-8.154400109" /><trkpt lat="41.534931269" lon="-8.154413693" /><trkpt lat="41.534921625" lon="-8.154427634" /><trkpt lat="41.534911625" lon="-8.154441883" /><trkpt lat="41.534901343" lon="-8.154456390" /><trkpt lat="41.534890854" lon="-8.154471107" /><trkpt lat="41.534880233" lon="-8.154485984" /><trkpt lat="41.534869555" lon="-8.154500972" /><trkpt lat="41.534858895" lon="-8.154516021" /><trkpt lat="41.534848326" lon="-8.154531083" /><trkpt lat="41.534837925" lon="-8.154546108" /><trkpt lat="41.534827765" lon="-8.154561046" /><trkpt lat="41.534817922" lon="-8.154575849" /><trkpt lat="41.534808469" lon="-8.154590468" /><trkpt lat="41.534799483" lon="-8.154604852" /><trkpt lat="41.534791038" lon="-8.154618953" /><trkpt lat="41.534783207" lon="-8.154632722" /><trkpt lat="41.534776068" lon="-8.154646109" /><trkpt lat="41.534769693" lon="-8.154659064" /><trkpt lat="41.534764157" lon="-8.154671540" /><trkpt lat="41.534759537" lon="-8.154683486" /><trkpt lat="41.534755905" lon="-8.154694853" /><trkpt lat="41.534753338" lon="-8.154705592" /><trkpt lat="41.534751909" lon="-8.154715654" /><trkpt lat="41.534751694" lon="-8.154724989" /><trkpt lat="41.534752767" lon="-8.154733548" /><trkpt lat="41.534755202" lon="-8.154741283" /><trkpt lat="41.534759076" lon="-8.154748143" /><trkpt lat="41.534764462" lon="-8.154754079" /><trkpt lat="41.534771436" lon="-8.154759042" /><trkpt lat="41.534780071" lon="-8.154762983" /><trkpt lat="41.534790804" lon="-8.154766847" /><trkpt lat="41.534802091" lon="-8.154770931" /><trkpt lat="41.534813882" lon="-8.154775244" /><trkpt lat="41.534826128" lon="-8.154779790" /><trkpt lat="41.534838780" lon="-8.154784578" /><trkpt lat="41.534851789" lon="-8.154789612" /><trkpt lat="41.534865105" lon="-8.154794901" /><trkpt lat="41.534878681" lon="-8.154800450" /><trkpt lat="41.534892466" lon="-8.154806266" /><trkpt lat="41.534906412" lon="-8.154812356" /><trkpt lat="41.534920469" lon="-8.154818726" /><trkpt lat="41.534934589" lon="-8.154825382" /><trkpt lat="41.534948722" lon="-8.154832332" /><trkpt lat="41.534962820" lon="-8.154839582" /><trkpt lat="41.534976833" lon="-8.154847138" /><trkpt lat="41.534990712" lon="-8.154855007" /><trkpt lat="41.535004408" lon="-8.154863195" /><trkpt lat="41.535017872" lon="-8.154871709" /><trkpt lat="41.535031054" lon="-8.154880556" /><trkpt lat="41.535043907" lon="-8.154889743" /><trkpt lat="41.535056381" lon="-8.154899274" /><trkpt lat="41.535068426" lon="-8.154909159" /><trkpt lat="41.535079993" lon="-8.154919402" /><trkpt lat="41.535091035" lon="-8.154930010" /><trkpt lat="41.535101500" lon="-8.154940990" /><trkpt lat="41.535111341" lon="-8.154952349" /><trkpt lat="41.535120509" lon="-8.154964093" /><trkpt lat="41.535128953" lon="-8.154976228" /><trkpt lat="41.535136626" lon="-8.154988762" /><trkpt lat="41.535143478" lon="-8.155001700" /><trkpt lat="41.535149783" lon="-8.155014756" /><trkpt lat="41.535155850" lon="-8.155027653" /><trkpt lat="41.535161684" lon="-8.155040407" /><trkpt lat="41.535167288" lon="-8.155053038" /><trkpt lat="41.535172664" lon="-8.155065564" /><trkpt lat="41.535177818" lon="-8.155078003" /><trkpt lat="41.535182753" lon="-8.155090375" /><trkpt lat="41.535187471" lon="-8.155102697" /><trkpt lat="41.535191977" lon="-8.155114988" /><trkpt lat="41.535196274" lon="-8.155127267" /><trkpt lat="41.535200366" lon="-8.155139552" /><trkpt lat="41.535204257" lon="-8.155151861" /><trkpt lat="41.535207949" lon="-8.155164213" /><trkpt lat="41.535211446" lon="-8.155176626" /><trkpt lat="41.535214753" lon="-8.155189119" /><trkpt lat="41.535217872" lon="-8.155201711" /><trkpt lat="41.535220808" lon="-8.155214419" /><trkpt lat="41.535223563" lon="-8.155227263" /><trkpt lat="41.535226142" lon="-8.155240260" /><trkpt lat="41.535228547" lon="-8.155253430" /><trkpt lat="41.535230783" lon="-8.155266791" /><trkpt lat="41.535232853" lon="-8.155280360" /><trkpt lat="41.535234761" lon="-8.155294158" /><trkpt lat="41.535236509" lon="-8.155308201" /><trkpt lat="41.535238103" lon="-8.155322510" /><trkpt lat="41.535239544" lon="-8.155337101" /><trkpt lat="41.535240838" lon="-8.155351994" /><trkpt lat="41.535241987" lon="-8.155367207" /><trkpt lat="41.535242995" lon="-8.155382758" /><trkpt lat="41.535243866" lon="-8.155398667" /><trkpt lat="41.535244500" lon="-8.155411019" /><trkpt lat="41.535245207" lon="-8.155423915" /><trkpt lat="41.535245999" lon="-8.155437327" /><trkpt lat="41.535246887" lon="-8.155451225" /><trkpt lat="41.535247885" lon="-8.155465581" /><trkpt lat="41.535249004" lon="-8.155480365" /><trkpt lat="41.535250257" lon="-8.155495550" /><trkpt lat="41.535251656" lon="-8.155511105" /><trkpt lat="41.535253213" lon="-8.155527002" /><trkpt lat="41.535254940" lon="-8.155543213" /><trkpt lat="41.535256849" lon="-8.155559707" /><trkpt lat="41.535258954" lon="-8.155576457" /><trkpt lat="41.535261266" lon="-8.155593433" /><trkpt lat="41.535263797" lon="-8.155610607" /><trkpt lat="41.535266559" lon="-8.155627949" /><trkpt lat="41.535269565" lon="-8.155645430" /><trkpt lat="41.535272827" lon="-8.155663022" /><trkpt lat="41.535276358" lon="-8.155680696" /><trkpt lat="41.535280168" lon="-8.155698423" /><trkpt lat="41.535284272" lon="-8.155716173" /><trkpt lat="41.535288680" lon="-8.155733919" /><trkpt lat="41.535293406" lon="-8.155751630" /><trkpt lat="41.535298461" lon="-8.155769279" /><trkpt lat="41.535303858" lon="-8.155786836" /><trkpt lat="41.535309608" lon="-8.155804272" /><trkpt lat="41.535315725" lon="-8.155821559" /><trkpt lat="41.535322220" lon="-8.155838667" /><trkpt lat="41.535329105" lon="-8.155855568" /><trkpt lat="41.535336393" lon="-8.155872232" /><trkpt lat="41.535344097" lon="-8.155888631" /><trkpt lat="41.535352227" lon="-8.155904736" /><trkpt lat="41.535360798" lon="-8.155920517" /><trkpt lat="41.535369820" lon="-8.155935947" /><trkpt lat="41.535379305" lon="-8.155950996" /><trkpt lat="41.535389267" lon="-8.155965635" /><trkpt lat="41.535399718" lon="-8.155979834" /><trkpt lat="41.535410669" lon="-8.155993567" /><trkpt lat="41.535422133" lon="-8.156006802" /><trkpt lat="41.535434123" lon="-8.156019513" /><trkpt lat="41.535446649" lon="-8.156031668" /><trkpt lat="41.535461380" lon="-8.156045531" /><trkpt lat="41.535475457" lon="-8.156059211" /><trkpt lat="41.535488883" lon="-8.156072733" /><trkpt lat="41.535501663" lon="-8.156086121" /><trkpt lat="41.535513798" lon="-8.156099403" /><trkpt lat="41.535525292" lon="-8.156112603" /><trkpt lat="41.535536147" lon="-8.156125746" /><trkpt lat="41.535546368" lon="-8.156138858" /><trkpt lat="41.535555956" lon="-8.156151965" /><trkpt lat="41.535564916" lon="-8.156165091" /><trkpt lat="41.535573250" lon="-8.156178262" /><trkpt lat="41.535580961" lon="-8.156191503" /><trkpt lat="41.535588052" lon="-8.156204841" /><trkpt lat="41.535594527" lon="-8.156218299" /><trkpt lat="41.535600388" lon="-8.156231904" /><trkpt lat="41.535605638" lon="-8.156245681" /><trkpt lat="41.535610281" lon="-8.156259656" /><trkpt lat="41.535614320" lon="-8.156273853" /><trkpt lat="41.535617757" lon="-8.156288298" /><trkpt lat="41.535620596" lon="-8.156303017" /><trkpt lat="41.535622840" lon="-8.156318035" /><trkpt lat="41.535624492" lon="-8.156333377" /><trkpt lat="41.535625554" lon="-8.156349069" /><trkpt lat="41.535626031" lon="-8.156365136" /><trkpt lat="41.535625924" lon="-8.156381603" /><trkpt lat="41.535625238" lon="-8.156398496" /><trkpt lat="41.535623975" lon="-8.156415840" /><trkpt lat="41.535622138" lon="-8.156433661" /><trkpt lat="41.535619730" lon="-8.156451984" /><trkpt lat="41.535616755" lon="-8.156470834" /><trkpt lat="41.535613215" lon="-8.156490237" /><trkpt lat="41.535609114" lon="-8.156510218" /><trkpt lat="41.535604454" lon="-8.156530803" /><trkpt lat="41.535599239" lon="-8.156552017" /><trkpt lat="41.535593281" lon="-8.156575932" /><trkpt lat="41.535587855" lon="-8.156598896" /><trkpt lat="41.535582954" lon="-8.156620958" /><trkpt lat="41.535578573" lon="-8.156642166" /><trkpt lat="41.535574709" lon="-8.156662571" /><trkpt lat="41.535571355" lon="-8.156682222" /><trkpt lat="41.535568507" lon="-8.156701168" /><trkpt lat="41.535566160" lon="-8.156719460" /><trkpt lat="41.535564310" lon="-8.156737145" /><trkpt lat="41.535562950" lon="-8.156754275" /><trkpt lat="41.535562077" lon="-8.156770898" /><trkpt lat="41.535561686" lon="-8.156787064" /><trkpt lat="41.535561771" lon="-8.156802822" /><trkpt lat="41.535562327" lon="-8.156818222" /><trkpt lat="41.535563350" lon="-8.156833313" /><trkpt lat="41.535564835" lon="-8.156848145" /><trkpt lat="41.535566777" lon="-8.156862767" /><trkpt lat="41.535569171" lon="-8.156877229" /><trkpt lat="41.535572011" lon="-8.156891580" /><trkpt lat="41.535575294" lon="-8.156905870" /><trkpt lat="41.535579015" lon="-8.156920147" /><trkpt lat="41.535583167" lon="-8.156934462" /><trkpt lat="41.535587747" lon="-8.156948865" /><trkpt lat="41.535592750" lon="-8.156963403" /><trkpt lat="41.535598170" lon="-8.156978128" /><trkpt lat="41.535604003" lon="-8.156993088" /><trkpt lat="41.535610243" lon="-8.157008333" /><trkpt lat="41.535616887" lon="-8.157023912" /><trkpt lat="41.535623928" lon="-8.157039875" /><trkpt lat="41.535631363" lon="-8.157056272" /><trkpt lat="41.535637521" lon="-8.157070124" /><trkpt lat="41.535643622" lon="-8.157084684" /><trkpt lat="41.535649658" lon="-8.157099907" /><trkpt lat="41.535655624" lon="-8.157115747" /><trkpt lat="41.535661514" lon="-8.157132161" /><trkpt lat="41.535667323" lon="-8.157149103" /><trkpt lat="41.535673045" lon="-8.157166528" /><trkpt lat="41.535678674" lon="-8.157184393" /><trkpt lat="41.535684205" lon="-8.157202651" /><trkpt lat="41.535689632" lon="-8.157221259" /><trkpt lat="41.535694949" lon="-8.157240170" /><trkpt lat="41.535700150" lon="-8.157259342" /><trkpt lat="41.535705230" lon="-8.157278728" /><trkpt lat="41.535710183" lon="-8.157298284" /><trkpt lat="41.535715003" lon="-8.157317966" /><trkpt lat="41.535719685" lon="-8.157337727" /><trkpt lat="41.535724222" lon="-8.157357525" /><trkpt lat="41.535728610" lon="-8.157377313" /><trkpt lat="41.535732843" lon="-8.157397047" /><trkpt lat="41.535736914" lon="-8.157416682" /><trkpt lat="41.535740818" lon="-8.157436174" /><trkpt lat="41.535744549" lon="-8.157455477" /><trkpt lat="41.535748102" lon="-8.157474547" /><trkpt lat="41.535751471" lon="-8.157493340" /><trkpt lat="41.535754651" lon="-8.157511809" /><trkpt lat="41.535757634" lon="-8.157529911" /><trkpt lat="41.535760417" lon="-8.157547600" /><trkpt lat="41.535762992" lon="-8.157564832" /><trkpt lat="41.535765355" lon="-8.157581562" /><trkpt lat="41.535767500" lon="-8.157597745" /><trkpt lat="41.535769421" lon="-8.157613337" /><trkpt lat="41.535771112" lon="-8.157628292" /><trkpt lat="41.535772567" lon="-8.157642567" /><trkpt lat="41.535773782" lon="-8.157656115" /><trkpt lat="41.535774749" lon="-8.157668892" /><trkpt lat="41.535775464" lon="-8.157680854" /><trkpt lat="41.535775921" lon="-8.157691956" /><trkpt lat="41.535776131" lon="-8.157705030" /><trkpt lat="41.535775969" lon="-8.157717980" /><trkpt lat="41.535775453" lon="-8.157730823" /><trkpt lat="41.535774597" lon="-8.157743580" /><trkpt lat="41.535773420" lon="-8.157756266" /><trkpt lat="41.535771937" lon="-8.157768903" /><trkpt lat="41.535770165" lon="-8.157781507" /><trkpt lat="41.535768120" lon="-8.157794097" /><trkpt lat="41.535765820" lon="-8.157806692" /><trkpt lat="41.535763279" lon="-8.157819311" /><trkpt lat="41.535760516" lon="-8.157831971" /><trkpt lat="41.535757546" lon="-8.157844691" /><trkpt lat="41.535754385" lon="-8.157857490" /><trkpt lat="41.535751052" lon="-8.157870386" /><trkpt lat="41.535747561" lon="-8.157883398" /><trkpt lat="41.535743930" lon="-8.157896544" /><trkpt lat="41.535740175" lon="-8.157909843" /><trkpt lat="41.535736312" lon="-8.157923312" /><trkpt lat="41.535732358" lon="-8.157936971" /><trkpt lat="41.535728329" lon="-8.157950838" /><trkpt lat="41.535724243" lon="-8.157964932" /><trkpt lat="41.535720115" lon="-8.157979271" /><trkpt lat="41.535715962" lon="-8.157993873" /><trkpt lat="41.535711801" lon="-8.158008757" /><trkpt lat="41.535707648" lon="-8.158023941" /><trkpt lat="41.535703519" lon="-8.158039444" /><trkpt lat="41.535699431" lon="-8.158055285" /><trkpt lat="41.535695401" lon="-8.158071481" /><trkpt lat="41.535691445" lon="-8.158088052" /><trkpt lat="41.535687580" lon="-8.158105016" /><trkpt lat="41.535684461" lon="-8.158119700" /><trkpt lat="41.535681643" lon="-8.158134339" /><trkpt lat="41.535679121" lon="-8.158148951" /><trkpt lat="41.535676888" lon="-8.158163558" /><trkpt lat="41.535674942" lon="-8.158178178" /><trkpt lat="41.535673276" lon="-8.158192833" /><trkpt lat="41.535671887" lon="-8.158207541" /><trkpt lat="41.535670769" lon="-8.158222322" /><trkpt lat="41.535669918" lon="-8.158237197" /><trkpt lat="41.535669328" lon="-8.158252185" /><trkpt lat="41.535668996" lon="-8.158267307" /><trkpt lat="41.535668916" lon="-8.158282582" /><trkpt lat="41.535669084" lon="-8.158298029" /><trkpt lat="41.535669494" lon="-8.158313670" /><trkpt lat="41.535670142" lon="-8.158329524" /><trkpt lat="41.535671024" lon="-8.158345610" /><trkpt lat="41.535672133" lon="-8.158361949" /><trkpt lat="41.535673467" lon="-8.158378560" /><trkpt lat="41.535675019" lon="-8.158395464" /><trkpt lat="41.535676786" lon="-8.158412680" /><trkpt lat="41.535678762" lon="-8.158430228" /><trkpt lat="41.535680942" lon="-8.158448129" /><trkpt lat="41.535683322" lon="-8.158466401" /><trkpt lat="41.535685897" lon="-8.158485065" /><trkpt lat="41.535688663" lon="-8.158504141" /><trkpt lat="41.535691613" lon="-8.158523649" /><trkpt lat="41.535694745" lon="-8.158543608" /><trkpt lat="41.535698052" lon="-8.158564038" /><trkpt lat="41.535701530" lon="-8.158584960" /><trkpt lat="41.535705175" lon="-8.158606393" /><trkpt lat="41.535708982" lon="-8.158628358" /><trkpt lat="41.535712945" lon="-8.158650873" /><trkpt lat="41.535717060" lon="-8.158673959" /><trkpt lat="41.535721322" lon="-8.158697636" /><trkpt lat="41.535725727" lon="-8.158721924" /><trkpt lat="41.535729766" lon="-8.158743800" /><trkpt lat="41.535733836" lon="-8.158765280" /><trkpt lat="41.535737912" lon="-8.158786368" /><trkpt lat="41.535741970" lon="-8.158807069" /><trkpt lat="41.535745985" lon="-8.158827389" /><trkpt lat="41.535749933" lon="-8.158847332" /><trkpt lat="41.535753789" lon="-8.158866904" /><trkpt lat="41.535757528" lon="-8.158886111" /><trkpt lat="41.535761126" lon="-8.158904956" /><trkpt lat="41.535764558" lon="-8.158923446" /><trkpt lat="41.535767800" lon="-8.158941585" /><trkpt lat="41.535770828" lon="-8.158959379" /><trkpt lat="41.535773615" lon="-8.158976833" /><trkpt lat="41.535776139" lon="-8.158993952" /><trkpt lat="41.535778374" lon="-8.159010740" /><trkpt lat="41.535780296" lon="-8.159027205" /><trkpt lat="41.535781881" lon="-8.159043349" /><trkpt lat="41.535783103" lon="-8.159059179" /><trkpt lat="41.535783938" lon="-8.159074700" /><trkpt lat="41.535784361" lon="-8.159089916" /><trkpt lat="41.535784349" lon="-8.159104834" /><trkpt lat="41.535783876" lon="-8.159119458" /><trkpt lat="41.535782918" lon="-8.159133793" /><trkpt lat="41.535781450" lon="-8.159147844" /><trkpt lat="41.535779448" lon="-8.159161618" /><trkpt lat="41.535776887" lon="-8.159175118" /><trkpt lat="41.535773743" lon="-8.159188350" /><trkpt lat="41.535769990" lon="-8.159201319" /><trkpt lat="41.535765605" lon="-8.159214030" /><trkpt lat="41.535760563" lon="-8.159226489" /><trkpt lat="41.535754839" lon="-8.159238701" /><trkpt lat="41.535748409" lon="-8.159250670" /><trkpt lat="41.535741248" lon="-8.159262402" /><trkpt lat="41.535733331" lon="-8.159273902" /><trkpt lat="41.535724635" lon="-8.159285175" /><trkpt lat="41.535715133" lon="-8.159296227" /><trkpt lat="41.535704803" lon="-8.159307062" /><trkpt lat="41.535693619" lon="-8.159317686" /><trkpt lat="41.535681556" lon="-8.159328103" /><trkpt lat="41.535669158" lon="-8.159338438" /><trkpt lat="41.535656988" lon="-8.159348820" /><trkpt lat="41.535645051" lon="-8.159359265" /><trkpt lat="41.535633354" lon="-8.159369790" /><trkpt lat="41.535621902" lon="-8.159380409" /><trkpt lat="41.535610701" lon="-8.159391138" /><trkpt lat="41.535599758" lon="-8.159401994" /><trkpt lat="41.535589077" lon="-8.159412991" /><trkpt lat="41.535578665" lon="-8.159424146" /><trkpt lat="41.535568528" lon="-8.159435475" /><trkpt lat="41.535558671" lon="-8.159446992" /><trkpt lat="41.535549102" lon="-8.159458715" /><trkpt lat="41.535539824" lon="-8.159470658" /><trkpt lat="41.535530845" lon="-8.159482837" /><trkpt lat="41.535522170" lon="-8.159495268" /><trkpt lat="41.535513805" lon="-8.159507967" /><trkpt lat="41.535505756" lon="-8.159520950" /><trkpt lat="41.535498030" lon="-8.159534231" /><trkpt lat="41.535490630" lon="-8.159547828" /><trkpt lat="41.535483565" lon="-8.159561756" /><trkpt lat="41.535476839" lon="-8.159576030" /><trkpt lat="41.535470458" lon="-8.159590666" /><trkpt lat="41.535464429" lon="-8.159605680" /><trkpt lat="41.535458757" lon="-8.159621088" /><trkpt lat="41.535453448" lon="-8.159636905" /><trkpt lat="41.535448508" lon="-8.159653147" /><trkpt lat="41.535443943" lon="-8.159669830" /><trkpt lat="41.535439759" lon="-8.159686970" /><trkpt lat="41.535435962" lon="-8.159704582" /><trkpt lat="41.535432557" lon="-8.159722682" /><trkpt lat="41.535429550" lon="-8.159741286" /><trkpt lat="41.535426948" lon="-8.159760409" /><trkpt lat="41.535424756" lon="-8.159780068" /><trkpt lat="41.535422980" lon="-8.159800278" /><trkpt lat="41.535421626" lon="-8.159821054" /><trkpt lat="41.535420700" lon="-8.159842413" /><trkpt lat="41.535420208" lon="-8.159864370" /><trkpt lat="41.535420156" lon="-8.159886942" /><trkpt lat="41.535420549" lon="-8.159910142" /><trkpt lat="41.535421024" lon="-8.159925574" /><trkpt lat="41.535421647" lon="-8.159941284" /><trkpt lat="41.535422417" lon="-8.159957258" /><trkpt lat="41.535423336" lon="-8.159973484" /><trkpt lat="41.535424404" lon="-8.159989949" /><trkpt lat="41.535425620" lon="-8.160006640" /><trkpt lat="41.535426986" lon="-8.160023545" /><trkpt lat="41.535428501" lon="-8.160040650" /><trkpt lat="41.535430166" lon="-8.160057942" /><trkpt lat="41.535431982" lon="-8.160075409" /><trkpt lat="41.535433948" lon="-8.160093037" /><trkpt lat="41.535436064" lon="-8.160110815" /><trkpt lat="41.535438333" lon="-8.160128728" /><trkpt lat="41.535440752" lon="-8.160146764" /><trkpt lat="41.535443324" lon="-8.160164910" /><trkpt lat="41.535446048" lon="-8.160183154" /><trkpt lat="41.535448924" lon="-8.160201482" /><trkpt lat="41.535451954" lon="-8.160219881" /><trkpt lat="41.535455137" lon="-8.160238339" /><trkpt lat="41.535458473" lon="-8.160256843" /><trkpt lat="41.535461963" lon="-8.160275379" /><trkpt lat="41.535465607" lon="-8.160293935" /><trkpt lat="41.535469407" lon="-8.160312499" /><trkpt lat="41.535473361" lon="-8.160331056" /><trkpt lat="41.535477470" lon="-8.160349595" /><trkpt lat="41.535481735" lon="-8.160368102" /><trkpt lat="41.535486155" lon="-8.160386564" /><trkpt lat="41.535490732" lon="-8.160404969" /><trkpt lat="41.535495466" lon="-8.160423304" /><trkpt lat="41.535500357" lon="-8.160441555" /><trkpt lat="41.535505405" lon="-8.160459710" /><trkpt lat="41.535510610" lon="-8.160477757" /><trkpt lat="41.535515974" lon="-8.160495681" /><trkpt lat="41.535521495" lon="-8.160513471" /><trkpt lat="41.535527176" lon="-8.160531113" /><trkpt lat="41.535533015" lon="-8.160548594" /><trkpt lat="41.535539013" lon="-8.160565902" /><trkpt lat="41.535545172" lon="-8.160583024" /><trkpt lat="41.535551490" lon="-8.160599946" /><trkpt lat="41.535557968" lon="-8.160616656" /><trkpt lat="41.535564607" lon="-8.160633141" /><trkpt lat="41.535571407" lon="-8.160649389" /><trkpt lat="41.535578368" lon="-8.160665385" /><trkpt lat="41.535585491" lon="-8.160681118" /><trkpt lat="41.535592776" lon="-8.160696574" /><trkpt lat="41.535600223" lon="-8.160711741" /><trkpt lat="41.535607833" lon="-8.160726606" /><trkpt lat="41.535615606" lon="-8.160741155" /><trkpt lat="41.535623542" lon="-8.160755376" /><trkpt lat="41.535631641" lon="-8.160769256" /><trkpt lat="41.535639905" lon="-8.160782783" /><trkpt lat="41.535648333" lon="-8.160795942" /><trkpt lat="41.535656926" lon="-8.160808722" /><trkpt lat="41.535665683" lon="-8.160821109" /><trkpt lat="41.535674606" lon="-8.160833091" /><trkpt lat="41.535683694" lon="-8.160844654" /><trkpt lat="41.535692949" lon="-8.160855786" /><trkpt lat="41.535702370" lon="-8.160866474" /><trkpt lat="41.535711957" lon="-8.160876705" /><trkpt lat="41.535721711" lon="-8.160886467" /><trkpt lat="41.535732332" lon="-8.160896637" /><trkpt lat="41.535743105" lon="-8.160906749" /><trkpt lat="41.535754014" lon="-8.160916814" /><trkpt lat="41.535765048" lon="-8.160926840" /><trkpt lat="41.535776191" lon="-8.160936837" /><trkpt lat="41.535787430" lon="-8.160946814" /><trkpt lat="41.535798751" lon="-8.160956780" /><trkpt lat="41.535810140" lon="-8.160966745" /><trkpt lat="41.535821584" lon="-8.160976718" /><trkpt lat="41.535833068" lon="-8.160986708" /><trkpt lat="41.535844578" lon="-8.160996726" /><trkpt lat="41.535856102" lon="-8.161006779" /><trkpt lat="41.535867624" lon="-8.161016878" /><trkpt lat="41.535879131" lon="-8.161027031" /><trkpt lat="41.535890610" lon="-8.161037249" /><trkpt lat="41.535902045" lon="-8.161047540" /><trkpt lat="41.535913425" lon="-8.161057914" /><trkpt lat="41.535924734" lon="-8.161068380" /><trkpt lat="41.535935958" lon="-8.161078948" /><trkpt lat="41.535947085" lon="-8.161089626" /><trkpt lat="41.535958100" lon="-8.161100425" /><trkpt lat="41.535968988" lon="-8.161111353" /><trkpt lat="41.535979738" lon="-8.161122421" /><trkpt lat="41.535990333" lon="-8.161133636" /><trkpt lat="41.536000762" lon="-8.161145010" /><trkpt lat="41.536011009" lon="-8.161156550" /><trkpt lat="41.536021061" lon="-8.161168266" /><trkpt lat="41.536030904" lon="-8.161180168" /><trkpt lat="41.536040524" lon="-8.161192266" /><trkpt lat="41.536049907" lon="-8.161204567" /><trkpt lat="41.536059041" lon="-8.161217082" /><trkpt lat="41.536067909" lon="-8.161229821" /><trkpt lat="41.536076500" lon="-8.161242791" /><trkpt lat="41.536084798" lon="-8.161256004" /><trkpt lat="41.536092791" lon="-8.161269467" /><trkpt lat="41.536100463" lon="-8.161283191" /><trkpt lat="41.536107802" lon="-8.161297185" /><trkpt lat="41.536114794" lon="-8.161311458" /><trkpt lat="41.536121424" lon="-8.161326019" /><trkpt lat="41.536127679" lon="-8.161340878" /><trkpt lat="41.536133545" lon="-8.161356044" /><trkpt lat="41.536139008" lon="-8.161371527" /><trkpt lat="41.536144054" lon="-8.161387336" /><trkpt lat="41.536148669" lon="-8.161403480" /><trkpt lat="41.536152840" lon="-8.161419968" /><trkpt lat="41.536156553" lon="-8.161436811" /><trkpt lat="41.536159794" lon="-8.161454016" /><trkpt lat="41.536162548" lon="-8.161471595" /><trkpt lat="41.536164802" lon="-8.161489555" /><trkpt lat="41.536166543" lon="-8.161507906" /><trkpt lat="41.536167756" lon="-8.161526659" /><trkpt lat="41.536168428" lon="-8.161545821" /><trkpt lat="41.536168544" lon="-8.161565402" /><trkpt lat="41.536168091" lon="-8.161585412" /><trkpt lat="41.536167055" lon="-8.161605861" /><trkpt lat="41.536165422" lon="-8.161626756" /><trkpt lat="41.536163007" lon="-8.161654490" /><trkpt lat="41.536160921" lon="-8.161681380" /><trkpt lat="41.536159158" lon="-8.161707451" /><trkpt lat="41.536157713" lon="-8.161732726" /><trkpt lat="41.536156579" lon="-8.161757227" /><trkpt lat="41.536155752" lon="-8.161780979" /><trkpt lat="41.536155225" lon="-8.161804006" /><trkpt lat="41.536154993" lon="-8.161826329" /><trkpt lat="41.536155050" lon="-8.161847974" /><trkpt lat="41.536155391" lon="-8.161868963" /><trkpt lat="41.536156009" lon="-8.161889320" /><trkpt lat="41.536156899" lon="-8.161909068" /><trkpt lat="41.536158056" lon="-8.161928232" /><trkpt lat="41.536159473" lon="-8.161946833" /><trkpt lat="41.536161145" lon="-8.161964896" /><trkpt lat="41.536163067" lon="-8.161982445" /><trkpt lat="41.536165232" lon="-8.161999502" /><trkpt lat="41.536167635" lon="-8.162016091" /><trkpt lat="41.536170270" lon="-8.162032236" /><trkpt lat="41.536173131" lon="-8.162047959" /><trkpt lat="41.536176214" lon="-8.162063286" /><trkpt lat="41.536179511" lon="-8.162078238" /><trkpt lat="41.536183018" lon="-8.162092840" /><trkpt lat="41.536186729" lon="-8.162107114" /><trkpt lat="41.536190637" lon="-8.162121085" /><trkpt lat="41.536194738" lon="-8.162134775" /><trkpt lat="41.536199026" lon="-8.162148209" /><trkpt lat="41.536203495" lon="-8.162161410" /><trkpt lat="41.536208138" lon="-8.162174401" /><trkpt lat="41.536212952" lon="-8.162187205" /><trkpt lat="41.536217929" lon="-8.162199846" /><trkpt lat="41.536223065" lon="-8.162212348" /><trkpt lat="41.536228353" lon="-8.162224734" /><trkpt lat="41.536233788" lon="-8.162237028" /><trkpt lat="41.536239364" lon="-8.162249252" /><trkpt lat="41.536245076" lon="-8.162261431" /><trkpt lat="41.536250917" lon="-8.162273588" /><trkpt lat="41.536256882" lon="-8.162285745" /><trkpt lat="41.536262966" lon="-8.162297928" /><trkpt lat="41.536269162" lon="-8.162310159" /><trkpt lat="41.536275466" lon="-8.162322462" /><trkpt lat="41.536281870" lon="-8.162334859" /><trkpt lat="41.536290693" lon="-8.162352102" /><trkpt lat="41.536299101" lon="-8.162368984" /><trkpt lat="41.536307108" lon="-8.162385537" /><trkpt lat="41.536314726" lon="-8.162401793" /><trkpt lat="41.536321969" lon="-8.162417784" /><trkpt lat="41.536328851" lon="-8.162433543" /><trkpt lat="41.536335385" lon="-8.162449102" /><trkpt lat="41.536341585" lon="-8.162464492" /><trkpt lat="41.536347463" lon="-8.162479747" /><trkpt lat="41.536353033" lon="-8.162494898" /><trkpt lat="41.536358309" lon="-8.162509977" /><trkpt lat="41.536363304" lon="-8.162525017" /><trkpt lat="41.536368031" lon="-8.162540050" /><trkpt lat="41.536372504" lon="-8.162555108" /><trkpt lat="41.536376736" lon="-8.162570223" /><trkpt lat="41.536380740" lon="-8.162585428" /><trkpt lat="41.536384530" lon="-8.162600754" /><trkpt lat="41.536388119" lon="-8.162616234" /><trkpt lat="41.536391521" lon="-8.162631900" /><trkpt lat="41.536394749" lon="-8.162647784" /><trkpt lat="41.536397817" lon="-8.162663918" /><trkpt lat="41.536400737" lon="-8.162680335" /><trkpt lat="41.536403523" lon="-8.162697067" /><trkpt lat="41.536406189" lon="-8.162714145" /><trkpt lat="41.536408748" lon="-8.162731603" /><trkpt lat="41.536411213" lon="-8.162749472" /><trkpt lat="41.536413597" lon="-8.162767784" /><trkpt lat="41.536415915" lon="-8.162786572" /><trkpt lat="41.536418180" lon="-8.162805868" /><trkpt lat="41.536420404" lon="-8.162825704" /><trkpt lat="41.536421703" lon="-8.162836913" /><trkpt lat="41.536423189" lon="-8.162848588" /><trkpt lat="41.536424856" lon="-8.162860715" /><trkpt lat="41.536426699" lon="-8.162873279" /><trkpt lat="41.536428714" lon="-8.162886268" /><trkpt lat="41.536430895" lon="-8.162899667" /><trkpt lat="41.536433238" lon="-8.162913463" /><trkpt lat="41.536435737" lon="-8.162927643" /><trkpt lat="41.536438389" lon="-8.162942192" /><trkpt lat="41.536441187" lon="-8.162957098" /><trkpt lat="41.536444127" lon="-8.162972345" /><trkpt lat="41.536447204" lon="-8.162987922" /><trkpt lat="41.536450413" lon="-8.163003814" /><trkpt lat="41.536453749" lon="-8.163020007" /><trkpt lat="41.536457208" lon="-8.163036488" /><trkpt lat="41.536460784" lon="-8.163053243" /><trkpt lat="41.536464472" lon="-8.163070259" /><trkpt lat="41.536468267" lon="-8.163087522" /><trkpt lat="41.536472166" lon="-8.163105018" /><trkpt lat="41.536476161" lon="-8.163122734" /><trkpt lat="41.536480250" lon="-8.163140655" /><trkpt lat="41.536484426" lon="-8.163158770" /><trkpt lat="41.536488685" lon="-8.163177063" /><trkpt lat="41.536493022" lon="-8.163195521" /><trkpt lat="41.536497432" lon="-8.163214130" /><trkpt lat="41.536501910" lon="-8.163232878" /><trkpt lat="41.536506451" lon="-8.163251749" /><trkpt lat="41.536511050" lon="-8.163270731" /><trkpt lat="41.536515703" lon="-8.163289810" /><trkpt lat="41.536520404" lon="-8.163308973" /><trkpt lat="41.536525148" lon="-8.163328205" /><trkpt lat="41.536529931" lon="-8.163347493" /><trkpt lat="41.536534747" lon="-8.163366823" /><trkpt lat="41.536539593" lon="-8.163386182" /><trkpt lat="41.536544462" lon="-8.163405557" /><trkpt lat="41.536549349" lon="-8.163424932" /><trkpt lat="41.536554251" lon="-8.163444296" /><trkpt lat="41.536559162" lon="-8.163463633" /><trkpt lat="41.536564076" lon="-8.163482931" /><trkpt lat="41.536568990" lon="-8.163502176" /><trkpt lat="41.536573898" lon="-8.163521355" /><trkpt lat="41.536578796" lon="-8.163540453" /><trkpt lat="41.536583677" lon="-8.163559457" /><trkpt lat="41.536588538" lon="-8.163578353" /><trkpt lat="41.536593374" lon="-8.163597128" /><trkpt lat="41.536598179" lon="-8.163615768" /><trkpt lat="41.536602949" lon="-8.163634259" /><trkpt lat="41.536607679" lon="-8.163652589" /><trkpt lat="41.536612363" lon="-8.163670742" /><trkpt lat="41.536616998" lon="-8.163688706" /><trkpt lat="41.536621577" lon="-8.163706467" /><trkpt lat="41.536626096" lon="-8.163724011" /><trkpt lat="41.536630551" lon="-8.163741324" /><trkpt lat="41.536634935" lon="-8.163758394" /><trkpt lat="41.536639245" lon="-8.163775206" /><trkpt lat="41.536644149" lon="-8.163794360" /><trkpt lat="41.536649071" lon="-8.163813594" /><trkpt lat="41.536654008" lon="-8.163832898" /><trkpt lat="41.536658958" lon="-8.163852260" /><trkpt lat="41.536663917" lon="-8.163871670" /><trkpt lat="41.536668883" lon="-8.163891117" /><trkpt lat="41.536673853" lon="-8.163910590" /><trkpt lat="41.536678823" lon="-8.163930078" /><trkpt lat="41.536683793" lon="-8.163949571" /><trkpt lat="41.536688757" lon="-8.163969058" /><trkpt lat="41.536693714" lon="-8.163988529" /><trkpt lat="41.536698661" lon="-8.164007971" /><trkpt lat="41.536703595" lon="-8.164027375" /><trkpt lat="41.536708513" lon="-8.164046730" /><trkpt lat="41.536713412" lon="-8.164066025" /><trkpt lat="41.536718290" lon="-8.164085249" /><trkpt lat="41.536723143" lon="-8.164104392" /><trkpt lat="41.536727969" lon="-8.164123442" /><trkpt lat="41.536732765" lon="-8.164142390" /><trkpt lat="41.536737528" lon="-8.164161223" /><trkpt lat="41.536742256" lon="-8.164179932" /><trkpt lat="41.536746944" lon="-8.164198506" /><trkpt lat="41.536751592" lon="-8.164216934" /><trkpt lat="41.536756195" lon="-8.164235204" /><trkpt lat="41.536760751" lon="-8.164253308" /><trkpt lat="41.536765257" lon="-8.164271232" /><trkpt lat="41.536769711" lon="-8.164288968" /><trkpt lat="41.536774109" lon="-8.164306503" /><trkpt lat="41.536778448" lon="-8.164323828" /><trkpt lat="41.536782727" lon="-8.164340932" /><trkpt lat="41.536786941" lon="-8.164357803" /><trkpt lat="41.536791088" lon="-8.164374431" /><trkpt lat="41.536795166" lon="-8.164390805" /><trkpt lat="41.536799171" lon="-8.164406915" /><trkpt lat="41.536803101" lon="-8.164422750" /><trkpt lat="41.536806952" lon="-8.164438298" /><trkpt lat="41.536810723" lon="-8.164453549" /><trkpt lat="41.536814410" lon="-8.164468493" /><trkpt lat="41.536818010" lon="-8.164483119" /><trkpt lat="41.536821520" lon="-8.164497415" /><trkpt lat="41.536824938" lon="-8.164511372" /><trkpt lat="41.536828261" lon="-8.164524977" /><trkpt lat="41.536831486" lon="-8.164538222" /><trkpt lat="41.536834610" lon="-8.164551094" /><trkpt lat="41.536837630" lon="-8.164563583" /><trkpt lat="41.536840544" lon="-8.164575678" /><trkpt lat="41.536843348" lon="-8.164587368" /><trkpt lat="41.536846040" lon="-8.164598644" /><trkpt lat="41.536848508" lon="-8.164609827" /><trkpt lat="41.536850746" lon="-8.164621676" /><trkpt lat="41.536852750" lon="-8.164634150" /><trkpt lat="41.536854516" lon="-8.164647210" /><trkpt lat="41.536856039" lon="-8.164660818" /><trkpt lat="41.536857317" lon="-8.164674933" /><trkpt lat="41.536858344" lon="-8.164689518" /><trkpt lat="41.536859117" lon="-8.164704533" /><trkpt lat="41.536859631" lon="-8.164719939" /><trkpt lat="41.536859882" lon="-8.164735696" /><trkpt lat="41.536859867" lon="-8.164751766" /><trkpt lat="41.536859581" lon="-8.164768109" /><trkpt lat="41.536859020" lon="-8.164784687" /><trkpt lat="41.536858180" lon="-8.164801459" /><trkpt lat="41.536857057" lon="-8.164818388" /><trkpt lat="41.536855647" lon="-8.164835434" /><trkpt lat="41.536853945" lon="-8.164852558" /><trkpt lat="41.536851948" lon="-8.164869720" /><trkpt lat="41.536849651" lon="-8.164886882" /><trkpt lat="41.536847051" lon="-8.164904005" /><trkpt lat="41.536844144" lon="-8.164921048" /><trkpt lat="41.536840924" lon="-8.164937974" /><trkpt lat="41.536837389" lon="-8.164954744" /><trkpt lat="41.536833533" lon="-8.164971317" /><trkpt lat="41.536829354" lon="-8.164987655" /><trkpt lat="41.536824846" lon="-8.165003718" /><trkpt lat="41.536820006" lon="-8.165019469" /><trkpt lat="41.536814830" lon="-8.165034866" /><trkpt lat="41.536809313" lon="-8.165049873" /><trkpt lat="41.536803452" lon="-8.165064448" /><trkpt lat="41.536797242" lon="-8.165078553" /><trkpt lat="41.536790679" lon="-8.165092150" /><trkpt lat="41.536783760" lon="-8.165105198" /><trkpt lat="41.536776479" lon="-8.165117660" /><trkpt lat="41.536768834" lon="-8.165129494" /><trkpt lat="41.536760819" lon="-8.165140664" /><trkpt lat="41.536752431" lon="-8.165151128" /><trkpt lat="41.536743666" lon="-8.165160849" /><trkpt lat="41.536734520" lon="-8.165169788" /><trkpt lat="41.536724988" lon="-8.165177904" /><trkpt lat="41.536715066" lon="-8.165185159" /><trkpt lat="41.536704751" lon="-8.165191514" /><trkpt lat="41.536694038" lon="-8.165196929" /><trkpt lat="41.536682923" lon="-8.165201366" /><trkpt lat="41.536671402" lon="-8.165204786" /><trkpt lat="41.536659471" lon="-8.165207148" /><trkpt lat="41.536647125" lon="-8.165208415" /><trkpt lat="41.536634362" lon="-8.165208547" /><trkpt lat="41.536621176" lon="-8.165207505" /><trkpt lat="41.536599865" lon="-8.165204897" /><trkpt lat="41.536579662" lon="-8.165202443" /><trkpt lat="41.536560513" lon="-8.165200156" /><trkpt lat="41.536542360" lon="-8.165198048" /><trkpt lat="41.536525149" lon="-8.165196131" /><trkpt lat="41.536508824" lon="-8.165194416" /><trkpt lat="41.536493328" lon="-8.165192916" /><trkpt lat="41.536478607" lon="-8.165191642" /><trkpt lat="41.536464604" lon="-8.165190607" /><trkpt lat="41.536451263" lon="-8.165189823" /><trkpt lat="41.536438530" lon="-8.165189300" /><trkpt lat="41.536426347" lon="-8.165189052" /><trkpt lat="41.536414659" lon="-8.165189089" /><trkpt lat="41.536403411" lon="-8.165189425" /><trkpt lat="41.536392547" lon="-8.165190071" /><trkpt lat="41.536382010" lon="-8.165191038" /><trkpt lat="41.536371746" lon="-8.165192340" /><trkpt lat="41.536361698" lon="-8.165193987" /><trkpt lat="41.536351811" lon="-8.165195992" /><trkpt lat="41.536342028" lon="-8.165198366" /><trkpt lat="41.536332295" lon="-8.165201122" /><trkpt lat="41.536322555" lon="-8.165204271" /><trkpt lat="41.536312752" lon="-8.165207825" /><trkpt lat="41.536302831" lon="-8.165211797" /><trkpt lat="41.536292736" lon="-8.165216198" /><trkpt lat="41.536282412" lon="-8.165221039" /><trkpt lat="41.536271802" lon="-8.165226334" /><trkpt lat="41.536260850" lon="-8.165232094" /><trkpt lat="41.536249502" lon="-8.165238331" /><trkpt lat="41.536237700" lon="-8.165245056" /><trkpt lat="41.536225829" lon="-8.165252122" /><trkpt lat="41.536214311" lon="-8.165259386" /><trkpt lat="41.536203151" lon="-8.165266865" /><trkpt lat="41.536192356" lon="-8.165274579" /><trkpt lat="41.536181930" lon="-8.165282545" /><trkpt lat="41.536171879" lon="-8.165290782" /><trkpt lat="41.536162208" lon="-8.165299310" /><trkpt lat="41.536152922" lon="-8.165308145" /><trkpt lat="41.536144028" lon="-8.165317307" /><trkpt lat="41.536135529" lon="-8.165326814" /><trkpt lat="41.536127432" lon="-8.165336684" /><trkpt lat="41.536119742" lon="-8.165346937" /><trkpt lat="41.536112464" lon="-8.165357590" /><trkpt lat="41.536105604" lon="-8.165368663" /><trkpt lat="41.536099167" lon="-8.165380172" /><trkpt lat="41.536093158" lon="-8.165392138" /><trkpt lat="41.536087583" lon="-8.165404578" /><trkpt lat="41.536082446" lon="-8.165417511" /><trkpt lat="41.536077755" lon="-8.165430956" /><trkpt lat="41.536073512" lon="-8.165444930" /><trkpt lat="41.536069725" lon="-8.165459453" /><trkpt lat="41.536066399" lon="-8.165474543" /><trkpt lat="41.536063538" lon="-8.165490218" /><trkpt lat="41.536061148" lon="-8.165506496" /><trkpt lat="41.536059235" lon="-8.165523397" /><trkpt lat="41.536057804" lon="-8.165540939" /><trkpt lat="41.536056860" lon="-8.165559140" /><trkpt lat="41.536056408" lon="-8.165578019" /><trkpt lat="41.536056455" lon="-8.165597594" /><trkpt lat="41.536057004" lon="-8.165617883" /><trkpt lat="41.536057794" lon="-8.165637930" /><trkpt lat="41.536058556" lon="-8.165656807" /><trkpt lat="41.536059291" lon="-8.165674580" /><trkpt lat="41.536059998" lon="-8.165691311" /><trkpt lat="41.536060676" lon="-8.165707067" /><trkpt lat="41.536061325" lon="-8.165721910" /><trkpt lat="41.536061945" lon="-8.165735906" /><trkpt lat="41.536062534" lon="-8.165749118" /><trkpt lat="41.536063094" lon="-8.165761612" /><trkpt lat="41.536063622" lon="-8.165773451" /><trkpt lat="41.536064120" lon="-8.165784701" /><trkpt lat="41.536064585" lon="-8.165795424" /><trkpt lat="41.536065019" lon="-8.165805686" /><trkpt lat="41.536065420" lon="-8.165815551" /><trkpt lat="41.536065788" lon="-8.165825084" /><trkpt lat="41.536066123" lon="-8.165834348" /><trkpt lat="41.536066423" lon="-8.165843409" /><trkpt lat="41.536066690" lon="-8.165852330" /><trkpt lat="41.536066921" lon="-8.165861176" /><trkpt lat="41.536067117" lon="-8.165870011" /><trkpt lat="41.536067278" lon="-8.165878900" /><trkpt lat="41.536067402" lon="-8.165887907" /><trkpt lat="41.536067490" lon="-8.165897096" /><trkpt lat="41.536067541" lon="-8.165906532" /><trkpt lat="41.536067554" lon="-8.165916279" /><trkpt lat="41.536067530" lon="-8.165926402" /><trkpt lat="41.536067467" lon="-8.165936964" /><trkpt lat="41.536067365" lon="-8.165948031" /><trkpt lat="41.536067224" lon="-8.165959666" /><trkpt lat="41.536067043" lon="-8.165971935" /><trkpt lat="41.536067226" lon="-8.165984671" /><trkpt lat="41.536068149" lon="-8.165997646" /><trkpt lat="41.536069765" lon="-8.166010832" /><trkpt lat="41.536072033" lon="-8.166024201" /><trkpt lat="41.536074907" lon="-8.166037723" /><trkpt lat="41.536078342" lon="-8.166051371" /><trkpt lat="41.536082296" lon="-8.166065115" /><trkpt lat="41.536086724" lon="-8.166078928" /><trkpt lat="41.536091581" lon="-8.166092779" /><trkpt lat="41.536096824" lon="-8.166106641" /><trkpt lat="41.536102409" lon="-8.166120486" /><trkpt lat="41.536108290" lon="-8.166134284" /><trkpt lat="41.536114424" lon="-8.166148006" /><trkpt lat="41.536120767" lon="-8.166161625" /><trkpt lat="41.536127275" lon="-8.166175112" /><trkpt lat="41.536133903" lon="-8.166188438" /><trkpt lat="41.536140608" lon="-8.166201574" /><trkpt lat="41.536147344" lon="-8.166214492" /><trkpt lat="41.536154069" lon="-8.166227164" /><trkpt lat="41.536160737" lon="-8.166239560" /><trkpt lat="41.536167305" lon="-8.166251652" /><trkpt lat="41.536173729" lon="-8.166263411" /><trkpt lat="41.536179963" lon="-8.166274809" /><trkpt lat="41.536185965" lon="-8.166285818" /><trkpt lat="41.536191690" lon="-8.166296408" /><trkpt lat="41.536197093" lon="-8.166306551" /><trkpt lat="41.536202131" lon="-8.166316218" /><trkpt lat="41.536206760" lon="-8.166325381" /><trkpt lat="41.536210935" lon="-8.166334011" /><trkpt lat="41.536214611" lon="-8.166342080" /><trkpt lat="41.536217839" lon="-8.166350177" /><trkpt lat="41.536220686" lon="-8.166358902" /><trkpt lat="41.536223143" lon="-8.166368238" /><trkpt lat="41.536225198" lon="-8.166378168" /><trkpt lat="41.536226839" lon="-8.166388677" /><trkpt lat="41.536228055" lon="-8.166399747" /><trkpt lat="41.536228835" lon="-8.166411363" /><trkpt lat="41.536229167" lon="-8.166423508" /><trkpt lat="41.536229040" lon="-8.166436165" /><trkpt lat="41.536228442" lon="-8.166449318" /><trkpt lat="41.536227363" lon="-8.166462952" /><trkpt lat="41.536225790" lon="-8.166477048" /><trkpt lat="41.536223713" lon="-8.166491592" /><trkpt lat="41.536221120" lon="-8.166506567" /><trkpt lat="41.536217999" lon="-8.166521955" /><trkpt lat="41.536214340" lon="-8.166537742" /><trkpt lat="41.536210131" lon="-8.166553910" /><trkpt lat="41.536205360" lon="-8.166570443" /><trkpt lat="41.536200016" lon="-8.166587325" /><trkpt lat="41.536194088" lon="-8.166604539" /><trkpt lat="41.536187564" lon="-8.166622069" /><trkpt lat="41.536180434" lon="-8.166639898" /><trkpt lat="41.536172684" lon="-8.166658011" /><trkpt lat="41.536164306" lon="-8.166676390" /><trkpt lat="41.536155286" lon="-8.166695020" /><trkpt lat="41.536145613" lon="-8.166713883" /><trkpt lat="41.536135277" lon="-8.166732965" /><trkpt lat="41.536124265" lon="-8.166752247" /><trkpt lat="41.536112567" lon="-8.166771714" /><trkpt lat="41.536100171" lon="-8.166791350" /></trkseg></trk></gpx>