<?xml version='1.0' encoding='utf-8'?>
<gpx version="1.1" creator="OpenTrack rally2gpx source authoring" xmlns="http://www.topografix.com/GPX/1/1"><metadata><name>SS 14+17 - Montim</name><link href="https://www.rally-maps.com/Rally-de-Portugal-2019" /><desc>Complete source route; Rally-Maps spline tangents expanded before GPX export. No source elevation is supplied.</desc></metadata><trk><trkseg><trkpt lat="41.428887737" lon="-8.114073873" /><trkpt lat="41.428876083" lon="-8.114091910" /><trkpt lat="41.428865236" lon="-8.114110065" /><trkpt lat="41.428855174" lon="-8.114128308" /><trkpt lat="41.428845874" lon="-8.114146614" /><trkpt lat="41.428837312" lon="-8.114164956" /><trkpt lat="41.428829465" lon="-8.114183307" /><trkpt lat="41.428822310" lon="-8.114201640" /><trkpt lat="41.428815823" lon="-8.114219928" /><trkpt lat="41.428809982" lon="-8.114238144" /><trkpt lat="41.428804762" lon="-8.114256263" /><trkpt lat="41.428800142" lon="-8.114274256" /><trkpt lat="41.428796097" lon="-8.114292097" /><trkpt lat="41.428792605" lon="-8.114309759" /><trkpt lat="41.428789642" lon="-8.114327216" /><trkpt lat="41.428787184" lon="-8.114344440" /><trkpt lat="41.428785210" lon="-8.114361405" /><trkpt lat="41.428783694" lon="-8.114378084" /><trkpt lat="41.428782615" lon="-8.114394450" /><trkpt lat="41.428781949" lon="-8.114410476" /><trkpt lat="41.428781672" lon="-8.114426136" /><trkpt lat="41.428781762" lon="-8.114441402" /><trkpt lat="41.428782196" lon="-8.114456248" /><trkpt lat="41.428782949" lon="-8.114470647" /><trkpt lat="41.428783999" lon="-8.114484572" /><trkpt lat="41.428785322" lon="-8.114497997" /><trkpt lat="41.428786896" lon="-8.114510894" /><trkpt lat="41.428788697" lon="-8.114523236" /><trkpt lat="41.428790701" lon="-8.114534998" /><trkpt lat="41.428792886" lon="-8.114546151" /><trkpt lat="41.428795228" lon="-8.114556670" /><trkpt lat="41.428797886" lon="-8.114566628" /><trkpt lat="41.428801020" lon="-8.114576107" /><trkpt lat="41.428804608" lon="-8.114585094" /><trkpt lat="41.428808631" lon="-8.114593574" /><trkpt lat="41.428813067" lon="-8.114601535" /><trkpt lat="41.428817897" lon="-8.114608963" /><trkpt lat="41.428823100" lon="-8.114615843" /><trkpt lat="41.428828654" lon="-8.114622162" /><trkpt lat="41.428834541" lon="-8.114627907" /><trkpt lat="41.428840738" lon="-8.114633063" /><trkpt lat="41.428847226" lon="-8.114637618" /><trkpt lat="41.428853984" lon="-8.114641557" /><trkpt lat="41.428860991" lon="-8.114644866" /><trkpt lat="41.428868227" lon="-8.114647532" /><trkpt lat="41.428875671" lon="-8.114649542" /><trkpt lat="41.428883303" lon="-8.114650880" /><trkpt lat="41.428891102" lon="-8.114651535" /><trkpt lat="41.428899047" lon="-8.114651492" /><trkpt lat="41.428907119" lon="-8.114650737" /><trkpt lat="41.428915296" lon="-8.114649256" /><trkpt lat="41.428923558" lon="-8.114647036" /><trkpt lat="41.428931885" lon="-8.114644064" /><trkpt lat="41.428940255" lon="-8.114640325" /><trkpt lat="41.428948648" lon="-8.114635806" /><trkpt lat="41.428957044" lon="-8.114630493" /><trkpt lat="41.428965423" lon="-8.114624372" /><trkpt lat="41.428973762" lon="-8.114617430" /><trkpt lat="41.428982043" lon="-8.114609653" /><trkpt lat="41.428990244" lon="-8.114601027" /><trkpt lat="41.428998345" lon="-8.114591539" /><trkpt lat="41.429001833" lon="-8.114587203" /><trkpt lat="41.429005852" lon="-8.114582148" /><trkpt lat="41.429010389" lon="-8.114576392" /><trkpt lat="41.429015430" lon="-8.114569952" /><trkpt lat="41.429020960" lon="-8.114562849" /><trkpt lat="41.429026968" lon="-8.114555100" /><trkpt lat="41.429033438" lon="-8.114546724" /><trkpt lat="41.429040358" lon="-8.114537740" /><trkpt lat="41.429047714" lon="-8.114528165" /><trkpt lat="41.429055492" lon="-8.114518019" /><trkpt lat="41.429063678" lon="-8.114507319" /><trkpt lat="41.429072258" lon="-8.114496085" /><trkpt lat="41.429081220" lon="-8.114484335" /><trkpt lat="41.429090550" lon="-8.114472087" /><trkpt lat="41.429100233" lon="-8.114459360" /><trkpt lat="41.429110257" lon="-8.114446172" /><trkpt lat="41.429120607" lon="-8.114432542" /><trkpt lat="41.429131270" lon="-8.114418489" /><trkpt lat="41.429142232" lon="-8.114404030" /><trkpt lat="41.429153480" lon="-8.114389185" /><trkpt lat="41.429165000" lon="-8.114373972" /><trkpt lat="41.429176779" lon="-8.114358409" /><trkpt lat="41.429188802" lon="-8.114342515" /><trkpt lat="41.429201056" lon="-8.114326308" /><trkpt lat="41.429213528" lon="-8.114309808" /><trkpt lat="41.429226203" lon="-8.114293031" /><trkpt lat="41.429239068" lon="-8.114275998" /><trkpt lat="41.429252110" lon="-8.114258726" /><trkpt lat="41.429265315" lon="-8.114241234" /><trkpt lat="41.429278669" lon="-8.114223540" /><trkpt lat="41.429292159" lon="-8.114205663" /><trkpt lat="41.429305771" lon="-8.114187621" /><trkpt lat="41.429319490" lon="-8.114169434" /><trkpt lat="41.429333305" lon="-8.114151119" /><trkpt lat="41.429347200" lon="-8.114132694" /><trkpt lat="41.429361163" lon="-8.114114180" /><trkpt lat="41.429375180" lon="-8.114095593" /><trkpt lat="41.429389236" lon="-8.114076952" /><trkpt lat="41.429403320" lon="-8.114058276" /><trkpt lat="41.429417415" lon="-8.114039584" /><trkpt lat="41.429431510" lon="-8.114020894" /><trkpt lat="41.429445591" lon="-8.114002224" /><trkpt lat="41.429459643" lon="-8.113983593" /><trkpt lat="41.429473654" lon="-8.113965019" /><trkpt lat="41.429487609" lon="-8.113946521" /><trkpt lat="41.429501495" lon="-8.113928118" /><trkpt lat="41.429515298" lon="-8.113909828" /><trkpt lat="41.429529005" lon="-8.113891669" /><trkpt lat="41.429542602" lon="-8.113873660" /><trkpt lat="41.429556075" lon="-8.113855819" /><trkpt lat="41.429569412" lon="-8.113838165" /><trkpt lat="41.429582597" lon="-8.113820717" /><trkpt lat="41.429595617" lon="-8.113803493" /><trkpt lat="41.429608459" lon="-8.113786511" /><trkpt lat="41.429621110" lon="-8.113769790" /><trkpt lat="41.429633555" lon="-8.113753348" /><trkpt lat="41.429645781" lon="-8.113737204" /><trkpt lat="41.429657774" lon="-8.113721377" /><trkpt lat="41.429669520" lon="-8.113705885" /><trkpt lat="41.429681007" lon="-8.113690746" /><trkpt lat="41.429692220" lon="-8.113675979" /><trkpt lat="41.429703145" lon="-8.113661602" /><trkpt lat="41.429713769" lon="-8.113647635" /><trkpt lat="41.429724079" lon="-8.113634095" /><trkpt lat="41.429734061" lon="-8.113621000" /><trkpt lat="41.429743700" lon="-8.113608371" /><trkpt lat="41.429752984" lon="-8.113596224" /><trkpt lat="41.429761899" lon="-8.113584578" /><trkpt lat="41.429770431" lon="-8.113573453" /><trkpt lat="41.429778566" lon="-8.113562866" /><trkpt lat="41.429786292" lon="-8.113552836" /><trkpt lat="41.429793593" lon="-8.113543381" /><trkpt lat="41.429800457" lon="-8.113534521" /><trkpt lat="41.429806870" lon="-8.113526273" /><trkpt lat="41.429812818" lon="-8.113518655" /><trkpt lat="41.429826934" lon="-8.113500822" /><trkpt lat="41.429840746" lon="-8.113483782" /><trkpt lat="41.429854286" lon="-8.113467503" /><trkpt lat="41.429867584" lon="-8.113451955" /><trkpt lat="41.429880672" lon="-8.113437109" /><trkpt lat="41.429893581" lon="-8.113422933" /><trkpt lat="41.429906343" lon="-8.113409397" /><trkpt lat="41.429918989" lon="-8.113396471" /><trkpt lat="41.429931550" lon="-8.113384124" /><trkpt lat="41.429944057" lon="-8.113372326" /><trkpt lat="41.429956541" lon="-8.113361047" /><trkpt lat="41.429969035" lon="-8.113350255" /><trkpt lat="41.429981569" lon="-8.113339922" /><trkpt lat="41.429994174" lon="-8.113330016" /><trkpt lat="41.430006883" lon="-8.113320507" /><trkpt lat="41.430019725" lon="-8.113311365" /><trkpt lat="41.430032732" lon="-8.113302558" /><trkpt lat="41.430045937" lon="-8.113294058" /><trkpt lat="41.430059369" lon="-8.113285833" /><trkpt lat="41.430073060" lon="-8.113277853" /><trkpt lat="41.430087042" lon="-8.113270087" /><trkpt lat="41.430101346" lon="-8.113262506" /><trkpt lat="41.430116002" lon="-8.113255078" /><trkpt lat="41.430131043" lon="-8.113247774" /><trkpt lat="41.430146500" lon="-8.113240562" /><trkpt lat="41.430162403" lon="-8.113233414" /><trkpt lat="41.430178785" lon="-8.113226297" /><trkpt lat="41.430195676" lon="-8.113219182" /><trkpt lat="41.430213108" lon="-8.113212039" /><trkpt lat="41.430231112" lon="-8.113204837" /><trkpt lat="41.430246540" lon="-8.113198864" /><trkpt lat="41.430262310" lon="-8.113193012" /><trkpt lat="41.430278402" lon="-8.113187278" /><trkpt lat="41.430294794" lon="-8.113181661" /><trkpt lat="41.430311465" lon="-8.113176157" /><trkpt lat="41.430328395" lon="-8.113170763" /><trkpt lat="41.430345561" lon="-8.113165477" /><trkpt lat="41.430362945" lon="-8.113160295" /><trkpt lat="41.430380524" lon="-8.113155216" /><trkpt lat="41.430398277" lon="-8.113150236" /><trkpt lat="41.430416184" lon="-8.113145353" /><trkpt lat="41.430434224" lon="-8.113140563" /><trkpt lat="41.430452376" lon="-8.113135865" /><trkpt lat="41.430470618" lon="-8.113131255" /><trkpt lat="41.430488930" lon="-8.113126730" /><trkpt lat="41.430507291" lon="-8.113122288" /><trkpt lat="41.430525680" lon="-8.113117926" /><trkpt lat="41.430544075" lon="-8.113113642" /><trkpt lat="41.430562457" lon="-8.113109432" /><trkpt lat="41.430580804" lon="-8.113105293" /><trkpt lat="41.430599095" lon="-8.113101224" /><trkpt lat="41.430617310" lon="-8.113097221" /><trkpt lat="41.430635426" lon="-8.113093281" /><trkpt lat="41.430653424" lon="-8.113089403" /><trkpt lat="41.430671282" lon="-8.113085582" /><trkpt lat="41.430688980" lon="-8.113081816" /><trkpt lat="41.430706496" lon="-8.113078102" /><trkpt lat="41.430723809" lon="-8.113074439" /><trkpt lat="41.430740899" lon="-8.113070822" /><trkpt lat="41.430757745" lon="-8.113067249" /><trkpt lat="41.430774325" lon="-8.113063718" /><trkpt lat="41.430790619" lon="-8.113060226" /><trkpt lat="41.430806606" lon="-8.113056769" /><trkpt lat="41.430822264" lon="-8.113053345" /><trkpt lat="41.430837574" lon="-8.113049952" /><trkpt lat="41.430852513" lon="-8.113046587" /><trkpt lat="41.430863740" lon="-8.113044027" /><trkpt lat="41.430875728" lon="-8.113041282" /><trkpt lat="41.430888446" lon="-8.113038359" /><trkpt lat="41.430901862" lon="-8.113035266" /><trkpt lat="41.430915943" lon="-8.113032011" /><trkpt lat="41.430930658" lon="-8.113028604" /><trkpt lat="41.430945975" lon="-8.113025051" /><trkpt lat="41.430961860" lon="-8.113021361" /><trkpt lat="41.430978283" lon="-8.113017542" /><trkpt lat="41.430995211" lon="-8.113013603" /><trkpt lat="41.431012612" lon="-8.113009551" /><trkpt lat="41.431030454" lon="-8.113005396" /><trkpt lat="41.431048705" lon="-8.113001144" /><trkpt lat="41.431067332" lon="-8.112996805" /><trkpt lat="41.431086304" lon="-8.112992387" /><trkpt lat="41.431105588" lon="-8.112987897" /><trkpt lat="41.431125153" lon="-8.112983344" /><trkpt lat="41.431144966" lon="-8.112978736" /><trkpt lat="41.431164995" lon="-8.112974082" /><trkpt lat="41.431185209" lon="-8.112969389" /><trkpt lat="41.431205574" lon="-8.112964666" /><trkpt lat="41.431226059" lon="-8.112959921" /><trkpt lat="41.431246632" lon="-8.112955162" /><trkpt lat="41.431267261" lon="-8.112950397" /><trkpt lat="41.431287913" lon="-8.112945635" /><trkpt lat="41.431308557" lon="-8.112940884" /><trkpt lat="41.431329160" lon="-8.112936152" /><trkpt lat="41.431349691" lon="-8.112931447" /><trkpt lat="41.431370116" lon="-8.112926778" /><trkpt lat="41.431390405" lon="-8.112922152" /><trkpt lat="41.431410525" lon="-8.112917578" /><trkpt lat="41.431430443" lon="-8.112913064" /><trkpt lat="41.431450129" lon="-8.112908618" /><trkpt lat="41.431469549" lon="-8.112904249" /><trkpt lat="41.431488671" lon="-8.112899964" /><trkpt lat="41.431507465" lon="-8.112895773" /><trkpt lat="41.431525896" lon="-8.112891682" /><trkpt lat="41.431543934" lon="-8.112887701" /><trkpt lat="41.431561546" lon="-8.112883837" /><trkpt lat="41.431578700" lon="-8.112880099" /><trkpt lat="41.431595364" lon="-8.112876495" /><trkpt lat="41.431611505" lon="-8.112873033" /><trkpt lat="41.431627093" lon="-8.112869721" /><trkpt lat="41.431642094" lon="-8.112866568" /><trkpt lat="41.431656477" lon="-8.112863581" /><trkpt lat="41.431670210" lon="-8.112860770" /><trkpt lat="41.431683259" lon="-8.112858142" /><trkpt lat="41.431695594" lon="-8.112855705" /><trkpt lat="41.431707182" lon="-8.112853467" /><trkpt lat="41.431718569" lon="-8.112851242" /><trkpt lat="41.431730747" lon="-8.112848757" /><trkpt lat="41.431743681" lon="-8.112846025" /><trkpt lat="41.431757338" lon="-8.112843056" /><trkpt lat="41.431771682" lon="-8.112839861" /><trkpt lat="41.431786680" lon="-8.112836451" /><trkpt lat="41.431802297" lon="-8.112832839" /><trkpt lat="41.431818499" lon="-8.112829035" /><trkpt lat="41.431835251" lon="-8.112825049" /><trkpt lat="41.431852519" lon="-8.112820895" /><trkpt lat="41.431870269" lon="-8.112816582" /><trkpt lat="41.431888466" lon="-8.112812121" /><trkpt lat="41.431907076" lon="-8.112807525" /><trkpt lat="41.431926065" lon="-8.112802804" /><trkpt lat="41.431945397" lon="-8.112797970" /><trkpt lat="41.431965040" lon="-8.112793033" /><trkpt lat="41.431984958" lon="-8.112788005" /><trkpt lat="41.432005117" lon="-8.112782897" /><trkpt lat="41.432025483" lon="-8.112777720" /><trkpt lat="41.432046022" lon="-8.112772486" /><trkpt lat="41.432066698" lon="-8.112767206" /><trkpt lat="41.432087478" lon="-8.112761890" /><trkpt lat="41.432108328" lon="-8.112756550" /><trkpt lat="41.432129212" lon="-8.112751198" /><trkpt lat="41.432150097" lon="-8.112745844" /><trkpt lat="41.432170948" lon="-8.112740500" /><trkpt lat="41.432191731" lon="-8.112735176" /><trkpt lat="41.432212412" lon="-8.112729885" /><trkpt lat="41.432232955" lon="-8.112724637" /><trkpt lat="41.432253327" lon="-8.112719443" /><trkpt lat="41.432273494" lon="-8.112714315" /><trkpt lat="41.432293421" lon="-8.112709264" /><trkpt lat="41.432313073" lon="-8.112704301" /><trkpt lat="41.432332417" lon="-8.112699437" /><trkpt lat="41.432351418" lon="-8.112694683" /><trkpt lat="41.432370041" lon="-8.112690052" /><trkpt lat="41.432388253" lon="-8.112685553" /><trkpt lat="41.432406018" lon="-8.112681198" /><trkpt lat="41.432423303" lon="-8.112676999" /><trkpt lat="41.432440073" lon="-8.112672966" /><trkpt lat="41.432456294" lon="-8.112669110" /><trkpt lat="41.432471931" lon="-8.112665444" /><trkpt lat="41.432486950" lon="-8.112661977" /><trkpt lat="41.432501317" lon="-8.112658722" /><trkpt lat="41.432514997" lon="-8.112655689" /><trkpt lat="41.432527956" lon="-8.112652890" /><trkpt lat="41.432540160" lon="-8.112650336" /><trkpt lat="41.432551574" lon="-8.112648038" /><trkpt lat="41.432562164" lon="-8.112646007" /><trkpt lat="41.432571895" lon="-8.112644255" /><trkpt lat="41.432580326" lon="-8.112642728" /><trkpt lat="41.432589583" lon="-8.112640928" /><trkpt lat="41.432599638" lon="-8.112638862" /><trkpt lat="41.432610464" lon="-8.112636541" /><trkpt lat="41.432622031" lon="-8.112633972" /><trkpt lat="41.432634313" lon="-8.112631165" /><trkpt lat="41.432647282" lon="-8.112628128" /><trkpt lat="41.432660909" lon="-8.112624870" /><trkpt lat="41.432675168" lon="-8.112621400" /><trkpt lat="41.432690029" lon="-8.112617726" /><trkpt lat="41.432705466" lon="-8.112613857" /><trkpt lat="41.432721451" lon="-8.112609803" /><trkpt lat="41.432737955" lon="-8.112605571" /><trkpt lat="41.432754951" lon="-8.112601170" /><trkpt lat="41.432772412" lon="-8.112596609" /><trkpt lat="41.432790308" lon="-8.112591898" /><trkpt lat="41.432808613" lon="-8.112587044" /><trkpt lat="41.432827298" lon="-8.112582056" /><trkpt lat="41.432846336" lon="-8.112576944" /><trkpt lat="41.432865699" lon="-8.112571715" /><trkpt lat="41.432885359" lon="-8.112566379" /><trkpt lat="41.432905288" lon="-8.112560944" /><trkpt lat="41.432925459" lon="-8.112555420" /><trkpt lat="41.432945843" lon="-8.112549814" /><trkpt lat="41.432966413" lon="-8.112544136" /><trkpt lat="41.432987141" lon="-8.112538394" /><trkpt lat="41.433007999" lon="-8.112532597" /><trkpt lat="41.433028960" lon="-8.112526754" /><trkpt lat="41.433049995" lon="-8.112520874" /><trkpt lat="41.433071076" lon="-8.112514964" /><trkpt lat="41.433092176" lon="-8.112509035" /><trkpt lat="41.433113267" lon="-8.112503095" /><trkpt lat="41.433134322" lon="-8.112497152" /><trkpt lat="41.433155311" lon="-8.112491216" /><trkpt lat="41.433176209" lon="-8.112485294" /><trkpt lat="41.433196985" lon="-8.112479396" /><trkpt lat="41.433217614" lon="-8.112473531" /><trkpt lat="41.433238067" lon="-8.112467707" /><trkpt lat="41.433258315" lon="-8.112461933" /><trkpt lat="41.433278333" lon="-8.112456218" /><trkpt lat="41.433298090" lon="-8.112450570" /><trkpt lat="41.433317561" lon="-8.112444998" /><trkpt lat="41.433336716" lon="-8.112439512" /><trkpt lat="41.433355528" lon="-8.112434119" /><trkpt lat="41.433373970" lon="-8.112428828" /><trkpt lat="41.433392013" lon="-8.112423649" /><trkpt lat="41.433409629" lon="-8.112418590" /><trkpt lat="41.433426791" lon="-8.112413659" /><trkpt lat="41.433443471" lon="-8.112408866" /><trkpt lat="41.433459641" lon="-8.112404218" /><trkpt lat="41.433475274" lon="-8.112399726" /><trkpt lat="41.433490340" lon="-8.112395398" /><trkpt lat="41.433504814" lon="-8.112391241" /><trkpt lat="41.433518666" lon="-8.112387266" /><trkpt lat="41.433531869" lon="-8.112383481" /><trkpt lat="41.433544395" lon="-8.112379894" /><trkpt lat="41.433556217" lon="-8.112376515" /><trkpt lat="41.433567305" lon="-8.112373352" /><trkpt lat="41.433585879" lon="-8.112367920" /><trkpt lat="41.433603954" lon="-8.112362346" /><trkpt lat="41.433621556" lon="-8.112356624" /><trkpt lat="41.433638708" lon="-8.112350744" /><trkpt lat="41.433655433" lon="-8.112344700" /><trkpt lat="41.433671755" lon="-8.112338481" /><trkpt lat="41.433687697" lon="-8.112332082" /><trkpt lat="41.433703283" lon="-8.112325493" /><trkpt lat="41.433718537" lon="-8.112318706" /><trkpt lat="41.433733481" lon="-8.112311714" /><trkpt lat="41.433748139" lon="-8.112304509" /><trkpt lat="41.433762535" lon="-8.112297081" /><trkpt lat="41.433776692" lon="-8.112289424" /><trkpt lat="41.433790634" lon="-8.112281530" /><trkpt lat="41.433804385" lon="-8.112273389" /><trkpt lat="41.433817967" lon="-8.112264994" /><trkpt lat="41.433831404" lon="-8.112256338" /><trkpt lat="41.433844721" lon="-8.112247411" /><trkpt lat="41.433857939" lon="-8.112238206" /><trkpt lat="41.433871084" lon="-8.112228716" /><trkpt lat="41.433884177" lon="-8.112218931" /><trkpt lat="41.433897244" lon="-8.112208843" /><trkpt lat="41.433910306" lon="-8.112198446" /><trkpt lat="41.433923389" lon="-8.112187729" /><trkpt lat="41.433936515" lon="-8.112176687" /><trkpt lat="41.433949708" lon="-8.112165310" /><trkpt lat="41.433962991" lon="-8.112153590" /><trkpt lat="41.433976388" lon="-8.112141520" /><trkpt lat="41.433989922" lon="-8.112129091" /><trkpt lat="41.434003617" lon="-8.112116295" /><trkpt lat="41.434017496" lon="-8.112103125" /><trkpt lat="41.434031583" lon="-8.112089571" /><trkpt lat="41.434045902" lon="-8.112075627" /><trkpt lat="41.434058480" lon="-8.112063329" /><trkpt lat="41.434071127" lon="-8.112050999" /><trkpt lat="41.434083836" lon="-8.112038641" /><trkpt lat="41.434096602" lon="-8.112026254" /><trkpt lat="41.434109417" lon="-8.112013843" /><trkpt lat="41.434122276" lon="-8.112001409" /><trkpt lat="41.434135171" lon="-8.111988953" /><trkpt lat="41.434148097" lon="-8.111976479" /><trkpt lat="41.434161047" lon="-8.111963987" /><trkpt lat="41.434174015" lon="-8.111951480" /><trkpt lat="41.434186995" lon="-8.111938961" /><trkpt lat="41.434199979" lon="-8.111926430" /><trkpt lat="41.434212962" lon="-8.111913891" /><trkpt lat="41.434225938" lon="-8.111901345" /><trkpt lat="41.434238899" lon="-8.111888795" /><trkpt lat="41.434251840" lon="-8.111876242" /><trkpt lat="41.434264755" lon="-8.111863688" /><trkpt lat="41.434277635" lon="-8.111851135" /><trkpt lat="41.434290477" lon="-8.111838587" /><trkpt lat="41.434303272" lon="-8.111826043" /><trkpt lat="41.434316015" lon="-8.111813508" /><trkpt lat="41.434328700" lon="-8.111800982" /><trkpt lat="41.434341319" lon="-8.111788468" /><trkpt lat="41.434353867" lon="-8.111775967" /><trkpt lat="41.434366337" lon="-8.111763483" /><trkpt lat="41.434378722" lon="-8.111751016" /><trkpt lat="41.434391017" lon="-8.111738569" /><trkpt lat="41.434403216" lon="-8.111726144" /><trkpt lat="41.434415311" lon="-8.111713744" /><trkpt lat="41.434427296" lon="-8.111701369" /><trkpt lat="41.434439165" lon="-8.111689022" /><trkpt lat="41.434450911" lon="-8.111676706" /><trkpt lat="41.434462529" lon="-8.111664422" /><trkpt lat="41.434474011" lon="-8.111652173" /><trkpt lat="41.434485352" lon="-8.111639959" /><trkpt lat="41.434496545" lon="-8.111627784" /><trkpt lat="41.434507584" lon="-8.111615650" /><trkpt lat="41.434518461" lon="-8.111603558" /><trkpt lat="41.434524449" lon="-8.111596805" /><trkpt lat="41.434530849" lon="-8.111589478" /><trkpt lat="41.434537649" lon="-8.111581592" /><trkpt lat="41.434544839" lon="-8.111573163" /><trkpt lat="41.434552405" lon="-8.111564207" /><trkpt lat="41.434560338" lon="-8.111554740" /><trkpt lat="41.434568626" lon="-8.111544778" /><trkpt lat="41.434577256" lon="-8.111534337" /><trkpt lat="41.434586218" lon="-8.111523433" /><trkpt lat="41.434595499" lon="-8.111512081" /><trkpt lat="41.434605089" lon="-8.111500298" /><trkpt lat="41.434614976" lon="-8.111488099" /><trkpt lat="41.434625148" lon="-8.111475501" /><trkpt lat="41.434635594" lon="-8.111462519" /><trkpt lat="41.434646302" lon="-8.111449169" /><trkpt lat="41.434657260" lon="-8.111435467" /><trkpt lat="41.434668458" lon="-8.111421430" /><trkpt lat="41.434679884" lon="-8.111407072" /><trkpt lat="41.434691525" lon="-8.111392410" /><trkpt lat="41.434703372" lon="-8.111377460" /><trkpt lat="41.434715411" lon="-8.111362238" /><trkpt lat="41.434727632" lon="-8.111346760" /><trkpt lat="41.434740023" lon="-8.111331041" /><trkpt lat="41.434752572" lon="-8.111315098" /><trkpt lat="41.434765268" lon="-8.111298946" /><trkpt lat="41.434778100" lon="-8.111282601" /><trkpt lat="41.434791055" lon="-8.111266080" /><trkpt lat="41.434804123" lon="-8.111249397" /><trkpt lat="41.434817292" lon="-8.111232570" /><trkpt lat="41.434830550" lon="-8.111215614" /><trkpt lat="41.434843886" lon="-8.111198545" /><trkpt lat="41.434857288" lon="-8.111181378" /><trkpt lat="41.434870744" lon="-8.111164131" /><trkpt lat="41.434884244" lon="-8.111146818" /><trkpt lat="41.434897776" lon="-8.111129455" /><trkpt lat="41.434911327" lon="-8.111112059" /><trkpt lat="41.434924888" lon="-8.111094646" /><trkpt lat="41.434938445" lon="-8.111077231" /><trkpt lat="41.434951988" lon="-8.111059830" /><trkpt lat="41.434965505" lon="-8.111042459" /><trkpt lat="41.434978984" lon="-8.111025134" /><trkpt lat="41.434992414" lon="-8.111007872" /><trkpt lat="41.435005784" lon="-8.110990687" /><trkpt lat="41.435019082" lon="-8.110973596" /><trkpt lat="41.435032296" lon="-8.110956615" /><trkpt lat="41.435045415" lon="-8.110939760" /><trkpt lat="41.435058427" lon="-8.110923046" /><trkpt lat="41.435071321" lon="-8.110906489" /><trkpt lat="41.435084085" lon="-8.110890106" /><trkpt lat="41.435096708" lon="-8.110873913" /><trkpt lat="41.435109178" lon="-8.110857925" /><trkpt lat="41.435121483" lon="-8.110842157" /><trkpt lat="41.435133613" lon="-8.110826627" /><trkpt lat="41.435145556" lon="-8.110811350" /><trkpt lat="41.435157299" lon="-8.110796342" /><trkpt lat="41.435168832" lon="-8.110781619" /><trkpt lat="41.435180143" lon="-8.110767197" /><trkpt lat="41.435191221" lon="-8.110753091" /><trkpt lat="41.435202054" lon="-8.110739318" /><trkpt lat="41.435212630" lon="-8.110725893" /><trkpt lat="41.435222937" lon="-8.110712833" /><trkpt lat="41.435232966" lon="-8.110700153" /><trkpt lat="41.435242703" lon="-8.110687869" /><trkpt lat="41.435252137" lon="-8.110675998" /><trkpt lat="41.435261257" lon="-8.110664555" /><trkpt lat="41.435270052" lon="-8.110653555" /><trkpt lat="41.435278509" lon="-8.110643016" /><trkpt lat="41.435286618" lon="-8.110632952" /><trkpt lat="41.435294366" lon="-8.110623381" /><trkpt lat="41.435301742" lon="-8.110614317" /><trkpt lat="41.435308735" lon="-8.110605776" /><trkpt lat="41.435314228" lon="-8.110599069" /><trkpt lat="41.435320096" lon="-8.110591863" /><trkpt lat="41.435326331" lon="-8.110584171" /><trkpt lat="41.435332923" lon="-8.110576004" /><trkpt lat="41.435339865" lon="-8.110567373" /><trkpt lat="41.435347147" lon="-8.110558289" /><trkpt lat="41.435354762" lon="-8.110548764" /><trkpt lat="41.435362701" lon="-8.110538809" /><trkpt lat="41.435370955" lon="-8.110528435" /><trkpt lat="41.435379516" lon="-8.110517654" /><trkpt lat="41.435388375" lon="-8.110506478" /><trkpt lat="41.435397525" lon="-8.110494916" /><trkpt lat="41.435406956" lon="-8.110482981" /><trkpt lat="41.435416660" lon="-8.110470684" /><trkpt lat="41.435426629" lon="-8.110458037" /><trkpt lat="41.435436854" lon="-8.110445050" /><trkpt lat="41.435447326" lon="-8.110431735" /><trkpt lat="41.435458038" lon="-8.110418103" /><trkpt lat="41.435468980" lon="-8.110404166" /><trkpt lat="41.435480145" lon="-8.110389934" /><trkpt lat="41.435491524" lon="-8.110375420" /><trkpt lat="41.435503108" lon="-8.110360634" /><trkpt lat="41.435514888" lon="-8.110345589" /><trkpt lat="41.435526857" lon="-8.110330294" /><trkpt lat="41.435539006" lon="-8.110314762" /><trkpt lat="41.435551327" lon="-8.110299004" /><trkpt lat="41.435563810" lon="-8.110283030" /><trkpt lat="41.435576448" lon="-8.110266854" /><trkpt lat="41.435589232" lon="-8.110250484" /><trkpt lat="41.435602153" lon="-8.110233934" /><trkpt lat="41.435615204" lon="-8.110217215" /><trkpt lat="41.435628375" lon="-8.110200337" /><trkpt lat="41.435641658" lon="-8.110183312" /><trkpt lat="41.435655045" lon="-8.110166152" /><trkpt lat="41.435668528" lon="-8.110148867" /><trkpt lat="41.435682097" lon="-8.110131469" /><trkpt lat="41.435695744" lon="-8.110113969" /><trkpt lat="41.435709461" lon="-8.110096379" /><trkpt lat="41.435723239" lon="-8.110078711" /><trkpt lat="41.435737071" lon="-8.110060974" /><trkpt lat="41.435750946" lon="-8.110043181" /><trkpt lat="41.435764858" lon="-8.110025342" /><trkpt lat="41.435778797" lon="-8.110007470" /><trkpt lat="41.435792755" lon="-8.109989576" /><trkpt lat="41.435806724" lon="-8.109971670" /><trkpt lat="41.435820694" lon="-8.109953765" /><trkpt lat="41.435834658" lon="-8.109935871" /><trkpt lat="41.435848608" lon="-8.109918000" /><trkpt lat="41.435862534" lon="-8.109900162" /><trkpt lat="41.435876428" lon="-8.109882371" /><trkpt lat="41.435890281" lon="-8.109864636" /><trkpt lat="41.435904087" lon="-8.109846969" /><trkpt lat="41.435917834" lon="-8.109829382" /><trkpt lat="41.435931516" lon="-8.109811885" /><trkpt lat="41.435945124" lon="-8.109794491" /><trkpt lat="41.435958650" lon="-8.109777209" /><trkpt lat="41.435972084" lon="-8.109760053" /><trkpt lat="41.435985418" lon="-8.109743032" /><trkpt lat="41.435998645" lon="-8.109726159" /><trkpt lat="41.436011755" lon="-8.109709444" /><trkpt lat="41.436024740" lon="-8.109692900" /><trkpt lat="41.436037591" lon="-8.109676536" /><trkpt lat="41.436050301" lon="-8.109660365" /><trkpt lat="41.436062860" lon="-8.109644398" /><trkpt lat="41.436075260" lon="-8.109628647" /><trkpt lat="41.436087493" lon="-8.109613122" /><trkpt lat="41.436099550" lon="-8.109597834" /><trkpt lat="41.436111423" lon="-8.109582796" /><trkpt lat="41.436123103" lon="-8.109568019" /><trkpt lat="41.436134582" lon="-8.109553513" /><trkpt lat="41.436145851" lon="-8.109539290" /><trkpt lat="41.436156903" lon="-8.109525362" /><trkpt lat="41.436167727" lon="-8.109511740" /><trkpt lat="41.436178316" lon="-8.109498434" /><trkpt lat="41.436188662" lon="-8.109485457" /><trkpt lat="41.436198756" lon="-8.109472820" /><trkpt lat="41.436208589" lon="-8.109460534" /><trkpt lat="41.436218153" lon="-8.109448610" /><trkpt lat="41.436227440" lon="-8.109437060" /><trkpt lat="41.436236441" lon="-8.109425895" /><trkpt lat="41.436245147" lon="-8.109415126" /><trkpt lat="41.436253551" lon="-8.109404765" /><trkpt lat="41.436261643" lon="-8.109394823" /><trkpt lat="41.436269416" lon="-8.109385311" /><trkpt lat="41.436276860" lon="-8.109376241" /><trkpt lat="41.436283967" lon="-8.109367624" /><trkpt lat="41.436290730" lon="-8.109359471" /><trkpt lat="41.436297138" lon="-8.109351793" /><trkpt lat="41.436303185" lon="-8.109344602" /><trkpt lat="41.436308861" lon="-8.109337910" /><trkpt lat="41.436314157" lon="-8.109331727" /><trkpt lat="41.436329110" lon="-8.109314279" /><trkpt lat="41.436343047" lon="-8.109297825" /><trkpt lat="41.436356041" lon="-8.109282283" /><trkpt lat="41.436368162" lon="-8.109267575" /><trkpt lat="41.436379482" lon="-8.109253620" /><trkpt lat="41.436390070" lon="-8.109240339" /><trkpt lat="41.436400000" lon="-8.109227651" /><trkpt lat="41.436409340" lon="-8.109215477" /><trkpt lat="41.436418164" lon="-8.109203737" /><trkpt lat="41.436426541" lon="-8.109192352" /><trkpt lat="41.436434542" lon="-8.109181240" /><trkpt lat="41.436442239" lon="-8.109170322" /><trkpt lat="41.436449703" lon="-8.109159519" /><trkpt lat="41.436457005" lon="-8.109148751" /><trkpt lat="41.436464216" lon="-8.109137937" /><trkpt lat="41.436471406" lon="-8.109126999" /><trkpt lat="41.436478647" lon="-8.109115855" /><trkpt lat="41.436486011" lon="-8.109104426" /><trkpt lat="41.436493567" lon="-8.109092632" /><trkpt lat="41.436501388" lon="-8.109080394" /><trkpt lat="41.436509543" lon="-8.109067631" /><trkpt lat="41.436518105" lon="-8.109054264" /><trkpt lat="41.436527144" lon="-8.109040213" /><trkpt lat="41.436536732" lon="-8.109025397" /><trkpt lat="41.436546938" lon="-8.109009738" /><trkpt lat="41.436557836" lon="-8.108993154" /><trkpt lat="41.436569494" lon="-8.108975567" /><trkpt lat="41.436581985" lon="-8.108956896" /><trkpt lat="41.436595380" lon="-8.108937062" /><trkpt lat="41.436609749" lon="-8.108915985" /><trkpt lat="41.436618201" lon="-8.108903486" /><trkpt lat="41.436626710" lon="-8.108890597" /><trkpt lat="41.436635271" lon="-8.108877333" /><trkpt lat="41.436643883" lon="-8.108863710" /><trkpt lat="41.436652540" lon="-8.108849745" /><trkpt lat="41.436661239" lon="-8.108835453" /><trkpt lat="41.436669977" lon="-8.108820850" /><trkpt lat="41.436678750" lon="-8.108805952" /><trkpt lat="41.436687555" lon="-8.108790775" /><trkpt lat="41.436696388" lon="-8.108775336" /><trkpt lat="41.436705245" lon="-8.108759650" /><trkpt lat="41.436714123" lon="-8.108743733" /><trkpt lat="41.436723019" lon="-8.108727601" /><trkpt lat="41.436731928" lon="-8.108711270" /><trkpt lat="41.436740848" lon="-8.108694757" /><trkpt lat="41.436749774" lon="-8.108678077" /><trkpt lat="41.436758703" lon="-8.108661246" /><trkpt lat="41.436767632" lon="-8.108644280" /><trkpt lat="41.436776557" lon="-8.108627195" /><trkpt lat="41.436785474" lon="-8.108610008" /><trkpt lat="41.436794380" lon="-8.108592734" /><trkpt lat="41.436803271" lon="-8.108575389" /><trkpt lat="41.436812144" lon="-8.108557989" /><trkpt lat="41.436820995" lon="-8.108540551" /><trkpt lat="41.436829821" lon="-8.108523089" /><trkpt lat="41.436838617" lon="-8.108505621" /><trkpt lat="41.436847381" lon="-8.108488162" /><trkpt lat="41.436856109" lon="-8.108470728" /><trkpt lat="41.436864797" lon="-8.108453336" /><trkpt lat="41.436873442" lon="-8.108436000" /><trkpt lat="41.436882040" lon="-8.108418738" /><trkpt lat="41.436890588" lon="-8.108401565" /><trkpt lat="41.436899081" lon="-8.108384497" /><trkpt lat="41.436907517" lon="-8.108367550" /><trkpt lat="41.436915892" lon="-8.108350741" /><trkpt lat="41.436924203" lon="-8.108334084" /><trkpt lat="41.436932445" lon="-8.108317597" /><trkpt lat="41.436940615" lon="-8.108301295" /><trkpt lat="41.436948710" lon="-8.108285194" /><trkpt lat="41.436956726" lon="-8.108269311" /><trkpt lat="41.436964659" lon="-8.108253660" /><trkpt lat="41.436972507" lon="-8.108238259" /><trkpt lat="41.436980264" lon="-8.108223123" /><trkpt lat="41.436987929" lon="-8.108208268" /><trkpt lat="41.436995497" lon="-8.108193710" /><trkpt lat="41.437002964" lon="-8.108179465" /><trkpt lat="41.437010328" lon="-8.108165549" /><trkpt lat="41.437017584" lon="-8.108151979" /><trkpt lat="41.437024729" lon="-8.108138770" /><trkpt lat="41.437031759" lon="-8.108125938" /><trkpt lat="41.437038672" lon="-8.108113499" /><trkpt lat="41.437045463" lon="-8.108101469" /><trkpt lat="41.437052128" lon="-8.108089864" /><trkpt lat="41.437056880" lon="-8.108081643" /><trkpt lat="41.437061923" lon="-8.108072871" /><trkpt lat="41.437067249" lon="-8.108063561" /><trkpt lat="41.437072852" lon="-8.108053729" /><trkpt lat="41.437078723" lon="-8.108043388" /><trkpt lat="41.437084854" lon="-8.108032554" /><trkpt lat="41.437091240" lon="-8.108021239" /><trkpt lat="41.437097871" lon="-8.108009459" /><trkpt lat="41.437104740" lon="-8.107997228" /><trkpt lat="41.437111840" lon="-8.107984559" /><trkpt lat="41.437119163" lon="-8.107971469" /><trkpt lat="41.437126701" lon="-8.107957969" /><trkpt lat="41.437134448" lon="-8.107944076" /><trkpt lat="41.437142395" lon="-8.107929803" /><trkpt lat="41.437150535" lon="-8.107915165" /><trkpt lat="41.437158860" lon="-8.107900175" /><trkpt lat="41.437167363" lon="-8.107884849" /><trkpt lat="41.437176036" lon="-8.107869200" /><trkpt lat="41.437184872" lon="-8.107853243" /><trkpt lat="41.437193863" lon="-8.107836992" /><trkpt lat="41.437203002" lon="-8.107820461" /><trkpt lat="41.437212280" lon="-8.107803665" /><trkpt lat="41.437221691" lon="-8.107786618" /><trkpt lat="41.437231227" lon="-8.107769334" /><trkpt lat="41.437240880" lon="-8.107751828" /><trkpt lat="41.437250642" lon="-8.107734113" /><trkpt lat="41.437260507" lon="-8.107716205" /><trkpt lat="41.437270467" lon="-8.107698117" /><trkpt lat="41.437280514" lon="-8.107679864" /><trkpt lat="41.437290640" lon="-8.107661460" /><trkpt lat="41.437300838" lon="-8.107642919" /><trkpt lat="41.437311100" lon="-8.107624256" /><trkpt lat="41.437321420" lon="-8.107605484" /><trkpt lat="41.437331788" lon="-8.107586619" /><trkpt lat="41.437342199" lon="-8.107567675" /><trkpt lat="41.437352643" lon="-8.107548665" /><trkpt lat="41.437363114" lon="-8.107529604" /><trkpt lat="41.437373604" lon="-8.107510507" /><trkpt lat="41.437384106" lon="-8.107491388" /><trkpt lat="41.437394612" lon="-8.107472260" /><trkpt lat="41.437405114" lon="-8.107453139" /><trkpt lat="41.437415604" lon="-8.107434038" /><trkpt lat="41.437426076" lon="-8.107414973" /><trkpt lat="41.437436522" lon="-8.107395956" /><trkpt lat="41.437446934" lon="-8.107377003" /><trkpt lat="41.437457304" lon="-8.107358128" /><trkpt lat="41.437467626" lon="-8.107339345" /><trkpt lat="41.437477891" lon="-8.107320668" /><trkpt lat="41.437488092" lon="-8.107302112" /><trkpt lat="41.437498221" lon="-8.107283691" /><trkpt lat="41.437508271" lon="-8.107265419" /><trkpt lat="41.437518234" lon="-8.107247311" /><trkpt lat="41.437528103" lon="-8.107229381" /><trkpt lat="41.437537870" lon="-8.107211643" /><trkpt lat="41.437547527" lon="-8.107194111" /><trkpt lat="41.437557068" lon="-8.107176800" /><trkpt lat="41.437566484" lon="-8.107159724" /><trkpt lat="41.437575768" lon="-8.107142898" /><trkpt lat="41.437584912" lon="-8.107126335" /><trkpt lat="41.437593909" lon="-8.107110050" /><trkpt lat="41.437602751" lon="-8.107094058" /><trkpt lat="41.437611431" lon="-8.107078372" /><trkpt lat="41.437619941" lon="-8.107063007" /><trkpt lat="41.437628273" lon="-8.107047977" /><trkpt lat="41.437636421" lon="-8.107033296" /><trkpt lat="41.437644375" lon="-8.107018979" /><trkpt lat="41.437652130" lon="-8.107005041" /><trkpt lat="41.437659677" lon="-8.106991494" /><trkpt lat="41.437667009" lon="-8.106978355" /><trkpt lat="41.437674118" lon="-8.106965636" /><trkpt lat="41.437680996" lon="-8.106953352" /><trkpt lat="41.437687637" lon="-8.106941518" /><trkpt lat="41.437694032" lon="-8.106930148" /><trkpt lat="41.437700174" lon="-8.106919256" /><trkpt lat="41.437706056" lon="-8.106908856" /><trkpt lat="41.437711669" lon="-8.106898963" /><trkpt lat="41.437722779" lon="-8.106879393" /><trkpt lat="41.437733615" lon="-8.106860252" /><trkpt lat="41.437744186" lon="-8.106841520" /><trkpt lat="41.437754500" lon="-8.106823179" /><trkpt lat="41.437764566" lon="-8.106805212" /><trkpt lat="41.437774390" lon="-8.106787599" /><trkpt lat="41.437783983" lon="-8.106770322" /><trkpt lat="41.437793353" lon="-8.106753363" /><trkpt lat="41.437802507" lon="-8.106736703" /><trkpt lat="41.437811454" lon="-8.106720324" /><trkpt lat="41.437820202" lon="-8.106704208" /><trkpt lat="41.437828760" lon="-8.106688335" /><trkpt lat="41.437837136" lon="-8.106672688" /><trkpt lat="41.437845338" lon="-8.106657248" /><trkpt lat="41.437853375" lon="-8.106641997" /><trkpt lat="41.437861256" lon="-8.106626917" /><trkpt lat="41.437868987" lon="-8.106611988" /><trkpt lat="41.437876578" lon="-8.106597192" /><trkpt lat="41.437884037" lon="-8.106582512" /><trkpt lat="41.437891373" lon="-8.106567928" /><trkpt lat="41.437898593" lon="-8.106553422" /><trkpt lat="41.437905707" lon="-8.106538976" /><trkpt lat="41.437912722" lon="-8.106524572" /><trkpt lat="41.437919646" lon="-8.106510190" /><trkpt lat="41.437926489" lon="-8.106495813" /><trkpt lat="41.437933258" lon="-8.106481421" /><trkpt lat="41.437939962" lon="-8.106466998" /><trkpt lat="41.437946608" lon="-8.106452523" /><trkpt lat="41.437953207" lon="-8.106437979" /><trkpt lat="41.437959765" lon="-8.106423348" /><trkpt lat="41.437966291" lon="-8.106408610" /><trkpt lat="41.437972793" lon="-8.106393748" /><trkpt lat="41.437979280" lon="-8.106378743" /><trkpt lat="41.437985761" lon="-8.106363576" /><trkpt lat="41.437992242" lon="-8.106348230" /><trkpt lat="41.437998734" lon="-8.106332685" /><trkpt lat="41.438005243" lon="-8.106316924" /><trkpt lat="41.438008363" lon="-8.106309266" /><trkpt lat="41.438011684" lon="-8.106300987" /><trkpt lat="41.438015203" lon="-8.106292101" /><trkpt lat="41.438018915" lon="-8.106282624" /><trkpt lat="41.438022815" lon="-8.106272570" /><trkpt lat="41.438026898" lon="-8.106261955" /><trkpt lat="41.438031159" lon="-8.106250793" /><trkpt lat="41.438035594" lon="-8.106239100" /><trkpt lat="41.438040197" lon="-8.106226890" /><trkpt lat="41.438044964" lon="-8.106214178" /><trkpt lat="41.438049890" lon="-8.106200979" /><trkpt lat="41.438054969" lon="-8.106187308" /><trkpt lat="41.438060198" lon="-8.106173180" /><trkpt lat="41.438065571" lon="-8.106158610" /><trkpt lat="41.438071084" lon="-8.106143613" /><trkpt lat="41.438076731" lon="-8.106128204" /><trkpt lat="41.438082507" lon="-8.106112397" /><trkpt lat="41.438088409" lon="-8.106096208" /><trkpt lat="41.438094430" lon="-8.106079652" /><trkpt lat="41.438100567" lon="-8.106062743" /><trkpt lat="41.438106814" lon="-8.106045496" /><trkpt lat="41.438113166" lon="-8.106027927" /><trkpt lat="41.438119619" lon="-8.106010050" /><trkpt lat="41.438126167" lon="-8.105991881" /><trkpt lat="41.438132807" lon="-8.105973433" /><trkpt lat="41.438139532" lon="-8.105954723" /><trkpt lat="41.438146339" lon="-8.105935764" /><trkpt lat="41.438153222" lon="-8.105916573" /><trkpt lat="41.438160176" lon="-8.105897163" /><trkpt lat="41.438167197" lon="-8.105877550" /><trkpt lat="41.438174280" lon="-8.105857749" /><trkpt lat="41.438181419" lon="-8.105837774" /><trkpt lat="41.438188611" lon="-8.105817641" /><trkpt lat="41.438195850" lon="-8.105797365" /><trkpt lat="41.438203131" lon="-8.105776960" /><trkpt lat="41.438210449" lon="-8.105756441" /><trkpt lat="41.438217800" lon="-8.105735824" /><trkpt lat="41.438225179" lon="-8.105715123" /><trkpt lat="41.438232581" lon="-8.105694353" /><trkpt lat="41.438240001" lon="-8.105673529" /><trkpt lat="41.438247434" lon="-8.105652666" /><trkpt lat="41.438254876" lon="-8.105631780" /><trkpt lat="41.438262321" lon="-8.105610884" /><trkpt lat="41.438269764" lon="-8.105589993" /><trkpt lat="41.438277201" lon="-8.105569124" /><trkpt lat="41.438284628" lon="-8.105548290" /><trkpt lat="41.438292038" lon="-8.105527507" /><trkpt lat="41.438299427" lon="-8.105506790" /><trkpt lat="41.438306791" lon="-8.105486153" /><trkpt lat="41.438314125" lon="-8.105465611" /><trkpt lat="41.438321423" lon="-8.105445179" /><trkpt lat="41.438328681" lon="-8.105424873" /><trkpt lat="41.438335893" lon="-8.105404707" /><trkpt lat="41.438343056" lon="-8.105384697" /><trkpt lat="41.438350164" lon="-8.105364856" /><trkpt lat="41.438357213" lon="-8.105345200" /><trkpt lat="41.438364197" lon="-8.105325744" /><trkpt lat="41.438371112" lon="-8.105306503" /><trkpt lat="41.438377952" lon="-8.105287492" /><trkpt lat="41.438384714" lon="-8.105268725" /><trkpt lat="41.438391391" lon="-8.105250218" /><trkpt lat="41.438397980" lon="-8.105231986" /><trkpt lat="41.438404475" lon="-8.105214043" /><trkpt lat="41.438410872" lon="-8.105196404" /><trkpt lat="41.438417166" lon="-8.105179085" /><trkpt lat="41.438423351" lon="-8.105162100" /><trkpt lat="41.438429423" lon="-8.105145465" /><trkpt lat="41.438435378" lon="-8.105129193" /><trkpt lat="41.438441210" lon="-8.105113301" /><trkpt lat="41.438446914" lon="-8.105097802" /><trkpt lat="41.438452486" lon="-8.105082713" /><trkpt lat="41.438457920" lon="-8.105068047" /><trkpt lat="41.438463213" lon="-8.105053821" /><trkpt lat="41.438468358" lon="-8.105040047" /><trkpt lat="41.438473351" lon="-8.105026743" /><trkpt lat="41.438478188" lon="-8.105013922" /><trkpt lat="41.438482863" lon="-8.105001600" /><trkpt lat="41.438487372" lon="-8.104989791" /><trkpt lat="41.438491710" lon="-8.104978510" /><trkpt lat="41.438495871" lon="-8.104967773" /><trkpt lat="41.438499215" lon="-8.104959169" /><trkpt lat="41.438502729" lon="-8.104950099" /><trkpt lat="41.438506410" lon="-8.104940573" /><trkpt lat="41.438510254" lon="-8.104930599" /><trkpt lat="41.438514259" lon="-8.104920188" /><trkpt lat="41.438518420" lon="-8.104909348" /><trkpt lat="41.438522734" lon="-8.104898088" /><trkpt lat="41.438527198" lon="-8.104886419" /><trkpt lat="41.438531808" lon="-8.104874348" /><trkpt lat="41.438536561" lon="-8.104861885" /><trkpt lat="41.438541454" lon="-8.104849039" /><trkpt lat="41.438546482" lon="-8.104835820" /><trkpt lat="41.438551644" lon="-8.104822237" /><trkpt lat="41.438556934" lon="-8.104808298" /><trkpt lat="41.438562350" lon="-8.104794014" /><trkpt lat="41.438567889" lon="-8.104779393" /><trkpt lat="41.438573546" lon="-8.104764445" /><trkpt lat="41.438579319" lon="-8.104749178" /><trkpt lat="41.438585204" lon="-8.104733602" /><trkpt lat="41.438591197" lon="-8.104717727" /><trkpt lat="41.438597296" lon="-8.104701560" /><trkpt lat="41.438603497" lon="-8.104685113" /><trkpt lat="41.438609796" lon="-8.104668393" /><trkpt lat="41.438616189" lon="-8.104651410" /><trkpt lat="41.438622675" lon="-8.104634173" /><trkpt lat="41.438629248" lon="-8.104616692" /><trkpt lat="41.438635906" lon="-8.104598975" /><trkpt lat="41.438642645" lon="-8.104581032" /><trkpt lat="41.438649463" lon="-8.104562872" /><trkpt lat="41.438656354" lon="-8.104544504" /><trkpt lat="41.438663316" lon="-8.104525938" /><trkpt lat="41.438670346" lon="-8.104507182" /><trkpt lat="41.438677440" lon="-8.104488246" /><trkpt lat="41.438684595" lon="-8.104469139" /><trkpt lat="41.438691807" lon="-8.104449871" /><trkpt lat="41.438699072" lon="-8.104430449" /><trkpt lat="41.438706388" lon="-8.104410885" /><trkpt lat="41.438713751" lon="-8.104391186" /><trkpt lat="41.438721158" lon="-8.104371362" /><trkpt lat="41.438728604" lon="-8.104351423" /><trkpt lat="41.438736088" lon="-8.104331377" /><trkpt lat="41.438743604" lon="-8.104311233" /><trkpt lat="41.438751151" lon="-8.104291002" /><trkpt lat="41.438758723" lon="-8.104270692" /><trkpt lat="41.438766319" lon="-8.104250312" /><trkpt lat="41.438773934" lon="-8.104229871" /><trkpt lat="41.438781566" lon="-8.104209379" /><trkpt lat="41.438789210" lon="-8.104188845" /><trkpt lat="41.438796863" lon="-8.104168278" /><trkpt lat="41.438804522" lon="-8.104147688" /><trkpt lat="41.438812184" lon="-8.104127082" /><trkpt lat="41.438819845" lon="-8.104106472" /><trkpt lat="41.438827501" lon="-8.104085866" /><trkpt lat="41.438835149" lon="-8.104065272" /><trkpt lat="41.438842786" lon="-8.104044701" /><trkpt lat="41.438850408" lon="-8.104024162" /><trkpt lat="41.438858012" lon="-8.104003663" /><trkpt lat="41.438865595" lon="-8.103983215" /><trkpt lat="41.438873152" lon="-8.103962825" /><trkpt lat="41.438880682" lon="-8.103942504" /><trkpt lat="41.438888179" lon="-8.103922260" /><trkpt lat="41.438895641" lon="-8.103902103" /><trkpt lat="41.438903064" lon="-8.103882043" /><trkpt lat="41.438910445" lon="-8.103862087" /><trkpt lat="41.438917781" lon="-8.103842246" /><trkpt lat="41.438925068" lon="-8.103822528" /><trkpt lat="41.438932302" lon="-8.103802943" /><trkpt lat="41.438939480" lon="-8.103783500" /><trkpt lat="41.438946599" lon="-8.103764209" /><trkpt lat="41.438953656" lon="-8.103745077" /><trkpt lat="41.438960646" lon="-8.103726116" /><trkpt lat="41.438967567" lon="-8.103707333" /><trkpt lat="41.438974415" lon="-8.103688738" /><trkpt lat="41.438981186" lon="-8.103670341" /><trkpt lat="41.438987878" lon="-8.103652149" /><trkpt lat="41.438994486" lon="-8.103634174" /><trkpt lat="41.439001008" lon="-8.103616423" /><trkpt lat="41.439007439" lon="-8.103598907" /><trkpt lat="41.439013777" lon="-8.103581634" /><trkpt lat="41.439020019" lon="-8.103564613" /><trkpt lat="41.439026159" lon="-8.103547854" /><trkpt lat="41.439032196" lon="-8.103531366" /><trkpt lat="41.439038126" lon="-8.103515157" /><trkpt lat="41.439043945" lon="-8.103499239" /><trkpt lat="41.439049650" lon="-8.103483618" /><trkpt lat="41.439055237" lon="-8.103468306" /><trkpt lat="41.439060704" lon="-8.103453310" /><trkpt lat="41.439066046" lon="-8.103438640" /><trkpt lat="41.439071260" lon="-8.103424306" /><trkpt lat="41.439076344" lon="-8.103410316" /><trkpt lat="41.439081292" lon="-8.103396680" /><trkpt lat="41.439086103" lon="-8.103383407" /><trkpt lat="41.439090772" lon="-8.103370506" /><trkpt lat="41.439095296" lon="-8.103357986" /><trkpt lat="41.439099671" lon="-8.103345857" /><trkpt lat="41.439103895" lon="-8.103334128" /><trkpt lat="41.439107964" lon="-8.103322808" /><trkpt lat="41.439111874" lon="-8.103311905" /><trkpt lat="41.439115622" lon="-8.103301431" /><trkpt lat="41.439119205" lon="-8.103291392" /><trkpt lat="41.439126689" lon="-8.103270146" /><trkpt lat="41.439133931" lon="-8.103249089" /><trkpt lat="41.439140936" lon="-8.103228220" /><trkpt lat="41.439147708" lon="-8.103207537" /><trkpt lat="41.439154249" lon="-8.103187040" /><trkpt lat="41.439160565" lon="-8.103166727" /><trkpt lat="41.439166659" lon="-8.103146597" /><trkpt lat="41.439172534" lon="-8.103126650" /><trkpt lat="41.439178195" lon="-8.103106883" /><trkpt lat="41.439183645" lon="-8.103087296" /><trkpt lat="41.439188889" lon="-8.103067887" /><trkpt lat="41.439193930" lon="-8.103048656" /><trkpt lat="41.439198771" lon="-8.103029601" /><trkpt lat="41.439203418" lon="-8.103010722" /><trkpt lat="41.439207873" lon="-8.102992016" /><trkpt lat="41.439212140" lon="-8.102973483" /><trkpt lat="41.439216224" lon="-8.102955122" /><trkpt lat="41.439220128" lon="-8.102936931" /><trkpt lat="41.439223856" lon="-8.102918909" /><trkpt lat="41.439227412" lon="-8.102901056" /><trkpt lat="41.439230799" lon="-8.102883369" /><trkpt lat="41.439234022" lon="-8.102865849" /><trkpt lat="41.439237084" lon="-8.102848493" /><trkpt lat="41.439239990" lon="-8.102831300" /><trkpt lat="41.439242743" lon="-8.102814270" /><trkpt lat="41.439245346" lon="-8.102797401" /><trkpt lat="41.439247804" lon="-8.102780692" /><trkpt lat="41.439250121" lon="-8.102764142" /><trkpt lat="41.439252300" lon="-8.102747750" /><trkpt lat="41.439254346" lon="-8.102731515" /><trkpt lat="41.439256262" lon="-8.102715434" /><trkpt lat="41.439258051" lon="-8.102699508" /><trkpt lat="41.439259719" lon="-8.102683735" /><trkpt lat="41.439261267" lon="-8.102668115" /><trkpt lat="41.439262702" lon="-8.102652644" /><trkpt lat="41.439264026" lon="-8.102637324" /><trkpt lat="41.439265243" lon="-8.102622152" /><trkpt lat="41.439266357" lon="-8.102607127" /><trkpt lat="41.439267371" lon="-8.102592249" /><trkpt lat="41.439268291" lon="-8.102577515" /><trkpt lat="41.439269119" lon="-8.102562925" /><trkpt lat="41.439269859" lon="-8.102548478" /><trkpt lat="41.439270516" lon="-8.102534173" /><trkpt lat="41.439271092" lon="-8.102520008" /><trkpt lat="41.439271593" lon="-8.102505982" /><trkpt lat="41.439272021" lon="-8.102492094" /><trkpt lat="41.439272225" lon="-8.102484270" /><trkpt lat="41.439272411" lon="-8.102475766" /><trkpt lat="41.439272580" lon="-8.102466599" /><trkpt lat="41.439272732" lon="-8.102456783" /><trkpt lat="41.439272867" lon="-8.102446335" /><trkpt lat="41.439272987" lon="-8.102435271" /><trkpt lat="41.439273090" lon="-8.102423607" /><trkpt lat="41.439273178" lon="-8.102411359" /><trkpt lat="41.439273252" lon="-8.102398542" /><trkpt lat="41.439273311" lon="-8.102385173" /><trkpt lat="41.439273356" lon="-8.102371267" /><trkpt lat="41.439273387" lon="-8.102356841" /><trkpt lat="41.439273405" lon="-8.102341910" /><trkpt lat="41.439273410" lon="-8.102326490" /><trkpt lat="41.439273403" lon="-8.102310597" /><trkpt lat="41.439273383" lon="-8.102294248" /><trkpt lat="41.439273352" lon="-8.102277457" /><trkpt lat="41.439273310" lon="-8.102260241" /><trkpt lat="41.439273257" lon="-8.102242617" /><trkpt lat="41.439273194" lon="-8.102224599" /><trkpt lat="41.439273120" lon="-8.102206204" /><trkpt lat="41.439273037" lon="-8.102187447" /><trkpt lat="41.439272945" lon="-8.102168345" /><trkpt lat="41.439272844" lon="-8.102148914" /><trkpt lat="41.439272735" lon="-8.102129169" /><trkpt lat="41.439272618" lon="-8.102109126" /><trkpt lat="41.439272493" lon="-8.102088802" /><trkpt lat="41.439272361" lon="-8.102068212" /><trkpt lat="41.439272222" lon="-8.102047372" /><trkpt lat="41.439272077" lon="-8.102026298" /><trkpt lat="41.439271926" lon="-8.102005006" /><trkpt lat="41.439271769" lon="-8.101983512" /><trkpt lat="41.439271608" lon="-8.101961832" /><trkpt lat="41.439271441" lon="-8.101939982" /><trkpt lat="41.439271271" lon="-8.101917977" /><trkpt lat="41.439271096" lon="-8.101895834" /><trkpt lat="41.439270918" lon="-8.101873569" /><trkpt lat="41.439270737" lon="-8.101851197" /><trkpt lat="41.439270554" lon="-8.101828734" /><trkpt lat="41.439270368" lon="-8.101806197" /><trkpt lat="41.439270180" lon="-8.101783601" /><trkpt lat="41.439269990" lon="-8.101760962" /><trkpt lat="41.439269800" lon="-8.101738296" /><trkpt lat="41.439269609" lon="-8.101715620" /><trkpt lat="41.439269418" lon="-8.101692948" /><trkpt lat="41.439269227" lon="-8.101670297" /><trkpt lat="41.439269037" lon="-8.101647683" /><trkpt lat="41.439268847" lon="-8.101625122" /><trkpt lat="41.439268659" lon="-8.101602629" /><trkpt lat="41.439268473" lon="-8.101580221" /><trkpt lat="41.439268289" lon="-8.101557913" /><trkpt lat="41.439268108" lon="-8.101535722" /><trkpt lat="41.439267929" lon="-8.101513663" /><trkpt lat="41.439267755" lon="-8.101491753" /><trkpt lat="41.439267583" lon="-8.101470007" /><trkpt lat="41.439267417" lon="-8.101448440" /><trkpt lat="41.439267255" lon="-8.101427070" /><trkpt lat="41.439267098" lon="-8.101405912" /><trkpt lat="41.439266946" lon="-8.101384982" /><trkpt lat="41.439266800" lon="-8.101364296" /><trkpt lat="41.439266661" lon="-8.101343869" /><trkpt lat="41.439266528" lon="-8.101323718" /><trkpt lat="41.439266403" lon="-8.101303859" /><trkpt lat="41.439266285" lon="-8.101284308" /><trkpt lat="41.439266174" lon="-8.101265079" /><trkpt lat="41.439266073" lon="-8.101246191" /><trkpt lat="41.439265980" lon="-8.101227657" /><trkpt lat="41.439265896" lon="-8.101209495" /><trkpt lat="41.439265821" lon="-8.101191720" /><trkpt lat="41.439265757" lon="-8.101174348" /><trkpt lat="41.439265703" lon="-8.101157395" /><trkpt lat="41.439265659" lon="-8.101140877" /><trkpt lat="41.439265627" lon="-8.101124810" /><trkpt lat="41.439265607" lon="-8.101109210" /><trkpt lat="41.439265598" lon="-8.101094092" /><trkpt lat="41.439265602" lon="-8.101079473" /><trkpt lat="41.439265619" lon="-8.101065369" /><trkpt lat="41.439265649" lon="-8.101051795" /><trkpt lat="41.439265692" lon="-8.101038768" /><trkpt lat="41.439265750" lon="-8.101026303" /><trkpt lat="41.439265822" lon="-8.101014416" /><trkpt lat="41.439265908" lon="-8.101003124" /><trkpt lat="41.439266010" lon="-8.100992441" /><trkpt lat="41.439266128" lon="-8.100982385" /><trkpt lat="41.439266262" lon="-8.100972971" /><trkpt lat="41.439266972" lon="-8.100950500" /><trkpt lat="41.439268355" lon="-8.100929872" /><trkpt lat="41.439270385" lon="-8.100911036" /><trkpt lat="41.439273036" lon="-8.100893945" /><trkpt lat="41.439276283" lon="-8.100878548" /><trkpt lat="41.439280100" lon="-8.100864796" /><trkpt lat="41.439284462" lon="-8.100852640" /><trkpt lat="41.439289344" lon="-8.100842031" /><trkpt lat="41.439294719" lon="-8.100832920" /><trkpt lat="41.439300562" lon="-8.100825256" /><trkpt lat="41.439306849" lon="-8.100818992" /><trkpt lat="41.439313553" lon="-8.100814078" /><trkpt lat="41.439320648" lon="-8.100810464" /><trkpt lat="41.439328110" lon="-8.100808101" /><trkpt lat="41.439335912" lon="-8.100806940" /><trkpt lat="41.439344030" lon="-8.100806932" /><trkpt lat="41.439352438" lon="-8.100808027" /><trkpt lat="41.439361109" lon="-8.100810176" /><trkpt lat="41.439370020" lon="-8.100813331" /><trkpt lat="41.439379143" lon="-8.100817441" /><trkpt lat="41.439388454" lon="-8.100822457" /><trkpt lat="41.439397928" lon="-8.100828330" /><trkpt lat="41.439407538" lon="-8.100835012" /><trkpt lat="41.439417259" lon="-8.100842452" /><trkpt lat="41.439427066" lon="-8.100850601" /><trkpt lat="41.439436932" lon="-8.100859410" /><trkpt lat="41.439446834" lon="-8.100868830" /><trkpt lat="41.439456744" lon="-8.100878812" /><trkpt lat="41.439466638" lon="-8.100889306" /><trkpt lat="41.439476490" lon="-8.100900263" /><trkpt lat="41.439486275" lon="-8.100911634" /><trkpt lat="41.439495966" lon="-8.100923369" /><trkpt lat="41.439505539" lon="-8.100935420" /><trkpt lat="41.439515890" lon="-8.100948850" /><trkpt lat="41.439526037" lon="-8.100962325" /><trkpt lat="41.439535992" lon="-8.100975854" /><trkpt lat="41.439545766" lon="-8.100989446" /><trkpt lat="41.439555370" lon="-8.101003108" /><trkpt lat="41.439564816" lon="-8.101016852" /><trkpt lat="41.439574114" lon="-8.101030685" /><trkpt lat="41.439583276" lon="-8.101044616" /><trkpt lat="41.439592312" lon="-8.101058654" /><trkpt lat="41.439601235" lon="-8.101072809" /><trkpt lat="41.439610055" lon="-8.101087088" /><trkpt lat="41.439618784" lon="-8.101101502" /><trkpt lat="41.439627432" lon="-8.101116059" /><trkpt lat="41.439636010" lon="-8.101130768" /><trkpt lat="41.439644531" lon="-8.101145638" /><trkpt lat="41.439653005" lon="-8.101160678" /><trkpt lat="41.439661443" lon="-8.101175896" /><trkpt lat="41.439669856" lon="-8.101191303" /><trkpt lat="41.439678256" lon="-8.101206906" /><trkpt lat="41.439686654" lon="-8.101222714" /><trkpt lat="41.439695060" lon="-8.101238738" /><trkpt lat="41.439703487" lon="-8.101254984" /><trkpt lat="41.439711945" lon="-8.101271464" /><trkpt lat="41.439720446" lon="-8.101288184" /><trkpt lat="41.439729000" lon="-8.101305155" /><trkpt lat="41.439737619" lon="-8.101322385" /><trkpt lat="41.439746314" lon="-8.101339884" /><trkpt lat="41.439755096" lon="-8.101357659" /><trkpt lat="41.439763976" lon="-8.101375721" /><trkpt lat="41.439772966" lon="-8.101394078" /><trkpt lat="41.439781720" lon="-8.101412215" /><trkpt lat="41.439789916" lon="-8.101429641" /><trkpt lat="41.439797602" lon="-8.101446395" /><trkpt lat="41.439804825" lon="-8.101462520" /><trkpt lat="41.439811634" lon="-8.101478057" /><trkpt lat="41.439818074" lon="-8.101493047" /><trkpt lat="41.439824195" lon="-8.101507531" /><trkpt lat="41.439830043" lon="-8.101521551" /><trkpt lat="41.439835666" lon="-8.101535148" /><trkpt lat="41.439841111" lon="-8.101548363" /><trkpt lat="41.439846426" lon="-8.101561238" /><trkpt lat="41.439851658" lon="-8.101573813" /><trkpt lat="41.439856855" lon="-8.101586131" /><trkpt lat="41.439862064" lon="-8.101598231" /><trkpt lat="41.439867333" lon="-8.101610157" /><trkpt lat="41.439872710" lon="-8.101621948" /><trkpt lat="41.439878241" lon="-8.101633646" /><trkpt lat="41.439883974" lon="-8.101645293" /><trkpt lat="41.439889957" lon="-8.101656930" /><trkpt lat="41.439896237" lon="-8.101668597" /><trkpt lat="41.439902862" lon="-8.101680337" /><trkpt lat="41.439909879" lon="-8.101692190" /><trkpt lat="41.439917335" lon="-8.101704199" /><trkpt lat="41.439925279" lon="-8.101716403" /><trkpt lat="41.439933757" lon="-8.101728845" /><trkpt lat="41.439942817" lon="-8.101741566" /><trkpt lat="41.439952507" lon="-8.101754606" /><trkpt lat="41.439962874" lon="-8.101768008" /><trkpt lat="41.439973966" lon="-8.101781813" /><trkpt lat="41.439985829" lon="-8.101796061" /><trkpt lat="41.439997622" lon="-8.101810350" /><trkpt lat="41.440009258" lon="-8.101825155" /><trkpt lat="41.440020728" lon="-8.101840429" /><trkpt lat="41.440032025" lon="-8.101856126" /><trkpt lat="41.440043143" lon="-8.101872200" /><trkpt lat="41.440054073" lon="-8.101888606" /><trkpt lat="41.440064810" lon="-8.101905297" /><trkpt lat="41.440075344" lon="-8.101922228" /><trkpt lat="41.440085670" lon="-8.101939353" /><trkpt lat="41.440095779" lon="-8.101956625" /><trkpt lat="41.440105665" lon="-8.101973999" /><trkpt lat="41.440115320" lon="-8.101991429" /><trkpt lat="41.440124737" lon="-8.102008869" /><trkpt lat="41.440133908" lon="-8.102026273" /><trkpt lat="41.440142827" lon="-8.102043596" /><trkpt lat="41.440151485" lon="-8.102060790" /><trkpt lat="41.440159877" lon="-8.102077811" /><trkpt lat="41.440167994" lon="-8.102094612" /><trkpt lat="41.440175829" lon="-8.102111148" /><trkpt lat="41.440183375" lon="-8.102127372" /><trkpt lat="41.440190624" lon="-8.102143239" /><trkpt lat="41.440197570" lon="-8.102158703" /><trkpt lat="41.440204205" lon="-8.102173717" /><trkpt lat="41.440210521" lon="-8.102188237" /><trkpt lat="41.440216512" lon="-8.102202215" /><trkpt lat="41.440222170" lon="-8.102215607" /><trkpt lat="41.440227488" lon="-8.102228365" /><trkpt lat="41.440232458" lon="-8.102240445" /><trkpt lat="41.440237073" lon="-8.102251800" /><trkpt lat="41.440241327" lon="-8.102262385" /><trkpt lat="41.440245211" lon="-8.102272153" /><trkpt lat="41.440249143" lon="-8.102281931" /><trkpt lat="41.440253265" lon="-8.102291939" /><trkpt lat="41.440257525" lon="-8.102302159" /><trkpt lat="41.440261870" lon="-8.102312570" /><trkpt lat="41.440266249" lon="-8.102323152" /><trkpt lat="41.440270610" lon="-8.102333887" /><trkpt lat="41.440274902" lon="-8.102344753" /><trkpt lat="41.440279072" lon="-8.102355733" /><trkpt lat="41.440283069" lon="-8.102366805" /><trkpt lat="41.440286840" lon="-8.102377951" /><trkpt lat="41.440290335" lon="-8.102389151" /><trkpt lat="41.440293500" lon="-8.102400384" /><trkpt lat="41.440296285" lon="-8.102411632" /><trkpt lat="41.440298638" lon="-8.102422874" /><trkpt lat="41.440300506" lon="-8.102434091" /><trkpt lat="41.440301837" lon="-8.102445264" /><trkpt lat="41.440302581" lon="-8.102456372" /><trkpt lat="41.440302685" lon="-8.102467396" /><trkpt lat="41.440302097" lon="-8.102478317" /><trkpt lat="41.440300766" lon="-8.102489114" /><trkpt lat="41.440298640" lon="-8.102499768" /><trkpt lat="41.440295666" lon="-8.102510259" /><trkpt lat="41.440291793" lon="-8.102520568" /><trkpt lat="41.440286969" lon="-8.102530675" /><trkpt lat="41.440281143" lon="-8.102540560" /><trkpt lat="41.440274262" lon="-8.102550204" /><trkpt lat="41.440266275" lon="-8.102559586" /><trkpt lat="41.440257130" lon="-8.102568688" /><trkpt lat="41.440246775" lon="-8.102577490" /><trkpt lat="41.440235158" lon="-8.102585971" /><trkpt lat="41.440222836" lon="-8.102594061" /><trkpt lat="41.440210388" lon="-8.102601697" /><trkpt lat="41.440197797" lon="-8.102608872" /><trkpt lat="41.440185043" lon="-8.102615578" /><trkpt lat="41.440172109" lon="-8.102621809" /><trkpt lat="41.440158976" lon="-8.102627556" /><trkpt lat="41.440145626" lon="-8.102632814" /><trkpt lat="41.440132040" lon="-8.102637575" /><trkpt lat="41.440118201" lon="-8.102641831" /><trkpt lat="41.440104089" lon="-8.102645576" /><trkpt lat="41.440089687" lon="-8.102648802" /><trkpt lat="41.440074976" lon="-8.102651503" /><trkpt lat="41.440059938" lon="-8.102653671" /><trkpt lat="41.440044555" lon="-8.102655299" /><trkpt lat="41.440028808" lon="-8.102656379" /><trkpt lat="41.440012679" lon="-8.102656906" /><trkpt lat="41.439996150" lon="-8.102656870" /><trkpt lat="41.439979202" lon="-8.102656267" /><trkpt lat="41.439961817" lon="-8.102655087" /><trkpt lat="41.439943976" lon="-8.102653325" /><trkpt lat="41.439925662" lon="-8.102650972" /><trkpt lat="41.439906856" lon="-8.102648022" /><trkpt lat="41.439887540" lon="-8.102644468" /><trkpt lat="41.439867695" lon="-8.102640302" /><trkpt lat="41.439847304" lon="-8.102635518" /><trkpt lat="41.439826347" lon="-8.102630107" /><trkpt lat="41.439804806" lon="-8.102624064" /><trkpt lat="41.439782664" lon="-8.102617381" /><trkpt lat="41.439759901" lon="-8.102610050" /><trkpt lat="41.439736500" lon="-8.102602065" /><trkpt lat="41.439718030" lon="-8.102596096" /><trkpt lat="41.439700078" lon="-8.102591296" /><trkpt lat="41.439682634" lon="-8.102587630" /><trkpt lat="41.439665689" lon="-8.102585061" /><trkpt lat="41.439649234" lon="-8.102583555" /><trkpt lat="41.439633261" lon="-8.102583077" /><trkpt lat="41.439617760" lon="-8.102583592" /><trkpt lat="41.439602722" lon="-8.102585063" /><trkpt lat="41.439588139" lon="-8.102587457" /><trkpt lat="41.439574000" lon="-8.102590738" /><trkpt lat="41.439560298" lon="-8.102594870" /><trkpt lat="41.439547023" lon="-8.102599819" /><trkpt lat="41.439534167" lon="-8.102605549" /><trkpt lat="41.439521719" lon="-8.102612026" /><trkpt lat="41.439509672" lon="-8.102619213" /><trkpt lat="41.439498015" lon="-8.102627076" /><trkpt lat="41.439486741" lon="-8.102635580" /><trkpt lat="41.439475840" lon="-8.102644689" /><trkpt lat="41.439465303" lon="-8.102654368" /><trkpt lat="41.439455121" lon="-8.102664582" /><trkpt lat="41.439445285" lon="-8.102675295" /><trkpt lat="41.439435787" lon="-8.102686474" /><trkpt lat="41.439426616" lon="-8.102698082" /><trkpt lat="41.439417764" lon="-8.102710083" /><trkpt lat="41.439409223" lon="-8.102722444" /><trkpt lat="41.439400982" lon="-8.102735129" /><trkpt lat="41.439393033" lon="-8.102748102" /><trkpt lat="41.439385367" lon="-8.102761329" /><trkpt lat="41.439377975" lon="-8.102774774" /><trkpt lat="41.439370849" lon="-8.102788402" /><trkpt lat="41.439363978" lon="-8.102802177" /><trkpt lat="41.439357354" lon="-8.102816066" /><trkpt lat="41.439350967" lon="-8.102830031" /><trkpt lat="41.439344810" lon="-8.102844039" /><trkpt lat="41.439338873" lon="-8.102858054" /><trkpt lat="41.439333146" lon="-8.102872041" /><trkpt lat="41.439327621" lon="-8.102885965" /><trkpt lat="41.439322289" lon="-8.102899790" /><trkpt lat="41.439316391" lon="-8.102915648" /><trkpt lat="41.439310761" lon="-8.102931525" /><trkpt lat="41.439305404" lon="-8.102947429" /><trkpt lat="41.439300323" lon="-8.102963363" /><trkpt lat="41.439295522" lon="-8.102979334" /><trkpt lat="41.439291003" lon="-8.102995346" /><trkpt lat="41.439286770" lon="-8.103011405" /><trkpt lat="41.439282827" lon="-8.103027517" /><trkpt lat="41.439279176" lon="-8.103043686" /><trkpt lat="41.439275821" lon="-8.103059919" /><trkpt lat="41.439272766" lon="-8.103076220" /><trkpt lat="41.439270013" lon="-8.103092594" /><trkpt lat="41.439267567" lon="-8.103109049" /><trkpt lat="41.439265430" lon="-8.103125588" /><trkpt lat="41.439263606" lon="-8.103142216" /><trkpt lat="41.439262099" lon="-8.103158941" /><trkpt lat="41.439260911" lon="-8.103175766" /><trkpt lat="41.439260046" lon="-8.103192697" /><trkpt lat="41.439259507" lon="-8.103209739" /><trkpt lat="41.439259298" lon="-8.103226899" /><trkpt lat="41.439259422" lon="-8.103244181" /><trkpt lat="41.439259882" lon="-8.103261590" /><trkpt lat="41.439260682" lon="-8.103279132" /><trkpt lat="41.439261825" lon="-8.103296813" /><trkpt lat="41.439263315" lon="-8.103314638" /><trkpt lat="41.439265154" lon="-8.103332611" /><trkpt lat="41.439267347" lon="-8.103350739" /><trkpt lat="41.439269896" lon="-8.103369027" /><trkpt lat="41.439272805" lon="-8.103387481" /><trkpt lat="41.439276077" lon="-8.103406105" /><trkpt lat="41.439279716" lon="-8.103424904" /><trkpt lat="41.439283725" lon="-8.103443886" /><trkpt lat="41.439288107" lon="-8.103463054" /><trkpt lat="41.439293281" lon="-8.103483685" /><trkpt lat="41.439298748" lon="-8.103503222" /><trkpt lat="41.439304507" lon="-8.103521695" /><trkpt lat="41.439310555" lon="-8.103539136" /><trkpt lat="41.439316890" lon="-8.103555577" /><trkpt lat="41.439323512" lon="-8.103571050" /><trkpt lat="41.439330418" lon="-8.103585586" /><trkpt lat="41.439337606" lon="-8.103599216" /><trkpt lat="41.439345075" lon="-8.103611973" /><trkpt lat="41.439352823" lon="-8.103623887" /><trkpt lat="41.439360848" lon="-8.103634991" /><trkpt lat="41.439369148" lon="-8.103645315" /><trkpt lat="41.439377721" lon="-8.103654892" /><trkpt lat="41.439386566" lon="-8.103663754" /><trkpt lat="41.439395681" lon="-8.103671931" /><trkpt lat="41.439405064" lon="-8.103679455" /><trkpt lat="41.439414714" lon="-8.103686358" /><trkpt lat="41.439424628" lon="-8.103692672" /><trkpt lat="41.439434804" lon="-8.103698428" /><trkpt lat="41.439445242" lon="-8.103703658" /><trkpt lat="41.439455939" lon="-8.103708393" /><trkpt lat="41.439466893" lon="-8.103712664" /><trkpt lat="41.439478103" lon="-8.103716505" /><trkpt lat="41.439489566" lon="-8.103719945" /><trkpt lat="41.439501282" lon="-8.103723017" /><trkpt lat="41.439513248" lon="-8.103725752" /><trkpt lat="41.439525462" lon="-8.103728182" /><trkpt lat="41.439537923" lon="-8.103730338" /><trkpt lat="41.439550629" lon="-8.103732253" /><trkpt lat="41.439563577" lon="-8.103733957" /><trkpt lat="41.439576519" lon="-8.103735513" /><trkpt lat="41.439589224" lon="-8.103736965" /><trkpt lat="41.439601725" lon="-8.103738315" /><trkpt lat="41.439614055" lon="-8.103739568" /><trkpt lat="41.439626245" lon="-8.103740724" /><trkpt lat="41.439638328" lon="-8.103741789" /><trkpt lat="41.439650336" lon="-8.103742764" /><trkpt lat="41.439662302" lon="-8.103743653" /><trkpt lat="41.439674256" lon="-8.103744458" /><trkpt lat="41.439686232" lon="-8.103745182" /><trkpt lat="41.439698261" lon="-8.103745830" /><trkpt lat="41.439710377" lon="-8.103746402" /><trkpt lat="41.439722610" lon="-8.103746903" /><trkpt lat="41.439734993" lon="-8.103747336" /><trkpt lat="41.439747559" lon="-8.103747703" /><trkpt lat="41.439760339" lon="-8.103748008" /><trkpt lat="41.439773366" lon="-8.103748252" /><trkpt lat="41.439786671" lon="-8.103748441" /><trkpt lat="41.439800288" lon="-8.103748575" /><trkpt lat="41.439814248" lon="-8.103748659" /><trkpt lat="41.439828583" lon="-8.103748696" /><trkpt lat="41.439843326" lon="-8.103748687" /><trkpt lat="41.439858508" lon="-8.103748637" /><trkpt lat="41.439874162" lon="-8.103748548" /><trkpt lat="41.439890320" lon="-8.103748423" /><trkpt lat="41.439907014" lon="-8.103748266" /><trkpt lat="41.439924277" lon="-8.103748079" /><trkpt lat="41.439942140" lon="-8.103747865" /><trkpt lat="41.439960636" lon="-8.103747627" /><trkpt lat="41.439979797" lon="-8.103747368" /><trkpt lat="41.439993985" lon="-8.103747753" /><trkpt lat="41.440007309" lon="-8.103749286" /><trkpt lat="41.440019797" lon="-8.103751925" /><trkpt lat="41.440031475" lon="-8.103755632" /><trkpt lat="41.440042369" lon="-8.103760365" /><trkpt lat="41.440052506" lon="-8.103766085" /><trkpt lat="41.440061914" lon="-8.103772753" /><trkpt lat="41.440070617" lon="-8.103780327" /><trkpt lat="41.440078644" lon="-8.103788768" /><trkpt lat="41.440086020" lon="-8.103798036" /><trkpt lat="41.440092772" lon="-8.103808092" /><trkpt lat="41.440098926" lon="-8.103818894" /><trkpt lat="41.440104510" lon="-8.103830404" /><trkpt lat="41.440109549" lon="-8.103842581" /><trkpt lat="41.440114071" lon="-8.103855384" /><trkpt lat="41.440118102" lon="-8.103868775" /><trkpt lat="41.440121669" lon="-8.103882714" /><trkpt lat="41.440124797" lon="-8.103897159" /><trkpt lat="41.440127514" lon="-8.103912071" /><trkpt lat="41.440129847" lon="-8.103927411" /><trkpt lat="41.440131821" lon="-8.103943138" /><trkpt lat="41.440133464" lon="-8.103959212" /><trkpt lat="41.440134802" lon="-8.103975594" /><trkpt lat="41.440135861" lon="-8.103992243" /><trkpt lat="41.440136668" lon="-8.104009119" /><trkpt lat="41.440137250" lon="-8.104026182" /><trkpt lat="41.440137634" lon="-8.104043393" /><trkpt lat="41.440137845" lon="-8.104060712" /><trkpt lat="41.440137911" lon="-8.104078097" /><trkpt lat="41.440137858" lon="-8.104095510" /><trkpt lat="41.440137713" lon="-8.104112911" /><trkpt lat="41.440137501" lon="-8.104130259" /><trkpt lat="41.440137251" lon="-8.104147514" /><trkpt lat="41.440136988" lon="-8.104164637" /><trkpt lat="41.440136739" lon="-8.104181587" /><trkpt lat="41.440136530" lon="-8.104198325" /><trkpt lat="41.440136389" lon="-8.104214810" /><trkpt lat="41.440136341" lon="-8.104231003" /><trkpt lat="41.440136413" lon="-8.104246864" /><trkpt lat="41.440136633" lon="-8.104262352" /><trkpt lat="41.440136835" lon="-8.104282345" /><trkpt lat="41.440136639" lon="-8.104301562" /><trkpt lat="41.440136050" lon="-8.104320014" /><trkpt lat="41.440135072" lon="-8.104337711" /><trkpt lat="41.440133710" lon="-8.104354665" /><trkpt lat="41.440131968" lon="-8.104370885" /><trkpt lat="41.440129851" lon="-8.104386383" /><trkpt lat="41.440127363" lon="-8.104401169" /><trkpt lat="41.440124508" lon="-8.104415254" /><trkpt lat="41.440121292" lon="-8.104428649" /><trkpt lat="41.440117718" lon="-8.104441364" /><trkpt lat="41.440113791" lon="-8.104453411" /><trkpt lat="41.440109516" lon="-8.104464800" /><trkpt lat="41.440104896" lon="-8.104475541" /><trkpt lat="41.440099937" lon="-8.104485646" /><trkpt lat="41.440094643" lon="-8.104495125" /><trkpt lat="41.440089018" lon="-8.104503989" /><trkpt lat="41.440083067" lon="-8.104512248" /><trkpt lat="41.440076795" lon="-8.104519914" /><trkpt lat="41.440070205" lon="-8.104526997" /><trkpt lat="41.440063302" lon="-8.104533507" /><trkpt lat="41.440056091" lon="-8.104539456" /><trkpt lat="41.440048576" lon="-8.104544855" /><trkpt lat="41.440040762" lon="-8.104549713" /><trkpt lat="41.440032653" lon="-8.104554042" /><trkpt lat="41.440024253" lon="-8.104557853" /><trkpt lat="41.440015568" lon="-8.104561155" /><trkpt lat="41.440006601" lon="-8.104563961" /><trkpt lat="41.439997357" lon="-8.104566280" /><trkpt lat="41.439987840" lon="-8.104568124" /><trkpt lat="41.439977967" lon="-8.104569723" /><trkpt lat="41.439967652" lon="-8.104571300" /><trkpt lat="41.439956893" lon="-8.104572850" /><trkpt lat="41.439945691" lon="-8.104574367" /><trkpt lat="41.439934044" lon="-8.104575848" /><trkpt lat="41.439921953" lon="-8.104577286" /><trkpt lat="41.439909417" lon="-8.104578678" /><trkpt lat="41.439896435" lon="-8.104580019" /><trkpt lat="41.439883007" lon="-8.104581304" /><trkpt lat="41.439869133" lon="-8.104582528" /><trkpt lat="41.439854812" lon="-8.104583687" /><trkpt lat="41.439840044" lon="-8.104584775" /><trkpt lat="41.439824828" lon="-8.104585788" /><trkpt lat="41.439809164" lon="-8.104586721" /><trkpt lat="41.439793051" lon="-8.104587570" /><trkpt lat="41.439776490" lon="-8.104588329" /><trkpt lat="41.439759478" lon="-8.104588994" /><trkpt lat="41.439742017" lon="-8.104589560" /><trkpt lat="41.439724106" lon="-8.104590022" /><trkpt lat="41.439705743" lon="-8.104590376" /><trkpt lat="41.439686929" lon="-8.104590617" /><trkpt lat="41.439667664" lon="-8.104590739" /><trkpt lat="41.439647946" lon="-8.104590739" /><trkpt lat="41.439627776" lon="-8.104590611" /><trkpt lat="41.439607152" lon="-8.104590351" /><trkpt lat="41.439586075" lon="-8.104589954" /><trkpt lat="41.439564545" lon="-8.104589415" /><trkpt lat="41.439542559" lon="-8.104588730" /><trkpt lat="41.439520119" lon="-8.104587892" /><trkpt lat="41.439497223" lon="-8.104586899" /><trkpt lat="41.439483117" lon="-8.104586676" /><trkpt lat="41.439469689" lon="-8.104587332" /><trkpt lat="41.439456922" lon="-8.104588847" /><trkpt lat="41.439444799" lon="-8.104591199" /><trkpt lat="41.439433302" lon="-8.104594367" /><trkpt lat="41.439422414" lon="-8.104598330" /><trkpt lat="41.439412117" lon="-8.104603067" /><trkpt lat="41.439402393" lon="-8.104608556" /><trkpt lat="41.439393226" lon="-8.104614776" /><trkpt lat="41.439384596" lon="-8.104621706" /><trkpt lat="41.439376488" lon="-8.104629324" /><trkpt lat="41.439368882" lon="-8.104637610" /><trkpt lat="41.439361763" lon="-8.104646542" /><trkpt lat="41.439355111" lon="-8.104656098" /><trkpt lat="41.439348910" lon="-8.104666259" /><trkpt lat="41.439343142" lon="-8.104677002" /><trkpt lat="41.439337789" lon="-8.104688306" /><trkpt lat="41.439332834" lon="-8.104700149" /><trkpt lat="41.439328260" lon="-8.104712512" /><trkpt lat="41.439324048" lon="-8.104725371" /><trkpt lat="41.439320181" lon="-8.104738707" /><trkpt lat="41.439316642" lon="-8.104752498" /><trkpt lat="41.439313413" lon="-8.104766723" /><trkpt lat="41.439310477" lon="-8.104781359" /><trkpt lat="41.439307815" lon="-8.104796387" /><trkpt lat="41.439305411" lon="-8.104811785" /><trkpt lat="41.439303246" lon="-8.104827532" /><trkpt lat="41.439301304" lon="-8.104843606" /><trkpt lat="41.439299566" lon="-8.104859986" /><trkpt lat="41.439298016" lon="-8.104876651" /><trkpt lat="41.439296634" lon="-8.104893580" /><trkpt lat="41.439295405" lon="-8.104910751" /><trkpt lat="41.439294311" lon="-8.104928144" /><trkpt lat="41.439293333" lon="-8.104945736" /><trkpt lat="41.439292454" lon="-8.104963507" /><trkpt lat="41.439291657" lon="-8.104981435" /><trkpt lat="41.439290924" lon="-8.104999500" /><trkpt lat="41.439290238" lon="-8.105017680" /><trkpt lat="41.439289581" lon="-8.105035953" /><trkpt lat="41.439288935" lon="-8.105054299" /><trkpt lat="41.439288284" lon="-8.105072696" /><trkpt lat="41.439287608" lon="-8.105091123" /><trkpt lat="41.439286891" lon="-8.105109559" /><trkpt lat="41.439286116" lon="-8.105127982" /><trkpt lat="41.439285264" lon="-8.105146372" /><trkpt lat="41.439284318" lon="-8.105164706" /><trkpt lat="41.439283261" lon="-8.105182964" /><trkpt lat="41.439282075" lon="-8.105201125" /><trkpt lat="41.439281010" lon="-8.105220447" /><trkpt lat="41.439280483" lon="-8.105239785" /><trkpt lat="41.439280469" lon="-8.105259128" /><trkpt lat="41.439280946" lon="-8.105278467" /><trkpt lat="41.439281890" lon="-8.105297795" /><trkpt lat="41.439283278" lon="-8.105317101" /><trkpt lat="41.439285087" lon="-8.105336378" /><trkpt lat="41.439287295" lon="-8.105355615" /><trkpt lat="41.439289876" lon="-8.105374804" /><trkpt lat="41.439292810" lon="-8.105393935" /><trkpt lat="41.439296071" lon="-8.105413000" /><trkpt lat="41.439299638" lon="-8.105431991" /><trkpt lat="41.439303487" lon="-8.105450897" /><trkpt lat="41.439307595" lon="-8.105469709" /><trkpt lat="41.439311938" lon="-8.105488420" /><trkpt lat="41.439316494" lon="-8.105507019" /><trkpt lat="41.439321239" lon="-8.105525498" /><trkpt lat="41.439326150" lon="-8.105543847" /><trkpt lat="41.439331204" lon="-8.105562058" /><trkpt lat="41.439336378" lon="-8.105580122" /><trkpt lat="41.439341649" lon="-8.105598030" /><trkpt lat="41.439346993" lon="-8.105615772" /><trkpt lat="41.439352388" lon="-8.105633341" /><trkpt lat="41.439357809" lon="-8.105650725" /><trkpt lat="41.439363235" lon="-8.105667918" /><trkpt lat="41.439368641" lon="-8.105684909" /><trkpt lat="41.439374006" lon="-8.105701690" /><trkpt lat="41.439379304" lon="-8.105718251" /><trkpt lat="41.439384514" lon="-8.105734584" /><trkpt lat="41.439389612" lon="-8.105750680" /><trkpt lat="41.439394575" lon="-8.105766529" /><trkpt lat="41.439399379" lon="-8.105782123" /><trkpt lat="41.439404003" lon="-8.105797453" /><trkpt lat="41.439408422" lon="-8.105812509" /><trkpt lat="41.439412613" lon="-8.105827283" /><trkpt lat="41.439416553" lon="-8.105841765" /><trkpt lat="41.439420219" lon="-8.105855947" /><trkpt lat="41.439423588" lon="-8.105869820" /><trkpt lat="41.439426636" lon="-8.105883374" /><trkpt lat="41.439429341" lon="-8.105896601" /><trkpt lat="41.439431679" lon="-8.105909491" /><trkpt lat="41.439433628" lon="-8.105922036" /><trkpt lat="41.439435163" lon="-8.105934227" /><trkpt lat="41.439436262" lon="-8.105946054" /><trkpt lat="41.439436901" lon="-8.105957508" /><trkpt lat="41.439437350" lon="-8.105973929" /><trkpt lat="41.439437516" lon="-8.105990460" /><trkpt lat="41.439437379" lon="-8.106007058" /><trkpt lat="41.439436920" lon="-8.106023681" /><trkpt lat="41.439436120" lon="-8.106040290" /><trkpt lat="41.439434959" lon="-8.106056840" /><trkpt lat="41.439433417" lon="-8.106073293" /><trkpt lat="41.439431476" lon="-8.106089604" /><trkpt lat="41.439429116" lon="-8.106105734" /><trkpt lat="41.439426318" lon="-8.106121640" /><trkpt lat="41.439423061" lon="-8.106137280" /><trkpt lat="41.439419327" lon="-8.106152614" /><trkpt lat="41.439415095" lon="-8.106167599" /><trkpt lat="41.439410348" lon="-8.106182195" /><trkpt lat="41.439405065" lon="-8.106196358" /><trkpt lat="41.439399226" lon="-8.106210049" /><trkpt lat="41.439392813" lon="-8.106223225" /><trkpt lat="41.439385806" lon="-8.106235844" /><trkpt lat="41.439378185" lon="-8.106247865" /><trkpt lat="41.439369932" lon="-8.106259247" /><trkpt lat="41.439361026" lon="-8.106269947" /><trkpt lat="41.439351448" lon="-8.106279925" /><trkpt lat="41.439341179" lon="-8.106289138" /><trkpt lat="41.439330199" lon="-8.106297546" /><trkpt lat="41.439318489" lon="-8.106305105" /><trkpt lat="41.439306029" lon="-8.106311776" /><trkpt lat="41.439292800" lon="-8.106317516" /><trkpt lat="41.439278783" lon="-8.106322283" /><trkpt lat="41.439263958" lon="-8.106326037" /><trkpt lat="41.439248305" lon="-8.106328734" /><trkpt lat="41.439231806" lon="-8.106330335" /><trkpt lat="41.439215191" lon="-8.106331741" /><trkpt lat="41.439199203" lon="-8.106333878" /><trkpt lat="41.439183842" lon="-8.106336741" /><trkpt lat="41.439169107" lon="-8.106340325" /><trkpt lat="41.439154998" lon="-8.106344624" /><trkpt lat="41.439141516" lon="-8.106349633" /><trkpt lat="41.439128658" lon="-8.106355347" /><trkpt lat="41.439116425" lon="-8.106361759" /><trkpt lat="41.439104817" lon="-8.106368865" /><trkpt lat="41.439093833" lon="-8.106376660" /><trkpt lat="41.439083472" lon="-8.106385137" /><trkpt lat="41.439073735" lon="-8.106394291" /><trkpt lat="41.439064620" lon="-8.106404118" /><trkpt lat="41.439056128" lon="-8.106414611" /><trkpt lat="41.439048258" lon="-8.106425765" /><trkpt lat="41.439041009" lon="-8.106437575" /><trkpt lat="41.439034382" lon="-8.106450036" /><trkpt lat="41.439028376" lon="-8.106463141" /><trkpt lat="41.439022990" lon="-8.106476887" /><trkpt lat="41.439018224" lon="-8.106491266" /><trkpt lat="41.439014077" lon="-8.106506274" /><trkpt lat="41.439010550" lon="-8.106521906" /><trkpt lat="41.439007642" lon="-8.106538155" /><trkpt lat="41.439005352" lon="-8.106555017" /><trkpt lat="41.439003680" lon="-8.106572487" /><trkpt lat="41.439002626" lon="-8.106590558" /><trkpt lat="41.439002188" lon="-8.106609225" /><trkpt lat="41.439002368" lon="-8.106628484" /><trkpt lat="41.439003164" lon="-8.106648328" /><trkpt lat="41.439004576" lon="-8.106668752" /><trkpt lat="41.439006603" lon="-8.106689751" /><trkpt lat="41.439008364" lon="-8.106706531" /><trkpt lat="41.439009932" lon="-8.106723047" /><trkpt lat="41.439011306" lon="-8.106739324" /><trkpt lat="41.439012485" lon="-8.106755383" /><trkpt lat="41.439013466" lon="-8.106771248" /><trkpt lat="41.439014247" lon="-8.106786941" /><trkpt lat="41.439014827" lon="-8.106802485" /><trkpt lat="41.439015204" lon="-8.106817902" /><trkpt lat="41.439015375" lon="-8.106833217" /><trkpt lat="41.439015340" lon="-8.106848451" /><trkpt lat="41.439015097" lon="-8.106863627" /><trkpt lat="41.439014642" lon="-8.106878768" /><trkpt lat="41.439013976" lon="-8.106893897" /><trkpt lat="41.439013095" lon="-8.106909037" /><trkpt lat="41.439011998" lon="-8.106924209" /><trkpt lat="41.439010684" lon="-8.106939438" /><trkpt lat="41.439009149" lon="-8.106954746" /><trkpt lat="41.439007394" lon="-8.106970156" /><trkpt lat="41.439005415" lon="-8.106985690" /><trkpt lat="41.439003211" lon="-8.107001372" /><trkpt lat="41.439000779" lon="-8.107017224" /><trkpt lat="41.438998119" lon="-8.107033268" /><trkpt lat="41.438995229" lon="-8.107049528" /><trkpt lat="41.438992106" lon="-8.107066027" /><trkpt lat="41.438988749" lon="-8.107082787" /><trkpt lat="41.438985155" lon="-8.107099831" /><trkpt lat="41.438981324" lon="-8.107117182" /><trkpt lat="41.438977252" lon="-8.107134862" /><trkpt lat="41.438972940" lon="-8.107152895" /><trkpt lat="41.438968383" lon="-8.107171304" /><trkpt lat="41.438963582" lon="-8.107190110" /><trkpt lat="41.438958533" lon="-8.107209337" /><trkpt lat="41.438953235" lon="-8.107229007" /><trkpt lat="41.438947687" lon="-8.107249144" /><trkpt lat="41.438941886" lon="-8.107269770" /><trkpt lat="41.438935831" lon="-8.107290908" /><trkpt lat="41.438929519" lon="-8.107312580" /><trkpt lat="41.438922949" lon="-8.107334811" /><trkpt lat="41.438916119" lon="-8.107357621" /><trkpt lat="41.438910719" lon="-8.107376095" /><trkpt lat="41.438905591" lon="-8.107394724" /><trkpt lat="41.438900729" lon="-8.107413495" /><trkpt lat="41.438896123" lon="-8.107432397" /><trkpt lat="41.438891765" lon="-8.107451415" /><trkpt lat="41.438887646" lon="-8.107470538" /><trkpt lat="41.438883760" lon="-8.107489753" /><trkpt lat="41.438880096" lon="-8.107509048" /><trkpt lat="41.438876648" lon="-8.107528409" /><trkpt lat="41.438873406" lon="-8.107547825" /><trkpt lat="41.438870363" lon="-8.107567283" /><trkpt lat="41.438867509" lon="-8.107586769" /><trkpt lat="41.438864837" lon="-8.107606272" /><trkpt lat="41.438862339" lon="-8.107625780" /><trkpt lat="41.438860006" lon="-8.107645278" /><trkpt lat="41.438857829" lon="-8.107664755" /><trkpt lat="41.438855801" lon="-8.107684199" /><trkpt lat="41.438853914" lon="-8.107703596" /><trkpt lat="41.438852158" lon="-8.107722934" /><trkpt lat="41.438850525" lon="-8.107742201" /><trkpt lat="41.438849008" lon="-8.107761384" /><trkpt lat="41.438847598" lon="-8.107780469" /><trkpt lat="41.438846287" lon="-8.107799446" /><trkpt lat="41.438845066" lon="-8.107818301" /><trkpt lat="41.438843927" lon="-8.107837021" /><trkpt lat="41.438842861" lon="-8.107855594" /><trkpt lat="41.438841861" lon="-8.107874007" /><trkpt lat="41.438840918" lon="-8.107892249" /><trkpt lat="41.438840024" lon="-8.107910305" /><trkpt lat="41.438839171" lon="-8.107928164" /><trkpt lat="41.438838350" lon="-8.107945814" /><trkpt lat="41.438837552" lon="-8.107963240" /><trkpt lat="41.438836770" lon="-8.107980432" /><trkpt lat="41.438835996" lon="-8.107997375" /><trkpt lat="41.438835220" lon="-8.108014059" /><trkpt lat="41.438834435" lon="-8.108030469" /><trkpt lat="41.438833633" lon="-8.108046594" /><trkpt lat="41.438832804" lon="-8.108062421" /><trkpt lat="41.438831942" lon="-8.108077937" /><trkpt lat="41.438831036" lon="-8.108093130" /><trkpt lat="41.438830080" lon="-8.108107988" /><trkpt lat="41.438829065" lon="-8.108122496" /><trkpt lat="41.438827982" lon="-8.108136644" /><trkpt lat="41.438826824" lon="-8.108150419" /><trkpt lat="41.438825581" lon="-8.108163807" /><trkpt lat="41.438824246" lon="-8.108176796" /><trkpt lat="41.438822810" lon="-8.108189374" /><trkpt lat="41.438821265" lon="-8.108201528" /><trkpt lat="41.438819603" lon="-8.108213246" /><trkpt lat="41.438816809" lon="-8.108231454" /><trkpt lat="41.438813867" lon="-8.108249723" /><trkpt lat="41.438810769" lon="-8.108268030" /><trkpt lat="41.438807507" lon="-8.108286353" /><trkpt lat="41.438804070" lon="-8.108304669" /><trkpt lat="41.438800451" lon="-8.108322955" /><trkpt lat="41.438796641" lon="-8.108341189" /><trkpt lat="41.438792630" lon="-8.108359348" /><trkpt lat="41.438788410" lon="-8.108377409" /><trkpt lat="41.438783971" lon="-8.108395349" /><trkpt lat="41.438779305" lon="-8.108413146" /><trkpt lat="41.438774404" lon="-8.108430778" /><trkpt lat="41.438769257" lon="-8.108448221" /><trkpt lat="41.438763856" lon="-8.108465453" /><trkpt lat="41.438758192" lon="-8.108482450" /><trkpt lat="41.438752257" lon="-8.108499192" /><trkpt lat="41.438746041" lon="-8.108515654" /><trkpt lat="41.438739535" lon="-8.108531814" /><trkpt lat="41.438732731" lon="-8.108547649" /><trkpt lat="41.438725620" lon="-8.108563137" /><trkpt lat="41.438718192" lon="-8.108578255" /><trkpt lat="41.438710440" lon="-8.108592980" /><trkpt lat="41.438702353" lon="-8.108607290" /><trkpt lat="41.438693923" lon="-8.108621161" /><trkpt lat="41.438685141" lon="-8.108634572" /><trkpt lat="41.438675998" lon="-8.108647500" /><trkpt lat="41.438666485" lon="-8.108659921" /><trkpt lat="41.438656594" lon="-8.108671813" /><trkpt lat="41.438646316" lon="-8.108683154" /><trkpt lat="41.438635641" lon="-8.108693920" /><trkpt lat="41.438624560" lon="-8.108704090" /><trkpt lat="41.438612973" lon="-8.108713852" /><trkpt lat="41.438601534" lon="-8.108722776" /><trkpt lat="41.438590240" lon="-8.108730899" /><trkpt lat="41.438579088" lon="-8.108738253" /><trkpt lat="41.438568074" lon="-8.108744876" /><trkpt lat="41.438557195" lon="-8.108750802" /><trkpt lat="41.438546449" lon="-8.108756067" /><trkpt lat="41.438535831" lon="-8.108760705" /><trkpt lat="41.438525339" lon="-8.108764752" /><trkpt lat="41.438514969" lon="-8.108768242" /><trkpt lat="41.438504719" lon="-8.108771212" /><trkpt lat="41.438494584" lon="-8.108773696" /><trkpt lat="41.438484562" lon="-8.108775729" /><trkpt lat="41.438474649" lon="-8.108777347" /><trkpt lat="41.438464842" lon="-8.108778584" /><trkpt lat="41.438455138" lon="-8.108779477" /><trkpt lat="41.438445534" lon="-8.108780059" /><trkpt lat="41.438436026" lon="-8.108780367" /><trkpt lat="41.438426611" lon="-8.108780435" /><trkpt lat="41.438417286" lon="-8.108780299" /><trkpt lat="41.438408048" lon="-8.108779993" /><trkpt lat="41.438398894" lon="-8.108779554" /><trkpt lat="41.438389820" lon="-8.108779016" /><trkpt lat="41.438380822" lon="-8.108778413" /><trkpt lat="41.438371899" lon="-8.108777783" /><trkpt lat="41.438363045" lon="-8.108777159" /><trkpt lat="41.438354260" lon="-8.108776577" /><trkpt lat="41.438345538" lon="-8.108776071" /><trkpt lat="41.438336877" lon="-8.108775678" /><trkpt lat="41.438328273" lon="-8.108775432" /><trkpt lat="41.438319824" lon="-8.108775197" /><trkpt lat="41.438311608" lon="-8.108774811" /><trkpt lat="41.438303593" lon="-8.108774276" /><trkpt lat="41.438295750" lon="-8.108773591" /><trkpt lat="41.438288048" lon="-8.108772757" /><trkpt lat="41.438280456" lon="-8.108771774" /><trkpt lat="41.438272943" lon="-8.108770642" /><trkpt lat="41.438265478" lon="-8.108769362" /><trkpt lat="41.438258032" lon="-8.108767933" /><trkpt lat="41.438250573" lon="-8.108766356" /><trkpt lat="41.438243071" lon="-8.108764632" /><trkpt lat="41.438235494" lon="-8.108762759" /><trkpt lat="41.438227813" lon="-8.108760739" /><trkpt lat="41.438219997" lon="-8.108758573" /><trkpt lat="41.438212014" lon="-8.108756259" /><trkpt lat="41.438203835" lon="-8.108753799" /><trkpt lat="41.438195428" lon="-8.108751192" /><trkpt lat="41.438186764" lon="-8.108748439" /><trkpt lat="41.438177810" lon="-8.108745540" /><trkpt lat="41.438168537" lon="-8.108742495" /><trkpt lat="41.438158914" lon="-8.108739305" /><trkpt lat="41.438148910" lon="-8.108735970" /><trkpt lat="41.438138495" lon="-8.108732490" /><trkpt lat="41.438127638" lon="-8.108728865" /><trkpt lat="41.438116308" lon="-8.108725096" /><trkpt lat="41.438104474" lon="-8.108721182" /><trkpt lat="41.438092106" lon="-8.108717125" /><trkpt lat="41.438079174" lon="-8.108712923" /><trkpt lat="41.438065646" lon="-8.108708578" /><trkpt lat="41.438051491" lon="-8.108704090" /><trkpt lat="41.438037129" lon="-8.108699913" /><trkpt lat="41.438023001" lon="-8.108696491" /><trkpt lat="41.438009114" lon="-8.108693812" /><trkpt lat="41.437995476" lon="-8.108691862" /><trkpt lat="41.437982092" lon="-8.108690629" /><trkpt lat="41.437968969" lon="-8.108690100" /><trkpt lat="41.437956115" lon="-8.108690260" /><trkpt lat="41.437943535" lon="-8.108691098" /><trkpt lat="41.437931237" lon="-8.108692600" /><trkpt lat="41.437919227" lon="-8.108694752" /><trkpt lat="41.437907512" lon="-8.108697542" /><trkpt lat="41.437896098" lon="-8.108700957" /><trkpt lat="41.437884993" lon="-8.108704984" /><trkpt lat="41.437874203" lon="-8.108709609" /><trkpt lat="41.437863735" lon="-8.108714819" /><trkpt lat="41.437853595" lon="-8.108720601" /><trkpt lat="41.437843790" lon="-8.108726943" /><trkpt lat="41.437834327" lon="-8.108733830" /><trkpt lat="41.437825213" lon="-8.108741251" /><trkpt lat="41.437816454" lon="-8.108749191" /><trkpt lat="41.437808056" lon="-8.108757638" /><trkpt lat="41.437800028" lon="-8.108766578" /><trkpt lat="41.437792374" lon="-8.108775999" /><trkpt lat="41.437785103" lon="-8.108785887" /><trkpt lat="41.437778221" lon="-8.108796229" /><trkpt lat="41.437771734" lon="-8.108807012" /><trkpt lat="41.437765649" lon="-8.108818223" /><trkpt lat="41.437759973" lon="-8.108829850" /><trkpt lat="41.437754712" lon="-8.108841877" /><trkpt lat="41.437749874" lon="-8.108854294" /><trkpt lat="41.437745160" lon="-8.108867147" /><trkpt lat="41.437740261" lon="-8.108880446" /><trkpt lat="41.437735165" lon="-8.108894117" /><trkpt lat="41.437729862" lon="-8.108908086" /><trkpt lat="41.437724339" lon="-8.108922280" /><trkpt lat="41.437718586" lon="-8.108936627" /><trkpt lat="41.437712592" lon="-8.108951052" /><trkpt lat="41.437706346" lon="-8.108965483" /><trkpt lat="41.437699836" lon="-8.108979845" /><trkpt lat="41.437693051" lon="-8.108994067" /><trkpt lat="41.437685980" lon="-8.109008074" /><trkpt lat="41.437678612" lon="-8.109021792" /><trkpt lat="41.437670936" lon="-8.109035150" /><trkpt lat="41.437662940" lon="-8.109048073" /><trkpt lat="41.437654613" lon="-8.109060489" /><trkpt lat="41.437645945" lon="-8.109072323" /><trkpt lat="41.437636923" lon="-8.109083503" /><trkpt lat="41.437627538" lon="-8.109093955" /><trkpt lat="41.437617777" lon="-8.109103605" /><trkpt lat="41.437607630" lon="-8.109112382" /><trkpt lat="41.437597084" lon="-8.109120211" /><trkpt lat="41.437586130" lon="-8.109127018" /><trkpt lat="41.437574756" lon="-8.109132732" /><trkpt lat="41.437562951" lon="-8.109137278" /><trkpt lat="41.437550704" lon="-8.109140582" /><trkpt lat="41.437538003" lon="-8.109142573" /><trkpt lat="41.437524837" lon="-8.109143176" /><trkpt lat="41.437511195" lon="-8.109142318" /><trkpt lat="41.437497066" lon="-8.109139926" /><trkpt lat="41.437482439" lon="-8.109135926" /><trkpt lat="41.437467730" lon="-8.109131127" /><trkpt lat="41.437453350" lon="-8.109126395" /><trkpt lat="41.437439278" lon="-8.109121742" /><trkpt lat="41.437425494" lon="-8.109117183" /><trkpt lat="41.437411978" lon="-8.109112730" /><trkpt lat="41.437398710" lon="-8.109108396" /><trkpt lat="41.437385670" lon="-8.109104194" /><trkpt lat="41.437372837" lon="-8.109100138" /><trkpt lat="41.437360193" lon="-8.109096240" /><trkpt lat="41.437347716" lon="-8.109092514" /><trkpt lat="41.437335386" lon="-8.109088972" /><trkpt lat="41.437323184" lon="-8.109085629" /><trkpt lat="41.437311089" lon="-8.109082497" /><trkpt lat="41.437299081" lon="-8.109079588" /><trkpt lat="41.437287141" lon="-8.109076917" /><trkpt lat="41.437275247" lon="-8.109074496" /><trkpt lat="41.437263380" lon="-8.109072339" /><trkpt lat="41.437251519" lon="-8.109070458" /><trkpt lat="41.437239645" lon="-8.109068867" /><trkpt lat="41.437227738" lon="-8.109067579" /><trkpt lat="41.437215777" lon="-8.109066607" /><trkpt lat="41.437203743" lon="-8.109065963" /><trkpt lat="41.437191614" lon="-8.109065662" /><trkpt lat="41.437179372" lon="-8.109065716" /><trkpt lat="41.437166995" lon="-8.109066139" /><trkpt lat="41.437154464" lon="-8.109066943" /><trkpt lat="41.437141760" lon="-8.109068141" /><trkpt lat="41.437128860" lon="-8.109069747" /><trkpt lat="41.437115746" lon="-8.109071774" /><trkpt lat="41.437102398" lon="-8.109074235" /><trkpt lat="41.437089331" lon="-8.109077066" /><trkpt lat="41.437076239" lon="-8.109080373" /><trkpt lat="41.437063172" lon="-8.109084161" /><trkpt lat="41.437050180" lon="-8.109088438" /><trkpt lat="41.437037314" lon="-8.109093210" /><trkpt lat="41.437024623" lon="-8.109098483" /><trkpt lat="41.437012159" lon="-8.109104263" /><trkpt lat="41.436999970" lon="-8.109110558" /><trkpt lat="41.436988108" lon="-8.109117374" /><trkpt lat="41.436976623" lon="-8.109124717" /><trkpt lat="41.436965565" lon="-8.109132594" /><trkpt lat="41.436954983" lon="-8.109141011" /><trkpt lat="41.436944929" lon="-8.109149974" /><trkpt lat="41.436935453" lon="-8.109159491" /><trkpt lat="41.436926604" lon="-8.109169568" /><trkpt lat="41.436918433" lon="-8.109180210" /><trkpt lat="41.436910990" lon="-8.109191425" /><trkpt lat="41.436904326" lon="-8.109203220" /><trkpt lat="41.436898490" lon="-8.109215600" /><trkpt lat="41.436893533" lon="-8.109228572" /><trkpt lat="41.436889505" lon="-8.109242142" /><trkpt lat="41.436886457" lon="-8.109256318" /><trkpt lat="41.436884438" lon="-8.109271105" /><trkpt lat="41.436883498" lon="-8.109286510" /><trkpt lat="41.436883689" lon="-8.109302539" /><trkpt lat="41.436885059" lon="-8.109319200" /><trkpt lat="41.436887660" lon="-8.109336498" /><trkpt lat="41.436891541" lon="-8.109354439" /><trkpt lat="41.436896754" lon="-8.109373032" /><trkpt lat="41.436903347" lon="-8.109392281" /><trkpt lat="41.436911371" lon="-8.109412193" /><trkpt lat="41.436916083" lon="-8.109423779" /><trkpt lat="41.436920528" lon="-8.109436099" /><trkpt lat="41.436924712" lon="-8.109449126" /><trkpt lat="41.436928642" lon="-8.109462831" /><trkpt lat="41.436932323" lon="-8.109477183" /><trkpt lat="41.436935762" lon="-8.109492154" /><trkpt lat="41.436938965" lon="-8.109507716" /><trkpt lat="41.436941938" lon="-8.109523837" /><trkpt lat="41.436944687" lon="-8.109540491" /><trkpt lat="41.436947219" lon="-8.109557646" /><trkpt lat="41.436949540" lon="-8.109575275" /><trkpt lat="41.436951655" lon="-8.109593348" /><trkpt lat="41.436953571" lon="-8.109611836" /><trkpt lat="41.436955295" lon="-8.109630710" /><trkpt lat="41.436956832" lon="-8.109649940" /><trkpt lat="41.436958189" lon="-8.109669498" /><trkpt lat="41.436959371" lon="-8.109689354" /><trkpt lat="41.436960385" lon="-8.109709479" /><trkpt lat="41.436961238" lon="-8.109729845" /><trkpt lat="41.436961935" lon="-8.109750421" /><trkpt lat="41.436962482" lon="-8.109771180" /><trkpt lat="41.436962886" lon="-8.109792091" /><trkpt lat="41.436963153" lon="-8.109813125" /><trkpt lat="41.436963289" lon="-8.109834254" /><trkpt lat="41.436963300" lon="-8.109855448" /><trkpt lat="41.436963193" lon="-8.109876679" /><trkpt lat="41.436962973" lon="-8.109897916" /><trkpt lat="41.436962647" lon="-8.109919131" /><trkpt lat="41.436962221" lon="-8.109940295" /><trkpt lat="41.436961701" lon="-8.109961378" /><trkpt lat="41.436961094" lon="-8.109982351" /><trkpt lat="41.436960405" lon="-8.110003186" /><trkpt lat="41.436959640" lon="-8.110023853" /><trkpt lat="41.436958807" lon="-8.110044323" /><trkpt lat="41.436957911" lon="-8.110064567" /><trkpt lat="41.436956957" lon="-8.110084556" /><trkpt lat="41.436955954" lon="-8.110104260" /><trkpt lat="41.436954906" lon="-8.110123650" /><trkpt lat="41.436953820" lon="-8.110142698" /><trkpt lat="41.436952701" lon="-8.110161374" /><trkpt lat="41.436951557" lon="-8.110179649" /><trkpt lat="41.436950394" lon="-8.110197494" /><trkpt lat="41.436949216" lon="-8.110214879" /><trkpt lat="41.436948032" lon="-8.110231776" /><trkpt lat="41.436946846" lon="-8.110248156" /><trkpt lat="41.436945666" lon="-8.110263988" /><trkpt lat="41.436944497" lon="-8.110279245" /><trkpt lat="41.436943345" lon="-8.110293897" /><trkpt lat="41.436942217" lon="-8.110307915" /><trkpt lat="41.436941118" lon="-8.110321269" /><trkpt lat="41.436940056" lon="-8.110333931" /><trkpt lat="41.436939036" lon="-8.110345872" /><trkpt lat="41.436938064" lon="-8.110357062" /><trkpt lat="41.436937147" lon="-8.110367471" /><trkpt lat="41.436936291" lon="-8.110377072" /><trkpt lat="41.436935501" lon="-8.110385835" /><trkpt lat="41.436934632" lon="-8.110395655" /><trkpt lat="41.436933717" lon="-8.110406421" /><trkpt lat="41.436932755" lon="-8.110418095" /><trkpt lat="41.436931748" lon="-8.110430636" /><trkpt lat="41.436930697" lon="-8.110444007" /><trkpt lat="41.436929603" lon="-8.110458168" /><trkpt lat="41.436928467" lon="-8.110473081" /><trkpt lat="41.436927291" lon="-8.110488707" /><trkpt lat="41.436926075" lon="-8.110505007" /><trkpt lat="41.436924820" lon="-8.110521941" /><trkpt lat="41.436923527" lon="-8.110539472" /><trkpt lat="41.436922198" lon="-8.110557560" /><trkpt lat="41.436920833" lon="-8.110576166" /><trkpt lat="41.436919433" lon="-8.110595252" /><trkpt lat="41.436918001" lon="-8.110614778" /><trkpt lat="41.436916536" lon="-8.110634706" /><trkpt lat="41.436915040" lon="-8.110654996" /><trkpt lat="41.436913513" lon="-8.110675611" /><trkpt lat="41.436911958" lon="-8.110696511" /><trkpt lat="41.436910374" lon="-8.110717657" /><trkpt lat="41.436908763" lon="-8.110739010" /><trkpt lat="41.436907126" lon="-8.110760531" /><trkpt lat="41.436905465" lon="-8.110782182" /><trkpt lat="41.436903779" lon="-8.110803924" /><trkpt lat="41.436902071" lon="-8.110825717" /><trkpt lat="41.436900341" lon="-8.110847524" /><trkpt lat="41.436898591" lon="-8.110869304" /><trkpt lat="41.436896821" lon="-8.110891019" /><trkpt lat="41.436895032" lon="-8.110912631" /><trkpt lat="41.436893226" lon="-8.110934100" /><trkpt lat="41.436891403" lon="-8.110955388" /><trkpt lat="41.436889565" lon="-8.110976455" /><trkpt lat="41.436887713" lon="-8.110997262" /><trkpt lat="41.436885847" lon="-8.111017772" /><trkpt lat="41.436883970" lon="-8.111037945" /><trkpt lat="41.436882081" lon="-8.111057741" /><trkpt lat="41.436880182" lon="-8.111077123" /><trkpt lat="41.436878275" lon="-8.111096051" /><trkpt lat="41.436876359" lon="-8.111114486" /><trkpt lat="41.436874437" lon="-8.111132390" /><trkpt lat="41.436872508" lon="-8.111149724" /><trkpt lat="41.436870575" lon="-8.111166449" /><trkpt lat="41.436868639" lon="-8.111182525" /><trkpt lat="41.436866699" lon="-8.111197914" /><trkpt lat="41.436864759" lon="-8.111212578" /><trkpt lat="41.436862817" lon="-8.111226477" /><trkpt lat="41.436860877" lon="-8.111239572" /><trkpt lat="41.436858937" lon="-8.111251824" /><trkpt lat="41.436857001" lon="-8.111263195" /><trkpt lat="41.436855068" lon="-8.111273646" /><trkpt lat="41.436853101" lon="-8.111283422" /><trkpt lat="41.436850846" lon="-8.111293906" /><trkpt lat="41.436848315" lon="-8.111305074" /><trkpt lat="41.436845517" lon="-8.111316900" /><trkpt lat="41.436842461" lon="-8.111329360" /><trkpt lat="41.436839157" lon="-8.111342430" /><trkpt lat="41.436835616" lon="-8.111356083" /><trkpt lat="41.436831846" lon="-8.111370296" /><trkpt lat="41.436827857" lon="-8.111385043" /><trkpt lat="41.436823660" lon="-8.111400300" /><trkpt lat="41.436819264" lon="-8.111416041" /><trkpt lat="41.436814678" lon="-8.111432242" /><trkpt lat="41.436809912" lon="-8.111448879" /><trkpt lat="41.436804977" lon="-8.111465925" /><trkpt lat="41.436799881" lon="-8.111483357" /><trkpt lat="41.436794635" lon="-8.111501149" /><trkpt lat="41.436789248" lon="-8.111519277" /><trkpt lat="41.436783730" lon="-8.111537715" /><trkpt lat="41.436778091" lon="-8.111556439" /><trkpt lat="41.436772340" lon="-8.111575424" /><trkpt lat="41.436766488" lon="-8.111594645" /><trkpt lat="41.436760543" lon="-8.111614077" /><trkpt lat="41.436754515" lon="-8.111633696" /><trkpt lat="41.436748415" lon="-8.111653476" /><trkpt lat="41.436742253" lon="-8.111673393" /><trkpt lat="41.436736036" lon="-8.111693422" /><trkpt lat="41.436729777" lon="-8.111713537" /><trkpt lat="41.436723483" lon="-8.111733715" /><trkpt lat="41.436717166" lon="-8.111753930" /><trkpt lat="41.436710834" lon="-8.111774157" /><trkpt lat="41.436704497" lon="-8.111794371" /><trkpt lat="41.436698166" lon="-8.111814549" /><trkpt lat="41.436691849" lon="-8.111834663" /><trkpt lat="41.436685557" lon="-8.111854691" /><trkpt lat="41.436679299" lon="-8.111874607" /><trkpt lat="41.436673086" lon="-8.111894386" /><trkpt lat="41.436666926" lon="-8.111914003" /><trkpt lat="41.436660829" lon="-8.111933434" /><trkpt lat="41.436654806" lon="-8.111952653" /><trkpt lat="41.436648865" lon="-8.111971636" /><trkpt lat="41.436643017" lon="-8.111990357" /><trkpt lat="41.436637272" lon="-8.112008793" /><trkpt lat="41.436631639" lon="-8.112026918" /><trkpt lat="41.436626127" lon="-8.112044707" /><trkpt lat="41.436620747" lon="-8.112062135" /><trkpt lat="41.436615508" lon="-8.112079178" /><trkpt lat="41.436610420" lon="-8.112095811" /><trkpt lat="41.436605493" lon="-8.112112009" /><trkpt lat="41.436600736" lon="-8.112127746" /><trkpt lat="41.436596160" lon="-8.112142998" /><trkpt lat="41.436591773" lon="-8.112157741" /><trkpt lat="41.436587586" lon="-8.112171949" /><trkpt lat="41.436583608" lon="-8.112185597" /><trkpt lat="41.436578735" lon="-8.112204251" /><trkpt lat="41.436574884" lon="-8.112222929" /><trkpt lat="41.436572018" lon="-8.112241611" /><trkpt lat="41.436570097" lon="-8.112260279" /><trkpt lat="41.436569083" lon="-8.112278911" /><trkpt lat="41.436568938" lon="-8.112297488" /><trkpt lat="41.436569623" lon="-8.112315990" /><trkpt lat="41.436571100" lon="-8.112334396" /><trkpt lat="41.436573331" lon="-8.112352688" /><trkpt lat="41.436576276" lon="-8.112370845" /><trkpt lat="41.436579898" lon="-8.112388848" /><trkpt lat="41.436584157" lon="-8.112406675" /><trkpt lat="41.436589016" lon="-8.112424308" /><trkpt lat="41.436594435" lon="-8.112441726" /><trkpt lat="41.436600377" lon="-8.112458909" /><trkpt lat="41.436606803" lon="-8.112475838" /><trkpt lat="41.436613675" lon="-8.112492492" /><trkpt lat="41.436620953" lon="-8.112508852" /><trkpt lat="41.436628600" lon="-8.112524897" /><trkpt lat="41.436636577" lon="-8.112540608" /><trkpt lat="41.436644846" lon="-8.112555965" /><trkpt lat="41.436653367" lon="-8.112570947" /><trkpt lat="41.436662104" lon="-8.112585535" /><trkpt lat="41.436671016" lon="-8.112599710" /><trkpt lat="41.436680066" lon="-8.112613450" /><trkpt lat="41.436689215" lon="-8.112626736" /><trkpt lat="41.436698425" lon="-8.112639548" /><trkpt lat="41.436707657" lon="-8.112651866" /><trkpt lat="41.436716873" lon="-8.112663671" /><trkpt lat="41.436726034" lon="-8.112674941" /><trkpt lat="41.436735101" lon="-8.112685658" /><trkpt lat="41.436744037" lon="-8.112695801" /><trkpt lat="41.436752803" lon="-8.112705351" /><trkpt lat="41.436761360" lon="-8.112714287" /><trkpt lat="41.436769671" lon="-8.112722590" /><trkpt lat="41.436777695" lon="-8.112730239" /><trkpt lat="41.436785395" lon="-8.112737214" /><trkpt lat="41.436792733" lon="-8.112743497" /><trkpt lat="41.436801607" lon="-8.112751149" /><trkpt lat="41.436810126" lon="-8.112759080" /><trkpt lat="41.436818287" lon="-8.112767283" /><trkpt lat="41.436826082" lon="-8.112775750" /><trkpt lat="41.436833508" lon="-8.112784475" /><trkpt lat="41.436840558" lon="-8.112793450" /><trkpt lat="41.436847228" lon="-8.112802669" /><trkpt lat="41.436853512" lon="-8.112812123" /><trkpt lat="41.436859404" lon="-8.112821807" /><trkpt lat="41.436864899" lon="-8.112831712" /><trkpt lat="41.436869992" lon="-8.112841831" /><trkpt lat="41.436874678" lon="-8.112852159" /><trkpt lat="41.436878951" lon="-8.112862686" /><trkpt lat="41.436882805" lon="-8.112873406" /><trkpt lat="41.436886236" lon="-8.112884313" /><trkpt lat="41.436889238" lon="-8.112895398" /><trkpt lat="41.436891806" lon="-8.112906655" /><trkpt lat="41.436893933" lon="-8.112918077" /><trkpt lat="41.436895616" lon="-8.112929655" /><trkpt lat="41.436896849" lon="-8.112941384" /><trkpt lat="41.436897625" lon="-8.112953256" /><trkpt lat="41.436897941" lon="-8.112965264" /><trkpt lat="41.436897790" lon="-8.112977401" /><trkpt lat="41.436897167" lon="-8.112989659" /><trkpt lat="41.436896067" lon="-8.113002032" /><trkpt lat="41.436894484" lon="-8.113014512" /><trkpt lat="41.436892413" lon="-8.113027092" /><trkpt lat="41.436889849" lon="-8.113039765" /><trkpt lat="41.436886787" lon="-8.113052524" /><trkpt lat="41.436883220" lon="-8.113065362" /><trkpt lat="41.436880195" lon="-8.113075716" /><trkpt lat="41.436877155" lon="-8.113086447" /><trkpt lat="41.436874100" lon="-8.113097557" /><trkpt lat="41.436871031" lon="-8.113109044" /><trkpt lat="41.436867948" lon="-8.113120907" /><trkpt lat="41.436864853" lon="-8.113133147" /><trkpt lat="41.436861747" lon="-8.113145761" /><trkpt lat="41.436858630" lon="-8.113158751" /><trkpt lat="41.436855504" lon="-8.113172115" /><trkpt lat="41.436852369" lon="-8.113185852" /><trkpt lat="41.436849226" lon="-8.113199963" /><trkpt lat="41.436846075" lon="-8.113214446" /><trkpt lat="41.436842919" lon="-8.113229301" /><trkpt lat="41.436839757" lon="-8.113244527" /><trkpt lat="41.436836591" lon="-8.113260124" /><trkpt lat="41.436833422" lon="-8.113276091" /><trkpt lat="41.436830250" lon="-8.113292427" /><trkpt lat="41.436827076" lon="-8.113309133" /><trkpt lat="41.436823901" lon="-8.113326207" /><trkpt lat="41.436820726" lon="-8.113343648" /><trkpt lat="41.436817552" lon="-8.113361457" /><trkpt lat="41.436814380" lon="-8.113379633" /><trkpt lat="41.436811210" lon="-8.113398174" /><trkpt lat="41.436808044" lon="-8.113417081" /><trkpt lat="41.436804883" lon="-8.113436353" /><trkpt lat="41.436801726" lon="-8.113455989" /><trkpt lat="41.436798576" lon="-8.113475989" /><trkpt lat="41.436795433" lon="-8.113496352" /><trkpt lat="41.436792298" lon="-8.113517077" /><trkpt lat="41.436789171" lon="-8.113538164" /><trkpt lat="41.436786054" lon="-8.113559613" /><trkpt lat="41.436782948" lon="-8.113581422" /><trkpt lat="41.436779853" lon="-8.113603592" /><trkpt lat="41.436776771" lon="-8.113626121" /><trkpt lat="41.436773702" lon="-8.113649009" /><trkpt lat="41.436770646" lon="-8.113672255" /><trkpt lat="41.436767606" lon="-8.113695860" /><trkpt lat="41.436764582" lon="-8.113719821" /><trkpt lat="41.436762158" lon="-8.113738293" /><trkpt lat="41.436759480" lon="-8.113757004" /><trkpt lat="41.436756556" lon="-8.113775936" /><trkpt lat="41.436753397" lon="-8.113795070" /><trkpt lat="41.436750013" lon="-8.113814388" /><trkpt lat="41.436746415" lon="-8.113833871" /><trkpt lat="41.436742612" lon="-8.113853501" /><trkpt lat="41.436738614" lon="-8.113873260" /><trkpt lat="41.436734432" lon="-8.113893129" /><trkpt lat="41.436730076" lon="-8.113913090" /><trkpt lat="41.436725556" lon="-8.113933125" /><trkpt lat="41.436720882" lon="-8.113953214" /><trkpt lat="41.436716064" lon="-8.113973340" /><trkpt lat="41.436711112" lon="-8.113993484" /><trkpt lat="41.436706037" lon="-8.114013627" /><trkpt lat="41.436700848" lon="-8.114033753" /><trkpt lat="41.436695556" lon="-8.114053841" /><trkpt lat="41.436690171" lon="-8.114073873" /><trkpt lat="41.436684703" lon="-8.114093832" /><trkpt lat="41.436679162" lon="-8.114113698" /><trkpt lat="41.436673559" lon="-8.114133454" /><trkpt lat="41.436667902" lon="-8.114153080" /><trkpt lat="41.436662204" lon="-8.114172559" /><trkpt lat="41.436656472" lon="-8.114191872" /><trkpt lat="41.436650719" lon="-8.114211001" /><trkpt lat="41.436644954" lon="-8.114229926" /><trkpt lat="41.436639187" lon="-8.114248631" /><trkpt lat="41.436633427" lon="-8.114267096" /><trkpt lat="41.436627687" lon="-8.114285303" /><trkpt lat="41.436621975" lon="-8.114303234" /><trkpt lat="41.436616301" lon="-8.114320869" /><trkpt lat="41.436610676" lon="-8.114338192" /><trkpt lat="41.436605110" lon="-8.114355183" /><trkpt lat="41.436599613" lon="-8.114371824" /><trkpt lat="41.436594195" lon="-8.114388096" /><trkpt lat="41.436588866" lon="-8.114403982" /><trkpt lat="41.436583637" lon="-8.114419462" /><trkpt lat="41.436578518" lon="-8.114434518" /><trkpt lat="41.436573518" lon="-8.114449133" /><trkpt lat="41.436568648" lon="-8.114463286" /><trkpt lat="41.436563917" lon="-8.114476961" /><trkpt lat="41.436559337" lon="-8.114490139" /><trkpt lat="41.436554917" lon="-8.114502801" /><trkpt lat="41.436550668" lon="-8.114514928" /><trkpt lat="41.436546599" lon="-8.114526503" /><trkpt lat="41.436542721" lon="-8.114537507" /><trkpt lat="41.436539043" lon="-8.114547922" /><trkpt lat="41.436535576" lon="-8.114557729" /><trkpt lat="41.436532330" lon="-8.114566910" /><trkpt lat="41.436529316" lon="-8.114575446" /><trkpt lat="41.436524625" lon="-8.114588632" /><trkpt lat="41.436519617" lon="-8.114602509" /><trkpt lat="41.436514316" lon="-8.114617033" /><trkpt lat="41.436508748" lon="-8.114632154" /><trkpt lat="41.436502937" lon="-8.114647828" /><trkpt lat="41.436496908" lon="-8.114664008" /><trkpt lat="41.436490684" lon="-8.114680646" /><trkpt lat="41.436484292" lon="-8.114697696" /><trkpt lat="41.436477756" lon="-8.114715111" /><trkpt lat="41.436471100" lon="-8.114732845" /><trkpt lat="41.436464349" lon="-8.114750852" /><trkpt lat="41.436457527" lon="-8.114769083" /><trkpt lat="41.436450660" lon="-8.114787494" /><trkpt lat="41.436443772" lon="-8.114806036" /><trkpt lat="41.436436887" lon="-8.114824664" /><trkpt lat="41.436430031" lon="-8.114843331" /><trkpt lat="41.436423228" lon="-8.114861990" /><trkpt lat="41.436416503" lon="-8.114880595" /><trkpt lat="41.436409880" lon="-8.114899098" /><trkpt lat="41.436403384" lon="-8.114917453" /><trkpt lat="41.436397040" lon="-8.114935614" /><trkpt lat="41.436390872" lon="-8.114953534" /><trkpt lat="41.436384905" lon="-8.114971166" /><trkpt lat="41.436379164" lon="-8.114988464" /><trkpt lat="41.436373673" lon="-8.115005380" /><trkpt lat="41.436368457" lon="-8.115021869" /><trkpt lat="41.436363541" lon="-8.115037883" /><trkpt lat="41.436358949" lon="-8.115053377" /><trkpt lat="41.436354707" lon="-8.115068302" /><trkpt lat="41.436350838" lon="-8.115082613" /><trkpt lat="41.436347367" lon="-8.115096263" /><trkpt lat="41.436344320" lon="-8.115109205" /><trkpt lat="41.436340948" lon="-8.115122904" /><trkpt lat="41.436336893" lon="-8.115137146" /><trkpt lat="41.436332195" lon="-8.115151887" /><trkpt lat="41.436326893" lon="-8.115167081" /><trkpt lat="41.436321028" lon="-8.115182680" /><trkpt lat="41.436314640" lon="-8.115198641" /><trkpt lat="41.436307770" lon="-8.115214916" /><trkpt lat="41.436300457" lon="-8.115231460" /><trkpt lat="41.436292742" lon="-8.115248227" /><trkpt lat="41.436284665" lon="-8.115265171" /><trkpt lat="41.436276267" lon="-8.115282246" /><trkpt lat="41.436267587" lon="-8.115299406" /><trkpt lat="41.436258665" lon="-8.115316606" /><trkpt lat="41.436249543" lon="-8.115333799" /><trkpt lat="41.436240259" lon="-8.115350939" /><trkpt lat="41.436230855" lon="-8.115367982" /><trkpt lat="41.436221371" lon="-8.115384880" /><trkpt lat="41.436211846" lon="-8.115401587" /><trkpt lat="41.436202322" lon="-8.115418059" /><trkpt lat="41.436192837" lon="-8.115434249" /><trkpt lat="41.436183433" lon="-8.115450111" /><trkpt lat="41.436174150" lon="-8.115465600" /><trkpt lat="41.436165027" lon="-8.115480668" /><trkpt lat="41.436156106" lon="-8.115495272" /><trkpt lat="41.436147426" lon="-8.115509364" /><trkpt lat="41.436139027" lon="-8.115522898" /><trkpt lat="41.436130950" lon="-8.115535829" /><trkpt lat="41.436123236" lon="-8.115548112" /><trkpt lat="41.436115923" lon="-8.115559699" /><trkpt lat="41.436109052" lon="-8.115570545" /><trkpt lat="41.436103336" lon="-8.115579811" /><trkpt lat="41.436097261" lon="-8.115590137" /><trkpt lat="41.436090851" lon="-8.115601464" /><trkpt lat="41.436084131" lon="-8.115613733" /><trkpt lat="41.436077123" lon="-8.115626886" /><trkpt lat="41.436069850" lon="-8.115640866" /><trkpt lat="41.436062338" lon="-8.115655614" /><trkpt lat="41.436054608" lon="-8.115671071" /><trkpt lat="41.436046685" lon="-8.115687179" /><trkpt lat="41.436038592" lon="-8.115703881" /><trkpt lat="41.436030353" lon="-8.115721117" /><trkpt lat="41.436021991" lon="-8.115738829" /><trkpt lat="41.436013529" lon="-8.115756959" /><trkpt lat="41.436004992" lon="-8.115775450" /><trkpt lat="41.435996402" lon="-8.115794241" /><trkpt lat="41.435987784" lon="-8.115813276" /><trkpt lat="41.435979161" lon="-8.115832496" /><trkpt lat="41.435970556" lon="-8.115851842" /><trkpt lat="41.435961993" lon="-8.115871256" /><trkpt lat="41.435953495" lon="-8.115890681" /><trkpt lat="41.435945086" lon="-8.115910057" /><trkpt lat="41.435936790" lon="-8.115929327" /><trkpt lat="41.435928630" lon="-8.115948432" /><trkpt lat="41.435920629" lon="-8.115967313" /><trkpt lat="41.435912812" lon="-8.115985914" /><trkpt lat="41.435905201" lon="-8.116004174" /><trkpt lat="41.435897820" lon="-8.116022036" /><trkpt lat="41.435890693" lon="-8.116039442" /><trkpt lat="41.435883843" lon="-8.116056334" /><trkpt lat="41.435877294" lon="-8.116072652" /><trkpt lat="41.435871069" lon="-8.116088339" /><trkpt lat="41.435865192" lon="-8.116103337" /><trkpt lat="41.435859686" lon="-8.116117587" /><trkpt lat="41.435854575" lon="-8.116131031" /><trkpt lat="41.435849883" lon="-8.116143610" /><trkpt lat="41.435845632" lon="-8.116155267" /><trkpt lat="41.435840848" lon="-8.116167776" /><trkpt lat="41.435835302" lon="-8.116180893" /><trkpt lat="41.435829039" lon="-8.116194573" /><trkpt lat="41.435822107" lon="-8.116208773" /><trkpt lat="41.435814551" lon="-8.116223449" /><trkpt lat="41.435806419" lon="-8.116238558" /><trkpt lat="41.435797755" lon="-8.116254057" /><trkpt lat="41.435788607" lon="-8.116269902" /><trkpt lat="41.435779021" lon="-8.116286050" /><trkpt lat="41.435769043" lon="-8.116302457" /><trkpt lat="41.435758719" lon="-8.116319080" /><trkpt lat="41.435748096" lon="-8.116335876" /><trkpt lat="41.435737221" lon="-8.116352800" /><trkpt lat="41.435726139" lon="-8.116369810" /><trkpt lat="41.435714897" lon="-8.116386862" /><trkpt lat="41.435703541" lon="-8.116403912" /><trkpt lat="41.435692118" lon="-8.116420918" /><trkpt lat="41.435680673" lon="-8.116437836" /><trkpt lat="41.435669254" lon="-8.116454622" /><trkpt lat="41.435657906" lon="-8.116471233" /><trkpt lat="41.435646676" lon="-8.116487625" /><trkpt lat="41.435635610" lon="-8.116503755" /><trkpt lat="41.435624755" lon="-8.116519580" /><trkpt lat="41.435614157" lon="-8.116535056" /><trkpt lat="41.435603861" lon="-8.116550140" /><trkpt lat="41.435593915" lon="-8.116564788" /><trkpt lat="41.435584366" lon="-8.116578957" /><trkpt lat="41.435575258" lon="-8.116592603" /><trkpt lat="41.435566638" lon="-8.116605684" /><trkpt lat="41.435558554" lon="-8.116618154" /><trkpt lat="41.435551050" lon="-8.116629972" /><trkpt lat="41.435544174" lon="-8.116641094" /><trkpt lat="41.435537972" lon="-8.116651475" /><trkpt lat="41.435532482" lon="-8.116660911" /><trkpt lat="41.435526467" lon="-8.116671347" /><trkpt lat="41.435519957" lon="-8.116682724" /><trkpt lat="41.435512981" lon="-8.116694985" /><trkpt lat="41.435505571" lon="-8.116708072" /><trkpt lat="41.435497755" lon="-8.116721925" /><trkpt lat="41.435489564" lon="-8.116736488" /><trkpt lat="41.435481027" lon="-8.116751702" /><trkpt lat="41.435472176" lon="-8.116767509" /><trkpt lat="41.435463040" lon="-8.116783850" /><trkpt lat="41.435453648" lon="-8.116800668" /><trkpt lat="41.435444031" lon="-8.116817904" /><trkpt lat="41.435434220" lon="-8.116835501" /><trkpt lat="41.435424243" lon="-8.116853400" /><trkpt lat="41.435414131" lon="-8.116871543" /><trkpt lat="41.435403914" lon="-8.116889872" /><trkpt lat="41.435393622" lon="-8.116908328" /><trkpt lat="41.435383285" lon="-8.116926854" /><trkpt lat="41.435372933" lon="-8.116945391" /><trkpt lat="41.435362596" lon="-8.116963882" /><trkpt lat="41.435352304" lon="-8.116982268" /><trkpt lat="41.435342087" lon="-8.117000491" /><trkpt lat="41.435331976" lon="-8.117018493" /><trkpt lat="41.435321999" lon="-8.117036215" /><trkpt lat="41.435312187" lon="-8.117053600" /><trkpt lat="41.435302570" lon="-8.117070590" /><trkpt lat="41.435293179" lon="-8.117087126" /><trkpt lat="41.435284042" lon="-8.117103150" /><trkpt lat="41.435275191" lon="-8.117118604" /><trkpt lat="41.435266655" lon="-8.117133430" /><trkpt lat="41.435258464" lon="-8.117147569" /><trkpt lat="41.435250648" lon="-8.117160964" /><trkpt lat="41.435243237" lon="-8.117173557" /><trkpt lat="41.435236261" lon="-8.117185289" /><trkpt lat="41.435229751" lon="-8.117196102" /><trkpt lat="41.435223736" lon="-8.117205938" /><trkpt lat="41.435218246" lon="-8.117214739" /><trkpt lat="41.435211901" lon="-8.117225229" /><trkpt lat="41.435205723" lon="-8.117236288" /><trkpt lat="41.435199690" lon="-8.117247878" /><trkpt lat="41.435193779" lon="-8.117259959" /><trkpt lat="41.435187971" lon="-8.117272494" /><trkpt lat="41.435182243" lon="-8.117285442" /><trkpt lat="41.435176574" lon="-8.117298766" /><trkpt lat="41.435170943" lon="-8.117312427" /><trkpt lat="41.435165328" lon="-8.117326386" /><trkpt lat="41.435159707" lon="-8.117340604" /><trkpt lat="41.435154060" lon="-8.117355043" /><trkpt lat="41.435148364" lon="-8.117369664" /><trkpt lat="41.435142599" lon="-8.117384427" /><trkpt lat="41.435136742" lon="-8.117399295" /><trkpt lat="41.435130773" lon="-8.117414229" /><trkpt lat="41.435124670" lon="-8.117429189" /><trkpt lat="41.435118411" lon="-8.117444137" /><trkpt lat="41.435111976" lon="-8.117459035" /><trkpt lat="41.435105341" lon="-8.117473843" /><trkpt lat="41.435098488" lon="-8.117488523" /><trkpt lat="41.435091392" lon="-8.117503037" /><trkpt lat="41.435084034" lon="-8.117517344" /><trkpt lat="41.435076392" lon="-8.117531407" /><trkpt lat="41.435068444" lon="-8.117545187" /><trkpt lat="41.435060169" lon="-8.117558646" /><trkpt lat="41.435051546" lon="-8.117571743" /><trkpt lat="41.435042552" lon="-8.117584442" /><trkpt lat="41.435033167" lon="-8.117596702" /><trkpt lat="41.435023370" lon="-8.117608485" /><trkpt lat="41.435013137" lon="-8.117619753" /><trkpt lat="41.435002973" lon="-8.117630821" /><trkpt lat="41.434993383" lon="-8.117642031" /><trkpt lat="41.434984350" lon="-8.117653380" /><trkpt lat="41.434975859" lon="-8.117664866" /><trkpt lat="41.434967893" lon="-8.117676489" /><trkpt lat="41.434960436" lon="-8.117688246" /><trkpt lat="41.434953474" lon="-8.117700135" /><trkpt lat="41.434946988" lon="-8.117712154" /><trkpt lat="41.434940963" lon="-8.117724303" /><trkpt lat="41.434935384" lon="-8.117736578" /><trkpt lat="41.434930233" lon="-8.117748978" /><trkpt lat="41.434925496" lon="-8.117761502" /><trkpt lat="41.434921155" lon="-8.117774148" /><trkpt lat="41.434917195" lon="-8.117786913" /><trkpt lat="41.434913599" lon="-8.117799796" /><trkpt lat="41.434910352" lon="-8.117812796" /><trkpt lat="41.434907438" lon="-8.117825910" /><trkpt lat="41.434904840" lon="-8.117839136" /><trkpt lat="41.434902542" lon="-8.117852474" /><trkpt lat="41.434900529" lon="-8.117865920" /><trkpt lat="41.434898783" lon="-8.117879474" /><trkpt lat="41.434897290" lon="-8.117893133" /><trkpt lat="41.434896032" lon="-8.117906896" /><trkpt lat="41.434894995" lon="-8.117920761" /><trkpt lat="41.434894161" lon="-8.117934726" /><trkpt lat="41.434893515" lon="-8.117948790" /><trkpt lat="41.434893040" lon="-8.117962950" /><trkpt lat="41.434892721" lon="-8.117977204" /><trkpt lat="41.434892541" lon="-8.117991552" /><trkpt lat="41.434892485" lon="-8.118005991" /><trkpt lat="41.434892463" lon="-8.118020561" /><trkpt lat="41.434892388" lon="-8.118035289" /><trkpt lat="41.434892250" lon="-8.118050156" /><trkpt lat="41.434892035" lon="-8.118065141" /><trkpt lat="41.434891731" lon="-8.118080224" /><trkpt lat="41.434891327" lon="-8.118095384" /><trkpt lat="41.434890810" lon="-8.118110601" /><trkpt lat="41.434890168" lon="-8.118125855" /><trkpt lat="41.434889390" lon="-8.118141126" /><trkpt lat="41.434888463" lon="-8.118156393" /><trkpt lat="41.434887375" lon="-8.118171637" /><trkpt lat="41.434886115" lon="-8.118186836" /><trkpt lat="41.434884669" lon="-8.118201971" /><trkpt lat="41.434883026" lon="-8.118217022" /><trkpt lat="41.434881174" lon="-8.118231967" /><trkpt lat="41.434879101" lon="-8.118246787" /><trkpt lat="41.434876794" lon="-8.118261462" /><trkpt lat="41.434874242" lon="-8.118275971" /><trkpt lat="41.434871433" lon="-8.118290295" /><trkpt lat="41.434868355" lon="-8.118304412" /><trkpt lat="41.434864994" lon="-8.118318302" /><trkpt lat="41.434861341" lon="-8.118331946" /><trkpt lat="41.434857381" lon="-8.118345322" /><trkpt lat="41.434853104" lon="-8.118358412" /><trkpt lat="41.434848497" lon="-8.118371194" /><trkpt lat="41.434843548" lon="-8.118383648" /><trkpt lat="41.434838246" lon="-8.118395754" /><trkpt lat="41.434832577" lon="-8.118407491" /><trkpt lat="41.434826530" lon="-8.118418840" /><trkpt lat="41.434820094" lon="-8.118429780" /><trkpt lat="41.434813544" lon="-8.118440651" /><trkpt lat="41.434807163" lon="-8.118451801" /><trkpt lat="41.434800946" lon="-8.118463224" /><trkpt lat="41.434794887" lon="-8.118474914" /><trkpt lat="41.434788981" lon="-8.118486864" /><trkpt lat="41.434783222" lon="-8.118499067" /><trkpt lat="41.434777605" lon="-8.118511517" /><trkpt lat="41.434772126" lon="-8.118524206" /><trkpt lat="41.434766777" lon="-8.118537130" /><trkpt lat="41.434761555" lon="-8.118550281" /><trkpt lat="41.434756453" lon="-8.118563652" /><trkpt lat="41.434751466" lon="-8.118577237" /><trkpt lat="41.434746590" lon="-8.118591030" /><trkpt lat="41.434741818" lon="-8.118605023" /><trkpt lat="41.434737145" lon="-8.118619211" /><trkpt lat="41.434732566" lon="-8.118633587" /><trkpt lat="41.434728075" lon="-8.118648143" /><trkpt lat="41.434723668" lon="-8.118662875" /><trkpt lat="41.434719338" lon="-8.118677774" /><trkpt lat="41.434715081" lon="-8.118692835" /><trkpt lat="41.434710891" lon="-8.118708051" /><trkpt lat="41.434706762" lon="-8.118723416" /><trkpt lat="41.434702690" lon="-8.118738922" /><trkpt lat="41.434698669" lon="-8.118754563" /><trkpt lat="41.434694693" lon="-8.118770334" /><trkpt lat="41.434690757" lon="-8.118786226" /><trkpt lat="41.434686857" lon="-8.118802234" /><trkpt lat="41.434682986" lon="-8.118818351" /><trkpt lat="41.434679139" lon="-8.118834571" /><trkpt lat="41.434675310" lon="-8.118850887" /><trkpt lat="41.434671512" lon="-8.118867301" /><trkpt lat="41.434667768" lon="-8.118883816" /><trkpt lat="41.434664092" lon="-8.118900425" /><trkpt lat="41.434660497" lon="-8.118917121" /><trkpt lat="41.434656998" lon="-8.118933899" /><trkpt lat="41.434653609" lon="-8.118950751" /><trkpt lat="41.434650343" lon="-8.118967671" /><trkpt lat="41.434647214" lon="-8.118984652" /><trkpt lat="41.434644236" lon="-8.119001689" /><trkpt lat="41.434641423" lon="-8.119018773" /><trkpt lat="41.434638789" lon="-8.119035900" /><trkpt lat="41.434636347" lon="-8.119053061" /><trkpt lat="41.434634112" lon="-8.119070251" /><trkpt lat="41.434632097" lon="-8.119087463" /><trkpt lat="41.434630317" lon="-8.119104691" /><trkpt lat="41.434628784" lon="-8.119121927" /><trkpt lat="41.434627513" lon="-8.119139166" /><trkpt lat="41.434626518" lon="-8.119156401" /><trkpt lat="41.434625813" lon="-8.119173625" /><trkpt lat="41.434625411" lon="-8.119190832" /><trkpt lat="41.434625326" lon="-8.119208015" /><trkpt lat="41.434625572" lon="-8.119225167" /><trkpt lat="41.434626163" lon="-8.119242283" /><trkpt lat="41.434627113" lon="-8.119259355" /><trkpt lat="41.434628436" lon="-8.119276377" /><trkpt lat="41.434630146" lon="-8.119293342" /><trkpt lat="41.434632255" lon="-8.119310245" /><trkpt lat="41.434634779" lon="-8.119327077" /><trkpt lat="41.434637731" lon="-8.119343833" /><trkpt lat="41.434641125" lon="-8.119360507" /><trkpt lat="41.434644312" lon="-8.119376609" /><trkpt lat="41.434646881" lon="-8.119392732" /><trkpt lat="41.434648854" lon="-8.119408881" /><trkpt lat="41.434650256" lon="-8.119425060" /><trkpt lat="41.434651108" lon="-8.119441272" /><trkpt lat="41.434651433" lon="-8.119457523" /><trkpt lat="41.434651254" lon="-8.119473817" /><trkpt lat="41.434650594" lon="-8.119490157" /><trkpt lat="41.434649474" lon="-8.119506549" /><trkpt lat="41.434647918" lon="-8.119522997" /><trkpt lat="41.434645949" lon="-8.119539504" /><trkpt lat="41.434643589" lon="-8.119556076" /><trkpt lat="41.434640861" lon="-8.119572716" /><trkpt lat="41.434637788" lon="-8.119589430" /><trkpt lat="41.434634391" lon="-8.119606220" /><trkpt lat="41.434630695" lon="-8.119623092" /><trkpt lat="41.434626721" lon="-8.119640050" /><trkpt lat="41.434622492" lon="-8.119657099" /><trkpt lat="41.434618031" lon="-8.119674241" /><trkpt lat="41.434613361" lon="-8.119691483" /><trkpt lat="41.434608504" lon="-8.119708828" /><trkpt lat="41.434603484" lon="-8.119726280" /><trkpt lat="41.434598321" lon="-8.119743844" /><trkpt lat="41.434593041" lon="-8.119761525" /><trkpt lat="41.434587664" lon="-8.119779325" /><trkpt lat="41.434582214" lon="-8.119797251" /><trkpt lat="41.434576713" lon="-8.119815306" /><trkpt lat="41.434571184" lon="-8.119833494" /><trkpt lat="41.434565650" lon="-8.119851820" /><trkpt lat="41.434560134" lon="-8.119870287" /><trkpt lat="41.434554657" lon="-8.119888902" /><trkpt lat="41.434550845" lon="-8.119902120" /><trkpt lat="41.434546919" lon="-8.119916004" /><trkpt lat="41.434542885" lon="-8.119930518" /><trkpt lat="41.434538749" lon="-8.119945630" /><trkpt lat="41.434534515" lon="-8.119961303" /><trkpt lat="41.434530191" lon="-8.119977504" /><trkpt lat="41.434525780" lon="-8.119994200" /><trkpt lat="41.434521289" lon="-8.120011354" /><trkpt lat="41.434516724" lon="-8.120028934" /><trkpt lat="41.434512089" lon="-8.120046906" /><trkpt lat="41.434507391" lon="-8.120065233" /><trkpt lat="41.434502635" lon="-8.120083884" /><trkpt lat="41.434497827" lon="-8.120102822" /><trkpt lat="41.434492971" lon="-8.120122015" /><trkpt lat="41.434488075" lon="-8.120141427" /><trkpt lat="41.434483142" lon="-8.120161024" /><trkpt lat="41.434478180" lon="-8.120180773" /><trkpt lat="41.434473192" lon="-8.120200639" /><trkpt lat="41.434468186" lon="-8.120220587" /><trkpt lat="41.434463166" lon="-8.120240584" /><trkpt lat="41.434458138" lon="-8.120260595" /><trkpt lat="41.434453108" lon="-8.120280585" /><trkpt lat="41.434448081" lon="-8.120300522" /><trkpt lat="41.434443063" lon="-8.120320369" /><trkpt lat="41.434438059" lon="-8.120340094" /><trkpt lat="41.434433075" lon="-8.120359662" /><trkpt lat="41.434428116" lon="-8.120379038" /><trkpt lat="41.434423189" lon="-8.120398188" /><trkpt lat="41.434418297" lon="-8.120417079" /><trkpt lat="41.434413448" lon="-8.120435675" /><trkpt lat="41.434408647" lon="-8.120453943" /><trkpt lat="41.434403899" lon="-8.120471848" /><trkpt lat="41.434399209" lon="-8.120489356" /><trkpt lat="41.434394584" lon="-8.120506432" /><trkpt lat="41.434390029" lon="-8.120523044" /><trkpt lat="41.434385550" lon="-8.120539155" /><trkpt lat="41.434381151" lon="-8.120554732" /><trkpt lat="41.434376839" lon="-8.120569741" /><trkpt lat="41.434372619" lon="-8.120584148" /><trkpt lat="41.434368497" lon="-8.120597917" /><trkpt lat="41.434364478" lon="-8.120611016" /><trkpt lat="41.434360568" lon="-8.120623409" /><trkpt lat="41.434356773" lon="-8.120635062" /><trkpt lat="41.434353097" lon="-8.120645942" /><trkpt lat="41.434349547" lon="-8.120656013" /><trkpt lat="41.434344624" lon="-8.120669938" /><trkpt lat="41.434339671" lon="-8.120684524" /><trkpt lat="41.434334703" lon="-8.120699724" /><trkpt lat="41.434329736" lon="-8.120715494" /><trkpt lat="41.434324787" lon="-8.120731785" /><trkpt lat="41.434319872" lon="-8.120748554" /><trkpt lat="41.434315007" lon="-8.120765752" /><trkpt lat="41.434310209" lon="-8.120783335" /><trkpt lat="41.434305492" lon="-8.120801255" /><trkpt lat="41.434300875" lon="-8.120819467" /><trkpt lat="41.434296372" lon="-8.120837925" /><trkpt lat="41.434292001" lon="-8.120856582" /><trkpt lat="41.434287776" lon="-8.120875392" /><trkpt lat="41.434283716" lon="-8.120894310" /><trkpt lat="41.434279834" lon="-8.120913288" /><trkpt lat="41.434276149" lon="-8.120932281" /><trkpt lat="41.434272676" lon="-8.120951243" /><trkpt lat="41.434269431" lon="-8.120970127" /><trkpt lat="41.434266431" lon="-8.120988887" /><trkpt lat="41.434263691" lon="-8.121007477" /><trkpt lat="41.434261228" lon="-8.121025851" /><trkpt lat="41.434259059" lon="-8.121043963" /><trkpt lat="41.434257198" lon="-8.121061767" /><trkpt lat="41.434255663" lon="-8.121079216" /><trkpt lat="41.434254470" lon="-8.121096264" /><trkpt lat="41.434253635" lon="-8.121112865" /><trkpt lat="41.434253173" lon="-8.121128973" /><trkpt lat="41.434253102" lon="-8.121144542" /><trkpt lat="41.434253438" lon="-8.121159526" /><trkpt lat="41.434254196" lon="-8.121173878" /><trkpt lat="41.434255393" lon="-8.121187552" /><trkpt lat="41.434257046" lon="-8.121200502" /><trkpt lat="41.434258261" lon="-8.121208856" /><trkpt lat="41.434259538" lon="-8.121218117" /><trkpt lat="41.434260876" lon="-8.121228255" /><trkpt lat="41.434262272" lon="-8.121239236" /><trkpt lat="41.434263724" lon="-8.121251027" /><trkpt lat="41.434265230" lon="-8.121263597" /><trkpt lat="41.434266787" lon="-8.121276914" /><trkpt lat="41.434268393" lon="-8.121290944" /><trkpt lat="41.434270045" lon="-8.121305655" /><trkpt lat="41.434271743" lon="-8.121321015" /><trkpt lat="41.434273482" lon="-8.121336992" /><trkpt lat="41.434275261" lon="-8.121353553" /><trkpt lat="41.434277078" lon="-8.121370666" /><trkpt lat="41.434278930" lon="-8.121388298" /><trkpt lat="41.434280816" lon="-8.121406417" /><trkpt lat="41.434282732" lon="-8.121424991" /><trkpt lat="41.434284677" lon="-8.121443987" /><trkpt lat="41.434286648" lon="-8.121463373" /><trkpt lat="41.434288643" lon="-8.121483116" /><trkpt lat="41.434290660" lon="-8.121503184" /><trkpt lat="41.434292696" lon="-8.121523545" /><trkpt lat="41.434294750" lon="-8.121544166" /><trkpt lat="41.434296818" lon="-8.121565014" /><trkpt lat="41.434298899" lon="-8.121586059" /><trkpt lat="41.434300991" lon="-8.121607266" /><trkpt lat="41.434303090" lon="-8.121628604" /><trkpt lat="41.434305195" lon="-8.121650040" /><trkpt lat="41.434307304" lon="-8.121671542" /><trkpt lat="41.434309414" lon="-8.121693078" /><trkpt lat="41.434311524" lon="-8.121714615" /><trkpt lat="41.434313629" lon="-8.121736120" /><trkpt lat="41.434315730" lon="-8.121757562" /><trkpt lat="41.434317822" lon="-8.121778907" /><trkpt lat="41.434319905" lon="-8.121800125" /><trkpt lat="41.434321975" lon="-8.121821181" /><trkpt lat="41.434324030" lon="-8.121842044" /><trkpt lat="41.434326069" lon="-8.121862681" /><trkpt lat="41.434328088" lon="-8.121883061" /><trkpt lat="41.434330086" lon="-8.121903150" /><trkpt lat="41.434332060" lon="-8.121922916" /><trkpt lat="41.434334008" lon="-8.121942326" /><trkpt lat="41.434335928" lon="-8.121961350" /><trkpt lat="41.434337817" lon="-8.121979953" /><trkpt lat="41.434339673" lon="-8.121998104" /><trkpt lat="41.434341495" lon="-8.122015770" /><trkpt lat="41.434343278" lon="-8.122032918" /><trkpt lat="41.434345023" lon="-8.122049518" /><trkpt lat="41.434346725" lon="-8.122065535" /><trkpt lat="41.434348383" lon="-8.122080938" /><trkpt lat="41.434349995" lon="-8.122095694" /><trkpt lat="41.434351558" lon="-8.122109771" /><trkpt lat="41.434353177" lon="-8.122126912" /><trkpt lat="41.434354135" lon="-8.122143364" /><trkpt lat="41.434354464" lon="-8.122159169" /><trkpt lat="41.434354198" lon="-8.122174372" /><trkpt lat="41.434353368" lon="-8.122189016" /><trkpt lat="41.434352008" lon="-8.122203147" /><trkpt lat="41.434350149" lon="-8.122216807" /><trkpt lat="41.434347825" lon="-8.122230041" /><trkpt lat="41.434345069" lon="-8.122242893" /><trkpt lat="41.434341912" lon="-8.122255406" /><trkpt lat="41.434338387" lon="-8.122267626" /><trkpt lat="41.434334527" lon="-8.122279595" /><trkpt lat="41.434330365" lon="-8.122291358" /><trkpt lat="41.434325934" lon="-8.122302959" /><trkpt lat="41.434321265" lon="-8.122314441" /><trkpt lat="41.434316391" lon="-8.122325850" /><trkpt lat="41.434311346" lon="-8.122337228" /><trkpt lat="41.434306161" lon="-8.122348620" /><trkpt lat="41.434300870" lon="-8.122360070" /><trkpt lat="41.434295504" lon="-8.122371621" /><trkpt lat="41.434290097" lon="-8.122383319" /><trkpt lat="41.434284681" lon="-8.122395206" /><trkpt lat="41.434279289" lon="-8.122407328" /><trkpt lat="41.434273953" lon="-8.122419727" /><trkpt lat="41.434268706" lon="-8.122432448" /><trkpt lat="41.434263581" lon="-8.122445535" /><trkpt lat="41.434258610" lon="-8.122459031" /><trkpt lat="41.434253826" lon="-8.122472982" /><trkpt lat="41.434249262" lon="-8.122487431" /><trkpt lat="41.434244949" lon="-8.122502421" /><trkpt lat="41.434240921" lon="-8.122517997" /><trkpt lat="41.434237210" lon="-8.122534204" /><trkpt lat="41.434233849" lon="-8.122551084" /><trkpt lat="41.434230871" lon="-8.122568682" /><trkpt lat="41.434228308" lon="-8.122587042" /><trkpt lat="41.434226193" lon="-8.122606207" /><trkpt lat="41.434224557" lon="-8.122626223" /><trkpt lat="41.434223435" lon="-8.122647133" /><trkpt lat="41.434222859" lon="-8.122668981" /><trkpt lat="41.434222860" lon="-8.122691810" /><trkpt lat="41.434223322" lon="-8.122716608" /><trkpt lat="41.434224050" lon="-8.122740571" /><trkpt lat="41.434225037" lon="-8.122763735" /><trkpt lat="41.434226277" lon="-8.122786133" /><trkpt lat="41.434227762" lon="-8.122807801" /><trkpt lat="41.434229486" lon="-8.122828774" /><trkpt lat="41.434231442" lon="-8.122849086" /><trkpt lat="41.434233623" lon="-8.122868774" /><trkpt lat="41.434236021" lon="-8.122887871" /><trkpt lat="41.434238631" lon="-8.122906412" /><trkpt lat="41.434241444" lon="-8.122924434" /><trkpt lat="41.434244455" lon="-8.122941969" /><trkpt lat="41.434247657" lon="-8.122959055" /><trkpt lat="41.434251041" lon="-8.122975724" /><trkpt lat="41.434254603" lon="-8.122992013" /><trkpt lat="41.434258333" lon="-8.123007957" /><trkpt lat="41.434262227" lon="-8.123023589" /><trkpt lat="41.434266276" lon="-8.123038946" /><trkpt lat="41.434270474" lon="-8.123054062" /><trkpt lat="41.434274814" lon="-8.123068973" /><trkpt lat="41.434279289" lon="-8.123083712" /><trkpt lat="41.434283893" lon="-8.123098315" /><trkpt lat="41.434288617" lon="-8.123112817" /><trkpt lat="41.434293456" lon="-8.123127253" /><trkpt lat="41.434298402" lon="-8.123141659" /><trkpt lat="41.434303449" lon="-8.123156067" /><trkpt lat="41.434308590" lon="-8.123170515" /><trkpt lat="41.434313817" lon="-8.123185036" /><trkpt lat="41.434319124" lon="-8.123199666" /><trkpt lat="41.434324504" lon="-8.123214440" /><trkpt lat="41.434329949" lon="-8.123229392" /><trkpt lat="41.434335454" lon="-8.123244558" /><trkpt lat="41.434341011" lon="-8.123259972" /><trkpt lat="41.434346614" lon="-8.123275669" /><trkpt lat="41.434352254" lon="-8.123291685" /><trkpt lat="41.434357926" lon="-8.123308054" /><trkpt lat="41.434363623" lon="-8.123324811" /><trkpt lat="41.434369224" lon="-8.123341781" /><trkpt lat="41.434374618" lon="-8.123358763" /><trkpt lat="41.434379808" lon="-8.123375760" /><trkpt lat="41.434384798" lon="-8.123392772" /><trkpt lat="41.434389591" lon="-8.123409801" /><trkpt lat="41.434394192" lon="-8.123426848" /><trkpt lat="41.434398605" lon="-8.123443914" /><trkpt lat="41.434402832" lon="-8.123461001" /><trkpt lat="41.434406879" lon="-8.123478110" /><trkpt lat="41.434410748" lon="-8.123495243" /><trkpt lat="41.434414444" lon="-8.123512399" /><trkpt lat="41.434417970" lon="-8.123529582" /><trkpt lat="41.434421331" lon="-8.123546791" /><trkpt lat="41.434424529" lon="-8.123564029" /><trkpt lat="41.434427570" lon="-8.123581296" /><trkpt lat="41.434430456" lon="-8.123598594" /><trkpt lat="41.434433191" lon="-8.123615924" /><trkpt lat="41.434435780" lon="-8.123633288" /><trkpt lat="41.434438226" lon="-8.123650686" /><trkpt lat="41.434440532" lon="-8.123668120" /><trkpt lat="41.434442704" lon="-8.123685591" /><trkpt lat="41.434444744" lon="-8.123703101" /><trkpt lat="41.434446656" lon="-8.123720651" /><trkpt lat="41.434448445" lon="-8.123738241" /><trkpt lat="41.434450113" lon="-8.123755874" /><trkpt lat="41.434451665" lon="-8.123773550" /><trkpt lat="41.434453105" lon="-8.123791271" /><trkpt lat="41.434454436" lon="-8.123809038" /><trkpt lat="41.434455662" lon="-8.123826852" /><trkpt lat="41.434456787" lon="-8.123844715" /><trkpt lat="41.434457815" lon="-8.123862628" /><trkpt lat="41.434458750" lon="-8.123880592" /><trkpt lat="41.434459595" lon="-8.123898608" /><trkpt lat="41.434460355" lon="-8.123916679" /><trkpt lat="41.434461032" lon="-8.123934804" /><trkpt lat="41.434461632" lon="-8.123952985" /><trkpt lat="41.434462157" lon="-8.123971224" /><trkpt lat="41.434462465" lon="-8.123983527" /><trkpt lat="41.434462744" lon="-8.123996289" /><trkpt lat="41.434462995" lon="-8.124009493" /><trkpt lat="41.434463221" lon="-8.124023125" /><trkpt lat="41.434463423" lon="-8.124037172" /><trkpt lat="41.434463603" lon="-8.124051617" /><trkpt lat="41.434463763" lon="-8.124066447" /><trkpt lat="41.434463904" lon="-8.124081648" /><trkpt lat="41.434464027" lon="-8.124097204" /><trkpt lat="41.434464136" lon="-8.124113101" /><trkpt lat="41.434464230" lon="-8.124129324" /><trkpt lat="41.434464313" lon="-8.124145860" /><trkpt lat="41.434464386" lon="-8.124162692" /><trkpt lat="41.434464450" lon="-8.124179807" /><trkpt lat="41.434464508" lon="-8.124197191" /><trkpt lat="41.434464560" lon="-8.124214828" /><trkpt lat="41.434464609" lon="-8.124232704" /><trkpt lat="41.434464657" lon="-8.124250804" /><trkpt lat="41.434464705" lon="-8.124269114" /><trkpt lat="41.434464754" lon="-8.124287620" /><trkpt lat="41.434464808" lon="-8.124306306" /><trkpt lat="41.434464866" lon="-8.124325158" /><trkpt lat="41.434464932" lon="-8.124344162" /><trkpt lat="41.434465006" lon="-8.124363303" /><trkpt lat="41.434465090" lon="-8.124382567" /><trkpt lat="41.434465187" lon="-8.124401938" /><trkpt lat="41.434465298" lon="-8.124421402" /><trkpt lat="41.434465424" lon="-8.124440946" /><trkpt lat="41.434465568" lon="-8.124460553" /><trkpt lat="41.434465730" lon="-8.124480210" /><trkpt lat="41.434465914" lon="-8.124499902" /><trkpt lat="41.434466120" lon="-8.124519614" /><trkpt lat="41.434466350" lon="-8.124539333" /><trkpt lat="41.434466606" lon="-8.124559042" /><trkpt lat="41.434466889" lon="-8.124578728" /><trkpt lat="41.434467202" lon="-8.124598377" /><trkpt lat="41.434467546" lon="-8.124617973" /><trkpt lat="41.434467923" lon="-8.124637502" /><trkpt lat="41.434468334" lon="-8.124656949" /><trkpt lat="41.434468781" lon="-8.124676301" /><trkpt lat="41.434469267" lon="-8.124695541" /><trkpt lat="41.434469792" lon="-8.124714657" /><trkpt lat="41.434470358" lon="-8.124733632" /><trkpt lat="41.434470967" lon="-8.124752453" /><trkpt lat="41.434471622" lon="-8.124771106" /><trkpt lat="41.434472322" lon="-8.124789574" /><trkpt lat="41.434473071" lon="-8.124807845" /><trkpt lat="41.434473870" lon="-8.124825902" /><trkpt lat="41.434474721" lon="-8.124843733" /><trkpt lat="41.434475625" lon="-8.124861321" /><trkpt lat="41.434476584" lon="-8.124878654" /><trkpt lat="41.434477599" lon="-8.124895715" /><trkpt lat="41.434478674" lon="-8.124912491" /><trkpt lat="41.434479808" lon="-8.124928966" /><trkpt lat="41.434481005" lon="-8.124945127" /><trkpt lat="41.434482265" lon="-8.124960959" /><trkpt lat="41.434484039" lon="-8.124984425" /><trkpt lat="41.434485456" lon="-8.125007421" /><trkpt lat="41.434486530" lon="-8.125029961" /><trkpt lat="41.434487275" lon="-8.125052055" /><trkpt lat="41.434487704" lon="-8.125073717" /><trkpt lat="41.434487831" lon="-8.125094959" /><trkpt lat="41.434487669" lon="-8.125115793" /><trkpt lat="41.434487231" lon="-8.125136233" /><trkpt lat="41.434486533" lon="-8.125156289" /><trkpt lat="41.434485586" lon="-8.125175975" /><trkpt lat="41.434484405" lon="-8.125195302" /><trkpt lat="41.434483003" lon="-8.125214284" /><trkpt lat="41.434481394" lon="-8.125232933" /><trkpt lat="41.434479591" lon="-8.125251261" /><trkpt lat="41.434477608" lon="-8.125269281" /><trkpt lat="41.434475459" lon="-8.125287004" /><trkpt lat="41.434473156" lon="-8.125304443" /><trkpt lat="41.434470715" lon="-8.125321612" /><trkpt lat="41.434468147" lon="-8.125338521" /><trkpt lat="41.434465468" lon="-8.125355184" /><trkpt lat="41.434462690" lon="-8.125371612" /><trkpt lat="41.434459826" lon="-8.125387819" /><trkpt lat="41.434456892" lon="-8.125403817" /><trkpt lat="41.434453899" lon="-8.125419617" /><trkpt lat="41.434450862" lon="-8.125435233" /><trkpt lat="41.434447795" lon="-8.125450677" /><trkpt lat="41.434444710" lon="-8.125465961" /><trkpt lat="41.434441622" lon="-8.125481097" /><trkpt lat="41.434438543" lon="-8.125496098" /><trkpt lat="41.434435489" lon="-8.125510977" /><trkpt lat="41.434432471" lon="-8.125525746" /><trkpt lat="41.434429504" lon="-8.125540417" /><trkpt lat="41.434426602" lon="-8.125555002" /><trkpt lat="41.434423777" lon="-8.125569514" /><trkpt lat="41.434421044" lon="-8.125583965" /><trkpt lat="41.434418416" lon="-8.125598368" /><trkpt lat="41.434415906" lon="-8.125612736" /><trkpt lat="41.434413381" lon="-8.125627550" /><trkpt lat="41.434410841" lon="-8.125642491" /><trkpt lat="41.434408300" lon="-8.125657560" /><trkpt lat="41.434405772" lon="-8.125672760" /><trkpt lat="41.434403269" lon="-8.125688092" /><trkpt lat="41.434400806" lon="-8.125703558" /><trkpt lat="41.434398395" lon="-8.125719161" /><trkpt lat="41.434396051" lon="-8.125734903" /><trkpt lat="41.434393786" lon="-8.125750786" /><trkpt lat="41.434391615" lon="-8.125766811" /><trkpt lat="41.434389550" lon="-8.125782981" /><trkpt lat="41.434387605" lon="-8.125799298" /><trkpt lat="41.434385793" lon="-8.125815764" /><trkpt lat="41.434384128" lon="-8.125832382" /><trkpt lat="41.434382624" lon="-8.125849152" /><trkpt lat="41.434381293" lon="-8.125866078" /><trkpt lat="41.434380150" lon="-8.125883160" /><trkpt lat="41.434379207" lon="-8.125900403" /><trkpt lat="41.434378479" lon="-8.125917806" /><trkpt lat="41.434377978" lon="-8.125935373" /><trkpt lat="41.434377718" lon="-8.125953106" /><trkpt lat="41.434377712" lon="-8.125971007" /><trkpt lat="41.434377975" lon="-8.125989077" /><trkpt lat="41.434378518" lon="-8.126007318" /><trkpt lat="41.434379357" lon="-8.126025734" /><trkpt lat="41.434380504" lon="-8.126044326" /><trkpt lat="41.434381972" lon="-8.126063095" /><trkpt lat="41.434383776" lon="-8.126082045" /><trkpt lat="41.434385928" lon="-8.126101177" /><trkpt lat="41.434388443" lon="-8.126120493" /><trkpt lat="41.434391332" lon="-8.126139995" /><trkpt lat="41.434394611" lon="-8.126159686" /><trkpt lat="41.434398292" lon="-8.126179567" /><trkpt lat="41.434402389" lon="-8.126199640" /><trkpt lat="41.434406915" lon="-8.126219908" /><trkpt lat="41.434411884" lon="-8.126240373" /><trkpt lat="41.434417344" lon="-8.126261264" /><trkpt lat="41.434423033" lon="-8.126281648" /><trkpt lat="41.434428944" lon="-8.126301544" /><trkpt lat="41.434435067" lon="-8.126320969" /><trkpt lat="41.434441397" lon="-8.126339943" /><trkpt lat="41.434447925" lon="-8.126358483" /><trkpt lat="41.434454644" lon="-8.126376607" /><trkpt lat="41.434461546" lon="-8.126394335" /><trkpt lat="41.434468624" lon="-8.126411685" /><trkpt lat="41.434475869" lon="-8.126428675" /><trkpt lat="41.434483275" lon="-8.126445323" /><trkpt lat="41.434490834" lon="-8.126461648" /><trkpt lat="41.434498538" lon="-8.126477668" /><trkpt lat="41.434506380" lon="-8.126493402" /><trkpt lat="41.434514352" lon="-8.126508867" /><trkpt lat="41.434522446" lon="-8.126524083" /><trkpt lat="41.434530655" lon="-8.126539068" /><trkpt lat="41.434538971" lon="-8.126553840" /><trkpt lat="41.434547387" lon="-8.126568418" /><trkpt lat="41.434555894" lon="-8.126582820" /><trkpt lat="41.434564486" lon="-8.126597064" /><trkpt lat="41.434573155" lon="-8.126611168" /><trkpt lat="41.434581894" lon="-8.126625152" /><trkpt lat="41.434590694" lon="-8.126639033" /><trkpt lat="41.434599547" lon="-8.126652831" /><trkpt lat="41.434608448" lon="-8.126666562" /><trkpt lat="41.434617387" lon="-8.126680247" /><trkpt lat="41.434626357" lon="-8.126693902" /><trkpt lat="41.434635351" lon="-8.126707547" /><trkpt lat="41.434644361" lon="-8.126721200" /><trkpt lat="41.434653380" lon="-8.126734879" /><trkpt lat="41.434662399" lon="-8.126748602" /><trkpt lat="41.434671412" lon="-8.126762389" /><trkpt lat="41.434680410" lon="-8.126776257" /><trkpt lat="41.434689386" lon="-8.126790226" /><trkpt lat="41.434697224" lon="-8.126802558" /><trkpt lat="41.434705045" lon="-8.126815019" /><trkpt lat="41.434712842" lon="-8.126827614" /><trkpt lat="41.434720607" lon="-8.126840351" /><trkpt lat="41.434728332" lon="-8.126853236" /><trkpt lat="41.434736007" lon="-8.126866278" /><trkpt lat="41.434743625" lon="-8.126879483" /><trkpt lat="41.434751177" lon="-8.126892858" /><trkpt lat="41.434758655" lon="-8.126906409" /><trkpt lat="41.434766051" lon="-8.126920145" /><trkpt lat="41.434773357" lon="-8.126934072" /><trkpt lat="41.434780564" lon="-8.126948197" /><trkpt lat="41.434787663" lon="-8.126962527" /><trkpt lat="41.434794648" lon="-8.126977070" /><trkpt lat="41.434801509" lon="-8.126991831" /><trkpt lat="41.434808237" lon="-8.127006819" /><trkpt lat="41.434814826" lon="-8.127022041" /><trkpt lat="41.434821266" lon="-8.127037502" /><trkpt lat="41.434827549" lon="-8.127053212" /><trkpt lat="41.434833667" lon="-8.127069175" /><trkpt lat="41.434839611" lon="-8.127085400" /><trkpt lat="41.434845374" lon="-8.127101894" /><trkpt lat="41.434850947" lon="-8.127118664" /><trkpt lat="41.434856321" lon="-8.127135715" /><trkpt lat="41.434861489" lon="-8.127153057" /><trkpt lat="41.434866442" lon="-8.127170696" /><trkpt lat="41.434871172" lon="-8.127188638" /><trkpt lat="41.434875670" lon="-8.127206891" /><trkpt lat="41.434879928" lon="-8.127225461" /><trkpt lat="41.434883939" lon="-8.127244357" /><trkpt lat="41.434887693" lon="-8.127263585" /><trkpt lat="41.434891182" lon="-8.127283151" /><trkpt lat="41.434894398" lon="-8.127303064" /><trkpt lat="41.434897333" lon="-8.127323329" /><trkpt lat="41.434899979" lon="-8.127343955" /><trkpt lat="41.434902326" lon="-8.127364948" /><trkpt lat="41.434904368" lon="-8.127386315" /><trkpt lat="41.434906095" lon="-8.127408063" /><trkpt lat="41.434907499" lon="-8.127430199" /><trkpt lat="41.434908572" lon="-8.127452731" /><trkpt lat="41.434909314" lon="-8.127470436" /><trkpt lat="41.434910147" lon="-8.127488562" /><trkpt lat="41.434911065" lon="-8.127507084" /><trkpt lat="41.434912066" lon="-8.127525977" /><trkpt lat="41.434913145" lon="-8.127545216" /><trkpt lat="41.434914299" lon="-8.127564775" /><trkpt lat="41.434915524" lon="-8.127584629" /><trkpt lat="41.434916817" lon="-8.127604754" /><trkpt lat="41.434918173" lon="-8.127625123" /><trkpt lat="41.434919589" lon="-8.127645713" /><trkpt lat="41.434921060" lon="-8.127666496" /><trkpt lat="41.434922584" lon="-8.127687449" /><trkpt lat="41.434924156" lon="-8.127708547" /><trkpt lat="41.434925773" lon="-8.127729763" /><trkpt lat="41.434927431" lon="-8.127751073" /><trkpt lat="41.434929126" lon="-8.127772452" /><trkpt lat="41.434930854" lon="-8.127793875" /><trkpt lat="41.434932611" lon="-8.127815316" /><trkpt lat="41.434934394" lon="-8.127836749" /><trkpt lat="41.434936200" lon="-8.127858151" /><trkpt lat="41.434938023" lon="-8.127879496" /><trkpt lat="41.434939861" lon="-8.127900758" /><trkpt lat="41.434941710" lon="-8.127921913" /><trkpt lat="41.434943565" lon="-8.127942934" /><trkpt lat="41.434945424" lon="-8.127963798" /><trkpt lat="41.434947281" lon="-8.127984479" /><trkpt lat="41.434949135" lon="-8.128004952" /><trkpt lat="41.434950980" lon="-8.128025190" /><trkpt lat="41.434952813" lon="-8.128045171" /><trkpt lat="41.434954630" lon="-8.128064867" /><trkpt lat="41.434956428" lon="-8.128084255" /><trkpt lat="41.434958202" lon="-8.128103308" /><trkpt lat="41.434959949" lon="-8.128122002" /><trkpt lat="41.434961666" lon="-8.128140311" /><trkpt lat="41.434963348" lon="-8.128158210" /><trkpt lat="41.434964991" lon="-8.128175675" /><trkpt lat="41.434966592" lon="-8.128192679" /><trkpt lat="41.434968147" lon="-8.128209199" /><trkpt lat="41.434969652" lon="-8.128225207" /><trkpt lat="41.434971104" lon="-8.128240680" /><trkpt lat="41.434972498" lon="-8.128255593" /><trkpt lat="41.434973832" lon="-8.128269919" /><trkpt lat="41.434975100" lon="-8.128283634" /><trkpt lat="41.434976300" lon="-8.128296713" /><trkpt lat="41.434977427" lon="-8.128309130" /><trkpt lat="41.434978479" lon="-8.128320860" /><trkpt lat="41.434979450" lon="-8.128331879" /><trkpt lat="41.434980337" lon="-8.128342160" /><trkpt lat="41.434981137" lon="-8.128351679" /><trkpt lat="41.434981846" lon="-8.128360411" /><trkpt lat="41.434982460" lon="-8.128368330" /><trkpt lat="41.434982974" lon="-8.128375411" /><trkpt lat="41.434983738" lon="-8.128385146" /><trkpt lat="41.434984713" lon="-8.128395629" /><trkpt lat="41.434985882" lon="-8.128406834" /><trkpt lat="41.434987226" lon="-8.128418732" /><trkpt lat="41.434988727" lon="-8.128431297" /><trkpt lat="41.434990369" lon="-8.128444502" /><trkpt lat="41.434992132" lon="-8.128458318" /><trkpt lat="41.434994000" lon="-8.128472719" /><trkpt lat="41.434995954" lon="-8.128487677" /><trkpt lat="41.434997976" lon="-8.128503165" /><trkpt lat="41.435000048" lon="-8.128519156" /><trkpt lat="41.435002154" lon="-8.128535622" /><trkpt lat="41.435004274" lon="-8.128552536" /><trkpt lat="41.435006391" lon="-8.128569870" /><trkpt lat="41.435008487" lon="-8.128587598" /><trkpt lat="41.435010544" lon="-8.128605692" /><trkpt lat="41.435012544" lon="-8.128624125" /><trkpt lat="41.435014470" lon="-8.128642869" /><trkpt lat="41.435016304" lon="-8.128661897" /><trkpt lat="41.435018027" lon="-8.128681182" /><trkpt lat="41.435019622" lon="-8.128700696" /><trkpt lat="41.435021071" lon="-8.128720412" /><trkpt lat="41.435022356" lon="-8.128740303" /><trkpt lat="41.435023460" lon="-8.128760341" /><trkpt lat="41.435024363" lon="-8.128780500" /><trkpt lat="41.435025050" lon="-8.128800751" /><trkpt lat="41.435025501" lon="-8.128821068" /><trkpt lat="41.435025699" lon="-8.128841423" /><trkpt lat="41.435025625" lon="-8.128861788" /><trkpt lat="41.435025263" lon="-8.128882137" /><trkpt lat="41.435024594" lon="-8.128902443" /><trkpt lat="41.435023601" lon="-8.128922677" /><trkpt lat="41.435022264" lon="-8.128942812" /><trkpt lat="41.435020568" lon="-8.128962822" /><trkpt lat="41.435018493" lon="-8.128982679" /><trkpt lat="41.435016022" lon="-8.129002355" /><trkpt lat="41.435013137" lon="-8.129021823" /><trkpt lat="41.435009990" lon="-8.129040055" /><trkpt lat="41.435006431" lon="-8.129058028" /><trkpt lat="41.435002472" lon="-8.129075747" /><trkpt lat="41.434998120" lon="-8.129093219" /><trkpt lat="41.434993386" lon="-8.129110450" /><trkpt lat="41.434988280" lon="-8.129127444" /><trkpt lat="41.434982811" lon="-8.129144208" /><trkpt lat="41.434976988" lon="-8.129160748" /><trkpt lat="41.434970821" lon="-8.129177068" /><trkpt lat="41.434964320" lon="-8.129193175" /><trkpt lat="41.434957494" lon="-8.129209075" /><trkpt lat="41.434950353" lon="-8.129224773" /><trkpt lat="41.434942906" lon="-8.129240274" /><trkpt lat="41.434935163" lon="-8.129255586" /><trkpt lat="41.434927133" lon="-8.129270712" /><trkpt lat="41.434918826" lon="-8.129285660" /><trkpt lat="41.434910252" lon="-8.129300434" /><trkpt lat="41.434901420" lon="-8.129315040" /><trkpt lat="41.434892339" lon="-8.129329484" /><trkpt lat="41.434883020" lon="-8.129343773" /><trkpt lat="41.434873472" lon="-8.129357910" /><trkpt lat="41.434863704" lon="-8.129371903" /><trkpt lat="41.434853725" lon="-8.129385756" /><trkpt lat="41.434843547" lon="-8.129399476" /><trkpt lat="41.434833177" lon="-8.129413069" /><trkpt lat="41.434822626" lon="-8.129426539" /><trkpt lat="41.434811903" lon="-8.129439893" /><trkpt lat="41.434801017" lon="-8.129453136" /><trkpt lat="41.434789979" lon="-8.129466274" /><trkpt lat="41.434778798" lon="-8.129479313" /><trkpt lat="41.434767483" lon="-8.129492258" /><trkpt lat="41.434756044" lon="-8.129505115" /><trkpt lat="41.434744490" lon="-8.129517890" /><trkpt lat="41.434732832" lon="-8.129530589" /><trkpt lat="41.434721078" lon="-8.129543217" /><trkpt lat="41.434709238" lon="-8.129555780" /><trkpt lat="41.434697322" lon="-8.129568283" /><trkpt lat="41.434685339" lon="-8.129580732" /><trkpt lat="41.434673299" lon="-8.129593134" /><trkpt lat="41.434661035" lon="-8.129605319" /><trkpt lat="41.434648381" lon="-8.129617122" /><trkpt lat="41.434635356" lon="-8.129628552" /><trkpt lat="41.434621975" lon="-8.129639618" /><trkpt lat="41.434608255" lon="-8.129650330" /><trkpt lat="41.434594211" lon="-8.129660696" /><trkpt lat="41.434579861" lon="-8.129670726" /><trkpt lat="41.434565220" lon="-8.129680429" /><trkpt lat="41.434550304" lon="-8.129689814" /><trkpt lat="41.434535131" lon="-8.129698891" /><trkpt lat="41.434519715" lon="-8.129707669" /><trkpt lat="41.434504074" lon="-8.129716157" /><trkpt lat="41.434488224" lon="-8.129724363" /><trkpt lat="41.434472180" lon="-8.129732299" /><trkpt lat="41.434455960" lon="-8.129739972" /><trkpt lat="41.434439579" lon="-8.129747392" /><trkpt lat="41.434423054" lon="-8.129754568" /><trkpt lat="41.434406402" lon="-8.129761509" /><trkpt lat="41.434389637" lon="-8.129768225" /><trkpt lat="41.434372777" lon="-8.129774724" /><trkpt lat="41.434355838" lon="-8.129781017" /><trkpt lat="41.434338836" lon="-8.129787112" /><trkpt lat="41.434321788" lon="-8.129793018" /><trkpt lat="41.434304709" lon="-8.129798745" /><trkpt lat="41.434287616" lon="-8.129804302" /><trkpt lat="41.434270526" lon="-8.129809697" /><trkpt lat="41.434253454" lon="-8.129814942" /><trkpt lat="41.434236417" lon="-8.129820044" /><trkpt lat="41.434219430" lon="-8.129825012" /><trkpt lat="41.434202512" lon="-8.129829857" /><trkpt lat="41.434185676" lon="-8.129834587" /><trkpt lat="41.434168941" lon="-8.129839211" /><trkpt lat="41.434152322" lon="-8.129843739" /><trkpt lat="41.434135835" lon="-8.129848180" /><trkpt lat="41.434119497" lon="-8.129852543" /><trkpt lat="41.434103323" lon="-8.129856838" /><trkpt lat="41.434087331" lon="-8.129861073" /><trkpt lat="41.434071537" lon="-8.129865258" /><trkpt lat="41.434055956" lon="-8.129869401" /><trkpt lat="41.434036252" lon="-8.129875004" /><trkpt lat="41.434017344" lon="-8.129881070" /><trkpt lat="41.433999208" lon="-8.129887579" /><trkpt lat="41.433981824" lon="-8.129894512" /><trkpt lat="41.433965168" lon="-8.129901849" /><trkpt lat="41.433949217" lon="-8.129909570" /><trkpt lat="41.433933951" lon="-8.129917656" /><trkpt lat="41.433919346" lon="-8.129926088" /><trkpt lat="41.433905380" lon="-8.129934845" /><trkpt lat="41.433892030" lon="-8.129943907" /><trkpt lat="41.433879275" lon="-8.129953256" /><trkpt lat="41.433867092" lon="-8.129962871" /><trkpt lat="41.433855459" lon="-8.129972733" /><trkpt lat="41.433844353" lon="-8.129982822" /><trkpt lat="41.433833751" lon="-8.129993118" /><trkpt lat="41.433823633" lon="-8.130003603" /><trkpt lat="41.433813974" lon="-8.130014255" /><trkpt lat="41.433804754" lon="-8.130025055" /><trkpt lat="41.433795949" lon="-8.130035985" /><trkpt lat="41.433787538" lon="-8.130047023" /><trkpt lat="41.433779497" lon="-8.130058151" /><trkpt lat="41.433771805" lon="-8.130069349" /><trkpt lat="41.433764439" lon="-8.130080597" /><trkpt lat="41.433757377" lon="-8.130091875" /><trkpt lat="41.433750596" lon="-8.130103163" /><trkpt lat="41.433744075" lon="-8.130114443" /><trkpt lat="41.433737791" lon="-8.130125695" /><trkpt lat="41.433731721" lon="-8.130136898" /><trkpt lat="41.433725843" lon="-8.130148033" /><trkpt lat="41.433720135" lon="-8.130159080" /><trkpt lat="41.433714641" lon="-8.130170013" /><trkpt lat="41.433709432" lon="-8.130180845" /><trkpt lat="41.433704524" lon="-8.130191621" /><trkpt lat="41.433699934" lon="-8.130202382" /><trkpt lat="41.433695678" lon="-8.130213171" /><trkpt lat="41.433691773" lon="-8.130224032" /><trkpt lat="41.433688235" lon="-8.130235008" /><trkpt lat="41.433685081" lon="-8.130246141" /><trkpt lat="41.433682328" lon="-8.130257474" /><trkpt lat="41.433679991" lon="-8.130269051" /><trkpt lat="41.433678088" lon="-8.130280913" /><trkpt lat="41.433676635" lon="-8.130293105" /><trkpt lat="41.433675648" lon="-8.130305668" /><trkpt lat="41.433675145" lon="-8.130318646" /><trkpt lat="41.433675141" lon="-8.130332083" /><trkpt lat="41.433675653" lon="-8.130346019" /><trkpt lat="41.433676698" lon="-8.130360500" /><trkpt lat="41.433678292" lon="-8.130375566" /><trkpt lat="41.433680452" lon="-8.130391263" /><trkpt lat="41.433683194" lon="-8.130407631" /><trkpt lat="41.433686535" lon="-8.130424715" /><trkpt lat="41.433690491" lon="-8.130442557" /><trkpt lat="41.433695079" lon="-8.130461200" /><trkpt lat="41.433700315" lon="-8.130480688" /><trkpt lat="41.433706217" lon="-8.130501062" /><trkpt lat="41.433712800" lon="-8.130522366" /><trkpt lat="41.433720081" lon="-8.130544642" /><trkpt lat="41.433728076" lon="-8.130567935" /><trkpt lat="41.433736803" lon="-8.130592285" /><trkpt lat="41.433746277" lon="-8.130617738" /><trkpt lat="41.433753395" lon="-8.130635086" /><trkpt lat="41.433760986" lon="-8.130650872" /><trkpt lat="41.433769025" lon="-8.130665159" /><trkpt lat="41.433777488" lon="-8.130678012" /><trkpt lat="41.433786352" lon="-8.130689496" /><trkpt lat="41.433795593" lon="-8.130699676" /><trkpt lat="41.433805186" lon="-8.130708615" /><trkpt lat="41.433815109" lon="-8.130716378" /><trkpt lat="41.433825338" lon="-8.130723030" /><trkpt lat="41.433835847" lon="-8.130728636" /><trkpt lat="41.433846615" lon="-8.130733260" /><trkpt lat="41.433857616" lon="-8.130736967" /><trkpt lat="41.433868827" lon="-8.130739821" /><trkpt lat="41.433880225" lon="-8.130741886" /><trkpt lat="41.433891784" lon="-8.130743228" /><trkpt lat="41.433903483" lon="-8.130743911" /><trkpt lat="41.433915296" lon="-8.130744000" /><trkpt lat="41.433927200" lon="-8.130743558" /><trkpt lat="41.433939171" lon="-8.130742652" /><trkpt lat="41.433951185" lon="-8.130741344" /><trkpt lat="41.433963219" lon="-8.130739700" /><trkpt lat="41.433975248" lon="-8.130737785" /><trkpt lat="41.433987250" lon="-8.130735662" /><trkpt lat="41.433999199" lon="-8.130733397" /><trkpt lat="41.434011072" lon="-8.130731054" /><trkpt lat="41.434022845" lon="-8.130728698" /><trkpt lat="41.434034495" lon="-8.130726393" /><trkpt lat="41.434045998" lon="-8.130724204" /><trkpt lat="41.434057329" lon="-8.130722195" /><trkpt lat="41.434068466" lon="-8.130720431" /><trkpt lat="41.434079383" lon="-8.130718977" /><trkpt lat="41.434090058" lon="-8.130717896" /><trkpt lat="41.434100467" lon="-8.130717254" /><trkpt lat="41.434110585" lon="-8.130717116" /><trkpt lat="41.434120389" lon="-8.130717545" /><trkpt lat="41.434129855" lon="-8.130718606" /><trkpt lat="41.434138959" lon="-8.130720365" /><trkpt lat="41.434147678" lon="-8.130722885" /><trkpt lat="41.434155987" lon="-8.130726230" /><trkpt lat="41.434163863" lon="-8.130730467" /><trkpt lat="41.434171282" lon="-8.130735659" /><trkpt lat="41.434178220" lon="-8.130741870" /><trkpt lat="41.434184653" lon="-8.130749166" /><trkpt lat="41.434192774" lon="-8.130760417" /><trkpt lat="41.434199478" lon="-8.130771655" /><trkpt lat="41.434204825" lon="-8.130782903" /><trkpt lat="41.434208872" lon="-8.130794183" /><trkpt lat="41.434211680" lon="-8.130805517" /><trkpt lat="41.434213305" lon="-8.130816929" /><trkpt lat="41.434213806" lon="-8.130828442" /><trkpt lat="41.434213243" lon="-8.130840077" /><trkpt lat="41.434211674" lon="-8.130851857" /><trkpt lat="41.434209157" lon="-8.130863806" /><trkpt lat="41.434205750" lon="-8.130875945" /><trkpt lat="41.434201513" lon="-8.130888298" /><trkpt lat="41.434196503" lon="-8.130900886" /><trkpt lat="41.434190780" lon="-8.130913734" /><trkpt lat="41.434184402" lon="-8.130926862" /><trkpt lat="41.434177427" lon="-8.130940295" /><trkpt lat="41.434169915" lon="-8.130954054" /><trkpt lat="41.434161922" lon="-8.130968163" /><trkpt lat="41.434153509" lon="-8.130982644" /><trkpt lat="41.434144733" lon="-8.130997519" /><trkpt lat="41.434135654" lon="-8.131012811" /><trkpt lat="41.434126329" lon="-8.131028543" /><trkpt lat="41.434116817" lon="-8.131044738" /><trkpt lat="41.434107178" lon="-8.131061418" /><trkpt lat="41.434097468" lon="-8.131078606" /><trkpt lat="41.434087747" lon="-8.131096324" /><trkpt lat="41.434078074" lon="-8.131114596" /><trkpt lat="41.434068506" lon="-8.131133443" /><trkpt lat="41.434059103" lon="-8.131152888" /><trkpt lat="41.434049923" lon="-8.131172955" /><trkpt lat="41.434043111" lon="-8.131188692" /><trkpt lat="41.434036600" lon="-8.131204538" /><trkpt lat="41.434030399" lon="-8.131220483" /><trkpt lat="41.434024517" lon="-8.131236519" /><trkpt lat="41.434018962" lon="-8.131252638" /><trkpt lat="41.434013742" lon="-8.131268831" /><trkpt lat="41.434008865" lon="-8.131285090" /><trkpt lat="41.434004341" lon="-8.131301407" /><trkpt lat="41.434000176" lon="-8.131317772" /><trkpt lat="41.433996380" lon="-8.131334179" /><trkpt lat="41.433992961" lon="-8.131350617" /><trkpt lat="41.433989928" lon="-8.131367080" /><trkpt lat="41.433987287" lon="-8.131383558" /><trkpt lat="41.433985049" lon="-8.131400043" /><trkpt lat="41.433983221" lon="-8.131416527" /><trkpt lat="41.433981812" lon="-8.131433001" /><trkpt lat="41.433980829" lon="-8.131449457" /><trkpt lat="41.433980282" lon="-8.131465886" /><trkpt lat="41.433980179" lon="-8.131482280" /><trkpt lat="41.433980527" lon="-8.131498631" /><trkpt lat="41.433981336" lon="-8.131514930" /><trkpt lat="41.433982613" lon="-8.131531169" /><trkpt lat="41.433984367" lon="-8.131547339" /><trkpt lat="41.433986607" lon="-8.131563432" /><trkpt lat="41.433989340" lon="-8.131579440" /><trkpt lat="41.433992575" lon="-8.131595353" /><trkpt lat="41.433996321" lon="-8.131611165" /><trkpt lat="41.434000585" lon="-8.131626866" /><trkpt lat="41.434005376" lon="-8.131642447" /><trkpt lat="41.434010703" lon="-8.131657901" /><trkpt lat="41.434016573" lon="-8.131673220" /><trkpt lat="41.434022995" lon="-8.131688394" /><trkpt lat="41.434029978" lon="-8.131703415" /><trkpt lat="41.434037529" lon="-8.131718275" /><trkpt lat="41.434045658" lon="-8.131732965" /><trkpt lat="41.434054372" lon="-8.131747478" /><trkpt lat="41.434063679" lon="-8.131761804" /><trkpt lat="41.434073589" lon="-8.131775935" /><trkpt lat="41.434084109" lon="-8.131789863" /><trkpt lat="41.434093534" lon="-8.131802683" /><trkpt lat="41.434102182" lon="-8.131816046" /><trkpt lat="41.434110069" lon="-8.131829922" /><trkpt lat="41.434117214" lon="-8.131844279" /><trkpt lat="41.434123634" lon="-8.131859087" /><trkpt lat="41.434129348" lon="-8.131874315" /><trkpt lat="41.434134373" lon="-8.131889931" /><trkpt lat="41.434138727" lon="-8.131905905" /><trkpt lat="41.434142429" lon="-8.131922205" /><trkpt lat="41.434145495" lon="-8.131938802" /><trkpt lat="41.434147945" lon="-8.131955663" /><trkpt lat="41.434149795" lon="-8.131972757" /><trkpt lat="41.434151064" lon="-8.131990055" /><trkpt lat="41.434151770" lon="-8.132007525" /><trkpt lat="41.434151931" lon="-8.132025135" /><trkpt lat="41.434151564" lon="-8.132042855" /><trkpt lat="41.434150687" lon="-8.132060654" /><trkpt lat="41.434149319" lon="-8.132078501" /><trkpt lat="41.434147477" lon="-8.132096366" /><trkpt lat="41.434145179" lon="-8.132114216" /><trkpt lat="41.434142443" lon="-8.132132021" /><trkpt lat="41.434139287" lon="-8.132149750" /><trkpt lat="41.434135729" lon="-8.132167373" /><trkpt lat="41.434131787" lon="-8.132184858" /><trkpt lat="41.434127478" lon="-8.132202173" /><trkpt lat="41.434122821" lon="-8.132219289" /><trkpt lat="41.434117834" lon="-8.132236175" /><trkpt lat="41.434112533" lon="-8.132252798" /><trkpt lat="41.434106939" lon="-8.132269129" /><trkpt lat="41.434101067" lon="-8.132285136" /><trkpt lat="41.434094936" lon="-8.132300789" /><trkpt lat="41.434088565" lon="-8.132316056" /><trkpt lat="41.434081970" lon="-8.132330907" /><trkpt lat="41.434075170" lon="-8.132345309" /><trkpt lat="41.434068183" lon="-8.132359234" /><trkpt lat="41.434061027" lon="-8.132372649" /><trkpt lat="41.434053719" lon="-8.132385523" /><trkpt lat="41.434046278" lon="-8.132397826" /><trkpt lat="41.434038721" lon="-8.132409527" /><trkpt lat="41.434031066" lon="-8.132420594" /><trkpt lat="41.434023331" lon="-8.132430997" /><trkpt lat="41.434015535" lon="-8.132440705" /><trkpt lat="41.434007694" lon="-8.132449687" /><trkpt lat="41.433998408" lon="-8.132460172" /><trkpt lat="41.433989319" lon="-8.132471061" /><trkpt lat="41.433980430" lon="-8.132482348" /><trkpt lat="41.433971741" lon="-8.132494026" /><trkpt lat="41.433963255" lon="-8.132506088" /><trkpt lat="41.433954973" lon="-8.132518530" /><trkpt lat="41.433946898" lon="-8.132531344" /><trkpt lat="41.433939031" lon="-8.132544524" /><trkpt lat="41.433931374" lon="-8.132558065" /><trkpt lat="41.433923929" lon="-8.132571959" /><trkpt lat="41.433916698" lon="-8.132586201" /><trkpt lat="41.433909682" lon="-8.132600784" /><trkpt lat="41.433902883" lon="-8.132615703" /><trkpt lat="41.433896303" lon="-8.132630951" /><trkpt lat="41.433889944" lon="-8.132646522" /><trkpt lat="41.433883807" lon="-8.132662409" /><trkpt lat="41.433877895" lon="-8.132678607" /><trkpt lat="41.433872210" lon="-8.132695109" /><trkpt lat="41.433866752" lon="-8.132711909" /><trkpt lat="41.433861525" lon="-8.132729001" /><trkpt lat="41.433856529" lon="-8.132746378" /><trkpt lat="41.433851766" lon="-8.132764035" /><trkpt lat="41.433847239" lon="-8.132781965" /><trkpt lat="41.433842949" lon="-8.132800162" /><trkpt lat="41.433838898" lon="-8.132818620" /><trkpt lat="41.433835088" lon="-8.132837332" /><trkpt lat="41.433831520" lon="-8.132856293" /><trkpt lat="41.433828197" lon="-8.132875495" /><trkpt lat="41.433825120" lon="-8.132894934" /><trkpt lat="41.433822291" lon="-8.132914603" /><trkpt lat="41.433819712" lon="-8.132934495" /><trkpt lat="41.433817384" lon="-8.132954604" /><trkpt lat="41.433815310" lon="-8.132974925" /><trkpt lat="41.433813491" lon="-8.132995450" /><trkpt lat="41.433811929" lon="-8.133016174" /><trkpt lat="41.433810626" lon="-8.133037090" /><trkpt lat="41.433809139" lon="-8.133059002" /><trkpt lat="41.433807165" lon="-8.133080240" /><trkpt lat="41.433804709" lon="-8.133100799" /><trkpt lat="41.433801772" lon="-8.133120674" /><trkpt lat="41.433798360" lon="-8.133139859" /><trkpt lat="41.433794476" lon="-8.133158350" /><trkpt lat="41.433790124" lon="-8.133176140" /><trkpt lat="41.433785306" lon="-8.133193225" /><trkpt lat="41.433780028" lon="-8.133209599" /><trkpt lat="41.433774292" lon="-8.133225257" /><trkpt lat="41.433768102" lon="-8.133240194" /><trkpt lat="41.433761463" lon="-8.133254403" /><trkpt lat="41.433754377" lon="-8.133267881" /><trkpt lat="41.433746848" lon="-8.133280621" /><trkpt lat="41.433738880" lon="-8.133292618" /><trkpt lat="41.433730477" lon="-8.133303868" /><trkpt lat="41.433721643" lon="-8.133314364" /><trkpt lat="41.433712380" lon="-8.133324101" /><trkpt lat="41.433702694" lon="-8.133333074" /><trkpt lat="41.433692587" lon="-8.133341278" /><trkpt lat="41.433682062" lon="-8.133348707" /><trkpt lat="41.433671125" lon="-8.133355356" /><trkpt lat="41.433659778" lon="-8.133361220" /><trkpt lat="41.433648026" lon="-8.133366293" /><trkpt lat="41.433635871" lon="-8.133370570" /><trkpt lat="41.433623317" lon="-8.133374046" /><trkpt lat="41.433610369" lon="-8.133376715" /><trkpt lat="41.433597030" lon="-8.133378572" /><trkpt lat="41.433583304" lon="-8.133379612" /><trkpt lat="41.433569194" lon="-8.133379829" /><trkpt lat="41.433554703" lon="-8.133379219" /><trkpt lat="41.433539837" lon="-8.133377775" /><trkpt lat="41.433524597" lon="-8.133375493" /><trkpt lat="41.433508989" lon="-8.133372366" /><trkpt lat="41.433491374" lon="-8.133368601" /><trkpt lat="41.433474311" lon="-8.133365341" /><trkpt lat="41.433457779" lon="-8.133362571" /><trkpt lat="41.433441759" lon="-8.133360276" /><trkpt lat="41.433426232" lon="-8.133358441" /><trkpt lat="41.433411177" lon="-8.133357049" /><trkpt lat="41.433396576" lon="-8.133356086" /><trkpt lat="41.433382408" lon="-8.133355536" /><trkpt lat="41.433368654" lon="-8.133355383" /><trkpt lat="41.433355294" lon="-8.133355613" /><trkpt lat="41.433342308" lon="-8.133356210" /><trkpt lat="41.433329677" lon="-8.133357159" /><trkpt lat="41.433317382" lon="-8.133358443" /><trkpt lat="41.433305401" lon="-8.133360049" /><trkpt lat="41.433293717" lon="-8.133361960" /><trkpt lat="41.433282309" lon="-8.133364161" /><trkpt lat="41.433271157" lon="-8.133366636" /><trkpt lat="41.433260243" lon="-8.133369371" /><trkpt lat="41.433249545" lon="-8.133372349" /><trkpt lat="41.433239045" lon="-8.133375556" /><trkpt lat="41.433228723" lon="-8.133378976" /><trkpt lat="41.433218559" lon="-8.133382593" /><trkpt lat="41.433208533" lon="-8.133386393" /><trkpt lat="41.433198627" lon="-8.133390359" /><trkpt lat="41.433188820" lon="-8.133394477" /><trkpt lat="41.433179092" lon="-8.133398731" /><trkpt lat="41.433169425" lon="-8.133403106" /><trkpt lat="41.433159797" lon="-8.133407585" /><trkpt lat="41.433150190" lon="-8.133412155" /><trkpt lat="41.433140585" lon="-8.133416799" /><trkpt lat="41.433131002" lon="-8.133421491" /><trkpt lat="41.433121465" lon="-8.133426220" /><trkpt lat="41.433111956" lon="-8.133430998" /><trkpt lat="41.433102457" lon="-8.133435832" /><trkpt lat="41.433092949" lon="-8.133440734" /><trkpt lat="41.433083415" lon="-8.133445713" /><trkpt lat="41.433073835" lon="-8.133450778" /><trkpt lat="41.433064192" lon="-8.133455940" /><trkpt lat="41.433054468" lon="-8.133461209" /><trkpt lat="41.433044643" lon="-8.133466593" /><trkpt lat="41.433034701" lon="-8.133472104" /><trkpt lat="41.433024623" lon="-8.133477750" /><trkpt lat="41.433014390" lon="-8.133483542" /><trkpt lat="41.433003984" lon="-8.133489490" /><trkpt lat="41.432993387" lon="-8.133495602" /><trkpt lat="41.432982582" lon="-8.133501889" /><trkpt lat="41.432971549" lon="-8.133508361" /><trkpt lat="41.432960270" lon="-8.133515028" /><trkpt lat="41.432948727" lon="-8.133521899" /><trkpt lat="41.432936903" lon="-8.133528984" /><trkpt lat="41.432924778" lon="-8.133536293" /><trkpt lat="41.432912334" lon="-8.133543835" /><trkpt lat="41.432899554" lon="-8.133551622" /><trkpt lat="41.432886419" lon="-8.133559661" /><trkpt lat="41.432872910" lon="-8.133567964" /><trkpt lat="41.432859010" lon="-8.133576539" /><trkpt lat="41.432844701" lon="-8.133585397" /><trkpt lat="41.432829963" lon="-8.133594548" /><trkpt lat="41.432814779" lon="-8.133604000" /><trkpt lat="41.432799131" lon="-8.133613765" /><trkpt lat="41.432785772" lon="-8.133622640" /><trkpt lat="41.432772914" lon="-8.133632230" /><trkpt lat="41.432760536" lon="-8.133642499" /><trkpt lat="41.432748618" lon="-8.133653413" /><trkpt lat="41.432737138" lon="-8.133664938" /><trkpt lat="41.432726077" lon="-8.133677040" /><trkpt lat="41.432715412" lon="-8.133689682" /><trkpt lat="41.432705124" lon="-8.133702832" /><trkpt lat="41.432695191" lon="-8.133716455" /><trkpt lat="41.432685592" lon="-8.133730516" /><trkpt lat="41.432676308" lon="-8.133744980" /><trkpt lat="41.432667316" lon="-8.133759813" /><trkpt lat="41.432658597" lon="-8.133774980" /><trkpt lat="41.432650129" lon="-8.133790448" /><trkpt lat="41.432641891" lon="-8.133806181" /><trkpt lat="41.432633863" lon="-8.133822144" /><trkpt lat="41.432626024" lon="-8.133838304" /><trkpt lat="41.432618353" lon="-8.133854626" /><trkpt lat="41.432610829" lon="-8.133871075" /><trkpt lat="41.432603431" lon="-8.133887616" /><trkpt lat="41.432596139" lon="-8.133904216" /><trkpt lat="41.432588931" lon="-8.133920840" /><trkpt lat="41.432581788" lon="-8.133937452" /><trkpt lat="41.432574687" lon="-8.133954020" /><trkpt lat="41.432567609" lon="-8.133970507" /><trkpt lat="41.432560532" lon="-8.133986880" /><trkpt lat="41.432553436" lon="-8.134003103" /><trkpt lat="41.432546300" lon="-8.134019144" /><trkpt lat="41.432539102" lon="-8.134034966" /><trkpt lat="41.432531822" lon="-8.134050535" /><trkpt lat="41.432524440" lon="-8.134065818" /><trkpt lat="41.432516935" lon="-8.134080778" /><trkpt lat="41.432509284" lon="-8.134095383" /><trkpt lat="41.432501469" lon="-8.134109596" /><trkpt lat="41.432493468" lon="-8.134123385" /><trkpt lat="41.432485188" lon="-8.134136320" /><trkpt lat="41.432476125" lon="-8.134148759" /><trkpt lat="41.432466315" lon="-8.134160714" /><trkpt lat="41.432455795" lon="-8.134172198" /><trkpt lat="41.432444600" lon="-8.134183224" /><trkpt lat="41.432432767" lon="-8.134193805" /><trkpt lat="41.432420332" lon="-8.134203954" /><trkpt lat="41.432407331" lon="-8.134213682" /><trkpt lat="41.432393800" lon="-8.134223004" /><trkpt lat="41.432379776" lon="-8.134231931" /><trkpt lat="41.432365295" lon="-8.134240477" /><trkpt lat="41.432350392" lon="-8.134248654" /><trkpt lat="41.432335105" lon="-8.134256475" /><trkpt lat="41.432319469" lon="-8.134263953" /><trkpt lat="41.432303521" lon="-8.134271100" /><trkpt lat="41.432287297" lon="-8.134277930" /><trkpt lat="41.432270833" lon="-8.134284455" /><trkpt lat="41.432254164" lon="-8.134290688" /><trkpt lat="41.432237329" lon="-8.134296641" /><trkpt lat="41.432220362" lon="-8.134302328" /><trkpt lat="41.432203299" lon="-8.134307760" /><trkpt lat="41.432186178" lon="-8.134312952" /><trkpt lat="41.432169034" lon="-8.134317915" /><trkpt lat="41.432151903" lon="-8.134322663" /><trkpt lat="41.432134823" lon="-8.134327208" /><trkpt lat="41.432117828" lon="-8.134331563" /><trkpt lat="41.432100955" lon="-8.134335740" /><trkpt lat="41.432084240" lon="-8.134339753" /><trkpt lat="41.432067720" lon="-8.134343615" /><trkpt lat="41.432051430" lon="-8.134347337" /><trkpt lat="41.432035407" lon="-8.134350933" /><trkpt lat="41.432019688" lon="-8.134354415" /><trkpt lat="41.432004307" lon="-8.134357797" /><trkpt lat="41.431989303" lon="-8.134361091" /><trkpt lat="41.431974710" lon="-8.134364310" /><trkpt lat="41.431960564" lon="-8.134367466" /><trkpt lat="41.431943836" lon="-8.134371147" /><trkpt lat="41.431927047" lon="-8.134374672" /><trkpt lat="41.431910214" lon="-8.134378026" /><trkpt lat="41.431893357" lon="-8.134381196" /><trkpt lat="41.431876495" lon="-8.134384168" /><trkpt lat="41.431859646" lon="-8.134386928" /><trkpt lat="41.431842829" lon="-8.134389463" /><trkpt lat="41.431826064" lon="-8.134391759" /><trkpt lat="41.431809368" lon="-8.134393803" /><trkpt lat="41.431792760" lon="-8.134395579" /><trkpt lat="41.431776260" lon="-8.134397076" /><trkpt lat="41.431759886" lon="-8.134398279" /><trkpt lat="41.431743656" lon="-8.134399175" /><trkpt lat="41.431727591" lon="-8.134399749" /><trkpt lat="41.431711707" lon="-8.134399988" /><trkpt lat="41.431696025" lon="-8.134399878" /><trkpt lat="41.431680562" lon="-8.134399406" /><trkpt lat="41.431665338" lon="-8.134398558" /><trkpt lat="41.431650371" lon="-8.134397320" /><trkpt lat="41.431635681" lon="-8.134395679" /><trkpt lat="41.431621286" lon="-8.134393620" /><trkpt lat="41.431607204" lon="-8.134391131" /><trkpt lat="41.431593455" lon="-8.134388196" /><trkpt lat="41.431580056" lon="-8.134384804" /><trkpt lat="41.431567028" lon="-8.134380939" /><trkpt lat="41.431554389" lon="-8.134376589" /><trkpt lat="41.431542158" lon="-8.134371739" /><trkpt lat="41.431530352" lon="-8.134366376" /><trkpt lat="41.431518992" lon="-8.134360486" /><trkpt lat="41.431508096" lon="-8.134354055" /><trkpt lat="41.431501507" lon="-8.134349805" /><trkpt lat="41.431494293" lon="-8.134344956" /><trkpt lat="41.431486475" lon="-8.134339529" /><trkpt lat="41.431478071" lon="-8.134333545" /><trkpt lat="41.431469101" lon="-8.134327023" /><trkpt lat="41.431459586" lon="-8.134319985" /><trkpt lat="41.431449545" lon="-8.134312450" /><trkpt lat="41.431438998" lon="-8.134304439" /><trkpt lat="41.431427964" lon="-8.134295973" /><trkpt lat="41.431416465" lon="-8.134287071" /><trkpt lat="41.431404518" lon="-8.134277754" /><trkpt lat="41.431392145" lon="-8.134268043" /><trkpt lat="41.431379366" lon="-8.134257958" /><trkpt lat="41.431366199" lon="-8.134247518" /><trkpt lat="41.431352665" lon="-8.134236746" /><trkpt lat="41.431338784" lon="-8.134225660" /><trkpt lat="41.431324575" lon="-8.134214282" /><trkpt lat="41.431310058" lon="-8.134202632" /><trkpt lat="41.431295254" lon="-8.134190729" /><trkpt lat="41.431280181" lon="-8.134178595" /><trkpt lat="41.431264860" lon="-8.134166251" /><trkpt lat="41.431249311" lon="-8.134153715" /><trkpt lat="41.431233553" lon="-8.134141009" /><trkpt lat="41.431217607" lon="-8.134128153" /><trkpt lat="41.431201491" lon="-8.134115168" /><trkpt lat="41.431185227" lon="-8.134102073" /><trkpt lat="41.431168833" lon="-8.134088890" /><trkpt lat="41.431152330" lon="-8.134075638" /><trkpt lat="41.431135737" lon="-8.134062338" /><trkpt lat="41.431119074" lon="-8.134049010" /><trkpt lat="41.431102362" lon="-8.134035675" /><trkpt lat="41.431085619" lon="-8.134022354" /><trkpt lat="41.431068866" lon="-8.134009065" /><trkpt lat="41.431052123" lon="-8.133995831" /><trkpt lat="41.431035409" lon="-8.133982671" /><trkpt lat="41.431018744" lon="-8.133969605" /><trkpt lat="41.431002148" lon="-8.133956655" /><trkpt lat="41.430985641" lon="-8.133943840" /><trkpt lat="41.430969243" lon="-8.133931180" /><trkpt lat="41.430952974" lon="-8.133918697" /><trkpt lat="41.430936852" lon="-8.133906411" /><trkpt lat="41.430920899" lon="-8.133894341" /><trkpt lat="41.430905134" lon="-8.133882508" /><trkpt lat="41.430889577" lon="-8.133870934" /><trkpt lat="41.430874247" lon="-8.133859637" /><trkpt lat="41.430859165" lon="-8.133848639" /><trkpt lat="41.430844350" lon="-8.133837959" /><trkpt lat="41.430829823" lon="-8.133827619" /><trkpt lat="41.430815602" lon="-8.133817639" /><trkpt lat="41.430801708" lon="-8.133808038" /><trkpt lat="41.430788161" lon="-8.133798838" /><trkpt lat="41.430768811" lon="-8.133786331" /><trkpt lat="41.430749713" lon="-8.133774993" /><trkpt lat="41.430730866" lon="-8.133764784" /><trkpt lat="41.430712265" lon="-8.133755664" /><trkpt lat="41.430693908" lon="-8.133747594" /><trkpt lat="41.430675792" lon="-8.133740534" /><trkpt lat="41.430657913" lon="-8.133734443" /><trkpt lat="41.430640268" lon="-8.133729283" /><trkpt lat="41.430622855" lon="-8.133725013" /><trkpt lat="41.430605670" lon="-8.133721593" /><trkpt lat="41.430588710" lon="-8.133718984" /><trkpt lat="41.430571973" lon="-8.133717147" /><trkpt lat="41.430555454" lon="-8.133716040" /><trkpt lat="41.430539151" lon="-8.133715625" /><trkpt lat="41.430523060" lon="-8.133715861" /><trkpt lat="41.430507180" lon="-8.133716709" /><trkpt lat="41.430491506" lon="-8.133718130" /><trkpt lat="41.430476035" lon="-8.133720082" /><trkpt lat="41.430460765" lon="-8.133722527" /><trkpt lat="41.430445692" lon="-8.133725425" /><trkpt lat="41.430430813" lon="-8.133728735" /><trkpt lat="41.430416126" lon="-8.133732419" /><trkpt lat="41.430401626" lon="-8.133736436" /><trkpt lat="41.430387311" lon="-8.133740747" /><trkpt lat="41.430373178" lon="-8.133745311" /><trkpt lat="41.430359224" lon="-8.133750089" /><trkpt lat="41.430345445" lon="-8.133755041" /><trkpt lat="41.430331839" lon="-8.133760128" /><trkpt lat="41.430318403" lon="-8.133765309" /><trkpt lat="41.430305132" lon="-8.133770545" /><trkpt lat="41.430292025" lon="-8.133775797" /><trkpt lat="41.430279078" lon="-8.133781023" /><trkpt lat="41.430266288" lon="-8.133786185" /><trkpt lat="41.430253652" lon="-8.133791242" /><trkpt lat="41.430241167" lon="-8.133796155" /><trkpt lat="41.430230672" lon="-8.133799968" /><trkpt lat="41.430219412" lon="-8.133803551" /><trkpt lat="41.430207418" lon="-8.133806906" /><trkpt lat="41.430194722" lon="-8.133810040" /><trkpt lat="41.430181354" lon="-8.133812955" /><trkpt lat="41.430167345" lon="-8.133815657" /><trkpt lat="41.430152727" lon="-8.133818149" /><trkpt lat="41.430137530" lon="-8.133820436" /><trkpt lat="41.430121786" lon="-8.133822522" /><trkpt lat="41.430105526" lon="-8.133824411" /><trkpt lat="41.430088781" lon="-8.133826108" /><trkpt lat="41.430071582" lon="-8.133827617" /><trkpt lat="41.430053960" lon="-8.133828941" /><trkpt lat="41.430035946" lon="-8.133830086" /><trkpt lat="41.430017572" lon="-8.133831055" /><trkpt lat="41.429998869" lon="-8.133831853" /><trkpt lat="41.429979867" lon="-8.133832484" /><trkpt lat="41.429960597" lon="-8.133832952" /><trkpt lat="41.429941092" lon="-8.133833262" /><trkpt lat="41.429921382" lon="-8.133833418" /><trkpt lat="41.429901497" lon="-8.133833423" /><trkpt lat="41.429881470" lon="-8.133833283" /><trkpt lat="41.429861331" lon="-8.133833001" /><trkpt lat="41.429841112" lon="-8.133832583" /><trkpt lat="41.429820843" lon="-8.133832031" /><trkpt lat="41.429800555" lon="-8.133831350" /><trkpt lat="41.429780281" lon="-8.133830545" /><trkpt lat="41.429760050" lon="-8.133829620" /><trkpt lat="41.429739895" lon="-8.133828578" /><trkpt lat="41.429719845" lon="-8.133827425" /><trkpt lat="41.429699932" lon="-8.133826165" /><trkpt lat="41.429680188" lon="-8.133824801" /><trkpt lat="41.429660644" lon="-8.133823338" /><trkpt lat="41.429641329" lon="-8.133821781" /><trkpt lat="41.429622277" lon="-8.133820133" /><trkpt lat="41.429603517" lon="-8.133818399" /><trkpt lat="41.429585081" lon="-8.133816582" /><trkpt lat="41.429567000" lon="-8.133814689" /><trkpt lat="41.429549305" lon="-8.133812721" /><trkpt lat="41.429532027" lon="-8.133810685" /><trkpt lat="41.429515198" lon="-8.133808583" /><trkpt lat="41.429498848" lon="-8.133806421" /><trkpt lat="41.429483008" lon="-8.133804202" /><trkpt lat="41.429466652" lon="-8.133802365" /><trkpt lat="41.429451058" lon="-8.133801660" /><trkpt lat="41.429436209" lon="-8.133802049" /><trkpt lat="41.429422092" lon="-8.133803497" /><trkpt lat="41.429408690" lon="-8.133805968" /><trkpt lat="41.429395989" lon="-8.133809425" /><trkpt lat="41.429383973" lon="-8.133813834" /><trkpt lat="41.429372626" lon="-8.133819158" /><trkpt lat="41.429361935" lon="-8.133825361" /><trkpt lat="41.429351882" lon="-8.133832407" /><trkpt lat="41.429342454" lon="-8.133840260" /><trkpt lat="41.429333634" lon="-8.133848885" /><trkpt lat="41.429325408" lon="-8.133858245" /><trkpt lat="41.429317760" lon="-8.133868304" /><trkpt lat="41.429310675" lon="-8.133879026" /><trkpt lat="41.429304138" lon="-8.133890376" /><trkpt lat="41.429298133" lon="-8.133902317" /><trkpt lat="41.429292646" lon="-8.133914814" /><trkpt lat="41.429287660" lon="-8.133927830" /><trkpt lat="41.429283161" lon="-8.133941330" /><trkpt lat="41.429279133" lon="-8.133955277" /><trkpt lat="41.429275561" lon="-8.133969636" /><trkpt lat="41.429272431" lon="-8.133984371" /><trkpt lat="41.429269725" lon="-8.133999445" /><trkpt lat="41.429267430" lon="-8.134014824" /><trkpt lat="41.429265530" lon="-8.134030470" /><trkpt lat="41.429264009" lon="-8.134046347" /><trkpt lat="41.429262853" lon="-8.134062421" /><trkpt lat="41.429262046" lon="-8.134078655" /><trkpt lat="41.429261574" lon="-8.134095012" /><trkpt lat="41.429261419" lon="-8.134111458" /><trkpt lat="41.429261568" lon="-8.134127955" /><trkpt lat="41.429262005" lon="-8.134144469" /><trkpt lat="41.429262715" lon="-8.134160963" /><trkpt lat="41.429263683" lon="-8.134177401" /><trkpt lat="41.429264892" lon="-8.134193747" /><trkpt lat="41.429266329" lon="-8.134209966" /><trkpt lat="41.429267978" lon="-8.134226021" /><trkpt lat="41.429269823" lon="-8.134241876" /><trkpt lat="41.429271849" lon="-8.134257495" /><trkpt lat="41.429274211" lon="-8.134274872" /><trkpt lat="41.429276466" lon="-8.134291636" /><trkpt lat="41.429278603" lon="-8.134307843" /><trkpt lat="41.429280615" lon="-8.134323550" /><trkpt lat="41.429282490" lon="-8.134338814" /><trkpt lat="41.429284221" lon="-8.134353691" /><trkpt lat="41.429285797" lon="-8.134368238" /><trkpt lat="41.429287210" lon="-8.134382512" /><trkpt lat="41.429288450" lon="-8.134396570" /><trkpt lat="41.429289508" lon="-8.134410467" /><trkpt lat="41.429290375" lon="-8.134424262" /><trkpt lat="41.429291041" lon="-8.134438009" /><trkpt lat="41.429291497" lon="-8.134451767" /><trkpt lat="41.429291734" lon="-8.134465592" /><trkpt lat="41.429291742" lon="-8.134479540" /><trkpt lat="41.429291513" lon="-8.134493668" /><trkpt lat="41.429291036" lon="-8.134508034" /><trkpt lat="41.429290303" lon="-8.134522692" /><trkpt lat="41.429289304" lon="-8.134537701" /><trkpt lat="41.429288031" lon="-8.134553117" /><trkpt lat="41.429286473" lon="-8.134568996" /><trkpt lat="41.429284622" lon="-8.134585396" /><trkpt lat="41.429282467" lon="-8.134602373" /><trkpt lat="41.429280001" lon="-8.134619983" /><trkpt lat="41.429277213" lon="-8.134638283" /><trkpt lat="41.429274095" lon="-8.134657330" /><trkpt lat="41.429270637" lon="-8.134677181" /><trkpt lat="41.429266829" lon="-8.134697893" /><trkpt lat="41.429262663" lon="-8.134719521" /><trkpt lat="41.429258129" lon="-8.134742123" /><trkpt lat="41.429253218" lon="-8.134765755" /><trkpt lat="41.429247920" lon="-8.134790474" /><trkpt lat="41.429242227" lon="-8.134816337" /><trkpt lat="41.429236129" lon="-8.134843401" /><trkpt lat="41.429229617" lon="-8.134871721" /><trkpt lat="41.429223643" lon="-8.134895927" /><trkpt lat="41.429217212" lon="-8.134919101" /><trkpt lat="41.429210337" lon="-8.134941265" /><trkpt lat="41.429203034" lon="-8.134962440" /><trkpt lat="41.429195318" lon="-8.134982648" /><trkpt lat="41.429187204" lon="-8.135001911" /><trkpt lat="41.429178708" lon="-8.135020249" /><trkpt lat="41.429169845" lon="-8.135037685" /><trkpt lat="41.429160631" lon="-8.135054239" /><trkpt lat="41.429151079" lon="-8.135069933" /><trkpt lat="41.429141206" lon="-8.135084790" /><trkpt lat="41.429131027" lon="-8.135098829" /><trkpt lat="41.429120557" lon="-8.135112073" /><trkpt lat="41.429109811" lon="-8.135124543" /><trkpt lat="41.429098804" lon="-8.135136261" /><trkpt lat="41.429087553" lon="-8.135147248" /><trkpt lat="41.429076071" lon="-8.135157526" /><trkpt lat="41.429064374" lon="-8.135167116" /><trkpt lat="41.429052478" lon="-8.135176039" /><trkpt lat="41.429040398" lon="-8.135184318" /><trkpt lat="41.429028148" lon="-8.135191973" /><trkpt lat="41.429015744" lon="-8.135199026" /><trkpt lat="41.429003202" lon="-8.135205498" /><trkpt lat="41.428990537" lon="-8.135211412" /><trkpt lat="41.428977763" lon="-8.135216788" /><trkpt lat="41.428964896" lon="-8.135221648" /><trkpt lat="41.428951951" lon="-8.135226013" /><trkpt lat="41.428938944" lon="-8.135229906" /><trkpt lat="41.428925890" lon="-8.135233346" /><trkpt lat="41.428912804" lon="-8.135236357" /><trkpt lat="41.428899701" lon="-8.135238959" /><trkpt lat="41.428886596" lon="-8.135241174" /><trkpt lat="41.428873505" lon="-8.135243023" /><trkpt lat="41.428860443" lon="-8.135244528" /><trkpt lat="41.428847425" lon="-8.135245710" /><trkpt lat="41.428834466" lon="-8.135246592" /><trkpt lat="41.428821582" lon="-8.135247193" /><trkpt lat="41.428808787" lon="-8.135247536" /><trkpt lat="41.428796098" lon="-8.135247642" /><trkpt lat="41.428783529" lon="-8.135247533" /><trkpt lat="41.428771096" lon="-8.135247231" /><trkpt lat="41.428755452" lon="-8.135246758" /><trkpt lat="41.428739261" lon="-8.135246314" /><trkpt lat="41.428722566" lon="-8.135245901" /><trkpt lat="41.428705406" lon="-8.135245516" /><trkpt lat="41.428687822" lon="-8.135245162" /><trkpt lat="41.428669856" lon="-8.135244836" /><trkpt lat="41.428651549" lon="-8.135244541" /><trkpt lat="41.428632941" lon="-8.135244275" /><trkpt lat="41.428614074" lon="-8.135244038" /><trkpt lat="41.428594988" lon="-8.135243832" /><trkpt lat="41.428575724" lon="-8.135243654" /><trkpt lat="41.428556324" lon="-8.135243506" /><trkpt lat="41.428536828" lon="-8.135243388" /><trkpt lat="41.428517277" lon="-8.135243300" /><trkpt lat="41.428497713" lon="-8.135243240" /><trkpt lat="41.428478175" lon="-8.135243211" /><trkpt lat="41.428458706" lon="-8.135243211" /><trkpt lat="41.428439346" lon="-8.135243240" /><trkpt lat="41.428420136" lon="-8.135243300" /><trkpt lat="41.428401117" lon="-8.135243388" /><trkpt lat="41.428382331" lon="-8.135243506" /><trkpt lat="41.428363817" lon="-8.135243654" /><trkpt lat="41.428345617" lon="-8.135243832" /><trkpt lat="41.428327772" lon="-8.135244038" /><trkpt lat="41.428310322" lon="-8.135244275" /><trkpt lat="41.428293310" lon="-8.135244541" /><trkpt lat="41.428276775" lon="-8.135244836" /><trkpt lat="41.428260760" lon="-8.135245162" /><trkpt lat="41.428245304" lon="-8.135245516" /><trkpt lat="41.428230448" lon="-8.135245901" /><trkpt lat="41.428216234" lon="-8.135246314" /><trkpt lat="41.428202703" lon="-8.135246758" /><trkpt lat="41.428189896" lon="-8.135247231" /><trkpt lat="41.428176022" lon="-8.135248073" /><trkpt lat="41.428161764" lon="-8.135249502" /><trkpt lat="41.428147138" lon="-8.135251476" /><trkpt lat="41.428132162" lon="-8.135253957" /><trkpt lat="41.428116854" lon="-8.135256904" /><trkpt lat="41.428101231" lon="-8.135260277" /><trkpt lat="41.428085310" lon="-8.135264036" /><trkpt lat="41.428069109" lon="-8.135268141" /><trkpt lat="41.428052645" lon="-8.135272553" /><trkpt lat="41.428035936" lon="-8.135277232" /><trkpt lat="41.428018999" lon="-8.135282136" /><trkpt lat="41.428001851" lon="-8.135287228" /><trkpt lat="41.427984510" lon="-8.135292466" /><trkpt lat="41.427966994" lon="-8.135297810" /><trkpt lat="41.427949319" lon="-8.135303222" /><trkpt lat="41.427931504" lon="-8.135308660" /><trkpt lat="41.427913565" lon="-8.135314085" /><trkpt lat="41.427895521" lon="-8.135319457" /><trkpt lat="41.427877388" lon="-8.135324736" /><trkpt lat="41.427859183" lon="-8.135329882" /><trkpt lat="41.427840926" lon="-8.135334856" /><trkpt lat="41.427822632" lon="-8.135339616" /><trkpt lat="41.427804319" lon="-8.135344124" /><trkpt lat="41.427786005" lon="-8.135348339" /><trkpt lat="41.427767707" lon="-8.135352222" /><trkpt lat="41.427749442" lon="-8.135355732" /><trkpt lat="41.427731229" lon="-8.135358829" /><trkpt lat="41.427713083" lon="-8.135361474" /><trkpt lat="41.427695024" lon="-8.135363627" /><trkpt lat="41.427677068" lon="-8.135365248" /><trkpt lat="41.427663913" lon="-8.135366192" /><trkpt lat="41.427650043" lon="-8.135367111" /><trkpt lat="41.427635496" lon="-8.135368007" /><trkpt lat="41.427620308" lon="-8.135368881" /><trkpt lat="41.427604518" lon="-8.135369736" /><trkpt lat="41.427588163" lon="-8.135370573" /><trkpt lat="41.427571280" lon="-8.135371394" /><trkpt lat="41.427553907" lon="-8.135372202" /><trkpt lat="41.427536081" lon="-8.135372998" /><trkpt lat="41.427517840" lon="-8.135373784" /><trkpt lat="41.427499221" lon="-8.135374563" /><trkpt lat="41.427480261" lon="-8.135375335" /><trkpt lat="41.427460999" lon="-8.135376104" /><trkpt lat="41.427441471" lon="-8.135376871" /><trkpt lat="41.427421715" lon="-8.135377637" /><trkpt lat="41.427401768" lon="-8.135378406" /><trkpt lat="41.427381669" lon="-8.135379178" /><trkpt lat="41.427361453" lon="-8.135379957" /><trkpt lat="41.427341160" lon="-8.135380743" /><trkpt lat="41.427320826" lon="-8.135381539" /><trkpt lat="41.427300488" lon="-8.135382347" /><trkpt lat="41.427280185" lon="-8.135383168" /><trkpt lat="41.427259954" lon="-8.135384005" /><trkpt lat="41.427239831" lon="-8.135384860" /><trkpt lat="41.427219855" lon="-8.135385734" /><trkpt lat="41.427200063" lon="-8.135386630" /><trkpt lat="41.427180493" lon="-8.135387549" /><trkpt lat="41.427161182" lon="-8.135388494" /><trkpt lat="41.427142167" lon="-8.135389465" /><trkpt lat="41.427123486" lon="-8.135390467" /><trkpt lat="41.427105176" lon="-8.135391499" /><trkpt lat="41.427087275" lon="-8.135392565" /><trkpt lat="41.427069820" lon="-8.135393666" /><trkpt lat="41.427052849" lon="-8.135394804" /><trkpt lat="41.427036400" lon="-8.135395981" /><trkpt lat="41.427020508" lon="-8.135397200" /><trkpt lat="41.427005213" lon="-8.135398461" /><trkpt lat="41.426990552" lon="-8.135399767" /><trkpt lat="41.426976561" lon="-8.135401120" /><trkpt lat="41.426963279" lon="-8.135402522" /><trkpt lat="41.426950743" lon="-8.135403975" /><trkpt lat="41.426938991" lon="-8.135405481" /><trkpt lat="41.426923358" lon="-8.135407790" /><trkpt lat="41.426908234" lon="-8.135410439" /><trkpt lat="41.426893620" lon="-8.135413444" /><trkpt lat="41.426879515" lon="-8.135416823" /><trkpt lat="41.426865920" lon="-8.135420593" /><trkpt lat="41.426852834" lon="-8.135424771" /><trkpt lat="41.426840258" lon="-8.135429375" /><trkpt lat="41.426828191" lon="-8.135434422" /><trkpt lat="41.426816634" lon="-8.135439928" /><trkpt lat="41.426805586" lon="-8.135445913" /><trkpt lat="41.426795048" lon="-8.135452392" /><trkpt lat="41.426785019" lon="-8.135459383" /><trkpt lat="41.426775500" lon="-8.135466903" /><trkpt lat="41.426766490" lon="-8.135474970" /><trkpt lat="41.426757990" lon="-8.135483600" /><trkpt lat="41.426749999" lon="-8.135492812" /><trkpt lat="41.426742518" lon="-8.135502622" /><trkpt lat="41.426735546" lon="-8.135513048" /><trkpt lat="41.426729083" lon="-8.135524107" /><trkpt lat="41.426723130" lon="-8.135535816" /><trkpt lat="41.426717687" lon="-8.135548193" /><trkpt lat="41.426712753" lon="-8.135561255" /><trkpt lat="41.426708328" lon="-8.135575019" /><trkpt lat="41.426704413" lon="-8.135589502" /><trkpt lat="41.426701008" lon="-8.135604722" /><trkpt lat="41.426698112" lon="-8.135620696" /><trkpt lat="41.426695725" lon="-8.135637441" /><trkpt lat="41.426693848" lon="-8.135654975" /><trkpt lat="41.426692481" lon="-8.135673314" /><trkpt lat="41.426691622" lon="-8.135692477" /><trkpt lat="41.426691527" lon="-8.135702518" /><trkpt lat="41.426691836" lon="-8.135713049" /><trkpt lat="41.426692538" lon="-8.135724057" /><trkpt lat="41.426693623" lon="-8.135735528" /><trkpt lat="41.426695080" lon="-8.135747449" /><trkpt lat="41.426696898" lon="-8.135759803" /><trkpt lat="41.426699065" lon="-8.135772579" /><trkpt lat="41.426701570" lon="-8.135785761" /><trkpt lat="41.426704403" lon="-8.135799335" /><trkpt lat="41.426707553" lon="-8.135813288" /><trkpt lat="41.426711009" lon="-8.135827606" /><trkpt lat="41.426714758" lon="-8.135842273" /><trkpt lat="41.426718792" lon="-8.135857277" /><trkpt lat="41.426723098" lon="-8.135872603" /><trkpt lat="41.426727666" lon="-8.135888237" /><trkpt lat="41.426732484" lon="-8.135904164" /><trkpt lat="41.426737541" lon="-8.135920372" /><trkpt lat="41.426742828" lon="-8.135936845" /><trkpt lat="41.426748331" lon="-8.135953570" /><trkpt lat="41.426754042" lon="-8.135970533" /><trkpt lat="41.426759948" lon="-8.135987719" /><trkpt lat="41.426766038" lon="-8.136005115" /><trkpt lat="41.426772302" lon="-8.136022706" /><trkpt lat="41.426778728" lon="-8.136040478" /><trkpt lat="41.426785306" lon="-8.136058417" /><trkpt lat="41.426792025" lon="-8.136076510" /><trkpt lat="41.426798872" lon="-8.136094741" /><trkpt lat="41.426805839" lon="-8.136113098" /><trkpt lat="41.426812913" lon="-8.136131565" /><trkpt lat="41.426820083" lon="-8.136150129" /><trkpt lat="41.426827339" lon="-8.136168776" /><trkpt lat="41.426834669" lon="-8.136187491" /><trkpt lat="41.426842063" lon="-8.136206261" /><trkpt lat="41.426849509" lon="-8.136225072" /><trkpt lat="41.426856997" lon="-8.136243909" /><trkpt lat="41.426864515" lon="-8.136262758" /><trkpt lat="41.426872052" lon="-8.136281605" /><trkpt lat="41.426879598" lon="-8.136300437" /><trkpt lat="41.426887142" lon="-8.136319238" /><trkpt lat="41.426894671" lon="-8.136337996" /><trkpt lat="41.426902177" lon="-8.136356695" /><trkpt lat="41.426909646" lon="-8.136375322" /><trkpt lat="41.426917069" lon="-8.136393863" /><trkpt lat="41.426924435" lon="-8.136412303" /><trkpt lat="41.426931732" lon="-8.136430630" /><trkpt lat="41.426938949" lon="-8.136448827" /><trkpt lat="41.426946076" lon="-8.136466882" /><trkpt lat="41.426953101" lon="-8.136484780" /><trkpt lat="41.426960013" lon="-8.136502508" /><trkpt lat="41.426966802" lon="-8.136520050" /><trkpt lat="41.426973456" lon="-8.136537394" /><trkpt lat="41.426979965" lon="-8.136554525" /><trkpt lat="41.426986316" lon="-8.136571429" /><trkpt lat="41.426992501" lon="-8.136588091" /><trkpt lat="41.426998506" lon="-8.136604498" /><trkpt lat="41.427004322" lon="-8.136620636" /><trkpt lat="41.427009937" lon="-8.136636490" /><trkpt lat="41.427015341" lon="-8.136652047" /><trkpt lat="41.427020522" lon="-8.136667293" /><trkpt lat="41.427025469" lon="-8.136682212" /><trkpt lat="41.427030805" lon="-8.136698358" /><trkpt lat="41.427036280" lon="-8.136714605" /><trkpt lat="41.427041888" lon="-8.136730948" /><trkpt lat="41.427047625" lon="-8.136747382" /><trkpt lat="41.427053484" lon="-8.136763902" /><trkpt lat="41.427059461" lon="-8.136780503" /><trkpt lat="41.427065551" lon="-8.136797179" /><trkpt lat="41.427071749" lon="-8.136813926" /><trkpt lat="41.427078048" lon="-8.136830738" /><trkpt lat="41.427084446" lon="-8.136847611" /><trkpt lat="41.427090935" lon="-8.136864538" /><trkpt lat="41.427097511" lon="-8.136881516" /><trkpt lat="41.427104169" lon="-8.136898538" /><trkpt lat="41.427110904" lon="-8.136915601" /><trkpt lat="41.427117710" lon="-8.136932698" /><trkpt lat="41.427124582" lon="-8.136949824" /><trkpt lat="41.427131516" lon="-8.136966975" /><trkpt lat="41.427138506" lon="-8.136984145" /><trkpt lat="41.427145547" lon="-8.137001329" /><trkpt lat="41.427152633" lon="-8.137018522" /><trkpt lat="41.427159760" lon="-8.137035719" /><trkpt lat="41.427166923" lon="-8.137052915" /><trkpt lat="41.427174116" lon="-8.137070104" /><trkpt lat="41.427181334" lon="-8.137087282" /><trkpt lat="41.427188572" lon="-8.137104444" /><trkpt lat="41.427195825" lon="-8.137121583" /><trkpt lat="41.427203087" lon="-8.137138696" /><trkpt lat="41.427210354" lon="-8.137155776" /><trkpt lat="41.427217621" lon="-8.137172820" /><trkpt lat="41.427224882" lon="-8.137189821" /><trkpt lat="41.427232132" lon="-8.137206775" /><trkpt lat="41.427239366" lon="-8.137223676" /><trkpt lat="41.427246579" lon="-8.137240520" /><trkpt lat="41.427253765" lon="-8.137257300" /><trkpt lat="41.427260920" lon="-8.137274013" /><trkpt lat="41.427268039" lon="-8.137290653" /><trkpt lat="41.427275115" lon="-8.137307215" /><trkpt lat="41.427282145" lon="-8.137323693" /><trkpt lat="41.427289123" lon="-8.137340083" /><trkpt lat="41.427296043" lon="-8.137356380" /><trkpt lat="41.427302901" lon="-8.137372578" /><trkpt lat="41.427309691" lon="-8.137388672" /><trkpt lat="41.427316409" lon="-8.137404657" /><trkpt lat="41.427323049" lon="-8.137420528" /><trkpt lat="41.427329606" lon="-8.137436280" /><trkpt lat="41.427336075" lon="-8.137451907" /><trkpt lat="41.427342451" lon="-8.137467406" /><trkpt lat="41.427348728" lon="-8.137482769" /><trkpt lat="41.427354902" lon="-8.137497993" /><trkpt lat="41.427360967" lon="-8.137513072" /><trkpt lat="41.427366918" lon="-8.137528002" /><trkpt lat="41.427372750" lon="-8.137542776" /><trkpt lat="41.427378458" lon="-8.137557390" /><trkpt lat="41.427384036" lon="-8.137571839" /><trkpt lat="41.427389480" lon="-8.137586117" /><trkpt lat="41.427395556" lon="-8.137602378" /><trkpt lat="41.427401468" lon="-8.137618643" /><trkpt lat="41.427407219" lon="-8.137634914" /><trkpt lat="41.427412814" lon="-8.137651195" /><trkpt lat="41.427418255" lon="-8.137667488" /><trkpt lat="41.427423547" lon="-8.137683797" /><trkpt lat="41.427428693" lon="-8.137700126" /><trkpt lat="41.427433697" lon="-8.137716477" /><trkpt lat="41.427438561" lon="-8.137732854" /><trkpt lat="41.427443291" lon="-8.137749259" /><trkpt lat="41.427447889" lon="-8.137765697" /><trkpt lat="41.427452359" lon="-8.137782170" /><trkpt lat="41.427456704" lon="-8.137798681" /><trkpt lat="41.427460929" lon="-8.137815233" /><trkpt lat="41.427465037" lon="-8.137831831" /><trkpt lat="41.427469031" lon="-8.137848477" /><trkpt lat="41.427472915" lon="-8.137865173" /><trkpt lat="41.427476692" lon="-8.137881925" /><trkpt lat="41.427480367" lon="-8.137898733" /><trkpt lat="41.427483943" lon="-8.137915603" /><trkpt lat="41.427487423" lon="-8.137932537" /><trkpt lat="41.427490811" lon="-8.137949538" /><trkpt lat="41.427494111" lon="-8.137966609" /><trkpt lat="41.427497326" lon="-8.137983754" /><trkpt lat="41.427500460" lon="-8.138000976" /><trkpt lat="41.427503516" lon="-8.138018278" /><trkpt lat="41.427506498" lon="-8.138035663" /><trkpt lat="41.427509410" lon="-8.138053135" /><trkpt lat="41.427512255" lon="-8.138070696" /><trkpt lat="41.427515037" lon="-8.138088350" /><trkpt lat="41.427517759" lon="-8.138106100" /><trkpt lat="41.427520425" lon="-8.138123949" /><trkpt lat="41.427523039" lon="-8.138141901" /><trkpt lat="41.427525605" lon="-8.138159959" /><trkpt lat="41.427528125" lon="-8.138178125" /><trkpt lat="41.427530603" lon="-8.138196403" /><trkpt lat="41.427533044" lon="-8.138214797" /><trkpt lat="41.427535450" lon="-8.138233309" /><trkpt lat="41.427537825" lon="-8.138251942" /><trkpt lat="41.427540173" lon="-8.138270701" /><trkpt lat="41.427542498" lon="-8.138289588" /><trkpt lat="41.427544803" lon="-8.138308605" /><trkpt lat="41.427547091" lon="-8.138327758" /><trkpt lat="41.427549366" lon="-8.138347048" /><trkpt lat="41.427551633" lon="-8.138366479" /><trkpt lat="41.427553894" lon="-8.138386053" /><trkpt lat="41.427556152" lon="-8.138405776" /><trkpt lat="41.427558413" lon="-8.138425648" /><trkpt lat="41.427561023" lon="-8.138445070" /><trkpt lat="41.427564315" lon="-8.138463456" /><trkpt lat="41.427568269" lon="-8.138480831" /><trkpt lat="41.427572864" lon="-8.138497219" /><trkpt lat="41.427578082" lon="-8.138512646" /><trkpt lat="41.427583901" lon="-8.138527137" /><trkpt lat="41.427590303" lon="-8.138540718" /><trkpt lat="41.427597266" lon="-8.138553413" /><trkpt lat="41.427604772" lon="-8.138565248" /><trkpt lat="41.427612799" lon="-8.138576248" /><trkpt lat="41.427621329" lon="-8.138586438" /><trkpt lat="41.427630341" lon="-8.138595843" /><trkpt lat="41.427639815" lon="-8.138604488" /><trkpt lat="41.427649731" lon="-8.138612399" /><trkpt lat="41.427660070" lon="-8.138619601" /><trkpt lat="41.427670811" lon="-8.138626119" /><trkpt lat="41.427681934" lon="-8.138631977" /><trkpt lat="41.427693420" lon="-8.138637202" /><trkpt lat="41.427705247" lon="-8.138641819" /><trkpt lat="41.427717398" lon="-8.138645852" /><trkpt lat="41.427729850" lon="-8.138649327" /><trkpt lat="41.427742586" lon="-8.138652268" /><trkpt lat="41.427755583" lon="-8.138654702" /><trkpt lat="41.427768824" lon="-8.138656653" /><trkpt lat="41.427782287" lon="-8.138658147" /><trkpt lat="41.427795952" lon="-8.138659209" /><trkpt lat="41.427809800" lon="-8.138659863" /><trkpt lat="41.427823811" lon="-8.138660135" /><trkpt lat="41.427837965" lon="-8.138660050" /><trkpt lat="41.427852241" lon="-8.138659634" /><trkpt lat="41.427866620" lon="-8.138658912" /><trkpt lat="41.427881082" lon="-8.138657908" /><trkpt lat="41.427895607" lon="-8.138656648" /><trkpt lat="41.427910174" lon="-8.138655157" /><trkpt lat="41.427924765" lon="-8.138653460" /><trkpt lat="41.427939358" lon="-8.138651582" /><trkpt lat="41.427953935" lon="-8.138649550" /><trkpt lat="41.427968474" lon="-8.138647387" /><trkpt lat="41.427982956" lon="-8.138645119" /><trkpt lat="41.427997362" lon="-8.138642771" /><trkpt lat="41.428011671" lon="-8.138640368" /><trkpt lat="41.428025863" lon="-8.138637936" /><trkpt lat="41.428039918" lon="-8.138635499" /><trkpt lat="41.428053816" lon="-8.138633083" /><trkpt lat="41.428067537" lon="-8.138630713" /><trkpt lat="41.428081062" lon="-8.138628415" /><trkpt lat="41.428094370" lon="-8.138626212" /><trkpt lat="41.428107441" lon="-8.138624132" /><trkpt lat="41.428126541" lon="-8.138621543" /><trkpt lat="41.428145020" lon="-8.138619798" /><trkpt lat="41.428162904" lon="-8.138618876" /><trkpt lat="41.428180221" lon="-8.138618757" /><trkpt lat="41.428196998" lon="-8.138619419" /><trkpt lat="41.428213260" lon="-8.138620843" /><trkpt lat="41.428229036" lon="-8.138623007" /><trkpt lat="41.428244352" lon="-8.138625892" /><trkpt lat="41.428259235" lon="-8.138629476" /><trkpt lat="41.428273712" lon="-8.138633738" /><trkpt lat="41.428287809" lon="-8.138638659" /><trkpt lat="41.428301554" lon="-8.138644217" /><trkpt lat="41.428314973" lon="-8.138650392" /><trkpt lat="41.428328094" lon="-8.138657163" /><trkpt lat="41.428340943" lon="-8.138664510" /><trkpt lat="41.428353547" lon="-8.138672411" /><trkpt lat="41.428365934" lon="-8.138680848" /><trkpt lat="41.428378129" lon="-8.138689797" /><trkpt lat="41.428390159" lon="-8.138699240" /><trkpt lat="41.428402053" lon="-8.138709156" /><trkpt lat="41.428413836" lon="-8.138719523" /><trkpt lat="41.428425535" lon="-8.138730321" /><trkpt lat="41.428437178" lon="-8.138741530" /><trkpt lat="41.428448791" lon="-8.138753129" /><trkpt lat="41.428460400" lon="-8.138765097" /><trkpt lat="41.428472034" lon="-8.138777414" /><trkpt lat="41.428483719" lon="-8.138790059" /><trkpt lat="41.428495481" lon="-8.138803012" /><trkpt lat="41.428507348" lon="-8.138816251" /><trkpt lat="41.428519346" lon="-8.138829757" /><trkpt lat="41.428531503" lon="-8.138843508" /><trkpt lat="41.428543845" lon="-8.138857484" /><trkpt lat="41.428555915" lon="-8.138870708" /><trkpt lat="41.428568004" lon="-8.138883090" /><trkpt lat="41.428580132" lon="-8.138894662" /><trkpt lat="41.428592319" lon="-8.138905453" /><trkpt lat="41.428604583" lon="-8.138915494" /><trkpt lat="41.428616945" lon="-8.138924815" /><trkpt lat="41.428629423" lon="-8.138933447" /><trkpt lat="41.428642038" lon="-8.138941421" /><trkpt lat="41.428654809" lon="-8.138948766" /><trkpt lat="41.428667755" lon="-8.138955513" /><trkpt lat="41.428680896" lon="-8.138961693" /><trkpt lat="41.428694251" lon="-8.138967336" /><trkpt lat="41.428707839" lon="-8.138972472" /><trkpt lat="41.428721681" lon="-8.138977132" /><trkpt lat="41.428735795" lon="-8.138981347" /><trkpt lat="41.428750202" lon="-8.138985147" /><trkpt lat="41.428764920" lon="-8.138988562" /><trkpt lat="41.428779969" lon="-8.138991623" /><trkpt lat="41.428795369" lon="-8.138994360" /><trkpt lat="41.428811139" lon="-8.138996803" /><trkpt lat="41.428827298" lon="-8.138998984" /><trkpt lat="41.428843866" lon="-8.139000932" /><trkpt lat="41.428860863" lon="-8.139002679" /><trkpt lat="41.428878307" lon="-8.139004254" /><trkpt lat="41.428896219" lon="-8.139005688" /><trkpt lat="41.428914618" lon="-8.139007011" /><trkpt lat="41.428933523" lon="-8.139008254" /><trkpt lat="41.428952954" lon="-8.139009447" /><trkpt lat="41.428972930" lon="-8.139010621" /><trkpt lat="41.428993471" lon="-8.139011807" /><trkpt lat="41.429014596" lon="-8.139013034" /><trkpt lat="41.429036325" lon="-8.139014333" /><trkpt lat="41.429058677" lon="-8.139015734" /><trkpt lat="41.429080390" lon="-8.139017363" /><trkpt lat="41.429101529" lon="-8.139019407" /><trkpt lat="41.429122105" lon="-8.139021864" /><trkpt lat="41.429142129" lon="-8.139024733" /><trkpt lat="41.429161611" lon="-8.139028012" /><trkpt lat="41.429180562" lon="-8.139031698" /><trkpt lat="41.429198994" lon="-8.139035789" /><trkpt lat="41.429216916" lon="-8.139040284" /><trkpt lat="41.429234339" lon="-8.139045180" /><trkpt lat="41.429251275" lon="-8.139050475" /><trkpt lat="41.429267733" lon="-8.139056167" /><trkpt lat="41.429283725" lon="-8.139062255" /><trkpt lat="41.429299262" lon="-8.139068735" /><trkpt lat="41.429314353" lon="-8.139075607" /><trkpt lat="41.429329011" lon="-8.139082868" /><trkpt lat="41.429343245" lon="-8.139090515" /><trkpt lat="41.429357067" lon="-8.139098547" /><trkpt lat="41.429370487" lon="-8.139106963" /><trkpt lat="41.429383515" lon="-8.139115759" /><trkpt lat="41.429396164" lon="-8.139124933" /><trkpt lat="41.429408442" lon="-8.139134485" /><trkpt lat="41.429420362" lon="-8.139144411" /><trkpt lat="41.429431934" lon="-8.139154710" /><trkpt lat="41.429443168" lon="-8.139165379" /><trkpt lat="41.429454075" lon="-8.139176417" /><trkpt lat="41.429464667" lon="-8.139187821" /><trkpt lat="41.429474954" lon="-8.139199590" /><trkpt lat="41.429484946" lon="-8.139211721" /><trkpt lat="41.429494654" lon="-8.139224212" /><trkpt lat="41.429504090" lon="-8.139237061" /><trkpt lat="41.429513263" lon="-8.139250267" /><trkpt lat="41.429522185" lon="-8.139263827" /><trkpt lat="41.429530866" lon="-8.139277739" /><trkpt lat="41.429539317" lon="-8.139292002" /><trkpt lat="41.429546944" lon="-8.139305826" /><trkpt lat="41.429554076" lon="-8.139320017" /><trkpt lat="41.429560723" lon="-8.139334559" /><trkpt lat="41.429566893" lon="-8.139349432" /><trkpt lat="41.429572594" lon="-8.139364620" /><trkpt lat="41.429577834" lon="-8.139380105" /><trkpt lat="41.429582624" lon="-8.139395869" /><trkpt lat="41.429586970" lon="-8.139411895" /><trkpt lat="41.429590882" lon="-8.139428166" /><trkpt lat="41.429594368" lon="-8.139444663" /><trkpt lat="41.429597436" lon="-8.139461369" /><trkpt lat="41.429600096" lon="-8.139478266" /><trkpt lat="41.429602355" lon="-8.139495338" /><trkpt lat="41.429604222" lon="-8.139512565" /><trkpt lat="41.429605706" lon="-8.139529931" /><trkpt lat="41.429606816" lon="-8.139547419" /><trkpt lat="41.429607559" lon="-8.139565009" /><trkpt lat="41.429607944" lon="-8.139582686" /><trkpt lat="41.429607981" lon="-8.139600431" /><trkpt lat="41.429607676" lon="-8.139618227" /><trkpt lat="41.429607040" lon="-8.139636056" /><trkpt lat="41.429606080" lon="-8.139653900" /><trkpt lat="41.429604805" lon="-8.139671742" /><trkpt lat="41.429603224" lon="-8.139689565" /><trkpt lat="41.429601345" lon="-8.139707350" /><trkpt lat="41.429599176" lon="-8.139725081" /><trkpt lat="41.429596726" lon="-8.139742739" /><trkpt lat="41.429594004" lon="-8.139760307" /><trkpt lat="41.429591019" lon="-8.139777767" /><trkpt lat="41.429587778" lon="-8.139795102" /><trkpt lat="41.429584290" lon="-8.139812295" /><trkpt lat="41.429580564" lon="-8.139829327" /><trkpt lat="41.429576609" lon="-8.139846181" /><trkpt lat="41.429572432" lon="-8.139862839" /><trkpt lat="41.429568043" lon="-8.139879284" /><trkpt lat="41.429563450" lon="-8.139895499" /><trkpt lat="41.429558708" lon="-8.139910264" /><trkpt lat="41.429553166" lon="-8.139924850" /><trkpt lat="41.429546858" lon="-8.139939258" /><trkpt lat="41.429539818" lon="-8.139953487" /><trkpt lat="41.429532080" lon="-8.139967538" /><trkpt lat="41.429523676" lon="-8.139981412" /><trkpt lat="41.429514640" lon="-8.139995110" /><trkpt lat="41.429505007" lon="-8.140008632" /><trkpt lat="41.429494809" lon="-8.140021978" /><trkpt lat="41.429484080" lon="-8.140035149" /><trkpt lat="41.429472854" lon="-8.140048145" /><trkpt lat="41.429461164" lon="-8.140060968" /><trkpt lat="41.429449044" lon="-8.140073617" /><trkpt lat="41.429436527" lon="-8.140086094" /><trkpt lat="41.429423647" lon="-8.140098398" /><trkpt lat="41.429410438" lon="-8.140110531" /><trkpt lat="41.429396932" lon="-8.140122492" /><trkpt lat="41.429383164" lon="-8.140134283" /><trkpt lat="41.429369168" lon="-8.140145903" /><trkpt lat="41.429354976" lon="-8.140157354" /><trkpt lat="41.429340622" lon="-8.140168636" /><trkpt lat="41.429326140" lon="-8.140179750" /><trkpt lat="41.429311564" lon="-8.140190695" /><trkpt lat="41.429296927" lon="-8.140201473" /><trkpt lat="41.429282262" lon="-8.140212085" /><trkpt lat="41.429267603" lon="-8.140222530" /><trkpt lat="41.429252984" lon="-8.140232809" /><trkpt lat="41.429238438" lon="-8.140242923" /><trkpt lat="41.429223999" lon="-8.140252872" /><trkpt lat="41.429209700" lon="-8.140262657" /><trkpt lat="41.429195575" lon="-8.140272279" /><trkpt lat="41.429181658" lon="-8.140281738" /><trkpt lat="41.429167981" lon="-8.140291034" /><trkpt lat="41.429154580" lon="-8.140300168" /><trkpt lat="41.429141486" lon="-8.140309140" /><trkpt lat="41.429128734" lon="-8.140317952" /><trkpt lat="41.429116358" lon="-8.140326604" /><trkpt lat="41.429104390" lon="-8.140335095" /><trkpt lat="41.429092865" lon="-8.140343428" /><trkpt lat="41.429079393" lon="-8.140353986" /><trkpt lat="41.429067372" lon="-8.140364864" /><trkpt lat="41.429056769" lon="-8.140376010" /><trkpt lat="41.429047553" lon="-8.140387376" /><trkpt lat="41.429039691" lon="-8.140398911" /><trkpt lat="41.429033154" lon="-8.140410567" /><trkpt lat="41.429027909" lon="-8.140422292" /><trkpt lat="41.429023924" lon="-8.140434038" /><trkpt lat="41.429021168" lon="-8.140445755" /><trkpt lat="41.429019609" lon="-8.140457393" /><trkpt lat="41.429019216" lon="-8.140468902" /><trkpt lat="41.429019957" lon="-8.140480234" /><trkpt lat="41.429021800" lon="-8.140491337" /><trkpt lat="41.429024715" lon="-8.140502162" /><trkpt lat="41.429028668" lon="-8.140512660" /><trkpt lat="41.429033630" lon="-8.140522782" /><trkpt lat="41.429039567" lon="-8.140532476" /><trkpt lat="41.429046450" lon="-8.140541694" /><trkpt lat="41.429054245" lon="-8.140550386" /><trkpt lat="41.429062921" lon="-8.140558501" /><trkpt lat="41.429072447" lon="-8.140565992" /><trkpt lat="41.429082791" lon="-8.140572807" /><trkpt lat="41.429093922" lon="-8.140578897" /><trkpt lat="41.429105808" lon="-8.140584212" /><trkpt lat="41.429118418" lon="-8.140588703" /><trkpt lat="41.429131719" lon="-8.140592320" /><trkpt lat="41.429145680" lon="-8.140595014" /><trkpt lat="41.429160270" lon="-8.140596733" /><trkpt lat="41.429175457" lon="-8.140597430" /><trkpt lat="41.429191209" lon="-8.140597054" /><trkpt lat="41.429207495" lon="-8.140595555" /><trkpt lat="41.429224094" lon="-8.140594234" /><trkpt lat="41.429239738" lon="-8.140594501" /><trkpt lat="41.429254475" lon="-8.140596263" /><trkpt lat="41.429268356" lon="-8.140599427" /><trkpt lat="41.429281429" lon="-8.140603900" /><trkpt lat="41.429293745" lon="-8.140609589" /><trkpt lat="41.429305353" lon="-8.140616400" /><trkpt lat="41.429316303" lon="-8.140624242" /><trkpt lat="41.429326644" lon="-8.140633020" /><trkpt lat="41.429336426" lon="-8.140642643" /><trkpt lat="41.429345698" lon="-8.140653017" /><trkpt lat="41.429354511" lon="-8.140664048" /><trkpt lat="41.429362913" lon="-8.140675645" /><trkpt lat="41.429370955" lon="-8.140687714" /><trkpt lat="41.429378686" lon="-8.140700161" /><trkpt lat="41.429386155" lon="-8.140712895" /><trkpt lat="41.429393412" lon="-8.140725822" /><trkpt lat="41.429400507" lon="-8.140738850" /><trkpt lat="41.429407490" lon="-8.140751884" /><trkpt lat="41.429414409" lon="-8.140764832" /><trkpt lat="41.429421316" lon="-8.140777602" /><trkpt lat="41.429428258" lon="-8.140790100" /><trkpt lat="41.429435286" lon="-8.140802233" /><trkpt lat="41.429442450" lon="-8.140813909" /><trkpt lat="41.429449798" lon="-8.140825033" /><trkpt lat="41.429457381" lon="-8.140835514" /><trkpt lat="41.429465249" lon="-8.140845258" /><trkpt lat="41.429473450" lon="-8.140854173" /><trkpt lat="41.429482035" lon="-8.140862164" /><trkpt lat="41.429491052" lon="-8.140869141" /><trkpt lat="41.429500007" lon="-8.140875696" /><trkpt lat="41.429508366" lon="-8.140882498" /><trkpt lat="41.429516122" lon="-8.140889558" /><trkpt lat="41.429523270" lon="-8.140896889" /><trkpt lat="41.429529802" lon="-8.140904506" /><trkpt lat="41.429535714" lon="-8.140912421" /><trkpt lat="41.429540998" lon="-8.140920647" /><trkpt lat="41.429545648" lon="-8.140929197" /><trkpt lat="41.429549658" lon="-8.140938084" /><trkpt lat="41.429553022" lon="-8.140947322" /><trkpt lat="41.429555734" lon="-8.140956924" /><trkpt lat="41.429557787" lon="-8.140966902" /><trkpt lat="41.429559175" lon="-8.140977270" /><trkpt lat="41.429559891" lon="-8.140988041" /><trkpt lat="41.429559931" lon="-8.140999228" /><trkpt lat="41.429559286" lon="-8.141010844" /><trkpt lat="41.429557951" lon="-8.141022902" /><trkpt lat="41.429555921" lon="-8.141035416" /><trkpt lat="41.429553187" lon="-8.141048398" /><trkpt lat="41.429549745" lon="-8.141061862" /><trkpt lat="41.429545588" lon="-8.141075821" /><trkpt lat="41.429540709" lon="-8.141090287" /><trkpt lat="41.429535103" lon="-8.141105275" /><trkpt lat="41.429528764" lon="-8.141120796" /><trkpt lat="41.429521684" lon="-8.141136865" /><trkpt lat="41.429513857" lon="-8.141153494" /><trkpt lat="41.429505279" lon="-8.141170696" /><trkpt lat="41.429495941" lon="-8.141188485" /><trkpt lat="41.429485838" lon="-8.141206873" /><trkpt lat="41.429474964" lon="-8.141225874" /><trkpt lat="41.429467270" lon="-8.141239786" /><trkpt lat="41.429460266" lon="-8.141253923" /><trkpt lat="41.429453938" lon="-8.141268278" /><trkpt lat="41.429448273" lon="-8.141282838" /><trkpt lat="41.429443255" lon="-8.141297593" /><trkpt lat="41.429438871" lon="-8.141312534" /><trkpt lat="41.429435106" lon="-8.141327649" /><trkpt lat="41.429431947" lon="-8.141342929" /><trkpt lat="41.429429379" lon="-8.141358362" /><trkpt lat="41.429427388" lon="-8.141373939" /><trkpt lat="41.429425960" lon="-8.141389649" /><trkpt lat="41.429425081" lon="-8.141405481" /><trkpt lat="41.429424736" lon="-8.141421425" /><trkpt lat="41.429424912" lon="-8.141437471" /><trkpt lat="41.429425593" lon="-8.141453608" /><trkpt lat="41.429426767" lon="-8.141469826" /><trkpt lat="41.429428418" lon="-8.141486114" /><trkpt lat="41.429430534" lon="-8.141502463" /><trkpt lat="41.429433098" lon="-8.141518860" /><trkpt lat="41.429436098" lon="-8.141535297" /><trkpt lat="41.429439520" lon="-8.141551763" /><trkpt lat="41.429443348" lon="-8.141568247" /><trkpt lat="41.429447569" lon="-8.141584738" /><trkpt lat="41.429452168" lon="-8.141601227" /><trkpt lat="41.429457133" lon="-8.141617703" /><trkpt lat="41.429462447" lon="-8.141634156" /><trkpt lat="41.429468098" lon="-8.141650574" /><trkpt lat="41.429474070" lon="-8.141666949" /><trkpt lat="41.429480351" lon="-8.141683268" /><trkpt lat="41.429486925" lon="-8.141699523" /><trkpt lat="41.429493778" lon="-8.141715702" /><trkpt lat="41.429500897" lon="-8.141731794" /><trkpt lat="41.429508267" lon="-8.141747791" /><trkpt lat="41.429515874" lon="-8.141763680" /><trkpt lat="41.429523704" lon="-8.141779453" /><trkpt lat="41.429531742" lon="-8.141795097" /><trkpt lat="41.429539975" lon="-8.141810603" /><trkpt lat="41.429548388" lon="-8.141825961" /><trkpt lat="41.429556968" lon="-8.141841160" /><trkpt lat="41.429565699" lon="-8.141856189" /><trkpt lat="41.429574568" lon="-8.141871039" /><trkpt lat="41.429583560" lon="-8.141885698" /><trkpt lat="41.429593686" lon="-8.141901702" /><trkpt lat="41.429604051" lon="-8.141917529" /><trkpt lat="41.429614644" lon="-8.141933180" /><trkpt lat="41.429625453" lon="-8.141948657" /><trkpt lat="41.429636467" lon="-8.141963960" /><trkpt lat="41.429647675" lon="-8.141979090" /><trkpt lat="41.429659064" lon="-8.141994049" /><trkpt lat="41.429670625" lon="-8.142008838" /><trkpt lat="41.429682344" lon="-8.142023458" /><trkpt lat="41.429694211" lon="-8.142037910" /><trkpt lat="41.429706215" lon="-8.142052196" /><trkpt lat="41.429718343" lon="-8.142066316" /><trkpt lat="41.429730585" lon="-8.142080272" /><trkpt lat="41.429742929" lon="-8.142094065" /><trkpt lat="41.429755364" lon="-8.142107696" /><trkpt lat="41.429767878" lon="-8.142121166" /><trkpt lat="41.429780459" lon="-8.142134477" /><trkpt lat="41.429793097" lon="-8.142147629" /><trkpt lat="41.429805780" lon="-8.142160624" /><trkpt lat="41.429818496" lon="-8.142173463" /><trkpt lat="41.429831234" lon="-8.142186148" /><trkpt lat="41.429843982" lon="-8.142198678" /><trkpt lat="41.429856730" lon="-8.142211056" /><trkpt lat="41.429869465" lon="-8.142223283" /><trkpt lat="41.429882177" lon="-8.142235360" /><trkpt lat="41.429894854" lon="-8.142247287" /><trkpt lat="41.429907483" lon="-8.142259067" /><trkpt lat="41.429920055" lon="-8.142270700" /><trkpt lat="41.429932557" lon="-8.142282188" /><trkpt lat="41.429944979" lon="-8.142293531" /><trkpt lat="41.429957308" lon="-8.142304732" /><trkpt lat="41.429969533" lon="-8.142315790" /><trkpt lat="41.429981643" lon="-8.142326707" /><trkpt lat="41.429993626" lon="-8.142337485" /><trkpt lat="41.430005472" lon="-8.142348125" /><trkpt lat="41.430017167" lon="-8.142358627" /><trkpt lat="41.430028702" lon="-8.142368993" /><trkpt lat="41.430040064" lon="-8.142379224" /><trkpt lat="41.430054085" lon="-8.142391977" /><trkpt lat="41.430067609" lon="-8.142404501" /><trkpt lat="41.430080659" lon="-8.142416815" /><trkpt lat="41.430093262" lon="-8.142428943" /><trkpt lat="41.430105441" lon="-8.142440903" /><trkpt lat="41.430117223" lon="-8.142452717" /><trkpt lat="41.430128633" lon="-8.142464406" /><trkpt lat="41.430139694" lon="-8.142475990" /><trkpt lat="41.430150434" lon="-8.142487492" /><trkpt lat="41.430160875" lon="-8.142498930" /><trkpt lat="41.430171044" lon="-8.142510327" /><trkpt lat="41.430180965" lon="-8.142521703" /><trkpt lat="41.430190663" lon="-8.142533079" /><trkpt lat="41.430200165" lon="-8.142544476" /><trkpt lat="41.430209493" lon="-8.142555915" /><trkpt lat="41.430218674" lon="-8.142567416" /><trkpt lat="41.430227733" lon="-8.142579001" /><trkpt lat="41.430236694" lon="-8.142590690" /><trkpt lat="41.430245583" lon="-8.142602504" /><trkpt lat="41.430254424" lon="-8.142614464" /><trkpt lat="41.430263244" lon="-8.142626591" /><trkpt lat="41.430272065" lon="-8.142638906" /><trkpt lat="41.430280915" lon="-8.142651429" /><trkpt lat="41.430289817" lon="-8.142664182" /><trkpt lat="41.430298797" lon="-8.142677185" /><trkpt lat="41.430307880" lon="-8.142690460" /><trkpt lat="41.430317091" lon="-8.142704026" /><trkpt lat="41.430326454" lon="-8.142717906" /><trkpt lat="41.430335995" lon="-8.142732119" /><trkpt lat="41.430345739" lon="-8.142746687" /><trkpt lat="41.430355413" lon="-8.142761265" /><trkpt lat="41.430364729" lon="-8.142775517" /><trkpt lat="41.430373693" lon="-8.142789471" /><trkpt lat="41.430382307" lon="-8.142803159" /><trkpt lat="41.430390578" lon="-8.142816611" /><trkpt lat="41.430398509" lon="-8.142829857" /><trkpt lat="41.430406104" lon="-8.142842928" /><trkpt lat="41.430413369" lon="-8.142855854" /><trkpt lat="41.430420308" lon="-8.142868666" /><trkpt lat="41.430426925" lon="-8.142881393" /><trkpt lat="41.430433225" lon="-8.142894067" /><trkpt lat="41.430439211" lon="-8.142906718" /><trkpt lat="41.430444890" lon="-8.142919376" /><trkpt lat="41.430450265" lon="-8.142932072" /><trkpt lat="41.430455340" lon="-8.142944835" /><trkpt lat="41.430460120" lon="-8.142957697" /><trkpt lat="41.430464610" lon="-8.142970687" /><trkpt lat="41.430468813" lon="-8.142983837" /><trkpt lat="41.430472736" lon="-8.142997176" /><trkpt lat="41.430476381" lon="-8.143010736" /><trkpt lat="41.430479753" lon="-8.143024545" /><trkpt lat="41.430482858" lon="-8.143038635" /><trkpt lat="41.430485699" lon="-8.143053037" /><trkpt lat="41.430488280" lon="-8.143067780" /><trkpt lat="41.430490607" lon="-8.143082894" /><trkpt lat="41.430492683" lon="-8.143098412" /><trkpt lat="41.430494514" lon="-8.143114361" /><trkpt lat="41.430496104" lon="-8.143130774" /><trkpt lat="41.430497456" lon="-8.143147681" /><trkpt lat="41.430498576" lon="-8.143165112" /><trkpt lat="41.430499196" lon="-8.143181342" /><trkpt lat="41.430499247" lon="-8.143197834" /><trkpt lat="41.430498758" lon="-8.143214568" /><trkpt lat="41.430497758" lon="-8.143231525" /><trkpt lat="41.430496276" lon="-8.143248686" /><trkpt lat="41.430494343" lon="-8.143266032" /><trkpt lat="41.430491986" lon="-8.143283543" /><trkpt lat="41.430489236" lon="-8.143301199" /><trkpt lat="41.430486121" lon="-8.143318983" /><trkpt lat="41.430482670" lon="-8.143336874" /><trkpt lat="41.430478913" lon="-8.143354853" /><trkpt lat="41.430474879" lon="-8.143372901" /><trkpt lat="41.430470598" lon="-8.143390999" /><trkpt lat="41.430466098" lon="-8.143409127" /><trkpt lat="41.430461408" lon="-8.143427267" /><trkpt lat="41.430456559" lon="-8.143445398" /><trkpt lat="41.430451578" lon="-8.143463502" /><trkpt lat="41.430446496" lon="-8.143481560" /><trkpt lat="41.430441341" lon="-8.143499552" /><trkpt lat="41.430436143" lon="-8.143517458" /><trkpt lat="41.430430930" lon="-8.143535260" /><trkpt lat="41.430425733" lon="-8.143552939" /><trkpt lat="41.430420580" lon="-8.143570475" /><trkpt lat="41.430415501" lon="-8.143587849" /><trkpt lat="41.430410524" lon="-8.143605041" /><trkpt lat="41.430405680" lon="-8.143622033" /><trkpt lat="41.430400996" lon="-8.143638805" /><trkpt lat="41.430396503" lon="-8.143655337" /><trkpt lat="41.430392230" lon="-8.143671612" /><trkpt lat="41.430388205" lon="-8.143687608" /><trkpt lat="41.430384458" lon="-8.143703308" /><trkpt lat="41.430381019" lon="-8.143718692" /><trkpt lat="41.430377916" lon="-8.143733740" /><trkpt lat="41.430375330" lon="-8.143748347" /><trkpt lat="41.430373242" lon="-8.143763284" /><trkpt lat="41.430371638" lon="-8.143778531" /><trkpt lat="41.430370504" lon="-8.143794070" /><trkpt lat="41.430369826" lon="-8.143809881" /><trkpt lat="41.430369590" lon="-8.143825946" /><trkpt lat="41.430369783" lon="-8.143842246" /><trkpt lat="41.430370391" lon="-8.143858763" /><trkpt lat="41.430371399" lon="-8.143875476" /><trkpt lat="41.430372795" lon="-8.143892369" /><trkpt lat="41.430374564" lon="-8.143909420" /><trkpt lat="41.430376693" lon="-8.143926613" /><trkpt lat="41.430379167" lon="-8.143943928" /><trkpt lat="41.430381973" lon="-8.143961346" /><trkpt lat="41.430385097" lon="-8.143978848" /><trkpt lat="41.430388525" lon="-8.143996416" /><trkpt lat="41.430392244" lon="-8.144014031" /><trkpt lat="41.430396240" lon="-8.144031673" /><trkpt lat="41.430400498" lon="-8.144049324" /><trkpt lat="41.430405005" lon="-8.144066966" /><trkpt lat="41.430409747" lon="-8.144084579" /><trkpt lat="41.430414711" lon="-8.144102144" /><trkpt lat="41.430419882" lon="-8.144119643" /><trkpt lat="41.430425247" lon="-8.144137057" /><trkpt lat="41.430430791" lon="-8.144154367" /><trkpt lat="41.430436502" lon="-8.144171554" /><trkpt lat="41.430442365" lon="-8.144188599" /><trkpt lat="41.430448367" lon="-8.144205484" /><trkpt lat="41.430454493" lon="-8.144222190" /><trkpt lat="41.430460730" lon="-8.144238697" /><trkpt lat="41.430467064" lon="-8.144254988" /><trkpt lat="41.430473482" lon="-8.144271042" /><trkpt lat="41.430479968" lon="-8.144286842" /><trkpt lat="41.430486510" lon="-8.144302368" /><trkpt lat="41.430492376" lon="-8.144316232" /><trkpt lat="41.430498225" lon="-8.144330293" /><trkpt lat="41.430504055" lon="-8.144344548" /><trkpt lat="41.430509867" lon="-8.144358994" /><trkpt lat="41.430515659" lon="-8.144373628" /><trkpt lat="41.430521431" lon="-8.144388447" /><trkpt lat="41.430527183" lon="-8.144403446" /><trkpt lat="41.430532913" lon="-8.144418624" /><trkpt lat="41.430538622" lon="-8.144433977" /><trkpt lat="41.430544307" lon="-8.144449501" /><trkpt lat="41.430549970" lon="-8.144465193" /><trkpt lat="41.430555608" lon="-8.144481050" /><trkpt lat="41.430561222" lon="-8.144497070" /><trkpt lat="41.430566811" lon="-8.144513248" /><trkpt lat="41.430572373" lon="-8.144529581" /><trkpt lat="41.430577909" lon="-8.144546067" /><trkpt lat="41.430583418" lon="-8.144562702" /><trkpt lat="41.430588899" lon="-8.144579482" /><trkpt lat="41.430594351" lon="-8.144596405" /><trkpt lat="41.430599774" lon="-8.144613468" /><trkpt lat="41.430605167" lon="-8.144630666" /><trkpt lat="41.430610529" lon="-8.144647997" /><trkpt lat="41.430615860" lon="-8.144665458" /><trkpt lat="41.430621160" lon="-8.144683046" /><trkpt lat="41.430626426" lon="-8.144700756" /><trkpt lat="41.430631660" lon="-8.144718586" /><trkpt lat="41.430636860" lon="-8.144736534" /><trkpt lat="41.430642025" lon="-8.144754594" /><trkpt lat="41.430647155" lon="-8.144772765" /><trkpt lat="41.430652249" lon="-8.144791043" /><trkpt lat="41.430657307" lon="-8.144809425" /><trkpt lat="41.430662327" lon="-8.144827908" /><trkpt lat="41.430667310" lon="-8.144846487" /><trkpt lat="41.430672254" lon="-8.144865161" /><trkpt lat="41.430677159" lon="-8.144883926" /><trkpt lat="41.430682025" lon="-8.144902779" /><trkpt lat="41.430686849" lon="-8.144921716" /><trkpt lat="41.430691633" lon="-8.144940734" /><trkpt lat="41.430696151" lon="-8.144959447" /><trkpt lat="41.430700427" lon="-8.144978427" /><trkpt lat="41.430704462" lon="-8.144997649" /><trkpt lat="41.430708259" lon="-8.145017082" /><trkpt lat="41.430711822" lon="-8.145036701" /><trkpt lat="41.430715154" lon="-8.145056475" /><trkpt lat="41.430718256" lon="-8.145076379" /><trkpt lat="41.430721133" lon="-8.145096383" /><trkpt lat="41.430723786" lon="-8.145116459" /><trkpt lat="41.430726219" lon="-8.145136581" /><trkpt lat="41.430728435" lon="-8.145156719" /><trkpt lat="41.430730436" lon="-8.145176846" /><trkpt lat="41.430732226" lon="-8.145196935" /><trkpt lat="41.430733806" lon="-8.145216956" /><trkpt lat="41.430735180" lon="-8.145236882" /><trkpt lat="41.430736352" lon="-8.145256685" /><trkpt lat="41.430737322" lon="-8.145276337" /><trkpt lat="41.430738096" lon="-8.145295811" /><trkpt lat="41.430738674" lon="-8.145315078" /><trkpt lat="41.430739061" lon="-8.145334110" /><trkpt lat="41.430739259" lon="-8.145352880" /><trkpt lat="41.430739271" lon="-8.145371359" /><trkpt lat="41.430739099" lon="-8.145389519" /><trkpt lat="41.430738748" lon="-8.145407333" /><trkpt lat="41.430738218" lon="-8.145424773" /><trkpt lat="41.430737514" lon="-8.145441810" /><trkpt lat="41.430736638" lon="-8.145458417" /><trkpt lat="41.430735593" lon="-8.145474566" /><trkpt lat="41.430734381" lon="-8.145490229" /><trkpt lat="41.430733007" lon="-8.145505377" /><trkpt lat="41.430731471" lon="-8.145519984" /><trkpt lat="41.430729779" lon="-8.145534020" /><trkpt lat="41.430727931" lon="-8.145547459" /><trkpt lat="41.430725931" lon="-8.145560272" /><trkpt lat="41.430723783" lon="-8.145572430" /><trkpt lat="41.430721488" lon="-8.145583907" /><trkpt lat="41.430719050" lon="-8.145594675" /><trkpt lat="41.430716471" lon="-8.145604704" /><trkpt lat="41.430713754" lon="-8.145613968" /><trkpt lat="41.430710111" lon="-8.145625514" /><trkpt lat="41.430706432" lon="-8.145637095" /><trkpt lat="41.430702736" lon="-8.145648730" /><trkpt lat="41.430699041" lon="-8.145660436" /><trkpt lat="41.430695367" lon="-8.145672232" /><trkpt lat="41.430691730" lon="-8.145684135" /><trkpt lat="41.430688149" lon="-8.145696163" /><trkpt lat="41.430684643" lon="-8.145708334" /><trkpt lat="41.430681230" lon="-8.145720667" /><trkpt lat="41.430677928" lon="-8.145733178" /><trkpt lat="41.430674756" lon="-8.145745885" /><trkpt lat="41.430671732" lon="-8.145758808" /><trkpt lat="41.430668874" lon="-8.145771962" /><trkpt lat="41.430666201" lon="-8.145785367" /><trkpt lat="41.430663730" lon="-8.145799041" /><trkpt lat="41.430661481" lon="-8.145813000" /><trkpt lat="41.430659471" lon="-8.145827264" /><trkpt lat="41.430657720" lon="-8.145841849" /><trkpt lat="41.430656244" lon="-8.145856774" /><trkpt lat="41.430655063" lon="-8.145872056" /><trkpt lat="41.430654194" lon="-8.145887715" /><trkpt lat="41.430653657" lon="-8.145903766" /><trkpt lat="41.430653469" lon="-8.145920229" /><trkpt lat="41.430653649" lon="-8.145937121" /><trkpt lat="41.430654215" lon="-8.145954460" /><trkpt lat="41.430655186" lon="-8.145972264" /><trkpt lat="41.430656579" lon="-8.145990551" /><trkpt lat="41.430658414" lon="-8.146009338" /><trkpt lat="41.430660708" lon="-8.146028644" /><trkpt lat="41.430663479" lon="-8.146048486" /><trkpt lat="41.430666383" lon="-8.146068410" /><trkpt lat="41.430669068" lon="-8.146087965" /><trkpt lat="41.430671543" lon="-8.146107176" /><trkpt lat="41.430673817" lon="-8.146126066" /><trkpt lat="41.430675899" lon="-8.146144661" /><trkpt lat="41.430677797" lon="-8.146162984" /><trkpt lat="41.430679522" lon="-8.146181061" /><trkpt lat="41.430681081" lon="-8.146198916" /><trkpt lat="41.430682483" lon="-8.146216572" /><trkpt lat="41.430683738" lon="-8.146234055" /><trkpt lat="41.430684855" lon="-8.146251389" /><trkpt lat="41.430685841" lon="-8.146268599" /><trkpt lat="41.430686708" lon="-8.146285708" /><trkpt lat="41.430687462" lon="-8.146302742" /><trkpt lat="41.430688114" lon="-8.146319725" /><trkpt lat="41.430688672" lon="-8.146336680" /><trkpt lat="41.430689145" lon="-8.146353634" /><trkpt lat="41.430689542" lon="-8.146370609" /><trkpt lat="41.430689872" lon="-8.146387631" /><trkpt lat="41.430690143" lon="-8.146404723" /><trkpt lat="41.430690366" lon="-8.146421911" /><trkpt lat="41.430690549" lon="-8.146439219" /><trkpt lat="41.430690700" lon="-8.146456671" /><trkpt lat="41.430690829" lon="-8.146474292" /><trkpt lat="41.430690944" lon="-8.146492106" /><trkpt lat="41.430691055" lon="-8.146510138" /><trkpt lat="41.430691171" lon="-8.146528411" /><trkpt lat="41.430691299" lon="-8.146546951" /><trkpt lat="41.430691451" lon="-8.146565782" /><trkpt lat="41.430691633" lon="-8.146584928" /><trkpt lat="41.430692041" lon="-8.146603672" /><trkpt lat="41.430692856" lon="-8.146621300" /><trkpt lat="41.430694072" lon="-8.146637840" /><trkpt lat="41.430695681" lon="-8.146653319" /><trkpt lat="41.430697675" lon="-8.146667766" /><trkpt lat="41.430700047" lon="-8.146681209" /><trkpt lat="41.430702789" lon="-8.146693675" /><trkpt lat="41.430705893" lon="-8.146705193" /><trkpt lat="41.430709352" lon="-8.146715790" /><trkpt lat="41.430713158" lon="-8.146725496" /><trkpt lat="41.430717304" lon="-8.146734337" /><trkpt lat="41.430721782" lon="-8.146742342" /><trkpt lat="41.430726584" lon="-8.146749538" /><trkpt lat="41.430731704" lon="-8.146755954" /><trkpt lat="41.430737132" lon="-8.146761619" /><trkpt lat="41.430742862" lon="-8.146766558" /><trkpt lat="41.430748886" lon="-8.146770802" /><trkpt lat="41.430755197" lon="-8.146774378" /><trkpt lat="41.430761786" lon="-8.146777313" /><trkpt lat="41.430768647" lon="-8.146779637" /><trkpt lat="41.430775771" lon="-8.146781376" /><trkpt lat="41.430783152" lon="-8.146782559" /><trkpt lat="41.430790781" lon="-8.146783214" /><trkpt lat="41.430798651" lon="-8.146783369" /><trkpt lat="41.430806754" lon="-8.146783051" /><trkpt lat="41.430815082" lon="-8.146782290" /><trkpt lat="41.430823629" lon="-8.146781113" /><trkpt lat="41.430832387" lon="-8.146779548" /><trkpt lat="41.430841347" lon="-8.146777622" /><trkpt lat="41.430850502" lon="-8.146775365" /><trkpt lat="41.430860109" lon="-8.146772949" /><trkpt lat="41.430870405" lon="-8.146770521" /><trkpt lat="41.430881357" lon="-8.146768069" /><trkpt lat="41.430892929" lon="-8.146765582" /><trkpt lat="41.430905088" lon="-8.146763047" /><trkpt lat="41.430917798" lon="-8.146760452" /><trkpt lat="41.430931026" lon="-8.146757785" /><trkpt lat="41.430944737" lon="-8.146755036" /><trkpt lat="41.430958897" lon="-8.146752191" /><trkpt lat="41.430973471" lon="-8.146749238" /><trkpt lat="41.430988425" lon="-8.146746167" /><trkpt lat="41.431003724" lon="-8.146742964" /><trkpt lat="41.431019334" lon="-8.146739618" /><trkpt lat="41.431035221" lon="-8.146736117" /><trkpt lat="41.431051350" lon="-8.146732450" /><trkpt lat="41.431067687" lon="-8.146728603" /><trkpt lat="41.431084198" lon="-8.146724566" /><trkpt lat="41.431100847" lon="-8.146720326" /><trkpt lat="41.431117601" lon="-8.146715871" /><trkpt lat="41.431134425" lon="-8.146711191" /><trkpt lat="41.431151285" lon="-8.146706271" /><trkpt lat="41.431168146" lon="-8.146701101" /><trkpt lat="41.431184974" lon="-8.146695669" /><trkpt lat="41.431201734" lon="-8.146689963" /><trkpt lat="41.431218393" lon="-8.146683971" /><trkpt lat="41.431234915" lon="-8.146677681" /><trkpt lat="41.431251267" lon="-8.146671081" /><trkpt lat="41.431267414" lon="-8.146664159" /><trkpt lat="41.431283320" lon="-8.146656903" /><trkpt lat="41.431298954" lon="-8.146649301" /><trkpt lat="41.431314027" lon="-8.146642224" /><trkpt lat="41.431328296" lon="-8.146636532" /><trkpt lat="41.431341788" lon="-8.146632197" /><trkpt lat="41.431354528" lon="-8.146629190" /><trkpt lat="41.431366545" lon="-8.146627483" /><trkpt lat="41.431377865" lon="-8.146627049" /><trkpt lat="41.431388514" lon="-8.146627860" /><trkpt lat="41.431398520" lon="-8.146629887" /><trkpt lat="41.431407909" lon="-8.146633103" /><trkpt lat="41.431416708" lon="-8.146637479" /><trkpt lat="41.431424944" lon="-8.146642988" /><trkpt lat="41.431432644" lon="-8.146649601" /><trkpt lat="41.431439834" lon="-8.146657291" /><trkpt lat="41.431446542" lon="-8.146666029" /><trkpt lat="41.431452794" lon="-8.146675788" /><trkpt lat="41.431458617" lon="-8.146686539" /><trkpt lat="41.431464037" lon="-8.146698254" /><trkpt lat="41.431469083" lon="-8.146710906" /><trkpt lat="41.431473780" lon="-8.146724466" /><trkpt lat="41.431478155" lon="-8.146738907" /><trkpt lat="41.431482235" lon="-8.146754200" /><trkpt lat="41.431486046" lon="-8.146770317" /><trkpt lat="41.431489617" lon="-8.146787230" /><trkpt lat="41.431492973" lon="-8.146804912" /><trkpt lat="41.431496142" lon="-8.146823334" /><trkpt lat="41.431499149" lon="-8.146842469" /><trkpt lat="41.431502023" lon="-8.146862287" /><trkpt lat="41.431504789" lon="-8.146882762" /><trkpt lat="41.431507475" lon="-8.146903865" /><trkpt lat="41.431510107" lon="-8.146925569" /><trkpt lat="41.431512728" lon="-8.146947221" /><trkpt lat="41.431515367" lon="-8.146968216" /><trkpt lat="41.431518028" lon="-8.146988595" /><trkpt lat="41.431520714" lon="-8.147008398" /><trkpt lat="41.431523429" lon="-8.147027666" /><trkpt lat="41.431526178" lon="-8.147046440" /><trkpt lat="41.431528965" lon="-8.147064759" /><trkpt lat="41.431531793" lon="-8.147082664" /><trkpt lat="41.431534667" lon="-8.147100196" /><trkpt lat="41.431537590" lon="-8.147117396" /><trkpt lat="41.431540567" lon="-8.147134304" /><trkpt lat="41.431543602" lon="-8.147150960" /><trkpt lat="41.431546698" lon="-8.147167405" /><trkpt lat="41.431549860" lon="-8.147183680" /><trkpt lat="41.431553091" lon="-8.147199824" /><trkpt lat="41.431556397" lon="-8.147215880" /><trkpt lat="41.431559780" lon="-8.147231886" /><trkpt lat="41.431563245" lon="-8.147247884" /><trkpt lat="41.431566795" lon="-8.147263915" /><trkpt lat="41.431570436" lon="-8.147280018" /><trkpt lat="41.431574170" lon="-8.147296234" /><trkpt lat="41.431578003" lon="-8.147312604" /><trkpt lat="41.431581937" lon="-8.147329168" /><trkpt lat="41.431585977" lon="-8.147345967" /><trkpt lat="41.431590127" lon="-8.147363042" /><trkpt lat="41.431594391" lon="-8.147380432" /><trkpt lat="41.431598773" lon="-8.147398179" /><trkpt lat="41.431603277" lon="-8.147416323" /><trkpt lat="41.431607907" lon="-8.147434904" /><trkpt lat="41.431612667" lon="-8.147453964" /><trkpt lat="41.431616824" lon="-8.147471577" /><trkpt lat="41.431620529" lon="-8.147489296" /><trkpt lat="41.431623796" lon="-8.147507108" /><trkpt lat="41.431626637" lon="-8.147525001" /><trkpt lat="41.431629067" lon="-8.147542962" /><trkpt lat="41.431631099" lon="-8.147560978" /><trkpt lat="41.431632746" lon="-8.147579037" /><trkpt lat="41.431634022" lon="-8.147597127" /><trkpt lat="41.431634940" lon="-8.147615235" /><trkpt lat="41.431635513" lon="-8.147633348" /><trkpt lat="41.431635756" lon="-8.147651454" /><trkpt lat="41.431635680" lon="-8.147669540" /><trkpt lat="41.431635301" lon="-8.147687594" /><trkpt lat="41.431634630" lon="-8.147705603" /><trkpt lat="41.431633683" lon="-8.147723555" /><trkpt lat="41.431632471" lon="-8.147741437" /><trkpt lat="41.431631009" lon="-8.147759237" /><trkpt lat="41.431629310" lon="-8.147776941" /><trkpt lat="41.431627388" lon="-8.147794538" /><trkpt lat="41.431625255" lon="-8.147812016" /><trkpt lat="41.431622925" lon="-8.147829360" /><trkpt lat="41.431620412" lon="-8.147846560" /><trkpt lat="41.431617730" lon="-8.147863602" /><trkpt lat="41.431614891" lon="-8.147880473" /><trkpt lat="41.431611908" lon="-8.147897162" /><trkpt lat="41.431608796" lon="-8.147913656" /><trkpt lat="41.431605568" lon="-8.147929942" /><trkpt lat="41.431602238" lon="-8.147946008" /><trkpt lat="41.431598818" lon="-8.147961840" /><trkpt lat="41.431595322" lon="-8.147977428" /><trkpt lat="41.431591763" lon="-8.147992757" /><trkpt lat="41.431588156" lon="-8.148007816" /><trkpt lat="41.431584513" lon="-8.148022592" /><trkpt lat="41.431581253" lon="-8.148036021" /><trkpt lat="41.431577997" lon="-8.148050184" /><trkpt lat="41.431574752" lon="-8.148065036" /><trkpt lat="41.431571522" lon="-8.148080536" /><trkpt lat="41.431568312" lon="-8.148096640" /><trkpt lat="41.431565127" lon="-8.148113305" /><trkpt lat="41.431561972" lon="-8.148130489" /><trkpt lat="41.431558851" lon="-8.148148148" /><trkpt lat="41.431555771" lon="-8.148166240" /><trkpt lat="41.431552736" lon="-8.148184722" /><trkpt lat="41.431549751" lon="-8.148203551" /><trkpt lat="41.431546821" lon="-8.148222684" /><trkpt lat="41.431543951" lon="-8.148242079" /><trkpt lat="41.431541146" lon="-8.148261691" /><trkpt lat="41.431538411" lon="-8.148281479" /><trkpt lat="41.431535751" lon="-8.148301399" /><trkpt lat="41.431533171" lon="-8.148321409" /><trkpt lat="41.431530676" lon="-8.148341466" /><trkpt lat="41.431528272" lon="-8.148361526" /><trkpt lat="41.431525962" lon="-8.148381547" /><trkpt lat="41.431523752" lon="-8.148401487" /><trkpt lat="41.431521647" lon="-8.148421301" /><trkpt lat="41.431519653" lon="-8.148440948" /><trkpt lat="41.431517773" lon="-8.148460384" /><trkpt lat="41.431516014" lon="-8.148479567" /><trkpt lat="41.431514379" lon="-8.148498453" /><trkpt lat="41.431512875" lon="-8.148516999" /><trkpt lat="41.431511505" lon="-8.148535164" /><trkpt lat="41.431510276" lon="-8.148552904" /><trkpt lat="41.431509192" lon="-8.148570175" /><trkpt lat="41.431508258" lon="-8.148586936" /><trkpt lat="41.431507479" lon="-8.148603143" /><trkpt lat="41.431506860" lon="-8.148618753" /><trkpt lat="41.431506406" lon="-8.148633723" /><trkpt lat="41.431506122" lon="-8.148648011" /><trkpt lat="41.431506013" lon="-8.148661574" /><trkpt lat="41.431506085" lon="-8.148674369" /><trkpt lat="41.431506367" lon="-8.148685154" /><trkpt lat="41.431506936" lon="-8.148696640" /><trkpt lat="41.431507784" lon="-8.148708799" /><trkpt lat="41.431508904" lon="-8.148721601" /><trkpt lat="41.431510290" lon="-8.148735015" /><trkpt lat="41.431511935" lon="-8.148749013" /><trkpt lat="41.431513832" lon="-8.148763564" /><trkpt lat="41.431515975" lon="-8.148778638" /><trkpt lat="41.431518356" lon="-8.148794208" /><trkpt lat="41.431520969" lon="-8.148810241" /><trkpt lat="41.431523806" lon="-8.148826710" /><trkpt lat="41.431526862" lon="-8.148843584" /><trkpt lat="41.431530129" lon="-8.148860833" /><trkpt lat="41.431533601" lon="-8.148878429" /><trkpt lat="41.431537271" lon="-8.148896340" /><trkpt lat="41.431541131" lon="-8.148914538" /><trkpt lat="41.431545176" lon="-8.148932994" /><trkpt lat="41.431549397" lon="-8.148951676" /><trkpt lat="41.431553790" lon="-8.148970556" /><trkpt lat="41.431558346" lon="-8.148989604" /><trkpt lat="41.431563059" lon="-8.149008790" /><trkpt lat="41.431567922" lon="-8.149028085" /><trkpt lat="41.431572929" lon="-8.149047459" /><trkpt lat="41.431578072" lon="-8.149066882" /><trkpt lat="41.431583345" lon="-8.149086325" /><trkpt lat="41.431588741" lon="-8.149105758" /><trkpt lat="41.431594253" lon="-8.149125151" /><trkpt lat="41.431599874" lon="-8.149144475" /><trkpt lat="41.431605598" lon="-8.149163700" /><trkpt lat="41.431611417" lon="-8.149182796" /><trkpt lat="41.431617326" lon="-8.149201734" /><trkpt lat="41.431623317" lon="-8.149220484" /><trkpt lat="41.431629383" lon="-8.149239016" /><trkpt lat="41.431635517" lon="-8.149257301" /><trkpt lat="41.431641714" lon="-8.149275309" /><trkpt lat="41.431647965" lon="-8.149293010" /><trkpt lat="41.431654265" lon="-8.149310375" /><trkpt lat="41.431660605" lon="-8.149327374" /><trkpt lat="41.431666981" lon="-8.149343978" /><trkpt lat="41.431673384" lon="-8.149360156" /><trkpt lat="41.431679808" lon="-8.149375879" /><trkpt lat="41.431686246" lon="-8.149391118" /><trkpt lat="41.431692692" lon="-8.149405842" /><trkpt lat="41.431699138" lon="-8.149420023" /><trkpt lat="41.431708031" lon="-8.149439577" /><trkpt lat="41.431716429" lon="-8.149458796" /><trkpt lat="41.431724351" lon="-8.149477697" /><trkpt lat="41.431731819" lon="-8.149496297" /><trkpt lat="41.431738851" lon="-8.149514612" /><trkpt lat="41.431745467" lon="-8.149532659" /><trkpt lat="41.431751688" lon="-8.149550455" /><trkpt lat="41.431757533" lon="-8.149568016" /><trkpt lat="41.431763021" lon="-8.149585360" /><trkpt lat="41.431768174" lon="-8.149602502" /><trkpt lat="41.431773010" lon="-8.149619461" /><trkpt lat="41.431777550" lon="-8.149636252" /><trkpt lat="41.431781814" lon="-8.149652892" /><trkpt lat="41.431785820" lon="-8.149669399" /><trkpt lat="41.431789590" lon="-8.149685788" /><trkpt lat="41.431793142" lon="-8.149702076" /><trkpt lat="41.431796497" lon="-8.149718281" /><trkpt lat="41.431799675" lon="-8.149734419" /><trkpt lat="41.431802695" lon="-8.149750507" /><trkpt lat="41.431805578" lon="-8.149766561" /><trkpt lat="41.431808343" lon="-8.149782598" /><trkpt lat="41.431811009" lon="-8.149798636" /><trkpt lat="41.431813598" lon="-8.149814690" /><trkpt lat="41.431816128" lon="-8.149830778" /><trkpt lat="41.431818620" lon="-8.149846916" /><trkpt lat="41.431821093" lon="-8.149863121" /><trkpt lat="41.431823567" lon="-8.149879409" /><trkpt lat="41.431826063" lon="-8.149895798" /><trkpt lat="41.431828599" lon="-8.149912305" /><trkpt lat="41.431831196" lon="-8.149928945" /><trkpt lat="41.431833873" lon="-8.149945736" /><trkpt lat="41.431835558" lon="-8.149955728" /><trkpt lat="41.431837478" lon="-8.149966318" /><trkpt lat="41.431839624" lon="-8.149977490" /><trkpt lat="41.431841988" lon="-8.149989222" /><trkpt lat="41.431844560" lon="-8.150001497" /><trkpt lat="41.431847332" lon="-8.150014296" /><trkpt lat="41.431850295" lon="-8.150027599" /><trkpt lat="41.431853440" lon="-8.150041388" /><trkpt lat="41.431856758" lon="-8.150055644" /><trkpt lat="41.431860239" lon="-8.150070348" /><trkpt lat="41.431863876" lon="-8.150085481" /><trkpt lat="41.431867660" lon="-8.150101024" /><trkpt lat="41.431871581" lon="-8.150116959" /><trkpt lat="41.431875630" lon="-8.150133265" /><trkpt lat="41.431879800" lon="-8.150149926" /><trkpt lat="41.431884079" lon="-8.150166920" /><trkpt lat="41.431888461" lon="-8.150184230" /><trkpt lat="41.431892936" lon="-8.150201837" /><trkpt lat="41.431897495" lon="-8.150219722" /><trkpt lat="41.431902130" lon="-8.150237865" /><trkpt lat="41.431906830" lon="-8.150256249" /><trkpt lat="41.431911588" lon="-8.150274854" /><trkpt lat="41.431916395" lon="-8.150293660" /><trkpt lat="41.431921242" lon="-8.150312650" /><trkpt lat="41.431926119" lon="-8.150331805" /><trkpt lat="41.431931018" lon="-8.150351104" /><trkpt lat="41.431935930" lon="-8.150370531" /><trkpt lat="41.431940846" lon="-8.150390065" /><trkpt lat="41.431945758" lon="-8.150409687" /><trkpt lat="41.431950656" lon="-8.150429380" /><trkpt lat="41.431955531" lon="-8.150449123" /><trkpt lat="41.431960375" lon="-8.150468898" /><trkpt lat="41.431965179" lon="-8.150488687" /><trkpt lat="41.431969933" lon="-8.150508469" /><trkpt lat="41.431974629" lon="-8.150528227" /><trkpt lat="41.431979259" lon="-8.150547942" /><trkpt lat="41.431983812" lon="-8.150567593" /><trkpt lat="41.431988281" lon="-8.150587163" /><trkpt lat="41.431992656" lon="-8.150606633" /><trkpt lat="41.431996929" lon="-8.150625984" /><trkpt lat="41.432001090" lon="-8.150645196" /><trkpt lat="41.432005131" lon="-8.150664252" /><trkpt lat="41.432009043" lon="-8.150683131" /><trkpt lat="41.432012816" lon="-8.150701815" /><trkpt lat="41.432016443" lon="-8.150720286" /><trkpt lat="41.432019914" lon="-8.150738524" /><trkpt lat="41.432023220" lon="-8.150756510" /><trkpt lat="41.432026352" lon="-8.150774226" /><trkpt lat="41.432029302" lon="-8.150791652" /><trkpt lat="41.432032061" lon="-8.150808770" /><trkpt lat="41.432034619" lon="-8.150825561" /><trkpt lat="41.432036968" lon="-8.150842005" /><trkpt lat="41.432039099" lon="-8.150858085" /><trkpt lat="41.432041003" lon="-8.150873780" /><trkpt lat="41.432042808" lon="-8.150891245" /><trkpt lat="41.432044208" lon="-8.150908766" /><trkpt lat="41.432045210" lon="-8.150926337" /><trkpt lat="41.432045823" lon="-8.150943951" /><trkpt lat="41.432046055" lon="-8.150961601" /><trkpt lat="41.432045912" lon="-8.150979282" /><trkpt lat="41.432045405" lon="-8.150996987" /><trkpt lat="41.432044541" lon="-8.151014708" /><trkpt lat="41.432043327" lon="-8.151032440" /><trkpt lat="41.432041772" lon="-8.151050176" /><trkpt lat="41.432039885" lon="-8.151067909" /><trkpt lat="41.432037672" lon="-8.151085633" /><trkpt lat="41.432035143" lon="-8.151103341" /><trkpt lat="41.432032305" lon="-8.151121027" /><trkpt lat="41.432029166" lon="-8.151138684" /><trkpt lat="41.432025734" lon="-8.151156306" /><trkpt lat="41.432022019" lon="-8.151173886" /><trkpt lat="41.432018026" lon="-8.151191418" /><trkpt lat="41.432013765" lon="-8.151208894" /><trkpt lat="41.432009244" lon="-8.151226309" /><trkpt lat="41.432004471" lon="-8.151243656" /><trkpt lat="41.431999453" lon="-8.151260928" /><trkpt lat="41.431994200" lon="-8.151278119" /><trkpt lat="41.431988718" lon="-8.151295222" /><trkpt lat="41.431983016" lon="-8.151312231" /><trkpt lat="41.431977103" lon="-8.151329139" /><trkpt lat="41.431970985" lon="-8.151345940" /><trkpt lat="41.431964672" lon="-8.151362627" /><trkpt lat="41.431958172" lon="-8.151379193" /><trkpt lat="41.431951491" lon="-8.151395632" /><trkpt lat="41.431944640" lon="-8.151411938" /><trkpt lat="41.431937624" lon="-8.151428103" /><trkpt lat="41.431930454" lon="-8.151444122" /><trkpt lat="41.431923136" lon="-8.151459988" /><trkpt lat="41.431915679" lon="-8.151475694" /><trkpt lat="41.431908091" lon="-8.151491233" /><trkpt lat="41.431900379" lon="-8.151506600" /><trkpt lat="41.431892553" lon="-8.151521787" /><trkpt lat="41.431884620" lon="-8.151536788" /><trkpt lat="41.431876588" lon="-8.151551597" /><trkpt lat="41.431868465" lon="-8.151566206" /><trkpt lat="41.431860260" lon="-8.151580610" /><trkpt lat="41.431851979" lon="-8.151594802" /><trkpt lat="41.431843633" lon="-8.151608775" /><trkpt lat="41.431835228" lon="-8.151622523" /><trkpt lat="41.431826772" lon="-8.151636039" /><trkpt lat="41.431818274" lon="-8.151649317" /><trkpt lat="41.431809742" lon="-8.151662350" /><trkpt lat="41.431799215" lon="-8.151677470" /><trkpt lat="41.431788161" lon="-8.151691863" /><trkpt lat="41.431776606" lon="-8.151705545" /><trkpt lat="41.431764573" lon="-8.151718534" /><trkpt lat="41.431752087" lon="-8.151730846" /><trkpt lat="41.431739173" lon="-8.151742497" /><trkpt lat="41.431725853" lon="-8.151753505" /><trkpt lat="41.431712153" lon="-8.151763887" /><trkpt lat="41.431698098" lon="-8.151773660" /><trkpt lat="41.431683710" lon="-8.151782840" /><trkpt lat="41.431669016" lon="-8.151791443" /><trkpt lat="41.431654038" lon="-8.151799488" /><trkpt lat="41.431638802" lon="-8.151806991" /><trkpt lat="41.431623331" lon="-8.151813969" /><trkpt lat="41.431607651" lon="-8.151820438" /><trkpt lat="41.431591784" lon="-8.151826415" /><trkpt lat="41.431575757" lon="-8.151831918" /><trkpt lat="41.431559592" lon="-8.151836963" /><trkpt lat="41.431543314" lon="-8.151841566" /><trkpt lat="41.431526948" lon="-8.151845746" /><trkpt lat="41.431510518" lon="-8.151849518" /><trkpt lat="41.431494049" lon="-8.151852900" /><trkpt lat="41.431477563" lon="-8.151855908" /><trkpt lat="41.431461087" lon="-8.151858559" /><trkpt lat="41.431444644" lon="-8.151860870" /><trkpt lat="41.431428258" lon="-8.151862858" /><trkpt lat="41.431411954" lon="-8.151864540" /><trkpt lat="41.431395756" lon="-8.151865932" /><trkpt lat="41.431379689" lon="-8.151867052" /><trkpt lat="41.431363776" lon="-8.151867916" /><trkpt lat="41.431348043" lon="-8.151868541" /><trkpt lat="41.431332513" lon="-8.151868944" /><trkpt lat="41.431317210" lon="-8.151869142" /><trkpt lat="41.431302160" lon="-8.151869152" /><trkpt lat="41.431287386" lon="-8.151868990" /><trkpt lat="41.431272913" lon="-8.151868673" /><trkpt lat="41.431258765" lon="-8.151868219" /><trkpt lat="41.431244966" lon="-8.151867644" /><trkpt lat="41.431231541" lon="-8.151866964" /><trkpt lat="41.431218514" lon="-8.151866198" /><trkpt lat="41.431201721" lon="-8.151865149" /><trkpt lat="41.431185499" lon="-8.151864176" /><trkpt lat="41.431169802" lon="-8.151863317" /><trkpt lat="41.431154583" lon="-8.151862612" /><trkpt lat="41.431139797" lon="-8.151862100" /><trkpt lat="41.431125397" lon="-8.151861820" /><trkpt lat="41.431111338" lon="-8.151861812" /><trkpt lat="41.431097574" lon="-8.151862116" /><trkpt lat="41.431084057" lon="-8.151862770" /><trkpt lat="41.431070744" lon="-8.151863813" /><trkpt lat="41.431057586" lon="-8.151865286" /><trkpt lat="41.431044539" lon="-8.151867228" /><trkpt lat="41.431031557" lon="-8.151869677" /><trkpt lat="41.431018592" lon="-8.151872673" /><trkpt lat="41.431005600" lon="-8.151876256" /><trkpt lat="41.430992535" lon="-8.151880465" /><trkpt lat="41.430979349" lon="-8.151885338" /><trkpt lat="41.430965998" lon="-8.151890917" /><trkpt lat="41.430952435" lon="-8.151897239" /><trkpt lat="41.430938614" lon="-8.151904345" /><trkpt lat="41.430924489" lon="-8.151912273" /><trkpt lat="41.430910014" lon="-8.151921062" /><trkpt lat="41.430895143" lon="-8.151930754" /><trkpt lat="41.430879831" lon="-8.151941385" /><trkpt lat="41.430864030" lon="-8.151952997" /><trkpt lat="41.430847695" lon="-8.151965628" /><trkpt lat="41.430830780" lon="-8.151979317" /><trkpt lat="41.430813239" lon="-8.151994104" /><trkpt lat="41.430795026" lon="-8.152010029" /><trkpt lat="41.430776095" lon="-8.152027130" /><trkpt lat="41.430757656" lon="-8.152043482" /><trkpt lat="41.430739695" lon="-8.152058302" /><trkpt lat="41.430722205" lon="-8.152071635" /><trkpt lat="41.430705173" lon="-8.152083524" /><trkpt lat="41.430688591" lon="-8.152094011" /><trkpt lat="41.430672448" lon="-8.152103140" /><trkpt lat="41.430656733" lon="-8.152110954" /><trkpt lat="41.430641438" lon="-8.152117497" /><trkpt lat="41.430626551" lon="-8.152122811" /><trkpt lat="41.430612063" lon="-8.152126940" /><trkpt lat="41.430597963" lon="-8.152129927" /><trkpt lat="41.430584241" lon="-8.152131815" /><trkpt lat="41.430570888" lon="-8.152132648" /><trkpt lat="41.430557892" lon="-8.152132468" /><trkpt lat="41.430545245" lon="-8.152131320" /><trkpt lat="41.430532935" lon="-8.152129245" /><trkpt lat="41.430520953" lon="-8.152126287" /><trkpt lat="41.430509288" lon="-8.152122490" /><trkpt lat="41.430497931" lon="-8.152117897" /><trkpt lat="41.430486871" lon="-8.152112551" /><trkpt lat="41.430476098" lon="-8.152106495" /><trkpt lat="41.430465603" lon="-8.152099772" /><trkpt lat="41.430455374" lon="-8.152092426" /><trkpt lat="41.430445402" lon="-8.152084500" /><trkpt lat="41.430435677" lon="-8.152076037" /><trkpt lat="41.430426188" lon="-8.152067080" /><trkpt lat="41.430416926" lon="-8.152057672" /><trkpt lat="41.430407880" lon="-8.152047857" /><trkpt lat="41.430399040" lon="-8.152037679" /><trkpt lat="41.430390396" lon="-8.152027179" /><trkpt lat="41.430381938" lon="-8.152016401" /><trkpt lat="41.430373321" lon="-8.152005369" /><trkpt lat="41.430364757" lon="-8.151994805" /><trkpt lat="41.430356231" lon="-8.151984711" /><trkpt lat="41.430347727" lon="-8.151975091" /><trkpt lat="41.430339232" lon="-8.151965948" /><trkpt lat="41.430330729" lon="-8.151957285" /><trkpt lat="41.430322205" lon="-8.151949105" /><trkpt lat="41.430313645" lon="-8.151941411" /><trkpt lat="41.430305035" lon="-8.151934205" /><trkpt lat="41.430296358" lon="-8.151927491" /><trkpt lat="41.430287601" lon="-8.151921272" /><trkpt lat="41.430278749" lon="-8.151915550" /><trkpt lat="41.430269786" lon="-8.151910329" /><trkpt lat="41.430260699" lon="-8.151905612" /><trkpt lat="41.430251473" lon="-8.151901402" /><trkpt lat="41.430242093" lon="-8.151897701" /><trkpt lat="41.430232543" lon="-8.151894512" /><trkpt lat="41.430222810" lon="-8.151891840" /><trkpt lat="41.430212878" lon="-8.151889685" /><trkpt lat="41.430202734" lon="-8.151888053" /><trkpt lat="41.430192361" lon="-8.151886944" /><trkpt lat="41.430181746" lon="-8.151886364" /><trkpt lat="41.430170873" lon="-8.151886314" /><trkpt lat="41.430159728" lon="-8.151886797" /><trkpt lat="41.430148297" lon="-8.151887817" /><trkpt lat="41.430136563" lon="-8.151889376" /><trkpt lat="41.430124513" lon="-8.151891477" /><trkpt lat="41.430112132" lon="-8.151894124" /><trkpt lat="41.430099406" lon="-8.151897320" /><trkpt lat="41.430086318" lon="-8.151901066" /><trkpt lat="41.430074151" lon="-8.151904827" /><trkpt lat="41.430061779" lon="-8.151908789" /><trkpt lat="41.430049195" lon="-8.151912950" /><trkpt lat="41.430036393" lon="-8.151917304" /><trkpt lat="41.430023368" lon="-8.151921847" /><trkpt lat="41.430010114" lon="-8.151926574" /><trkpt lat="41.429996623" lon="-8.151931482" /><trkpt lat="41.429982891" lon="-8.151936565" /><trkpt lat="41.429968911" lon="-8.151941819" /><trkpt lat="41.429954677" lon="-8.151947240" /><trkpt lat="41.429940184" lon="-8.151952823" /><trkpt lat="41.429925424" lon="-8.151958564" /><trkpt lat="41.429910392" lon="-8.151964457" /><trkpt lat="41.429895083" lon="-8.151970500" /><trkpt lat="41.429879489" lon="-8.151976686" /><trkpt lat="41.429863605" lon="-8.151983012" /><trkpt lat="41.429847425" lon="-8.151989474" /><trkpt lat="41.429830943" lon="-8.151996066" /><trkpt lat="41.429814153" lon="-8.152002785" /><trkpt lat="41.429797048" lon="-8.152009625" /><trkpt lat="41.429779623" lon="-8.152016583" /><trkpt lat="41.429761872" lon="-8.152023653" /><trkpt lat="41.429743788" lon="-8.152030832" /><trkpt lat="41.429725366" lon="-8.152038115" /><trkpt lat="41.429706600" lon="-8.152045497" /><trkpt lat="41.429687482" lon="-8.152052974" /><trkpt lat="41.429668009" lon="-8.152060542" /><trkpt lat="41.429648172" lon="-8.152068195" /><trkpt lat="41.429627967" lon="-8.152075931" /><trkpt lat="41.429607387" lon="-8.152083743" /><trkpt lat="41.429586427" lon="-8.152091627" /><trkpt lat="41.429565080" lon="-8.152099580" /><trkpt lat="41.429543340" lon="-8.152107596" /><trkpt lat="41.429525497" lon="-8.152114346" /><trkpt lat="41.429508154" lon="-8.152121316" /><trkpt lat="41.429491290" lon="-8.152128509" /><trkpt lat="41.429474884" lon="-8.152135923" /><trkpt lat="41.429458915" lon="-8.152143560" /><trkpt lat="41.429443363" lon="-8.152151419" /><trkpt lat="41.429428207" lon="-8.152159501" /><trkpt lat="41.429413426" lon="-8.152167807" /><trkpt lat="41.429399000" lon="-8.152176335" /><trkpt lat="41.429384907" lon="-8.152185087" /><trkpt lat="41.429371128" lon="-8.152194063" /><trkpt lat="41.429357640" lon="-8.152203263" /><trkpt lat="41.429344424" lon="-8.152212687" /><trkpt lat="41.429331459" lon="-8.152222336" /><trkpt lat="41.429318724" lon="-8.152232209" /><trkpt lat="41.429306198" lon="-8.152242308" /><trkpt lat="41.429293860" lon="-8.152252632" /><trkpt lat="41.429281690" lon="-8.152263181" /><trkpt lat="41.429269668" lon="-8.152273956" /><trkpt lat="41.429257771" lon="-8.152284957" /><trkpt lat="41.429245981" lon="-8.152296185" /><trkpt lat="41.429234275" lon="-8.152307639" /><trkpt lat="41.429222633" lon="-8.152319320" /><trkpt lat="41.429211035" lon="-8.152331228" /><trkpt lat="41.429199459" lon="-8.152343364" /><trkpt lat="41.429187885" lon="-8.152355727" /><trkpt lat="41.429176292" lon="-8.152368317" /><trkpt lat="41.429164660" lon="-8.152381136" /><trkpt lat="41.429152967" lon="-8.152394183" /><trkpt lat="41.429141193" lon="-8.152407459" /><trkpt lat="41.429129318" lon="-8.152420964" /><trkpt lat="41.429117319" lon="-8.152434697" /><trkpt lat="41.429105178" lon="-8.152448660" /><trkpt lat="41.429092873" lon="-8.152462853" /><trkpt lat="41.429080382" lon="-8.152477275" /><trkpt lat="41.429067687" lon="-8.152491927" /><trkpt lat="41.429054765" lon="-8.152506810" /><trkpt lat="41.429041596" lon="-8.152521924" /><trkpt lat="41.429028159" lon="-8.152537268" /><trkpt lat="41.429014434" lon="-8.152552843" /><trkpt lat="41.428999398" lon="-8.152569950" /><trkpt lat="41.428985087" lon="-8.152586409" /><trkpt lat="41.428971446" lon="-8.152602231" /><trkpt lat="41.428958420" lon="-8.152617426" /><trkpt lat="41.428945950" lon="-8.152632004" /><trkpt lat="41.428933982" lon="-8.152645975" /><trkpt lat="41.428922460" lon="-8.152659351" /><trkpt lat="41.428911327" lon="-8.152672141" /><trkpt lat="41.428900526" lon="-8.152684355" /><trkpt lat="41.428890003" lon="-8.152696005" /><trkpt lat="41.428879701" lon="-8.152707099" /><trkpt lat="41.428869563" lon="-8.152717650" /><trkpt lat="41.428859534" lon="-8.152727666" /><trkpt lat="41.428849558" lon="-8.152737159" /><trkpt lat="41.428839578" lon="-8.152746139" /><trkpt lat="41.428829538" lon="-8.152754616" /><trkpt lat="41.428819382" lon="-8.152762600" /><trkpt lat="41.428809055" lon="-8.152770102" /><trkpt lat="41.428798499" lon="-8.152777132" /><trkpt lat="41.428787659" lon="-8.152783701" /><trkpt lat="41.428776478" lon="-8.152789818" /><trkpt lat="41.428764901" lon="-8.152795495" /><trkpt lat="41.428752872" lon="-8.152800741" /><trkpt lat="41.428740334" lon="-8.152805567" /><trkpt lat="41.428727231" lon="-8.152809983" /><trkpt lat="41.428713507" lon="-8.152814000" /><trkpt lat="41.428699106" lon="-8.152817627" /><trkpt lat="41.428683971" lon="-8.152820876" /><trkpt lat="41.428668048" lon="-8.152823757" /><trkpt lat="41.428651279" lon="-8.152826279" /><trkpt lat="41.428633608" lon="-8.152828454" /><trkpt lat="41.428614980" lon="-8.152830292" /><trkpt lat="41.428595338" lon="-8.152831802" /><trkpt lat="41.428574626" lon="-8.152832996" /><trkpt lat="41.428552788" lon="-8.152833883" /><trkpt lat="41.428529768" lon="-8.152834475" /><trkpt lat="41.428511990" lon="-8.152835282" /><trkpt lat="41.428494847" lon="-8.152837000" /><trkpt lat="41.428478320" lon="-8.152839598" /><trkpt lat="41.428462395" lon="-8.152843047" /><trkpt lat="41.428447053" lon="-8.152847318" /><trkpt lat="41.428432280" lon="-8.152852380" /><trkpt lat="41.428418059" lon="-8.152858205" /><trkpt lat="41.428404373" lon="-8.152864762" /><trkpt lat="41.428391206" lon="-8.152872022" /><trkpt lat="41.428378541" lon="-8.152879955" /><trkpt lat="41.428366363" lon="-8.152888532" /><trkpt lat="41.428354654" lon="-8.152897723" /><trkpt lat="41.428343399" lon="-8.152907499" /><trkpt lat="41.428332581" lon="-8.152917830" /><trkpt lat="41.428322183" lon="-8.152928686" /><trkpt lat="41.428312190" lon="-8.152940037" /><trkpt lat="41.428302584" lon="-8.152951855" /><trkpt lat="41.428293350" lon="-8.152964110" /><trkpt lat="41.428284471" lon="-8.152976771" /><trkpt lat="41.428275930" lon="-8.152989809" /><trkpt lat="41.428267712" lon="-8.153003195" /><trkpt lat="41.428259800" lon="-8.153016900" /><trkpt lat="41.428252177" lon="-8.153030892" /><trkpt lat="41.428244827" lon="-8.153045144" /><trkpt lat="41.428237734" lon="-8.153059625" /><trkpt lat="41.428230881" lon="-8.153074305" /><trkpt lat="41.428224253" lon="-8.153089156" /><trkpt lat="41.428217832" lon="-8.153104147" /><trkpt lat="41.428211602" lon="-8.153119248" /><trkpt lat="41.428205547" lon="-8.153134431" /><trkpt lat="41.428199650" lon="-8.153149666" /><trkpt lat="41.428193895" lon="-8.153164923" /><trkpt lat="41.428188266" lon="-8.153180172" /><trkpt lat="41.428182746" lon="-8.153195384" /><trkpt lat="41.428177319" lon="-8.153210529" /><trkpt lat="41.428171969" lon="-8.153225577" /><trkpt lat="41.428166679" lon="-8.153240500" /><trkpt lat="41.428161432" lon="-8.153255267" /><trkpt lat="41.428156213" lon="-8.153269849" /><trkpt lat="41.428151004" lon="-8.153284215" /><trkpt lat="41.428145790" lon="-8.153298338" /><trkpt lat="41.428140555" lon="-8.153312186" /><trkpt lat="41.428135281" lon="-8.153325731" /><trkpt lat="41.428129952" lon="-8.153338942" /><trkpt lat="41.428124552" lon="-8.153351791" /><trkpt lat="41.428119065" lon="-8.153364247" /><trkpt lat="41.428113475" lon="-8.153376281" /><trkpt lat="41.428108052" lon="-8.153387476" /><trkpt lat="41.428102205" lon="-8.153399269" /><trkpt lat="41.428095952" lon="-8.153411634" /><trkpt lat="41.428089309" lon="-8.153424545" /><trkpt lat="41.428082292" lon="-8.153437975" /><trkpt lat="41.428074920" lon="-8.153451897" /><trkpt lat="41.428067208" lon="-8.153466286" /><trkpt lat="41.428059174" lon="-8.153481115" /><trkpt lat="41.428050834" lon="-8.153496357" /><trkpt lat="41.428042207" lon="-8.153511985" /><trkpt lat="41.428033307" lon="-8.153527975" /><trkpt lat="41.428024153" lon="-8.153544298" /><trkpt lat="41.428014762" lon="-8.153560929" /><trkpt lat="41.428005149" lon="-8.153577841" /><trkpt lat="41.427995333" lon="-8.153595007" /><trkpt lat="41.427985330" lon="-8.153612402" /><trkpt lat="41.427975156" lon="-8.153629998" /><trkpt lat="41.427964830" lon="-8.153647770" /><trkpt lat="41.427954367" lon="-8.153665691" /><trkpt lat="41.427943786" lon="-8.153683734" /><trkpt lat="41.427933102" lon="-8.153701873" /><trkpt lat="41.427922332" lon="-8.153720081" /><trkpt lat="41.427911494" lon="-8.153738333" /><trkpt lat="41.427900604" lon="-8.153756601" /><trkpt lat="41.427889680" lon="-8.153774860" /><trkpt lat="41.427878738" lon="-8.153793082" /><trkpt lat="41.427867795" lon="-8.153811241" /><trkpt lat="41.427856869" lon="-8.153829312" /><trkpt lat="41.427845975" lon="-8.153847266" /><trkpt lat="41.427835131" lon="-8.153865079" /><trkpt lat="41.427824354" lon="-8.153882723" /><trkpt lat="41.427813661" lon="-8.153900172" /><trkpt lat="41.427803069" lon="-8.153917400" /><trkpt lat="41.427792594" lon="-8.153934379" /><trkpt lat="41.427782254" lon="-8.153951085" /><trkpt lat="41.427772065" lon="-8.153967490" /><trkpt lat="41.427762044" lon="-8.153983567" /><trkpt lat="41.427752209" lon="-8.153999291" /><trkpt lat="41.427742576" lon="-8.154014635" /><trkpt lat="41.427733162" lon="-8.154029572" /><trkpt lat="41.427723985" lon="-8.154044077" /><trkpt lat="41.427715060" lon="-8.154058121" /><trkpt lat="41.427706405" lon="-8.154071680" /><trkpt lat="41.427698037" lon="-8.154084727" /><trkpt lat="41.427689973" lon="-8.154097235" /><trkpt lat="41.427682229" lon="-8.154109177" /><trkpt lat="41.427674823" lon="-8.154120528" /><trkpt lat="41.427667771" lon="-8.154131261" /><trkpt lat="41.427661091" lon="-8.154141349" /><trkpt lat="41.427654799" lon="-8.154150767" /><trkpt lat="41.427648912" lon="-8.154159486" /><trkpt lat="41.427639049" lon="-8.154173552" /><trkpt lat="41.427628785" lon="-8.154187325" /><trkpt lat="41.427618147" lon="-8.154200816" /><trkpt lat="41.427607163" lon="-8.154214038" /><trkpt lat="41.427595860" lon="-8.154227001" /><trkpt lat="41.427584268" lon="-8.154239717" /><trkpt lat="41.427572412" lon="-8.154252196" /><trkpt lat="41.427560322" lon="-8.154264451" /><trkpt lat="41.427548024" lon="-8.154276492" /><trkpt lat="41.427535546" lon="-8.154288332" /><trkpt lat="41.427522916" lon="-8.154299980" /><trkpt lat="41.427510163" lon="-8.154311450" /><trkpt lat="41.427497312" lon="-8.154322751" /><trkpt lat="41.427484393" lon="-8.154333895" /><trkpt lat="41.427471433" lon="-8.154344894" /><trkpt lat="41.427458459" lon="-8.154355759" /><trkpt lat="41.427445500" lon="-8.154366501" /><trkpt lat="41.427432582" lon="-8.154377131" /><trkpt lat="41.427419734" lon="-8.154387662" /><trkpt lat="41.427406984" lon="-8.154398104" /><trkpt lat="41.427394359" lon="-8.154408468" /><trkpt lat="41.427381887" lon="-8.154418766" /><trkpt lat="41.427369595" lon="-8.154429009" /><trkpt lat="41.427357512" lon="-8.154439209" /><trkpt lat="41.427345664" lon="-8.154449376" /><trkpt lat="41.427334080" lon="-8.154459523" /><trkpt lat="41.427322788" lon="-8.154469660" /><trkpt lat="41.427311814" lon="-8.154479798" /><trkpt lat="41.427301188" lon="-8.154489950" /><trkpt lat="41.427290936" lon="-8.154500127" /><trkpt lat="41.427281598" lon="-8.154509538" /><trkpt lat="41.427271876" lon="-8.154519232" /><trkpt lat="41.427261786" lon="-8.154529194" /><trkpt lat="41.427251344" lon="-8.154539411" /><trkpt lat="41.427240564" lon="-8.154549871" /><trkpt lat="41.427229463" lon="-8.154560558" /><trkpt lat="41.427218056" lon="-8.154571461" /><trkpt lat="41.427206358" lon="-8.154582565" /><trkpt lat="41.427194384" lon="-8.154593857" /><trkpt lat="41.427182151" lon="-8.154605324" /><trkpt lat="41.427169673" lon="-8.154616952" /><trkpt lat="41.427156967" lon="-8.154628728" /><trkpt lat="41.427144046" lon="-8.154640638" /><trkpt lat="41.427130928" lon="-8.154652669" /><trkpt lat="41.427117627" lon="-8.154664808" /><trkpt lat="41.427104158" lon="-8.154677040" /><trkpt lat="41.427090538" lon="-8.154689353" /><trkpt lat="41.427076782" lon="-8.154701734" /><trkpt lat="41.427062904" lon="-8.154714168" /><trkpt lat="41.427048922" lon="-8.154726642" /><trkpt lat="41.427034849" lon="-8.154739144" /><trkpt lat="41.427020702" lon="-8.154751658" /><trkpt lat="41.427006495" lon="-8.154764173" /><trkpt lat="41.426992245" lon="-8.154776674" /><trkpt lat="41.426977967" lon="-8.154789149" /><trkpt lat="41.426963676" lon="-8.154801583" /><trkpt lat="41.426949388" lon="-8.154813963" /><trkpt lat="41.426935118" lon="-8.154826277" /><trkpt lat="41.426920881" lon="-8.154838509" /><trkpt lat="41.426906693" lon="-8.154850648" /><trkpt lat="41.426892570" lon="-8.154862679" /><trkpt lat="41.426878527" lon="-8.154874589" /><trkpt lat="41.426864579" lon="-8.154886365" /></trkseg></trk></gpx>