<?xml version='1.0' encoding='utf-8'?>
<gpx version="1.1" creator="OpenTrack rally2gpx source authoring" xmlns="http://www.topografix.com/GPX/1/1"><metadata><name>SS 2+6 - Elsi</name><link href="https://www.rally-maps.com/Wales-Rally-GB-2019" /><desc>Complete source route; Rally-Maps spline tangents expanded before GPX export. No source elevation is supplied.</desc></metadata><trk><trkseg><trkpt lat="53.092149280" lon="-3.858956149" /><trkpt lat="53.092144477" lon="-3.858962265" /><trkpt lat="53.092139720" lon="-3.858968291" /><trkpt lat="53.092134990" lon="-3.858974249" /><trkpt lat="53.092130270" lon="-3.858980162" /><trkpt lat="53.092125540" lon="-3.858986051" /><trkpt lat="53.092120784" lon="-3.858991939" /><trkpt lat="53.092115982" lon="-3.858997849" /><trkpt lat="53.092111117" lon="-3.859003803" /><trkpt lat="53.092106170" lon="-3.859009824" /><trkpt lat="53.092101123" lon="-3.859015933" /><trkpt lat="53.092095958" lon="-3.859022154" /><trkpt lat="53.092090656" lon="-3.859028509" /><trkpt lat="53.092085200" lon="-3.859035020" /><trkpt lat="53.092079571" lon="-3.859041710" /><trkpt lat="53.092073750" lon="-3.859048601" /><trkpt lat="53.092067720" lon="-3.859055715" /><trkpt lat="53.092061463" lon="-3.859063075" /><trkpt lat="53.092054959" lon="-3.859070704" /><trkpt lat="53.092048192" lon="-3.859078623" /><trkpt lat="53.092041142" lon="-3.859086856" /><trkpt lat="53.092033792" lon="-3.859095424" /><trkpt lat="53.092026122" lon="-3.859104351" /><trkpt lat="53.092018116" lon="-3.859113657" /><trkpt lat="53.092009755" lon="-3.859123367" /><trkpt lat="53.092001020" lon="-3.859133502" /><trkpt lat="53.091991893" lon="-3.859144085" /><trkpt lat="53.091982357" lon="-3.859155138" /><trkpt lat="53.091972392" lon="-3.859166684" /><trkpt lat="53.091961981" lon="-3.859178745" /><trkpt lat="53.091951105" lon="-3.859191343" /><trkpt lat="53.091939814" lon="-3.859203791" /><trkpt lat="53.091928179" lon="-3.859215408" /><trkpt lat="53.091916219" lon="-3.859226233" /><trkpt lat="53.091903951" lon="-3.859236301" /><trkpt lat="53.091891391" lon="-3.859245651" /><trkpt lat="53.091878556" lon="-3.859254318" /><trkpt lat="53.091865465" lon="-3.859262340" /><trkpt lat="53.091852134" lon="-3.859269753" /><trkpt lat="53.091838581" lon="-3.859276596" /><trkpt lat="53.091824822" lon="-3.859282904" /><trkpt lat="53.091810876" lon="-3.859288714" /><trkpt lat="53.091796758" lon="-3.859294063" /><trkpt lat="53.091782487" lon="-3.859298989" /><trkpt lat="53.091768079" lon="-3.859303528" /><trkpt lat="53.091753552" lon="-3.859307718" /><trkpt lat="53.091738923" lon="-3.859311594" /><trkpt lat="53.091724210" lon="-3.859315194" /><trkpt lat="53.091709428" lon="-3.859318556" /><trkpt lat="53.091694596" lon="-3.859321715" /><trkpt lat="53.091679732" lon="-3.859324709" /><trkpt lat="53.091664851" lon="-3.859327574" /><trkpt lat="53.091649971" lon="-3.859330349" /><trkpt lat="53.091635110" lon="-3.859333068" /><trkpt lat="53.091620285" lon="-3.859335771" /><trkpt lat="53.091605512" lon="-3.859338492" /><trkpt lat="53.091590809" lon="-3.859341270" /><trkpt lat="53.091576194" lon="-3.859344141" /><trkpt lat="53.091561684" lon="-3.859347143" /><trkpt lat="53.091547295" lon="-3.859350311" /><trkpt lat="53.091533045" lon="-3.859353684" /><trkpt lat="53.091518905" lon="-3.859357013" /><trkpt lat="53.091504845" lon="-3.859360007" /><trkpt lat="53.091490880" lon="-3.859362632" /><trkpt lat="53.091477026" lon="-3.859364856" /><trkpt lat="53.091463297" lon="-3.859366648" /><trkpt lat="53.091449710" lon="-3.859367974" /><trkpt lat="53.091436280" lon="-3.859368804" /><trkpt lat="53.091423022" lon="-3.859369105" /><trkpt lat="53.091409951" lon="-3.859368844" /><trkpt lat="53.091397084" lon="-3.859367989" /><trkpt lat="53.091384435" lon="-3.859366508" /><trkpt lat="53.091372019" lon="-3.859364370" /><trkpt lat="53.091359853" lon="-3.859361541" /><trkpt lat="53.091347951" lon="-3.859357990" /><trkpt lat="53.091336329" lon="-3.859353684" /><trkpt lat="53.091325003" lon="-3.859348591" /><trkpt lat="53.091313987" lon="-3.859342680" /><trkpt lat="53.091303297" lon="-3.859335917" /><trkpt lat="53.091292949" lon="-3.859328271" /><trkpt lat="53.091282957" lon="-3.859319709" /><trkpt lat="53.091273338" lon="-3.859310200" /><trkpt lat="53.091264107" lon="-3.859299711" /><trkpt lat="53.091255278" lon="-3.859288209" /><trkpt lat="53.091246868" lon="-3.859275664" /><trkpt lat="53.091238892" lon="-3.859262042" /><trkpt lat="53.091231365" lon="-3.859247311" /><trkpt lat="53.091224303" lon="-3.859231440" /><trkpt lat="53.091217720" lon="-3.859214395" /><trkpt lat="53.091211634" lon="-3.859196145" /><trkpt lat="53.091206057" lon="-3.859176658" /><trkpt lat="53.091201923" lon="-3.859160370" /><trkpt lat="53.091198138" lon="-3.859144121" /><trkpt lat="53.091194696" lon="-3.859127904" /><trkpt lat="53.091191595" lon="-3.859111713" /><trkpt lat="53.091188829" lon="-3.859095540" /><trkpt lat="53.091186394" lon="-3.859079377" /><trkpt lat="53.091184285" lon="-3.859063217" /><trkpt lat="53.091182499" lon="-3.859047053" /><trkpt lat="53.091181031" lon="-3.859030878" /><trkpt lat="53.091179876" lon="-3.859014684" /><trkpt lat="53.091179030" lon="-3.858998464" /><trkpt lat="53.091178489" lon="-3.858982210" /><trkpt lat="53.091178249" lon="-3.858965916" /><trkpt lat="53.091178304" lon="-3.858949574" /><trkpt lat="53.091178651" lon="-3.858933177" /><trkpt lat="53.091179285" lon="-3.858916717" /><trkpt lat="53.091180201" lon="-3.858900187" /><trkpt lat="53.091181396" lon="-3.858883580" /><trkpt lat="53.091182866" lon="-3.858866888" /><trkpt lat="53.091184604" lon="-3.858850105" /><trkpt lat="53.091186608" lon="-3.858833222" /><trkpt lat="53.091188873" lon="-3.858816233" /><trkpt lat="53.091191394" lon="-3.858799130" /><trkpt lat="53.091194167" lon="-3.858781907" /><trkpt lat="53.091197188" lon="-3.858764555" /><trkpt lat="53.091200452" lon="-3.858747067" /><trkpt lat="53.091203955" lon="-3.858729436" /><trkpt lat="53.091207693" lon="-3.858711655" /><trkpt lat="53.091211661" lon="-3.858693716" /><trkpt lat="53.091215854" lon="-3.858675613" /><trkpt lat="53.091220269" lon="-3.858657337" /><trkpt lat="53.091224900" lon="-3.858638882" /><trkpt lat="53.091229745" lon="-3.858620240" /><trkpt lat="53.091234797" lon="-3.858601404" /><trkpt lat="53.091240053" lon="-3.858582366" /><trkpt lat="53.091245509" lon="-3.858563120" /><trkpt lat="53.091251159" lon="-3.858543657" /><trkpt lat="53.091255633" lon="-3.858528393" /><trkpt lat="53.091260193" lon="-3.858512787" /><trkpt lat="53.091264837" lon="-3.858496856" /><trkpt lat="53.091269561" lon="-3.858480617" /><trkpt lat="53.091274363" lon="-3.858464087" /><trkpt lat="53.091279239" lon="-3.858447284" /><trkpt lat="53.091284186" lon="-3.858430225" /><trkpt lat="53.091289201" lon="-3.858412926" /><trkpt lat="53.091294282" lon="-3.858395405" /><trkpt lat="53.091299425" lon="-3.858377680" /><trkpt lat="53.091304627" lon="-3.858359767" /><trkpt lat="53.091309886" lon="-3.858341683" /><trkpt lat="53.091315197" lon="-3.858323446" /><trkpt lat="53.091320559" lon="-3.858305072" /><trkpt lat="53.091325967" lon="-3.858286580" /><trkpt lat="53.091331420" lon="-3.858267985" /><trkpt lat="53.091336914" lon="-3.858249306" /><trkpt lat="53.091342445" lon="-3.858230559" /><trkpt lat="53.091348012" lon="-3.858211761" /><trkpt lat="53.091353610" lon="-3.858192930" /><trkpt lat="53.091359238" lon="-3.858174083" /><trkpt lat="53.091364891" lon="-3.858155237" /><trkpt lat="53.091370567" lon="-3.858136409" /><trkpt lat="53.091376263" lon="-3.858117616" /><trkpt lat="53.091381976" lon="-3.858098875" /><trkpt lat="53.091387703" lon="-3.858080204" /><trkpt lat="53.091393440" lon="-3.858061620" /><trkpt lat="53.091399185" lon="-3.858043139" /><trkpt lat="53.091404934" lon="-3.858024780" /><trkpt lat="53.091410685" lon="-3.858006558" /><trkpt lat="53.091416435" lon="-3.857988492" /><trkpt lat="53.091422181" lon="-3.857970599" /><trkpt lat="53.091427919" lon="-3.857952895" /><trkpt lat="53.091433646" lon="-3.857935398" /><trkpt lat="53.091439360" lon="-3.857918124" /><trkpt lat="53.091445057" lon="-3.857901092" /><trkpt lat="53.091450735" lon="-3.857884318" /><trkpt lat="53.091456390" lon="-3.857867819" /><trkpt lat="53.091462020" lon="-3.857851613" /><trkpt lat="53.091467621" lon="-3.857835716" /><trkpt lat="53.091473190" lon="-3.857820146" /><trkpt lat="53.091478724" lon="-3.857804920" /><trkpt lat="53.091484221" lon="-3.857790055" /><trkpt lat="53.091489677" lon="-3.857775569" /><trkpt lat="53.091495089" lon="-3.857761478" /><trkpt lat="53.091500454" lon="-3.857747799" /><trkpt lat="53.091505770" lon="-3.857734550" /><trkpt lat="53.091511032" lon="-3.857721748" /><trkpt lat="53.091517711" lon="-3.857705848" /><trkpt lat="53.091524516" lon="-3.857689913" /><trkpt lat="53.091531438" lon="-3.857673944" /><trkpt lat="53.091538469" lon="-3.857657942" /><trkpt lat="53.091545600" lon="-3.857641910" /><trkpt lat="53.091552823" lon="-3.857625850" /><trkpt lat="53.091560129" lon="-3.857609762" /><trkpt lat="53.091567508" lon="-3.857593648" /><trkpt lat="53.091574954" lon="-3.857577511" /><trkpt lat="53.091582455" lon="-3.857561351" /><trkpt lat="53.091590005" lon="-3.857545171" /><trkpt lat="53.091597594" lon="-3.857528972" /><trkpt lat="53.091605214" lon="-3.857512756" /><trkpt lat="53.091612856" lon="-3.857496524" /><trkpt lat="53.091620511" lon="-3.857480278" /><trkpt lat="53.091628171" lon="-3.857464020" /><trkpt lat="53.091635826" lon="-3.857447751" /><trkpt lat="53.091643469" lon="-3.857431474" /><trkpt lat="53.091651091" lon="-3.857415189" /><trkpt lat="53.091658682" lon="-3.857398899" /><trkpt lat="53.091666235" lon="-3.857382605" /><trkpt lat="53.091673740" lon="-3.857366309" /><trkpt lat="53.091681189" lon="-3.857350012" /><trkpt lat="53.091688573" lon="-3.857333716" /><trkpt lat="53.091695883" lon="-3.857317423" /><trkpt lat="53.091703112" lon="-3.857301134" /><trkpt lat="53.091710249" lon="-3.857284852" /><trkpt lat="53.091717287" lon="-3.857268577" /><trkpt lat="53.091724216" lon="-3.857252311" /><trkpt lat="53.091731029" lon="-3.857236057" /><trkpt lat="53.091737716" lon="-3.857219815" /><trkpt lat="53.091744268" lon="-3.857203588" /><trkpt lat="53.091750678" lon="-3.857187377" /><trkpt lat="53.091756936" lon="-3.857171183" /><trkpt lat="53.091763033" lon="-3.857155009" /><trkpt lat="53.091768961" lon="-3.857138856" /><trkpt lat="53.091774712" lon="-3.857122726" /><trkpt lat="53.091780276" lon="-3.857106620" /><trkpt lat="53.091784688" lon="-3.857093449" /><trkpt lat="53.091789083" lon="-3.857079967" /><trkpt lat="53.091793464" lon="-3.857066181" /><trkpt lat="53.091797833" lon="-3.857052102" /><trkpt lat="53.091802191" lon="-3.857037739" /><trkpt lat="53.091806542" lon="-3.857023100" /><trkpt lat="53.091810887" lon="-3.857008195" /><trkpt lat="53.091815228" lon="-3.856993033" /><trkpt lat="53.091819568" lon="-3.856977623" /><trkpt lat="53.091823909" lon="-3.856961975" /><trkpt lat="53.091828254" lon="-3.856946097" /><trkpt lat="53.091832603" lon="-3.856929999" /><trkpt lat="53.091836960" lon="-3.856913690" /><trkpt lat="53.091841327" lon="-3.856897179" /><trkpt lat="53.091845706" lon="-3.856880475" /><trkpt lat="53.091850099" lon="-3.856863588" /><trkpt lat="53.091854508" lon="-3.856846526" /><trkpt lat="53.091858935" lon="-3.856829299" /><trkpt lat="53.091863384" lon="-3.856811915" /><trkpt lat="53.091867855" lon="-3.856794385" /><trkpt lat="53.091872351" lon="-3.856776718" /><trkpt lat="53.091876875" lon="-3.856758921" /><trkpt lat="53.091881428" lon="-3.856741005" /><trkpt lat="53.091886013" lon="-3.856722979" /><trkpt lat="53.091890632" lon="-3.856704852" /><trkpt lat="53.091895287" lon="-3.856686633" /><trkpt lat="53.091899980" lon="-3.856668332" /><trkpt lat="53.091904714" lon="-3.856649957" /><trkpt lat="53.091909491" lon="-3.856631517" /><trkpt lat="53.091914312" lon="-3.856613022" /><trkpt lat="53.091919181" lon="-3.856594481" /><trkpt lat="53.091924098" lon="-3.856575904" /><trkpt lat="53.091929068" lon="-3.856557299" /><trkpt lat="53.091934091" lon="-3.856538675" /><trkpt lat="53.091939170" lon="-3.856520042" /><trkpt lat="53.091944307" lon="-3.856501408" /><trkpt lat="53.091949504" lon="-3.856482784" /><trkpt lat="53.091954764" lon="-3.856464178" /><trkpt lat="53.091960088" lon="-3.856445599" /><trkpt lat="53.091965480" lon="-3.856427057" /><trkpt lat="53.091970940" lon="-3.856408560" /><trkpt lat="53.091976472" lon="-3.856390118" /><trkpt lat="53.091982078" lon="-3.856371741" /><trkpt lat="53.091987759" lon="-3.856353436" /><trkpt lat="53.091993518" lon="-3.856335214" /><trkpt lat="53.091999357" lon="-3.856317083" /><trkpt lat="53.092005278" lon="-3.856299053" /><trkpt lat="53.092011557" lon="-3.856280364" /><trkpt lat="53.092017935" lon="-3.856261844" /><trkpt lat="53.092024410" lon="-3.856243489" /><trkpt lat="53.092030977" lon="-3.856225296" /><trkpt lat="53.092037635" lon="-3.856207260" /><trkpt lat="53.092044380" lon="-3.856189379" /><trkpt lat="53.092051209" lon="-3.856171648" /><trkpt lat="53.092058119" lon="-3.856154063" /><trkpt lat="53.092065107" lon="-3.856136621" /><trkpt lat="53.092072169" lon="-3.856119317" /><trkpt lat="53.092079304" lon="-3.856102149" /><trkpt lat="53.092086507" lon="-3.856085112" /><trkpt lat="53.092093775" lon="-3.856068202" /><trkpt lat="53.092101107" lon="-3.856051416" /><trkpt lat="53.092108497" lon="-3.856034749" /><trkpt lat="53.092115944" lon="-3.856018199" /><trkpt lat="53.092123445" lon="-3.856001760" /><trkpt lat="53.092130995" lon="-3.855985430" /><trkpt lat="53.092138593" lon="-3.855969205" /><trkpt lat="53.092146235" lon="-3.855953080" /><trkpt lat="53.092153918" lon="-3.855937052" /><trkpt lat="53.092161639" lon="-3.855921118" /><trkpt lat="53.092169395" lon="-3.855905272" /><trkpt lat="53.092177183" lon="-3.855889512" /><trkpt lat="53.092185000" lon="-3.855873834" /><trkpt lat="53.092192842" lon="-3.855858234" /><trkpt lat="53.092200708" lon="-3.855842708" /><trkpt lat="53.092208592" lon="-3.855827252" /><trkpt lat="53.092216494" lon="-3.855811863" /><trkpt lat="53.092224408" lon="-3.855796536" /><trkpt lat="53.092232334" lon="-3.855781269" /><trkpt lat="53.092240266" lon="-3.855766056" /><trkpt lat="53.092248203" lon="-3.855750894" /><trkpt lat="53.092256141" lon="-3.855735780" /><trkpt lat="53.092264077" lon="-3.855720710" /><trkpt lat="53.092272008" lon="-3.855705680" /><trkpt lat="53.092279931" lon="-3.855690685" /><trkpt lat="53.092287843" lon="-3.855675723" /><trkpt lat="53.092295741" lon="-3.855660789" /><trkpt lat="53.092303622" lon="-3.855645880" /><trkpt lat="53.092311483" lon="-3.855630992" /><trkpt lat="53.092319320" lon="-3.855616121" /><trkpt lat="53.092327131" lon="-3.855601263" /><trkpt lat="53.092334912" lon="-3.855586414" /><trkpt lat="53.092342661" lon="-3.855571571" /><trkpt lat="53.092354163" lon="-3.855549875" /><trkpt lat="53.092365483" lon="-3.855529287" /><trkpt lat="53.092376628" lon="-3.855509770" /><trkpt lat="53.092387611" lon="-3.855491289" /><trkpt lat="53.092398440" lon="-3.855473807" /><trkpt lat="53.092409127" lon="-3.855457288" /><trkpt lat="53.092419680" lon="-3.855441694" /><trkpt lat="53.092430110" lon="-3.855426991" /><trkpt lat="53.092440426" lon="-3.855413141" /><trkpt lat="53.092450640" lon="-3.855400108" /><trkpt lat="53.092460761" lon="-3.855387857" /><trkpt lat="53.092470798" lon="-3.855376349" /><trkpt lat="53.092480763" lon="-3.855365550" /><trkpt lat="53.092490665" lon="-3.855355422" /><trkpt lat="53.092500513" lon="-3.855345930" /><trkpt lat="53.092510319" lon="-3.855337037" /><trkpt lat="53.092520092" lon="-3.855328707" /><trkpt lat="53.092529841" lon="-3.855320902" /><trkpt lat="53.092539578" lon="-3.855313588" /><trkpt lat="53.092549312" lon="-3.855306728" /><trkpt lat="53.092559054" lon="-3.855300284" /><trkpt lat="53.092568812" lon="-3.855294222" /><trkpt lat="53.092578598" lon="-3.855288504" /><trkpt lat="53.092588420" lon="-3.855283094" /><trkpt lat="53.092598291" lon="-3.855277956" /><trkpt lat="53.092608218" lon="-3.855273053" /><trkpt lat="53.092618213" lon="-3.855268350" /><trkpt lat="53.092628284" lon="-3.855263809" /><trkpt lat="53.092638444" lon="-3.855259395" /><trkpt lat="53.092648700" lon="-3.855255070" /><trkpt lat="53.092658702" lon="-3.855250878" /><trkpt lat="53.092668121" lon="-3.855246867" /><trkpt lat="53.092677002" lon="-3.855243011" /><trkpt lat="53.092685391" lon="-3.855239285" /><trkpt lat="53.092693335" lon="-3.855235662" /><trkpt lat="53.092700880" lon="-3.855232119" /><trkpt lat="53.092708070" lon="-3.855228627" /><trkpt lat="53.092714953" lon="-3.855225163" /><trkpt lat="53.092721573" lon="-3.855221699" /><trkpt lat="53.092727977" lon="-3.855218211" /><trkpt lat="53.092734211" lon="-3.855214673" /><trkpt lat="53.092740320" lon="-3.855211059" /><trkpt lat="53.092746351" lon="-3.855207343" /><trkpt lat="53.092752349" lon="-3.855203500" /><trkpt lat="53.092758360" lon="-3.855199504" /><trkpt lat="53.092764431" lon="-3.855195328" /><trkpt lat="53.092770606" lon="-3.855190949" /><trkpt lat="53.092776932" lon="-3.855186339" /><trkpt lat="53.092783455" lon="-3.855181473" /><trkpt lat="53.092790220" lon="-3.855176325" /><trkpt lat="53.092797274" lon="-3.855170870" /><trkpt lat="53.092804662" lon="-3.855165082" /><trkpt lat="53.092812430" lon="-3.855158936" /><trkpt lat="53.092820625" lon="-3.855152405" /><trkpt lat="53.092829291" lon="-3.855145463" /><trkpt lat="53.092838476" lon="-3.855138086" /><trkpt lat="53.092848224" lon="-3.855130247" /><trkpt lat="53.092858581" lon="-3.855121921" /><trkpt lat="53.092869594" lon="-3.855113082" /><trkpt lat="53.092881309" lon="-3.855103704" /><trkpt lat="53.092890218" lon="-3.855096581" /><trkpt lat="53.092899670" lon="-3.855089016" /><trkpt lat="53.092909638" lon="-3.855081024" /><trkpt lat="53.092920094" lon="-3.855072619" /><trkpt lat="53.092931013" lon="-3.855063815" /><trkpt lat="53.092942366" lon="-3.855054626" /><trkpt lat="53.092954127" lon="-3.855045068" /><trkpt lat="53.092966268" lon="-3.855035153" /><trkpt lat="53.092978764" lon="-3.855024897" /><trkpt lat="53.092991586" lon="-3.855014314" /><trkpt lat="53.093004708" lon="-3.855003418" /><trkpt lat="53.093018102" lon="-3.854992224" /><trkpt lat="53.093031743" lon="-3.854980745" /><trkpt lat="53.093045602" lon="-3.854968997" /><trkpt lat="53.093059653" lon="-3.854956993" /><trkpt lat="53.093073868" lon="-3.854944749" /><trkpt lat="53.093088221" lon="-3.854932277" /><trkpt lat="53.093102686" lon="-3.854919593" /><trkpt lat="53.093117233" lon="-3.854906711" /><trkpt lat="53.093131838" lon="-3.854893645" /><trkpt lat="53.093146472" lon="-3.854880410" /><trkpt lat="53.093161109" lon="-3.854867019" /><trkpt lat="53.093175722" lon="-3.854853488" /><trkpt lat="53.093190284" lon="-3.854839830" /><trkpt lat="53.093204767" lon="-3.854826061" /><trkpt lat="53.093219145" lon="-3.854812193" /><trkpt lat="53.093233391" lon="-3.854798242" /><trkpt lat="53.093247477" lon="-3.854784223" /><trkpt lat="53.093261377" lon="-3.854770148" /><trkpt lat="53.093275064" lon="-3.854756033" /><trkpt lat="53.093288511" lon="-3.854741892" /><trkpt lat="53.093301690" lon="-3.854727739" /><trkpt lat="53.093314575" lon="-3.854713589" /><trkpt lat="53.093327139" lon="-3.854699455" /><trkpt lat="53.093339354" lon="-3.854685353" /><trkpt lat="53.093351194" lon="-3.854671297" /><trkpt lat="53.093362632" lon="-3.854657301" /><trkpt lat="53.093373641" lon="-3.854643378" /><trkpt lat="53.093384193" lon="-3.854629545" /><trkpt lat="53.093394262" lon="-3.854615814" /><trkpt lat="53.093403821" lon="-3.854602201" /><trkpt lat="53.093412843" lon="-3.854588719" /><trkpt lat="53.093420916" lon="-3.854576123" /><trkpt lat="53.093428819" lon="-3.854563367" /><trkpt lat="53.093436561" lon="-3.854550452" /><trkpt lat="53.093444148" lon="-3.854537376" /><trkpt lat="53.093451589" lon="-3.854524139" /><trkpt lat="53.093458891" lon="-3.854510741" /><trkpt lat="53.093466063" lon="-3.854497180" /><trkpt lat="53.093473113" lon="-3.854483458" /><trkpt lat="53.093480048" lon="-3.854469572" /><trkpt lat="53.093486876" lon="-3.854455522" /><trkpt lat="53.093493606" lon="-3.854441309" /><trkpt lat="53.093500244" lon="-3.854426930" /><trkpt lat="53.093506800" lon="-3.854412387" /><trkpt lat="53.093513280" lon="-3.854397678" /><trkpt lat="53.093519693" lon="-3.854382802" /><trkpt lat="53.093526047" lon="-3.854367760" /><trkpt lat="53.093532350" lon="-3.854352550" /><trkpt lat="53.093538609" lon="-3.854337172" /><trkpt lat="53.093544832" lon="-3.854321626" /><trkpt lat="53.093551028" lon="-3.854305911" /><trkpt lat="53.093557204" lon="-3.854290027" /><trkpt lat="53.093563369" lon="-3.854273972" /><trkpt lat="53.093569529" lon="-3.854257747" /><trkpt lat="53.093575693" lon="-3.854241350" /><trkpt lat="53.093581869" lon="-3.854224782" /><trkpt lat="53.093588065" lon="-3.854208042" /><trkpt lat="53.093594288" lon="-3.854191129" /><trkpt lat="53.093600548" lon="-3.854174042" /><trkpt lat="53.093606850" lon="-3.854156782" /><trkpt lat="53.093613204" lon="-3.854139348" /><trkpt lat="53.093619617" lon="-3.854121738" /><trkpt lat="53.093626098" lon="-3.854103953" /><trkpt lat="53.093632653" lon="-3.854085993" /><trkpt lat="53.093639292" lon="-3.854067855" /><trkpt lat="53.093646021" lon="-3.854049541" /><trkpt lat="53.093652849" lon="-3.854031049" /><trkpt lat="53.093659784" lon="-3.854012379" /><trkpt lat="53.093666834" lon="-3.853993530" /><trkpt lat="53.093674006" lon="-3.853974502" /><trkpt lat="53.093681308" lon="-3.853955294" /><trkpt lat="53.093688749" lon="-3.853935906" /><trkpt lat="53.093696336" lon="-3.853916337" /><trkpt lat="53.093704077" lon="-3.853896587" /><trkpt lat="53.093711981" lon="-3.853876655" /><trkpt lat="53.093720054" lon="-3.853856540" /><trkpt lat="53.093727401" lon="-3.853838338" /><trkpt lat="53.093734750" lon="-3.853820105" /><trkpt lat="53.093742101" lon="-3.853801849" /><trkpt lat="53.093749449" lon="-3.853783575" /><trkpt lat="53.093756793" lon="-3.853765290" /><trkpt lat="53.093764130" lon="-3.853747001" /><trkpt lat="53.093771458" lon="-3.853728713" /><trkpt lat="53.093778775" lon="-3.853710433" /><trkpt lat="53.093786078" lon="-3.853692168" /><trkpt lat="53.093793365" lon="-3.853673923" /><trkpt lat="53.093800633" lon="-3.853655705" /><trkpt lat="53.093807880" lon="-3.853637521" /><trkpt lat="53.093815104" lon="-3.853619376" /><trkpt lat="53.093822302" lon="-3.853601278" /><trkpt lat="53.093829473" lon="-3.853583232" /><trkpt lat="53.093836613" lon="-3.853565245" /><trkpt lat="53.093843720" lon="-3.853547323" /><trkpt lat="53.093850792" lon="-3.853529472" /><trkpt lat="53.093857826" lon="-3.853511699" /><trkpt lat="53.093864821" lon="-3.853494011" /><trkpt lat="53.093871773" lon="-3.853476413" /><trkpt lat="53.093878681" lon="-3.853458912" /><trkpt lat="53.093885542" lon="-3.853441514" /><trkpt lat="53.093892353" lon="-3.853424226" /><trkpt lat="53.093899113" lon="-3.853407054" /><trkpt lat="53.093905818" lon="-3.853390004" /><trkpt lat="53.093912467" lon="-3.853373083" /><trkpt lat="53.093919057" lon="-3.853356297" /><trkpt lat="53.093925586" lon="-3.853339652" /><trkpt lat="53.093932051" lon="-3.853323155" /><trkpt lat="53.093938451" lon="-3.853306812" /><trkpt lat="53.093944781" lon="-3.853290629" /><trkpt lat="53.093951042" lon="-3.853274613" /><trkpt lat="53.093957229" lon="-3.853258771" /><trkpt lat="53.093963340" lon="-3.853243107" /><trkpt lat="53.093969374" lon="-3.853227630" /><trkpt lat="53.093975328" lon="-3.853212345" /><trkpt lat="53.093981199" lon="-3.853197258" /><trkpt lat="53.093986985" lon="-3.853182376" /><trkpt lat="53.093992684" lon="-3.853167705" /><trkpt lat="53.093998293" lon="-3.853153252" /><trkpt lat="53.094003810" lon="-3.853139022" /><trkpt lat="53.094009232" lon="-3.853125023" /><trkpt lat="53.094014558" lon="-3.853111261" /><trkpt lat="53.094019784" lon="-3.853097742" /><trkpt lat="53.094024909" lon="-3.853084471" /><trkpt lat="53.094029931" lon="-3.853071457" /><trkpt lat="53.094034845" lon="-3.853058704" /><trkpt lat="53.094039651" lon="-3.853046220" /><trkpt lat="53.094044346" lon="-3.853034011" /><trkpt lat="53.094048965" lon="-3.853021668" /><trkpt lat="53.094053543" lon="-3.853008794" /><trkpt lat="53.094058080" lon="-3.852995408" /><trkpt lat="53.094062575" lon="-3.852981529" /><trkpt lat="53.094067027" lon="-3.852967179" /><trkpt lat="53.094071436" lon="-3.852952376" /><trkpt lat="53.094075800" lon="-3.852937140" /><trkpt lat="53.094080120" lon="-3.852921493" /><trkpt lat="53.094084394" lon="-3.852905452" /><trkpt lat="53.094088622" lon="-3.852889038" /><trkpt lat="53.094092802" lon="-3.852872272" /><trkpt lat="53.094096935" lon="-3.852855173" /><trkpt lat="53.094101019" lon="-3.852837760" /><trkpt lat="53.094105054" lon="-3.852820054" /><trkpt lat="53.094109039" lon="-3.852802075" /><trkpt lat="53.094112973" lon="-3.852783842" /><trkpt lat="53.094116856" lon="-3.852765376" /><trkpt lat="53.094120687" lon="-3.852746696" /><trkpt lat="53.094124464" lon="-3.852727822" /><trkpt lat="53.094128188" lon="-3.852708774" /><trkpt lat="53.094131858" lon="-3.852689571" /><trkpt lat="53.094135473" lon="-3.852670235" /><trkpt lat="53.094139032" lon="-3.852650784" /><trkpt lat="53.094142534" lon="-3.852631239" /><trkpt lat="53.094145979" lon="-3.852611619" /><trkpt lat="53.094149366" lon="-3.852591945" /><trkpt lat="53.094152694" lon="-3.852572235" /><trkpt lat="53.094155963" lon="-3.852552511" /><trkpt lat="53.094159172" lon="-3.852532791" /><trkpt lat="53.094162320" lon="-3.852513097" /><trkpt lat="53.094165406" lon="-3.852493447" /><trkpt lat="53.094168430" lon="-3.852473862" /><trkpt lat="53.094171391" lon="-3.852454361" /><trkpt lat="53.094174288" lon="-3.852434964" /><trkpt lat="53.094177121" lon="-3.852415692" /><trkpt lat="53.094179888" lon="-3.852396563" /><trkpt lat="53.094182589" lon="-3.852377599" /><trkpt lat="53.094185224" lon="-3.852358818" /><trkpt lat="53.094187791" lon="-3.852340242" /><trkpt lat="53.094190290" lon="-3.852321889" /><trkpt lat="53.094192720" lon="-3.852303779" /><trkpt lat="53.094195081" lon="-3.852285933" /><trkpt lat="53.094197371" lon="-3.852268370" /><trkpt lat="53.094199590" lon="-3.852251110" /><trkpt lat="53.094201737" lon="-3.852234173" /><trkpt lat="53.094203812" lon="-3.852217579" /><trkpt lat="53.094205814" lon="-3.852201347" /><trkpt lat="53.094207741" lon="-3.852185499" /><trkpt lat="53.094209594" lon="-3.852170053" /><trkpt lat="53.094211372" lon="-3.852155029" /><trkpt lat="53.094214438" lon="-3.852130877" /><trkpt lat="53.094217836" lon="-3.852107753" /><trkpt lat="53.094221561" lon="-3.852085624" /><trkpt lat="53.094225607" lon="-3.852064460" /><trkpt lat="53.094229970" lon="-3.852044227" /><trkpt lat="53.094234644" lon="-3.852024894" /><trkpt lat="53.094239626" lon="-3.852006430" /><trkpt lat="53.094244910" lon="-3.851988801" /><trkpt lat="53.094250491" lon="-3.851971978" /><trkpt lat="53.094256364" lon="-3.851955926" /><trkpt lat="53.094262525" lon="-3.851940615" /><trkpt lat="53.094268969" lon="-3.851926013" /><trkpt lat="53.094275690" lon="-3.851912088" /><trkpt lat="53.094282684" lon="-3.851898808" /><trkpt lat="53.094289946" lon="-3.851886140" /><trkpt lat="53.094297471" lon="-3.851874054" /><trkpt lat="53.094305254" lon="-3.851862517" /><trkpt lat="53.094313291" lon="-3.851851498" /><trkpt lat="53.094321576" lon="-3.851840964" /><trkpt lat="53.094330104" lon="-3.851830883" /><trkpt lat="53.094338871" lon="-3.851821224" /><trkpt lat="53.094347873" lon="-3.851811955" /><trkpt lat="53.094357102" lon="-3.851803044" /><trkpt lat="53.094366556" lon="-3.851794459" /><trkpt lat="53.094376230" lon="-3.851786168" /><trkpt lat="53.094386117" lon="-3.851778139" /><trkpt lat="53.094396214" lon="-3.851770341" /><trkpt lat="53.094406515" lon="-3.851762741" /><trkpt lat="53.094417016" lon="-3.851755308" /><trkpt lat="53.094427712" lon="-3.851748009" /><trkpt lat="53.094438492" lon="-3.851740784" /><trkpt lat="53.094449251" lon="-3.851733592" /><trkpt lat="53.094459986" lon="-3.851726428" /><trkpt lat="53.094470698" lon="-3.851719289" /><trkpt lat="53.094481385" lon="-3.851712171" /><trkpt lat="53.094492048" lon="-3.851705072" /><trkpt lat="53.094502685" lon="-3.851697987" /><trkpt lat="53.094513295" lon="-3.851690912" /><trkpt lat="53.094523878" lon="-3.851683845" /><trkpt lat="53.094534433" lon="-3.851676781" /><trkpt lat="53.094544959" lon="-3.851669717" /><trkpt lat="53.094555456" lon="-3.851662650" /><trkpt lat="53.094565923" lon="-3.851655576" /><trkpt lat="53.094576359" lon="-3.851648490" /><trkpt lat="53.094586764" lon="-3.851641391" /><trkpt lat="53.094597137" lon="-3.851634274" /><trkpt lat="53.094607476" lon="-3.851627135" /><trkpt lat="53.094617782" lon="-3.851619971" /><trkpt lat="53.094628054" lon="-3.851612779" /><trkpt lat="53.094638290" lon="-3.851605554" /><trkpt lat="53.094648491" lon="-3.851598293" /><trkpt lat="53.094658655" lon="-3.851590994" /><trkpt lat="53.094668782" lon="-3.851583651" /><trkpt lat="53.094678871" lon="-3.851576262" /><trkpt lat="53.094688921" lon="-3.851568823" /><trkpt lat="53.094698932" lon="-3.851561330" /><trkpt lat="53.094708903" lon="-3.851553779" /><trkpt lat="53.094718833" lon="-3.851546169" /><trkpt lat="53.094728722" lon="-3.851538493" /><trkpt lat="53.094738568" lon="-3.851530750" /><trkpt lat="53.094748247" lon="-3.851522767" /><trkpt lat="53.094757644" lon="-3.851514369" /><trkpt lat="53.094766775" lon="-3.851505544" /><trkpt lat="53.094775657" lon="-3.851496282" /><trkpt lat="53.094784304" lon="-3.851486573" /><trkpt lat="53.094792734" lon="-3.851476407" /><trkpt lat="53.094800961" lon="-3.851465772" /><trkpt lat="53.094809002" lon="-3.851454657" /><trkpt lat="53.094816873" lon="-3.851443054" /><trkpt lat="53.094824589" lon="-3.851430950" /><trkpt lat="53.094832166" lon="-3.851418336" /><trkpt lat="53.094839621" lon="-3.851405201" /><trkpt lat="53.094846969" lon="-3.851391534" /><trkpt lat="53.094854226" lon="-3.851377325" /><trkpt lat="53.094861409" lon="-3.851362563" /><trkpt lat="53.094868532" lon="-3.851347238" /><trkpt lat="53.094875612" lon="-3.851331339" /><trkpt lat="53.094882665" lon="-3.851314856" /><trkpt lat="53.094889706" lon="-3.851297778" /><trkpt lat="53.094896752" lon="-3.851280094" /><trkpt lat="53.094903819" lon="-3.851261795" /><trkpt lat="53.094910921" lon="-3.851242869" /><trkpt lat="53.094918077" lon="-3.851223306" /><trkpt lat="53.094925300" lon="-3.851203095" /><trkpt lat="53.094932607" lon="-3.851182226" /><trkpt lat="53.094940014" lon="-3.851160689" /><trkpt lat="53.094947537" lon="-3.851138472" /><trkpt lat="53.094955192" lon="-3.851115566" /><trkpt lat="53.094962995" lon="-3.851091959" /><trkpt lat="53.094970961" lon="-3.851067642" /><trkpt lat="53.094977683" lon="-3.851047331" /><trkpt lat="53.094984427" lon="-3.851027507" /><trkpt lat="53.094991188" lon="-3.851008147" /><trkpt lat="53.094997963" lon="-3.850989226" /><trkpt lat="53.095004748" lon="-3.850970719" /><trkpt lat="53.095011541" lon="-3.850952601" /><trkpt lat="53.095018338" lon="-3.850934848" /><trkpt lat="53.095025134" lon="-3.850917434" /><trkpt lat="53.095031928" lon="-3.850900336" /><trkpt lat="53.095038716" lon="-3.850883529" /><trkpt lat="53.095045493" lon="-3.850866987" /><trkpt lat="53.095052257" lon="-3.850850687" /><trkpt lat="53.095059004" lon="-3.850834602" /><trkpt lat="53.095065731" lon="-3.850818710" /><trkpt lat="53.095072435" lon="-3.850802985" /><trkpt lat="53.095079112" lon="-3.850787402" /><trkpt lat="53.095085758" lon="-3.850771937" /><trkpt lat="53.095092370" lon="-3.850756565" /><trkpt lat="53.095098945" lon="-3.850741261" /><trkpt lat="53.095105479" lon="-3.850726000" /><trkpt lat="53.095111969" lon="-3.850710759" /><trkpt lat="53.095118412" lon="-3.850695512" /><trkpt lat="53.095124803" lon="-3.850680234" /><trkpt lat="53.095131140" lon="-3.850664901" /><trkpt lat="53.095137420" lon="-3.850649489" /><trkpt lat="53.095143638" lon="-3.850633971" /><trkpt lat="53.095149791" lon="-3.850618325" /><trkpt lat="53.095155877" lon="-3.850602524" /><trkpt lat="53.095161891" lon="-3.850586545" /><trkpt lat="53.095167830" lon="-3.850570363" /><trkpt lat="53.095173690" lon="-3.850553952" /><trkpt lat="53.095179469" lon="-3.850537289" /><trkpt lat="53.095185163" lon="-3.850520349" /><trkpt lat="53.095190768" lon="-3.850503106" /><trkpt lat="53.095196281" lon="-3.850485537" /><trkpt lat="53.095201699" lon="-3.850467616" /><trkpt lat="53.095206402" lon="-3.850451222" /><trkpt lat="53.095210850" lon="-3.850434636" /><trkpt lat="53.095215049" lon="-3.850417869" /><trkpt lat="53.095219002" lon="-3.850400931" /><trkpt lat="53.095222714" lon="-3.850383833" /><trkpt lat="53.095226190" lon="-3.850366584" /><trkpt lat="53.095229435" lon="-3.850349195" /><trkpt lat="53.095232454" lon="-3.850331676" /><trkpt lat="53.095235250" lon="-3.850314038" /><trkpt lat="53.095237829" lon="-3.850296292" /><trkpt lat="53.095240195" lon="-3.850278446" /><trkpt lat="53.095242353" lon="-3.850260513" /><trkpt lat="53.095244308" lon="-3.850242502" /><trkpt lat="53.095246064" lon="-3.850224423" /><trkpt lat="53.095247626" lon="-3.850206287" /><trkpt lat="53.095248999" lon="-3.850188105" /><trkpt lat="53.095250187" lon="-3.850169886" /><trkpt lat="53.095251195" lon="-3.850151641" /><trkpt lat="53.095252027" lon="-3.850133380" /><trkpt lat="53.095252689" lon="-3.850115114" /><trkpt lat="53.095253184" lon="-3.850096853" /><trkpt lat="53.095253518" lon="-3.850078607" /><trkpt lat="53.095253695" lon="-3.850060387" /><trkpt lat="53.095253721" lon="-3.850042204" /><trkpt lat="53.095253598" lon="-3.850024066" /><trkpt lat="53.095253333" lon="-3.850005986" /><trkpt lat="53.095252930" lon="-3.849987973" /><trkpt lat="53.095252394" lon="-3.849970037" /><trkpt lat="53.095251728" lon="-3.849952189" /><trkpt lat="53.095250938" lon="-3.849934439" /><trkpt lat="53.095250029" lon="-3.849916798" /><trkpt lat="53.095249005" lon="-3.849899276" /><trkpt lat="53.095247871" lon="-3.849881883" /><trkpt lat="53.095246632" lon="-3.849864630" /><trkpt lat="53.095245291" lon="-3.849847527" /><trkpt lat="53.095243855" lon="-3.849830584" /><trkpt lat="53.095242326" lon="-3.849813812" /><trkpt lat="53.095240711" lon="-3.849797221" /><trkpt lat="53.095239014" lon="-3.849780822" /><trkpt lat="53.095237239" lon="-3.849764624" /><trkpt lat="53.095235702" lon="-3.849750150" /><trkpt lat="53.095234309" lon="-3.849735348" /><trkpt lat="53.095233056" lon="-3.849720231" /><trkpt lat="53.095231940" lon="-3.849704811" /><trkpt lat="53.095230956" lon="-3.849689103" /><trkpt lat="53.095230101" lon="-3.849673119" /><trkpt lat="53.095229371" lon="-3.849656873" /><trkpt lat="53.095228763" lon="-3.849640378" /><trkpt lat="53.095228271" lon="-3.849623647" /><trkpt lat="53.095227894" lon="-3.849606694" /><trkpt lat="53.095227626" lon="-3.849589531" /><trkpt lat="53.095227464" lon="-3.849572173" /><trkpt lat="53.095227404" lon="-3.849554631" /><trkpt lat="53.095227443" lon="-3.849536920" /><trkpt lat="53.095227576" lon="-3.849519053" /><trkpt lat="53.095227799" lon="-3.849501043" /><trkpt lat="53.095228110" lon="-3.849482903" /><trkpt lat="53.095228503" lon="-3.849464646" /><trkpt lat="53.095228976" lon="-3.849446286" /><trkpt lat="53.095229524" lon="-3.849427836" /><trkpt lat="53.095230144" lon="-3.849409309" /><trkpt lat="53.095230832" lon="-3.849390719" /><trkpt lat="53.095231583" lon="-3.849372078" /><trkpt lat="53.095232395" lon="-3.849353400" /><trkpt lat="53.095233263" lon="-3.849334698" /><trkpt lat="53.095234183" lon="-3.849315986" /><trkpt lat="53.095235152" lon="-3.849297276" /><trkpt lat="53.095236166" lon="-3.849278582" /><trkpt lat="53.095237221" lon="-3.849259918" /><trkpt lat="53.095238313" lon="-3.849241296" /><trkpt lat="53.095239439" lon="-3.849222729" /><trkpt lat="53.095240594" lon="-3.849204231" /><trkpt lat="53.095241775" lon="-3.849185816" /><trkpt lat="53.095242978" lon="-3.849167495" /><trkpt lat="53.095244199" lon="-3.849149284" /><trkpt lat="53.095245434" lon="-3.849131194" /><trkpt lat="53.095246680" lon="-3.849113239" /><trkpt lat="53.095247933" lon="-3.849095433" /><trkpt lat="53.095249188" lon="-3.849077788" /><trkpt lat="53.095250443" lon="-3.849060318" /><trkpt lat="53.095251692" lon="-3.849043036" /><trkpt lat="53.095252933" lon="-3.849025956" /><trkpt lat="53.095254162" lon="-3.849009090" /><trkpt lat="53.095255375" lon="-3.848992452" /><trkpt lat="53.095256567" lon="-3.848976055" /><trkpt lat="53.095258199" lon="-3.848955849" /><trkpt lat="53.095260137" lon="-3.848935908" /><trkpt lat="53.095262370" lon="-3.848916225" /><trkpt lat="53.095264889" lon="-3.848896792" /><trkpt lat="53.095267683" lon="-3.848877602" /><trkpt lat="53.095270743" lon="-3.848858647" /><trkpt lat="53.095274060" lon="-3.848839922" /><trkpt lat="53.095277622" lon="-3.848821418" /><trkpt lat="53.095281422" lon="-3.848803128" /><trkpt lat="53.095285447" lon="-3.848785046" /><trkpt lat="53.095289689" lon="-3.848767164" /><trkpt lat="53.095294138" lon="-3.848749475" /><trkpt lat="53.095298785" lon="-3.848731971" /><trkpt lat="53.095303618" lon="-3.848714647" /><trkpt lat="53.095308629" lon="-3.848697493" /><trkpt lat="53.095313807" lon="-3.848680504" /><trkpt lat="53.095319142" lon="-3.848663672" /><trkpt lat="53.095324626" lon="-3.848646990" /><trkpt lat="53.095330247" lon="-3.848630451" /><trkpt lat="53.095335997" lon="-3.848614048" /><trkpt lat="53.095341865" lon="-3.848597773" /><trkpt lat="53.095347841" lon="-3.848581619" /><trkpt lat="53.095353916" lon="-3.848565580" /><trkpt lat="53.095360079" lon="-3.848549647" /><trkpt lat="53.095366322" lon="-3.848533814" /><trkpt lat="53.095372633" lon="-3.848518074" /><trkpt lat="53.095379004" lon="-3.848502420" /><trkpt lat="53.095385424" lon="-3.848486844" /><trkpt lat="53.095391884" lon="-3.848471338" /><trkpt lat="53.095398373" lon="-3.848455897" /><trkpt lat="53.095404882" lon="-3.848440513" /><trkpt lat="53.095411401" lon="-3.848425179" /><trkpt lat="53.095417920" lon="-3.848409887" /><trkpt lat="53.095424429" lon="-3.848394630" /><trkpt lat="53.095430919" lon="-3.848379402" /><trkpt lat="53.095437380" lon="-3.848364195" /><trkpt lat="53.095445227" lon="-3.848346126" /><trkpt lat="53.095453298" lon="-3.848328400" /><trkpt lat="53.095461582" lon="-3.848311020" /><trkpt lat="53.095470067" lon="-3.848293989" /><trkpt lat="53.095478741" lon="-3.848277309" /><trkpt lat="53.095487592" lon="-3.848260983" /><trkpt lat="53.095496609" lon="-3.848245016" /><trkpt lat="53.095505779" lon="-3.848229409" /><trkpt lat="53.095515090" lon="-3.848214165" /><trkpt lat="53.095524532" lon="-3.848199289" /><trkpt lat="53.095534092" lon="-3.848184781" /><trkpt lat="53.095543758" lon="-3.848170647" /><trkpt lat="53.095553518" lon="-3.848156887" /><trkpt lat="53.095563362" lon="-3.848143507" /><trkpt lat="53.095573276" lon="-3.848130507" /><trkpt lat="53.095583249" lon="-3.848117892" /><trkpt lat="53.095593269" lon="-3.848105665" /><trkpt lat="53.095603325" lon="-3.848093828" /><trkpt lat="53.095613404" lon="-3.848082384" /><trkpt lat="53.095623496" lon="-3.848071337" /><trkpt lat="53.095633587" lon="-3.848060689" /><trkpt lat="53.095643666" lon="-3.848050444" /><trkpt lat="53.095653722" lon="-3.848040604" /><trkpt lat="53.095663742" lon="-3.848031172" /><trkpt lat="53.095673716" lon="-3.848022151" /><trkpt lat="53.095683630" lon="-3.848013545" /><trkpt lat="53.095693473" lon="-3.848005355" /><trkpt lat="53.095703233" lon="-3.847997586" /><trkpt lat="53.095712899" lon="-3.847990241" /><trkpt lat="53.095722459" lon="-3.847983321" /><trkpt lat="53.095731791" lon="-3.847976380" /><trkpt lat="53.095740793" lon="-3.847968979" /><trkpt lat="53.095749479" lon="-3.847961133" /><trkpt lat="53.095757866" lon="-3.847952860" /><trkpt lat="53.095765969" lon="-3.847944175" /><trkpt lat="53.095773803" lon="-3.847935095" /><trkpt lat="53.095781385" lon="-3.847925635" /><trkpt lat="53.095788730" lon="-3.847915814" /><trkpt lat="53.095795852" lon="-3.847905645" /><trkpt lat="53.095802769" lon="-3.847895147" /><trkpt lat="53.095809495" lon="-3.847884335" /><trkpt lat="53.095816046" lon="-3.847873225" /><trkpt lat="53.095822438" lon="-3.847861834" /><trkpt lat="53.095828686" lon="-3.847850178" /><trkpt lat="53.095834805" lon="-3.847838273" /><trkpt lat="53.095840812" lon="-3.847826136" /><trkpt lat="53.095846722" lon="-3.847813782" /><trkpt lat="53.095852550" lon="-3.847801229" /><trkpt lat="53.095858312" lon="-3.847788492" /><trkpt lat="53.095864023" lon="-3.847775587" /><trkpt lat="53.095869700" lon="-3.847762532" /><trkpt lat="53.095875357" lon="-3.847749342" /><trkpt lat="53.095881010" lon="-3.847736033" /><trkpt lat="53.095886675" lon="-3.847722622" /><trkpt lat="53.095892368" lon="-3.847709125" /><trkpt lat="53.095898103" lon="-3.847695559" /><trkpt lat="53.095903897" lon="-3.847681939" /><trkpt lat="53.095909765" lon="-3.847668282" /><trkpt lat="53.095915722" lon="-3.847654604" /><trkpt lat="53.095921785" lon="-3.847640922" /><trkpt lat="53.095927964" lon="-3.847627143" /><trkpt lat="53.095934242" lon="-3.847613169" /><trkpt lat="53.095940593" lon="-3.847599008" /><trkpt lat="53.095946992" lon="-3.847584668" /><trkpt lat="53.095953412" lon="-3.847570156" /><trkpt lat="53.095959828" lon="-3.847555479" /><trkpt lat="53.095966214" lon="-3.847540645" /><trkpt lat="53.095972545" lon="-3.847525661" /><trkpt lat="53.095978793" lon="-3.847510536" /><trkpt lat="53.095984933" lon="-3.847495276" /><trkpt lat="53.095990940" lon="-3.847479889" /><trkpt lat="53.095996787" lon="-3.847464383" /><trkpt lat="53.096002449" lon="-3.847448764" /><trkpt lat="53.096007899" lon="-3.847433042" /><trkpt lat="53.096013113" lon="-3.847417222" /><trkpt lat="53.096018063" lon="-3.847401313" /><trkpt lat="53.096022724" lon="-3.847385322" /><trkpt lat="53.096027071" lon="-3.847369256" /><trkpt lat="53.096031077" lon="-3.847353124" /><trkpt lat="53.096034716" lon="-3.847336933" /><trkpt lat="53.096037962" lon="-3.847320689" /><trkpt lat="53.096040791" lon="-3.847304401" /><trkpt lat="53.096043175" lon="-3.847288077" /><trkpt lat="53.096045089" lon="-3.847271723" /><trkpt lat="53.096046507" lon="-3.847255347" /><trkpt lat="53.096047403" lon="-3.847238957" /><trkpt lat="53.096047751" lon="-3.847222561" /><trkpt lat="53.096047526" lon="-3.847206165" /><trkpt lat="53.096046701" lon="-3.847189777" /><trkpt lat="53.096045251" lon="-3.847173405" /><trkpt lat="53.096043548" lon="-3.847157372" /><trkpt lat="53.096041981" lon="-3.847141950" /><trkpt lat="53.096040544" lon="-3.847127070" /><trkpt lat="53.096039235" lon="-3.847112664" /><trkpt lat="53.096038048" lon="-3.847098664" /><trkpt lat="53.096036978" lon="-3.847085000" /><trkpt lat="53.096036023" lon="-3.847071604" /><trkpt lat="53.096035177" lon="-3.847058408" /><trkpt lat="53.096034437" lon="-3.847045343" /><trkpt lat="53.096033797" lon="-3.847032341" /><trkpt lat="53.096033254" lon="-3.847019333" /><trkpt lat="53.096032804" lon="-3.847006250" /><trkpt lat="53.096032441" lon="-3.846993024" /><trkpt lat="53.096032162" lon="-3.846979587" /><trkpt lat="53.096031963" lon="-3.846965869" /><trkpt lat="53.096031839" lon="-3.846951803" /><trkpt lat="53.096031786" lon="-3.846937320" /><trkpt lat="53.096031799" lon="-3.846922350" /><trkpt lat="53.096031874" lon="-3.846906827" /><trkpt lat="53.096032008" lon="-3.846890680" /><trkpt lat="53.096032195" lon="-3.846873843" /><trkpt lat="53.096032432" lon="-3.846856245" /><trkpt lat="53.096032713" lon="-3.846837819" /><trkpt lat="53.096033036" lon="-3.846818495" /><trkpt lat="53.096033395" lon="-3.846798206" /><trkpt lat="53.096033786" lon="-3.846776883" /><trkpt lat="53.096034205" lon="-3.846754458" /><trkpt lat="53.096034648" lon="-3.846730861" /><trkpt lat="53.096035110" lon="-3.846706024" /><trkpt lat="53.096035587" lon="-3.846679879" /><trkpt lat="53.096035949" lon="-3.846662006" /><trkpt lat="53.096036392" lon="-3.846644149" /><trkpt lat="53.096036912" lon="-3.846626307" /><trkpt lat="53.096037509" lon="-3.846608480" /><trkpt lat="53.096038182" lon="-3.846590666" /><trkpt lat="53.096038928" lon="-3.846572865" /><trkpt lat="53.096039747" lon="-3.846555075" /><trkpt lat="53.096040637" lon="-3.846537296" /><trkpt lat="53.096041596" lon="-3.846519526" /><trkpt lat="53.096042622" lon="-3.846501765" /><trkpt lat="53.096043715" lon="-3.846484012" /><trkpt lat="53.096044873" lon="-3.846466266" /><trkpt lat="53.096046094" lon="-3.846448525" /><trkpt lat="53.096047378" lon="-3.846430790" /><trkpt lat="53.096048721" lon="-3.846413058" /><trkpt lat="53.096050124" lon="-3.846395329" /><trkpt lat="53.096051583" lon="-3.846377603" /><trkpt lat="53.096053099" lon="-3.846359878" /><trkpt lat="53.096054669" lon="-3.846342153" /><trkpt lat="53.096056292" lon="-3.846324427" /><trkpt lat="53.096057967" lon="-3.846306700" /><trkpt lat="53.096059691" lon="-3.846288970" /><trkpt lat="53.096061464" lon="-3.846271237" /><trkpt lat="53.096063284" lon="-3.846253499" /><trkpt lat="53.096065150" lon="-3.846235756" /><trkpt lat="53.096067059" lon="-3.846218006" /><trkpt lat="53.096069011" lon="-3.846200249" /><trkpt lat="53.096071004" lon="-3.846182484" /><trkpt lat="53.096073037" lon="-3.846164710" /><trkpt lat="53.096075107" lon="-3.846146926" /><trkpt lat="53.096077214" lon="-3.846129131" /><trkpt lat="53.096079356" lon="-3.846111324" /><trkpt lat="53.096081532" lon="-3.846093504" /><trkpt lat="53.096083740" lon="-3.846075670" /><trkpt lat="53.096085978" lon="-3.846057821" /><trkpt lat="53.096088246" lon="-3.846039957" /><trkpt lat="53.096090541" lon="-3.846022076" /><trkpt lat="53.096092862" lon="-3.846004178" /><trkpt lat="53.096095208" lon="-3.845986261" /><trkpt lat="53.096097577" lon="-3.845968324" /><trkpt lat="53.096099967" lon="-3.845950367" /><trkpt lat="53.096102378" lon="-3.845932389" /><trkpt lat="53.096104807" lon="-3.845914389" /><trkpt lat="53.096107254" lon="-3.845896365" /><trkpt lat="53.096109716" lon="-3.845878317" /><trkpt lat="53.096112332" lon="-3.845859009" /><trkpt lat="53.096114889" lon="-3.845839786" /><trkpt lat="53.096117388" lon="-3.845820645" /><trkpt lat="53.096119828" lon="-3.845801587" /><trkpt lat="53.096122210" lon="-3.845782609" /><trkpt lat="53.096124534" lon="-3.845763712" /><trkpt lat="53.096126801" lon="-3.845744894" /><trkpt lat="53.096129011" lon="-3.845726154" /><trkpt lat="53.096131165" lon="-3.845707491" /><trkpt lat="53.096133262" lon="-3.845688903" /><trkpt lat="53.096135303" lon="-3.845670391" /><trkpt lat="53.096137289" lon="-3.845651953" /><trkpt lat="53.096139219" lon="-3.845633588" /><trkpt lat="53.096141095" lon="-3.845615295" /><trkpt lat="53.096142916" lon="-3.845597073" /><trkpt lat="53.096144683" lon="-3.845578921" /><trkpt lat="53.096146396" lon="-3.845560838" /><trkpt lat="53.096148055" lon="-3.845542822" /><trkpt lat="53.096149662" lon="-3.845524874" /><trkpt lat="53.096151216" lon="-3.845506991" /><trkpt lat="53.096152717" lon="-3.845489173" /><trkpt lat="53.096154167" lon="-3.845471420" /><trkpt lat="53.096155564" lon="-3.845453729" /><trkpt lat="53.096156911" lon="-3.845436100" /><trkpt lat="53.096158206" lon="-3.845418531" /><trkpt lat="53.096159451" lon="-3.845401023" /><trkpt lat="53.096160645" lon="-3.845383573" /><trkpt lat="53.096161790" lon="-3.845366181" /><trkpt lat="53.096162885" lon="-3.845348846" /><trkpt lat="53.096163930" lon="-3.845331566" /><trkpt lat="53.096164927" lon="-3.845314342" /><trkpt lat="53.096165875" lon="-3.845297171" /><trkpt lat="53.096166776" lon="-3.845280052" /><trkpt lat="53.096167628" lon="-3.845262986" /><trkpt lat="53.096168433" lon="-3.845245970" /><trkpt lat="53.096169191" lon="-3.845229004" /><trkpt lat="53.096169902" lon="-3.845212086" /><trkpt lat="53.096170566" lon="-3.845195216" /><trkpt lat="53.096171185" lon="-3.845178393" /><trkpt lat="53.096171758" lon="-3.845161615" /><trkpt lat="53.096172285" lon="-3.845144882" /><trkpt lat="53.096172768" lon="-3.845128193" /><trkpt lat="53.096173188" lon="-3.845113691" /><trkpt lat="53.096173660" lon="-3.845098772" /><trkpt lat="53.096174181" lon="-3.845083452" /><trkpt lat="53.096174752" lon="-3.845067751" /><trkpt lat="53.096175370" lon="-3.845051686" /><trkpt lat="53.096176035" lon="-3.845035274" /><trkpt lat="53.096176745" lon="-3.845018535" /><trkpt lat="53.096177499" lon="-3.845001485" /><trkpt lat="53.096178297" lon="-3.844984143" /><trkpt lat="53.096179137" lon="-3.844966527" /><trkpt lat="53.096180017" lon="-3.844948654" /><trkpt lat="53.096180937" lon="-3.844930542" /><trkpt lat="53.096181896" lon="-3.844912210" /><trkpt lat="53.096182891" lon="-3.844893675" /><trkpt lat="53.096183924" lon="-3.844874956" /><trkpt lat="53.096184991" lon="-3.844856069" /><trkpt lat="53.096186092" lon="-3.844837034" /><trkpt lat="53.096187226" lon="-3.844817867" /><trkpt lat="53.096188392" lon="-3.844798587" /><trkpt lat="53.096189588" lon="-3.844779213" /><trkpt lat="53.096190813" lon="-3.844759760" /><trkpt lat="53.096192067" lon="-3.844740249" /><trkpt lat="53.096193347" lon="-3.844720696" /><trkpt lat="53.096194654" lon="-3.844701119" /><trkpt lat="53.096195985" lon="-3.844681537" /><trkpt lat="53.096197339" lon="-3.844661968" /><trkpt lat="53.096198717" lon="-3.844642428" /><trkpt lat="53.096200115" lon="-3.844622937" /><trkpt lat="53.096201534" lon="-3.844603511" /><trkpt lat="53.096202971" lon="-3.844584170" /><trkpt lat="53.096204426" lon="-3.844564930" /><trkpt lat="53.096205898" lon="-3.844545811" /><trkpt lat="53.096207386" lon="-3.844526829" /><trkpt lat="53.096208888" lon="-3.844508003" /><trkpt lat="53.096210403" lon="-3.844489350" /><trkpt lat="53.096211930" lon="-3.844470889" /><trkpt lat="53.096213468" lon="-3.844452637" /><trkpt lat="53.096215016" lon="-3.844434613" /><trkpt lat="53.096216573" lon="-3.844416834" /><trkpt lat="53.096218137" lon="-3.844399318" /><trkpt lat="53.096219707" lon="-3.844382083" /><trkpt lat="53.096221283" lon="-3.844365147" /><trkpt lat="53.096222862" lon="-3.844348529" /><trkpt lat="53.096224445" lon="-3.844332245" /><trkpt lat="53.096226029" lon="-3.844316313" /><trkpt lat="53.096227614" lon="-3.844300753" /><trkpt lat="53.096229198" lon="-3.844285581" /><trkpt lat="53.096230780" lon="-3.844270816" /><trkpt lat="53.096232360" lon="-3.844256475" /><trkpt lat="53.096234526" lon="-3.844235813" /><trkpt lat="53.096236348" lon="-3.844215743" /><trkpt lat="53.096237838" lon="-3.844196224" /><trkpt lat="53.096239008" lon="-3.844177219" /><trkpt lat="53.096239871" lon="-3.844158687" /><trkpt lat="53.096240437" lon="-3.844140590" /><trkpt lat="53.096240721" lon="-3.844122889" /><trkpt lat="53.096240733" lon="-3.844105544" /><trkpt lat="53.096240486" lon="-3.844088516" /><trkpt lat="53.096239992" lon="-3.844071767" /><trkpt lat="53.096239264" lon="-3.844055257" /><trkpt lat="53.096238314" lon="-3.844038948" /><trkpt lat="53.096237153" lon="-3.844022799" /><trkpt lat="53.096235795" lon="-3.844006773" /><trkpt lat="53.096234250" lon="-3.843990829" /><trkpt lat="53.096232532" lon="-3.843974929" /><trkpt lat="53.096230653" lon="-3.843959034" /><trkpt lat="53.096228624" lon="-3.843943105" /><trkpt lat="53.096226459" lon="-3.843927102" /><trkpt lat="53.096224168" lon="-3.843910987" /><trkpt lat="53.096221765" lon="-3.843894721" /><trkpt lat="53.096219262" lon="-3.843878263" /><trkpt lat="53.096216670" lon="-3.843861576" /><trkpt lat="53.096214003" lon="-3.843844620" /><trkpt lat="53.096211271" lon="-3.843827356" /><trkpt lat="53.096208488" lon="-3.843809745" /><trkpt lat="53.096205666" lon="-3.843791748" /><trkpt lat="53.096202816" lon="-3.843773326" /><trkpt lat="53.096199951" lon="-3.843754440" /><trkpt lat="53.096197084" lon="-3.843735050" /><trkpt lat="53.096194226" lon="-3.843715118" /><trkpt lat="53.096191389" lon="-3.843694604" /><trkpt lat="53.096188586" lon="-3.843673470" /><trkpt lat="53.096186211" lon="-3.843654533" /><trkpt lat="53.096184044" lon="-3.843635981" /><trkpt lat="53.096182085" lon="-3.843617788" /><trkpt lat="53.096180329" lon="-3.843599925" /><trkpt lat="53.096178776" lon="-3.843582367" /><trkpt lat="53.096177422" lon="-3.843565088" /><trkpt lat="53.096176265" lon="-3.843548059" /><trkpt lat="53.096175302" lon="-3.843531255" /><trkpt lat="53.096174531" lon="-3.843514649" /><trkpt lat="53.096173949" lon="-3.843498215" /><trkpt lat="53.096173555" lon="-3.843481925" /><trkpt lat="53.096173345" lon="-3.843465753" /><trkpt lat="53.096173317" lon="-3.843449672" /><trkpt lat="53.096173469" lon="-3.843433655" /><trkpt lat="53.096173797" lon="-3.843417676" /><trkpt lat="53.096174300" lon="-3.843401709" /><trkpt lat="53.096174975" lon="-3.843385725" /><trkpt lat="53.096175820" lon="-3.843369700" /><trkpt lat="53.096176832" lon="-3.843353606" /><trkpt lat="53.096178009" lon="-3.843337416" /><trkpt lat="53.096179348" lon="-3.843321103" /><trkpt lat="53.096180846" lon="-3.843304642" /><trkpt lat="53.096182502" lon="-3.843288005" /><trkpt lat="53.096184312" lon="-3.843271165" /><trkpt lat="53.096186275" lon="-3.843254097" /><trkpt lat="53.096188387" lon="-3.843236773" /><trkpt lat="53.096190647" lon="-3.843219166" /><trkpt lat="53.096193051" lon="-3.843201250" /><trkpt lat="53.096195598" lon="-3.843182998" /><trkpt lat="53.096198284" lon="-3.843164384" /><trkpt lat="53.096201108" lon="-3.843145381" /><trkpt lat="53.096204067" lon="-3.843125962" /><trkpt lat="53.096207159" lon="-3.843106100" /><trkpt lat="53.096210380" lon="-3.843085769" /><trkpt lat="53.096213728" lon="-3.843064942" /><trkpt lat="53.096217202" lon="-3.843043592" /><trkpt lat="53.096220798" lon="-3.843021693" /><trkpt lat="53.096223319" lon="-3.843006322" /><trkpt lat="53.096225870" lon="-3.842990618" /><trkpt lat="53.096228449" lon="-3.842974593" /><trkpt lat="53.096231055" lon="-3.842958263" /><trkpt lat="53.096233684" lon="-3.842941641" /><trkpt lat="53.096236336" lon="-3.842924742" /><trkpt lat="53.096239009" lon="-3.842907580" /><trkpt lat="53.096241700" lon="-3.842890168" /><trkpt lat="53.096244407" lon="-3.842872521" /><trkpt lat="53.096247129" lon="-3.842854653" /><trkpt lat="53.096249864" lon="-3.842836579" /><trkpt lat="53.096252610" lon="-3.842818311" /><trkpt lat="53.096255364" lon="-3.842799865" /><trkpt lat="53.096258126" lon="-3.842781255" /><trkpt lat="53.096260892" lon="-3.842762494" /><trkpt lat="53.096263662" lon="-3.842743597" /><trkpt lat="53.096266433" lon="-3.842724577" /><trkpt lat="53.096269204" lon="-3.842705450" /><trkpt lat="53.096271971" lon="-3.842686229" /><trkpt lat="53.096274734" lon="-3.842666928" /><trkpt lat="53.096277491" lon="-3.842647561" /><trkpt lat="53.096280240" lon="-3.842628142" /><trkpt lat="53.096282978" lon="-3.842608687" /><trkpt lat="53.096285704" lon="-3.842589207" /><trkpt lat="53.096288415" lon="-3.842569719" /><trkpt lat="53.096291111" lon="-3.842550235" /><trkpt lat="53.096293789" lon="-3.842530771" /><trkpt lat="53.096296447" lon="-3.842511339" /><trkpt lat="53.096299083" lon="-3.842491955" /><trkpt lat="53.096301695" lon="-3.842472632" /><trkpt lat="53.096304282" lon="-3.842453385" /><trkpt lat="53.096306841" lon="-3.842434227" /><trkpt lat="53.096309370" lon="-3.842415173" /><trkpt lat="53.096311869" lon="-3.842396236" /><trkpt lat="53.096314333" lon="-3.842377432" /><trkpt lat="53.096316763" lon="-3.842358774" /><trkpt lat="53.096319156" lon="-3.842340275" /><trkpt lat="53.096321509" lon="-3.842321952" /><trkpt lat="53.096323822" lon="-3.842303816" /><trkpt lat="53.096326091" lon="-3.842285883" /><trkpt lat="53.096328316" lon="-3.842268166" /><trkpt lat="53.096330494" lon="-3.842250681" /><trkpt lat="53.096332623" lon="-3.842233440" /><trkpt lat="53.096334702" lon="-3.842216458" /><trkpt lat="53.096336728" lon="-3.842199749" /><trkpt lat="53.096338699" lon="-3.842183328" /><trkpt lat="53.096340615" lon="-3.842167207" /><trkpt lat="53.096342472" lon="-3.842151403" /><trkpt lat="53.096344269" lon="-3.842135927" /><trkpt lat="53.096346004" lon="-3.842120796" /><trkpt lat="53.096347674" lon="-3.842106022" /><trkpt lat="53.096349279" lon="-3.842091620" /><trkpt lat="53.096350816" lon="-3.842077604" /><trkpt lat="53.096352283" lon="-3.842063988" /><trkpt lat="53.096354237" lon="-3.842046353" /><trkpt lat="53.096356324" lon="-3.842028771" /><trkpt lat="53.096358539" lon="-3.842011239" /><trkpt lat="53.096360877" lon="-3.841993752" /><trkpt lat="53.096363333" lon="-3.841976307" /><trkpt lat="53.096365903" lon="-3.841958899" /><trkpt lat="53.096368582" lon="-3.841941525" /><trkpt lat="53.096371364" lon="-3.841924181" /><trkpt lat="53.096374245" lon="-3.841906862" /><trkpt lat="53.096377219" lon="-3.841889565" /><trkpt lat="53.096380283" lon="-3.841872286" /><trkpt lat="53.096383430" lon="-3.841855021" /><trkpt lat="53.096386657" lon="-3.841837765" /><trkpt lat="53.096389958" lon="-3.841820515" /><trkpt lat="53.096393328" lon="-3.841803267" /><trkpt lat="53.096396762" lon="-3.841786017" /><trkpt lat="53.096400256" lon="-3.841768761" /><trkpt lat="53.096403804" lon="-3.841751495" /><trkpt lat="53.096407402" lon="-3.841734215" /><trkpt lat="53.096411045" lon="-3.841716917" /><trkpt lat="53.096414728" lon="-3.841699597" /><trkpt lat="53.096418445" lon="-3.841682251" /><trkpt lat="53.096422192" lon="-3.841664875" /><trkpt lat="53.096425965" lon="-3.841647466" /><trkpt lat="53.096429758" lon="-3.841630018" /><trkpt lat="53.096433566" lon="-3.841612529" /><trkpt lat="53.096437384" lon="-3.841594994" /><trkpt lat="53.096441208" lon="-3.841577409" /><trkpt lat="53.096445033" lon="-3.841559770" /><trkpt lat="53.096448853" lon="-3.841542074" /><trkpt lat="53.096452664" lon="-3.841524316" /><trkpt lat="53.096456460" lon="-3.841506493" /><trkpt lat="53.096460238" lon="-3.841488600" /><trkpt lat="53.096463991" lon="-3.841470633" /><trkpt lat="53.096467716" lon="-3.841452589" /><trkpt lat="53.096471407" lon="-3.841434463" /><trkpt lat="53.096475059" lon="-3.841416252" /><trkpt lat="53.096478668" lon="-3.841397952" /><trkpt lat="53.096482228" lon="-3.841379558" /><trkpt lat="53.096485735" lon="-3.841361066" /><trkpt lat="53.096489183" lon="-3.841342474" /><trkpt lat="53.096493651" lon="-3.841317495" /><trkpt lat="53.096497719" lon="-3.841293492" /><trkpt lat="53.096501395" lon="-3.841270417" /><trkpt lat="53.096504687" lon="-3.841248224" /><trkpt lat="53.096507602" lon="-3.841226868" /><trkpt lat="53.096510148" lon="-3.841206303" /><trkpt lat="53.096512334" lon="-3.841186482" /><trkpt lat="53.096514167" lon="-3.841167360" /><trkpt lat="53.096515656" lon="-3.841148891" /><trkpt lat="53.096516807" lon="-3.841131029" /><trkpt lat="53.096517629" lon="-3.841113727" /><trkpt lat="53.096518129" lon="-3.841096940" /><trkpt lat="53.096518316" lon="-3.841080622" /><trkpt lat="53.096518197" lon="-3.841064727" /><trkpt lat="53.096517781" lon="-3.841049208" /><trkpt lat="53.096517075" lon="-3.841034020" /><trkpt lat="53.096516086" lon="-3.841019117" /><trkpt lat="53.096514824" lon="-3.841004453" /><trkpt lat="53.096513295" lon="-3.840989982" /><trkpt lat="53.096511507" lon="-3.840975657" /><trkpt lat="53.096509470" lon="-3.840961434" /><trkpt lat="53.096507189" lon="-3.840947265" /><trkpt lat="53.096504674" lon="-3.840933105" /><trkpt lat="53.096501931" lon="-3.840918908" /><trkpt lat="53.096498970" lon="-3.840904628" /><trkpt lat="53.096495797" lon="-3.840890219" /><trkpt lat="53.096492421" lon="-3.840875635" /><trkpt lat="53.096488849" lon="-3.840860830" /><trkpt lat="53.096485090" lon="-3.840845758" /><trkpt lat="53.096481150" lon="-3.840830373" /><trkpt lat="53.096478038" lon="-3.840818477" /><trkpt lat="53.096474744" lon="-3.840806133" /><trkpt lat="53.096471273" lon="-3.840793359" /><trkpt lat="53.096467633" lon="-3.840780168" /><trkpt lat="53.096463827" lon="-3.840766576" /><trkpt lat="53.096459862" lon="-3.840752601" /><trkpt lat="53.096455744" lon="-3.840738256" /><trkpt lat="53.096451477" lon="-3.840723557" /><trkpt lat="53.096447068" lon="-3.840708520" /><trkpt lat="53.096442522" lon="-3.840693161" /><trkpt lat="53.096437844" lon="-3.840677496" /><trkpt lat="53.096433041" lon="-3.840661539" /><trkpt lat="53.096428117" lon="-3.840645306" /><trkpt lat="53.096423079" lon="-3.840628814" /><trkpt lat="53.096417932" lon="-3.840612077" /><trkpt lat="53.096412681" lon="-3.840595111" /><trkpt lat="53.096407333" lon="-3.840577932" /><trkpt lat="53.096401892" lon="-3.840560556" /><trkpt lat="53.096396365" lon="-3.840542997" /><trkpt lat="53.096390756" lon="-3.840525272" /><trkpt lat="53.096385072" lon="-3.840507396" /><trkpt lat="53.096379318" lon="-3.840489385" /><trkpt lat="53.096373500" lon="-3.840471254" /><trkpt lat="53.096367623" lon="-3.840453019" /><trkpt lat="53.096361693" lon="-3.840434695" /><trkpt lat="53.096355716" lon="-3.840416299" /><trkpt lat="53.096349696" lon="-3.840397845" /><trkpt lat="53.096343640" lon="-3.840379349" /><trkpt lat="53.096337553" lon="-3.840360828" /><trkpt lat="53.096331441" lon="-3.840342295" /><trkpt lat="53.096325310" lon="-3.840323768" /><trkpt lat="53.096319164" lon="-3.840305261" /><trkpt lat="53.096313010" lon="-3.840286791" /><trkpt lat="53.096306853" lon="-3.840268372" /><trkpt lat="53.096300698" lon="-3.840250021" /><trkpt lat="53.096294552" lon="-3.840231753" /><trkpt lat="53.096288420" lon="-3.840213583" /><trkpt lat="53.096282308" lon="-3.840195527" /><trkpt lat="53.096276220" lon="-3.840177602" /><trkpt lat="53.096270163" lon="-3.840159821" /><trkpt lat="53.096263440" lon="-3.840139759" /><trkpt lat="53.096257065" lon="-3.840120027" /><trkpt lat="53.096251021" lon="-3.840100611" /><trkpt lat="53.096245293" lon="-3.840081496" /><trkpt lat="53.096239864" lon="-3.840062667" /><trkpt lat="53.096234719" lon="-3.840044111" /><trkpt lat="53.096229842" lon="-3.840025812" /><trkpt lat="53.096225216" lon="-3.840007757" /><trkpt lat="53.096220826" lon="-3.839989930" /><trkpt lat="53.096216654" lon="-3.839972319" /><trkpt lat="53.096212686" lon="-3.839954907" /><trkpt lat="53.096208906" lon="-3.839937681" /><trkpt lat="53.096205296" lon="-3.839920626" /><trkpt lat="53.096201841" lon="-3.839903728" /><trkpt lat="53.096198526" lon="-3.839886973" /><trkpt lat="53.096195333" lon="-3.839870346" /><trkpt lat="53.096192248" lon="-3.839853832" /><trkpt lat="53.096189253" lon="-3.839837417" /><trkpt lat="53.096186333" lon="-3.839821087" /><trkpt lat="53.096183472" lon="-3.839804828" /><trkpt lat="53.096180653" lon="-3.839788624" /><trkpt lat="53.096177862" lon="-3.839772462" /><trkpt lat="53.096175080" lon="-3.839756327" /><trkpt lat="53.096172293" lon="-3.839740205" /><trkpt lat="53.096169485" lon="-3.839724080" /><trkpt lat="53.096166639" lon="-3.839707940" /><trkpt lat="53.096163739" lon="-3.839691769" /><trkpt lat="53.096160770" lon="-3.839675553" /><trkpt lat="53.096157715" lon="-3.839659277" /><trkpt lat="53.096154558" lon="-3.839642928" /><trkpt lat="53.096151283" lon="-3.839626490" /><trkpt lat="53.096147874" lon="-3.839609950" /><trkpt lat="53.096144315" lon="-3.839593292" /><trkpt lat="53.096140590" lon="-3.839576503" /><trkpt lat="53.096136683" lon="-3.839559568" /><trkpt lat="53.096132064" lon="-3.839540152" /><trkpt lat="53.096127540" lon="-3.839521577" /><trkpt lat="53.096123098" lon="-3.839503808" /><trkpt lat="53.096118726" lon="-3.839486809" /><trkpt lat="53.096114411" lon="-3.839470546" /><trkpt lat="53.096110141" lon="-3.839454983" /><trkpt lat="53.096105903" lon="-3.839440086" /><trkpt lat="53.096101684" lon="-3.839425818" /><trkpt lat="53.096097473" lon="-3.839412146" /><trkpt lat="53.096093257" lon="-3.839399033" /><trkpt lat="53.096089022" lon="-3.839386444" /><trkpt lat="53.096084758" lon="-3.839374345" /><trkpt lat="53.096080450" lon="-3.839362701" /><trkpt lat="53.096076087" lon="-3.839351475" /><trkpt lat="53.096071655" lon="-3.839340633" /><trkpt lat="53.096067144" lon="-3.839330140" /><trkpt lat="53.096062539" lon="-3.839319960" /><trkpt lat="53.096057828" lon="-3.839310058" /><trkpt lat="53.096053000" lon="-3.839300400" /><trkpt lat="53.096048041" lon="-3.839290950" /><trkpt lat="53.096042938" lon="-3.839281673" /><trkpt lat="53.096037680" lon="-3.839272533" /><trkpt lat="53.096032254" lon="-3.839263496" /><trkpt lat="53.096026647" lon="-3.839254526" /><trkpt lat="53.096020847" lon="-3.839245588" /><trkpt lat="53.096014841" lon="-3.839236648" /><trkpt lat="53.096008617" lon="-3.839227669" /><trkpt lat="53.096002161" lon="-3.839218617" /><trkpt lat="53.095995463" lon="-3.839209456" /><trkpt lat="53.095988508" lon="-3.839200152" /><trkpt lat="53.095981217" lon="-3.839190945" /><trkpt lat="53.095973532" lon="-3.839182099" /><trkpt lat="53.095965471" lon="-3.839173617" /><trkpt lat="53.095957055" lon="-3.839165497" /><trkpt lat="53.095948303" lon="-3.839157743" /><trkpt lat="53.095939236" lon="-3.839150354" /><trkpt lat="53.095929872" lon="-3.839143332" /><trkpt lat="53.095920232" lon="-3.839136678" /><trkpt lat="53.095910335" lon="-3.839130392" /><trkpt lat="53.095900202" lon="-3.839124476" /><trkpt lat="53.095889852" lon="-3.839118930" /><trkpt lat="53.095879305" lon="-3.839113756" /><trkpt lat="53.095868580" lon="-3.839108954" /><trkpt lat="53.095857698" lon="-3.839104526" /><trkpt lat="53.095846677" lon="-3.839100473" /><trkpt lat="53.095835539" lon="-3.839096795" /><trkpt lat="53.095824302" lon="-3.839093494" /><trkpt lat="53.095812987" lon="-3.839090570" /><trkpt lat="53.095801613" lon="-3.839088024" /><trkpt lat="53.095790199" lon="-3.839085858" /><trkpt lat="53.095778767" lon="-3.839084072" /><trkpt lat="53.095767335" lon="-3.839082668" /><trkpt lat="53.095755923" lon="-3.839081647" /><trkpt lat="53.095744552" lon="-3.839081008" /><trkpt lat="53.095733240" lon="-3.839080754" /><trkpt lat="53.095722008" lon="-3.839080885" /><trkpt lat="53.095710875" lon="-3.839081403" /><trkpt lat="53.095699862" lon="-3.839082308" /><trkpt lat="53.095688987" lon="-3.839083601" /><trkpt lat="53.095678271" lon="-3.839085284" /><trkpt lat="53.095667329" lon="-3.839087647" /><trkpt lat="53.095655796" lon="-3.839090942" /><trkpt lat="53.095643722" lon="-3.839095113" /><trkpt lat="53.095631160" lon="-3.839100103" /><trkpt lat="53.095618158" lon="-3.839105854" /><trkpt lat="53.095604769" lon="-3.839112310" /><trkpt lat="53.095591041" lon="-3.839119413" /><trkpt lat="53.095577027" lon="-3.839127107" /><trkpt lat="53.095562777" lon="-3.839135333" /><trkpt lat="53.095548341" lon="-3.839144037" /><trkpt lat="53.095533769" lon="-3.839153159" /><trkpt lat="53.095519114" lon="-3.839162644" /><trkpt lat="53.095504424" lon="-3.839172434" /><trkpt lat="53.095489752" lon="-3.839182472" /><trkpt lat="53.095475147" lon="-3.839192701" /><trkpt lat="53.095460660" lon="-3.839203065" /><trkpt lat="53.095446341" lon="-3.839213505" /><trkpt lat="53.095432242" lon="-3.839223966" /><trkpt lat="53.095418413" lon="-3.839234389" /><trkpt lat="53.095404905" lon="-3.839244719" /><trkpt lat="53.095391768" lon="-3.839254897" /><trkpt lat="53.095379053" lon="-3.839264868" /><trkpt lat="53.095366811" lon="-3.839274573" /><trkpt lat="53.095355091" lon="-3.839283956" /><trkpt lat="53.095343946" lon="-3.839292960" /><trkpt lat="53.095333424" lon="-3.839301527" /><trkpt lat="53.095323578" lon="-3.839309601" /><trkpt lat="53.095314458" lon="-3.839317125" /><trkpt lat="53.095306114" lon="-3.839324042" /><trkpt lat="53.095298597" lon="-3.839330294" /><trkpt lat="53.095291102" lon="-3.839335642" /><trkpt lat="53.095282822" lon="-3.839339923" /><trkpt lat="53.095273801" lon="-3.839343197" /><trkpt lat="53.095264084" lon="-3.839345523" /><trkpt lat="53.095253717" lon="-3.839346958" /><trkpt lat="53.095242744" lon="-3.839347563" /><trkpt lat="53.095231211" lon="-3.839347396" /><trkpt lat="53.095219161" lon="-3.839346516" /><trkpt lat="53.095206641" lon="-3.839344982" /><trkpt lat="53.095193696" lon="-3.839342854" /><trkpt lat="53.095180369" lon="-3.839340189" /><trkpt lat="53.095166707" lon="-3.839337047" /><trkpt lat="53.095152755" lon="-3.839333486" /><trkpt lat="53.095138556" lon="-3.839329567" /><trkpt lat="53.095124157" lon="-3.839325347" /><trkpt lat="53.095109602" lon="-3.839320886" /><trkpt lat="53.095094937" lon="-3.839316242" /><trkpt lat="53.095080206" lon="-3.839311475" /><trkpt lat="53.095065454" lon="-3.839306643" /><trkpt lat="53.095050726" lon="-3.839301805" /><trkpt lat="53.095036068" lon="-3.839297021" /><trkpt lat="53.095021524" lon="-3.839292349" /><trkpt lat="53.095007139" lon="-3.839287848" /><trkpt lat="53.094992959" lon="-3.839283577" /><trkpt lat="53.094979028" lon="-3.839279596" /><trkpt lat="53.094965391" lon="-3.839275962" /><trkpt lat="53.094952093" lon="-3.839272735" /><trkpt lat="53.094939180" lon="-3.839269974" /><trkpt lat="53.094926696" lon="-3.839267738" /><trkpt lat="53.094914686" lon="-3.839266085" /><trkpt lat="53.094903101" lon="-3.839264758" /><trkpt lat="53.094891843" lon="-3.839263446" /><trkpt lat="53.094880885" lon="-3.839262126" /><trkpt lat="53.094870200" lon="-3.839260778" /><trkpt lat="53.094859760" lon="-3.839259379" /><trkpt lat="53.094849539" lon="-3.839257909" /><trkpt lat="53.094839509" lon="-3.839256347" /><trkpt lat="53.094829642" lon="-3.839254669" /><trkpt lat="53.094819913" lon="-3.839252856" /><trkpt lat="53.094810293" lon="-3.839250886" /><trkpt lat="53.094800755" lon="-3.839248736" /><trkpt lat="53.094791272" lon="-3.839246387" /><trkpt lat="53.094781817" lon="-3.839243815" /><trkpt lat="53.094772363" lon="-3.839241001" /><trkpt lat="53.094762883" lon="-3.839237922" /><trkpt lat="53.094753349" lon="-3.839234556" /><trkpt lat="53.094743733" lon="-3.839230884" /><trkpt lat="53.094734010" lon="-3.839226882" /><trkpt lat="53.094724152" lon="-3.839222529" /><trkpt lat="53.094714131" lon="-3.839217805" /><trkpt lat="53.094703920" lon="-3.839212688" /><trkpt lat="53.094693492" lon="-3.839207155" /><trkpt lat="53.094682821" lon="-3.839201186" /><trkpt lat="53.094671878" lon="-3.839194760" /><trkpt lat="53.094660636" lon="-3.839187854" /><trkpt lat="53.094649069" lon="-3.839180447" /><trkpt lat="53.094637149" lon="-3.839172519" /><trkpt lat="53.094624849" lon="-3.839164047" /><trkpt lat="53.094612141" lon="-3.839155009" /><trkpt lat="53.094598999" lon="-3.839145385" /><trkpt lat="53.094585616" lon="-3.839135398" /><trkpt lat="53.094572204" lon="-3.839125304" /><trkpt lat="53.094558764" lon="-3.839115132" /><trkpt lat="53.094545295" lon="-3.839104910" /><trkpt lat="53.094531797" lon="-3.839094667" /><trkpt lat="53.094518271" lon="-3.839084433" /><trkpt lat="53.094504717" lon="-3.839074235" /><trkpt lat="53.094491135" lon="-3.839064102" /><trkpt lat="53.094477525" lon="-3.839054064" /><trkpt lat="53.094463887" lon="-3.839044148" /><trkpt lat="53.094450222" lon="-3.839034384" /><trkpt lat="53.094436529" lon="-3.839024800" /><trkpt lat="53.094422809" lon="-3.839015425" /><trkpt lat="53.094409062" lon="-3.839006287" /><trkpt lat="53.094395288" lon="-3.838997416" /><trkpt lat="53.094381487" lon="-3.838988840" /><trkpt lat="53.094367659" lon="-3.838980588" /><trkpt lat="53.094353805" lon="-3.838972688" /><trkpt lat="53.094339924" lon="-3.838965169" /><trkpt lat="53.094326017" lon="-3.838958060" /><trkpt lat="53.094312084" lon="-3.838951390" /><trkpt lat="53.094298125" lon="-3.838945187" /><trkpt lat="53.094284140" lon="-3.838939480" /><trkpt lat="53.094270130" lon="-3.838934298" /><trkpt lat="53.094256094" lon="-3.838929669" /><trkpt lat="53.094242032" lon="-3.838925622" /><trkpt lat="53.094227945" lon="-3.838922186" /><trkpt lat="53.094213834" lon="-3.838919390" /><trkpt lat="53.094199697" lon="-3.838917262" /><trkpt lat="53.094185535" lon="-3.838915831" /><trkpt lat="53.094171120" lon="-3.838914870" /><trkpt lat="53.094156248" lon="-3.838914129" /><trkpt lat="53.094140956" lon="-3.838913607" /><trkpt lat="53.094125282" lon="-3.838913301" /><trkpt lat="53.094109264" lon="-3.838913209" /><trkpt lat="53.094092939" lon="-3.838913329" /><trkpt lat="53.094076345" lon="-3.838913657" /><trkpt lat="53.094059520" lon="-3.838914193" /><trkpt lat="53.094042501" lon="-3.838914933" /><trkpt lat="53.094025326" lon="-3.838915874" /><trkpt lat="53.094008032" lon="-3.838917016" /><trkpt lat="53.093990658" lon="-3.838918354" /><trkpt lat="53.093973241" lon="-3.838919888" /><trkpt lat="53.093955818" lon="-3.838921614" /><trkpt lat="53.093938427" lon="-3.838923530" /><trkpt lat="53.093921106" lon="-3.838925634" /><trkpt lat="53.093903892" lon="-3.838927923" /><trkpt lat="53.093886824" lon="-3.838930396" /><trkpt lat="53.093869938" lon="-3.838933049" /><trkpt lat="53.093853273" lon="-3.838935880" /><trkpt lat="53.093836865" lon="-3.838938887" /><trkpt lat="53.093820754" lon="-3.838942068" /><trkpt lat="53.093804975" lon="-3.838945419" /><trkpt lat="53.093789568" lon="-3.838948940" /><trkpt lat="53.093774569" lon="-3.838952627" /><trkpt lat="53.093760016" lon="-3.838956478" /><trkpt lat="53.093745948" lon="-3.838960490" /><trkpt lat="53.093732401" lon="-3.838964662" /><trkpt lat="53.093719413" lon="-3.838968991" /><trkpt lat="53.093707022" lon="-3.838973474" /><trkpt lat="53.093697593" lon="-3.838976974" /><trkpt lat="53.093687445" lon="-3.838980631" /><trkpt lat="53.093676604" lon="-3.838984440" /><trkpt lat="53.093665097" lon="-3.838988396" /><trkpt lat="53.093652949" lon="-3.838992495" /><trkpt lat="53.093640188" lon="-3.838996731" /><trkpt lat="53.093626840" lon="-3.839001101" /><trkpt lat="53.093612931" lon="-3.839005598" /><trkpt lat="53.093598487" lon="-3.839010219" /><trkpt lat="53.093583535" lon="-3.839014958" /><trkpt lat="53.093568102" lon="-3.839019811" /><trkpt lat="53.093552213" lon="-3.839024772" /><trkpt lat="53.093535896" lon="-3.839029838" /><trkpt lat="53.093519176" lon="-3.839035002" /><trkpt lat="53.093502081" lon="-3.839040261" /><trkpt lat="53.093484635" lon="-3.839045609" /><trkpt lat="53.093466867" lon="-3.839051042" /><trkpt lat="53.093448802" lon="-3.839056555" /><trkpt lat="53.093430467" lon="-3.839062143" /><trkpt lat="53.093411888" lon="-3.839067801" /><trkpt lat="53.093393091" lon="-3.839073524" /><trkpt lat="53.093374104" lon="-3.839079308" /><trkpt lat="53.093354952" lon="-3.839085148" /><trkpt lat="53.093335661" lon="-3.839091038" /><trkpt lat="53.093316259" lon="-3.839096975" /><trkpt lat="53.093296771" lon="-3.839102953" /><trkpt lat="53.093277225" lon="-3.839108967" /><trkpt lat="53.093257646" lon="-3.839115013" /><trkpt lat="53.093238061" lon="-3.839121086" /><trkpt lat="53.093218496" lon="-3.839127181" /><trkpt lat="53.093198978" lon="-3.839133293" /><trkpt lat="53.093179532" lon="-3.839139418" /><trkpt lat="53.093160187" lon="-3.839145550" /><trkpt lat="53.093140967" lon="-3.839151684" /><trkpt lat="53.093121900" lon="-3.839157817" /><trkpt lat="53.093103012" lon="-3.839163942" /><trkpt lat="53.093084329" lon="-3.839170056" /><trkpt lat="53.093065877" lon="-3.839176154" /><trkpt lat="53.093047684" lon="-3.839182229" /><trkpt lat="53.093029774" lon="-3.839188279" /><trkpt lat="53.093016793" lon="-3.839192200" /><trkpt lat="53.093004152" lon="-3.839195042" /><trkpt lat="53.092991849" lon="-3.839196832" /><trkpt lat="53.092979879" lon="-3.839197600" /><trkpt lat="53.092968237" lon="-3.839197375" /><trkpt lat="53.092956920" lon="-3.839196185" /><trkpt lat="53.092945923" lon="-3.839194059" /><trkpt lat="53.092935242" lon="-3.839191025" /><trkpt lat="53.092924873" lon="-3.839187112" /><trkpt lat="53.092914811" lon="-3.839182349" /><trkpt lat="53.092905052" lon="-3.839176765" /><trkpt lat="53.092895592" lon="-3.839170388" /><trkpt lat="53.092886426" lon="-3.839163247" /><trkpt lat="53.092877550" lon="-3.839155370" /><trkpt lat="53.092868960" lon="-3.839146787" /><trkpt lat="53.092860652" lon="-3.839137526" /><trkpt lat="53.092852622" lon="-3.839127615" /><trkpt lat="53.092844864" lon="-3.839117083" /><trkpt lat="53.092837376" lon="-3.839105960" /><trkpt lat="53.092830152" lon="-3.839094273" /><trkpt lat="53.092823188" lon="-3.839082051" /><trkpt lat="53.092816480" lon="-3.839069324" /><trkpt lat="53.092810024" lon="-3.839056119" /><trkpt lat="53.092803815" lon="-3.839042466" /><trkpt lat="53.092797849" lon="-3.839028393" /><trkpt lat="53.092792123" lon="-3.839013928" /><trkpt lat="53.092786631" lon="-3.838999101" /><trkpt lat="53.092781369" lon="-3.838983940" /><trkpt lat="53.092776333" lon="-3.838968473" /><trkpt lat="53.092771520" lon="-3.838952731" /><trkpt lat="53.092766923" lon="-3.838936740" /><trkpt lat="53.092762540" lon="-3.838920530" /><trkpt lat="53.092758366" lon="-3.838904130" /><trkpt lat="53.092754396" lon="-3.838887568" /><trkpt lat="53.092750627" lon="-3.838870872" /><trkpt lat="53.092747054" lon="-3.838854073" /><trkpt lat="53.092743673" lon="-3.838837197" /><trkpt lat="53.092740480" lon="-3.838820275" /><trkpt lat="53.092737470" lon="-3.838803334" /><trkpt lat="53.092734638" lon="-3.838786403" /><trkpt lat="53.092731982" lon="-3.838769511" /><trkpt lat="53.092729496" lon="-3.838752687" /><trkpt lat="53.092727176" lon="-3.838735959" /><trkpt lat="53.092725018" lon="-3.838719356" /><trkpt lat="53.092723018" lon="-3.838702907" /><trkpt lat="53.092721171" lon="-3.838686640" /><trkpt lat="53.092719473" lon="-3.838670584" /><trkpt lat="53.092717920" lon="-3.838654768" /><trkpt lat="53.092716508" lon="-3.838639221" /><trkpt lat="53.092715231" lon="-3.838623970" /><trkpt lat="53.092714087" lon="-3.838609045" /><trkpt lat="53.092713071" lon="-3.838594475" /><trkpt lat="53.092712177" lon="-3.838580287" /><trkpt lat="53.092711403" lon="-3.838566512" /><trkpt lat="53.092710017" lon="-3.838542537" /><trkpt lat="53.092708430" lon="-3.838519409" /><trkpt lat="53.092706636" lon="-3.838497099" /><trkpt lat="53.092704626" lon="-3.838475577" /><trkpt lat="53.092702395" lon="-3.838454815" /><trkpt lat="53.092699935" lon="-3.838434783" /><trkpt lat="53.092697239" lon="-3.838415452" /><trkpt lat="53.092694299" lon="-3.838396793" /><trkpt lat="53.092691108" lon="-3.838378776" /><trkpt lat="53.092687660" lon="-3.838361372" /><trkpt lat="53.092683947" lon="-3.838344553" /><trkpt lat="53.092679962" lon="-3.838328289" /><trkpt lat="53.092675698" lon="-3.838312550" /><trkpt lat="53.092671147" lon="-3.838297308" /><trkpt lat="53.092666303" lon="-3.838282533" /><trkpt lat="53.092661158" lon="-3.838268196" /><trkpt lat="53.092655706" lon="-3.838254268" /><trkpt lat="53.092649938" lon="-3.838240720" /><trkpt lat="53.092643848" lon="-3.838227522" /><trkpt lat="53.092637429" lon="-3.838214646" /><trkpt lat="53.092630674" lon="-3.838202061" /><trkpt lat="53.092623574" lon="-3.838189740" /><trkpt lat="53.092616125" lon="-3.838177652" /><trkpt lat="53.092608317" lon="-3.838165768" /><trkpt lat="53.092600144" lon="-3.838154060" /><trkpt lat="53.092591599" lon="-3.838142498" /><trkpt lat="53.092582674" lon="-3.838131053" /><trkpt lat="53.092573363" lon="-3.838119695" /><trkpt lat="53.092563658" lon="-3.838108395" /><trkpt lat="53.092553552" lon="-3.838097125" /><trkpt lat="53.092543037" lon="-3.838085783" /><trkpt lat="53.092532124" lon="-3.838074313" /><trkpt lat="53.092520837" lon="-3.838062749" /><trkpt lat="53.092509199" lon="-3.838051128" /><trkpt lat="53.092497232" lon="-3.838039487" /><trkpt lat="53.092484960" lon="-3.838027861" /><trkpt lat="53.092472405" lon="-3.838016285" /><trkpt lat="53.092459591" lon="-3.838004798" /><trkpt lat="53.092446541" lon="-3.837993433" /><trkpt lat="53.092433277" lon="-3.837982228" /><trkpt lat="53.092419824" lon="-3.837971218" /><trkpt lat="53.092406202" lon="-3.837960439" /><trkpt lat="53.092392437" lon="-3.837949928" /><trkpt lat="53.092378551" lon="-3.837939720" /><trkpt lat="53.092364566" lon="-3.837929852" /><trkpt lat="53.092350506" lon="-3.837920359" /><trkpt lat="53.092336394" lon="-3.837911278" /><trkpt lat="53.092322252" lon="-3.837902644" /><trkpt lat="53.092308105" lon="-3.837894494" /><trkpt lat="53.092293975" lon="-3.837886864" /><trkpt lat="53.092279884" lon="-3.837879789" /><trkpt lat="53.092265857" lon="-3.837873306" /><trkpt lat="53.092251915" lon="-3.837867451" /><trkpt lat="53.092238083" lon="-3.837862259" /><trkpt lat="53.092224382" lon="-3.837857768" /><trkpt lat="53.092210837" lon="-3.837854012" /><trkpt lat="53.092197469" lon="-3.837851028" /><trkpt lat="53.092184303" lon="-3.837848852" /><trkpt lat="53.092171361" lon="-3.837847520" /><trkpt lat="53.092158666" lon="-3.837847068" /><trkpt lat="53.092146099" lon="-3.837847496" /><trkpt lat="53.092133536" lon="-3.837848755" /><trkpt lat="53.092120986" lon="-3.837850811" /><trkpt lat="53.092108461" lon="-3.837853629" /><trkpt lat="53.092095973" lon="-3.837857174" /><trkpt lat="53.092083533" lon="-3.837861409" /><trkpt lat="53.092071152" lon="-3.837866301" /><trkpt lat="53.092058842" lon="-3.837871814" /><trkpt lat="53.092046614" lon="-3.837877912" /><trkpt lat="53.092034478" lon="-3.837884562" /><trkpt lat="53.092022447" lon="-3.837891726" /><trkpt lat="53.092010532" lon="-3.837899372" /><trkpt lat="53.091998744" lon="-3.837907462" /><trkpt lat="53.091987095" lon="-3.837915962" /><trkpt lat="53.091975595" lon="-3.837924838" /><trkpt lat="53.091964256" lon="-3.837934053" /><trkpt lat="53.091953090" lon="-3.837943572" /><trkpt lat="53.091942108" lon="-3.837953361" /><trkpt lat="53.091931320" lon="-3.837963385" /><trkpt lat="53.091920739" lon="-3.837973607" /><trkpt lat="53.091910375" lon="-3.837983994" /><trkpt lat="53.091900241" lon="-3.837994509" /><trkpt lat="53.091890347" lon="-3.838005118" /><trkpt lat="53.091880704" lon="-3.838015786" /><trkpt lat="53.091871324" lon="-3.838026477" /><trkpt lat="53.091862219" lon="-3.838037156" /><trkpt lat="53.091853399" lon="-3.838047788" /><trkpt lat="53.091844876" lon="-3.838058338" /><trkpt lat="53.091836661" lon="-3.838068771" /><trkpt lat="53.091828766" lon="-3.838079051" /><trkpt lat="53.091821057" lon="-3.838089102" /><trkpt lat="53.091813384" lon="-3.838098866" /><trkpt lat="53.091805738" lon="-3.838108335" /><trkpt lat="53.091798106" lon="-3.838117503" /><trkpt lat="53.091790479" lon="-3.838126364" /><trkpt lat="53.091782844" lon="-3.838134909" /><trkpt lat="53.091775190" lon="-3.838143132" /><trkpt lat="53.091767507" lon="-3.838151026" /><trkpt lat="53.091759784" lon="-3.838158584" /><trkpt lat="53.091752009" lon="-3.838165799" /><trkpt lat="53.091744171" lon="-3.838172665" /><trkpt lat="53.091736259" lon="-3.838179174" /><trkpt lat="53.091728263" lon="-3.838185319" /><trkpt lat="53.091720170" lon="-3.838191094" /><trkpt lat="53.091711971" lon="-3.838196491" /><trkpt lat="53.091703653" lon="-3.838201504" /><trkpt lat="53.091695206" lon="-3.838206125" /><trkpt lat="53.091686619" lon="-3.838210348" /><trkpt lat="53.091677881" lon="-3.838214166" /><trkpt lat="53.091668980" lon="-3.838217572" /><trkpt lat="53.091659905" lon="-3.838220558" /><trkpt lat="53.091650646" lon="-3.838223119" /><trkpt lat="53.091641191" lon="-3.838225246" /><trkpt lat="53.091631530" lon="-3.838226933" /><trkpt lat="53.091621650" lon="-3.838228174" /><trkpt lat="53.091611542" lon="-3.838228961" /><trkpt lat="53.091601193" lon="-3.838229287" /><trkpt lat="53.091590594" lon="-3.838229145" /><trkpt lat="53.091579732" lon="-3.838228528" /><trkpt lat="53.091568597" lon="-3.838227431" /><trkpt lat="53.091557279" lon="-3.838225675" /><trkpt lat="53.091545880" lon="-3.838223113" /><trkpt lat="53.091534404" lon="-3.838219778" /><trkpt lat="53.091522854" lon="-3.838215705" /><trkpt lat="53.091511236" lon="-3.838210928" /><trkpt lat="53.091499553" lon="-3.838205479" /><trkpt lat="53.091487810" lon="-3.838199395" /><trkpt lat="53.091476011" lon="-3.838192707" /><trkpt lat="53.091464161" lon="-3.838185451" /><trkpt lat="53.091452263" lon="-3.838177661" /><trkpt lat="53.091440323" lon="-3.838169369" /><trkpt lat="53.091428344" lon="-3.838160611" /><trkpt lat="53.091416330" lon="-3.838151421" /><trkpt lat="53.091404287" lon="-3.838141831" /><trkpt lat="53.091392217" lon="-3.838131877" /><trkpt lat="53.091380127" lon="-3.838121592" /><trkpt lat="53.091368019" lon="-3.838111010" /><trkpt lat="53.091355898" lon="-3.838100165" /><trkpt lat="53.091343768" lon="-3.838089091" /><trkpt lat="53.091331634" lon="-3.838077823" /><trkpt lat="53.091319501" lon="-3.838066393" /><trkpt lat="53.091307371" lon="-3.838054837" /><trkpt lat="53.091295250" lon="-3.838043187" /><trkpt lat="53.091283142" lon="-3.838031479" /><trkpt lat="53.091271051" lon="-3.838019745" /><trkpt lat="53.091258982" lon="-3.838008021" /><trkpt lat="53.091246938" lon="-3.837996339" /><trkpt lat="53.091234925" lon="-3.837984735" /><trkpt lat="53.091222945" lon="-3.837973241" /><trkpt lat="53.091211005" lon="-3.837961892" /><trkpt lat="53.091199189" lon="-3.837950870" /><trkpt lat="53.091187564" lon="-3.837940329" /><trkpt lat="53.091176106" lon="-3.837930259" /><trkpt lat="53.091164793" lon="-3.837920649" /><trkpt lat="53.091153600" lon="-3.837911490" /><trkpt lat="53.091142504" lon="-3.837902770" /><trkpt lat="53.091131481" lon="-3.837894482" /><trkpt lat="53.091120508" lon="-3.837886613" /><trkpt lat="53.091109560" lon="-3.837879155" /><trkpt lat="53.091098614" lon="-3.837872097" /><trkpt lat="53.091087647" lon="-3.837865428" /><trkpt lat="53.091076635" lon="-3.837859140" /><trkpt lat="53.091065555" lon="-3.837853222" /><trkpt lat="53.091054382" lon="-3.837847663" /><trkpt lat="53.091043093" lon="-3.837842455" /><trkpt lat="53.091031664" lon="-3.837837586" /><trkpt lat="53.091020072" lon="-3.837833047" /><trkpt lat="53.091008294" lon="-3.837828827" /><trkpt lat="53.090996305" lon="-3.837824917" /><trkpt lat="53.090984081" lon="-3.837821307" /><trkpt lat="53.090971600" lon="-3.837817986" /><trkpt lat="53.090958838" lon="-3.837814944" /><trkpt lat="53.090945770" lon="-3.837812172" /><trkpt lat="53.090932374" lon="-3.837809658" /><trkpt lat="53.090918625" lon="-3.837807394" /><trkpt lat="53.090904500" lon="-3.837805370" /><trkpt lat="53.090889976" lon="-3.837803574" /><trkpt lat="53.090875029" lon="-3.837801997" /><trkpt lat="53.090859635" lon="-3.837800629" /><trkpt lat="53.090843770" lon="-3.837799460" /><trkpt lat="53.090829288" lon="-3.837798526" /><trkpt lat="53.090814289" lon="-3.837797615" /><trkpt lat="53.090798803" lon="-3.837796726" /><trkpt lat="53.090782861" lon="-3.837795856" /><trkpt lat="53.090766494" lon="-3.837795001" /><trkpt lat="53.090749732" lon="-3.837794162" /><trkpt lat="53.090732607" lon="-3.837793334" /><trkpt lat="53.090715150" lon="-3.837792515" /><trkpt lat="53.090697390" lon="-3.837791704" /><trkpt lat="53.090679359" lon="-3.837790897" /><trkpt lat="53.090661087" lon="-3.837790093" /><trkpt lat="53.090642606" lon="-3.837789289" /><trkpt lat="53.090623945" lon="-3.837788483" /><trkpt lat="53.090605137" lon="-3.837787672" /><trkpt lat="53.090586211" lon="-3.837786854" /><trkpt lat="53.090567199" lon="-3.837786027" /><trkpt lat="53.090548130" lon="-3.837785189" /><trkpt lat="53.090529037" lon="-3.837784336" /><trkpt lat="53.090509949" lon="-3.837783468" /><trkpt lat="53.090490898" lon="-3.837782580" /><trkpt lat="53.090471914" lon="-3.837781672" /><trkpt lat="53.090453028" lon="-3.837780740" /><trkpt lat="53.090434270" lon="-3.837779783" /><trkpt lat="53.090415673" lon="-3.837778798" /><trkpt lat="53.090397265" lon="-3.837777783" /><trkpt lat="53.090379079" lon="-3.837776735" /><trkpt lat="53.090361144" lon="-3.837775652" /><trkpt lat="53.090343492" lon="-3.837774531" /><trkpt lat="53.090326154" lon="-3.837773371" /><trkpt lat="53.090309160" lon="-3.837772169" /><trkpt lat="53.090292541" lon="-3.837770923" /><trkpt lat="53.090276327" lon="-3.837769629" /><trkpt lat="53.090260550" lon="-3.837768287" /><trkpt lat="53.090245240" lon="-3.837766894" /><trkpt lat="53.090229074" lon="-3.837765417" /><trkpt lat="53.090212604" lon="-3.837763994" /><trkpt lat="53.090195856" lon="-3.837762612" /><trkpt lat="53.090178854" lon="-3.837761257" /><trkpt lat="53.090161620" lon="-3.837759913" /><trkpt lat="53.090144180" lon="-3.837758567" /><trkpt lat="53.090126557" lon="-3.837757206" /><trkpt lat="53.090108775" lon="-3.837755814" /><trkpt lat="53.090090858" lon="-3.837754377" /><trkpt lat="53.090072830" lon="-3.837752883" /><trkpt lat="53.090054715" lon="-3.837751316" /><trkpt lat="53.090036537" lon="-3.837749662" /><trkpt lat="53.090018320" lon="-3.837747907" /><trkpt lat="53.090000088" lon="-3.837746038" /><trkpt lat="53.089981864" lon="-3.837744040" /><trkpt lat="53.089963673" lon="-3.837741899" /><trkpt lat="53.089945539" lon="-3.837739600" /><trkpt lat="53.089927485" lon="-3.837737130" /><trkpt lat="53.089909535" lon="-3.837734475" /><trkpt lat="53.089891715" lon="-3.837731621" /><trkpt lat="53.089874046" lon="-3.837728552" /><trkpt lat="53.089856554" lon="-3.837725256" /><trkpt lat="53.089839262" lon="-3.837721719" /><trkpt lat="53.089822195" lon="-3.837717925" /><trkpt lat="53.089805375" lon="-3.837713862" /><trkpt lat="53.089788828" lon="-3.837709514" /><trkpt lat="53.089772577" lon="-3.837704868" /><trkpt lat="53.089756646" lon="-3.837699909" /><trkpt lat="53.089741059" lon="-3.837694624" /><trkpt lat="53.089725840" lon="-3.837688999" /><trkpt lat="53.089711013" lon="-3.837683019" /><trkpt lat="53.089696601" lon="-3.837676670" /><trkpt lat="53.089684297" lon="-3.837670483" /><trkpt lat="53.089672612" lon="-3.837663559" /><trkpt lat="53.089661529" lon="-3.837655919" /><trkpt lat="53.089651034" lon="-3.837647581" /><trkpt lat="53.089641110" lon="-3.837638568" /><trkpt lat="53.089631743" lon="-3.837628899" /><trkpt lat="53.089622916" lon="-3.837618595" /><trkpt lat="53.089614614" lon="-3.837607676" /><trkpt lat="53.089606822" lon="-3.837596162" /><trkpt lat="53.089599524" lon="-3.837584074" /><trkpt lat="53.089592705" lon="-3.837571431" /><trkpt lat="53.089586348" lon="-3.837558255" /><trkpt lat="53.089580439" lon="-3.837544566" /><trkpt lat="53.089574962" lon="-3.837530384" /><trkpt lat="53.089569902" lon="-3.837515730" /><trkpt lat="53.089565242" lon="-3.837500623" /><trkpt lat="53.089560967" lon="-3.837485084" /><trkpt lat="53.089557062" lon="-3.837469134" /><trkpt lat="53.089553512" lon="-3.837452793" /><trkpt lat="53.089550300" lon="-3.837436081" /><trkpt lat="53.089547411" lon="-3.837419018" /><trkpt lat="53.089544830" lon="-3.837401626" /><trkpt lat="53.089542541" lon="-3.837383923" /><trkpt lat="53.089540529" lon="-3.837365931" /><trkpt lat="53.089538777" lon="-3.837347671" /><trkpt lat="53.089537272" lon="-3.837329161" /><trkpt lat="53.089535996" lon="-3.837310423" /><trkpt lat="53.089534934" lon="-3.837291477" /><trkpt lat="53.089534071" lon="-3.837272344" /><trkpt lat="53.089533392" lon="-3.837253043" /><trkpt lat="53.089532880" lon="-3.837233595" /><trkpt lat="53.089532521" lon="-3.837214021" /><trkpt lat="53.089532298" lon="-3.837194340" /><trkpt lat="53.089532197" lon="-3.837174573" /><trkpt lat="53.089532201" lon="-3.837154741" /><trkpt lat="53.089532296" lon="-3.837134864" /><trkpt lat="53.089532555" lon="-3.837111818" /><trkpt lat="53.089532996" lon="-3.837090347" /><trkpt lat="53.089533598" lon="-3.837070340" /><trkpt lat="53.089534342" lon="-3.837051683" /><trkpt lat="53.089535207" lon="-3.837034263" /><trkpt lat="53.089536171" lon="-3.837017967" /><trkpt lat="53.089537214" lon="-3.837002683" /><trkpt lat="53.089538317" lon="-3.836988297" /><trkpt lat="53.089539458" lon="-3.836974697" /><trkpt lat="53.089540616" lon="-3.836961770" /><trkpt lat="53.089541772" lon="-3.836949403" /><trkpt lat="53.089542904" lon="-3.836937483" /><trkpt lat="53.089543993" lon="-3.836925897" /><trkpt lat="53.089545017" lon="-3.836914532" /><trkpt lat="53.089545955" lon="-3.836903276" /><trkpt lat="53.089546789" lon="-3.836892015" /><trkpt lat="53.089547496" lon="-3.836880637" /><trkpt lat="53.089548056" lon="-3.836869029" /><trkpt lat="53.089548450" lon="-3.836857078" /><trkpt lat="53.089548655" lon="-3.836844671" /><trkpt lat="53.089548652" lon="-3.836831694" /><trkpt lat="53.089548420" lon="-3.836818037" /><trkpt lat="53.089547939" lon="-3.836803584" /><trkpt lat="53.089547188" lon="-3.836788224" /><trkpt lat="53.089546146" lon="-3.836771844" /><trkpt lat="53.089544793" lon="-3.836754331" /><trkpt lat="53.089543108" lon="-3.836735571" /><trkpt lat="53.089541072" lon="-3.836715452" /><trkpt lat="53.089538662" lon="-3.836693862" /><trkpt lat="53.089535859" lon="-3.836670687" /><trkpt lat="53.089533241" lon="-3.836649753" /><trkpt lat="53.089530684" lon="-3.836629299" /><trkpt lat="53.089528176" lon="-3.836609300" /><trkpt lat="53.089525702" lon="-3.836589735" /><trkpt lat="53.089523250" lon="-3.836570580" /><trkpt lat="53.089520807" lon="-3.836551811" /><trkpt lat="53.089518360" lon="-3.836533405" /><trkpt lat="53.089515896" lon="-3.836515339" /><trkpt lat="53.089513401" lon="-3.836497590" /><trkpt lat="53.089510863" lon="-3.836480135" /><trkpt lat="53.089508269" lon="-3.836462950" /><trkpt lat="53.089505606" lon="-3.836446012" /><trkpt lat="53.089502859" lon="-3.836429298" /><trkpt lat="53.089500018" lon="-3.836412785" /><trkpt lat="53.089497068" lon="-3.836396450" /><trkpt lat="53.089493996" lon="-3.836380269" /><trkpt lat="53.089490790" lon="-3.836364219" /><trkpt lat="53.089487435" lon="-3.836348277" /><trkpt lat="53.089483920" lon="-3.836332419" /><trkpt lat="53.089480232" lon="-3.836316623" /><trkpt lat="53.089476356" lon="-3.836300865" /><trkpt lat="53.089472281" lon="-3.836285122" /><trkpt lat="53.089467992" lon="-3.836269371" /><trkpt lat="53.089463477" lon="-3.836253589" /><trkpt lat="53.089458724" lon="-3.836237752" /><trkpt lat="53.089453718" lon="-3.836221837" /><trkpt lat="53.089448447" lon="-3.836205821" /><trkpt lat="53.089442898" lon="-3.836189680" /><trkpt lat="53.089437058" lon="-3.836173393" /><trkpt lat="53.089430913" lon="-3.836156934" /><trkpt lat="53.089424451" lon="-3.836140282" /><trkpt lat="53.089417658" lon="-3.836123412" /><trkpt lat="53.089410522" lon="-3.836106302" /><trkpt lat="53.089403030" lon="-3.836088928" /><trkpt lat="53.089396150" lon="-3.836073274" /><trkpt lat="53.089389249" lon="-3.836057646" /><trkpt lat="53.089382333" lon="-3.836042038" /><trkpt lat="53.089375406" lon="-3.836026442" /><trkpt lat="53.089368476" lon="-3.836010851" /><trkpt lat="53.089361547" lon="-3.835995258" /><trkpt lat="53.089354625" lon="-3.835979657" /><trkpt lat="53.089347716" lon="-3.835964040" /><trkpt lat="53.089340825" lon="-3.835948400" /><trkpt lat="53.089333958" lon="-3.835932730" /><trkpt lat="53.089327120" lon="-3.835917023" /><trkpt lat="53.089320318" lon="-3.835901272" /><trkpt lat="53.089313556" lon="-3.835885470" /><trkpt lat="53.089306842" lon="-3.835869610" /><trkpt lat="53.089300179" lon="-3.835853684" /><trkpt lat="53.089293574" lon="-3.835837687" /><trkpt lat="53.089287032" lon="-3.835821611" /><trkpt lat="53.089280560" lon="-3.835805448" /><trkpt lat="53.089274162" lon="-3.835789192" /><trkpt lat="53.089267844" lon="-3.835772835" /><trkpt lat="53.089261613" lon="-3.835756372" /><trkpt lat="53.089255473" lon="-3.835739794" /><trkpt lat="53.089249430" lon="-3.835723094" /><trkpt lat="53.089243490" lon="-3.835706266" /><trkpt lat="53.089237659" lon="-3.835689303" /><trkpt lat="53.089231941" lon="-3.835672197" /><trkpt lat="53.089226344" lon="-3.835654941" /><trkpt lat="53.089220872" lon="-3.835637529" /><trkpt lat="53.089215531" lon="-3.835619953" /><trkpt lat="53.089210326" lon="-3.835602207" /><trkpt lat="53.089205264" lon="-3.835584283" /><trkpt lat="53.089200350" lon="-3.835566174" /><trkpt lat="53.089195590" lon="-3.835547873" /><trkpt lat="53.089190989" lon="-3.835529373" /><trkpt lat="53.089186552" lon="-3.835510667" /><trkpt lat="53.089182286" lon="-3.835491749" /><trkpt lat="53.089178196" lon="-3.835472610" /><trkpt lat="53.089174289" lon="-3.835453245" /><trkpt lat="53.089170235" lon="-3.835432231" /><trkpt lat="53.089166349" lon="-3.835411487" /><trkpt lat="53.089162615" lon="-3.835391012" /><trkpt lat="53.089159017" lon="-3.835370800" /><trkpt lat="53.089155541" lon="-3.835350848" /><trkpt lat="53.089152170" lon="-3.835331153" /><trkpt lat="53.089148890" lon="-3.835311710" /><trkpt lat="53.089145684" lon="-3.835292517" /><trkpt lat="53.089142539" lon="-3.835273568" /><trkpt lat="53.089139437" lon="-3.835254862" /><trkpt lat="53.089136364" lon="-3.835236393" /><trkpt lat="53.089133304" lon="-3.835218158" /><trkpt lat="53.089130242" lon="-3.835200154" /><trkpt lat="53.089127163" lon="-3.835182377" /><trkpt lat="53.089124051" lon="-3.835164823" /><trkpt lat="53.089120891" lon="-3.835147489" /><trkpt lat="53.089117667" lon="-3.835130370" /><trkpt lat="53.089114363" lon="-3.835113463" /><trkpt lat="53.089110966" lon="-3.835096764" /><trkpt lat="53.089107458" lon="-3.835080271" /><trkpt lat="53.089103825" lon="-3.835063978" /><trkpt lat="53.089100052" lon="-3.835047882" /><trkpt lat="53.089096122" lon="-3.835031980" /><trkpt lat="53.089092021" lon="-3.835016268" /><trkpt lat="53.089087733" lon="-3.835000742" /><trkpt lat="53.089083243" lon="-3.834985398" /><trkpt lat="53.089078534" lon="-3.834970234" /><trkpt lat="53.089073593" lon="-3.834955244" /><trkpt lat="53.089068404" lon="-3.834940426" /><trkpt lat="53.089062950" lon="-3.834925775" /><trkpt lat="53.089057217" lon="-3.834911289" /><trkpt lat="53.089051189" lon="-3.834896962" /><trkpt lat="53.089044851" lon="-3.834882793" /><trkpt lat="53.089038188" lon="-3.834868776" /><trkpt lat="53.089031184" lon="-3.834854908" /><trkpt lat="53.089024267" lon="-3.834841652" /><trkpt lat="53.089017110" lon="-3.834827994" /><trkpt lat="53.089009724" lon="-3.834813958" /><trkpt lat="53.089002124" lon="-3.834799565" /><trkpt lat="53.088994322" lon="-3.834784839" /><trkpt lat="53.088986332" lon="-3.834769800" /><trkpt lat="53.088978167" lon="-3.834754471" /><trkpt lat="53.088969840" lon="-3.834738875" /><trkpt lat="53.088961364" lon="-3.834723033" /><trkpt lat="53.088952753" lon="-3.834706969" /><trkpt lat="53.088944018" lon="-3.834690704" /><trkpt lat="53.088935175" lon="-3.834674260" /><trkpt lat="53.088926235" lon="-3.834657660" /><trkpt lat="53.088917213" lon="-3.834640926" /><trkpt lat="53.088908120" lon="-3.834624080" /><trkpt lat="53.088898971" lon="-3.834607144" /><trkpt lat="53.088889778" lon="-3.834590141" /><trkpt lat="53.088880555" lon="-3.834573093" /><trkpt lat="53.088871315" lon="-3.834556022" /><trkpt lat="53.088862071" lon="-3.834538950" /><trkpt lat="53.088852836" lon="-3.834521900" /><trkpt lat="53.088843623" lon="-3.834504894" /><trkpt lat="53.088834446" lon="-3.834487954" /><trkpt lat="53.088825318" lon="-3.834471103" /><trkpt lat="53.088816251" lon="-3.834454361" /><trkpt lat="53.088807259" lon="-3.834437753" /><trkpt lat="53.088798355" lon="-3.834421300" /><trkpt lat="53.088789553" lon="-3.834405024" /><trkpt lat="53.088780865" lon="-3.834388947" /><trkpt lat="53.088772305" lon="-3.834373092" /><trkpt lat="53.088763886" lon="-3.834357482" /><trkpt lat="53.088755621" lon="-3.834342137" /><trkpt lat="53.088747522" lon="-3.834327081" /><trkpt lat="53.088739605" lon="-3.834312336" /><trkpt lat="53.088731880" lon="-3.834297923" /><trkpt lat="53.088724362" lon="-3.834283866" /><trkpt lat="53.088717064" lon="-3.834270187" /><trkpt lat="53.088709489" lon="-3.834255473" /><trkpt lat="53.088702387" lon="-3.834240674" /><trkpt lat="53.088695747" lon="-3.834225783" /><trkpt lat="53.088689555" lon="-3.834210796" /><trkpt lat="53.088683798" lon="-3.834195705" /><trkpt lat="53.088678463" lon="-3.834180506" /><trkpt lat="53.088673536" lon="-3.834165191" /><trkpt lat="53.088669004" lon="-3.834149755" /><trkpt lat="53.088664855" lon="-3.834134192" /><trkpt lat="53.088661074" lon="-3.834118496" /><trkpt lat="53.088657649" lon="-3.834102660" /><trkpt lat="53.088654567" lon="-3.834086680" /><trkpt lat="53.088651814" lon="-3.834070549" /><trkpt lat="53.088649377" lon="-3.834054260" /><trkpt lat="53.088647244" lon="-3.834037809" /><trkpt lat="53.088645400" lon="-3.834021189" /><trkpt lat="53.088643832" lon="-3.834004393" /><trkpt lat="53.088642528" lon="-3.833987417" /><trkpt lat="53.088641474" lon="-3.833970254" /><trkpt lat="53.088640657" lon="-3.833952897" /><trkpt lat="53.088640064" lon="-3.833935342" /><trkpt lat="53.088639681" lon="-3.833917582" /><trkpt lat="53.088639496" lon="-3.833899611" /><trkpt lat="53.088639495" lon="-3.833881423" /><trkpt lat="53.088639665" lon="-3.833863012" /><trkpt lat="53.088639993" lon="-3.833844372" /><trkpt lat="53.088640465" lon="-3.833825498" /><trkpt lat="53.088641069" lon="-3.833806383" /><trkpt lat="53.088641791" lon="-3.833787020" /><trkpt lat="53.088642619" lon="-3.833767405" /><trkpt lat="53.088643538" lon="-3.833747531" /><trkpt lat="53.088644535" lon="-3.833727393" /><trkpt lat="53.088645598" lon="-3.833706983" /><trkpt lat="53.088646714" lon="-3.833686297" /><trkpt lat="53.088647636" lon="-3.833669672" /><trkpt lat="53.088648605" lon="-3.833652743" /><trkpt lat="53.088649620" lon="-3.833635530" /><trkpt lat="53.088650680" lon="-3.833618050" /><trkpt lat="53.088651784" lon="-3.833600322" /><trkpt lat="53.088652933" lon="-3.833582366" /><trkpt lat="53.088654125" lon="-3.833564199" /><trkpt lat="53.088655360" lon="-3.833545841" /><trkpt lat="53.088656637" lon="-3.833527310" /><trkpt lat="53.088657955" lon="-3.833508624" /><trkpt lat="53.088659315" lon="-3.833489802" /><trkpt lat="53.088660715" lon="-3.833470864" /><trkpt lat="53.088662154" lon="-3.833451826" /><trkpt lat="53.088663633" lon="-3.833432709" /><trkpt lat="53.088665151" lon="-3.833413530" /><trkpt lat="53.088666706" lon="-3.833394309" /><trkpt lat="53.088668299" lon="-3.833375063" /><trkpt lat="53.088669928" lon="-3.833355812" /><trkpt lat="53.088671593" lon="-3.833336575" /><trkpt lat="53.088673294" lon="-3.833317369" /><trkpt lat="53.088675030" lon="-3.833298213" /><trkpt lat="53.088676800" lon="-3.833279126" /><trkpt lat="53.088678604" lon="-3.833260127" /><trkpt lat="53.088680441" lon="-3.833241235" /><trkpt lat="53.088682310" lon="-3.833222467" /><trkpt lat="53.088684211" lon="-3.833203843" /><trkpt lat="53.088686143" lon="-3.833185381" /><trkpt lat="53.088688106" lon="-3.833167099" /><trkpt lat="53.088690099" lon="-3.833149017" /><trkpt lat="53.088692122" lon="-3.833131153" /><trkpt lat="53.088694173" lon="-3.833113526" /><trkpt lat="53.088696252" lon="-3.833096154" /><trkpt lat="53.088698360" lon="-3.833079055" /><trkpt lat="53.088700494" lon="-3.833062250" /><trkpt lat="53.088702654" lon="-3.833045755" /><trkpt lat="53.088704840" lon="-3.833029590" /><trkpt lat="53.088707052" lon="-3.833013773" /><trkpt lat="53.088709287" lon="-3.832998324" /><trkpt lat="53.088711547" lon="-3.832983260" /><trkpt lat="53.088713830" lon="-3.832968600" /><trkpt lat="53.088716136" lon="-3.832954363" /><trkpt lat="53.088718464" lon="-3.832940568" /><trkpt lat="53.088720814" lon="-3.832927232" /><trkpt lat="53.088723553" lon="-3.832913041" /><trkpt lat="53.088726688" lon="-3.832898634" /><trkpt lat="53.088730201" lon="-3.832884020" /><trkpt lat="53.088734079" lon="-3.832869206" /><trkpt lat="53.088738306" lon="-3.832854200" /><trkpt lat="53.088742867" lon="-3.832839009" /><trkpt lat="53.088747747" lon="-3.832823641" /><trkpt lat="53.088752930" lon="-3.832808104" /><trkpt lat="53.088758401" lon="-3.832792405" /><trkpt lat="53.088764145" lon="-3.832776552" /><trkpt lat="53.088770147" lon="-3.832760552" /><trkpt lat="53.088776391" lon="-3.832744413" /><trkpt lat="53.088782863" lon="-3.832728143" /><trkpt lat="53.088789547" lon="-3.832711750" /><trkpt lat="53.088796429" lon="-3.832695240" /><trkpt lat="53.088803491" lon="-3.832678622" /><trkpt lat="53.088810721" lon="-3.832661903" /><trkpt lat="53.088818102" lon="-3.832645091" /><trkpt lat="53.088825619" lon="-3.832628193" /><trkpt lat="53.088833256" lon="-3.832611217" /><trkpt lat="53.088841000" lon="-3.832594170" /><trkpt lat="53.088848834" lon="-3.832577061" /><trkpt lat="53.088856743" lon="-3.832559897" /><trkpt lat="53.088864713" lon="-3.832542685" /><trkpt lat="53.088872727" lon="-3.832525433" /><trkpt lat="53.088880771" lon="-3.832508149" /><trkpt lat="53.088888829" lon="-3.832490840" /><trkpt lat="53.088896887" lon="-3.832473514" /><trkpt lat="53.088904929" lon="-3.832456178" /><trkpt lat="53.088912939" lon="-3.832438841" /><trkpt lat="53.088920903" lon="-3.832421509" /><trkpt lat="53.088928806" lon="-3.832404191" /><trkpt lat="53.088936631" lon="-3.832386894" /><trkpt lat="53.088944365" lon="-3.832369625" /><trkpt lat="53.088951992" lon="-3.832352392" /><trkpt lat="53.088959496" lon="-3.832335203" /><trkpt lat="53.088966862" lon="-3.832318066" /><trkpt lat="53.088974076" lon="-3.832300987" /><trkpt lat="53.088981122" lon="-3.832283976" /><trkpt lat="53.088987984" lon="-3.832267038" /><trkpt lat="53.088994731" lon="-3.832250037" /><trkpt lat="53.089001440" lon="-3.832232843" /><trkpt lat="53.089008112" lon="-3.832215472" /><trkpt lat="53.089014746" lon="-3.832197942" /><trkpt lat="53.089021343" lon="-3.832180270" /><trkpt lat="53.089027903" lon="-3.832162474" /><trkpt lat="53.089034425" lon="-3.832144571" /><trkpt lat="53.089040910" lon="-3.832126578" /><trkpt lat="53.089047359" lon="-3.832108513" /><trkpt lat="53.089053770" lon="-3.832090393" /><trkpt lat="53.089060144" lon="-3.832072234" /><trkpt lat="53.089066482" lon="-3.832054056" /><trkpt lat="53.089072782" lon="-3.832035875" /><trkpt lat="53.089079046" lon="-3.832017708" /><trkpt lat="53.089085273" lon="-3.831999572" /><trkpt lat="53.089091464" lon="-3.831981486" /><trkpt lat="53.089097618" lon="-3.831963466" /><trkpt lat="53.089103736" lon="-3.831945530" /><trkpt lat="53.089109817" lon="-3.831927695" /><trkpt lat="53.089115862" lon="-3.831909979" /><trkpt lat="53.089121871" lon="-3.831892398" /><trkpt lat="53.089127844" lon="-3.831874970" /><trkpt lat="53.089133780" lon="-3.831857713" /><trkpt lat="53.089139680" lon="-3.831840644" /><trkpt lat="53.089145545" lon="-3.831823779" /><trkpt lat="53.089151373" lon="-3.831807138" /><trkpt lat="53.089157166" lon="-3.831790736" /><trkpt lat="53.089162923" lon="-3.831774591" /><trkpt lat="53.089168644" lon="-3.831758721" /><trkpt lat="53.089174330" lon="-3.831743143" /><trkpt lat="53.089179980" lon="-3.831727874" /><trkpt lat="53.089185595" lon="-3.831712932" /><trkpt lat="53.089191174" lon="-3.831698334" /><trkpt lat="53.089196718" lon="-3.831684097" /><trkpt lat="53.089202226" lon="-3.831670239" /><trkpt lat="53.089207700" lon="-3.831656776" /><trkpt lat="53.089213138" lon="-3.831643727" /><trkpt lat="53.089218541" lon="-3.831631109" /><trkpt lat="53.089223909" lon="-3.831618938" /><trkpt lat="53.089229243" lon="-3.831607234" /><trkpt lat="53.089235961" lon="-3.831592839" /><trkpt lat="53.089242820" lon="-3.831578323" /><trkpt lat="53.089249812" lon="-3.831563686" /><trkpt lat="53.089256930" lon="-3.831548929" /><trkpt lat="53.089264165" lon="-3.831534052" /><trkpt lat="53.089271511" lon="-3.831519057" /><trkpt lat="53.089278958" lon="-3.831503944" /><trkpt lat="53.089286499" lon="-3.831488714" /><trkpt lat="53.089294127" lon="-3.831473367" /><trkpt lat="53.089301833" lon="-3.831457905" /><trkpt lat="53.089309609" lon="-3.831442329" /><trkpt lat="53.089317449" lon="-3.831426638" /><trkpt lat="53.089325343" lon="-3.831410834" /><trkpt lat="53.089333284" lon="-3.831394918" /><trkpt lat="53.089341265" lon="-3.831378890" /><trkpt lat="53.089349277" lon="-3.831362752" /><trkpt lat="53.089357313" lon="-3.831346503" /><trkpt lat="53.089365364" lon="-3.831330146" /><trkpt lat="53.089373424" lon="-3.831313679" /><trkpt lat="53.089381483" lon="-3.831297105" /><trkpt lat="53.089389535" lon="-3.831280425" /><trkpt lat="53.089397571" lon="-3.831263638" /><trkpt lat="53.089405584" lon="-3.831246746" /><trkpt lat="53.089413566" lon="-3.831229749" /><trkpt lat="53.089421508" lon="-3.831212649" /><trkpt lat="53.089429403" lon="-3.831195445" /><trkpt lat="53.089437244" lon="-3.831178140" /><trkpt lat="53.089445022" lon="-3.831160733" /><trkpt lat="53.089452730" lon="-3.831143225" /><trkpt lat="53.089460360" lon="-3.831125618" /><trkpt lat="53.089467903" lon="-3.831107912" /><trkpt lat="53.089475352" lon="-3.831090107" /><trkpt lat="53.089482167" lon="-3.831073344" /><trkpt lat="53.089488687" lon="-3.831056657" /><trkpt lat="53.089494917" lon="-3.831040036" /><trkpt lat="53.089500863" lon="-3.831023475" /><trkpt lat="53.089506531" lon="-3.831006965" /><trkpt lat="53.089511925" lon="-3.830990497" /><trkpt lat="53.089517053" lon="-3.830974063" /><trkpt lat="53.089521920" lon="-3.830957655" /><trkpt lat="53.089526530" lon="-3.830941266" /><trkpt lat="53.089530891" lon="-3.830924887" /><trkpt lat="53.089535007" lon="-3.830908509" /><trkpt lat="53.089538885" lon="-3.830892124" /><trkpt lat="53.089542529" lon="-3.830875725" /><trkpt lat="53.089545946" lon="-3.830859303" /><trkpt lat="53.089549141" lon="-3.830842850" /><trkpt lat="53.089552119" lon="-3.830826357" /><trkpt lat="53.089554888" lon="-3.830809817" /><trkpt lat="53.089557451" lon="-3.830793221" /><trkpt lat="53.089559816" lon="-3.830776562" /><trkpt lat="53.089561987" lon="-3.830759830" /><trkpt lat="53.089563969" lon="-3.830743018" /><trkpt lat="53.089565770" lon="-3.830726118" /><trkpt lat="53.089567394" lon="-3.830709121" /><trkpt lat="53.089568848" lon="-3.830692019" /><trkpt lat="53.089570136" lon="-3.830674804" /><trkpt lat="53.089571264" lon="-3.830657468" /><trkpt lat="53.089572238" lon="-3.830640002" /><trkpt lat="53.089573065" lon="-3.830622399" /><trkpt lat="53.089573748" lon="-3.830604650" /><trkpt lat="53.089574295" lon="-3.830586748" /><trkpt lat="53.089574710" lon="-3.830568683" /><trkpt lat="53.089575000" lon="-3.830550447" /><trkpt lat="53.089575169" lon="-3.830532034" /><trkpt lat="53.089575225" lon="-3.830513433" /><trkpt lat="53.089575308" lon="-3.830492870" /><trkpt lat="53.089575558" lon="-3.830473516" /><trkpt lat="53.089575980" lon="-3.830455310" /><trkpt lat="53.089576575" lon="-3.830438189" /><trkpt lat="53.089577347" lon="-3.830422089" /><trkpt lat="53.089578298" lon="-3.830406948" /><trkpt lat="53.089579432" lon="-3.830392703" /><trkpt lat="53.089580752" lon="-3.830379291" /><trkpt lat="53.089582261" lon="-3.830366650" /><trkpt lat="53.089583961" lon="-3.830354716" /><trkpt lat="53.089585855" lon="-3.830343428" /><trkpt lat="53.089587947" lon="-3.830332721" /><trkpt lat="53.089590239" lon="-3.830322534" /><trkpt lat="53.089592735" lon="-3.830312803" /><trkpt lat="53.089595438" lon="-3.830303465" /><trkpt lat="53.089598350" lon="-3.830294459" /><trkpt lat="53.089601474" lon="-3.830285720" /><trkpt lat="53.089604813" lon="-3.830277187" /><trkpt lat="53.089608371" lon="-3.830268796" /><trkpt lat="53.089612150" lon="-3.830260484" /><trkpt lat="53.089616154" lon="-3.830252189" /><trkpt lat="53.089620384" lon="-3.830243849" /><trkpt lat="53.089624845" lon="-3.830235399" /><trkpt lat="53.089629539" lon="-3.830226778" /><trkpt lat="53.089634470" lon="-3.830217922" /><trkpt lat="53.089639639" lon="-3.830208769" /><trkpt lat="53.089645051" lon="-3.830199256" /><trkpt lat="53.089650707" lon="-3.830189320" /><trkpt lat="53.089656612" lon="-3.830178899" /><trkpt lat="53.089662768" lon="-3.830167929" /><trkpt lat="53.089669032" lon="-3.830156364" /><trkpt lat="53.089675252" lon="-3.830144223" /><trkpt lat="53.089681417" lon="-3.830131534" /><trkpt lat="53.089687513" lon="-3.830118328" /><trkpt lat="53.089693531" lon="-3.830104636" /><trkpt lat="53.089699457" lon="-3.830090488" /><trkpt lat="53.089705279" lon="-3.830075914" /><trkpt lat="53.089710987" lon="-3.830060945" /><trkpt lat="53.089716568" lon="-3.830045612" /><trkpt lat="53.089722011" lon="-3.830029944" /><trkpt lat="53.089727303" lon="-3.830013972" /><trkpt lat="53.089732434" lon="-3.829997726" /><trkpt lat="53.089737390" lon="-3.829981238" /><trkpt lat="53.089742160" lon="-3.829964536" /><trkpt lat="53.089746733" lon="-3.829947652" /><trkpt lat="53.089751096" lon="-3.829930616" /><trkpt lat="53.089755238" lon="-3.829913459" /><trkpt lat="53.089759148" lon="-3.829896210" /><trkpt lat="53.089762812" lon="-3.829878901" /><trkpt lat="53.089766220" lon="-3.829861561" /><trkpt lat="53.089769359" lon="-3.829844221" /><trkpt lat="53.089772218" lon="-3.829826911" /><trkpt lat="53.089774784" lon="-3.829809663" /><trkpt lat="53.089777047" lon="-3.829792505" /><trkpt lat="53.089778994" lon="-3.829775469" /><trkpt lat="53.089780614" lon="-3.829758585" /><trkpt lat="53.089781894" lon="-3.829741884" /><trkpt lat="53.089782823" lon="-3.829725395" /><trkpt lat="53.089783389" lon="-3.829709150" /><trkpt lat="53.089783581" lon="-3.829693178" /><trkpt lat="53.089783652" lon="-3.829678423" /><trkpt lat="53.089783844" lon="-3.829663814" /><trkpt lat="53.089784130" lon="-3.829649322" /><trkpt lat="53.089784481" lon="-3.829634918" /><trkpt lat="53.089784866" lon="-3.829620576" /><trkpt lat="53.089785259" lon="-3.829606266" /><trkpt lat="53.089785628" lon="-3.829591961" /><trkpt lat="53.089785947" lon="-3.829577633" /><trkpt lat="53.089786185" lon="-3.829563254" /><trkpt lat="53.089786314" lon="-3.829548796" /><trkpt lat="53.089786305" lon="-3.829534231" /><trkpt lat="53.089786129" lon="-3.829519531" /><trkpt lat="53.089785758" lon="-3.829504668" /><trkpt lat="53.089785161" lon="-3.829489613" /><trkpt lat="53.089784311" lon="-3.829474340" /><trkpt lat="53.089783178" lon="-3.829458820" /><trkpt lat="53.089781734" lon="-3.829443024" /><trkpt lat="53.089779950" lon="-3.829426926" /><trkpt lat="53.089777796" lon="-3.829410497" /><trkpt lat="53.089775244" lon="-3.829393708" /><trkpt lat="53.089772265" lon="-3.829376533" /><trkpt lat="53.089768830" lon="-3.829358942" /><trkpt lat="53.089764909" lon="-3.829340909" /><trkpt lat="53.089760476" lon="-3.829322404" /><trkpt lat="53.089755499" lon="-3.829303401" /><trkpt lat="53.089749951" lon="-3.829283871" /><trkpt lat="53.089743802" lon="-3.829263785" /><trkpt lat="53.089737024" lon="-3.829243117" /><trkpt lat="53.089729588" lon="-3.829221838" /><trkpt lat="53.089721464" lon="-3.829199919" /><trkpt lat="53.089712624" lon="-3.829177334" /><trkpt lat="53.089703039" lon="-3.829154054" /><trkpt lat="53.089695652" lon="-3.829136897" /><trkpt lat="53.089687998" lon="-3.829119808" /><trkpt lat="53.089680086" lon="-3.829102793" /><trkpt lat="53.089671929" lon="-3.829085854" /><trkpt lat="53.089663538" lon="-3.829068997" /><trkpt lat="53.089654925" lon="-3.829052225" /><trkpt lat="53.089646100" lon="-3.829035542" /><trkpt lat="53.089637075" lon="-3.829018952" /><trkpt lat="53.089627861" lon="-3.829002460" /><trkpt lat="53.089618469" lon="-3.828986068" /><trkpt lat="53.089608912" lon="-3.828969783" /><trkpt lat="53.089599200" lon="-3.828953606" /><trkpt lat="53.089589345" lon="-3.828937543" /><trkpt lat="53.089579358" lon="-3.828921597" /><trkpt lat="53.089569250" lon="-3.828905773" /><trkpt lat="53.089559032" lon="-3.828890074" /><trkpt lat="53.089548717" lon="-3.828874505" /><trkpt lat="53.089538315" lon="-3.828859069" /><trkpt lat="53.089527838" lon="-3.828843771" /><trkpt lat="53.089517296" lon="-3.828828615" /><trkpt lat="53.089506702" lon="-3.828813604" /><trkpt lat="53.089496067" lon="-3.828798743" /><trkpt lat="53.089485402" lon="-3.828784036" /><trkpt lat="53.089474718" lon="-3.828769487" /><trkpt lat="53.089464027" lon="-3.828755099" /><trkpt lat="53.089453340" lon="-3.828740878" /><trkpt lat="53.089442668" lon="-3.828726826" /><trkpt lat="53.089432024" lon="-3.828712949" /><trkpt lat="53.089421417" lon="-3.828699249" /><trkpt lat="53.089410859" lon="-3.828685731" /><trkpt lat="53.089400363" lon="-3.828672400" /><trkpt lat="53.089389938" lon="-3.828659259" /><trkpt lat="53.089379597" lon="-3.828646312" /><trkpt lat="53.089369351" lon="-3.828633563" /><trkpt lat="53.089359211" lon="-3.828621016" /><trkpt lat="53.089349188" lon="-3.828608675" /><trkpt lat="53.089339295" lon="-3.828596545" /><trkpt lat="53.089329541" lon="-3.828584630" /><trkpt lat="53.089319939" lon="-3.828572932" /><trkpt lat="53.089310499" lon="-3.828561458" /><trkpt lat="53.089301234" lon="-3.828550209" /><trkpt lat="53.089292154" lon="-3.828539191" /><trkpt lat="53.089283271" lon="-3.828528408" /><trkpt lat="53.089274597" lon="-3.828517863" /><trkpt lat="53.089262095" lon="-3.828502893" /><trkpt lat="53.089249709" lon="-3.828488552" /><trkpt lat="53.089237429" lon="-3.828474834" /><trkpt lat="53.089225241" lon="-3.828461730" /><trkpt lat="53.089213133" lon="-3.828449232" /><trkpt lat="53.089201094" lon="-3.828437333" /><trkpt lat="53.089189110" lon="-3.828426024" /><trkpt lat="53.089177170" lon="-3.828415298" /><trkpt lat="53.089165262" lon="-3.828405146" /><trkpt lat="53.089153373" lon="-3.828395560" /><trkpt lat="53.089141492" lon="-3.828386533" /><trkpt lat="53.089129605" lon="-3.828378056" /><trkpt lat="53.089117702" lon="-3.828370122" /><trkpt lat="53.089105769" lon="-3.828362722" /><trkpt lat="53.089093794" lon="-3.828355849" /><trkpt lat="53.089081766" lon="-3.828349494" /><trkpt lat="53.089069672" lon="-3.828343651" /><trkpt lat="53.089057500" lon="-3.828338309" /><trkpt lat="53.089045237" lon="-3.828333462" /><trkpt lat="53.089032872" lon="-3.828329102" /><trkpt lat="53.089020393" lon="-3.828325221" /><trkpt lat="53.089007787" lon="-3.828321810" /><trkpt lat="53.088995041" lon="-3.828318862" /><trkpt lat="53.088982145" lon="-3.828316369" /><trkpt lat="53.088969085" lon="-3.828314322" /><trkpt lat="53.088955850" lon="-3.828312714" /><trkpt lat="53.088942427" lon="-3.828311537" /><trkpt lat="53.088928804" lon="-3.828310783" /><trkpt lat="53.088914969" lon="-3.828310444" /><trkpt lat="53.088900909" lon="-3.828310511" /><trkpt lat="53.088886787" lon="-3.828310680" /><trkpt lat="53.088872767" lon="-3.828310654" /><trkpt lat="53.088858836" lon="-3.828310439" /><trkpt lat="53.088844985" lon="-3.828310040" /><trkpt lat="53.088831203" lon="-3.828309463" /><trkpt lat="53.088817479" lon="-3.828308713" /><trkpt lat="53.088803803" lon="-3.828307797" /><trkpt lat="53.088790163" lon="-3.828306719" /><trkpt lat="53.088776550" lon="-3.828305486" /><trkpt lat="53.088762953" lon="-3.828304103" /><trkpt lat="53.088749360" lon="-3.828302576" /><trkpt lat="53.088735762" lon="-3.828300910" /><trkpt lat="53.088722147" lon="-3.828299111" /><trkpt lat="53.088708506" lon="-3.828297184" /><trkpt lat="53.088694826" lon="-3.828295135" /><trkpt lat="53.088681099" lon="-3.828292971" /><trkpt lat="53.088667312" lon="-3.828290695" /><trkpt lat="53.088653456" lon="-3.828288315" /><trkpt lat="53.088639519" lon="-3.828285835" /><trkpt lat="53.088625492" lon="-3.828283262" /><trkpt lat="53.088611363" lon="-3.828280600" /><trkpt lat="53.088597121" lon="-3.828277856" /><trkpt lat="53.088582757" lon="-3.828275035" /><trkpt lat="53.088568259" lon="-3.828272143" /><trkpt lat="53.088553617" lon="-3.828269185" /><trkpt lat="53.088538820" lon="-3.828266167" /><trkpt lat="53.088523857" lon="-3.828263095" /><trkpt lat="53.088508718" lon="-3.828259974" /><trkpt lat="53.088493393" lon="-3.828256810" /><trkpt lat="53.088477870" lon="-3.828253608" /><trkpt lat="53.088462362" lon="-3.828250252" /><trkpt lat="53.088447091" lon="-3.828246639" /><trkpt lat="53.088432056" lon="-3.828242800" /><trkpt lat="53.088417257" lon="-3.828238763" /><trkpt lat="53.088402695" lon="-3.828234558" /><trkpt lat="53.088388368" lon="-3.828230213" /><trkpt lat="53.088374278" lon="-3.828225757" /><trkpt lat="53.088360425" lon="-3.828221221" /><trkpt lat="53.088346807" lon="-3.828216632" /><trkpt lat="53.088333426" lon="-3.828212021" /><trkpt lat="53.088320281" lon="-3.828207416" /><trkpt lat="53.088307372" lon="-3.828202846" /><trkpt lat="53.088294700" lon="-3.828198341" /><trkpt lat="53.088282263" lon="-3.828193930" /><trkpt lat="53.088270064" lon="-3.828189641" /><trkpt lat="53.088258100" lon="-3.828185505" /><trkpt lat="53.088246372" lon="-3.828181549" /><trkpt lat="53.088234881" lon="-3.828177804" /><trkpt lat="53.088223626" lon="-3.828174298" /><trkpt lat="53.088212608" lon="-3.828171061" /><trkpt lat="53.088201825" lon="-3.828168122" /><trkpt lat="53.088191279" lon="-3.828165509" /><trkpt lat="53.088180969" lon="-3.828163253" /><trkpt lat="53.088170896" lon="-3.828161381" /><trkpt lat="53.088161058" lon="-3.828159924" /><trkpt lat="53.088151457" lon="-3.828158910" /><trkpt lat="53.088142092" lon="-3.828158369" /><trkpt lat="53.088132964" lon="-3.828158330" /><trkpt lat="53.088124072" lon="-3.828158821" /><trkpt lat="53.088115416" lon="-3.828159873" /><trkpt lat="53.088106652" lon="-3.828161452" /><trkpt lat="53.088097457" lon="-3.828163492" /><trkpt lat="53.088087862" lon="-3.828165972" /><trkpt lat="53.088077895" lon="-3.828168871" /><trkpt lat="53.088067589" lon="-3.828172166" /><trkpt lat="53.088056972" lon="-3.828175837" /><trkpt lat="53.088046077" lon="-3.828179862" /><trkpt lat="53.088034933" lon="-3.828184220" /><trkpt lat="53.088023570" lon="-3.828188889" /><trkpt lat="53.088012020" lon="-3.828193847" /><trkpt lat="53.088000312" lon="-3.828199074" /><trkpt lat="53.087988477" lon="-3.828204548" /><trkpt lat="53.087976545" lon="-3.828210246" /><trkpt lat="53.087964547" lon="-3.828216149" /><trkpt lat="53.087952514" lon="-3.828222234" /><trkpt lat="53.087940474" lon="-3.828228480" /><trkpt lat="53.087928460" lon="-3.828234865" /><trkpt lat="53.087916502" lon="-3.828241369" /><trkpt lat="53.087904629" lon="-3.828247969" /><trkpt lat="53.087892873" lon="-3.828254644" /><trkpt lat="53.087881263" lon="-3.828261373" /><trkpt lat="53.087869831" lon="-3.828268134" /><trkpt lat="53.087858606" lon="-3.828274905" /><trkpt lat="53.087847619" lon="-3.828281666" /><trkpt lat="53.087836901" lon="-3.828288395" /><trkpt lat="53.087826482" lon="-3.828295070" /><trkpt lat="53.087816392" lon="-3.828301670" /><trkpt lat="53.087806662" lon="-3.828308174" /><trkpt lat="53.087797322" lon="-3.828314559" /><trkpt lat="53.087788403" lon="-3.828320805" /><trkpt lat="53.087779775" lon="-3.828326932" /><trkpt lat="53.087771283" lon="-3.828332984" /><trkpt lat="53.087762915" lon="-3.828338971" /><trkpt lat="53.087754661" lon="-3.828344906" /><trkpt lat="53.087746509" lon="-3.828350800" /><trkpt lat="53.087738450" lon="-3.828356666" /><trkpt lat="53.087730472" lon="-3.828362515" /><trkpt lat="53.087722564" lon="-3.828368358" /><trkpt lat="53.087714716" lon="-3.828374209" /><trkpt lat="53.087706917" lon="-3.828380078" /><trkpt lat="53.087699156" lon="-3.828385977" /><trkpt lat="53.087691422" lon="-3.828391919" /><trkpt lat="53.087683704" lon="-3.828397914" /><trkpt lat="53.087675992" lon="-3.828403975" /><trkpt lat="53.087668274" lon="-3.828410114" /><trkpt lat="53.087660541" lon="-3.828416343" /><trkpt lat="53.087652780" lon="-3.828422672" /><trkpt lat="53.087644982" lon="-3.828429115" /><trkpt lat="53.087637135" lon="-3.828435682" /><trkpt lat="53.087629229" lon="-3.828442386" /><trkpt lat="53.087621252" lon="-3.828449239" /><trkpt lat="53.087613195" lon="-3.828456251" /><trkpt lat="53.087605046" lon="-3.828463436" /><trkpt lat="53.087596794" lon="-3.828470805" /><trkpt lat="53.087588429" lon="-3.828478369" /><trkpt lat="53.087579939" lon="-3.828486141" /><trkpt lat="53.087571314" lon="-3.828494132" /><trkpt lat="53.087562544" lon="-3.828502355" /><trkpt lat="53.087553616" lon="-3.828510820" /><trkpt lat="53.087544521" lon="-3.828519540" /><trkpt lat="53.087535345" lon="-3.828528067" /><trkpt lat="53.087526183" lon="-3.828535943" /><trkpt lat="53.087517042" lon="-3.828543162" /><trkpt lat="53.087507928" lon="-3.828549717" /><trkpt lat="53.087498848" lon="-3.828555603" /><trkpt lat="53.087489808" lon="-3.828560815" /><trkpt lat="53.087480814" lon="-3.828565345" /><trkpt lat="53.087471872" lon="-3.828569189" /><trkpt lat="53.087462988" lon="-3.828572341" /><trkpt lat="53.087454169" lon="-3.828574795" /><trkpt lat="53.087445421" lon="-3.828576545" /><trkpt lat="53.087436751" lon="-3.828577584" /><trkpt lat="53.087428163" lon="-3.828577909" /><trkpt lat="53.087419665" lon="-3.828577511" /><trkpt lat="53.087411263" lon="-3.828576387" /><trkpt lat="53.087402963" lon="-3.828574529" /><trkpt lat="53.087394771" lon="-3.828571932" /><trkpt lat="53.087386694" lon="-3.828568591" /><trkpt lat="53.087378737" lon="-3.828564499" /><trkpt lat="53.087370907" lon="-3.828559650" /><trkpt lat="53.087363211" lon="-3.828554039" /><trkpt lat="53.087355653" lon="-3.828547660" /><trkpt lat="53.087348242" lon="-3.828540507" /><trkpt lat="53.087340982" lon="-3.828532575" /><trkpt lat="53.087333880" lon="-3.828523857" /><trkpt lat="53.087326943" lon="-3.828514347" /><trkpt lat="53.087320176" lon="-3.828504040" /><trkpt lat="53.087313585" lon="-3.828492930" /><trkpt lat="53.087307178" lon="-3.828481012" /><trkpt lat="53.087300960" lon="-3.828468278" /><trkpt lat="53.087295993" lon="-3.828456625" /><trkpt lat="53.087291571" lon="-3.828444224" /><trkpt lat="53.087287672" lon="-3.828431112" /><trkpt lat="53.087284271" lon="-3.828417331" /><trkpt lat="53.087281347" lon="-3.828402920" /><trkpt lat="53.087278876" lon="-3.828387917" /><trkpt lat="53.087276835" lon="-3.828372362" /><trkpt lat="53.087275201" lon="-3.828356295" /><trkpt lat="53.087273951" lon="-3.828339755" /><trkpt lat="53.087273062" lon="-3.828322782" /><trkpt lat="53.087272512" lon="-3.828305414" /><trkpt lat="53.087272276" lon="-3.828287692" /><trkpt lat="53.087272333" lon="-3.828269654" /><trkpt lat="53.087272659" lon="-3.828251341" /><trkpt lat="53.087273231" lon="-3.828232791" /><trkpt lat="53.087274027" lon="-3.828214044" /><trkpt lat="53.087275022" lon="-3.828195139" /><trkpt lat="53.087276195" lon="-3.828176116" /><trkpt lat="53.087277522" lon="-3.828157015" /><trkpt lat="53.087278980" lon="-3.828137874" /><trkpt lat="53.087280546" lon="-3.828118733" /><trkpt lat="53.087282198" lon="-3.828099631" /><trkpt lat="53.087283912" lon="-3.828080608" /><trkpt lat="53.087285664" lon="-3.828061703" /><trkpt lat="53.087287434" lon="-3.828042956" /><trkpt lat="53.087289196" lon="-3.828024406" /><trkpt lat="53.087290929" lon="-3.828006093" /><trkpt lat="53.087292609" lon="-3.827988055" /><trkpt lat="53.087294213" lon="-3.827970333" /><trkpt lat="53.087295718" lon="-3.827952965" /><trkpt lat="53.087297102" lon="-3.827935992" /><trkpt lat="53.087298341" lon="-3.827919452" /><trkpt lat="53.087299412" lon="-3.827903385" /><trkpt lat="53.087300293" lon="-3.827887830" /><trkpt lat="53.087300960" lon="-3.827872828" /><trkpt lat="53.087301516" lon="-3.827855901" /><trkpt lat="53.087301892" lon="-3.827839432" /><trkpt lat="53.087302086" lon="-3.827823391" /><trkpt lat="53.087302095" lon="-3.827807748" /><trkpt lat="53.087301915" lon="-3.827792473" /><trkpt lat="53.087301545" lon="-3.827777535" /><trkpt lat="53.087300981" lon="-3.827762905" /><trkpt lat="53.087300219" lon="-3.827748552" /><trkpt lat="53.087299258" lon="-3.827734446" /><trkpt lat="53.087298095" lon="-3.827720556" /><trkpt lat="53.087296726" lon="-3.827706854" /><trkpt lat="53.087295148" lon="-3.827693307" /><trkpt lat="53.087293359" lon="-3.827679887" /><trkpt lat="53.087291355" lon="-3.827666563" /><trkpt lat="53.087289134" lon="-3.827653305" /><trkpt lat="53.087286693" lon="-3.827640083" /><trkpt lat="53.087284029" lon="-3.827626867" /><trkpt lat="53.087281139" lon="-3.827613626" /><trkpt lat="53.087278021" lon="-3.827600330" /><trkpt lat="53.087274670" lon="-3.827586949" /><trkpt lat="53.087271084" lon="-3.827573453" /><trkpt lat="53.087267261" lon="-3.827559811" /><trkpt lat="53.087263198" lon="-3.827545995" /><trkpt lat="53.087258891" lon="-3.827531972" /><trkpt lat="53.087254337" lon="-3.827517714" /><trkpt lat="53.087249534" lon="-3.827503190" /><trkpt lat="53.087244480" lon="-3.827488369" /><trkpt lat="53.087239169" lon="-3.827473223" /><trkpt lat="53.087233601" lon="-3.827457720" /><trkpt lat="53.087227772" lon="-3.827441830" /><trkpt lat="53.087221631" lon="-3.827425869" /><trkpt lat="53.087215136" lon="-3.827410172" /><trkpt lat="53.087208298" lon="-3.827394730" /><trkpt lat="53.087201128" lon="-3.827379539" /><trkpt lat="53.087193637" lon="-3.827364592" /><trkpt lat="53.087185837" lon="-3.827349883" /><trkpt lat="53.087177738" lon="-3.827335407" /><trkpt lat="53.087169351" lon="-3.827321158" /><trkpt lat="53.087160688" lon="-3.827307129" /><trkpt lat="53.087151760" lon="-3.827293315" /><trkpt lat="53.087142578" lon="-3.827279709" /><trkpt lat="53.087133153" lon="-3.827266306" /><trkpt lat="53.087123495" lon="-3.827253099" /><trkpt lat="53.087113617" lon="-3.827240084" /><trkpt lat="53.087103529" lon="-3.827227253" /><trkpt lat="53.087093242" lon="-3.827214601" /><trkpt lat="53.087082768" lon="-3.827202122" /><trkpt lat="53.087072117" lon="-3.827189809" /><trkpt lat="53.087061301" lon="-3.827177658" /><trkpt lat="53.087050331" lon="-3.827165662" /><trkpt lat="53.087039217" lon="-3.827153814" /><trkpt lat="53.087027972" lon="-3.827142110" /><trkpt lat="53.087016605" lon="-3.827130543" /><trkpt lat="53.087005128" lon="-3.827119106" /><trkpt lat="53.086993553" lon="-3.827107795" /><trkpt lat="53.086981890" lon="-3.827096604" /><trkpt lat="53.086970150" lon="-3.827085525" /><trkpt lat="53.086958345" lon="-3.827074554" /><trkpt lat="53.086946485" lon="-3.827063684" /><trkpt lat="53.086934582" lon="-3.827052909" /><trkpt lat="53.086922488" lon="-3.827042694" /><trkpt lat="53.086910063" lon="-3.827033484" /><trkpt lat="53.086897328" lon="-3.827025244" /><trkpt lat="53.086884305" lon="-3.827017939" /><trkpt lat="53.086871016" lon="-3.827011534" /><trkpt lat="53.086857483" lon="-3.827005995" /><trkpt lat="53.086843727" lon="-3.827001288" /><trkpt lat="53.086829770" lon="-3.826997377" /><trkpt lat="53.086815634" lon="-3.826994227" /><trkpt lat="53.086801341" lon="-3.826991804" /><trkpt lat="53.086786912" lon="-3.826990074" /><trkpt lat="53.086772369" lon="-3.826989000" /><trkpt lat="53.086757734" lon="-3.826988550" /><trkpt lat="53.086743029" lon="-3.826988688" /><trkpt lat="53.086728275" lon="-3.826989378" /><trkpt lat="53.086713494" lon="-3.826990588" /><trkpt lat="53.086698708" lon="-3.826992281" /><trkpt lat="53.086683939" lon="-3.826994424" /><trkpt lat="53.086669208" lon="-3.826996980" /><trkpt lat="53.086654538" lon="-3.826999917" /><trkpt lat="53.086639949" lon="-3.827003198" /><trkpt lat="53.086625464" lon="-3.827006790" /><trkpt lat="53.086611104" lon="-3.827010657" /><trkpt lat="53.086596892" lon="-3.827014765" /><trkpt lat="53.086582848" lon="-3.827019079" /><trkpt lat="53.086568995" lon="-3.827023564" /><trkpt lat="53.086555355" lon="-3.827028186" /><trkpt lat="53.086541948" lon="-3.827032910" /><trkpt lat="53.086528798" lon="-3.827037701" /><trkpt lat="53.086515926" lon="-3.827042524" /><trkpt lat="53.086503536" lon="-3.827047512" /><trkpt lat="53.086491790" lon="-3.827052820" /><trkpt lat="53.086480646" lon="-3.827058442" /><trkpt lat="53.086470061" lon="-3.827064378" /><trkpt lat="53.086459992" lon="-3.827070623" /><trkpt lat="53.086450395" lon="-3.827077176" /><trkpt lat="53.086441228" lon="-3.827084032" /><trkpt lat="53.086432447" lon="-3.827091189" /><trkpt lat="53.086424011" lon="-3.827098644" /><trkpt lat="53.086415875" lon="-3.827106394" /><trkpt lat="53.086407997" lon="-3.827114436" /><trkpt lat="53.086400334" lon="-3.827122767" /><trkpt lat="53.086392843" lon="-3.827131384" /><trkpt lat="53.086385480" lon="-3.827140284" /><trkpt lat="53.086378204" lon="-3.827149465" /><trkpt lat="53.086370970" lon="-3.827158922" /><trkpt lat="53.086363737" lon="-3.827168654" /><trkpt lat="53.086356460" lon="-3.827178657" /><trkpt lat="53.086349098" lon="-3.827188928" /><trkpt lat="53.086341607" lon="-3.827199464" /><trkpt lat="53.086333943" lon="-3.827210263" /><trkpt lat="53.086326065" lon="-3.827221321" /><trkpt lat="53.086317929" lon="-3.827232636" /><trkpt lat="53.086309492" lon="-3.827244204" /><trkpt lat="53.086300712" lon="-3.827256022" /><trkpt lat="53.086291544" lon="-3.827268088" /><trkpt lat="53.086281947" lon="-3.827280398" /><trkpt lat="53.086271877" lon="-3.827292950" /><trkpt lat="53.086261292" lon="-3.827305740" /><trkpt lat="53.086250147" lon="-3.827318766" /><trkpt lat="53.086238628" lon="-3.827331949" /><trkpt lat="53.086226949" lon="-3.827345188" /><trkpt lat="53.086215117" lon="-3.827358446" /><trkpt lat="53.086203138" lon="-3.827371684" /><trkpt lat="53.086191018" lon="-3.827384867" /><trkpt lat="53.086178762" lon="-3.827397957" /><trkpt lat="53.086166378" lon="-3.827410917" /><trkpt lat="53.086153870" lon="-3.827423709" /><trkpt lat="53.086141245" lon="-3.827436297" /><trkpt lat="53.086128508" lon="-3.827448643" /><trkpt lat="53.086115667" lon="-3.827460710" /><trkpt lat="53.086102726" lon="-3.827472461" /><trkpt lat="53.086089692" lon="-3.827483858" /><trkpt lat="53.086076571" lon="-3.827494865" /><trkpt lat="53.086063368" lon="-3.827505444" /><trkpt lat="53.086050091" lon="-3.827515559" /><trkpt lat="53.086036744" lon="-3.827525171" /><trkpt lat="53.086023335" lon="-3.827534244" /><trkpt lat="53.086009867" lon="-3.827542740" /><trkpt lat="53.085996349" lon="-3.827550623" /><trkpt lat="53.085982786" lon="-3.827557855" /><trkpt lat="53.085969183" lon="-3.827564399" /><trkpt lat="53.085955548" lon="-3.827570217" /><trkpt lat="53.085941885" lon="-3.827575273" /><trkpt lat="53.085928201" lon="-3.827579530" /><trkpt lat="53.085914502" lon="-3.827582950" /><trkpt lat="53.085900794" lon="-3.827585495" /><trkpt lat="53.085887082" lon="-3.827587130" /><trkpt lat="53.085873374" lon="-3.827587816" /><trkpt lat="53.085859674" lon="-3.827587516" /><trkpt lat="53.085845740" lon="-3.827586326" /><trkpt lat="53.085831350" lon="-3.827584415" /><trkpt lat="53.085816541" lon="-3.827581857" /><trkpt lat="53.085801352" lon="-3.827578729" /><trkpt lat="53.085785821" lon="-3.827575106" /><trkpt lat="53.085769985" lon="-3.827571061" /><trkpt lat="53.085753883" lon="-3.827566672" /><trkpt lat="53.085737553" lon="-3.827562012" /><trkpt lat="53.085721032" lon="-3.827557157" /><trkpt lat="53.085704358" lon="-3.827552182" /><trkpt lat="53.085687570" lon="-3.827547162" /><trkpt lat="53.085670706" lon="-3.827542172" /><trkpt lat="53.085653802" lon="-3.827537288" /><trkpt lat="53.085636898" lon="-3.827532584" /><trkpt lat="53.085620031" lon="-3.827528136" /><trkpt lat="53.085603239" lon="-3.827524019" /><trkpt lat="53.085586560" lon="-3.827520307" /><trkpt lat="53.085570033" lon="-3.827517077" /><trkpt lat="53.085553694" lon="-3.827514403" /><trkpt lat="53.085537582" lon="-3.827512361" /><trkpt lat="53.085521736" lon="-3.827511024" /><trkpt lat="53.085506192" lon="-3.827510470" /><trkpt lat="53.085490989" lon="-3.827510772" /><trkpt lat="53.085476165" lon="-3.827512006" /><trkpt lat="53.085461758" lon="-3.827514247" /><trkpt lat="53.085447805" lon="-3.827517570" /><trkpt lat="53.085434345" lon="-3.827522051" /><trkpt lat="53.085421416" lon="-3.827527764" /><trkpt lat="53.085409056" lon="-3.827534784" /><trkpt lat="53.085397302" lon="-3.827543187" /><trkpt lat="53.085386991" lon="-3.827551597" /><trkpt lat="53.085376856" lon="-3.827560254" /><trkpt lat="53.085366902" lon="-3.827569175" /><trkpt lat="53.085357129" lon="-3.827578375" /><trkpt lat="53.085347543" lon="-3.827587872" /><trkpt lat="53.085338144" lon="-3.827597680" /><trkpt lat="53.085328937" lon="-3.827607815" /><trkpt lat="53.085319924" lon="-3.827618295" /><trkpt lat="53.085311108" lon="-3.827629134" /><trkpt lat="53.085302492" lon="-3.827640348" /><trkpt lat="53.085294079" lon="-3.827651954" /><trkpt lat="53.085285871" lon="-3.827663967" /><trkpt lat="53.085277873" lon="-3.827676403" /><trkpt lat="53.085270086" lon="-3.827689279" /><trkpt lat="53.085262514" lon="-3.827702609" /><trkpt lat="53.085255159" lon="-3.827716411" /><trkpt lat="53.085248025" lon="-3.827730700" /><trkpt lat="53.085241114" lon="-3.827745492" /><trkpt lat="53.085234429" lon="-3.827760803" /><trkpt lat="53.085227974" lon="-3.827776649" /><trkpt lat="53.085221751" lon="-3.827793046" /><trkpt lat="53.085215762" lon="-3.827810010" /><trkpt lat="53.085210012" lon="-3.827827556" /><trkpt lat="53.085204503" lon="-3.827845702" /><trkpt lat="53.085199237" lon="-3.827864461" /><trkpt lat="53.085194218" lon="-3.827883852" /><trkpt lat="53.085189449" lon="-3.827903889" /><trkpt lat="53.085184932" lon="-3.827924588" /><trkpt lat="53.085180671" lon="-3.827945966" /><trkpt lat="53.085176668" lon="-3.827968038" /><trkpt lat="53.085172927" lon="-3.827990821" /><trkpt lat="53.085169449" lon="-3.828014330" /><trkpt lat="53.085166239" lon="-3.828038581" /><trkpt lat="53.085164687" lon="-3.828052253" /><trkpt lat="53.085163404" lon="-3.828066175" /><trkpt lat="53.085162380" lon="-3.828080339" /><trkpt lat="53.085161603" lon="-3.828094739" /><trkpt lat="53.085161063" lon="-3.828109368" /><trkpt lat="53.085160747" lon="-3.828124220" /><trkpt lat="53.085160645" lon="-3.828139287" /><trkpt lat="53.085160745" lon="-3.828154564" /><trkpt lat="53.085161036" lon="-3.828170044" /><trkpt lat="53.085161507" lon="-3.828185720" /><trkpt lat="53.085162146" lon="-3.828201585" /><trkpt lat="53.085162941" lon="-3.828217632" /><trkpt lat="53.085163883" lon="-3.828233856" /><trkpt lat="53.085164959" lon="-3.828250249" /><trkpt lat="53.085166158" lon="-3.828266804" /><trkpt lat="53.085167469" lon="-3.828283515" /><trkpt lat="53.085168881" lon="-3.828300376" /><trkpt lat="53.085170381" lon="-3.828317379" /><trkpt lat="53.085171960" lon="-3.828334518" /><trkpt lat="53.085173605" lon="-3.828351786" /><trkpt lat="53.085175306" lon="-3.828369177" /><trkpt lat="53.085177050" lon="-3.828386684" /><trkpt lat="53.085178827" lon="-3.828404300" /><trkpt lat="53.085180626" lon="-3.828422018" /><trkpt lat="53.085182434" lon="-3.828439833" /><trkpt lat="53.085184241" lon="-3.828457736" /><trkpt lat="53.085186036" lon="-3.828475722" /><trkpt lat="53.085187807" lon="-3.828493785" /><trkpt lat="53.085189543" lon="-3.828511916" /><trkpt lat="53.085191233" lon="-3.828530110" /><trkpt lat="53.085192864" lon="-3.828548360" /><trkpt lat="53.085194427" lon="-3.828566659" /><trkpt lat="53.085195910" lon="-3.828585000" /><trkpt lat="53.085197300" lon="-3.828603377" /><trkpt lat="53.085198588" lon="-3.828621784" /><trkpt lat="53.085199762" lon="-3.828640213" /><trkpt lat="53.085200810" lon="-3.828658658" /><trkpt lat="53.085201721" lon="-3.828677112" /><trkpt lat="53.085202484" lon="-3.828695569" /><trkpt lat="53.085203088" lon="-3.828714022" /><trkpt lat="53.085203520" lon="-3.828732463" /><trkpt lat="53.085203771" lon="-3.828750887" /><trkpt lat="53.085203829" lon="-3.828769288" /><trkpt lat="53.085203681" lon="-3.828787657" /><trkpt lat="53.085203318" lon="-3.828805989" /><trkpt lat="53.085202728" lon="-3.828824276" /><trkpt lat="53.085201899" lon="-3.828842513" /><trkpt lat="53.085200820" lon="-3.828860692" /><trkpt lat="53.085199480" lon="-3.828878807" /><trkpt lat="53.085197868" lon="-3.828896851" /><trkpt lat="53.085195971" lon="-3.828914818" /><trkpt lat="53.085193780" lon="-3.828932701" /><trkpt lat="53.085191283" lon="-3.828950492" /><trkpt lat="53.085188467" lon="-3.828968186" /><trkpt lat="53.085185323" lon="-3.828985776" /><trkpt lat="53.085181838" lon="-3.829003256" /><trkpt lat="53.085178002" lon="-3.829020617" /><trkpt lat="53.085173803" lon="-3.829037854" /><trkpt lat="53.085169230" lon="-3.829054961" /><trkpt lat="53.085164271" lon="-3.829071930" /><trkpt lat="53.085156779" lon="-3.829095642" /><trkpt lat="53.085149038" lon="-3.829118511" /><trkpt lat="53.085141054" lon="-3.829140559" /><trkpt lat="53.085132835" lon="-3.829161808" /><trkpt lat="53.085124387" lon="-3.829182277" /><trkpt lat="53.085115717" lon="-3.829201989" /><trkpt lat="53.085106832" lon="-3.829220964" /><trkpt lat="53.085097741" lon="-3.829239224" /><trkpt lat="53.085088448" lon="-3.829256789" /><trkpt lat="53.085078962" lon="-3.829273681" /><trkpt lat="53.085069289" lon="-3.829289921" /><trkpt lat="53.085059437" lon="-3.829305530" /><trkpt lat="53.085049412" lon="-3.829320529" /><trkpt lat="53.085039221" lon="-3.829334940" /><trkpt lat="53.085028872" lon="-3.829348783" /><trkpt lat="53.085018372" lon="-3.829362079" /><trkpt lat="53.085007726" lon="-3.829374851" /><trkpt lat="53.084996944" lon="-3.829387118" /><trkpt lat="53.084986030" lon="-3.829398902" /><trkpt lat="53.084974993" lon="-3.829410224" /><trkpt lat="53.084963839" lon="-3.829421105" /><trkpt lat="53.084952576" lon="-3.829431566" /><trkpt lat="53.084941210" lon="-3.829441629" /><trkpt lat="53.084929749" lon="-3.829451315" /><trkpt lat="53.084918199" lon="-3.829460644" /><trkpt lat="53.084906567" lon="-3.829469639" /><trkpt lat="53.084894861" lon="-3.829478319" /><trkpt lat="53.084883087" lon="-3.829486706" /><trkpt lat="53.084871253" lon="-3.829494822" /><trkpt lat="53.084859365" lon="-3.829502687" /><trkpt lat="53.084847430" lon="-3.829510322" /><trkpt lat="53.084835456" lon="-3.829517749" /><trkpt lat="53.084823449" lon="-3.829524989" /><trkpt lat="53.084811416" lon="-3.829532063" /><trkpt lat="53.084799366" lon="-3.829538991" /><trkpt lat="53.084787303" lon="-3.829545796" /><trkpt lat="53.084775236" lon="-3.829552498" /><trkpt lat="53.084763171" lon="-3.829559119" /><trkpt lat="53.084751116" lon="-3.829565679" /><trkpt lat="53.084739077" lon="-3.829572200" /><trkpt lat="53.084727061" lon="-3.829578702" /><trkpt lat="53.084715076" lon="-3.829585208" /><trkpt lat="53.084698433" lon="-3.829594160" /><trkpt lat="53.084682000" lon="-3.829602783" /><trkpt lat="53.084665759" lon="-3.829611083" /><trkpt lat="53.084649690" lon="-3.829619066" /><trkpt lat="53.084633773" lon="-3.829626738" /><trkpt lat="53.084617989" lon="-3.829634106" /><trkpt lat="53.084602320" lon="-3.829641175" /><trkpt lat="53.084586746" lon="-3.829647953" /><trkpt lat="53.084571247" lon="-3.829654445" /><trkpt lat="53.084555805" lon="-3.829660658" /><trkpt lat="53.084540400" lon="-3.829666598" /><trkpt lat="53.084525013" lon="-3.829672271" /><trkpt lat="53.084509624" lon="-3.829677684" /><trkpt lat="53.084494215" lon="-3.829682844" /><trkpt lat="53.084478766" lon="-3.829687755" /><trkpt lat="53.084463258" lon="-3.829692425" /><trkpt lat="53.084447672" lon="-3.829696860" /><trkpt lat="53.084431988" lon="-3.829701066" /><trkpt lat="53.084416187" lon="-3.829705050" /><trkpt lat="53.084400251" lon="-3.829708817" /><trkpt lat="53.084384158" lon="-3.829712375" /><trkpt lat="53.084367892" lon="-3.829715728" /><trkpt lat="53.084351431" lon="-3.829718885" /><trkpt lat="53.084334758" lon="-3.829721851" /><trkpt lat="53.084317852" lon="-3.829724632" /><trkpt lat="53.084300694" lon="-3.829727234" /><trkpt lat="53.084283266" lon="-3.829729665" /><trkpt lat="53.084265548" lon="-3.829731929" /><trkpt lat="53.084247520" lon="-3.829734035" /><trkpt lat="53.084229164" lon="-3.829735986" /><trkpt lat="53.084210808" lon="-3.829737944" /><trkpt lat="53.084192792" lon="-3.829740076" /><trkpt lat="53.084175111" lon="-3.829742400" /><trkpt lat="53.084157759" lon="-3.829744935" /><trkpt lat="53.084140733" lon="-3.829747701" /><trkpt lat="53.084124028" lon="-3.829750716" /><trkpt lat="53.084107639" lon="-3.829753999" /><trkpt lat="53.084091561" lon="-3.829757568" /><trkpt lat="53.084075790" lon="-3.829761444" /><trkpt lat="53.084060321" lon="-3.829765644" /><trkpt lat="53.084045149" lon="-3.829770188" /><trkpt lat="53.084030270" lon="-3.829775095" /><trkpt lat="53.084015678" lon="-3.829780383" /><trkpt lat="53.084001370" lon="-3.829786071" /><trkpt lat="53.083987341" lon="-3.829792178" /><trkpt lat="53.083973585" lon="-3.829798724" /><trkpt lat="53.083960098" lon="-3.829805726" /><trkpt lat="53.083946876" lon="-3.829813204" /><trkpt lat="53.083933914" lon="-3.829821178" /><trkpt lat="53.083921207" lon="-3.829829664" /><trkpt lat="53.083908751" lon="-3.829838684" /><trkpt lat="53.083896540" lon="-3.829848255" /><trkpt lat="53.083884570" lon="-3.829858396" /><trkpt lat="53.083872837" lon="-3.829869126" /><trkpt lat="53.083861335" lon="-3.829880465" /><trkpt lat="53.083850061" lon="-3.829892431" /><trkpt lat="53.083839008" lon="-3.829905042" /><trkpt lat="53.083828174" lon="-3.829918319" /><trkpt lat="53.083817552" lon="-3.829932279" /><trkpt lat="53.083807139" lon="-3.829946942" /><trkpt lat="53.083799149" lon="-3.829958566" /><trkpt lat="53.083791044" lon="-3.829970330" /><trkpt lat="53.083782829" lon="-3.829982238" /><trkpt lat="53.083774507" lon="-3.829994291" /><trkpt lat="53.083766082" lon="-3.830006493" /><trkpt lat="53.083757559" lon="-3.830018844" /><trkpt lat="53.083748940" lon="-3.830031349" /><trkpt lat="53.083740231" lon="-3.830044008" /><trkpt lat="53.083731435" lon="-3.830056826" /><trkpt lat="53.083722556" lon="-3.830069803" /><trkpt lat="53.083713598" lon="-3.830082943" /><trkpt lat="53.083704565" lon="-3.830096247" /><trkpt lat="53.083695461" lon="-3.830109719" /><trkpt lat="53.083686290" lon="-3.830123360" /><trkpt lat="53.083677056" lon="-3.830137173" /><trkpt lat="53.083667762" lon="-3.830151160" /><trkpt lat="53.083658414" lon="-3.830165325" /><trkpt lat="53.083649014" lon="-3.830179668" /><trkpt lat="53.083639567" lon="-3.830194193" /><trkpt lat="53.083630076" lon="-3.830208902" /><trkpt lat="53.083620547" lon="-3.830223797" /><trkpt lat="53.083610982" lon="-3.830238881" /><trkpt lat="53.083601385" lon="-3.830254157" /><trkpt lat="53.083591761" lon="-3.830269625" /><trkpt lat="53.083582114" lon="-3.830285290" /><trkpt lat="53.083572447" lon="-3.830301153" /><trkpt lat="53.083562765" lon="-3.830317217" /><trkpt lat="53.083553071" lon="-3.830333484" /><trkpt lat="53.083543369" lon="-3.830349957" /><trkpt lat="53.083533664" lon="-3.830366637" /><trkpt lat="53.083523959" lon="-3.830383528" /><trkpt lat="53.083514258" lon="-3.830400632" /><trkpt lat="53.083504565" lon="-3.830417950" /><trkpt lat="53.083494885" lon="-3.830435487" /><trkpt lat="53.083485221" lon="-3.830453243" /><trkpt lat="53.083475577" lon="-3.830471221" /><trkpt lat="53.083465957" lon="-3.830489425" /><trkpt lat="53.083456365" lon="-3.830507855" /><trkpt lat="53.083446806" lon="-3.830526515" /><trkpt lat="53.083435889" lon="-3.830547708" /><trkpt lat="53.083425030" lon="-3.830568232" /><trkpt lat="53.083414233" lon="-3.830588111" /><trkpt lat="53.083403497" lon="-3.830607370" /><trkpt lat="53.083392824" lon="-3.830626037" /><trkpt lat="53.083382217" lon="-3.830644134" /><trkpt lat="53.083371676" lon="-3.830661688" /><trkpt lat="53.083361204" lon="-3.830678725" /><trkpt lat="53.083350801" lon="-3.830695269" /><trkpt lat="53.083340469" lon="-3.830711346" /><trkpt lat="53.083330210" lon="-3.830726981" /><trkpt lat="53.083320025" lon="-3.830742200" /><trkpt lat="53.083309916" lon="-3.830757027" /><trkpt lat="53.083299885" lon="-3.830771489" /><trkpt lat="53.083289932" lon="-3.830785610" /><trkpt lat="53.083280060" lon="-3.830799416" /><trkpt lat="53.083270271" lon="-3.830812932" /><trkpt lat="53.083260564" lon="-3.830826183" /><trkpt lat="53.083250943" lon="-3.830839196" /><trkpt lat="53.083241409" lon="-3.830851994" /><trkpt lat="53.083231963" lon="-3.830864604" /><trkpt lat="53.083222606" lon="-3.830877051" /><trkpt lat="53.083213341" lon="-3.830889360" /><trkpt lat="53.083204169" lon="-3.830901557" /><trkpt lat="53.083195092" lon="-3.830913666" /><trkpt lat="53.083186110" lon="-3.830925713" /><trkpt lat="53.083177227" lon="-3.830937724" /><trkpt lat="53.083168442" lon="-3.830949724" /><trkpt lat="53.083159758" lon="-3.830961738" /><trkpt lat="53.083151176" lon="-3.830973791" /><trkpt lat="53.083142698" lon="-3.830985909" /><trkpt lat="53.083134325" lon="-3.830998118" /><trkpt lat="53.083126059" lon="-3.831010441" /><trkpt lat="53.083117901" lon="-3.831022906" /><trkpt lat="53.083108851" lon="-3.831037120" /><trkpt lat="53.083100055" lon="-3.831051336" /><trkpt lat="53.083091499" lon="-3.831065564" /><trkpt lat="53.083083168" lon="-3.831079814" /><trkpt lat="53.083075048" lon="-3.831094095" /><trkpt lat="53.083067124" lon="-3.831108415" /><trkpt lat="53.083059381" lon="-3.831122785" /><trkpt lat="53.083051805" lon="-3.831137214" /><trkpt lat="53.083044380" lon="-3.831151712" /><trkpt lat="53.083037092" lon="-3.831166287" /><trkpt lat="53.083029926" lon="-3.831180949" /><trkpt lat="53.083022867" lon="-3.831195708" /><trkpt lat="53.083015901" lon="-3.831210572" /><trkpt lat="53.083009012" lon="-3.831225552" /><trkpt lat="53.083002187" lon="-3.831240657" /><trkpt lat="53.082995410" lon="-3.831255896" /><trkpt lat="53.082988667" lon="-3.831271278" /><trkpt lat="53.082981942" lon="-3.831286813" /><trkpt lat="53.082975222" lon="-3.831302511" /><trkpt lat="53.082968491" lon="-3.831318380" /><trkpt lat="53.082961734" lon="-3.831334430" /><trkpt lat="53.082954938" lon="-3.831350671" /><trkpt lat="53.082948086" lon="-3.831367112" /><trkpt lat="53.082941165" lon="-3.831383762" /><trkpt lat="53.082934159" lon="-3.831400630" /><trkpt lat="53.082927054" lon="-3.831417727" /><trkpt lat="53.082919835" lon="-3.831435061" /><trkpt lat="53.082912488" lon="-3.831452643" /><trkpt lat="53.082904997" lon="-3.831470480" /><trkpt lat="53.082897347" lon="-3.831488583" /><trkpt lat="53.082892082" lon="-3.831500565" /><trkpt lat="53.082886389" lon="-3.831512721" /><trkpt lat="53.082880294" lon="-3.831525048" /><trkpt lat="53.082873820" lon="-3.831537545" /><trkpt lat="53.082866994" lon="-3.831550210" /><trkpt lat="53.082859840" lon="-3.831563042" /><trkpt lat="53.082852382" lon="-3.831576039" /><trkpt lat="53.082844646" lon="-3.831589200" /><trkpt lat="53.082836657" lon="-3.831602522" /><trkpt lat="53.082828438" lon="-3.831616004" /><trkpt lat="53.082820015" lon="-3.831629644" /><trkpt lat="53.082811414" lon="-3.831643442" /><trkpt lat="53.082802658" lon="-3.831657394" /><trkpt lat="53.082793772" lon="-3.831671500" /><trkpt lat="53.082784782" lon="-3.831685757" /><trkpt lat="53.082775712" lon="-3.831700165" /><trkpt lat="53.082766587" lon="-3.831714721" /><trkpt lat="53.082757432" lon="-3.831729424" /><trkpt lat="53.082748271" lon="-3.831744272" /><trkpt lat="53.082739130" lon="-3.831759264" /><trkpt lat="53.082730033" lon="-3.831774398" /><trkpt lat="53.082721005" lon="-3.831789671" /><trkpt lat="53.082712071" lon="-3.831805084" /><trkpt lat="53.082703256" lon="-3.831820633" /><trkpt lat="53.082694585" lon="-3.831836317" /><trkpt lat="53.082686082" lon="-3.831852135" /><trkpt lat="53.082677772" lon="-3.831868085" /><trkpt lat="53.082669680" lon="-3.831884165" /><trkpt lat="53.082661832" lon="-3.831900374" /><trkpt lat="53.082654251" lon="-3.831916710" /><trkpt lat="53.082646962" lon="-3.831933171" /><trkpt lat="53.082639991" lon="-3.831949756" /><trkpt lat="53.082633362" lon="-3.831966463" /><trkpt lat="53.082627101" lon="-3.831983290" /><trkpt lat="53.082621231" lon="-3.832000236" /><trkpt lat="53.082615778" lon="-3.832017299" /><trkpt lat="53.082610766" lon="-3.832034478" /><trkpt lat="53.082606221" lon="-3.832051770" /><trkpt lat="53.082602167" lon="-3.832069174" /><trkpt lat="53.082598629" lon="-3.832086689" /><trkpt lat="53.082595632" lon="-3.832104312" /><trkpt lat="53.082593200" lon="-3.832122043" /><trkpt lat="53.082591359" lon="-3.832139879" /><trkpt lat="53.082590134" lon="-3.832157819" /><trkpt lat="53.082589548" lon="-3.832175861" /><trkpt lat="53.082589628" lon="-3.832194004" /><trkpt lat="53.082590235" lon="-3.832220190" /><trkpt lat="53.082590811" lon="-3.832244827" /><trkpt lat="53.082591355" lon="-3.832268016" /><trkpt lat="53.082591869" lon="-3.832289860" /><trkpt lat="53.082592352" lon="-3.832310461" /><trkpt lat="53.082592805" lon="-3.832329921" /><trkpt lat="53.082593228" lon="-3.832348343" /><trkpt lat="53.082593622" lon="-3.832365829" /><trkpt lat="53.082593988" lon="-3.832382481" /><trkpt lat="53.082594326" lon="-3.832398401" /><trkpt lat="53.082594636" lon="-3.832413692" /><trkpt lat="53.082594918" lon="-3.832428456" /><trkpt lat="53.082595174" lon="-3.832442795" /><trkpt lat="53.082595404" lon="-3.832456811" /><trkpt lat="53.082595608" lon="-3.832470607" /><trkpt lat="53.082595786" lon="-3.832484285" /><trkpt lat="53.082595939" lon="-3.832497947" /><trkpt lat="53.082596068" lon="-3.832511695" /><trkpt lat="53.082596173" lon="-3.832525632" /><trkpt lat="53.082596255" lon="-3.832539860" /><trkpt lat="53.082596313" lon="-3.832554481" /><trkpt lat="53.082596349" lon="-3.832569598" /><trkpt lat="53.082596363" lon="-3.832585312" /><trkpt lat="53.082596355" lon="-3.832601726" /><trkpt lat="53.082596325" lon="-3.832618942" /><trkpt lat="53.082596275" lon="-3.832637063" /><trkpt lat="53.082596205" lon="-3.832656190" /><trkpt lat="53.082596115" lon="-3.832676426" /><trkpt lat="53.082596006" lon="-3.832697874" /><trkpt lat="53.082595877" lon="-3.832720635" /><trkpt lat="53.082595730" lon="-3.832744812" /><trkpt lat="53.082595640" lon="-3.832765361" /><trkpt lat="53.082595632" lon="-3.832785278" /><trkpt lat="53.082595714" lon="-3.832804602" /><trkpt lat="53.082595890" lon="-3.832823372" /><trkpt lat="53.082596167" lon="-3.832841625" /><trkpt lat="53.082596551" lon="-3.832859401" /><trkpt lat="53.082597046" lon="-3.832876737" /><trkpt lat="53.082597659" lon="-3.832893672" /><trkpt lat="53.082598396" lon="-3.832910245" /><trkpt lat="53.082599262" lon="-3.832926493" /><trkpt lat="53.082600263" lon="-3.832942456" /><trkpt lat="53.082601404" lon="-3.832958172" /><trkpt lat="53.082602692" lon="-3.832973679" /><trkpt lat="53.082604132" lon="-3.832989015" /><trkpt lat="53.082605729" lon="-3.833004220" /><trkpt lat="53.082607491" lon="-3.833019331" /><trkpt lat="53.082609421" lon="-3.833034388" /><trkpt lat="53.082611527" lon="-3.833049428" /><trkpt lat="53.082613813" lon="-3.833064490" /><trkpt lat="53.082616286" lon="-3.833079612" /><trkpt lat="53.082618951" lon="-3.833094833" /><trkpt lat="53.082621813" lon="-3.833110191" /><trkpt lat="53.082624880" lon="-3.833125725" /><trkpt lat="53.082628156" lon="-3.833141473" /><trkpt lat="53.082631646" lon="-3.833157474" /><trkpt lat="53.082635358" lon="-3.833173766" /><trkpt lat="53.082639296" lon="-3.833190387" /><trkpt lat="53.082643467" lon="-3.833207376" /><trkpt lat="53.082647875" lon="-3.833224771" /><trkpt lat="53.082652527" lon="-3.833242612" /><trkpt lat="53.082657429" lon="-3.833260935" /><trkpt lat="53.082662585" lon="-3.833279780" /><trkpt lat="53.082668003" lon="-3.833299186" /><trkpt lat="53.082673687" lon="-3.833319190" /><trkpt lat="53.082679644" lon="-3.833339831" /><trkpt lat="53.082685878" lon="-3.833361147" /><trkpt lat="53.082692396" lon="-3.833383177" /><trkpt lat="53.082698884" lon="-3.833405952" /><trkpt lat="53.082704662" lon="-3.833428236" /><trkpt lat="53.082709742" lon="-3.833450035" /><trkpt lat="53.082714139" lon="-3.833471355" /><trkpt lat="53.082717865" lon="-3.833492202" /><trkpt lat="53.082720934" lon="-3.833512581" /><trkpt lat="53.082723359" lon="-3.833532499" /><trkpt lat="53.082725153" lon="-3.833551961" /><trkpt lat="53.082726330" lon="-3.833570974" /><trkpt lat="53.082726903" lon="-3.833589542" /><trkpt lat="53.082726885" lon="-3.833607673" /><trkpt lat="53.082726289" lon="-3.833625371" /><trkpt lat="53.082725129" lon="-3.833642643" /><trkpt lat="53.082723418" lon="-3.833659494" /><trkpt lat="53.082721169" lon="-3.833675931" /><trkpt lat="53.082718395" lon="-3.833691959" /><trkpt lat="53.082715110" lon="-3.833707584" /><trkpt lat="53.082711327" lon="-3.833722812" /><trkpt lat="53.082707059" lon="-3.833737649" /><trkpt lat="53.082702319" lon="-3.833752101" /><trkpt lat="53.082697122" lon="-3.833766173" /><trkpt lat="53.082691479" lon="-3.833779871" /><trkpt lat="53.082685404" lon="-3.833793202" /><trkpt lat="53.082678911" lon="-3.833806172" /><trkpt lat="53.082672013" lon="-3.833818785" /><trkpt lat="53.082664722" lon="-3.833831048" /><trkpt lat="53.082657053" lon="-3.833842967" /><trkpt lat="53.082649018" lon="-3.833854547" /><trkpt lat="53.082640631" lon="-3.833865795" /><trkpt lat="53.082631906" lon="-3.833876716" /><trkpt lat="53.082622854" lon="-3.833887317" /><trkpt lat="53.082613490" lon="-3.833897602" /><trkpt lat="53.082603827" lon="-3.833907579" /><trkpt lat="53.082593878" lon="-3.833917252" /><trkpt lat="53.082583656" lon="-3.833926628" /><trkpt lat="53.082573175" lon="-3.833935712" /><trkpt lat="53.082560735" lon="-3.833945864" /><trkpt lat="53.082548050" lon="-3.833955556" /><trkpt lat="53.082535120" lon="-3.833964792" /><trkpt lat="53.082521945" lon="-3.833973575" /><trkpt lat="53.082508525" lon="-3.833981908" /><trkpt lat="53.082494862" lon="-3.833989796" /><trkpt lat="53.082480954" lon="-3.833997240" /><trkpt lat="53.082466803" lon="-3.834004246" /><trkpt lat="53.082452408" lon="-3.834010815" /><trkpt lat="53.082437771" lon="-3.834016952" /><trkpt lat="53.082422890" lon="-3.834022660" /><trkpt lat="53.082407767" lon="-3.834027943" /><trkpt lat="53.082392401" lon="-3.834032803" /><trkpt lat="53.082376793" lon="-3.834037245" /><trkpt lat="53.082360944" lon="-3.834041271" /><trkpt lat="53.082344853" lon="-3.834044885" /><trkpt lat="53.082328520" lon="-3.834048090" /><trkpt lat="53.082311947" lon="-3.834050890" /><trkpt lat="53.082295133" lon="-3.834053289" /><trkpt lat="53.082278078" lon="-3.834055289" /><trkpt lat="53.082260783" lon="-3.834056894" /><trkpt lat="53.082243248" lon="-3.834058108" /><trkpt lat="53.082225474" lon="-3.834058934" /><trkpt lat="53.082207460" lon="-3.834059374" /><trkpt lat="53.082189207" lon="-3.834059434" /><trkpt lat="53.082170715" lon="-3.834059115" /><trkpt lat="53.082151984" lon="-3.834058422" /><trkpt lat="53.082133015" lon="-3.834057358" /><trkpt lat="53.082113808" lon="-3.834055927" /><trkpt lat="53.082094363" lon="-3.834054131" /><trkpt lat="53.082074681" lon="-3.834051974" /><trkpt lat="53.082054721" lon="-3.834049816" /><trkpt lat="53.082035735" lon="-3.834048178" /><trkpt lat="53.082017685" lon="-3.834047073" /><trkpt lat="53.082000529" lon="-3.834046512" /><trkpt lat="53.081984228" lon="-3.834046507" /><trkpt lat="53.081968741" lon="-3.834047071" /><trkpt lat="53.081954029" lon="-3.834048215" /><trkpt lat="53.081940052" lon="-3.834049952" /><trkpt lat="53.081926768" lon="-3.834052292" /><trkpt lat="53.081914139" lon="-3.834055250" /><trkpt lat="53.081902123" lon="-3.834058835" /><trkpt lat="53.081890682" lon="-3.834063061" /><trkpt lat="53.081879774" lon="-3.834067940" /><trkpt lat="53.081869361" lon="-3.834073482" /><trkpt lat="53.081859400" lon="-3.834079702" /><trkpt lat="53.081849854" lon="-3.834086609" /><trkpt lat="53.081840681" lon="-3.834094217" /><trkpt lat="53.081831841" lon="-3.834102538" /><trkpt lat="53.081823294" lon="-3.834111583" /><trkpt lat="53.081815000" lon="-3.834121364" /><trkpt lat="53.081806920" lon="-3.834131894" /><trkpt lat="53.081799012" lon="-3.834143185" /><trkpt lat="53.081791237" lon="-3.834155248" /><trkpt lat="53.081783555" lon="-3.834168095" /><trkpt lat="53.081775925" lon="-3.834181739" /><trkpt lat="53.081768308" lon="-3.834196192" /><trkpt lat="53.081760663" lon="-3.834211465" /><trkpt lat="53.081752950" lon="-3.834227571" /><trkpt lat="53.081745130" lon="-3.834244521" /><trkpt lat="53.081737162" lon="-3.834262327" /><trkpt lat="53.081730837" lon="-3.834276819" /><trkpt lat="53.081724572" lon="-3.834291482" /><trkpt lat="53.081718349" lon="-3.834306301" /><trkpt lat="53.081712150" lon="-3.834321259" /><trkpt lat="53.081705959" lon="-3.834336338" /><trkpt lat="53.081699758" lon="-3.834351521" /><trkpt lat="53.081693531" lon="-3.834366792" /><trkpt lat="53.081687259" lon="-3.834382133" /><trkpt lat="53.081680925" lon="-3.834397527" /><trkpt lat="53.081674513" lon="-3.834412958" /><trkpt lat="53.081668005" lon="-3.834428409" /><trkpt lat="53.081661384" lon="-3.834443861" /><trkpt lat="53.081654632" lon="-3.834459299" /><trkpt lat="53.081647733" lon="-3.834474706" /><trkpt lat="53.081640669" lon="-3.834490063" /><trkpt lat="53.081633423" lon="-3.834505355" /><trkpt lat="53.081625977" lon="-3.834520564" /><trkpt lat="53.081618315" lon="-3.834535674" /><trkpt lat="53.081610419" lon="-3.834550667" /><trkpt lat="53.081602272" lon="-3.834565526" /><trkpt lat="53.081593857" lon="-3.834580234" /><trkpt lat="53.081585156" lon="-3.834594775" /><trkpt lat="53.081576152" lon="-3.834609131" /><trkpt lat="53.081566829" lon="-3.834623285" /><trkpt lat="53.081557168" lon="-3.834637220" /><trkpt lat="53.081547153" lon="-3.834650919" /><trkpt lat="53.081536766" lon="-3.834664366" /><trkpt lat="53.081525990" lon="-3.834677542" /><trkpt lat="53.081514808" lon="-3.834690432" /><trkpt lat="53.081503203" lon="-3.834703018" /><trkpt lat="53.081491157" lon="-3.834715283" /><trkpt lat="53.081478653" lon="-3.834727211" /><trkpt lat="53.081465674" lon="-3.834738783" /><trkpt lat="53.081452203" lon="-3.834749984" /><trkpt lat="53.081438222" lon="-3.834760795" /><trkpt lat="53.081423714" lon="-3.834771201" /><trkpt lat="53.081408662" lon="-3.834781184" /><trkpt lat="53.081393049" lon="-3.834790726" /><trkpt lat="53.081377889" lon="-3.834799604" /><trkpt lat="53.081362624" lon="-3.834808530" /><trkpt lat="53.081347260" lon="-3.834817502" /><trkpt lat="53.081331805" lon="-3.834826515" /><trkpt lat="53.081316267" lon="-3.834835566" /><trkpt lat="53.081300653" lon="-3.834844651" /><trkpt lat="53.081284970" lon="-3.834853765" /><trkpt lat="53.081269227" lon="-3.834862905" /><trkpt lat="53.081253430" lon="-3.834872067" /><trkpt lat="53.081237588" lon="-3.834881247" /><trkpt lat="53.081221706" lon="-3.834890441" /><trkpt lat="53.081205794" lon="-3.834899645" /><trkpt lat="53.081189858" lon="-3.834908855" /><trkpt lat="53.081173906" lon="-3.834918068" /><trkpt lat="53.081157946" lon="-3.834927279" /><trkpt lat="53.081141984" lon="-3.834936484" /><trkpt lat="53.081126029" lon="-3.834945680" /><trkpt lat="53.081110087" lon="-3.834954863" /><trkpt lat="53.081094167" lon="-3.834964028" /><trkpt lat="53.081078276" lon="-3.834973172" /><trkpt lat="53.081062420" lon="-3.834982290" /><trkpt lat="53.081046609" lon="-3.834991380" /><trkpt lat="53.081030849" lon="-3.835000437" /><trkpt lat="53.081015147" lon="-3.835009457" /><trkpt lat="53.080999512" lon="-3.835018436" /><trkpt lat="53.080983950" lon="-3.835027370" /><trkpt lat="53.080968469" lon="-3.835036256" /><trkpt lat="53.080953077" lon="-3.835045089" /><trkpt lat="53.080937781" lon="-3.835053866" /><trkpt lat="53.080922588" lon="-3.835062582" /><trkpt lat="53.080907507" lon="-3.835071234" /><trkpt lat="53.080892543" lon="-3.835079817" /><trkpt lat="53.080877706" lon="-3.835088329" /><trkpt lat="53.080863002" lon="-3.835096764" /><trkpt lat="53.080848440" lon="-3.835105119" /><trkpt lat="53.080834025" lon="-3.835113391" /><trkpt lat="53.080819766" lon="-3.835121574" /><trkpt lat="53.080805671" lon="-3.835129666" /><trkpt lat="53.080791747" lon="-3.835137662" /><trkpt lat="53.080778000" lon="-3.835145559" /><trkpt lat="53.080760278" lon="-3.835155680" /><trkpt lat="53.080743480" lon="-3.835165163" /><trkpt lat="53.080727543" lon="-3.835174073" /><trkpt lat="53.080712405" lon="-3.835182473" /><trkpt lat="53.080698001" lon="-3.835190428" /><trkpt lat="53.080684268" lon="-3.835198002" /><trkpt lat="53.080671143" lon="-3.835205259" /><trkpt lat="53.080658563" lon="-3.835212262" /><trkpt lat="53.080646464" lon="-3.835219077" /><trkpt lat="53.080634782" lon="-3.835225766" /><trkpt lat="53.080623455" lon="-3.835232395" /><trkpt lat="53.080612419" lon="-3.835239026" /><trkpt lat="53.080601611" lon="-3.835245725" /><trkpt lat="53.080590967" lon="-3.835252555" /><trkpt lat="53.080580425" lon="-3.835259580" /><trkpt lat="53.080569919" lon="-3.835266864" /><trkpt lat="53.080559388" lon="-3.835274472" /><trkpt lat="53.080548768" lon="-3.835282467" /><trkpt lat="53.080537995" lon="-3.835290913" /><trkpt lat="53.080527007" lon="-3.835299875" /><trkpt lat="53.080515739" lon="-3.835309417" /><trkpt lat="53.080504128" lon="-3.835319602" /><trkpt lat="53.080492112" lon="-3.835330494" /><trkpt lat="53.080479626" lon="-3.835342159" /><trkpt lat="53.080466607" lon="-3.835354659" /><trkpt lat="53.080452993" lon="-3.835368059" /><trkpt lat="53.080438719" lon="-3.835382423" /><trkpt lat="53.080423722" lon="-3.835397814" /><trkpt lat="53.080407939" lon="-3.835414298" /><trkpt lat="53.080391306" lon="-3.835431938" /><trkpt lat="53.080376504" lon="-3.835447779" /><trkpt lat="53.080362215" lon="-3.835463135" /><trkpt lat="53.080348404" lon="-3.835478034" /><trkpt lat="53.080335037" lon="-3.835492502" /><trkpt lat="53.080322079" lon="-3.835506566" /><trkpt lat="53.080309497" lon="-3.835520255" /><trkpt lat="53.080297254" lon="-3.835533594" /><trkpt lat="53.080285319" lon="-3.835546612" /><trkpt lat="53.080273654" lon="-3.835559336" /><trkpt lat="53.080262228" lon="-3.835571793" /><trkpt lat="53.080251004" lon="-3.835584011" /><trkpt lat="53.080239949" lon="-3.835596015" /><trkpt lat="53.080229029" lon="-3.835607835" /><trkpt lat="53.080218208" lon="-3.835619497" /><trkpt lat="53.080207453" lon="-3.835631028" /><trkpt lat="53.080196728" lon="-3.835642457" /><trkpt lat="53.080186001" lon="-3.835653809" /><trkpt lat="53.080175236" lon="-3.835665112" /><trkpt lat="53.080164399" lon="-3.835676394" /><trkpt lat="53.080153456" lon="-3.835687682" /><trkpt lat="53.080142372" lon="-3.835699003" /><trkpt lat="53.080131112" lon="-3.835710384" /><trkpt lat="53.080119643" lon="-3.835721853" /><trkpt lat="53.080107930" lon="-3.835733437" /><trkpt lat="53.080095939" lon="-3.835745163" /><trkpt lat="53.080083635" lon="-3.835757058" /><trkpt lat="53.080070984" lon="-3.835769151" /><trkpt lat="53.080057952" lon="-3.835781467" /><trkpt lat="53.080044503" lon="-3.835794035" /><trkpt lat="53.080030605" lon="-3.835806881" /><trkpt lat="53.080016221" lon="-3.835820034" /><trkpt lat="53.080001319" lon="-3.835833519" /><trkpt lat="53.079985863" lon="-3.835847365" /><trkpt lat="53.079969820" lon="-3.835861599" /><trkpt lat="53.079953279" lon="-3.835876156" /><trkpt lat="53.079937314" lon="-3.835890089" /><trkpt lat="53.079921875" lon="-3.835903411" /><trkpt lat="53.079906916" lon="-3.835916138" /><trkpt lat="53.079892387" lon="-3.835928282" /><trkpt lat="53.079878240" lon="-3.835939858" /><trkpt lat="53.079864427" lon="-3.835950881" /><trkpt lat="53.079850900" lon="-3.835961363" /><trkpt lat="53.079837609" lon="-3.835971319" /><trkpt lat="53.079824508" lon="-3.835980764" /><trkpt lat="53.079811548" lon="-3.835989710" /><trkpt lat="53.079798680" lon="-3.835998173" /><trkpt lat="53.079785857" lon="-3.836006167" /><trkpt lat="53.079773029" lon="-3.836013704" /><trkpt lat="53.079760149" lon="-3.836020801" /><trkpt lat="53.079747168" lon="-3.836027469" /><trkpt lat="53.079734038" lon="-3.836033725" /><trkpt lat="53.079720711" lon="-3.836039580" /><trkpt lat="53.079707138" lon="-3.836045051" /><trkpt lat="53.079693272" lon="-3.836050150" /><trkpt lat="53.079679063" lon="-3.836054893" /><trkpt lat="53.079664464" lon="-3.836059292" /><trkpt lat="53.079649427" lon="-3.836063362" /><trkpt lat="53.079633902" lon="-3.836067116" /><trkpt lat="53.079617842" lon="-3.836070570" /><trkpt lat="53.079601199" lon="-3.836073738" /><trkpt lat="53.079583924" lon="-3.836076632" /><trkpt lat="53.079565968" lon="-3.836079267" /><trkpt lat="53.079547285" lon="-3.836081658" /><trkpt lat="53.079527824" lon="-3.836083818" /><trkpt lat="53.079507539" lon="-3.836085762" /><trkpt lat="53.079486380" lon="-3.836087503" /><trkpt lat="53.079464300" lon="-3.836089055" /><trkpt lat="53.079440117" lon="-3.836090614" /><trkpt lat="53.079417158" lon="-3.836092073" /><trkpt lat="53.079395372" lon="-3.836093436" /><trkpt lat="53.079374709" lon="-3.836094706" /><trkpt lat="53.079355118" lon="-3.836095887" /><trkpt lat="53.079336547" lon="-3.836096982" /><trkpt lat="53.079318945" lon="-3.836097993" /><trkpt lat="53.079302262" lon="-3.836098925" /><trkpt lat="53.079286447" lon="-3.836099780" /><trkpt lat="53.079271447" lon="-3.836100562" /><trkpt lat="53.079257213" lon="-3.836101274" /><trkpt lat="53.079243693" lon="-3.836101919" /><trkpt lat="53.079230837" lon="-3.836102501" /><trkpt lat="53.079218592" lon="-3.836103023" /><trkpt lat="53.079206909" lon="-3.836103487" /><trkpt lat="53.079195737" lon="-3.836103899" /><trkpt lat="53.079185023" lon="-3.836104259" /><trkpt lat="53.079174718" lon="-3.836104573" /><trkpt lat="53.079164769" lon="-3.836104843" /><trkpt lat="53.079155127" lon="-3.836105072" /><trkpt lat="53.079145740" lon="-3.836105264" /><trkpt lat="53.079136557" lon="-3.836105422" /><trkpt lat="53.079127527" lon="-3.836105549" /><trkpt lat="53.079118599" lon="-3.836105648" /><trkpt lat="53.079109722" lon="-3.836105724" /><trkpt lat="53.079100845" lon="-3.836105778" /><trkpt lat="53.079091917" lon="-3.836105814" /><trkpt lat="53.079082887" lon="-3.836105837" /><trkpt lat="53.079073704" lon="-3.836105847" /><trkpt lat="53.079064317" lon="-3.836105850" /><trkpt lat="53.079054839" lon="-3.836105994" /><trkpt lat="53.079045410" lon="-3.836106449" /><trkpt lat="53.079036016" lon="-3.836107255" /><trkpt lat="53.079026644" lon="-3.836108449" /><trkpt lat="53.079017282" lon="-3.836110071" /><trkpt lat="53.079007915" lon="-3.836112158" /><trkpt lat="53.078998532" lon="-3.836114750" /><trkpt lat="53.078989119" lon="-3.836117883" /><trkpt lat="53.078979663" lon="-3.836121598" /><trkpt lat="53.078970151" lon="-3.836125931" /><trkpt lat="53.078960570" lon="-3.836130922" /><trkpt lat="53.078950906" lon="-3.836136609" /><trkpt lat="53.078941148" lon="-3.836143030" /><trkpt lat="53.078931281" lon="-3.836150223" /><trkpt lat="53.078921294" lon="-3.836158228" /><trkpt lat="53.078911172" lon="-3.836167082" /><trkpt lat="53.078900902" lon="-3.836176824" /><trkpt lat="53.078890473" lon="-3.836187491" /><trkpt lat="53.078879869" lon="-3.836199124" /><trkpt lat="53.078869080" lon="-3.836211759" /><trkpt lat="53.078858091" lon="-3.836225435" /><trkpt lat="53.078846889" lon="-3.836240192" /><trkpt lat="53.078835462" lon="-3.836256066" /><trkpt lat="53.078823796" lon="-3.836273096" /><trkpt lat="53.078811878" lon="-3.836291322" /><trkpt lat="53.078799696" lon="-3.836310780" /><trkpt lat="53.078787236" lon="-3.836331510" /><trkpt lat="53.078774485" lon="-3.836353550" /><trkpt lat="53.078761430" lon="-3.836376938" /><trkpt lat="53.078748059" lon="-3.836401713" /><trkpt lat="53.078738166" lon="-3.836420691" /><trkpt lat="53.078728777" lon="-3.836439412" /><trkpt lat="53.078719871" lon="-3.836457888" /><trkpt lat="53.078711428" lon="-3.836476129" /><trkpt lat="53.078703428" lon="-3.836494149" /><trkpt lat="53.078695849" lon="-3.836511957" /><trkpt lat="53.078688673" lon="-3.836529567" /><trkpt lat="53.078681878" lon="-3.836546990" /><trkpt lat="53.078675445" lon="-3.836564238" /><trkpt lat="53.078669352" lon="-3.836581321" /><trkpt lat="53.078663580" lon="-3.836598253" /><trkpt lat="53.078658109" lon="-3.836615044" /><trkpt lat="53.078652918" lon="-3.836631706" /><trkpt lat="53.078647987" lon="-3.836648252" /><trkpt lat="53.078643295" lon="-3.836664692" /><trkpt lat="53.078638823" lon="-3.836681038" /><trkpt lat="53.078634549" lon="-3.836697303" /><trkpt lat="53.078630455" lon="-3.836713497" /><trkpt lat="53.078626519" lon="-3.836729633" /><trkpt lat="53.078622720" lon="-3.836745721" /><trkpt lat="53.078619040" lon="-3.836761775" /><trkpt lat="53.078615457" lon="-3.836777805" /><trkpt lat="53.078611952" lon="-3.836793823" /><trkpt lat="53.078608503" lon="-3.836809841" /><trkpt lat="53.078605091" lon="-3.836825871" /><trkpt lat="53.078601696" lon="-3.836841924" /><trkpt lat="53.078598296" lon="-3.836858011" /><trkpt lat="53.078594872" lon="-3.836874146" /><trkpt lat="53.078591404" lon="-3.836890338" /><trkpt lat="53.078587871" lon="-3.836906601" /><trkpt lat="53.078584253" lon="-3.836922945" /><trkpt lat="53.078580529" lon="-3.836939383" /><trkpt lat="53.078576680" lon="-3.836955926" /><trkpt lat="53.078572684" lon="-3.836972585" /><trkpt lat="53.078568523" lon="-3.836989373" /><trkpt lat="53.078564175" lon="-3.837006301" /><trkpt lat="53.078559620" lon="-3.837023381" /><trkpt lat="53.078554838" lon="-3.837040624" /><trkpt lat="53.078549808" lon="-3.837058042" /><trkpt lat="53.078544511" lon="-3.837075647" /><trkpt lat="53.078537344" lon="-3.837098564" /><trkpt lat="53.078530327" lon="-3.837120140" /><trkpt lat="53.078523434" lon="-3.837140423" /><trkpt lat="53.078516638" lon="-3.837159461" /><trkpt lat="53.078509913" lon="-3.837177301" /><trkpt lat="53.078503232" lon="-3.837193992" /><trkpt lat="53.078496569" lon="-3.837209581" /><trkpt lat="53.078489897" lon="-3.837224117" /><trkpt lat="53.078483190" lon="-3.837237647" /><trkpt lat="53.078476422" lon="-3.837250219" /><trkpt lat="53.078469565" lon="-3.837261881" /><trkpt lat="53.078462594" lon="-3.837272681" /><trkpt lat="53.078455483" lon="-3.837282666" /><trkpt lat="53.078448204" lon="-3.837291886" /><trkpt lat="53.078440731" lon="-3.837300387" /><trkpt lat="53.078433038" lon="-3.837308217" /><trkpt lat="53.078425099" lon="-3.837315425" /><trkpt lat="53.078416886" lon="-3.837322057" /><trkpt lat="53.078408374" lon="-3.837328163" /><trkpt lat="53.078399536" lon="-3.837333790" /><trkpt lat="53.078390345" lon="-3.837338986" /><trkpt lat="53.078380775" lon="-3.837343799" /><trkpt lat="53.078370800" lon="-3.837348276" /><trkpt lat="53.078360394" lon="-3.837352466" /><trkpt lat="53.078349529" lon="-3.837356417" /><trkpt lat="53.078338179" lon="-3.837360175" /><trkpt lat="53.078326318" lon="-3.837363790" /><trkpt lat="53.078313920" lon="-3.837367309" /><trkpt lat="53.078300958" lon="-3.837370780" /><trkpt lat="53.078287405" lon="-3.837374251" /><trkpt lat="53.078273655" lon="-3.837377768" /><trkpt lat="53.078260112" lon="-3.837381345" /><trkpt lat="53.078246764" lon="-3.837384979" /><trkpt lat="53.078233599" lon="-3.837388671" /><trkpt lat="53.078220605" lon="-3.837392420" /><trkpt lat="53.078207772" lon="-3.837396223" /><trkpt lat="53.078195086" lon="-3.837400081" /><trkpt lat="53.078182537" lon="-3.837403992" /><trkpt lat="53.078170113" lon="-3.837407954" /><trkpt lat="53.078157802" lon="-3.837411968" /><trkpt lat="53.078145592" lon="-3.837416032" /><trkpt lat="53.078133472" lon="-3.837420145" /><trkpt lat="53.078121430" lon="-3.837424306" /><trkpt lat="53.078109455" lon="-3.837428513" /><trkpt lat="53.078097534" lon="-3.837432766" /><trkpt lat="53.078085656" lon="-3.837437064" /><trkpt lat="53.078073809" lon="-3.837441406" /><trkpt lat="53.078061982" lon="-3.837445790" /><trkpt lat="53.078050163" lon="-3.837450216" /><trkpt lat="53.078038340" lon="-3.837454682" /><trkpt lat="53.078026501" lon="-3.837459187" /><trkpt lat="53.078014635" lon="-3.837463732" /><trkpt lat="53.078002731" lon="-3.837468313" /><trkpt lat="53.077990776" lon="-3.837472931" /><trkpt lat="53.077978759" lon="-3.837477584" /><trkpt lat="53.077966667" lon="-3.837482271" /><trkpt lat="53.077954491" lon="-3.837486991" /><trkpt lat="53.077942217" lon="-3.837491743" /><trkpt lat="53.077929834" lon="-3.837496527" /><trkpt lat="53.077917330" lon="-3.837501340" /><trkpt lat="53.077904550" lon="-3.837506011" /><trkpt lat="53.077891364" lon="-3.837510350" /><trkpt lat="53.077877794" lon="-3.837514335" /><trkpt lat="53.077863865" lon="-3.837517940" /><trkpt lat="53.077849602" lon="-3.837521141" /><trkpt lat="53.077835028" lon="-3.837523915" /><trkpt lat="53.077820167" lon="-3.837526236" /><trkpt lat="53.077805044" lon="-3.837528081" /><trkpt lat="53.077789682" lon="-3.837529425" /><trkpt lat="53.077774106" lon="-3.837530244" /><trkpt lat="53.077758340" lon="-3.837530514" /><trkpt lat="53.077742407" lon="-3.837530210" /><trkpt lat="53.077726332" lon="-3.837529308" /><trkpt lat="53.077710140" lon="-3.837527785" /><trkpt lat="53.077693853" lon="-3.837525615" /><trkpt lat="53.077677497" lon="-3.837522774" /><trkpt lat="53.077661094" lon="-3.837519239" /><trkpt lat="53.077644671" lon="-3.837514985" /><trkpt lat="53.077628249" lon="-3.837509987" /><trkpt lat="53.077611854" lon="-3.837504222" /><trkpt lat="53.077595510" lon="-3.837497665" /><trkpt lat="53.077579241" lon="-3.837490292" /><trkpt lat="53.077563070" lon="-3.837482078" /><trkpt lat="53.077547022" lon="-3.837473000" /><trkpt lat="53.077531121" lon="-3.837463033" /><trkpt lat="53.077515391" lon="-3.837452153" /><trkpt lat="53.077499857" lon="-3.837440335" /><trkpt lat="53.077484542" lon="-3.837427556" /><trkpt lat="53.077469470" lon="-3.837413791" /><trkpt lat="53.077454665" lon="-3.837399015" /><trkpt lat="53.077440364" lon="-3.837383941" /><trkpt lat="53.077426764" lon="-3.837369274" /><trkpt lat="53.077413826" lon="-3.837354980" /><trkpt lat="53.077401516" lon="-3.837341028" /><trkpt lat="53.077389796" lon="-3.837327383" /><trkpt lat="53.077378629" lon="-3.837314014" /><trkpt lat="53.077367980" lon="-3.837300887" /><trkpt lat="53.077357811" lon="-3.837287970" /><trkpt lat="53.077348085" lon="-3.837275229" /><trkpt lat="53.077338768" lon="-3.837262632" /><trkpt lat="53.077329821" lon="-3.837250146" /><trkpt lat="53.077321208" lon="-3.837237737" /><trkpt lat="53.077312893" lon="-3.837225374" /><trkpt lat="53.077304840" lon="-3.837213022" /><trkpt lat="53.077297010" lon="-3.837200650" /><trkpt lat="53.077289369" lon="-3.837188225" /><trkpt lat="53.077281879" lon="-3.837175713" /><trkpt lat="53.077274504" lon="-3.837163081" /><trkpt lat="53.077267208" lon="-3.837150297" /><trkpt lat="53.077259953" lon="-3.837137328" /><trkpt lat="53.077252703" lon="-3.837124141" /><trkpt lat="53.077245422" lon="-3.837110702" /><trkpt lat="53.077238072" lon="-3.837096980" /><trkpt lat="53.077230618" lon="-3.837082942" /><trkpt lat="53.077223023" lon="-3.837068553" /><trkpt lat="53.077215251" lon="-3.837053782" /><trkpt lat="53.077207264" lon="-3.837038596" /><trkpt lat="53.077199026" lon="-3.837022961" /><trkpt lat="53.077190501" lon="-3.837006845" /><trkpt lat="53.077181652" lon="-3.836990216" /><trkpt lat="53.077173938" lon="-3.836975762" /><trkpt lat="53.077166267" lon="-3.836961359" /><trkpt lat="53.077158644" lon="-3.836946990" /><trkpt lat="53.077151071" lon="-3.836932641" /><trkpt lat="53.077143554" lon="-3.836918297" /><trkpt lat="53.077136095" lon="-3.836903940" /><trkpt lat="53.077128698" lon="-3.836889558" /><trkpt lat="53.077121368" lon="-3.836875133" /><trkpt lat="53.077114107" lon="-3.836860651" /><trkpt lat="53.077106921" lon="-3.836846096" /><trkpt lat="53.077099813" lon="-3.836831453" /><trkpt lat="53.077092786" lon="-3.836816706" /><trkpt lat="53.077085844" lon="-3.836801840" /><trkpt lat="53.077078992" lon="-3.836786840" /><trkpt lat="53.077072233" lon="-3.836771690" /><trkpt lat="53.077065571" lon="-3.836756375" /><trkpt lat="53.077059010" lon="-3.836740879" /><trkpt lat="53.077052553" lon="-3.836725188" /><trkpt lat="53.077046205" lon="-3.836709285" /><trkpt lat="53.077039969" lon="-3.836693155" /><trkpt lat="53.077033850" lon="-3.836676783" /><trkpt lat="53.077027850" lon="-3.836660154" /><trkpt lat="53.077021974" lon="-3.836643252" /><trkpt lat="53.077016226" lon="-3.836626062" /><trkpt lat="53.077010609" lon="-3.836608568" /><trkpt lat="53.077005127" lon="-3.836590755" /><trkpt lat="53.076999785" lon="-3.836572607" /><trkpt lat="53.076994585" lon="-3.836554110" /><trkpt lat="53.076989532" lon="-3.836535247" /><trkpt lat="53.076984630" lon="-3.836516004" /><trkpt lat="53.076979883" lon="-3.836496365" /><trkpt lat="53.076975293" lon="-3.836476314" /><trkpt lat="53.076970866" lon="-3.836455837" /><trkpt lat="53.076966605" lon="-3.836434918" /><trkpt lat="53.076962514" lon="-3.836413541" /><trkpt lat="53.076958571" lon="-3.836391530" /><trkpt lat="53.076954978" lon="-3.836369978" /><trkpt lat="53.076951716" lon="-3.836348867" /><trkpt lat="53.076948768" lon="-3.836328178" /><trkpt lat="53.076946115" lon="-3.836307893" /><trkpt lat="53.076943740" lon="-3.836287995" /><trkpt lat="53.076941625" lon="-3.836268464" /><trkpt lat="53.076939752" lon="-3.836249283" /><trkpt lat="53.076938102" lon="-3.836230433" /><trkpt lat="53.076936659" lon="-3.836211896" /><trkpt lat="53.076935403" lon="-3.836193654" /><trkpt lat="53.076934318" lon="-3.836175688" /><trkpt lat="53.076933385" lon="-3.836157981" /><trkpt lat="53.076932587" lon="-3.836140514" /><trkpt lat="53.076931904" lon="-3.836123268" /><trkpt lat="53.076931321" lon="-3.836106227" /><trkpt lat="53.076930818" lon="-3.836089370" /><trkpt lat="53.076930378" lon="-3.836072680" /><trkpt lat="53.076929982" lon="-3.836056140" /><trkpt lat="53.076929614" lon="-3.836039729" /><trkpt lat="53.076929254" lon="-3.836023432" /><trkpt lat="53.076928886" lon="-3.836007228" /><trkpt lat="53.076928491" lon="-3.835991100" /><trkpt lat="53.076928051" lon="-3.835975029" /><trkpt lat="53.076927548" lon="-3.835958998" /><trkpt lat="53.076926965" lon="-3.835942988" /><trkpt lat="53.076926283" lon="-3.835926981" /><trkpt lat="53.076925485" lon="-3.835910959" /><trkpt lat="53.076924553" lon="-3.835894903" /><trkpt lat="53.076923468" lon="-3.835878795" /><trkpt lat="53.076922213" lon="-3.835862616" /><trkpt lat="53.076920771" lon="-3.835846350" /><trkpt lat="53.076919122" lon="-3.835829977" /><trkpt lat="53.076917249" lon="-3.835813479" /><trkpt lat="53.076915083" lon="-3.835797545" /><trkpt lat="53.076912466" lon="-3.835781912" /><trkpt lat="53.076909421" lon="-3.835766552" /><trkpt lat="53.076905972" lon="-3.835751437" /><trkpt lat="53.076902142" lon="-3.835736539" /><trkpt lat="53.076897952" lon="-3.835721831" /><trkpt lat="53.076893428" lon="-3.835707285" /><trkpt lat="53.076888590" lon="-3.835692872" /><trkpt lat="53.076883464" lon="-3.835678566" /><trkpt lat="53.076878070" lon="-3.835664338" /><trkpt lat="53.076872434" lon="-3.835650161" /><trkpt lat="53.076866576" lon="-3.835636007" /><trkpt lat="53.076860521" lon="-3.835621848" /><trkpt lat="53.076854292" lon="-3.835607657" /><trkpt lat="53.076847911" lon="-3.835593405" /><trkpt lat="53.076841402" lon="-3.835579064" /><trkpt lat="53.076834787" lon="-3.835564608" /><trkpt lat="53.076828089" lon="-3.835550008" /><trkpt lat="53.076821332" lon="-3.835535236" /><trkpt lat="53.076814538" lon="-3.835520265" /><trkpt lat="53.076807731" lon="-3.835505068" /><trkpt lat="53.076800934" lon="-3.835489615" /><trkpt lat="53.076794168" lon="-3.835473879" /><trkpt lat="53.076787459" lon="-3.835457833" /><trkpt lat="53.076780828" lon="-3.835441449" /><trkpt lat="53.076774298" lon="-3.835424699" /><trkpt lat="53.076767892" lon="-3.835407555" /><trkpt lat="53.076761635" lon="-3.835389990" /><trkpt lat="53.076755547" lon="-3.835371975" /><trkpt lat="53.076749653" lon="-3.835353484" /><trkpt lat="53.076743976" lon="-3.835334487" /><trkpt lat="53.076738538" lon="-3.835314958" /><trkpt lat="53.076733363" lon="-3.835294868" /><trkpt lat="53.076728473" lon="-3.835274191" /><trkpt lat="53.076723891" lon="-3.835252897" /><trkpt lat="53.076720645" lon="-3.835237036" /><trkpt lat="53.076717352" lon="-3.835220975" /><trkpt lat="53.076714008" lon="-3.835204725" /><trkpt lat="53.076710613" lon="-3.835188296" /><trkpt lat="53.076707162" lon="-3.835171697" /><trkpt lat="53.076703655" lon="-3.835154939" /><trkpt lat="53.076700089" lon="-3.835138031" /><trkpt lat="53.076696461" lon="-3.835120984" /><trkpt lat="53.076692769" lon="-3.835103808" /><trkpt lat="53.076689011" lon="-3.835086513" /><trkpt lat="53.076685185" lon="-3.835069109" /><trkpt lat="53.076681287" lon="-3.835051605" /><trkpt lat="53.076677317" lon="-3.835034013" /><trkpt lat="53.076673272" lon="-3.835016341" /><trkpt lat="53.076669148" lon="-3.834998601" /><trkpt lat="53.076664945" lon="-3.834980801" /><trkpt lat="53.076660660" lon="-3.834962953" /><trkpt lat="53.076656290" lon="-3.834945066" /><trkpt lat="53.076651833" lon="-3.834927149" /><trkpt lat="53.076647287" lon="-3.834909215" /><trkpt lat="53.076642649" lon="-3.834891271" /><trkpt lat="53.076637918" lon="-3.834873329" /><trkpt lat="53.076633091" lon="-3.834855398" /><trkpt lat="53.076628165" lon="-3.834837488" /><trkpt lat="53.076623138" lon="-3.834819610" /><trkpt lat="53.076618009" lon="-3.834801774" /><trkpt lat="53.076612774" lon="-3.834783989" /><trkpt lat="53.076607431" lon="-3.834766265" /><trkpt lat="53.076601979" lon="-3.834748613" /><trkpt lat="53.076596414" lon="-3.834731043" /><trkpt lat="53.076590735" lon="-3.834713564" /><trkpt lat="53.076584939" lon="-3.834696187" /><trkpt lat="53.076579024" lon="-3.834678922" /><trkpt lat="53.076572987" lon="-3.834661779" /><trkpt lat="53.076566826" lon="-3.834644767" /><trkpt lat="53.076560540" lon="-3.834627898" /><trkpt lat="53.076554125" lon="-3.834611180" /><trkpt lat="53.076547580" lon="-3.834594624" /><trkpt lat="53.076540901" lon="-3.834578241" /><trkpt lat="53.076534087" lon="-3.834562039" /><trkpt lat="53.076527136" lon="-3.834546029" /><trkpt lat="53.076520045" lon="-3.834530222" /><trkpt lat="53.076512811" lon="-3.834514627" /><trkpt lat="53.076505433" lon="-3.834499254" /><trkpt lat="53.076497909" lon="-3.834484113" /><trkpt lat="53.076490235" lon="-3.834469214" /><trkpt lat="53.076482409" lon="-3.834454568" /><trkpt lat="53.076474430" lon="-3.834440184" /><trkpt lat="53.076461910" lon="-3.834418050" /><trkpt lat="53.076450108" lon="-3.834397188" /><trkpt lat="53.076438991" lon="-3.834377509" /><trkpt lat="53.076428524" lon="-3.834358926" /><trkpt lat="53.076418675" lon="-3.834341352" /><trkpt lat="53.076409410" lon="-3.834324699" /><trkpt lat="53.076400695" lon="-3.834308879" /><trkpt lat="53.076392495" lon="-3.834293805" /><trkpt lat="53.076384779" lon="-3.834279388" /><trkpt lat="53.076377512" lon="-3.834265543" /><trkpt lat="53.076370660" lon="-3.834252179" /><trkpt lat="53.076364189" lon="-3.834239212" /><trkpt lat="53.076358067" lon="-3.834226551" /><trkpt lat="53.076352259" lon="-3.834214111" /><trkpt lat="53.076346732" lon="-3.834201803" /><trkpt lat="53.076341452" lon="-3.834189540" /><trkpt lat="53.076336385" lon="-3.834177233" /><trkpt lat="53.076331498" lon="-3.834164797" /><trkpt lat="53.076326758" lon="-3.834152142" /><trkpt lat="53.076322129" lon="-3.834139181" /><trkpt lat="53.076317580" lon="-3.834125827" /><trkpt lat="53.076313075" lon="-3.834111992" /><trkpt lat="53.076308582" lon="-3.834097588" /><trkpt lat="53.076304067" lon="-3.834082528" /><trkpt lat="53.076299496" lon="-3.834066724" /><trkpt lat="53.076294835" lon="-3.834050089" /><trkpt lat="53.076290052" lon="-3.834032534" /><trkpt lat="53.076285111" lon="-3.834013973" /><trkpt lat="53.076279980" lon="-3.833994317" /><trkpt lat="53.076274625" lon="-3.833973480" /><trkpt lat="53.076269727" lon="-3.833954424" /><trkpt lat="53.076264987" lon="-3.833936222" /><trkpt lat="53.076260395" lon="-3.833918804" /><trkpt lat="53.076255940" lon="-3.833902099" /><trkpt lat="53.076251613" lon="-3.833886037" /><trkpt lat="53.076247404" lon="-3.833870545" /><trkpt lat="53.076243301" lon="-3.833855553" /><trkpt lat="53.076239295" lon="-3.833840991" /><trkpt lat="53.076235376" lon="-3.833826787" /><trkpt lat="53.076231534" lon="-3.833812871" /><trkpt lat="53.076227758" lon="-3.833799172" /><trkpt lat="53.076224038" lon="-3.833785619" /><trkpt lat="53.076220364" lon="-3.833772141" /><trkpt lat="53.076216725" lon="-3.833758667" /><trkpt lat="53.076213112" lon="-3.833745126" /><trkpt lat="53.076209514" lon="-3.833731448" /><trkpt lat="53.076205922" lon="-3.833717561" /><trkpt lat="53.076202324" lon="-3.833703395" /><trkpt lat="53.076198711" lon="-3.833688879" /><trkpt lat="53.076195073" lon="-3.833673942" /><trkpt lat="53.076191398" lon="-3.833658513" /><trkpt lat="53.076187678" lon="-3.833642521" /><trkpt lat="53.076183902" lon="-3.833625896" /><trkpt lat="53.076180060" lon="-3.833608566" /><trkpt lat="53.076176141" lon="-3.833590461" /><trkpt lat="53.076172135" lon="-3.833571510" /><trkpt lat="53.076168032" lon="-3.833551642" /><trkpt lat="53.076163823" lon="-3.833530786" /><trkpt lat="53.076159496" lon="-3.833508871" /><trkpt lat="53.076155041" lon="-3.833485826" /><trkpt lat="53.076150449" lon="-3.833461581" /><trkpt lat="53.076145709" lon="-3.833436064" /><trkpt lat="53.076140811" lon="-3.833409205" /><trkpt lat="53.076136716" lon="-3.833386600" /><trkpt lat="53.076132647" lon="-3.833364249" /><trkpt lat="53.076128599" lon="-3.833342157" /><trkpt lat="53.076124567" lon="-3.833320327" /><trkpt lat="53.076120546" lon="-3.833298763" /><trkpt lat="53.076116533" lon="-3.833277468" /><trkpt lat="53.076112521" lon="-3.833256445" /><trkpt lat="53.076108507" lon="-3.833235698" /><trkpt lat="53.076104485" lon="-3.833215231" /><trkpt lat="53.076100452" lon="-3.833195047" /><trkpt lat="53.076096402" lon="-3.833175150" /><trkpt lat="53.076092330" lon="-3.833155543" /><trkpt lat="53.076088233" lon="-3.833136230" /><trkpt lat="53.076084105" lon="-3.833117214" /><trkpt lat="53.076079942" lon="-3.833098498" /><trkpt lat="53.076075738" lon="-3.833080087" /><trkpt lat="53.076071490" lon="-3.833061984" /><trkpt lat="53.076067193" lon="-3.833044192" /><trkpt lat="53.076062841" lon="-3.833026715" /><trkpt lat="53.076058431" lon="-3.833009556" /><trkpt lat="53.076053957" lon="-3.832992719" /><trkpt lat="53.076049415" lon="-3.832976207" /><trkpt lat="53.076044800" lon="-3.832960025" /><trkpt lat="53.076040108" lon="-3.832944174" /><trkpt lat="53.076035334" lon="-3.832928660" /><trkpt lat="53.076030473" lon="-3.832913485" /><trkpt lat="53.076025520" lon="-3.832898653" /><trkpt lat="53.076020471" lon="-3.832884168" /><trkpt lat="53.076015321" lon="-3.832870033" /><trkpt lat="53.076010065" lon="-3.832856251" /><trkpt lat="53.076004699" lon="-3.832842826" /><trkpt lat="53.075999219" lon="-3.832829762" /><trkpt lat="53.075993618" lon="-3.832817062" /><trkpt lat="53.075987894" lon="-3.832804730" /><trkpt lat="53.075982040" lon="-3.832792769" /><trkpt lat="53.075976052" lon="-3.832781182" /><trkpt lat="53.075969926" lon="-3.832769974" /><trkpt lat="53.075963658" lon="-3.832759147" /><trkpt lat="53.075957241" lon="-3.832748705" /><trkpt lat="53.075950672" lon="-3.832738653" /><trkpt lat="53.075941897" lon="-3.832725954" /><trkpt lat="53.075933284" lon="-3.832714133" /><trkpt lat="53.075924815" lon="-3.832703175" /><trkpt lat="53.075916471" lon="-3.832693066" /><trkpt lat="53.075908234" lon="-3.832683790" /><trkpt lat="53.075900086" lon="-3.832675333" /><trkpt lat="53.075892007" lon="-3.832667680" /><trkpt lat="53.075883980" lon="-3.832660816" /><trkpt lat="53.075875985" lon="-3.832654726" /><trkpt lat="53.075868005" lon="-3.832649396" /><trkpt lat="53.075860020" lon="-3.832644810" /><trkpt lat="53.075852013" lon="-3.832640954" /><trkpt lat="53.075843965" lon="-3.832637814" /><trkpt lat="53.075835857" lon="-3.832635373" /><trkpt lat="53.075827671" lon="-3.832633618" /><trkpt lat="53.075819388" lon="-3.832632533" /><trkpt lat="53.075810990" lon="-3.832632104" /><trkpt lat="53.075802458" lon="-3.832632316" /><trkpt lat="53.075793774" lon="-3.832633154" /><trkpt lat="53.075784920" lon="-3.832634604" /><trkpt lat="53.075775876" lon="-3.832636649" /><trkpt lat="53.075766624" lon="-3.832639277" /><trkpt lat="53.075757147" lon="-3.832642471" /><trkpt lat="53.075747425" lon="-3.832646217" /><trkpt lat="53.075737439" lon="-3.832650501" /><trkpt lat="53.075727172" lon="-3.832655307" /><trkpt lat="53.075716605" lon="-3.832660620" /><trkpt lat="53.075705718" lon="-3.832666426" /><trkpt lat="53.075694495" lon="-3.832672710" /><trkpt lat="53.075682916" lon="-3.832679457" /><trkpt lat="53.075671480" lon="-3.832686342" /><trkpt lat="53.075660658" lon="-3.832693056" /><trkpt lat="53.075650390" lon="-3.832699616" /><trkpt lat="53.075640617" lon="-3.832706033" /><trkpt lat="53.075631279" lon="-3.832712324" /><trkpt lat="53.075622317" lon="-3.832718500" /><trkpt lat="53.075613670" lon="-3.832724578" /><trkpt lat="53.075605280" lon="-3.832730570" /><trkpt lat="53.075597087" lon="-3.832736490" /><trkpt lat="53.075589031" lon="-3.832742354" /><trkpt lat="53.075581053" lon="-3.832748174" /><trkpt lat="53.075573093" lon="-3.832753964" /><trkpt lat="53.075565092" lon="-3.832759740" /><trkpt lat="53.075556989" lon="-3.832765514" /><trkpt lat="53.075548726" lon="-3.832771301" /><trkpt lat="53.075540242" lon="-3.832777115" /><trkpt lat="53.075531479" lon="-3.832782969" /><trkpt lat="53.075522376" lon="-3.832788879" /><trkpt lat="53.075512875" lon="-3.832794857" /><trkpt lat="53.075502915" lon="-3.832800918" /><trkpt lat="53.075492436" lon="-3.832807077" /><trkpt lat="53.075481380" lon="-3.832813346" /><trkpt lat="53.075469687" lon="-3.832819740" /><trkpt lat="53.075457297" lon="-3.832826274" /><trkpt lat="53.075444150" lon="-3.832832960" /><trkpt lat="53.075430188" lon="-3.832839813" /><trkpt lat="53.075415349" lon="-3.832846848" /><trkpt lat="53.075399576" lon="-3.832854078" /><trkpt lat="53.075382808" lon="-3.832861517" /><trkpt lat="53.075364985" lon="-3.832869179" /><trkpt lat="53.075346699" lon="-3.832876925" /><trkpt lat="53.075328581" lon="-3.832884605" /><trkpt lat="53.075310634" lon="-3.832892217" /><trkpt lat="53.075292860" lon="-3.832899756" /><trkpt lat="53.075275260" lon="-3.832907221" /><trkpt lat="53.075257838" lon="-3.832914607" /><trkpt lat="53.075240594" lon="-3.832921913" /><trkpt lat="53.075223533" lon="-3.832929136" /><trkpt lat="53.075206654" lon="-3.832936271" /><trkpt lat="53.075189962" lon="-3.832943317" /><trkpt lat="53.075173457" lon="-3.832950271" /><trkpt lat="53.075157143" lon="-3.832957129" /><trkpt lat="53.075141020" lon="-3.832963888" /><trkpt lat="53.075125092" lon="-3.832970547" /><trkpt lat="53.075109361" lon="-3.832977100" /><trkpt lat="53.075093828" lon="-3.832983547" /><trkpt lat="53.075078496" lon="-3.832989883" /><trkpt lat="53.075063368" lon="-3.832996106" /><trkpt lat="53.075048444" lon="-3.833002213" /><trkpt lat="53.075033728" lon="-3.833008201" /><trkpt lat="53.075019222" lon="-3.833014067" /><trkpt lat="53.075004927" lon="-3.833019808" /><trkpt lat="53.074990846" lon="-3.833025421" /><trkpt lat="53.074976981" lon="-3.833030903" /><trkpt lat="53.074963335" lon="-3.833036252" /><trkpt lat="53.074949908" lon="-3.833041463" /><trkpt lat="53.074936705" lon="-3.833046535" /><trkpt lat="53.074923726" lon="-3.833051464" /><trkpt lat="53.074910974" lon="-3.833056248" /><trkpt lat="53.074898451" lon="-3.833060883" /><trkpt lat="53.074886021" lon="-3.833065126" /><trkpt lat="53.074873562" lon="-3.833068723" /><trkpt lat="53.074861098" lon="-3.833071658" /><trkpt lat="53.074848652" lon="-3.833073911" /><trkpt lat="53.074836247" lon="-3.833075465" /><trkpt lat="53.074823908" lon="-3.833076304" /><trkpt lat="53.074811658" lon="-3.833076407" /><trkpt lat="53.074799520" lon="-3.833075759" /><trkpt lat="53.074787518" lon="-3.833074341" /><trkpt lat="53.074775675" lon="-3.833072136" /><trkpt lat="53.074764015" lon="-3.833069125" /><trkpt lat="53.074752562" lon="-3.833065291" /><trkpt lat="53.074741340" lon="-3.833060617" /><trkpt lat="53.074730370" lon="-3.833055083" /><trkpt lat="53.074719679" lon="-3.833048674" /><trkpt lat="53.074709287" lon="-3.833041370" /><trkpt lat="53.074699221" lon="-3.833033155" /><trkpt lat="53.074689502" lon="-3.833024010" /><trkpt lat="53.074680154" lon="-3.833013918" /><trkpt lat="53.074671202" lon="-3.833002860" /><trkpt lat="53.074662668" lon="-3.832990820" /><trkpt lat="53.074654576" lon="-3.832977779" /><trkpt lat="53.074646950" lon="-3.832963720" /><trkpt lat="53.074639813" lon="-3.832948625" /><trkpt lat="53.074633189" lon="-3.832932475" /><trkpt lat="53.074627101" lon="-3.832915255" /><trkpt lat="53.074621573" lon="-3.832896944" /><trkpt lat="53.074616628" lon="-3.832877527" /><trkpt lat="53.074612291" lon="-3.832856984" /><trkpt lat="53.074608584" lon="-3.832835299" /><trkpt lat="53.074606018" lon="-3.832817221" /><trkpt lat="53.074603803" lon="-3.832799090" /><trkpt lat="53.074601926" lon="-3.832780916" /><trkpt lat="53.074600378" lon="-3.832762705" /><trkpt lat="53.074599149" lon="-3.832744464" /><trkpt lat="53.074598227" lon="-3.832726201" /><trkpt lat="53.074597602" lon="-3.832707923" /><trkpt lat="53.074597264" lon="-3.832689638" /><trkpt lat="53.074597202" lon="-3.832671352" /><trkpt lat="53.074597406" lon="-3.832653073" /><trkpt lat="53.074597865" lon="-3.832634808" /><trkpt lat="53.074598568" lon="-3.832616565" /><trkpt lat="53.074599506" lon="-3.832598351" /><trkpt lat="53.074600668" lon="-3.832580174" /><trkpt lat="53.074602043" lon="-3.832562039" /><trkpt lat="53.074603620" lon="-3.832543956" /><trkpt lat="53.074605390" lon="-3.832525930" /><trkpt lat="53.074607342" lon="-3.832507971" /><trkpt lat="53.074609464" lon="-3.832490083" /><trkpt lat="53.074611748" lon="-3.832472276" /><trkpt lat="53.074614182" lon="-3.832454557" /><trkpt lat="53.074616755" lon="-3.832436932" /><trkpt lat="53.074619457" lon="-3.832419409" /><trkpt lat="53.074622279" lon="-3.832401995" /><trkpt lat="53.074625208" lon="-3.832384698" /><trkpt lat="53.074628236" lon="-3.832367524" /><trkpt lat="53.074631350" lon="-3.832350482" /><trkpt lat="53.074634541" lon="-3.832333579" /><trkpt lat="53.074637799" lon="-3.832316821" /><trkpt lat="53.074641112" lon="-3.832300217" /><trkpt lat="53.074644470" lon="-3.832283773" /><trkpt lat="53.074647863" lon="-3.832267496" /><trkpt lat="53.074651281" lon="-3.832251395" /><trkpt lat="53.074654712" lon="-3.832235476" /><trkpt lat="53.074658146" lon="-3.832219747" /><trkpt lat="53.074661573" lon="-3.832204215" /><trkpt lat="53.074664983" lon="-3.832188887" /><trkpt lat="53.074668496" lon="-3.832172952" /><trkpt lat="53.074671842" lon="-3.832157315" /><trkpt lat="53.074675000" lon="-3.832141948" /><trkpt lat="53.074677952" lon="-3.832126822" /><trkpt lat="53.074680677" lon="-3.832111909" /><trkpt lat="53.074683156" lon="-3.832097180" /><trkpt lat="53.074685369" lon="-3.832082607" /><trkpt lat="53.074687298" lon="-3.832068161" /><trkpt lat="53.074688923" lon="-3.832053815" /><trkpt lat="53.074690224" lon="-3.832039539" /><trkpt lat="53.074691181" lon="-3.832025306" /><trkpt lat="53.074691776" lon="-3.832011086" /><trkpt lat="53.074691989" lon="-3.831996852" /><trkpt lat="53.074691799" lon="-3.831982575" /><trkpt lat="53.074691189" lon="-3.831968227" /><trkpt lat="53.074690138" lon="-3.831953779" /><trkpt lat="53.074688627" lon="-3.831939202" /><trkpt lat="53.074686637" lon="-3.831924469" /><trkpt lat="53.074684147" lon="-3.831909552" /><trkpt lat="53.074681139" lon="-3.831894420" /><trkpt lat="53.074677592" lon="-3.831879047" /><trkpt lat="53.074673489" lon="-3.831863404" /><trkpt lat="53.074668808" lon="-3.831847462" /><trkpt lat="53.074663531" lon="-3.831831193" /><trkpt lat="53.074657637" lon="-3.831814569" /><trkpt lat="53.074651109" lon="-3.831797560" /><trkpt lat="53.074643925" lon="-3.831780140" /><trkpt lat="53.074636067" lon="-3.831762279" /><trkpt lat="53.074627515" lon="-3.831743948" /><trkpt lat="53.074618250" lon="-3.831725120" /><trkpt lat="53.074608252" lon="-3.831705767" /><trkpt lat="53.074597502" lon="-3.831685859" /><trkpt lat="53.074585980" lon="-3.831665368" /><trkpt lat="53.074573667" lon="-3.831644266" /><trkpt lat="53.074560543" lon="-3.831622524" /><trkpt lat="53.074549163" lon="-3.831603728" /><trkpt lat="53.074538120" lon="-3.831585032" /><trkpt lat="53.074527393" lon="-3.831566453" /><trkpt lat="53.074516962" lon="-3.831548011" /><trkpt lat="53.074506808" lon="-3.831529722" /><trkpt lat="53.074496910" lon="-3.831511604" /><trkpt lat="53.074487248" lon="-3.831493674" /><trkpt lat="53.074477802" lon="-3.831475951" /><trkpt lat="53.074468553" lon="-3.831458453" /><trkpt lat="53.074459479" lon="-3.831441196" /><trkpt lat="53.074450562" lon="-3.831424198" /><trkpt lat="53.074441780" lon="-3.831407478" /><trkpt lat="53.074433115" lon="-3.831391053" /><trkpt lat="53.074424545" lon="-3.831374940" /><trkpt lat="53.074416050" lon="-3.831359157" /><trkpt lat="53.074407612" lon="-3.831343722" /><trkpt lat="53.074399209" lon="-3.831328653" /><trkpt lat="53.074390822" lon="-3.831313967" /><trkpt lat="53.074382430" lon="-3.831299683" /><trkpt lat="53.074374014" lon="-3.831285816" /><trkpt lat="53.074365553" lon="-3.831272386" /><trkpt lat="53.074357027" lon="-3.831259411" /><trkpt lat="53.074348417" lon="-3.831246906" /><trkpt lat="53.074339702" lon="-3.831234892" /><trkpt lat="53.074330862" lon="-3.831223384" /><trkpt lat="53.074321877" lon="-3.831212401" /><trkpt lat="53.074312727" lon="-3.831201960" /><trkpt lat="53.074303392" lon="-3.831192080" /><trkpt lat="53.074293852" lon="-3.831182777" /><trkpt lat="53.074284087" lon="-3.831174070" /><trkpt lat="53.074274076" lon="-3.831165976" /><trkpt lat="53.074263801" lon="-3.831158513" /><trkpt lat="53.074253240" lon="-3.831151698" /><trkpt lat="53.074242373" lon="-3.831145550" /><trkpt lat="53.074231181" lon="-3.831140086" /><trkpt lat="53.074219644" lon="-3.831135323" /><trkpt lat="53.074207741" lon="-3.831131279" /><trkpt lat="53.074195453" lon="-3.831127973" /><trkpt lat="53.074182759" lon="-3.831125421" /><trkpt lat="53.074169639" lon="-3.831123641" /><trkpt lat="53.074156073" lon="-3.831122651" /><trkpt lat="53.074137495" lon="-3.831122239" /><trkpt lat="53.074119451" lon="-3.831122580" /><trkpt lat="53.074101913" lon="-3.831123624" /><trkpt lat="53.074084855" lon="-3.831125325" /><trkpt lat="53.074068247" lon="-3.831127631" /><trkpt lat="53.074052064" lon="-3.831130496" /><trkpt lat="53.074036278" lon="-3.831133871" /><trkpt lat="53.074020861" lon="-3.831137706" /><trkpt lat="53.074005786" lon="-3.831141953" /><trkpt lat="53.073991025" lon="-3.831146564" /><trkpt lat="53.073976552" lon="-3.831151490" /><trkpt lat="53.073962339" lon="-3.831156681" /><trkpt lat="53.073948358" lon="-3.831162091" /><trkpt lat="53.073934583" lon="-3.831167669" /><trkpt lat="53.073920985" lon="-3.831173367" /><trkpt lat="53.073907538" lon="-3.831179137" /><trkpt lat="53.073894213" lon="-3.831184929" /><trkpt lat="53.073880985" lon="-3.831190696" /><trkpt lat="53.073867824" lon="-3.831196389" /><trkpt lat="53.073854705" lon="-3.831201958" /><trkpt lat="53.073841599" lon="-3.831207356" /><trkpt lat="53.073828479" lon="-3.831212533" /><trkpt lat="53.073815318" lon="-3.831217441" /><trkpt lat="53.073802088" lon="-3.831222031" /><trkpt lat="53.073788762" lon="-3.831226255" /><trkpt lat="53.073775313" lon="-3.831230064" /><trkpt lat="53.073761713" lon="-3.831233409" /><trkpt lat="53.073747935" lon="-3.831236242" /><trkpt lat="53.073733952" lon="-3.831238514" /><trkpt lat="53.073719736" lon="-3.831240176" /><trkpt lat="53.073705748" lon="-3.831241300" /><trkpt lat="53.073692444" lon="-3.831241992" /><trkpt lat="53.073679786" lon="-3.831242259" /><trkpt lat="53.073667736" lon="-3.831242107" /><trkpt lat="53.073656258" lon="-3.831241540" /><trkpt lat="53.073645314" lon="-3.831240567" /><trkpt lat="53.073634867" lon="-3.831239191" /><trkpt lat="53.073624880" lon="-3.831237420" /><trkpt lat="53.073615315" lon="-3.831235259" /><trkpt lat="53.073606135" lon="-3.831232713" /><trkpt lat="53.073597302" lon="-3.831229790" /><trkpt lat="53.073588780" lon="-3.831226494" /><trkpt lat="53.073580530" lon="-3.831222831" /><trkpt lat="53.073572517" lon="-3.831218809" /><trkpt lat="53.073564702" lon="-3.831214431" /><trkpt lat="53.073557048" lon="-3.831209705" /><trkpt lat="53.073549518" lon="-3.831204637" /><trkpt lat="53.073542074" lon="-3.831199231" /><trkpt lat="53.073534680" lon="-3.831193494" /><trkpt lat="53.073527298" lon="-3.831187432" /><trkpt lat="53.073519890" lon="-3.831181051" /><trkpt lat="53.073512420" lon="-3.831174357" /><trkpt lat="53.073504849" lon="-3.831167355" /><trkpt lat="53.073497142" lon="-3.831160052" /><trkpt lat="53.073489259" lon="-3.831152453" /><trkpt lat="53.073481165" lon="-3.831144565" /><trkpt lat="53.073472822" lon="-3.831136392" /><trkpt lat="53.073464192" lon="-3.831127942" /><trkpt lat="53.073455239" lon="-3.831119220" /><trkpt lat="53.073445924" lon="-3.831110231" /><trkpt lat="53.073436528" lon="-3.831101413" /><trkpt lat="53.073427343" lon="-3.831093219" /><trkpt lat="53.073418356" lon="-3.831085687" /><trkpt lat="53.073409550" lon="-3.831078853" /><trkpt lat="53.073400911" lon="-3.831072751" /><trkpt lat="53.073392423" lon="-3.831067417" /><trkpt lat="53.073384071" lon="-3.831062889" /><trkpt lat="53.073375840" lon="-3.831059200" /><trkpt lat="53.073367716" lon="-3.831056387" /><trkpt lat="53.073359682" lon="-3.831054487" /><trkpt lat="53.073351724" lon="-3.831053533" /><trkpt lat="53.073343827" lon="-3.831053564" /><trkpt lat="53.073335975" lon="-3.831054613" /><trkpt lat="53.073328154" lon="-3.831056717" /><trkpt lat="53.073320347" lon="-3.831059912" /><trkpt lat="53.073312541" lon="-3.831064234" /><trkpt lat="53.073304719" lon="-3.831069718" /><trkpt lat="53.073296867" lon="-3.831076400" /><trkpt lat="53.073288970" lon="-3.831084316" /><trkpt lat="53.073281012" lon="-3.831093501" /><trkpt lat="53.073272978" lon="-3.831103992" /><trkpt lat="53.073264854" lon="-3.831115825" /><trkpt lat="53.073256623" lon="-3.831129034" /><trkpt lat="53.073248271" lon="-3.831143656" /><trkpt lat="53.073239783" lon="-3.831159727" /><trkpt lat="53.073231144" lon="-3.831177282" /><trkpt lat="53.073222338" lon="-3.831196358" /><trkpt lat="53.073213350" lon="-3.831216989" /><trkpt lat="53.073204166" lon="-3.831239212" /><trkpt lat="53.073194769" lon="-3.831263063" /><trkpt lat="53.073185411" lon="-3.831287441" /><trkpt lat="53.073176342" lon="-3.831311225" /><trkpt lat="53.073167545" lon="-3.831334414" /><trkpt lat="53.073159002" lon="-3.831357008" /><trkpt lat="53.073150697" lon="-3.831379009" /><trkpt lat="53.073142614" lon="-3.831400416" /><trkpt lat="53.073134736" lon="-3.831421229" /><trkpt lat="53.073127045" lon="-3.831441450" /><trkpt lat="53.073119526" lon="-3.831461078" /><trkpt lat="53.073112160" lon="-3.831480114" /><trkpt lat="53.073104933" lon="-3.831498557" /><trkpt lat="53.073097826" lon="-3.831516410" /><trkpt lat="53.073090823" lon="-3.831533671" /><trkpt lat="53.073083908" lon="-3.831550341" /><trkpt lat="53.073077062" lon="-3.831566421" /><trkpt lat="53.073070271" lon="-3.831581911" /><trkpt lat="53.073063517" lon="-3.831596812" /><trkpt lat="53.073056782" lon="-3.831611122" /><trkpt lat="53.073050051" lon="-3.831624844" /><trkpt lat="53.073043307" lon="-3.831637977" /><trkpt lat="53.073036533" lon="-3.831650522" /><trkpt lat="53.073029712" lon="-3.831662479" /><trkpt lat="53.073022827" lon="-3.831673848" /><trkpt lat="53.073015861" lon="-3.831684630" /><trkpt lat="53.073008799" lon="-3.831694826" /><trkpt lat="53.073001622" lon="-3.831704434" /><trkpt lat="53.072994315" lon="-3.831713457" /><trkpt lat="53.072986860" lon="-3.831721893" /><trkpt lat="53.072979241" lon="-3.831729745" /><trkpt lat="53.072971441" lon="-3.831737011" /><trkpt lat="53.072963528" lon="-3.831743551" /><trkpt lat="53.072955580" lon="-3.831749241" /><trkpt lat="53.072947593" lon="-3.831754107" /><trkpt lat="53.072939564" lon="-3.831758176" /><trkpt lat="53.072931490" lon="-3.831761474" /><trkpt lat="53.072923368" lon="-3.831764026" /><trkpt lat="53.072915194" lon="-3.831765860" /><trkpt lat="53.072906965" lon="-3.831767001" /><trkpt lat="53.072898679" lon="-3.831767476" /><trkpt lat="53.072890331" lon="-3.831767310" /><trkpt lat="53.072881918" lon="-3.831766531" /><trkpt lat="53.072873438" lon="-3.831765163" /><trkpt lat="53.072864887" lon="-3.831763235" /><trkpt lat="53.072856262" lon="-3.831760771" /><trkpt lat="53.072847560" lon="-3.831757798" /><trkpt lat="53.072838777" lon="-3.831754342" /><trkpt lat="53.072829910" lon="-3.831750430" /><trkpt lat="53.072820956" lon="-3.831746087" /><trkpt lat="53.072811912" lon="-3.831741341" /><trkpt lat="53.072802774" lon="-3.831736216" /><trkpt lat="53.072793540" lon="-3.831730740" /><trkpt lat="53.072784206" lon="-3.831724938" /><trkpt lat="53.072774769" lon="-3.831718837" /><trkpt lat="53.072765225" lon="-3.831712463" /><trkpt lat="53.072755572" lon="-3.831705843" /><trkpt lat="53.072745806" lon="-3.831699001" /><trkpt lat="53.072735923" lon="-3.831691966" /><trkpt lat="53.072725922" lon="-3.831684762" /><trkpt lat="53.072715798" lon="-3.831677417" /><trkpt lat="53.072705549" lon="-3.831669956" /><trkpt lat="53.072695337" lon="-3.831662764" /><trkpt lat="53.072685310" lon="-3.831656205" /><trkpt lat="53.072675445" lon="-3.831650270" /><trkpt lat="53.072665715" lon="-3.831644948" /><trkpt lat="53.072656096" lon="-3.831640233" /><trkpt lat="53.072646561" lon="-3.831636114" /><trkpt lat="53.072637087" lon="-3.831632584" /><trkpt lat="53.072627648" lon="-3.831629634" /><trkpt lat="53.072618218" lon="-3.831627254" /><trkpt lat="53.072608773" lon="-3.831625437" /><trkpt lat="53.072599287" lon="-3.831624173" /><trkpt lat="53.072589735" lon="-3.831623453" /><trkpt lat="53.072580093" lon="-3.831623269" /><trkpt lat="53.072570334" lon="-3.831623613" /><trkpt lat="53.072560434" lon="-3.831624475" /><trkpt lat="53.072550367" lon="-3.831625846" /><trkpt lat="53.072540109" lon="-3.831627718" /><trkpt lat="53.072529633" lon="-3.831630083" /><trkpt lat="53.072518916" lon="-3.831632930" /><trkpt lat="53.072507931" lon="-3.831636253" /><trkpt lat="53.072496655" lon="-3.831640041" /><trkpt lat="53.072485060" lon="-3.831644287" /><trkpt lat="53.072473123" lon="-3.831648980" /><trkpt lat="53.072460818" lon="-3.831654114" /><trkpt lat="53.072448120" lon="-3.831659678" /><trkpt lat="53.072435003" lon="-3.831665665" /><trkpt lat="53.072421443" lon="-3.831672065" /><trkpt lat="53.072407415" lon="-3.831678869" /><trkpt lat="53.072392892" lon="-3.831686070" /><trkpt lat="53.072377851" lon="-3.831693658" /><trkpt lat="53.072362891" lon="-3.831701131" /><trkpt lat="53.072348602" lon="-3.831708011" /><trkpt lat="53.072334942" lon="-3.831714319" /><trkpt lat="53.072321873" lon="-3.831720076" /><trkpt lat="53.072309352" lon="-3.831725305" /><trkpt lat="53.072297339" lon="-3.831730028" /><trkpt lat="53.072285794" lon="-3.831734267" /><trkpt lat="53.072274676" lon="-3.831738044" /><trkpt lat="53.072263945" lon="-3.831741380" /><trkpt lat="53.072253559" lon="-3.831744299" /><trkpt lat="53.072243479" lon="-3.831746821" /><trkpt lat="53.072233663" lon="-3.831748969" /><trkpt lat="53.072224071" lon="-3.831750765" /><trkpt lat="53.072214662" lon="-3.831752231" /><trkpt lat="53.072205396" lon="-3.831753388" /><trkpt lat="53.072196232" lon="-3.831754260" /><trkpt lat="53.072187130" lon="-3.831754868" /><trkpt lat="53.072178048" lon="-3.831755233" /><trkpt lat="53.072168947" lon="-3.831755378" /><trkpt lat="53.072159785" lon="-3.831755326" /><trkpt lat="53.072150522" lon="-3.831755097" /><trkpt lat="53.072141117" lon="-3.831754714" /><trkpt lat="53.072131530" lon="-3.831754199" /><trkpt lat="53.072121720" lon="-3.831753574" /><trkpt lat="53.072111647" lon="-3.831752861" /><trkpt lat="53.072101269" lon="-3.831752082" /><trkpt lat="53.072090547" lon="-3.831751259" /><trkpt lat="53.072079439" lon="-3.831750414" /><trkpt lat="53.072067905" lon="-3.831749569" /><trkpt lat="53.072055905" lon="-3.831748746" /><trkpt lat="53.072043965" lon="-3.831748096" /><trkpt lat="53.072032624" lon="-3.831747771" /><trkpt lat="53.072021859" lon="-3.831747793" /><trkpt lat="53.072011646" lon="-3.831748187" /><trkpt lat="53.072001963" lon="-3.831748976" /><trkpt lat="53.071992786" lon="-3.831750183" /><trkpt lat="53.071984092" lon="-3.831751832" /><trkpt lat="53.071975858" lon="-3.831753946" /><trkpt lat="53.071968060" lon="-3.831756549" /><trkpt lat="53.071960676" lon="-3.831759664" /><trkpt lat="53.071953682" lon="-3.831763314" /><trkpt lat="53.071947054" lon="-3.831767524" /><trkpt lat="53.071940770" lon="-3.831772315" /><trkpt lat="53.071934807" lon="-3.831777713" /><trkpt lat="53.071929140" lon="-3.831783740" /><trkpt lat="53.071923748" lon="-3.831790419" /><trkpt lat="53.071918606" lon="-3.831797775" /><trkpt lat="53.071913692" lon="-3.831805830" /><trkpt lat="53.071908983" lon="-3.831814608" /><trkpt lat="53.071904454" lon="-3.831824132" /><trkpt lat="53.071900083" lon="-3.831834426" /><trkpt lat="53.071895847" lon="-3.831845514" /><trkpt lat="53.071891722" lon="-3.831857418" /><trkpt lat="53.071887685" lon="-3.831870163" /><trkpt lat="53.071883713" lon="-3.831883771" /><trkpt lat="53.071879783" lon="-3.831898265" /><trkpt lat="53.071875871" lon="-3.831913671" /><trkpt lat="53.071871955" lon="-3.831930010" /><trkpt lat="53.071868011" lon="-3.831947307" /><trkpt lat="53.071864015" lon="-3.831965584" /><trkpt lat="53.071860453" lon="-3.831982071" /><trkpt lat="53.071857087" lon="-3.831997463" /><trkpt lat="53.071853908" lon="-3.832011863" /><trkpt lat="53.071850907" lon="-3.832025371" /><trkpt lat="53.071848076" lon="-3.832038091" /><trkpt lat="53.071845406" lon="-3.832050125" /><trkpt lat="53.071842889" lon="-3.832061574" /><trkpt lat="53.071840515" lon="-3.832072541" /><trkpt lat="53.071838277" lon="-3.832083128" /><trkpt lat="53.071836166" lon="-3.832093436" /><trkpt lat="53.071834173" lon="-3.832103569" /><trkpt lat="53.071832289" lon="-3.832113627" /><trkpt lat="53.071830506" lon="-3.832123714" /><trkpt lat="53.071828815" lon="-3.832133932" /><trkpt lat="53.071827209" lon="-3.832144381" /><trkpt lat="53.071825677" lon="-3.832155165" /><trkpt lat="53.071824211" lon="-3.832166386" /><trkpt lat="53.071822804" lon="-3.832178146" /><trkpt lat="53.071821446" lon="-3.832190546" /><trkpt lat="53.071820128" lon="-3.832203689" /><trkpt lat="53.071818842" lon="-3.832217677" /><trkpt lat="53.071817580" lon="-3.832232613" /><trkpt lat="53.071816333" lon="-3.832248597" /><trkpt lat="53.071815091" lon="-3.832265733" /><trkpt lat="53.071813848" lon="-3.832284123" /><trkpt lat="53.071812593" lon="-3.832303868" /><trkpt lat="53.071811319" lon="-3.832325070" /><trkpt lat="53.071810016" lon="-3.832347833" /><trkpt lat="53.071808677" lon="-3.832372257" /><trkpt lat="53.071807292" lon="-3.832398445" /><trkpt lat="53.071805853" lon="-3.832426500" /><trkpt lat="53.071804351" lon="-3.832456522" /><trkpt lat="53.071802778" lon="-3.832488615" /><trkpt lat="53.071800993" lon="-3.832524168" /><trkpt lat="53.071799178" lon="-3.832557902" /><trkpt lat="53.071797320" lon="-3.832589860" /><trkpt lat="53.071795409" lon="-3.832620086" /><trkpt lat="53.071793435" lon="-3.832648624" /><trkpt lat="53.071791386" lon="-3.832675517" /><trkpt lat="53.071789253" lon="-3.832700809" /><trkpt lat="53.071787023" lon="-3.832724544" /><trkpt lat="53.071784686" lon="-3.832746766" /><trkpt lat="53.071782231" lon="-3.832767518" /><trkpt lat="53.071779648" lon="-3.832786844" /><trkpt lat="53.071776925" lon="-3.832804788" /><trkpt lat="53.071774053" lon="-3.832821394" /><trkpt lat="53.071771019" lon="-3.832836706" /><trkpt lat="53.071767814" lon="-3.832850767" /><trkpt lat="53.071764425" lon="-3.832863620" /><trkpt lat="53.071760844" lon="-3.832875311" /><trkpt lat="53.071757058" lon="-3.832885882" /><trkpt lat="53.071753057" lon="-3.832895377" /><trkpt lat="53.071748830" lon="-3.832903841" /><trkpt lat="53.071744367" lon="-3.832911316" /><trkpt lat="53.071739655" lon="-3.832917846" /><trkpt lat="53.071734686" lon="-3.832923477" /><trkpt lat="53.071729447" lon="-3.832928250" /><trkpt lat="53.071723928" lon="-3.832932210" /><trkpt lat="53.071718119" lon="-3.832935401" /><trkpt lat="53.071712008" lon="-3.832937866" /><trkpt lat="53.071705584" lon="-3.832939649" /><trkpt lat="53.071698837" lon="-3.832940794" /><trkpt lat="53.071691756" lon="-3.832941345" /><trkpt lat="53.071684663" lon="-3.832941315" /><trkpt lat="53.071677880" lon="-3.832940681" /><trkpt lat="53.071671394" lon="-3.832939427" /><trkpt lat="53.071665193" lon="-3.832937538" /><trkpt lat="53.071659265" lon="-3.832934999" /><trkpt lat="53.071653595" lon="-3.832931796" /><trkpt lat="53.071648173" lon="-3.832927913" /><trkpt lat="53.071642986" lon="-3.832923336" /><trkpt lat="53.071638020" lon="-3.832918050" /><trkpt lat="53.071633264" lon="-3.832912039" /><trkpt lat="53.071628705" lon="-3.832905289" /><trkpt lat="53.071624330" lon="-3.832897786" /><trkpt lat="53.071620127" lon="-3.832889513" /><trkpt lat="53.071616084" lon="-3.832880457" /><trkpt lat="53.071612187" lon="-3.832870601" /><trkpt lat="53.071608425" lon="-3.832859933" /><trkpt lat="53.071604785" lon="-3.832848435" /><trkpt lat="53.071601253" lon="-3.832836095" /><trkpt lat="53.071597819" lon="-3.832822896" /><trkpt lat="53.071594468" lon="-3.832808824" /><trkpt lat="53.071591189" lon="-3.832793863" /><trkpt lat="53.071587969" lon="-3.832778000" /><trkpt lat="53.071584796" lon="-3.832761219" /><trkpt lat="53.071581657" lon="-3.832743505" /><trkpt lat="53.071578539" lon="-3.832724843" /><trkpt lat="53.071575431" lon="-3.832705219" /><trkpt lat="53.071572318" lon="-3.832684617" /><trkpt lat="53.071569190" lon="-3.832663023" /><trkpt lat="53.071566033" lon="-3.832640421" /><trkpt lat="53.071562835" lon="-3.832616797" /><trkpt lat="53.071560872" lon="-3.832602072" /><trkpt lat="53.071558853" lon="-3.832586878" /><trkpt lat="53.071556781" lon="-3.832571237" /><trkpt lat="53.071554661" lon="-3.832555171" /><trkpt lat="53.071552495" lon="-3.832538703" /><trkpt lat="53.071550288" lon="-3.832521854" /><trkpt lat="53.071548042" lon="-3.832504646" /><trkpt lat="53.071545761" lon="-3.832487101" /><trkpt lat="53.071543450" lon="-3.832469241" /><trkpt lat="53.071541110" lon="-3.832451088" /><trkpt lat="53.071538747" lon="-3.832432664" /><trkpt lat="53.071536363" lon="-3.832413990" /><trkpt lat="53.071533961" lon="-3.832395089" /><trkpt lat="53.071531547" lon="-3.832375983" /><trkpt lat="53.071529122" lon="-3.832356694" /><trkpt lat="53.071526691" lon="-3.832337243" /><trkpt lat="53.071524257" lon="-3.832317652" /><trkpt lat="53.071521824" lon="-3.832297944" /><trkpt lat="53.071519395" lon="-3.832278141" /><trkpt lat="53.071516974" lon="-3.832258263" /><trkpt lat="53.071514564" lon="-3.832238334" /><trkpt lat="53.071512169" lon="-3.832218375" /><trkpt lat="53.071509792" lon="-3.832198409" /><trkpt lat="53.071507437" lon="-3.832178456" /><trkpt lat="53.071505108" lon="-3.832158539" /><trkpt lat="53.071502808" lon="-3.832138680" /><trkpt lat="53.071500540" lon="-3.832118901" /><trkpt lat="53.071498308" lon="-3.832099224" /><trkpt lat="53.071496116" lon="-3.832079671" /><trkpt lat="53.071493967" lon="-3.832060263" /><trkpt lat="53.071491865" lon="-3.832041023" /><trkpt lat="53.071489813" lon="-3.832021973" /><trkpt lat="53.071487815" lon="-3.832003134" /><trkpt lat="53.071485874" lon="-3.831984528" /><trkpt lat="53.071483994" lon="-3.831966178" /><trkpt lat="53.071482179" lon="-3.831948105" /><trkpt lat="53.071480431" lon="-3.831930332" /><trkpt lat="53.071478755" lon="-3.831912880" /><trkpt lat="53.071477154" lon="-3.831895770" /><trkpt lat="53.071475632" lon="-3.831879026" /><trkpt lat="53.071474192" lon="-3.831862669" /><trkpt lat="53.071472837" lon="-3.831846721" /><trkpt lat="53.071471572" lon="-3.831831204" /><trkpt lat="53.071470399" lon="-3.831816139" /><trkpt lat="53.071469323" lon="-3.831801550" /><trkpt lat="53.071468347" lon="-3.831787457" /><trkpt lat="53.071467474" lon="-3.831773883" /><trkpt lat="53.071466707" lon="-3.831760849" /><trkpt lat="53.071466052" lon="-3.831748378" /><trkpt lat="53.071465510" lon="-3.831736491" /><trkpt lat="53.071465009" lon="-3.831720391" /><trkpt lat="53.071464844" lon="-3.831704274" /><trkpt lat="53.071465006" lon="-3.831688137" /><trkpt lat="53.071465490" lon="-3.831671975" /><trkpt lat="53.071466287" lon="-3.831655784" /><trkpt lat="53.071467390" lon="-3.831639559" /><trkpt lat="53.071468792" lon="-3.831623298" /><trkpt lat="53.071470484" lon="-3.831606995" /><trkpt lat="53.071472460" lon="-3.831590646" /><trkpt lat="53.071474712" lon="-3.831574248" /><trkpt lat="53.071477232" lon="-3.831557796" /><trkpt lat="53.071480014" lon="-3.831541286" /><trkpt lat="53.071483049" lon="-3.831524714" /><trkpt lat="53.071486331" lon="-3.831508076" /><trkpt lat="53.071489851" lon="-3.831491367" /><trkpt lat="53.071493602" lon="-3.831474584" /><trkpt lat="53.071497578" lon="-3.831457722" /><trkpt lat="53.071501769" lon="-3.831440778" /><trkpt lat="53.071506170" lon="-3.831423746" /><trkpt lat="53.071510772" lon="-3.831406624" /><trkpt lat="53.071515568" lon="-3.831389406" /><trkpt lat="53.071520551" lon="-3.831372089" /><trkpt lat="53.071525712" lon="-3.831354668" /><trkpt lat="53.071531045" lon="-3.831337140" /><trkpt lat="53.071536543" lon="-3.831319500" /><trkpt lat="53.071542197" lon="-3.831301744" /><trkpt lat="53.071548000" lon="-3.831283868" /><trkpt lat="53.071553945" lon="-3.831265868" /><trkpt lat="53.071560024" lon="-3.831247740" /><trkpt lat="53.071566230" lon="-3.831229479" /><trkpt lat="53.071572556" lon="-3.831211082" /><trkpt lat="53.071578993" lon="-3.831192543" /><trkpt lat="53.071585535" lon="-3.831173860" /><trkpt lat="53.071592174" lon="-3.831155028" /><trkpt lat="53.071598902" lon="-3.831136043" /><trkpt lat="53.071605712" lon="-3.831116901" /><trkpt lat="53.071612425" lon="-3.831098346" /><trkpt lat="53.071619217" lon="-3.831080082" /><trkpt lat="53.071626056" lon="-3.831062099" /><trkpt lat="53.071632914" lon="-3.831044386" /><trkpt lat="53.071639759" lon="-3.831026934" /><trkpt lat="53.071646561" lon="-3.831009733" /><trkpt lat="53.071653290" lon="-3.830992772" /><trkpt lat="53.071659915" lon="-3.830976043" /><trkpt lat="53.071666407" lon="-3.830959536" /><trkpt lat="53.071672734" lon="-3.830943239" /><trkpt lat="53.071678867" lon="-3.830927144" /><trkpt lat="53.071684776" lon="-3.830911241" /><trkpt lat="53.071690429" lon="-3.830895519" /><trkpt lat="53.071695798" lon="-3.830879970" /><trkpt lat="53.071700850" lon="-3.830864582" /><trkpt lat="53.071705557" lon="-3.830849347" /><trkpt lat="53.071709887" lon="-3.830834253" /><trkpt lat="53.071713811" lon="-3.830819292" /><trkpt lat="53.071717298" lon="-3.830804454" /><trkpt lat="53.071720317" lon="-3.830789728" /><trkpt lat="53.071722840" lon="-3.830775105" /><trkpt lat="53.071724834" lon="-3.830760575" /><trkpt lat="53.071726271" lon="-3.830746128" /><trkpt lat="53.071727118" lon="-3.830731754" /><trkpt lat="53.071727348" lon="-3.830717443" /><trkpt lat="53.071726928" lon="-3.830703185" /><trkpt lat="53.071725829" lon="-3.830688971" /><trkpt lat="53.071724020" lon="-3.830674791" /><trkpt lat="53.071721471" lon="-3.830660634" /><trkpt lat="53.071718152" lon="-3.830646491" /><trkpt lat="53.071714032" lon="-3.830632352" /><trkpt lat="53.071709082" lon="-3.830618208" /><trkpt lat="53.071703270" lon="-3.830604047" /><trkpt lat="53.071696567" lon="-3.830589861" /><trkpt lat="53.071688941" lon="-3.830575639" /><trkpt lat="53.071680364" lon="-3.830561372" /><trkpt lat="53.071670805" lon="-3.830547049" /><trkpt lat="53.071659123" lon="-3.830531023" /><trkpt lat="53.071647354" lon="-3.830516086" /><trkpt lat="53.071635510" lon="-3.830502161" /><trkpt lat="53.071623605" lon="-3.830489173" /><trkpt lat="53.071611651" lon="-3.830477045" /><trkpt lat="53.071599662" lon="-3.830465701" /><trkpt lat="53.071587651" lon="-3.830455065" /><trkpt lat="53.071575630" lon="-3.830445060" /><trkpt lat="53.071563613" lon="-3.830435610" /><trkpt lat="53.071551613" lon="-3.830426639" /><trkpt lat="53.071539643" lon="-3.830418070" /><trkpt lat="53.071527717" lon="-3.830409828" /><trkpt lat="53.071515846" lon="-3.830401836" /><trkpt lat="53.071504045" lon="-3.830394017" /><trkpt lat="53.071492326" lon="-3.830386296" /><trkpt lat="53.071480703" lon="-3.830378597" /><trkpt lat="53.071469188" lon="-3.830370842" /><trkpt lat="53.071457795" lon="-3.830362956" /><trkpt lat="53.071446537" lon="-3.830354863" /><trkpt lat="53.071435427" lon="-3.830346486" /><trkpt lat="53.071424477" lon="-3.830337748" /><trkpt lat="53.071413702" lon="-3.830328575" /><trkpt lat="53.071403113" lon="-3.830318888" /><trkpt lat="53.071392725" lon="-3.830308613" /><trkpt lat="53.071382551" lon="-3.830297673" /><trkpt lat="53.071372602" lon="-3.830285992" /><trkpt lat="53.071362893" lon="-3.830273492" /><trkpt lat="53.071353437" lon="-3.830260099" /><trkpt lat="53.071344246" lon="-3.830245736" /><trkpt lat="53.071335334" lon="-3.830230326" /><trkpt lat="53.071326714" lon="-3.830213794" /><trkpt lat="53.071318399" lon="-3.830196062" /><trkpt lat="53.071312124" lon="-3.830181782" /><trkpt lat="53.071306036" lon="-3.830167582" /><trkpt lat="53.071300133" lon="-3.830153445" /><trkpt lat="53.071294416" lon="-3.830139353" /><trkpt lat="53.071288886" lon="-3.830125289" /><trkpt lat="53.071283542" lon="-3.830111236" /><trkpt lat="53.071278383" lon="-3.830097175" /><trkpt lat="53.071273412" lon="-3.830083088" /><trkpt lat="53.071268626" lon="-3.830068959" /><trkpt lat="53.071264027" lon="-3.830054770" /><trkpt lat="53.071259614" lon="-3.830040502" /><trkpt lat="53.071255387" lon="-3.830026139" /><trkpt lat="53.071251348" lon="-3.830011662" /><trkpt lat="53.071247494" lon="-3.829997054" /><trkpt lat="53.071243827" lon="-3.829982298" /><trkpt lat="53.071240347" lon="-3.829967376" /><trkpt lat="53.071237054" lon="-3.829952269" /><trkpt lat="53.071233947" lon="-3.829936961" /><trkpt lat="53.071231028" lon="-3.829921434" /><trkpt lat="53.071228295" lon="-3.829905670" /><trkpt lat="53.071225749" lon="-3.829889652" /><trkpt lat="53.071223390" lon="-3.829873361" /><trkpt lat="53.071221218" lon="-3.829856781" /><trkpt lat="53.071219233" lon="-3.829839894" /><trkpt lat="53.071217435" lon="-3.829822681" /><trkpt lat="53.071215824" lon="-3.829805126" /><trkpt lat="53.071214401" lon="-3.829787210" /><trkpt lat="53.071213165" lon="-3.829768917" /><trkpt lat="53.071212116" lon="-3.829750228" /><trkpt lat="53.071211254" lon="-3.829731125" /><trkpt lat="53.071210580" lon="-3.829711592" /><trkpt lat="53.071210094" lon="-3.829691611" /><trkpt lat="53.071209795" lon="-3.829671163" /><trkpt lat="53.071209683" lon="-3.829650232" /><trkpt lat="53.071209759" lon="-3.829628799" /><trkpt lat="53.071210023" lon="-3.829606847" /><trkpt lat="53.071210475" lon="-3.829584358" /><trkpt lat="53.071211114" lon="-3.829561315" /><trkpt lat="53.071211942" lon="-3.829537701" /><trkpt lat="53.071212957" lon="-3.829513496" /><trkpt lat="53.071214160" lon="-3.829488684" /><trkpt lat="53.071215102" lon="-3.829470816" /><trkpt lat="53.071216093" lon="-3.829452736" /><trkpt lat="53.071217129" lon="-3.829434455" /><trkpt lat="53.071218207" lon="-3.829415985" /><trkpt lat="53.071219325" lon="-3.829397338" /><trkpt lat="53.071220479" lon="-3.829378525" /><trkpt lat="53.071221666" lon="-3.829359558" /><trkpt lat="53.071222883" lon="-3.829340448" /><trkpt lat="53.071224127" lon="-3.829321206" /><trkpt lat="53.071225395" lon="-3.829301846" /><trkpt lat="53.071226684" lon="-3.829282378" /><trkpt lat="53.071227991" lon="-3.829262813" /><trkpt lat="53.071229312" lon="-3.829243164" /><trkpt lat="53.071230645" lon="-3.829223441" /><trkpt lat="53.071231987" lon="-3.829203657" /><trkpt lat="53.071233334" lon="-3.829183823" /><trkpt lat="53.071234684" lon="-3.829163951" /><trkpt lat="53.071236034" lon="-3.829144052" /><trkpt lat="53.071237379" lon="-3.829124139" /><trkpt lat="53.071238718" lon="-3.829104221" /><trkpt lat="53.071240047" lon="-3.829084312" /><trkpt lat="53.071241363" lon="-3.829064422" /><trkpt lat="53.071242664" lon="-3.829044564" /><trkpt lat="53.071243945" lon="-3.829024748" /><trkpt lat="53.071245205" lon="-3.829004987" /><trkpt lat="53.071246439" lon="-3.828985292" /><trkpt lat="53.071247645" lon="-3.828965675" /><trkpt lat="53.071248820" lon="-3.828946146" /><trkpt lat="53.071249960" lon="-3.828926719" /><trkpt lat="53.071251063" lon="-3.828907404" /><trkpt lat="53.071252126" lon="-3.828888213" /><trkpt lat="53.071253145" lon="-3.828869158" /><trkpt lat="53.071254118" lon="-3.828850250" /><trkpt lat="53.071255041" lon="-3.828831500" /><trkpt lat="53.071255912" lon="-3.828812922" /><trkpt lat="53.071256726" lon="-3.828794525" /><trkpt lat="53.071257482" lon="-3.828776321" /><trkpt lat="53.071258176" lon="-3.828758323" /><trkpt lat="53.071258805" lon="-3.828740542" /><trkpt lat="53.071259366" lon="-3.828722989" /><trkpt lat="53.071259856" lon="-3.828705676" /><trkpt lat="53.071260271" lon="-3.828688614" /><trkpt lat="53.071260610" lon="-3.828671816" /><trkpt lat="53.071260868" lon="-3.828655292" /><trkpt lat="53.071261043" lon="-3.828639055" /><trkpt lat="53.071261131" lon="-3.828623115" /><trkpt lat="53.071261130" lon="-3.828607485" /><trkpt lat="53.071261036" lon="-3.828592177" /><trkpt lat="53.071260847" lon="-3.828577201" /><trkpt lat="53.071260559" lon="-3.828562569" /><trkpt lat="53.071260170" lon="-3.828548293" /><trkpt lat="53.071259675" lon="-3.828534385" /><trkpt lat="53.071259073" lon="-3.828520855" /><trkpt lat="53.071258360" lon="-3.828507717" /><trkpt lat="53.071257532" lon="-3.828494980" /><trkpt lat="53.071256588" lon="-3.828482658" /><trkpt lat="53.071255523" lon="-3.828470761" /><trkpt lat="53.071254336" lon="-3.828459301" /><trkpt lat="53.071252829" lon="-3.828445827" /><trkpt lat="53.071251270" lon="-3.828432014" /><trkpt lat="53.071249660" lon="-3.828417875" /><trkpt lat="53.071248000" lon="-3.828403418" /><trkpt lat="53.071246291" lon="-3.828388655" /><trkpt lat="53.071244535" lon="-3.828373597" /><trkpt lat="53.071242732" lon="-3.828358254" /><trkpt lat="53.071240884" lon="-3.828342637" /><trkpt lat="53.071238992" lon="-3.828326757" /><trkpt lat="53.071237057" lon="-3.828310624" /><trkpt lat="53.071235081" lon="-3.828294249" /><trkpt lat="53.071233064" lon="-3.828277642" /><trkpt lat="53.071231008" lon="-3.828260815" /><trkpt lat="53.071228915" lon="-3.828243778" /><trkpt lat="53.071226784" lon="-3.828226542" /><trkpt lat="53.071224618" lon="-3.828209117" /><trkpt lat="53.071222417" lon="-3.828191514" /><trkpt lat="53.071220184" lon="-3.828173743" /><trkpt lat="53.071217918" lon="-3.828155817" /><trkpt lat="53.071215621" lon="-3.828137744" /><trkpt lat="53.071213295" lon="-3.828119536" /><trkpt lat="53.071210941" lon="-3.828101204" /><trkpt lat="53.071208559" lon="-3.828082758" /><trkpt lat="53.071206152" lon="-3.828064209" /><trkpt lat="53.071203720" lon="-3.828045567" /><trkpt lat="53.071201264" lon="-3.828026843" /><trkpt lat="53.071198786" lon="-3.828008048" /><trkpt lat="53.071196286" lon="-3.827989193" /><trkpt lat="53.071193767" lon="-3.827970288" /><trkpt lat="53.071191229" lon="-3.827951344" /><trkpt lat="53.071188673" lon="-3.827932372" /><trkpt lat="53.071186101" lon="-3.827913382" /><trkpt lat="53.071183514" lon="-3.827894385" /><trkpt lat="53.071180913" lon="-3.827875392" /><trkpt lat="53.071178299" lon="-3.827856412" /><trkpt lat="53.071175674" lon="-3.827837458" /><trkpt lat="53.071173038" lon="-3.827818540" /><trkpt lat="53.071170393" lon="-3.827799668" /><trkpt lat="53.071167740" lon="-3.827780853" /><trkpt lat="53.071165080" lon="-3.827762106" /><trkpt lat="53.071162415" lon="-3.827743437" /><trkpt lat="53.071159746" lon="-3.827724858" /><trkpt lat="53.071157073" lon="-3.827706378" /><trkpt lat="53.071154398" lon="-3.827688009" /><trkpt lat="53.071151723" lon="-3.827669760" /><trkpt lat="53.071149048" lon="-3.827651644" /><trkpt lat="53.071146375" lon="-3.827633670" /><trkpt lat="53.071143704" lon="-3.827615850" /><trkpt lat="53.071141038" lon="-3.827598193" /><trkpt lat="53.071138648" lon="-3.827582150" /><trkpt lat="53.071136314" lon="-3.827565913" /><trkpt lat="53.071134034" lon="-3.827549491" /><trkpt lat="53.071131806" lon="-3.827532890" /><trkpt lat="53.071129630" lon="-3.827516118" /><trkpt lat="53.071127504" lon="-3.827499182" /><trkpt lat="53.071125427" lon="-3.827482089" /><trkpt lat="53.071123398" lon="-3.827464848" /><trkpt lat="53.071121416" lon="-3.827447464" /><trkpt lat="53.071119479" lon="-3.827429946" /><trkpt lat="53.071117585" lon="-3.827412300" /><trkpt lat="53.071115735" lon="-3.827394535" /><trkpt lat="53.071113926" lon="-3.827376657" /><trkpt lat="53.071112158" lon="-3.827358673" /><trkpt lat="53.071110429" lon="-3.827340592" /><trkpt lat="53.071108738" lon="-3.827322420" /><trkpt lat="53.071107084" lon="-3.827304164" /><trkpt lat="53.071105465" lon="-3.827285833" /><trkpt lat="53.071103880" lon="-3.827267433" /><trkpt lat="53.071102328" lon="-3.827248972" /><trkpt lat="53.071100809" lon="-3.827230456" /><trkpt lat="53.071099319" lon="-3.827211894" /><trkpt lat="53.071097859" lon="-3.827193293" /><trkpt lat="53.071096428" lon="-3.827174659" /><trkpt lat="53.071095023" lon="-3.827156001" /><trkpt lat="53.071093644" lon="-3.827137325" /><trkpt lat="53.071092289" lon="-3.827118639" /><trkpt lat="53.071090957" lon="-3.827099951" /><trkpt lat="53.071089648" lon="-3.827081267" /><trkpt lat="53.071088359" lon="-3.827062595" /><trkpt lat="53.071087090" lon="-3.827043942" /><trkpt lat="53.071085839" lon="-3.827025316" /><trkpt lat="53.071084605" lon="-3.827006723" /><trkpt lat="53.071083387" lon="-3.826988172" /><trkpt lat="53.071082183" lon="-3.826969669" /><trkpt lat="53.071080993" lon="-3.826951222" /><trkpt lat="53.071079815" lon="-3.826932838" /><trkpt lat="53.071078648" lon="-3.826914525" /><trkpt lat="53.071077491" lon="-3.826896290" /><trkpt lat="53.071076342" lon="-3.826878139" /><trkpt lat="53.071075201" lon="-3.826860081" /><trkpt lat="53.071074065" lon="-3.826842123" /><trkpt lat="53.071072935" lon="-3.826824272" /><trkpt lat="53.071071807" lon="-3.826806536" /><trkpt lat="53.071070682" lon="-3.826788921" /><trkpt lat="53.071069559" lon="-3.826771435" /><trkpt lat="53.071068435" lon="-3.826754086" /><trkpt lat="53.071067310" lon="-3.826736880" /><trkpt lat="53.071066182" lon="-3.826719825" /><trkpt lat="53.071065050" lon="-3.826702929" /><trkpt lat="53.071063914" lon="-3.826686198" /><trkpt lat="53.071062771" lon="-3.826669641" /><trkpt lat="53.071061620" lon="-3.826653264" /><trkpt lat="53.071060461" lon="-3.826637074" /><trkpt lat="53.071059132" lon="-3.826618934" /><trkpt lat="53.071057770" lon="-3.826600729" /><trkpt lat="53.071056380" lon="-3.826582464" /><trkpt lat="53.071054969" lon="-3.826564144" /><trkpt lat="53.071053544" lon="-3.826545776" /><trkpt lat="53.071052111" lon="-3.826527365" /><trkpt lat="53.071050678" lon="-3.826508917" /><trkpt lat="53.071049249" lon="-3.826490438" /><trkpt lat="53.071047833" lon="-3.826471933" /><trkpt lat="53.071046436" lon="-3.826453409" /><trkpt lat="53.071045064" lon="-3.826434870" /><trkpt lat="53.071043723" lon="-3.826416324" /><trkpt lat="53.071042422" lon="-3.826397774" /><trkpt lat="53.071041165" lon="-3.826379228" /><trkpt lat="53.071039960" lon="-3.826360691" /><trkpt lat="53.071038813" lon="-3.826342168" /><trkpt lat="53.071037731" lon="-3.826323666" /><trkpt lat="53.071036720" lon="-3.826305190" /><trkpt lat="53.071035788" lon="-3.826286746" /><trkpt lat="53.071034939" lon="-3.826268340" /><trkpt lat="53.071034182" lon="-3.826249977" /><trkpt lat="53.071033523" lon="-3.826231663" /><trkpt lat="53.071032968" lon="-3.826213404" /><trkpt lat="53.071032524" lon="-3.826195206" /><trkpt lat="53.071032198" lon="-3.826177074" /><trkpt lat="53.071031996" lon="-3.826159014" /><trkpt lat="53.071031924" lon="-3.826141032" /><trkpt lat="53.071031990" lon="-3.826123133" /><trkpt lat="53.071032199" lon="-3.826105324" /><trkpt lat="53.071032559" lon="-3.826087610" /><trkpt lat="53.071033076" lon="-3.826069997" /><trkpt lat="53.071033756" lon="-3.826052490" /><trkpt lat="53.071034607" lon="-3.826035095" /><trkpt lat="53.071035635" lon="-3.826017819" /><trkpt lat="53.071036846" lon="-3.826000666" /><trkpt lat="53.071038247" lon="-3.825983643" /><trkpt lat="53.071039844" lon="-3.825966755" /><trkpt lat="53.071041645" lon="-3.825950009" /><trkpt lat="53.071043655" lon="-3.825933408" /><trkpt lat="53.071045882" lon="-3.825916961" /><trkpt lat="53.071048331" lon="-3.825900672" /><trkpt lat="53.071051010" lon="-3.825884546" /><trkpt lat="53.071053925" lon="-3.825868590" /><trkpt lat="53.071057083" lon="-3.825852810" /><trkpt lat="53.071060490" lon="-3.825837211" /><trkpt lat="53.071064153" lon="-3.825821799" /><trkpt lat="53.071068078" lon="-3.825806580" /><trkpt lat="53.071072273" lon="-3.825791559" /><trkpt lat="53.071077480" lon="-3.825773690" /><trkpt lat="53.071082695" lon="-3.825755890" /><trkpt lat="53.071087904" lon="-3.825738158" /><trkpt lat="53.071093091" lon="-3.825720491" /><trkpt lat="53.071098240" lon="-3.825702889" /><trkpt lat="53.071103336" lon="-3.825685349" /><trkpt lat="53.071108365" lon="-3.825667871" /><trkpt lat="53.071113309" lon="-3.825650453" /><trkpt lat="53.071118154" lon="-3.825633093" /><trkpt lat="53.071122885" lon="-3.825615790" /><trkpt lat="53.071127486" lon="-3.825598543" /><trkpt lat="53.071131942" lon="-3.825581349" /><trkpt lat="53.071136236" lon="-3.825564207" /><trkpt lat="53.071140355" lon="-3.825547116" /><trkpt lat="53.071144282" lon="-3.825530075" /><trkpt lat="53.071148002" lon="-3.825513081" /><trkpt lat="53.071151500" lon="-3.825496134" /><trkpt lat="53.071154760" lon="-3.825479231" /><trkpt lat="53.071157766" lon="-3.825462372" /><trkpt lat="53.071160504" lon="-3.825445554" /><trkpt lat="53.071162958" lon="-3.825428777" /><trkpt lat="53.071165113" lon="-3.825412038" /><trkpt lat="53.071166953" lon="-3.825395336" /><trkpt lat="53.071168462" lon="-3.825378670" /><trkpt lat="53.071169626" lon="-3.825362039" /><trkpt lat="53.071170428" lon="-3.825345440" /><trkpt lat="53.071170855" lon="-3.825328872" /><trkpt lat="53.071170889" lon="-3.825312334" /><trkpt lat="53.071170516" lon="-3.825295824" /><trkpt lat="53.071169720" lon="-3.825279341" /><trkpt lat="53.071168486" lon="-3.825262883" /><trkpt lat="53.071166799" lon="-3.825246448" /><trkpt lat="53.071164642" lon="-3.825230036" /><trkpt lat="53.071162002" lon="-3.825213644" /><trkpt lat="53.071158861" lon="-3.825197272" /><trkpt lat="53.071155205" lon="-3.825180917" /><trkpt lat="53.071151019" lon="-3.825164578" /><trkpt lat="53.071146287" lon="-3.825148253" /><trkpt lat="53.071140993" lon="-3.825131942" /><trkpt lat="53.071135123" lon="-3.825115642" /><trkpt lat="53.071127057" lon="-3.825095606" /><trkpt lat="53.071118769" lon="-3.825077486" /><trkpt lat="53.071110257" lon="-3.825061197" /><trkpt lat="53.071101524" lon="-3.825046648" /><trkpt lat="53.071092569" lon="-3.825033751" /><trkpt lat="53.071083392" lon="-3.825022419" /><trkpt lat="53.071073995" lon="-3.825012563" /><trkpt lat="53.071064377" lon="-3.825004094" /><trkpt lat="53.071054540" lon="-3.824996925" /><trkpt lat="53.071044483" lon="-3.824990966" /><trkpt lat="53.071034207" lon="-3.824986129" /><trkpt lat="53.071023713" lon="-3.824982327" /><trkpt lat="53.071013000" lon="-3.824979470" /><trkpt lat="53.071002070" lon="-3.824977470" /><trkpt lat="53.070990924" lon="-3.824976240" /><trkpt lat="53.070979560" lon="-3.824975690" /><trkpt lat="53.070967981" lon="-3.824975732" /><trkpt lat="53.070956186" lon="-3.824976278" /><trkpt lat="53.070944175" lon="-3.824977239" /><trkpt lat="53.070931951" lon="-3.824978527" /><trkpt lat="53.070919511" lon="-3.824980054" /><trkpt lat="53.070906859" lon="-3.824981732" /><trkpt lat="53.070893992" lon="-3.824983471" /><trkpt lat="53.070880913" lon="-3.824985184" /><trkpt lat="53.070867622" lon="-3.824986782" /><trkpt lat="53.070854119" lon="-3.824988178" /><trkpt lat="53.070840405" lon="-3.824989281" /><trkpt lat="53.070826479" lon="-3.824990005" /><trkpt lat="53.070812344" lon="-3.824990261" /><trkpt lat="53.070797998" lon="-3.824989960" /><trkpt lat="53.070783443" lon="-3.824989014" /><trkpt lat="53.070768414" lon="-3.824987596" /><trkpt lat="53.070753627" lon="-3.824986009" /><trkpt lat="53.070739082" lon="-3.824984230" /><trkpt lat="53.070724782" lon="-3.824982236" /><trkpt lat="53.070710728" lon="-3.824980004" /><trkpt lat="53.070696921" lon="-3.824977511" /><trkpt lat="53.070683363" lon="-3.824974733" /><trkpt lat="53.070670056" lon="-3.824971648" /><trkpt lat="53.070657001" lon="-3.824968233" /><trkpt lat="53.070644200" lon="-3.824964464" /><trkpt lat="53.070631654" lon="-3.824960319" /><trkpt lat="53.070619365" lon="-3.824955774" /><trkpt lat="53.070607334" lon="-3.824950807" /><trkpt lat="53.070595564" lon="-3.824945394" /><trkpt lat="53.070584055" lon="-3.824939513" /><trkpt lat="53.070572809" lon="-3.824933139" /><trkpt lat="53.070561829" lon="-3.824926251" /><trkpt lat="53.070551114" lon="-3.824918825" /><trkpt lat="53.070540668" lon="-3.824910839" /><trkpt lat="53.070530491" lon="-3.824902268" /><trkpt lat="53.070520585" lon="-3.824893090" /><trkpt lat="53.070510952" lon="-3.824883282" /><trkpt lat="53.070501593" lon="-3.824872821" /><trkpt lat="53.070492510" lon="-3.824861684" /><trkpt lat="53.070483704" lon="-3.824849848" /><trkpt lat="53.070475177" lon="-3.824837289" /><trkpt lat="53.070466931" lon="-3.824823985" /><trkpt lat="53.070458967" lon="-3.824809913" /><trkpt lat="53.070451286" lon="-3.824795049" /><trkpt lat="53.070443891" lon="-3.824779370" /><trkpt lat="53.070438808" lon="-3.824767786" /><trkpt lat="53.070433915" lon="-3.824756020" /><trkpt lat="53.070429210" lon="-3.824744063" /><trkpt lat="53.070424689" lon="-3.824731909" /><trkpt lat="53.070420348" lon="-3.824719548" /><trkpt lat="53.070416183" lon="-3.824706974" /><trkpt lat="53.070412190" lon="-3.824694179" /><trkpt lat="53.070408367" lon="-3.824681154" /><trkpt lat="53.070404709" lon="-3.824667893" /><trkpt lat="53.070401213" lon="-3.824654387" /><trkpt lat="53.070397875" lon="-3.824640630" /><trkpt lat="53.070394691" lon="-3.824626612" /><trkpt lat="53.070391658" lon="-3.824612326" /><trkpt lat="53.070388772" lon="-3.824597764" /><trkpt lat="53.070386030" lon="-3.824582920" /><trkpt lat="53.070383428" lon="-3.824567784" /><trkpt lat="53.070380961" lon="-3.824552350" /><trkpt lat="53.070378627" lon="-3.824536609" /><trkpt lat="53.070376422" lon="-3.824520553" /><trkpt lat="53.070374342" lon="-3.824504176" /><trkpt lat="53.070372383" lon="-3.824487469" /><trkpt lat="53.070370543" lon="-3.824470424" /><trkpt lat="53.070368816" lon="-3.824453034" /><trkpt lat="53.070367201" lon="-3.824435291" /><trkpt lat="53.070365692" lon="-3.824417187" /><trkpt lat="53.070364286" lon="-3.824398714" /><trkpt lat="53.070362980" lon="-3.824379866" /><trkpt lat="53.070361769" lon="-3.824360633" /><trkpt lat="53.070360651" lon="-3.824341008" /><trkpt lat="53.070359622" lon="-3.824320984" /><trkpt lat="53.070358677" lon="-3.824300552" /><trkpt lat="53.070357814" lon="-3.824279706" /><trkpt lat="53.070357029" lon="-3.824258436" /><trkpt lat="53.070356317" lon="-3.824236736" /><trkpt lat="53.070355676" lon="-3.824214598" /><trkpt lat="53.070355101" lon="-3.824192014" /><trkpt lat="53.070354590" lon="-3.824168975" /><trkpt lat="53.070354137" lon="-3.824145475" /><trkpt lat="53.070353741" lon="-3.824121506" /><trkpt lat="53.070353396" lon="-3.824097060" /><trkpt lat="53.070353100" lon="-3.824072129" /><trkpt lat="53.070352849" lon="-3.824046705" /><trkpt lat="53.070352700" lon="-3.824029807" /><trkpt lat="53.070352556" lon="-3.824012811" /><trkpt lat="53.070352418" lon="-3.823995720" /><trkpt lat="53.070352286" lon="-3.823978538" /><trkpt lat="53.070352162" lon="-3.823961268" /><trkpt lat="53.070352046" lon="-3.823943914" /><trkpt lat="53.070351938" lon="-3.823926480" /><trkpt lat="53.070351841" lon="-3.823908969" /><trkpt lat="53.070351754" lon="-3.823891384" /><trkpt lat="53.070351678" lon="-3.823873729" /><trkpt lat="53.070351614" lon="-3.823856008" /><trkpt lat="53.070351563" lon="-3.823838224" /><trkpt lat="53.070351526" lon="-3.823820381" /><trkpt lat="53.070351504" lon="-3.823802482" /><trkpt lat="53.070351496" lon="-3.823784531" /><trkpt lat="53.070351505" lon="-3.823766532" /><trkpt lat="53.070351530" lon="-3.823748488" /><trkpt lat="53.070351573" lon="-3.823730402" /><trkpt lat="53.070351635" lon="-3.823712278" /><trkpt lat="53.070351716" lon="-3.823694119" /><trkpt lat="53.070351816" lon="-3.823675930" /><trkpt lat="53.070351938" lon="-3.823657714" /><trkpt lat="53.070352081" lon="-3.823639474" /><trkpt lat="53.070352246" lon="-3.823621214" /><trkpt lat="53.070352435" lon="-3.823602937" /><trkpt lat="53.070352648" lon="-3.823584647" /><trkpt lat="53.070352885" lon="-3.823566347" /><trkpt lat="53.070353148" lon="-3.823548042" /><trkpt lat="53.070353437" lon="-3.823529734" /><trkpt lat="53.070353754" lon="-3.823511427" /><trkpt lat="53.070354098" lon="-3.823493125" /><trkpt lat="53.070354471" lon="-3.823474832" /><trkpt lat="53.070354874" lon="-3.823456550" /><trkpt lat="53.070355306" lon="-3.823438283" /><trkpt lat="53.070355770" lon="-3.823420035" /><trkpt lat="53.070356266" lon="-3.823401810" /><trkpt lat="53.070356795" lon="-3.823383610" /><trkpt lat="53.070357357" lon="-3.823365441" /><trkpt lat="53.070357953" lon="-3.823347304" /><trkpt lat="53.070358584" lon="-3.823329204" /><trkpt lat="53.070359251" lon="-3.823311144" /><trkpt lat="53.070359955" lon="-3.823293128" /><trkpt lat="53.070360696" lon="-3.823275159" /><trkpt lat="53.070361476" lon="-3.823257241" /><trkpt lat="53.070362294" lon="-3.823239377" /><trkpt lat="53.070363152" lon="-3.823221572" /><trkpt lat="53.070364051" lon="-3.823203828" /><trkpt lat="53.070364991" lon="-3.823186148" /><trkpt lat="53.070365974" lon="-3.823168538" /><trkpt lat="53.070366999" lon="-3.823151000" /><trkpt lat="53.070368068" lon="-3.823133537" /><trkpt lat="53.070369182" lon="-3.823116154" /><trkpt lat="53.070370341" lon="-3.823098853" /><trkpt lat="53.070371546" lon="-3.823081639" /><trkpt lat="53.070372798" lon="-3.823064514" /><trkpt lat="53.070374098" lon="-3.823047483" /><trkpt lat="53.070375446" lon="-3.823030550" /><trkpt lat="53.070376844" lon="-3.823013716" /><trkpt lat="53.070378292" lon="-3.822996987" /><trkpt lat="53.070379791" lon="-3.822980366" /><trkpt lat="53.070381341" lon="-3.822963855" /><trkpt lat="53.070382944" lon="-3.822947460" /><trkpt lat="53.070384600" lon="-3.822931182" /><trkpt lat="53.070386310" lon="-3.822915027" /><trkpt lat="53.070388243" lon="-3.822897180" /><trkpt lat="53.070390206" lon="-3.822879162" /><trkpt lat="53.070392195" lon="-3.822860982" /><trkpt lat="53.070394208" lon="-3.822842650" /><trkpt lat="53.070396240" lon="-3.822824175" /><trkpt lat="53.070398289" lon="-3.822805566" /><trkpt lat="53.070400350" lon="-3.822786833" /><trkpt lat="53.070402422" lon="-3.822767986" /><trkpt lat="53.070404500" lon="-3.822749033" /><trkpt lat="53.070406581" lon="-3.822729985" /><trkpt lat="53.070408662" lon="-3.822710851" /><trkpt lat="53.070410740" lon="-3.822691640" /><trkpt lat="53.070412810" lon="-3.822672361" /><trkpt lat="53.070414871" lon="-3.822653025" /><trkpt lat="53.070416918" lon="-3.822633640" /><trkpt lat="53.070418949" lon="-3.822614217" /><trkpt lat="53.070420959" lon="-3.822594763" /><trkpt lat="53.070422946" lon="-3.822575290" /><trkpt lat="53.070424907" lon="-3.822555806" /><trkpt lat="53.070426837" lon="-3.822536321" /><trkpt lat="53.070428734" lon="-3.822516844" /><trkpt lat="53.070430594" lon="-3.822497385" /><trkpt lat="53.070432414" lon="-3.822477953" /><trkpt lat="53.070434191" lon="-3.822458557" /><trkpt lat="53.070435921" lon="-3.822439208" /><trkpt lat="53.070437602" lon="-3.822419914" /><trkpt lat="53.070439229" lon="-3.822400685" /><trkpt lat="53.070440799" lon="-3.822381530" /><trkpt lat="53.070442310" lon="-3.822362459" /><trkpt lat="53.070443757" lon="-3.822343482" /><trkpt lat="53.070445138" lon="-3.822324607" /><trkpt lat="53.070446449" lon="-3.822305844" /><trkpt lat="53.070447686" lon="-3.822287203" /><trkpt lat="53.070448848" lon="-3.822268694" /><trkpt lat="53.070449929" lon="-3.822250324" /><trkpt lat="53.070450927" lon="-3.822232105" /><trkpt lat="53.070451839" lon="-3.822214045" /><trkpt lat="53.070452661" lon="-3.822196154" /><trkpt lat="53.070453390" lon="-3.822178441" /><trkpt lat="53.070454022" lon="-3.822160916" /><trkpt lat="53.070454554" lon="-3.822143588" /><trkpt lat="53.070454984" lon="-3.822126467" /><trkpt lat="53.070455307" lon="-3.822109562" /><trkpt lat="53.070455521" lon="-3.822092883" /><trkpt lat="53.070455621" lon="-3.822076438" /><trkpt lat="53.070455605" lon="-3.822060239" /><trkpt lat="53.070455469" lon="-3.822044292" /><trkpt lat="53.070455211" lon="-3.822028610" /><trkpt lat="53.070454826" lon="-3.822013200" /><trkpt lat="53.070454311" lon="-3.821998072" /><trkpt lat="53.070453663" lon="-3.821983236" /><trkpt lat="53.070452879" lon="-3.821968701" /><trkpt lat="53.070451956" lon="-3.821954477" /><trkpt lat="53.070450890" lon="-3.821940573" /><trkpt lat="53.070449677" lon="-3.821926998" /><trkpt lat="53.070448315" lon="-3.821913763" /><trkpt lat="53.070446800" lon="-3.821900875" /><trkpt lat="53.070445128" lon="-3.821888346" /><trkpt lat="53.070443190" lon="-3.821874885" /><trkpt lat="53.070441141" lon="-3.821861035" /><trkpt lat="53.070438990" lon="-3.821846812" /><trkpt lat="53.070436749" lon="-3.821832228" /><trkpt lat="53.070434425" lon="-3.821817299" /><trkpt lat="53.070432030" lon="-3.821802038" /><trkpt lat="53.070429571" lon="-3.821786459" /><trkpt lat="53.070427060" lon="-3.821770578" /><trkpt lat="53.070424506" lon="-3.821754407" /><trkpt lat="53.070421918" lon="-3.821737961" /><trkpt lat="53.070419305" lon="-3.821721255" /><trkpt lat="53.070416678" lon="-3.821704303" /><trkpt lat="53.070414047" lon="-3.821687118" /><trkpt lat="53.070411420" lon="-3.821669715" /><trkpt lat="53.070408807" lon="-3.821652108" /><trkpt lat="53.070406218" lon="-3.821634312" /><trkpt lat="53.070403663" lon="-3.821616340" /><trkpt lat="53.070401151" lon="-3.821598206" /><trkpt lat="53.070398692" lon="-3.821579926" /><trkpt lat="53.070396295" lon="-3.821561513" /><trkpt lat="53.070393970" lon="-3.821542981" /><trkpt lat="53.070391727" lon="-3.821524345" /><trkpt lat="53.070389575" lon="-3.821505618" /><trkpt lat="53.070387523" lon="-3.821486816" /><trkpt lat="53.070385583" lon="-3.821467951" /><trkpt lat="53.070383762" lon="-3.821449039" /><trkpt lat="53.070382071" lon="-3.821430093" /><trkpt lat="53.070380519" lon="-3.821411128" /><trkpt lat="53.070379116" lon="-3.821392158" /><trkpt lat="53.070377871" lon="-3.821373196" /><trkpt lat="53.070376795" lon="-3.821354258" /><trkpt lat="53.070375896" lon="-3.821335358" /><trkpt lat="53.070375185" lon="-3.821316509" /><trkpt lat="53.070374671" lon="-3.821297726" /><trkpt lat="53.070374363" lon="-3.821279023" /><trkpt lat="53.070374271" lon="-3.821260415" /><trkpt lat="53.070374405" lon="-3.821241915" /><trkpt lat="53.070374775" lon="-3.821223537" /><trkpt lat="53.070375389" lon="-3.821205296" /><trkpt lat="53.070376258" lon="-3.821187207" /><trkpt lat="53.070377392" lon="-3.821169282" /><trkpt lat="53.070378799" lon="-3.821151537" /><trkpt lat="53.070380489" lon="-3.821133986" /><trkpt lat="53.070382473" lon="-3.821116642" /><trkpt lat="53.070384759" lon="-3.821099521" /><trkpt lat="53.070387358" lon="-3.821082635" /><trkpt lat="53.070390278" lon="-3.821066000" /><trkpt lat="53.070393530" lon="-3.821049630" /><trkpt lat="53.070397123" lon="-3.821033538" /><trkpt lat="53.070401067" lon="-3.821017740" /><trkpt lat="53.070405371" lon="-3.821002248" /><trkpt lat="53.070410045" lon="-3.820987078" /><trkpt lat="53.070415098" lon="-3.820972244" /><trkpt lat="53.070420541" lon="-3.820957759" /><trkpt lat="53.070426850" lon="-3.820942318" /><trkpt lat="53.070433334" lon="-3.820927531" /><trkpt lat="53.070439978" lon="-3.820913405" /><trkpt lat="53.070446764" lon="-3.820899947" /><trkpt lat="53.070453678" lon="-3.820887165" /><trkpt lat="53.070460703" lon="-3.820875066" /><trkpt lat="53.070467823" lon="-3.820863658" /><trkpt lat="53.070475023" lon="-3.820852949" /><trkpt lat="53.070482285" lon="-3.820842945" /><trkpt lat="53.070489594" lon="-3.820833655" /><trkpt lat="53.070496935" lon="-3.820825086" /><trkpt lat="53.070504290" lon="-3.820817245" /><trkpt lat="53.070511644" lon="-3.820810139" /><trkpt lat="53.070518982" lon="-3.820803777" /><trkpt lat="53.070526286" lon="-3.820798166" /><trkpt lat="53.070533541" lon="-3.820793313" /><trkpt lat="53.070540731" lon="-3.820789226" /><trkpt lat="53.070547839" lon="-3.820785913" /><trkpt lat="53.070554851" lon="-3.820783380" /><trkpt lat="53.070561749" lon="-3.820781635" /><trkpt lat="53.070568518" lon="-3.820780686" /><trkpt lat="53.070575142" lon="-3.820780540" /><trkpt lat="53.070581605" lon="-3.820781205" /><trkpt lat="53.070587890" lon="-3.820782688" /><trkpt lat="53.070593982" lon="-3.820784997" /><trkpt lat="53.070599864" lon="-3.820788139" /><trkpt lat="53.070605522" lon="-3.820792122" /><trkpt lat="53.070610937" lon="-3.820796953" /><trkpt lat="53.070616095" lon="-3.820802639" /><trkpt lat="53.070620980" lon="-3.820809189" /><trkpt lat="53.070625575" lon="-3.820816610" /><trkpt lat="53.070629865" lon="-3.820824908" /><trkpt lat="53.070633833" lon="-3.820834093" /><trkpt lat="53.070637464" lon="-3.820844170" /><trkpt lat="53.070640741" lon="-3.820855148" /><trkpt lat="53.070643648" lon="-3.820867034" /><trkpt lat="53.070646170" lon="-3.820879836" /><trkpt lat="53.070648290" lon="-3.820893561" /><trkpt lat="53.070649992" lon="-3.820908217" /><trkpt lat="53.070651260" lon="-3.820923810" /><trkpt lat="53.070652079" lon="-3.820940350" /><trkpt lat="53.070652432" lon="-3.820957842" /><trkpt lat="53.070652303" lon="-3.820976295" /><trkpt lat="53.070651677" lon="-3.820995716" /><trkpt lat="53.070650536" lon="-3.821016112" /><trkpt lat="53.070648866" lon="-3.821037492" /><trkpt lat="53.070646649" lon="-3.821059862" /><trkpt lat="53.070643871" lon="-3.821083230" /><trkpt lat="53.070640514" lon="-3.821107603" /><trkpt lat="53.070636804" lon="-3.821132788" /><trkpt lat="53.070633132" lon="-3.821157549" /><trkpt lat="53.070629510" lon="-3.821181887" /><trkpt lat="53.070625949" lon="-3.821205802" /><trkpt lat="53.070622458" lon="-3.821229298" /><trkpt lat="53.070619050" lon="-3.821252373" /><trkpt lat="53.070615733" lon="-3.821275031" /><trkpt lat="53.070612519" lon="-3.821297271" /><trkpt lat="53.070609418" lon="-3.821319095" /><trkpt lat="53.070606442" lon="-3.821340503" /><trkpt lat="53.070603600" lon="-3.821361498" /><trkpt lat="53.070600904" lon="-3.821382080" /><trkpt lat="53.070598363" lon="-3.821402251" /><trkpt lat="53.070595989" lon="-3.821422011" /><trkpt lat="53.070593792" lon="-3.821441361" /><trkpt lat="53.070591783" lon="-3.821460303" /><trkpt lat="53.070589972" lon="-3.821478838" /><trkpt lat="53.070588370" lon="-3.821496967" /><trkpt lat="53.070586987" lon="-3.821514692" /><trkpt lat="53.070585835" lon="-3.821532012" /><trkpt lat="53.070584924" lon="-3.821548930" /><trkpt lat="53.070584264" lon="-3.821565446" /><trkpt lat="53.070583866" lon="-3.821581562" /><trkpt lat="53.070583741" lon="-3.821597278" /><trkpt lat="53.070583899" lon="-3.821612596" /><trkpt lat="53.070584351" lon="-3.821627518" /><trkpt lat="53.070585108" lon="-3.821642043" /><trkpt lat="53.070586179" lon="-3.821656174" /><trkpt lat="53.070587577" lon="-3.821669911" /><trkpt lat="53.070589310" lon="-3.821683256" /><trkpt lat="53.070591391" lon="-3.821696209" /><trkpt lat="53.070593830" lon="-3.821708772" /><trkpt lat="53.070596636" lon="-3.821720946" /><trkpt lat="53.070599821" lon="-3.821732731" /><trkpt lat="53.070603396" lon="-3.821744130" /><trkpt lat="53.070607371" lon="-3.821755143" /><trkpt lat="53.070611756" lon="-3.821765772" /><trkpt lat="53.070616563" lon="-3.821776017" /><trkpt lat="53.070621802" lon="-3.821785880" /><trkpt lat="53.070627483" lon="-3.821795361" /><trkpt lat="53.070633618" lon="-3.821804463" /><trkpt lat="53.070640216" lon="-3.821813185" /><trkpt lat="53.070647288" lon="-3.821821530" /><trkpt lat="53.070654845" lon="-3.821829497" /><trkpt lat="53.070662899" lon="-3.821837090" /><trkpt lat="53.070671458" lon="-3.821844307" /><trkpt lat="53.070680534" lon="-3.821851152" /><trkpt lat="53.070690137" lon="-3.821857624" /><trkpt lat="53.070704453" lon="-3.821866195" /><trkpt lat="53.070718684" lon="-3.821873677" /><trkpt lat="53.070732830" lon="-3.821880156" /><trkpt lat="53.070746887" lon="-3.821885718" /><trkpt lat="53.070760854" lon="-3.821890448" /><trkpt lat="53.070774731" lon="-3.821894433" /><trkpt lat="53.070788514" lon="-3.821897758" /><trkpt lat="53.070802203" lon="-3.821900508" /><trkpt lat="53.070815795" lon="-3.821902769" /><trkpt lat="53.070829289" lon="-3.821904628" /><trkpt lat="53.070842683" lon="-3.821906170" /><trkpt lat="53.070855975" lon="-3.821907480" /><trkpt lat="53.070869164" lon="-3.821908644" /><trkpt lat="53.070882248" lon="-3.821909749" /><trkpt lat="53.070895226" lon="-3.821910879" /><trkpt lat="53.070908095" lon="-3.821912121" /><trkpt lat="53.070920854" lon="-3.821913561" /><trkpt lat="53.070933501" lon="-3.821915283" /><trkpt lat="53.070946034" lon="-3.821917374" /><trkpt lat="53.070958452" lon="-3.821919919" /><trkpt lat="53.070970753" lon="-3.821923005" /><trkpt lat="53.070982936" lon="-3.821926717" /><trkpt lat="53.070994998" lon="-3.821931140" /><trkpt lat="53.071006938" lon="-3.821936361" /><trkpt lat="53.071018754" lon="-3.821942465" /><trkpt lat="53.071030445" lon="-3.821949537" /><trkpt lat="53.071042008" lon="-3.821957665" /><trkpt lat="53.071053443" lon="-3.821966932" /><trkpt lat="53.071064746" lon="-3.821977426" /><trkpt lat="53.071075918" lon="-3.821989232" /><trkpt lat="53.071086955" lon="-3.822002435" /><trkpt lat="53.071097857" lon="-3.822017122" /><trkpt lat="53.071108621" lon="-3.822033377" /><trkpt lat="53.071118938" lon="-3.822049714" /><trkpt lat="53.071129127" lon="-3.822065617" /><trkpt lat="53.071139185" lon="-3.822081120" /><trkpt lat="53.071149108" lon="-3.822096262" /><trkpt lat="53.071158895" lon="-3.822111078" /><trkpt lat="53.071168542" lon="-3.822125604" /><trkpt lat="53.071178046" lon="-3.822139877" /><trkpt lat="53.071187403" lon="-3.822153933" /><trkpt lat="53.071196612" lon="-3.822167809" /><trkpt lat="53.071205669" lon="-3.822181540" /><trkpt lat="53.071214572" lon="-3.822195163" /><trkpt lat="53.071223316" lon="-3.822208714" /><trkpt lat="53.071231899" lon="-3.822222230" /><trkpt lat="53.071240319" lon="-3.822235747" /><trkpt lat="53.071248572" lon="-3.822249302" /><trkpt lat="53.071256656" lon="-3.822262929" /><trkpt lat="53.071264566" lon="-3.822276667" /><trkpt lat="53.071272301" lon="-3.822290551" /><trkpt lat="53.071279858" lon="-3.822304617" /><trkpt lat="53.071287232" lon="-3.822318902" /><trkpt lat="53.071294423" lon="-3.822333443" /><trkpt lat="53.071301425" lon="-3.822348274" /><trkpt lat="53.071308237" lon="-3.822363434" /><trkpt lat="53.071314856" lon="-3.822378957" /><trkpt lat="53.071321278" lon="-3.822394881" /><trkpt lat="53.071327501" lon="-3.822411241" /><trkpt lat="53.071333522" lon="-3.822428075" /><trkpt lat="53.071339337" lon="-3.822445417" /><trkpt lat="53.071344943" lon="-3.822463306" /><trkpt lat="53.071350339" lon="-3.822481776" /><trkpt lat="53.071355520" lon="-3.822500864" /><trkpt lat="53.071360484" lon="-3.822520607" /><trkpt lat="53.071365228" lon="-3.822541041" /><trkpt lat="53.071369748" lon="-3.822562202" /><trkpt lat="53.071374593" lon="-3.822586260" /><trkpt lat="53.071379152" lon="-3.822609613" /><trkpt lat="53.071383451" lon="-3.822632253" /><trkpt lat="53.071387518" lon="-3.822654172" /><trkpt lat="53.071391377" lon="-3.822675363" /><trkpt lat="53.071395056" lon="-3.822695818" /><trkpt lat="53.071398580" lon="-3.822715530" /><trkpt lat="53.071401975" lon="-3.822734489" /><trkpt lat="53.071405268" lon="-3.822752689" /><trkpt lat="53.071408485" lon="-3.822770122" /><trkpt lat="53.071411651" lon="-3.822786781" /><trkpt lat="53.071414794" lon="-3.822802656" /><trkpt lat="53.071417938" lon="-3.822817741" /><trkpt lat="53.071421111" lon="-3.822832029" /><trkpt lat="53.071424339" lon="-3.822845510" /><trkpt lat="53.071427647" lon="-3.822858178" /><trkpt lat="53.071431061" lon="-3.822870024" /><trkpt lat="53.071434609" lon="-3.822881041" /><trkpt lat="53.071438316" lon="-3.822891221" /><trkpt lat="53.071442207" lon="-3.822900557" /><trkpt lat="53.071446310" lon="-3.822909041" /><trkpt lat="53.071450651" lon="-3.822916664" /><trkpt lat="53.071455255" lon="-3.822923420" /><trkpt lat="53.071460148" lon="-3.822929299" /><trkpt lat="53.071465358" lon="-3.822934296" /><trkpt lat="53.071470910" lon="-3.822938401" /><trkpt lat="53.071476829" lon="-3.822941608" /><trkpt lat="53.071483143" lon="-3.822943908" /><trkpt lat="53.071489878" lon="-3.822945294" /><trkpt lat="53.071497059" lon="-3.822945757" /><trkpt lat="53.071504277" lon="-3.822945873" /><trkpt lat="53.071511124" lon="-3.822946180" /><trkpt lat="53.071517626" lon="-3.822946621" /><trkpt lat="53.071523809" lon="-3.822947137" /><trkpt lat="53.071529699" lon="-3.822947670" /><trkpt lat="53.071535323" lon="-3.822948161" /><trkpt lat="53.071540705" lon="-3.822948551" /><trkpt lat="53.071545873" lon="-3.822948784" /><trkpt lat="53.071550853" lon="-3.822948799" /><trkpt lat="53.071555670" lon="-3.822948539" /><trkpt lat="53.071560351" lon="-3.822947945" /><trkpt lat="53.071564923" lon="-3.822946959" /><trkpt lat="53.071569410" lon="-3.822945522" /><trkpt lat="53.071573840" lon="-3.822943577" /><trkpt lat="53.071578239" lon="-3.822941064" /><trkpt lat="53.071582632" lon="-3.822937925" /><trkpt lat="53.071587046" lon="-3.822934101" /><trkpt lat="53.071591506" lon="-3.822929535" /><trkpt lat="53.071596040" lon="-3.822924168" /><trkpt lat="53.071600673" lon="-3.822917942" /><trkpt lat="53.071605432" lon="-3.822910798" /><trkpt lat="53.071610341" lon="-3.822902677" /><trkpt lat="53.071615429" lon="-3.822893521" /><trkpt lat="53.071620720" lon="-3.822883273" /><trkpt lat="53.071626241" lon="-3.822871873" /><trkpt lat="53.071632018" lon="-3.822859262" /><trkpt lat="53.071638078" lon="-3.822845384" /><trkpt lat="53.071644445" lon="-3.822830178" /><trkpt lat="53.071651147" lon="-3.822813588" /><trkpt lat="53.071658210" lon="-3.822795554" /><trkpt lat="53.071663256" lon="-3.822782674" /><trkpt lat="53.071668496" lon="-3.822769639" /><trkpt lat="53.071673922" lon="-3.822756447" /><trkpt lat="53.071679522" lon="-3.822743098" /><trkpt lat="53.071685287" lon="-3.822729590" /><trkpt lat="53.071691206" lon="-3.822715924" /><trkpt lat="53.071697269" lon="-3.822702098" /><trkpt lat="53.071703465" lon="-3.822688112" /><trkpt lat="53.071709785" lon="-3.822673965" /><trkpt lat="53.071716219" lon="-3.822659657" /><trkpt lat="53.071722755" lon="-3.822645187" /><trkpt lat="53.071729384" lon="-3.822630553" /><trkpt lat="53.071736096" lon="-3.822615756" /><trkpt lat="53.071742879" lon="-3.822600795" /><trkpt lat="53.071749725" lon="-3.822585669" /><trkpt lat="53.071756623" lon="-3.822570377" /><trkpt lat="53.071763562" lon="-3.822554919" /><trkpt lat="53.071770532" lon="-3.822539294" /><trkpt lat="53.071777523" lon="-3.822523501" /><trkpt lat="53.071784525" lon="-3.822507540" /><trkpt lat="53.071791528" lon="-3.822491410" /><trkpt lat="53.071798521" lon="-3.822475110" /><trkpt lat="53.071805493" lon="-3.822458640" /><trkpt lat="53.071812436" lon="-3.822441999" /><trkpt lat="53.071819338" lon="-3.822425186" /><trkpt lat="53.071826190" lon="-3.822408200" /><trkpt lat="53.071832980" lon="-3.822391041" /><trkpt lat="53.071839699" lon="-3.822373709" /><trkpt lat="53.071846337" lon="-3.822356202" /><trkpt lat="53.071852883" lon="-3.822338519" /><trkpt lat="53.071859327" lon="-3.822320661" /><trkpt lat="53.071865659" lon="-3.822302627" /><trkpt lat="53.071871869" lon="-3.822284415" /><trkpt lat="53.071877945" lon="-3.822266025" /><trkpt lat="53.071883879" lon="-3.822247456" /><trkpt lat="53.071889660" lon="-3.822228708" /><trkpt lat="53.071895277" lon="-3.822209781" /><trkpt lat="53.071900721" lon="-3.822190672" /><trkpt lat="53.071905981" lon="-3.822171382" /><trkpt lat="53.071911046" lon="-3.822151911" /><trkpt lat="53.071915907" lon="-3.822132256" /><trkpt lat="53.071920554" lon="-3.822112418" /><trkpt lat="53.071924975" lon="-3.822092396" /><trkpt lat="53.071929161" lon="-3.822072189" /><trkpt lat="53.071934189" lon="-3.822047662" /><trkpt lat="53.071939339" lon="-3.822023706" /><trkpt lat="53.071944613" lon="-3.822000327" /><trkpt lat="53.071950016" lon="-3.821977532" /><trkpt lat="53.071955553" lon="-3.821955329" /><trkpt lat="53.071961228" lon="-3.821933722" /><trkpt lat="53.071967044" lon="-3.821912719" /><trkpt lat="53.071973005" lon="-3.821892327" /><trkpt lat="53.071979116" lon="-3.821872552" /><trkpt lat="53.071985380" lon="-3.821853400" /><trkpt lat="53.071991803" lon="-3.821834879" /><trkpt lat="53.071998387" lon="-3.821816994" /><trkpt lat="53.072005137" lon="-3.821799753" /><trkpt lat="53.072012057" lon="-3.821783162" /><trkpt lat="53.072019151" lon="-3.821767228" /><trkpt lat="53.072026422" lon="-3.821751957" /><trkpt lat="53.072033877" lon="-3.821737355" /><trkpt lat="53.072041517" lon="-3.821723430" /><trkpt lat="53.072049347" lon="-3.821710188" /><trkpt lat="53.072057372" lon="-3.821697635" /><trkpt lat="53.072065595" lon="-3.821685779" /><trkpt lat="53.072074021" lon="-3.821674625" /><trkpt lat="53.072082653" lon="-3.821664181" /><trkpt lat="53.072091495" lon="-3.821654453" /><trkpt lat="53.072100553" lon="-3.821645447" /><trkpt lat="53.072109829" lon="-3.821637170" /><trkpt lat="53.072119328" lon="-3.821629629" /><trkpt lat="53.072129053" lon="-3.821622830" /><trkpt lat="53.072139010" lon="-3.821616780" /><trkpt lat="53.072149201" lon="-3.821611486" /><trkpt lat="53.072159632" lon="-3.821606954" /><trkpt lat="53.072170305" lon="-3.821603190" /><trkpt lat="53.072181226" lon="-3.821600201" /><trkpt lat="53.072192398" lon="-3.821597995" /><trkpt lat="53.072203825" lon="-3.821596577" /><trkpt lat="53.072215512" lon="-3.821595953" /><trkpt lat="53.072229493" lon="-3.821595968" /><trkpt lat="53.072243963" lon="-3.821596493" /><trkpt lat="53.072258881" lon="-3.821597468" /><trkpt lat="53.072274207" lon="-3.821598835" /><trkpt lat="53.072289899" lon="-3.821600535" /><trkpt lat="53.072305917" lon="-3.821602510" /><trkpt lat="53.072322220" lon="-3.821604700" /><trkpt lat="53.072338768" lon="-3.821607047" /><trkpt lat="53.072355521" lon="-3.821609491" /><trkpt lat="53.072372436" lon="-3.821611975" /><trkpt lat="53.072389475" lon="-3.821614438" /><trkpt lat="53.072406596" lon="-3.821616824" /><trkpt lat="53.072423759" lon="-3.821619071" /><trkpt lat="53.072440922" lon="-3.821621123" /><trkpt lat="53.072458046" lon="-3.821622919" /><trkpt lat="53.072475089" lon="-3.821624402" /><trkpt lat="53.072492012" lon="-3.821625511" /><trkpt lat="53.072508773" lon="-3.821626190" /><trkpt lat="53.072525332" lon="-3.821626377" /><trkpt lat="53.072541648" lon="-3.821626016" /><trkpt lat="53.072557680" lon="-3.821625047" /><trkpt lat="53.072573389" lon="-3.821623411" /><trkpt lat="53.072588732" lon="-3.821621049" /><trkpt lat="53.072603671" lon="-3.821617903" /><trkpt lat="53.072618163" lon="-3.821613914" /><trkpt lat="53.072632169" lon="-3.821609022" /><trkpt lat="53.072645647" lon="-3.821603170" /><trkpt lat="53.072658558" lon="-3.821596298" /><trkpt lat="53.072670860" lon="-3.821588347" /><trkpt lat="53.072682512" lon="-3.821579259" /><trkpt lat="53.072693475" lon="-3.821568975" /><trkpt lat="53.072704007" lon="-3.821558213" /><trkpt lat="53.072713720" lon="-3.821548412" /><trkpt lat="53.072722667" lon="-3.821539496" /><trkpt lat="53.072730900" lon="-3.821531395" /><trkpt lat="53.072738471" lon="-3.821524034" /><trkpt lat="53.072745434" lon="-3.821517340" /><trkpt lat="53.072751840" lon="-3.821511241" /><trkpt lat="53.072757741" lon="-3.821505663" /><trkpt lat="53.072763190" lon="-3.821500533" /><trkpt lat="53.072768239" lon="-3.821495780" /><trkpt lat="53.072772941" lon="-3.821491328" /><trkpt lat="53.072777347" lon="-3.821487106" /><trkpt lat="53.072781511" lon="-3.821483041" /><trkpt lat="53.072785484" lon="-3.821479059" /><trkpt lat="53.072789319" lon="-3.821475087" /><trkpt lat="53.072793068" lon="-3.821471053" /><trkpt lat="53.072796783" lon="-3.821466883" /><trkpt lat="53.072800517" lon="-3.821462504" /><trkpt lat="53.072804321" lon="-3.821457844" /><trkpt lat="53.072808250" lon="-3.821452830" /><trkpt lat="53.072812353" lon="-3.821447387" /><trkpt lat="53.072816685" lon="-3.821441444" /><trkpt lat="53.072821297" lon="-3.821434928" /><trkpt lat="53.072826242" lon="-3.821427765" /><trkpt lat="53.072831572" lon="-3.821419882" /><trkpt lat="53.072837338" lon="-3.821411206" /><trkpt lat="53.072843595" lon="-3.821401665" /><trkpt lat="53.072850393" lon="-3.821391185" /><trkpt lat="53.072857785" lon="-3.821379694" /><trkpt lat="53.072865824" lon="-3.821367118" /><trkpt lat="53.072874068" lon="-3.821354176" /><trkpt lat="53.072882058" lon="-3.821341620" /><trkpt lat="53.072889818" lon="-3.821329422" /><trkpt lat="53.072897372" lon="-3.821317557" /><trkpt lat="53.072904746" lon="-3.821305998" /><trkpt lat="53.072911964" lon="-3.821294720" /><trkpt lat="53.072919051" lon="-3.821283695" /><trkpt lat="53.072926032" lon="-3.821272898" /><trkpt lat="53.072932931" lon="-3.821262302" /><trkpt lat="53.072939773" lon="-3.821251882" /><trkpt lat="53.072946583" lon="-3.821241611" /><trkpt lat="53.072953385" lon="-3.821231462" /><trkpt lat="53.072960205" lon="-3.821221411" /><trkpt lat="53.072967066" lon="-3.821211429" /><trkpt lat="53.072973994" lon="-3.821201491" /><trkpt lat="53.072981013" lon="-3.821191572" /><trkpt lat="53.072988149" lon="-3.821181644" /><trkpt lat="53.072995425" lon="-3.821171681" /><trkpt lat="53.073002866" lon="-3.821161658" /><trkpt lat="53.073010498" lon="-3.821151548" /><trkpt lat="53.073018345" lon="-3.821141324" /><trkpt lat="53.073026431" lon="-3.821130961" /><trkpt lat="53.073034781" lon="-3.821120432" /><trkpt lat="53.073043421" lon="-3.821109712" /><trkpt lat="53.073052374" lon="-3.821098773" /><trkpt lat="53.073061665" lon="-3.821087590" /><trkpt lat="53.073071320" lon="-3.821076136" /><trkpt lat="53.073081362" lon="-3.821064385" /><trkpt lat="53.073091817" lon="-3.821052311" /><trkpt lat="53.073102710" lon="-3.821039888" /><trkpt lat="53.073113628" lon="-3.821027627" /><trkpt lat="53.073124162" lon="-3.821016043" /><trkpt lat="53.073134334" lon="-3.821005116" /><trkpt lat="53.073144168" lon="-3.820994826" /><trkpt lat="53.073153687" lon="-3.820985152" /><trkpt lat="53.073162914" lon="-3.820976073" /><trkpt lat="53.073171872" lon="-3.820967571" /><trkpt lat="53.073180585" lon="-3.820959624" /><trkpt lat="53.073189075" lon="-3.820952213" /><trkpt lat="53.073197368" lon="-3.820945316" /><trkpt lat="53.073205484" lon="-3.820938914" /><trkpt lat="53.073213449" lon="-3.820932987" /><trkpt lat="53.073221284" lon="-3.820927513" /><trkpt lat="53.073229014" lon="-3.820922474" /><trkpt lat="53.073236662" lon="-3.820917848" /><trkpt lat="53.073244250" lon="-3.820913616" /><trkpt lat="53.073251803" lon="-3.820909757" /><trkpt lat="53.073259343" lon="-3.820906251" /><trkpt lat="53.073266893" lon="-3.820903077" /><trkpt lat="53.073274478" lon="-3.820900216" /><trkpt lat="53.073282120" lon="-3.820897646" /><trkpt lat="53.073289843" lon="-3.820895349" /><trkpt lat="53.073297670" lon="-3.820893303" /><trkpt lat="53.073305623" lon="-3.820891488" /><trkpt lat="53.073313727" lon="-3.820889884" /><trkpt lat="53.073322005" lon="-3.820888471" /><trkpt lat="53.073330480" lon="-3.820887229" /><trkpt lat="53.073339175" lon="-3.820886136" /><trkpt lat="53.073348113" lon="-3.820885174" /><trkpt lat="53.073357319" lon="-3.820884321" /><trkpt lat="53.073366633" lon="-3.820883715" /><trkpt lat="53.073375883" lon="-3.820883496" /><trkpt lat="53.073385070" lon="-3.820883649" /><trkpt lat="53.073394196" lon="-3.820884158" /><trkpt lat="53.073403262" lon="-3.820885008" /><trkpt lat="53.073412267" lon="-3.820886183" /><trkpt lat="53.073421215" lon="-3.820887668" /><trkpt lat="53.073430105" lon="-3.820889447" /><trkpt lat="53.073438939" lon="-3.820891504" /><trkpt lat="53.073447719" lon="-3.820893824" /><trkpt lat="53.073456444" lon="-3.820896392" /><trkpt lat="53.073465117" lon="-3.820899192" /><trkpt lat="53.073473738" lon="-3.820902208" /><trkpt lat="53.073482308" lon="-3.820905425" /><trkpt lat="53.073490829" lon="-3.820908828" /><trkpt lat="53.073499301" lon="-3.820912400" /><trkpt lat="53.073507727" lon="-3.820916127" /><trkpt lat="53.073516106" lon="-3.820919992" /><trkpt lat="53.073524440" lon="-3.820923981" /><trkpt lat="53.073532730" lon="-3.820928078" /><trkpt lat="53.073540978" lon="-3.820932267" /><trkpt lat="53.073549183" lon="-3.820936533" /><trkpt lat="53.073557349" lon="-3.820940859" /><trkpt lat="53.073565474" lon="-3.820945232" /><trkpt lat="53.073573562" lon="-3.820949635" /><trkpt lat="53.073581612" lon="-3.820954052" /><trkpt lat="53.073589626" lon="-3.820958468" /><trkpt lat="53.073597604" lon="-3.820962868" /><trkpt lat="53.073605549" lon="-3.820967236" /><trkpt lat="53.073613462" lon="-3.820971557" /><trkpt lat="53.073621226" lon="-3.820975836" /><trkpt lat="53.073628735" lon="-3.820980082" /><trkpt lat="53.073636002" lon="-3.820984278" /><trkpt lat="53.073643042" lon="-3.820988408" /><trkpt lat="53.073649868" lon="-3.820992456" /><trkpt lat="53.073656494" lon="-3.820996405" /><trkpt lat="53.073662932" lon="-3.821000239" /><trkpt lat="53.073669197" lon="-3.821003943" /><trkpt lat="53.073675302" lon="-3.821007501" /><trkpt lat="53.073681261" lon="-3.821010896" /><trkpt lat="53.073687088" lon="-3.821014112" /><trkpt lat="53.073692796" lon="-3.821017133" /><trkpt lat="53.073698399" lon="-3.821019943" /><trkpt lat="53.073703909" lon="-3.821022526" /><trkpt lat="53.073709342" lon="-3.821024865" /><trkpt lat="53.073714710" lon="-3.821026946" /><trkpt lat="53.073720028" lon="-3.821028751" /><trkpt lat="53.073725308" lon="-3.821030265" /><trkpt lat="53.073730565" lon="-3.821031471" /><trkpt lat="53.073735811" lon="-3.821032353" /><trkpt lat="53.073741062" lon="-3.821032896" /><trkpt lat="53.073746329" lon="-3.821033083" /><trkpt lat="53.073751627" lon="-3.821032898" /><trkpt lat="53.073756970" lon="-3.821032325" /><trkpt lat="53.073762370" lon="-3.821031347" /><trkpt lat="53.073767842" lon="-3.821029950" /><trkpt lat="53.073773400" lon="-3.821028116" /><trkpt lat="53.073779056" lon="-3.821025830" /><trkpt lat="53.073784825" lon="-3.821023075" /><trkpt lat="53.073790720" lon="-3.821019836" /><trkpt lat="53.073796604" lon="-3.821016223" /><trkpt lat="53.073802345" lon="-3.821012353" /><trkpt lat="53.073807959" lon="-3.821008220" /><trkpt lat="53.073813463" lon="-3.821003816" /><trkpt lat="53.073818875" lon="-3.820999136" /><trkpt lat="53.073824212" lon="-3.820994173" /><trkpt lat="53.073829490" lon="-3.820988920" /><trkpt lat="53.073834728" lon="-3.820983371" /><trkpt lat="53.073839943" lon="-3.820977519" /><trkpt lat="53.073845150" lon="-3.820971358" /><trkpt lat="53.073850369" lon="-3.820964881" /><trkpt lat="53.073855615" lon="-3.820958081" /><trkpt lat="53.073860907" lon="-3.820950953" /><trkpt lat="53.073866261" lon="-3.820943488" /><trkpt lat="53.073871694" lon="-3.820935682" /><trkpt lat="53.073877224" lon="-3.820927527" /><trkpt lat="53.073882868" lon="-3.820919017" /><trkpt lat="53.073888643" lon="-3.820910145" /><trkpt lat="53.073894566" lon="-3.820900904" /><trkpt lat="53.073900655" lon="-3.820891289" /><trkpt lat="53.073906926" lon="-3.820881292" /><trkpt lat="53.073913397" lon="-3.820870907" /><trkpt lat="53.073920086" lon="-3.820860128" /><trkpt lat="53.073927008" lon="-3.820848947" /><trkpt lat="53.073934182" lon="-3.820837359" /><trkpt lat="53.073941624" lon="-3.820825357" /><trkpt lat="53.073949352" lon="-3.820812933" /><trkpt lat="53.073957383" lon="-3.820800083" /><trkpt lat="53.073965734" lon="-3.820786798" /><trkpt lat="53.073974423" lon="-3.820773073" /><trkpt lat="53.073983111" lon="-3.820759402" /><trkpt lat="53.073991463" lon="-3.820746258" /><trkpt lat="53.073999499" lon="-3.820733605" /><trkpt lat="53.074007240" lon="-3.820721405" /><trkpt lat="53.074014705" lon="-3.820709622" /><trkpt lat="53.074021915" lon="-3.820698218" /><trkpt lat="53.074028889" lon="-3.820687157" /><trkpt lat="53.074035649" lon="-3.820676400" /><trkpt lat="53.074042214" lon="-3.820665912" /><trkpt lat="53.074048604" lon="-3.820655656" /><trkpt lat="53.074054839" lon="-3.820645593" /><trkpt lat="53.074060940" lon="-3.820635688" /><trkpt lat="53.074066927" lon="-3.820625902" /><trkpt lat="53.074072820" lon="-3.820616200" /><trkpt lat="53.074078639" lon="-3.820606544" /><trkpt lat="53.074084404" lon="-3.820596896" /><trkpt lat="53.074090136" lon="-3.820587221" /><trkpt lat="53.074095854" lon="-3.820577480" /><trkpt lat="53.074101579" lon="-3.820567637" /><trkpt lat="53.074107331" lon="-3.820557655" /><trkpt lat="53.074113130" lon="-3.820547497" /><trkpt lat="53.074118997" lon="-3.820537125" /><trkpt lat="53.074124951" lon="-3.820526503" /><trkpt lat="53.074131012" lon="-3.820515594" /><trkpt lat="53.074137201" lon="-3.820504360" /><trkpt lat="53.074143538" lon="-3.820492764" /><trkpt lat="53.074150043" lon="-3.820480770" /><trkpt lat="53.074156737" lon="-3.820468340" /><trkpt lat="53.074163639" lon="-3.820455438" /><trkpt lat="53.074170769" lon="-3.820442026" /><trkpt lat="53.074178074" lon="-3.820428409" /><trkpt lat="53.074185483" lon="-3.820414917" /><trkpt lat="53.074192995" lon="-3.820401549" /><trkpt lat="53.074200607" lon="-3.820388304" /><trkpt lat="53.074208317" lon="-3.820375182" /><trkpt lat="53.074216121" lon="-3.820362182" /><trkpt lat="53.074224018" lon="-3.820349304" /><trkpt lat="53.074232004" lon="-3.820336547" /><trkpt lat="53.074240078" lon="-3.820323910" /><trkpt lat="53.074248237" lon="-3.820311393" /><trkpt lat="53.074256478" lon="-3.820298995" /><trkpt lat="53.074264799" lon="-3.820286715" /><trkpt lat="53.074273197" lon="-3.820274554" /><trkpt lat="53.074281670" lon="-3.820262510" /><trkpt lat="53.074290215" lon="-3.820250583" /><trkpt lat="53.074298831" lon="-3.820238773" /><trkpt lat="53.074307513" lon="-3.820227077" /><trkpt lat="53.074316261" lon="-3.820215497" /><trkpt lat="53.074325070" lon="-3.820204032" /><trkpt lat="53.074333940" lon="-3.820192680" /><trkpt lat="53.074342867" lon="-3.820181441" /><trkpt lat="53.074351848" lon="-3.820170315" /><trkpt lat="53.074360882" lon="-3.820159301" /><trkpt lat="53.074369966" lon="-3.820148399" /><trkpt lat="53.074379097" lon="-3.820137608" /><trkpt lat="53.074388272" lon="-3.820126926" /><trkpt lat="53.074397490" lon="-3.820116355" /><trkpt lat="53.074406748" lon="-3.820105892" /><trkpt lat="53.074416043" lon="-3.820095538" /><trkpt lat="53.074425373" lon="-3.820085292" /><trkpt lat="53.074434951" lon="-3.820075176" /><trkpt lat="53.074444973" lon="-3.820065210" /><trkpt lat="53.074455409" lon="-3.820055390" /><trkpt lat="53.074466226" lon="-3.820045712" /><trkpt lat="53.074477394" lon="-3.820036173" /><trkpt lat="53.074488883" lon="-3.820026770" /><trkpt lat="53.074500660" lon="-3.820017497" /><trkpt lat="53.074512696" lon="-3.820008353" /><trkpt lat="53.074524960" lon="-3.819999333" /><trkpt lat="53.074537419" lon="-3.819990433" /><trkpt lat="53.074550044" lon="-3.819981650" /><trkpt lat="53.074562804" lon="-3.819972980" /><trkpt lat="53.074575667" lon="-3.819964419" /><trkpt lat="53.074588603" lon="-3.819955964" /><trkpt lat="53.074601580" lon="-3.819947612" /><trkpt lat="53.074614568" lon="-3.819939357" /><trkpt lat="53.074627536" lon="-3.819931197" /><trkpt lat="53.074640453" lon="-3.819923128" /><trkpt lat="53.074653287" lon="-3.819915147" /><trkpt lat="53.074666009" lon="-3.819907249" /><trkpt lat="53.074678587" lon="-3.819899431" /><trkpt lat="53.074690990" lon="-3.819891689" /><trkpt lat="53.074703187" lon="-3.819884020" /><trkpt lat="53.074715147" lon="-3.819876420" /><trkpt lat="53.074726839" lon="-3.819868884" /><trkpt lat="53.074738233" lon="-3.819861411" /><trkpt lat="53.074749297" lon="-3.819853995" /><trkpt lat="53.074760001" lon="-3.819846634" /><trkpt lat="53.074770313" lon="-3.819839323" /><trkpt lat="53.074780203" lon="-3.819832059" /><trkpt lat="53.074789946" lon="-3.819824309" /><trkpt lat="53.074799830" lon="-3.819815584" /><trkpt lat="53.074809850" lon="-3.819805948" /><trkpt lat="53.074819996" lon="-3.819795462" /><trkpt lat="53.074830261" lon="-3.819784189" /><trkpt lat="53.074840637" lon="-3.819772192" /><trkpt lat="53.074851116" lon="-3.819759533" /><trkpt lat="53.074861691" lon="-3.819746276" /><trkpt lat="53.074872353" lon="-3.819732482" /><trkpt lat="53.074883094" lon="-3.819718214" /><trkpt lat="53.074893907" lon="-3.819703535" /><trkpt lat="53.074904783" lon="-3.819688507" /><trkpt lat="53.074915716" lon="-3.819673193" /><trkpt lat="53.074926696" lon="-3.819657656" /><trkpt lat="53.074937717" lon="-3.819641957" /><trkpt lat="53.074948770" lon="-3.819626161" /><trkpt lat="53.074959847" lon="-3.819610328" /><trkpt lat="53.074970941" lon="-3.819594522" /><trkpt lat="53.074982043" lon="-3.819578806" /><trkpt lat="53.074993146" lon="-3.819563242" /><trkpt lat="53.075004242" lon="-3.819547892" /><trkpt lat="53.075015322" lon="-3.819532820" /><trkpt lat="53.075026380" lon="-3.819518087" /><trkpt lat="53.075037407" lon="-3.819503756" /><trkpt lat="53.075048396" lon="-3.819489891" /><trkpt lat="53.075059337" lon="-3.819476553" /><trkpt lat="53.075070225" lon="-3.819463805" /><trkpt lat="53.075081050" lon="-3.819451710" /><trkpt lat="53.075091805" lon="-3.819440330" /><trkpt lat="53.075102481" lon="-3.819429728" /><trkpt lat="53.075113281" lon="-3.819419428" /><trkpt lat="53.075124390" lon="-3.819408930" /><trkpt lat="53.075135781" lon="-3.819398260" /><trkpt lat="53.075147422" lon="-3.819387443" /><trkpt lat="53.075159287" lon="-3.819376505" /><trkpt lat="53.075171345" lon="-3.819365472" /><trkpt lat="53.075183567" lon="-3.819354369" /><trkpt lat="53.075195926" lon="-3.819343222" /><trkpt lat="53.075208390" lon="-3.819332056" /><trkpt lat="53.075220932" lon="-3.819320898" /><trkpt lat="53.075233523" lon="-3.819309772" /><trkpt lat="53.075246133" lon="-3.819298705" /><trkpt lat="53.075258734" lon="-3.819287721" /><trkpt lat="53.075271295" lon="-3.819276848" /><trkpt lat="53.075283790" lon="-3.819266109" /><trkpt lat="53.075296187" lon="-3.819255532" /><trkpt lat="53.075308459" lon="-3.819245141" /><trkpt lat="53.075320576" lon="-3.819234963" /><trkpt lat="53.075332509" lon="-3.819225022" /><trkpt lat="53.075344230" lon="-3.819215344" /><trkpt lat="53.075355709" lon="-3.819205956" /><trkpt lat="53.075366916" lon="-3.819196883" /><trkpt lat="53.075377824" lon="-3.819188149" /><trkpt lat="53.075388403" lon="-3.819179782" /><trkpt lat="53.075398624" lon="-3.819171807" /><trkpt lat="53.075408458" lon="-3.819164248" /><trkpt lat="53.075417876" lon="-3.819157133" /><trkpt lat="53.075426849" lon="-3.819150486" /><trkpt lat="53.075435348" lon="-3.819144334" /><trkpt lat="53.075443344" lon="-3.819138701" /><trkpt lat="53.075450901" lon="-3.819133549" /><trkpt lat="53.075458123" lon="-3.819128820" /><trkpt lat="53.075465041" lon="-3.819124504" /><trkpt lat="53.075471685" lon="-3.819120593" /><trkpt lat="53.075478086" lon="-3.819117081" /><trkpt lat="53.075484273" lon="-3.819113960" /><trkpt lat="53.075490278" lon="-3.819111221" /><trkpt lat="53.075496130" lon="-3.819108857" /><trkpt lat="53.075501861" lon="-3.819106860" /><trkpt lat="53.075507501" lon="-3.819105223" /><trkpt lat="53.075513079" lon="-3.819103937" /><trkpt lat="53.075518627" lon="-3.819102995" /><trkpt lat="53.075524176" lon="-3.819102389" /><trkpt lat="53.075529754" lon="-3.819102112" /><trkpt lat="53.075535394" lon="-3.819102156" /><trkpt lat="53.075541124" lon="-3.819102512" /><trkpt lat="53.075546977" lon="-3.819103173" /><trkpt lat="53.075552982" lon="-3.819104132" /><trkpt lat="53.075559169" lon="-3.819105381" /><trkpt lat="53.075565569" lon="-3.819106912" /><trkpt lat="53.075572213" lon="-3.819108716" /><trkpt lat="53.075579131" lon="-3.819110788" /><trkpt lat="53.075586353" lon="-3.819113117" /><trkpt lat="53.075593910" lon="-3.819115698" /><trkpt lat="53.075601833" lon="-3.819118522" /><trkpt lat="53.075610151" lon="-3.819121581" /><trkpt lat="53.075618895" lon="-3.819124869" /><trkpt lat="53.075628095" lon="-3.819128376" /><trkpt lat="53.075637783" lon="-3.819132095" /><trkpt lat="53.075647988" lon="-3.819136018" /><trkpt lat="53.075658561" lon="-3.819140103" /><trkpt lat="53.075669326" lon="-3.819144286" /><trkpt lat="53.075680268" lon="-3.819148536" /><trkpt lat="53.075691374" lon="-3.819152818" /><trkpt lat="53.075702631" lon="-3.819157100" /><trkpt lat="53.075714026" lon="-3.819161349" /><trkpt lat="53.075725545" lon="-3.819165530" /><trkpt lat="53.075737176" lon="-3.819169611" /><trkpt lat="53.075748905" lon="-3.819173559" /><trkpt lat="53.075760718" lon="-3.819177339" /><trkpt lat="53.075772604" lon="-3.819180920" /><trkpt lat="53.075784547" lon="-3.819184267" /><trkpt lat="53.075796536" lon="-3.819187347" /><trkpt lat="53.075808556" lon="-3.819190128" /><trkpt lat="53.075820595" lon="-3.819192575" /><trkpt lat="53.075832639" lon="-3.819194655" /><trkpt lat="53.075844676" lon="-3.819196336" /><trkpt lat="53.075856691" lon="-3.819197583" /><trkpt lat="53.075868672" lon="-3.819198365" /><trkpt lat="53.075880606" lon="-3.819198646" /><trkpt lat="53.075892478" lon="-3.819198394" /><trkpt lat="53.075904277" lon="-3.819197576" /><trkpt lat="53.075915988" lon="-3.819196159" /><trkpt lat="53.075927599" lon="-3.819194109" /><trkpt lat="53.075939096" lon="-3.819191392" /><trkpt lat="53.075950466" lon="-3.819187976" /><trkpt lat="53.075961695" lon="-3.819183828" /><trkpt lat="53.075972771" lon="-3.819178913" /><trkpt lat="53.075983681" lon="-3.819173199" /><trkpt lat="53.075994410" lon="-3.819166653" /><trkpt lat="53.076005122" lon="-3.819160064" /><trkpt lat="53.076015975" lon="-3.819154212" /><trkpt lat="53.076026948" lon="-3.819149047" /><trkpt lat="53.076038021" lon="-3.819144518" /><trkpt lat="53.076049174" lon="-3.819140576" /><trkpt lat="53.076060385" lon="-3.819137170" /><trkpt lat="53.076071636" lon="-3.819134251" /><trkpt lat="53.076082904" lon="-3.819131768" /><trkpt lat="53.076094171" lon="-3.819129671" /><trkpt lat="53.076105414" lon="-3.819127910" /><trkpt lat="53.076116615" lon="-3.819126435" /><trkpt lat="53.076127753" lon="-3.819125197" /><trkpt lat="53.076138806" lon="-3.819124144" /><trkpt lat="53.076149756" lon="-3.819123227" /><trkpt lat="53.076160580" lon="-3.819122397" /><trkpt lat="53.076171260" lon="-3.819121602" /><trkpt lat="53.076181775" lon="-3.819120792" /><trkpt lat="53.076192103" lon="-3.819119918" /><trkpt lat="53.076202225" lon="-3.819118930" /><trkpt lat="53.076212121" lon="-3.819117777" /><trkpt lat="53.076221770" lon="-3.819116410" /><trkpt lat="53.076231151" lon="-3.819114778" /><trkpt lat="53.076240244" lon="-3.819112831" /><trkpt lat="53.076249029" lon="-3.819110520" /><trkpt lat="53.076257485" lon="-3.819107794" /><trkpt lat="53.076265592" lon="-3.819104602" /><trkpt lat="53.076273329" lon="-3.819100896" /><trkpt lat="53.076280677" lon="-3.819096625" /><trkpt lat="53.076287614" lon="-3.819091738" /><trkpt lat="53.076294120" lon="-3.819086187" /><trkpt lat="53.076299483" lon="-3.819080328" /><trkpt lat="53.076304491" lon="-3.819073203" /><trkpt lat="53.076309159" lon="-3.819064867" /><trkpt lat="53.076313503" lon="-3.819055379" /><trkpt lat="53.076317539" lon="-3.819044793" /><trkpt lat="53.076321282" lon="-3.819033167" /><trkpt lat="53.076324746" lon="-3.819020557" /><trkpt lat="53.076327949" lon="-3.819007019" /><trkpt lat="53.076330904" lon="-3.818992611" /><trkpt lat="53.076333627" lon="-3.818977389" /><trkpt lat="53.076336134" lon="-3.818961409" /><trkpt lat="53.076338440" lon="-3.818944727" /><trkpt lat="53.076340561" lon="-3.818927402" /><trkpt lat="53.076342511" lon="-3.818909488" /><trkpt lat="53.076344306" lon="-3.818891042" /><trkpt lat="53.076345962" lon="-3.818872121" /><trkpt lat="53.076347494" lon="-3.818852782" /><trkpt lat="53.076348917" lon="-3.818833081" /><trkpt lat="53.076350247" lon="-3.818813075" /><trkpt lat="53.076351499" lon="-3.818792819" /><trkpt lat="53.076352688" lon="-3.818772372" /><trkpt lat="53.076353830" lon="-3.818751788" /><trkpt lat="53.076354940" lon="-3.818731125" /><trkpt lat="53.076356034" lon="-3.818710440" /><trkpt lat="53.076357126" lon="-3.818689788" /><trkpt lat="53.076358233" lon="-3.818669227" /><trkpt lat="53.076359369" lon="-3.818648812" /><trkpt lat="53.076360551" lon="-3.818628601" /><trkpt lat="53.076361793" lon="-3.818608650" /><trkpt lat="53.076363110" lon="-3.818589015" /><trkpt lat="53.076364519" lon="-3.818569754" /><trkpt lat="53.076366035" lon="-3.818550922" /><trkpt lat="53.076367672" lon="-3.818532576" /><trkpt lat="53.076369447" lon="-3.818514772" /><trkpt lat="53.076371697" lon="-3.818495361" /><trkpt lat="53.076374251" lon="-3.818476801" /><trkpt lat="53.076377098" lon="-3.818459058" /><trkpt lat="53.076380225" lon="-3.818442097" /><trkpt lat="53.076383620" lon="-3.818425883" /><trkpt lat="53.076387273" lon="-3.818410382" /><trkpt lat="53.076391171" lon="-3.818395559" /><trkpt lat="53.076395302" lon="-3.818381380" /><trkpt lat="53.076399655" lon="-3.818367810" /><trkpt lat="53.076404217" lon="-3.818354813" /><trkpt lat="53.076408979" lon="-3.818342357" /><trkpt lat="53.076413926" lon="-3.818330406" /><trkpt lat="53.076419049" lon="-3.818318925" /><trkpt lat="53.076424335" lon="-3.818307880" /><trkpt lat="53.076429772" lon="-3.818297236" /><trkpt lat="53.076435348" lon="-3.818286958" /><trkpt lat="53.076441053" lon="-3.818277013" /><trkpt lat="53.076446874" lon="-3.818267365" /><trkpt lat="53.076452799" lon="-3.818257979" /><trkpt lat="53.076458817" lon="-3.818248822" /><trkpt lat="53.076464916" lon="-3.818239858" /><trkpt lat="53.076471084" lon="-3.818231053" /><trkpt lat="53.076477310" lon="-3.818222372" /><trkpt lat="53.076483582" lon="-3.818213781" /><trkpt lat="53.076489888" lon="-3.818205245" /><trkpt lat="53.076496216" lon="-3.818196729" /><trkpt lat="53.076502555" lon="-3.818188199" /><trkpt lat="53.076508892" lon="-3.818179620" /><trkpt lat="53.076515217" lon="-3.818170957" /><trkpt lat="53.076521518" lon="-3.818162176" /><trkpt lat="53.076527696" lon="-3.818153435" /><trkpt lat="53.076533668" lon="-3.818144890" /><trkpt lat="53.076539444" lon="-3.818136505" /><trkpt lat="53.076545031" lon="-3.818128243" /><trkpt lat="53.076550440" lon="-3.818120068" /><trkpt lat="53.076555678" lon="-3.818111944" /><trkpt lat="53.076560755" lon="-3.818103834" /><trkpt lat="53.076565680" lon="-3.818095702" /><trkpt lat="53.076570462" lon="-3.818087511" /><trkpt lat="53.076575109" lon="-3.818079226" /><trkpt lat="53.076579632" lon="-3.818070810" /><trkpt lat="53.076584037" lon="-3.818062226" /><trkpt lat="53.076588336" lon="-3.818053439" /><trkpt lat="53.076592536" lon="-3.818044411" /><trkpt lat="53.076596646" lon="-3.818035107" /><trkpt lat="53.076600676" lon="-3.818025489" /><trkpt lat="53.076604634" lon="-3.818015523" /><trkpt lat="53.076608530" lon="-3.818005170" /><trkpt lat="53.076612371" lon="-3.817994396" /><trkpt lat="53.076616168" lon="-3.817983164" /><trkpt lat="53.076619930" lon="-3.817971436" /><trkpt lat="53.076623664" lon="-3.817959178" /><trkpt lat="53.076627381" lon="-3.817946352" /><trkpt lat="53.076631088" lon="-3.817932923" /><trkpt lat="53.076634796" lon="-3.817918853" /><trkpt lat="53.076638512" lon="-3.817904107" /><trkpt lat="53.076642247" lon="-3.817888647" /><trkpt lat="53.076646008" lon="-3.817872439" /><trkpt lat="53.076649805" lon="-3.817855445" /><trkpt lat="53.076653647" lon="-3.817837629" /><trkpt lat="53.076657793" lon="-3.817819661" /><trkpt lat="53.076662480" lon="-3.817802225" /><trkpt lat="53.076667681" lon="-3.817785308" /><trkpt lat="53.076673371" lon="-3.817768894" /><trkpt lat="53.076679525" lon="-3.817752969" /><trkpt lat="53.076686114" lon="-3.817737519" /><trkpt lat="53.076693115" lon="-3.817722529" /><trkpt lat="53.076700501" lon="-3.817707986" /><trkpt lat="53.076708245" lon="-3.817693874" /><trkpt lat="53.076716323" lon="-3.817680179" /><trkpt lat="53.076724708" lon="-3.817666887" /><trkpt lat="53.076733373" lon="-3.817653984" /><trkpt lat="53.076742294" lon="-3.817641455" /><trkpt lat="53.076751444" lon="-3.817629285" /><trkpt lat="53.076760797" lon="-3.817617460" /><trkpt lat="53.076770328" lon="-3.817605966" /><trkpt lat="53.076780009" lon="-3.817594789" /><trkpt lat="53.076789816" lon="-3.817583913" /><trkpt lat="53.076799723" lon="-3.817573325" /><trkpt lat="53.076809703" lon="-3.817563011" /><trkpt lat="53.076819730" lon="-3.817552955" /><trkpt lat="53.076829779" lon="-3.817543144" /><trkpt lat="53.076839823" lon="-3.817533562" /><trkpt lat="53.076849837" lon="-3.817524196" /><trkpt lat="53.076859794" lon="-3.817515032" /><trkpt lat="53.076869670" lon="-3.817506054" /><trkpt lat="53.076879436" lon="-3.817497249" /><trkpt lat="53.076889069" lon="-3.817488601" /><trkpt lat="53.076898541" lon="-3.817480097" /><trkpt lat="53.076907828" lon="-3.817471723" /><trkpt lat="53.076917018" lon="-3.817463507" /><trkpt lat="53.076926221" lon="-3.817455497" /><trkpt lat="53.076935441" lon="-3.817447698" /><trkpt lat="53.076944678" lon="-3.817440120" /><trkpt lat="53.076953937" lon="-3.817432769" /><trkpt lat="53.076963218" lon="-3.817425653" /><trkpt lat="53.076972526" lon="-3.817418781" /><trkpt lat="53.076981861" lon="-3.817412159" /><trkpt lat="53.076991228" lon="-3.817405797" /><trkpt lat="53.077000627" lon="-3.817399700" /><trkpt lat="53.077010063" lon="-3.817393878" /><trkpt lat="53.077019537" lon="-3.817388338" /><trkpt lat="53.077029051" lon="-3.817383088" /><trkpt lat="53.077038609" lon="-3.817378135" /><trkpt lat="53.077048213" lon="-3.817373487" /><trkpt lat="53.077057865" lon="-3.817369152" /><trkpt lat="53.077067568" lon="-3.817365138" /><trkpt lat="53.077077325" lon="-3.817361452" /><trkpt lat="53.077087137" lon="-3.817358102" /><trkpt lat="53.077097007" lon="-3.817355096" /><trkpt lat="53.077106939" lon="-3.817352442" /><trkpt lat="53.077116934" lon="-3.817350147" /><trkpt lat="53.077126994" lon="-3.817348220" /><trkpt lat="53.077137123" lon="-3.817346667" /><trkpt lat="53.077147323" lon="-3.817345497" /><trkpt lat="53.077157597" lon="-3.817344718" /><trkpt lat="53.077167946" lon="-3.817344336" /><trkpt lat="53.077178374" lon="-3.817344361" /><trkpt lat="53.077188883" lon="-3.817344799" /><trkpt lat="53.077199475" lon="-3.817345659" /><trkpt lat="53.077210350" lon="-3.817346924" /><trkpt lat="53.077221685" lon="-3.817348560" /><trkpt lat="53.077233447" lon="-3.817350546" /><trkpt lat="53.077245601" lon="-3.817352861" /><trkpt lat="53.077258116" lon="-3.817355485" /><trkpt lat="53.077270957" lon="-3.817358397" /><trkpt lat="53.077284092" lon="-3.817361576" /><trkpt lat="53.077297487" lon="-3.817365002" /><trkpt lat="53.077311109" lon="-3.817368653" /><trkpt lat="53.077324925" lon="-3.817372508" /><trkpt lat="53.077338901" lon="-3.817376548" /><trkpt lat="53.077353005" lon="-3.817380752" /><trkpt lat="53.077367204" lon="-3.817385098" /><trkpt lat="53.077381463" lon="-3.817389566" /><trkpt lat="53.077395751" lon="-3.817394136" /><trkpt lat="53.077410032" lon="-3.817398785" /><trkpt lat="53.077424276" lon="-3.817403495" /><trkpt lat="53.077438447" lon="-3.817408243" /><trkpt lat="53.077452514" lon="-3.817413010" /><trkpt lat="53.077466442" lon="-3.817417774" /><trkpt lat="53.077480199" lon="-3.817422515" /><trkpt lat="53.077493751" lon="-3.817427212" /><trkpt lat="53.077507066" lon="-3.817431845" /><trkpt lat="53.077520109" lon="-3.817436392" /><trkpt lat="53.077532848" lon="-3.817440832" /><trkpt lat="53.077545250" lon="-3.817445146" /><trkpt lat="53.077557281" lon="-3.817449312" /><trkpt lat="53.077568908" lon="-3.817453310" /><trkpt lat="53.077580098" lon="-3.817457118" /><trkpt lat="53.077590817" lon="-3.817460717" /><trkpt lat="53.077601075" lon="-3.817464182" /><trkpt lat="53.077610919" lon="-3.817467585" /><trkpt lat="53.077620375" lon="-3.817470901" /><trkpt lat="53.077629470" lon="-3.817474105" /><trkpt lat="53.077638231" lon="-3.817477170" /><trkpt lat="53.077646684" lon="-3.817480072" /><trkpt lat="53.077654856" lon="-3.817482784" /><trkpt lat="53.077662772" lon="-3.817485281" /><trkpt lat="53.077670460" lon="-3.817487537" /><trkpt lat="53.077677946" lon="-3.817489526" /><trkpt lat="53.077685257" lon="-3.817491223" /><trkpt lat="53.077692419" lon="-3.817492603" /><trkpt lat="53.077699458" lon="-3.817493640" /><trkpt lat="53.077706402" lon="-3.817494307" /><trkpt lat="53.077713275" lon="-3.817494580" /><trkpt lat="53.077720106" lon="-3.817494433" /><trkpt lat="53.077726921" lon="-3.817493840" /><trkpt lat="53.077733745" lon="-3.817492775" /><trkpt lat="53.077740606" lon="-3.817491213" /><trkpt lat="53.077747530" lon="-3.817489129" /><trkpt lat="53.077754543" lon="-3.817486496" /><trkpt lat="53.077761673" lon="-3.817483289" /><trkpt lat="53.077768945" lon="-3.817479483" /><trkpt lat="53.077776386" lon="-3.817475051" /><trkpt lat="53.077784023" lon="-3.817469968" /><trkpt lat="53.077791881" lon="-3.817464209" /><trkpt lat="53.077799988" lon="-3.817457748" /><trkpt lat="53.077808370" lon="-3.817450559" /><trkpt lat="53.077817054" lon="-3.817442617" /><trkpt lat="53.077826065" lon="-3.817433895" /><trkpt lat="53.077835125" lon="-3.817424802" /><trkpt lat="53.077843952" lon="-3.817415749" /><trkpt lat="53.077852569" lon="-3.817406717" /><trkpt lat="53.077860999" lon="-3.817397685" /><trkpt lat="53.077869266" lon="-3.817388636" /><trkpt lat="53.077877392" lon="-3.817379548" /><trkpt lat="53.077885400" lon="-3.817370403" /><trkpt lat="53.077893315" lon="-3.817361182" /><trkpt lat="53.077901159" lon="-3.817351864" /><trkpt lat="53.077908955" lon="-3.817342431" /><trkpt lat="53.077916726" lon="-3.817332862" /><trkpt lat="53.077924496" lon="-3.817323139" /><trkpt lat="53.077932288" lon="-3.817313242" /><trkpt lat="53.077940124" lon="-3.817303151" /><trkpt lat="53.077948029" lon="-3.817292847" /><trkpt lat="53.077956025" lon="-3.817282311" /><trkpt lat="53.077964136" lon="-3.817271523" /><trkpt lat="53.077972384" lon="-3.817260463" /><trkpt lat="53.077980793" lon="-3.817249113" /><trkpt lat="53.077989386" lon="-3.817237452" /><trkpt lat="53.077998187" lon="-3.817225462" /><trkpt lat="53.078007217" lon="-3.817213122" /><trkpt lat="53.078016501" lon="-3.817200414" /><trkpt lat="53.078026062" lon="-3.817187317" /><trkpt lat="53.078035923" lon="-3.817173813" /><trkpt lat="53.078046107" lon="-3.817159882" /><trkpt lat="53.078056637" lon="-3.817145504" /><trkpt lat="53.078067537" lon="-3.817130660" /><trkpt lat="53.078078829" lon="-3.817115331" /><trkpt lat="53.078090536" lon="-3.817099497" /><trkpt lat="53.078102392" lon="-3.817083838" /><trkpt lat="53.078114114" lon="-3.817069024" /><trkpt lat="53.078125705" lon="-3.817055017" /><trkpt lat="53.078137167" lon="-3.817041782" /><trkpt lat="53.078148503" lon="-3.817029281" /><trkpt lat="53.078159716" lon="-3.817017478" /><trkpt lat="53.078170809" lon="-3.817006336" /><trkpt lat="53.078181784" lon="-3.816995818" /><trkpt lat="53.078192643" lon="-3.816985888" /><trkpt lat="53.078203390" lon="-3.816976509" /><trkpt lat="53.078214027" lon="-3.816967644" /><trkpt lat="53.078224556" lon="-3.816959257" /><trkpt lat="53.078234981" lon="-3.816951311" /><trkpt lat="53.078245304" lon="-3.816943769" /><trkpt lat="53.078255528" lon="-3.816936594" /><trkpt lat="53.078265655" lon="-3.816929751" /><trkpt lat="53.078275688" lon="-3.816923201" /><trkpt lat="53.078285629" lon="-3.816916909" /><trkpt lat="53.078295482" lon="-3.816910837" /><trkpt lat="53.078305249" lon="-3.816904950" /><trkpt lat="53.078314933" lon="-3.816899210" /><trkpt lat="53.078324535" lon="-3.816893580" /><trkpt lat="53.078334060" lon="-3.816888025" /><trkpt lat="53.078343509" lon="-3.816882506" /><trkpt lat="53.078352885" lon="-3.816876988" /><trkpt lat="53.078362191" lon="-3.816871435" /><trkpt lat="53.078371430" lon="-3.816865808" /><trkpt lat="53.078380603" lon="-3.816860072" /><trkpt lat="53.078389715" lon="-3.816854189" /><trkpt lat="53.078398767" lon="-3.816848124" /><trkpt lat="53.078408302" lon="-3.816841918" /><trkpt lat="53.078418816" lon="-3.816835644" /><trkpt lat="53.078430245" lon="-3.816829312" /><trkpt lat="53.078442525" lon="-3.816822932" /><trkpt lat="53.078455588" lon="-3.816816514" /><trkpt lat="53.078469372" lon="-3.816810068" /><trkpt lat="53.078483811" lon="-3.816803603" /><trkpt lat="53.078498839" lon="-3.816797131" /><trkpt lat="53.078514392" lon="-3.816790661" /><trkpt lat="53.078530405" lon="-3.816784202" /><trkpt lat="53.078546813" lon="-3.816777765" /><trkpt lat="53.078563551" lon="-3.816771360" /><trkpt lat="53.078580553" lon="-3.816764997" /><trkpt lat="53.078597756" lon="-3.816758685" /><trkpt lat="53.078615093" lon="-3.816752435" /><trkpt lat="53.078632500" lon="-3.816746256" /><trkpt lat="53.078649912" lon="-3.816740159" /><trkpt lat="53.078667263" lon="-3.816734153" /><trkpt lat="53.078684489" lon="-3.816728248" /><trkpt lat="53.078701526" lon="-3.816722455" /><trkpt lat="53.078718307" lon="-3.816716783" /><trkpt lat="53.078734767" lon="-3.816711243" /><trkpt lat="53.078750843" lon="-3.816705843" /><trkpt lat="53.078766469" lon="-3.816700595" /><trkpt lat="53.078781579" lon="-3.816695508" /><trkpt lat="53.078796109" lon="-3.816690592" /><trkpt lat="53.078809994" lon="-3.816685857" /><trkpt lat="53.078823169" lon="-3.816681313" /><trkpt lat="53.078835568" lon="-3.816676970" /><trkpt lat="53.078847127" lon="-3.816672838" /><trkpt lat="53.078858361" lon="-3.816668814" /><trkpt lat="53.078869816" lon="-3.816664787" /><trkpt lat="53.078881477" lon="-3.816660752" /><trkpt lat="53.078893332" lon="-3.816656707" /><trkpt lat="53.078905363" lon="-3.816652647" /><trkpt lat="53.078917558" lon="-3.816648569" /><trkpt lat="53.078929901" lon="-3.816644470" /><trkpt lat="53.078942377" lon="-3.816640346" /><trkpt lat="53.078954973" lon="-3.816636194" /><trkpt lat="53.078967672" lon="-3.816632009" /><trkpt lat="53.078980461" lon="-3.816627788" /><trkpt lat="53.078993325" lon="-3.816623528" /><trkpt lat="53.079006249" lon="-3.816619226" /><trkpt lat="53.079019218" lon="-3.816614876" /><trkpt lat="53.079032219" lon="-3.816610477" /><trkpt lat="53.079045235" lon="-3.816606024" /><trkpt lat="53.079058253" lon="-3.816601513" /><trkpt lat="53.079071257" lon="-3.816596942" /><trkpt lat="53.079084234" lon="-3.816592307" /><trkpt lat="53.079097168" lon="-3.816587603" /><trkpt lat="53.079110045" lon="-3.816582829" /><trkpt lat="53.079122849" lon="-3.816577979" /><trkpt lat="53.079135567" lon="-3.816573050" /><trkpt lat="53.079148184" lon="-3.816568039" /><trkpt lat="53.079160685" lon="-3.816562942" /><trkpt lat="53.079173055" lon="-3.816557756" /><trkpt lat="53.079185279" lon="-3.816552477" /><trkpt lat="53.079197344" lon="-3.816547101" /><trkpt lat="53.079209234" lon="-3.816541625" /><trkpt lat="53.079220934" lon="-3.816536045" /><trkpt lat="53.079232760" lon="-3.816530000" /><trkpt lat="53.079245012" lon="-3.816523160" /><trkpt lat="53.079257658" lon="-3.816515570" /><trkpt lat="53.079270662" lon="-3.816507276" /><trkpt lat="53.079283991" lon="-3.816498323" /><trkpt lat="53.079297611" lon="-3.816488756" /><trkpt lat="53.079311488" lon="-3.816478621" /><trkpt lat="53.079325588" lon="-3.816467962" /><trkpt lat="53.079339878" lon="-3.816456826" /><trkpt lat="53.079354323" lon="-3.816445257" /><trkpt lat="53.079368889" lon="-3.816433300" /><trkpt lat="53.079383543" lon="-3.816421002" /><trkpt lat="53.079398250" lon="-3.816408407" /><trkpt lat="53.079412977" lon="-3.816395560" /><trkpt lat="53.079427689" lon="-3.816382507" /><trkpt lat="53.079442353" lon="-3.816369293" /><trkpt lat="53.079456935" lon="-3.816355963" /><trkpt lat="53.079471400" lon="-3.816342563" /><trkpt lat="53.079485715" lon="-3.816329138" /><trkpt lat="53.079499846" lon="-3.816315733" /><trkpt lat="53.079513760" lon="-3.816302394" /><trkpt lat="53.079527421" lon="-3.816289165" /><trkpt lat="53.079540796" lon="-3.816276092" /><trkpt lat="53.079553851" lon="-3.816263221" /><trkpt lat="53.079566553" lon="-3.816250596" /><trkpt lat="53.079578867" lon="-3.816238264" /><trkpt lat="53.079590759" lon="-3.816226268" /><trkpt lat="53.079602196" lon="-3.816214655" /><trkpt lat="53.079613143" lon="-3.816203470" /><trkpt lat="53.079623567" lon="-3.816192758" /><trkpt lat="53.079633613" lon="-3.816182616" /><trkpt lat="53.079643463" lon="-3.816173101" /><trkpt lat="53.079653133" lon="-3.816164193" /><trkpt lat="53.079662641" lon="-3.816155874" /><trkpt lat="53.079672003" lon="-3.816148125" /><trkpt lat="53.079681236" lon="-3.816140929" /><trkpt lat="53.079690359" lon="-3.816134265" /><trkpt lat="53.079699387" lon="-3.816128117" /><trkpt lat="53.079708339" lon="-3.816122465" /><trkpt lat="53.079717231" lon="-3.816117291" /><trkpt lat="53.079726080" lon="-3.816112576" /><trkpt lat="53.079734904" lon="-3.816108301" /><trkpt lat="53.079743719" lon="-3.816104449" /><trkpt lat="53.079752543" lon="-3.816101001" /><trkpt lat="53.079761392" lon="-3.816097937" /><trkpt lat="53.079770285" lon="-3.816095241" /><trkpt lat="53.079779238" lon="-3.816092892" /><trkpt lat="53.079788268" lon="-3.816090872" /><trkpt lat="53.079797392" lon="-3.816089164" /><trkpt lat="53.079806628" lon="-3.816087748" /><trkpt lat="53.079815992" lon="-3.816086606" /><trkpt lat="53.079825503" lon="-3.816085720" /><trkpt lat="53.079835176" lon="-3.816085070" /><trkpt lat="53.079845028" lon="-3.816084638" /><trkpt lat="53.079855079" lon="-3.816084407" /><trkpt lat="53.079865343" lon="-3.816084356" /><trkpt lat="53.079875838" lon="-3.816084468" /><trkpt lat="53.079886583" lon="-3.816084725" /><trkpt lat="53.079897592" lon="-3.816085107" /><trkpt lat="53.079908885" lon="-3.816085596" /><trkpt lat="53.079920460" lon="-3.816086306" /><trkpt lat="53.079932289" lon="-3.816087338" /><trkpt lat="53.079944347" lon="-3.816088659" /><trkpt lat="53.079956610" lon="-3.816090234" /><trkpt lat="53.079969051" lon="-3.816092029" /><trkpt lat="53.079981647" lon="-3.816094008" /><trkpt lat="53.079994371" lon="-3.816096137" /><trkpt lat="53.080007199" lon="-3.816098382" /><trkpt lat="53.080020106" lon="-3.816100708" /><trkpt lat="53.080033067" lon="-3.816103080" /><trkpt lat="53.080046056" lon="-3.816105465" /><trkpt lat="53.080059049" lon="-3.816107826" /><trkpt lat="53.080072020" lon="-3.816110131" /><trkpt lat="53.080084945" lon="-3.816112343" /><trkpt lat="53.080097798" lon="-3.816114430" /><trkpt lat="53.080110555" lon="-3.816116355" /><trkpt lat="53.080123189" lon="-3.816118085" /><trkpt lat="53.080135677" lon="-3.816119585" /><trkpt lat="53.080147993" lon="-3.816120820" /><trkpt lat="53.080160113" lon="-3.816121756" /><trkpt lat="53.080172010" lon="-3.816122358" /><trkpt lat="53.080183660" lon="-3.816122592" /><trkpt lat="53.080195038" lon="-3.816122423" /><trkpt lat="53.080206119" lon="-3.816121816" /><trkpt lat="53.080216877" lon="-3.816120738" /><trkpt lat="53.080227289" lon="-3.816119153" /><trkpt lat="53.080237328" lon="-3.816117026" /><trkpt lat="53.080246969" lon="-3.816114324" /><trkpt lat="53.080256188" lon="-3.816111011" /><trkpt lat="53.080264959" lon="-3.816107054" /><trkpt lat="53.080273792" lon="-3.816102524" /><trkpt lat="53.080283186" lon="-3.816097537" /><trkpt lat="53.080293103" lon="-3.816092124" /><trkpt lat="53.080303505" lon="-3.816086316" /><trkpt lat="53.080314352" lon="-3.816080143" /><trkpt lat="53.080325606" lon="-3.816073637" /><trkpt lat="53.080337228" lon="-3.816066827" /><trkpt lat="53.080349181" lon="-3.816059745" /><trkpt lat="53.080361425" lon="-3.816052420" /><trkpt lat="53.080373922" lon="-3.816044885" /><trkpt lat="53.080386633" lon="-3.816037170" /><trkpt lat="53.080399520" lon="-3.816029305" /><trkpt lat="53.080412544" lon="-3.816021321" /><trkpt lat="53.080425666" lon="-3.816013248" /><trkpt lat="53.080438849" lon="-3.816005119" /><trkpt lat="53.080452053" lon="-3.815996962" /><trkpt lat="53.080465240" lon="-3.815988809" /><trkpt lat="53.080478372" lon="-3.815980691" /><trkpt lat="53.080491409" lon="-3.815972638" /><trkpt lat="53.080504313" lon="-3.815964681" /><trkpt lat="53.080517047" lon="-3.815956851" /><trkpt lat="53.080529570" lon="-3.815949178" /><trkpt lat="53.080541845" lon="-3.815941693" /><trkpt lat="53.080553832" lon="-3.815934428" /><trkpt lat="53.080565494" lon="-3.815927411" /><trkpt lat="53.080576792" lon="-3.815920675" /><trkpt lat="53.080587688" lon="-3.815914250" /><trkpt lat="53.080598142" lon="-3.815908167" /><trkpt lat="53.080608116" lon="-3.815902456" /><trkpt lat="53.080617572" lon="-3.815897148" /><trkpt lat="53.080626612" lon="-3.815892188" /><trkpt lat="53.080635371" lon="-3.815887475" /><trkpt lat="53.080643858" lon="-3.815882969" /><trkpt lat="53.080652082" lon="-3.815878632" /><trkpt lat="53.080660052" lon="-3.815874423" /><trkpt lat="53.080667776" lon="-3.815870304" /><trkpt lat="53.080675264" lon="-3.815866235" /><trkpt lat="53.080682525" lon="-3.815862176" /><trkpt lat="53.080689567" lon="-3.815858089" /><trkpt lat="53.080696400" lon="-3.815853934" /><trkpt lat="53.080703032" lon="-3.815849672" /><trkpt lat="53.080709473" lon="-3.815845263" /><trkpt lat="53.080715732" lon="-3.815840668" /><trkpt lat="53.080721816" lon="-3.815835848" /><trkpt lat="53.080727736" lon="-3.815830763" /><trkpt lat="53.080733500" lon="-3.815825374" /><trkpt lat="53.080739117" lon="-3.815819642" /><trkpt lat="53.080744597" lon="-3.815813527" /><trkpt lat="53.080749947" lon="-3.815806990" /><trkpt lat="53.080755178" lon="-3.815799992" /><trkpt lat="53.080760298" lon="-3.815792493" /><trkpt lat="53.080765315" lon="-3.815784454" /><trkpt lat="53.080770240" lon="-3.815775836" /><trkpt lat="53.080775080" lon="-3.815766599" /><trkpt lat="53.080779845" lon="-3.815756704" /><trkpt lat="53.080784544" lon="-3.815746112" /><trkpt lat="53.080789186" lon="-3.815734783" /><trkpt lat="53.080793779" lon="-3.815722678" /><trkpt lat="53.080798333" lon="-3.815709757" /><trkpt lat="53.080802857" lon="-3.815695982" /><trkpt lat="53.080806506" lon="-3.815683600" /><trkpt lat="53.080809729" lon="-3.815670830" /><trkpt lat="53.080812540" lon="-3.815657680" /><trkpt lat="53.080814951" lon="-3.815644159" /><trkpt lat="53.080816976" lon="-3.815630275" /><trkpt lat="53.080818629" lon="-3.815616037" /><trkpt lat="53.080819923" lon="-3.815601452" /><trkpt lat="53.080820871" lon="-3.815586529" /><trkpt lat="53.080821486" lon="-3.815571278" /><trkpt lat="53.080821783" lon="-3.815555705" /><trkpt lat="53.080821774" lon="-3.815539819" /><trkpt lat="53.080821472" lon="-3.815523630" /><trkpt lat="53.080820892" lon="-3.815507144" /><trkpt lat="53.080820047" lon="-3.815490371" /><trkpt lat="53.080818949" lon="-3.815473320" /><trkpt lat="53.080817613" lon="-3.815455997" /><trkpt lat="53.080816052" lon="-3.815438412" /><trkpt lat="53.080814278" lon="-3.815420574" /><trkpt lat="53.080812307" lon="-3.815402490" /><trkpt lat="53.080810150" lon="-3.815384169" /><trkpt lat="53.080807821" lon="-3.815365620" /><trkpt lat="53.080805334" lon="-3.815346850" /><trkpt lat="53.080802702" lon="-3.815327869" /><trkpt lat="53.080799939" lon="-3.815308684" /><trkpt lat="53.080797057" lon="-3.815289304" /><trkpt lat="53.080794071" lon="-3.815269737" /><trkpt lat="53.080790993" lon="-3.815249992" /><trkpt lat="53.080787838" lon="-3.815230077" /><trkpt lat="53.080784618" lon="-3.815210001" /><trkpt lat="53.080781346" lon="-3.815189772" /><trkpt lat="53.080778037" lon="-3.815169398" /><trkpt lat="53.080774703" lon="-3.815148888" /><trkpt lat="53.080771358" lon="-3.815128250" /><trkpt lat="53.080768016" lon="-3.815107493" /><trkpt lat="53.080764689" lon="-3.815086624" /><trkpt lat="53.080761839" lon="-3.815068350" /><trkpt lat="53.080759087" lon="-3.815050136" /><trkpt lat="53.080756432" lon="-3.815031981" /><trkpt lat="53.080753872" lon="-3.815013881" /><trkpt lat="53.080751403" lon="-3.814995834" /><trkpt lat="53.080749025" lon="-3.814977836" /><trkpt lat="53.080746734" lon="-3.814959884" /><trkpt lat="53.080744529" lon="-3.814941976" /><trkpt lat="53.080742407" lon="-3.814924108" /><trkpt lat="53.080740367" lon="-3.814906278" /><trkpt lat="53.080738405" lon="-3.814888482" /><trkpt lat="53.080736521" lon="-3.814870718" /><trkpt lat="53.080734711" lon="-3.814852983" /><trkpt lat="53.080732974" lon="-3.814835273" /><trkpt lat="53.080731308" lon="-3.814817586" /><trkpt lat="53.080729709" lon="-3.814799919" /><trkpt lat="53.080728177" lon="-3.814782269" /><trkpt lat="53.080726709" lon="-3.814764633" /><trkpt lat="53.080725302" lon="-3.814747007" /><trkpt lat="53.080723955" lon="-3.814729390" /><trkpt lat="53.080722666" lon="-3.814711778" /><trkpt lat="53.080721431" lon="-3.814694168" /><trkpt lat="53.080720250" lon="-3.814676556" /><trkpt lat="53.080719119" lon="-3.814658941" /><trkpt lat="53.080718038" lon="-3.814641320" /><trkpt lat="53.080717002" lon="-3.814623688" /><trkpt lat="53.080716012" lon="-3.814606044" /><trkpt lat="53.080715063" lon="-3.814588384" /><trkpt lat="53.080714154" lon="-3.814570706" /><trkpt lat="53.080713284" lon="-3.814553006" /><trkpt lat="53.080712448" lon="-3.814535281" /><trkpt lat="53.080711647" lon="-3.814517529" /><trkpt lat="53.080710877" lon="-3.814499747" /><trkpt lat="53.080710136" lon="-3.814481931" /><trkpt lat="53.080709422" lon="-3.814464078" /><trkpt lat="53.080708733" lon="-3.814446187" /><trkpt lat="53.080708066" lon="-3.814428253" /><trkpt lat="53.080707420" lon="-3.814410274" /><trkpt lat="53.080706792" lon="-3.814392247" /><trkpt lat="53.080706181" lon="-3.814374169" /><trkpt lat="53.080705537" lon="-3.814354569" /><trkpt lat="53.080704912" lon="-3.814334924" /><trkpt lat="53.080704300" lon="-3.814315247" /><trkpt lat="53.080703699" lon="-3.814295553" /><trkpt lat="53.080703104" lon="-3.814275854" /><trkpt lat="53.080702512" lon="-3.814256165" /><trkpt lat="53.080701920" lon="-3.814236500" /><trkpt lat="53.080701324" lon="-3.814216871" /><trkpt lat="53.080700719" lon="-3.814197292" /><trkpt lat="53.080700104" lon="-3.814177778" /><trkpt lat="53.080699473" lon="-3.814158342" /><trkpt lat="53.080698823" lon="-3.814138997" /><trkpt lat="53.080698152" lon="-3.814119757" /><trkpt lat="53.080697454" lon="-3.814100636" /><trkpt lat="53.080696727" lon="-3.814081648" /><trkpt lat="53.080695966" lon="-3.814062806" /><trkpt lat="53.080695169" lon="-3.814044123" /><trkpt lat="53.080694331" lon="-3.814025614" /><trkpt lat="53.080693449" lon="-3.814007292" /><trkpt lat="53.080692519" lon="-3.813989171" /><trkpt lat="53.080691538" lon="-3.813971265" /><trkpt lat="53.080690502" lon="-3.813953586" /><trkpt lat="53.080689408" lon="-3.813936149" /><trkpt lat="53.080688251" lon="-3.813918968" /><trkpt lat="53.080687028" lon="-3.813902056" /><trkpt lat="53.080685736" lon="-3.813885427" /><trkpt lat="53.080684371" lon="-3.813869094" /><trkpt lat="53.080682929" lon="-3.813853071" /><trkpt lat="53.080681407" lon="-3.813837372" /><trkpt lat="53.080679801" lon="-3.813822010" /><trkpt lat="53.080678107" lon="-3.813807000" /><trkpt lat="53.080676322" lon="-3.813792354" /><trkpt lat="53.080674442" lon="-3.813778086" /><trkpt lat="53.080672464" lon="-3.813764211" /><trkpt lat="53.080670383" lon="-3.813750741" /><trkpt lat="53.080668197" lon="-3.813737691" /><trkpt lat="53.080665901" lon="-3.813725074" /><trkpt lat="53.080662654" lon="-3.813709950" /><trkpt lat="53.080658731" lon="-3.813695152" /><trkpt lat="53.080654160" lon="-3.813680675" /><trkpt lat="53.080648967" lon="-3.813666517" /><trkpt lat="53.080643180" lon="-3.813652672" /><trkpt lat="53.080636826" lon="-3.813639136" /><trkpt lat="53.080629932" lon="-3.813625906" /><trkpt lat="53.080622525" lon="-3.813612977" /><trkpt lat="53.080614633" lon="-3.813600345" /><trkpt lat="53.080606282" lon="-3.813588006" /><trkpt lat="53.080597500" lon="-3.813575956" /><trkpt lat="53.080588314" lon="-3.813564191" /><trkpt lat="53.080578751" lon="-3.813552706" /><trkpt lat="53.080568839" lon="-3.813541498" /><trkpt lat="53.080558604" lon="-3.813530562" /><trkpt lat="53.080548073" lon="-3.813519894" /><trkpt lat="53.080537274" lon="-3.813509491" /><trkpt lat="53.080526235" lon="-3.813499347" /><trkpt lat="53.080514981" lon="-3.813489459" /><trkpt lat="53.080503541" lon="-3.813479823" /><trkpt lat="53.080491941" lon="-3.813470435" /><trkpt lat="53.080480208" lon="-3.813461290" /><trkpt lat="53.080468371" lon="-3.813452384" /><trkpt lat="53.080456455" lon="-3.813443714" /><trkpt lat="53.080444489" lon="-3.813435274" /><trkpt lat="53.080432499" lon="-3.813427062" /><trkpt lat="53.080420512" lon="-3.813419073" /><trkpt lat="53.080408556" lon="-3.813411302" /><trkpt lat="53.080396658" lon="-3.813403745" /><trkpt lat="53.080384845" lon="-3.813396400" /><trkpt lat="53.080373414" lon="-3.813389116" /><trkpt lat="53.080362635" lon="-3.813381722" /><trkpt lat="53.080352495" lon="-3.813374180" /><trkpt lat="53.080342981" lon="-3.813366453" /><trkpt lat="53.080334078" lon="-3.813358501" /><trkpt lat="53.080325772" lon="-3.813350287" /><trkpt lat="53.080318051" lon="-3.813341773" /><trkpt lat="53.080310901" lon="-3.813332920" /><trkpt lat="53.080304308" lon="-3.813323690" /><trkpt lat="53.080298258" lon="-3.813314046" /><trkpt lat="53.080292739" lon="-3.813303949" /><trkpt lat="53.080287735" lon="-3.813293360" /><trkpt lat="53.080283235" lon="-3.813282242" /><trkpt lat="53.080279223" lon="-3.813270557" /><trkpt lat="53.080275687" lon="-3.813258266" /><trkpt lat="53.080272613" lon="-3.813245331" /><trkpt lat="53.080269987" lon="-3.813231715" /><trkpt lat="53.080267795" lon="-3.813217378" /><trkpt lat="53.080266025" lon="-3.813202284" /><trkpt lat="53.080264662" lon="-3.813186393" /><trkpt lat="53.080263693" lon="-3.813169667" /><trkpt lat="53.080263104" lon="-3.813152069" /><trkpt lat="53.080262882" lon="-3.813133560" /><trkpt lat="53.080263013" lon="-3.813114102" /><trkpt lat="53.080263483" lon="-3.813093658" /><trkpt lat="53.080264280" lon="-3.813072188" /><trkpt lat="53.080265388" lon="-3.813049654" /><trkpt lat="53.080266795" lon="-3.813026020" /><trkpt lat="53.080268487" lon="-3.813001245" /><trkpt lat="53.080270450" lon="-3.812975293" /><trkpt lat="53.080272154" lon="-3.812952305" /><trkpt lat="53.080273574" lon="-3.812930169" /><trkpt lat="53.080274716" lon="-3.812908837" /><trkpt lat="53.080275585" lon="-3.812888263" /><trkpt lat="53.080276188" lon="-3.812868400" /><trkpt lat="53.080276531" lon="-3.812849200" /><trkpt lat="53.080276620" lon="-3.812830617" /><trkpt lat="53.080276460" lon="-3.812812602" /><trkpt lat="53.080276058" lon="-3.812795109" /><trkpt lat="53.080275420" lon="-3.812778091" /><trkpt lat="53.080274552" lon="-3.812761501" /><trkpt lat="53.080273460" lon="-3.812745291" /><trkpt lat="53.080272150" lon="-3.812729414" /><trkpt lat="53.080270627" lon="-3.812713823" /><trkpt lat="53.080268898" lon="-3.812698471" /><trkpt lat="53.080266969" lon="-3.812683311" /><trkpt lat="53.080264846" lon="-3.812668296" /><trkpt lat="53.080262535" lon="-3.812653378" /><trkpt lat="53.080260041" lon="-3.812638510" /><trkpt lat="53.080257371" lon="-3.812623645" /><trkpt lat="53.080254532" lon="-3.812608737" /><trkpt lat="53.080251528" lon="-3.812593737" /><trkpt lat="53.080248366" lon="-3.812578599" /><trkpt lat="53.080245051" lon="-3.812563275" /><trkpt lat="53.080241591" lon="-3.812547719" /><trkpt lat="53.080237991" lon="-3.812531883" /><trkpt lat="53.080234256" lon="-3.812515720" /><trkpt lat="53.080230394" lon="-3.812499182" /><trkpt lat="53.080226409" lon="-3.812482224" /><trkpt lat="53.080222308" lon="-3.812464797" /><trkpt lat="53.080218097" lon="-3.812446854" /><trkpt lat="53.080213782" lon="-3.812428349" /><trkpt lat="53.080209369" lon="-3.812409234" /><trkpt lat="53.080204864" lon="-3.812389462" /><trkpt lat="53.080200959" lon="-3.812371436" /><trkpt lat="53.080197381" lon="-3.812353361" /><trkpt lat="53.080194120" lon="-3.812335245" /><trkpt lat="53.080191168" lon="-3.812317095" /><trkpt lat="53.080188516" lon="-3.812298916" /><trkpt lat="53.080186156" lon="-3.812280718" /><trkpt lat="53.080184079" lon="-3.812262505" /><trkpt lat="53.080182276" lon="-3.812244287" /><trkpt lat="53.080180738" lon="-3.812226069" /><trkpt lat="53.080179458" lon="-3.812207858" /><trkpt lat="53.080178426" lon="-3.812189662" /><trkpt lat="53.080177634" lon="-3.812171488" /><trkpt lat="53.080177073" lon="-3.812153343" /><trkpt lat="53.080176735" lon="-3.812135233" /><trkpt lat="53.080176610" lon="-3.812117166" /><trkpt lat="53.080176691" lon="-3.812099149" /><trkpt lat="53.080176968" lon="-3.812081189" /><trkpt lat="53.080177433" lon="-3.812063293" /><trkpt lat="53.080178078" lon="-3.812045468" /><trkpt lat="53.080178893" lon="-3.812027721" /><trkpt lat="53.080179870" lon="-3.812010059" /><trkpt lat="53.080181001" lon="-3.811992489" /><trkpt lat="53.080182277" lon="-3.811975018" /><trkpt lat="53.080183689" lon="-3.811957654" /><trkpt lat="53.080185228" lon="-3.811940402" /><trkpt lat="53.080186886" lon="-3.811923271" /><trkpt lat="53.080188655" lon="-3.811906267" /><trkpt lat="53.080190525" lon="-3.811889398" /><trkpt lat="53.080192489" lon="-3.811872669" /><trkpt lat="53.080194536" lon="-3.811856090" /><trkpt lat="53.080196660" lon="-3.811839665" /><trkpt lat="53.080198850" lon="-3.811823403" /><trkpt lat="53.080201099" lon="-3.811807311" /><trkpt lat="53.080203398" lon="-3.811791395" /><trkpt lat="53.080205738" lon="-3.811775663" /><trkpt lat="53.080208111" lon="-3.811760121" /><trkpt lat="53.080210508" lon="-3.811744777" /><trkpt lat="53.080212920" lon="-3.811729638" /><trkpt lat="53.080215538" lon="-3.811711420" /><trkpt lat="53.080217292" lon="-3.811694801" /><trkpt lat="53.080218214" lon="-3.811679700" /><trkpt lat="53.080218336" lon="-3.811666037" /><trkpt lat="53.080217690" lon="-3.811653731" /><trkpt lat="53.080216308" lon="-3.811642702" /><trkpt lat="53.080214223" lon="-3.811632870" /><trkpt lat="53.080211467" lon="-3.811624154" /><trkpt lat="53.080208072" lon="-3.811616475" /><trkpt lat="53.080204071" lon="-3.811609751" /><trkpt lat="53.080199494" lon="-3.811603903" /><trkpt lat="53.080194376" lon="-3.811598850" /><trkpt lat="53.080188747" lon="-3.811594512" /><trkpt lat="53.080182640" lon="-3.811590808" /><trkpt lat="53.080176088" lon="-3.811587659" /><trkpt lat="53.080169122" lon="-3.811584983" /><trkpt lat="53.080161774" lon="-3.811582701" /><trkpt lat="53.080154078" lon="-3.811580732" /><trkpt lat="53.080146064" lon="-3.811578996" /><trkpt lat="53.080137766" lon="-3.811577413" /><trkpt lat="53.080129215" lon="-3.811575902" /><trkpt lat="53.080120444" lon="-3.811574382" /><trkpt lat="53.080111485" lon="-3.811572775" /><trkpt lat="53.080102370" lon="-3.811570998" /><trkpt lat="53.080093131" lon="-3.811568973" /><trkpt lat="53.080083801" lon="-3.811566618" /><trkpt lat="53.080074411" lon="-3.811563853" /><trkpt lat="53.080064994" lon="-3.811560598" /><trkpt lat="53.080055583" lon="-3.811556773" /><trkpt lat="53.080046208" lon="-3.811552297" /><trkpt lat="53.080036548" lon="-3.811547210" /><trkpt lat="53.080026286" lon="-3.811541640" /><trkpt lat="53.080015463" lon="-3.811535641" /><trkpt lat="53.080004120" lon="-3.811529266" /><trkpt lat="53.079992299" lon="-3.811522570" /><trkpt lat="53.079980042" lon="-3.811515605" /><trkpt lat="53.079967390" lon="-3.811508426" /><trkpt lat="53.079954385" lon="-3.811501085" /><trkpt lat="53.079941067" lon="-3.811493638" /><trkpt lat="53.079927479" lon="-3.811486136" /><trkpt lat="53.079913663" lon="-3.811478635" /><trkpt lat="53.079899658" lon="-3.811471187" /><trkpt lat="53.079885508" lon="-3.811463847" /><trkpt lat="53.079871253" lon="-3.811456668" /><trkpt lat="53.079856936" lon="-3.811449703" /><trkpt lat="53.079842597" lon="-3.811443006" /><trkpt lat="53.079828277" lon="-3.811436632" /><trkpt lat="53.079814020" lon="-3.811430632" /><trkpt lat="53.079799865" lon="-3.811425062" /><trkpt lat="53.079785855" lon="-3.811419975" /><trkpt lat="53.079772031" lon="-3.811415424" /><trkpt lat="53.079758434" lon="-3.811411463" /><trkpt lat="53.079745106" lon="-3.811408146" /><trkpt lat="53.079732089" lon="-3.811405527" /><trkpt lat="53.079719424" lon="-3.811403658" /><trkpt lat="53.079707152" lon="-3.811402594" /><trkpt lat="53.079695315" lon="-3.811402389" /><trkpt lat="53.079683955" lon="-3.811403095" /><trkpt lat="53.079673112" lon="-3.811404767" /><trkpt lat="53.079662829" lon="-3.811407458" /><trkpt lat="53.079652515" lon="-3.811410804" /><trkpt lat="53.079641582" lon="-3.811414396" /><trkpt lat="53.079630072" lon="-3.811418221" /><trkpt lat="53.079618031" lon="-3.811422263" /><trkpt lat="53.079605502" lon="-3.811426510" /><trkpt lat="53.079592529" lon="-3.811430948" /><trkpt lat="53.079579156" lon="-3.811435564" /><trkpt lat="53.079565426" lon="-3.811440343" /><trkpt lat="53.079551384" lon="-3.811445271" /><trkpt lat="53.079537074" lon="-3.811450336" /><trkpt lat="53.079522538" lon="-3.811455523" /><trkpt lat="53.079507822" lon="-3.811460818" /><trkpt lat="53.079492969" lon="-3.811466208" /><trkpt lat="53.079478022" lon="-3.811471680" /><trkpt lat="53.079463026" lon="-3.811477218" /><trkpt lat="53.079448025" lon="-3.811482811" /><trkpt lat="53.079433063" lon="-3.811488443" /><trkpt lat="53.079418183" lon="-3.811494101" /><trkpt lat="53.079403429" lon="-3.811499772" /><trkpt lat="53.079388845" lon="-3.811505442" /><trkpt lat="53.079374475" lon="-3.811511096" /><trkpt lat="53.079360363" lon="-3.811516722" /><trkpt lat="53.079346553" lon="-3.811522306" /><trkpt lat="53.079333088" lon="-3.811527833" /><trkpt lat="53.079320013" lon="-3.811533290" /><trkpt lat="53.079307371" lon="-3.811538664" /><trkpt lat="53.079295206" lon="-3.811543940" /><trkpt lat="53.079283563" lon="-3.811549105" /><trkpt lat="53.079272484" lon="-3.811554146" /><trkpt lat="53.079262014" lon="-3.811559048" /><trkpt lat="53.079251869" lon="-3.811563716" /><trkpt lat="53.079241738" lon="-3.811568063" /><trkpt lat="53.079231622" lon="-3.811572082" /><trkpt lat="53.079221526" lon="-3.811575767" /><trkpt lat="53.079211451" lon="-3.811579112" /><trkpt lat="53.079201402" lon="-3.811582113" /><trkpt lat="53.079191380" lon="-3.811584763" /><trkpt lat="53.079181389" lon="-3.811587056" /><trkpt lat="53.079171432" lon="-3.811588987" /><trkpt lat="53.079161510" lon="-3.811590550" /><trkpt lat="53.079151629" lon="-3.811591739" /><trkpt lat="53.079141789" lon="-3.811592549" /><trkpt lat="53.079131994" lon="-3.811592974" /><trkpt lat="53.079122248" lon="-3.811593008" /><trkpt lat="53.079112552" lon="-3.811592645" /><trkpt lat="53.079102910" lon="-3.811591880" /><trkpt lat="53.079093324" lon="-3.811590707" /><trkpt lat="53.079083798" lon="-3.811589120" /><trkpt lat="53.079074334" lon="-3.811587114" /><trkpt lat="53.079064936" lon="-3.811584682" /><trkpt lat="53.079055605" lon="-3.811581820" /><trkpt lat="53.079046346" lon="-3.811578521" /><trkpt lat="53.079037160" lon="-3.811574779" /><trkpt lat="53.079028052" lon="-3.811570589" /><trkpt lat="53.079019023" lon="-3.811565946" /><trkpt lat="53.079010076" lon="-3.811560843" /><trkpt lat="53.079001215" lon="-3.811555274" /><trkpt lat="53.078992442" lon="-3.811549235" /><trkpt lat="53.078983761" lon="-3.811542718" /><trkpt lat="53.078975173" lon="-3.811535720" /><trkpt lat="53.078966399" lon="-3.811528301" /><trkpt lat="53.078957181" lon="-3.811520536" /><trkpt lat="53.078947562" lon="-3.811512436" /><trkpt lat="53.078937581" lon="-3.811504012" /><trkpt lat="53.078927279" lon="-3.811495276" /><trkpt lat="53.078916695" lon="-3.811486239" /><trkpt lat="53.078905872" lon="-3.811476913" /><trkpt lat="53.078894848" lon="-3.811467308" /><trkpt lat="53.078883665" lon="-3.811457436" /><trkpt lat="53.078872362" lon="-3.811447309" /><trkpt lat="53.078860981" lon="-3.811436937" /><trkpt lat="53.078849562" lon="-3.811426332" /><trkpt lat="53.078838144" lon="-3.811415505" /><trkpt lat="53.078826770" lon="-3.811404468" /><trkpt lat="53.078815479" lon="-3.811393232" /><trkpt lat="53.078804311" lon="-3.811381808" /><trkpt lat="53.078793307" lon="-3.811370208" /><trkpt lat="53.078782507" lon="-3.811358443" /><trkpt lat="53.078771952" lon="-3.811346523" /><trkpt lat="53.078761683" lon="-3.811334462" /><trkpt lat="53.078751739" lon="-3.811322269" /><trkpt lat="53.078742162" lon="-3.811309956" /><trkpt lat="53.078732991" lon="-3.811297535" /><trkpt lat="53.078724267" lon="-3.811285017" /><trkpt lat="53.078716031" lon="-3.811272412" /><trkpt lat="53.078708323" lon="-3.811259734" /><trkpt lat="53.078701183" lon="-3.811246992" /><trkpt lat="53.078694652" lon="-3.811234198" /><trkpt lat="53.078688770" lon="-3.811221363" /><trkpt lat="53.078683578" lon="-3.811208499" /><trkpt lat="53.078678896" lon="-3.811195739" /><trkpt lat="53.078674502" lon="-3.811183196" /><trkpt lat="53.078670374" lon="-3.811170857" /><trkpt lat="53.078666487" lon="-3.811158708" /><trkpt lat="53.078662818" lon="-3.811146734" /><trkpt lat="53.078659345" lon="-3.811134921" /><trkpt lat="53.078656043" lon="-3.811123254" /><trkpt lat="53.078652890" lon="-3.811111720" /><trkpt lat="53.078649862" lon="-3.811100304" /><trkpt lat="53.078646937" lon="-3.811088992" /><trkpt lat="53.078644090" lon="-3.811077769" /><trkpt lat="53.078641299" lon="-3.811066621" /><trkpt lat="53.078638539" lon="-3.811055534" /><trkpt lat="53.078635789" lon="-3.811044494" /><trkpt lat="53.078633025" lon="-3.811033485" /><trkpt lat="53.078630223" lon="-3.811022495" /><trkpt lat="53.078627360" lon="-3.811011508" /><trkpt lat="53.078624413" lon="-3.811000510" /><trkpt lat="53.078621358" lon="-3.810989488" /><trkpt lat="53.078618173" lon="-3.810978426" /><trkpt lat="53.078614834" lon="-3.810967310" /><trkpt lat="53.078611317" lon="-3.810956126" /><trkpt lat="53.078607601" lon="-3.810944860" /><trkpt lat="53.078603660" lon="-3.810933498" /><trkpt lat="53.078599472" lon="-3.810922025" /><trkpt lat="53.078595014" lon="-3.810910426" /><trkpt lat="53.078590262" lon="-3.810898688" /><trkpt lat="53.078585194" lon="-3.810886797" /><trkpt lat="53.078579785" lon="-3.810874737" /><trkpt lat="53.078574013" lon="-3.810862494" /><trkpt lat="53.078567874" lon="-3.810850497" /><trkpt lat="53.078561388" lon="-3.810839179" /><trkpt lat="53.078554566" lon="-3.810828540" /><trkpt lat="53.078547418" lon="-3.810818576" /><trkpt lat="53.078539955" lon="-3.810809287" /><trkpt lat="53.078532187" lon="-3.810800669" /><trkpt lat="53.078524125" lon="-3.810792722" /><trkpt lat="53.078515779" lon="-3.810785444" /><trkpt lat="53.078507161" lon="-3.810778831" /><trkpt lat="53.078498280" lon="-3.810772883" /><trkpt lat="53.078489148" lon="-3.810767598" /><trkpt lat="53.078479775" lon="-3.810762973" /><trkpt lat="53.078470171" lon="-3.810759006" /><trkpt lat="53.078460347" lon="-3.810755696" /><trkpt lat="53.078450314" lon="-3.810753041" /><trkpt lat="53.078440082" lon="-3.810751038" /><trkpt lat="53.078429662" lon="-3.810749686" /><trkpt lat="53.078419064" lon="-3.810748982" /><trkpt lat="53.078408300" lon="-3.810748926" /><trkpt lat="53.078397379" lon="-3.810749514" /><trkpt lat="53.078386312" lon="-3.810750746" /><trkpt lat="53.078375111" lon="-3.810752618" /><trkpt lat="53.078363784" lon="-3.810755130" /><trkpt lat="53.078352344" lon="-3.810758278" /><trkpt lat="53.078340800" lon="-3.810762061" /><trkpt lat="53.078329164" lon="-3.810766478" /><trkpt lat="53.078317445" lon="-3.810771526" /><trkpt lat="53.078305655" lon="-3.810777203" /><trkpt lat="53.078293804" lon="-3.810783508" /><trkpt lat="53.078281902" lon="-3.810790438" /><trkpt lat="53.078270377" lon="-3.810797864" /><trkpt lat="53.078258884" lon="-3.810806101" /><trkpt lat="53.078247435" lon="-3.810815110" /><trkpt lat="53.078236037" lon="-3.810824852" /><trkpt lat="53.078224701" lon="-3.810835289" /><trkpt lat="53.078213437" lon="-3.810846382" /><trkpt lat="53.078202252" lon="-3.810858093" /><trkpt lat="53.078191158" lon="-3.810870383" /><trkpt lat="53.078180164" lon="-3.810883213" /><trkpt lat="53.078169279" lon="-3.810896545" /><trkpt lat="53.078158513" lon="-3.810910341" /><trkpt lat="53.078147874" lon="-3.810924561" /><trkpt lat="53.078137374" lon="-3.810939168" /><trkpt lat="53.078127021" lon="-3.810954122" /><trkpt lat="53.078116824" lon="-3.810969385" /><trkpt lat="53.078106794" lon="-3.810984919" /><trkpt lat="53.078096939" lon="-3.811000684" /><trkpt lat="53.078087270" lon="-3.811016643" /><trkpt lat="53.078077796" lon="-3.811032757" /><trkpt lat="53.078068526" lon="-3.811048987" /><trkpt lat="53.078059470" lon="-3.811065295" /><trkpt lat="53.078050637" lon="-3.811081641" /><trkpt lat="53.078042037" lon="-3.811097988" /><trkpt lat="53.078033679" lon="-3.811114297" /><trkpt lat="53.078025573" lon="-3.811130530" /><trkpt lat="53.078017729" lon="-3.811146647" /><trkpt lat="53.078010155" lon="-3.811162610" /><trkpt lat="53.078002862" lon="-3.811178381" /><trkpt lat="53.077995859" lon="-3.811193921" /><trkpt lat="53.077989155" lon="-3.811209191" /><trkpt lat="53.077982760" lon="-3.811224154" /><trkpt lat="53.077976484" lon="-3.811238512" /><trkpt lat="53.077969752" lon="-3.811252916" /><trkpt lat="53.077962582" lon="-3.811267360" /><trkpt lat="53.077954989" lon="-3.811281837" /><trkpt lat="53.077946993" lon="-3.811296342" /><trkpt lat="53.077938609" lon="-3.811310868" /><trkpt lat="53.077929856" lon="-3.811325409" /><trkpt lat="53.077920749" lon="-3.811339958" /><trkpt lat="53.077911307" lon="-3.811354510" /><trkpt lat="53.077901547" lon="-3.811369058" /><trkpt lat="53.077891485" lon="-3.811383597" /><trkpt lat="53.077881139" lon="-3.811398119" /><trkpt lat="53.077870526" lon="-3.811412619" /><trkpt lat="53.077859663" lon="-3.811427091" /><trkpt lat="53.077848567" lon="-3.811441527" /><trkpt lat="53.077837257" lon="-3.811455923" /><trkpt lat="53.077825747" lon="-3.811470272" /><trkpt lat="53.077814057" lon="-3.811484567" /><trkpt lat="53.077802203" lon="-3.811498803" /><trkpt lat="53.077790202" lon="-3.811512973" /><trkpt lat="53.077778072" lon="-3.811527071" /><trkpt lat="53.077765829" lon="-3.811541090" /><trkpt lat="53.077753491" lon="-3.811555026" /><trkpt lat="53.077741075" lon="-3.811568871" /><trkpt lat="53.077728598" lon="-3.811582619" /><trkpt lat="53.077716077" lon="-3.811596264" /><trkpt lat="53.077703530" lon="-3.811609799" /><trkpt lat="53.077690974" lon="-3.811623220" /><trkpt lat="53.077678425" lon="-3.811636519" /><trkpt lat="53.077665901" lon="-3.811649689" /><trkpt lat="53.077653420" lon="-3.811662726" /><trkpt lat="53.077640997" lon="-3.811675623" /><trkpt lat="53.077628508" lon="-3.811688473" /><trkpt lat="53.077615826" lon="-3.811701368" /><trkpt lat="53.077602970" lon="-3.811714300" /><trkpt lat="53.077589959" lon="-3.811727260" /><trkpt lat="53.077576814" lon="-3.811740239" /><trkpt lat="53.077563552" lon="-3.811753228" /><trkpt lat="53.077550193" lon="-3.811766219" /><trkpt lat="53.077536756" lon="-3.811779202" /><trkpt lat="53.077523261" lon="-3.811792170" /><trkpt lat="53.077509725" lon="-3.811805112" /><trkpt lat="53.077496170" lon="-3.811818021" /><trkpt lat="53.077482613" lon="-3.811830887" /><trkpt lat="53.077469074" lon="-3.811843702" /><trkpt lat="53.077455572" lon="-3.811856456" /><trkpt lat="53.077442126" lon="-3.811869142" /><trkpt lat="53.077428755" lon="-3.811881751" /><trkpt lat="53.077415479" lon="-3.811894273" /><trkpt lat="53.077402316" lon="-3.811906699" /><trkpt lat="53.077389286" lon="-3.811919022" /><trkpt lat="53.077376408" lon="-3.811931232" /><trkpt lat="53.077363701" lon="-3.811943320" /><trkpt lat="53.077351183" lon="-3.811955277" /><trkpt lat="53.077338876" lon="-3.811967096" /><trkpt lat="53.077326796" lon="-3.811978767" /><trkpt lat="53.077314964" lon="-3.811990281" /><trkpt lat="53.077303399" lon="-3.812001629" /><trkpt lat="53.077292120" lon="-3.812012803" /><trkpt lat="53.077281146" lon="-3.812023794" /><trkpt lat="53.077270495" lon="-3.812034592" /><trkpt lat="53.077260189" lon="-3.812045191" /><trkpt lat="53.077250244" lon="-3.812055579" /><trkpt lat="53.077240681" lon="-3.812065750" /><trkpt lat="53.077230793" lon="-3.812076070" /><trkpt lat="53.077221108" lon="-3.812085587" /><trkpt lat="53.077211624" lon="-3.812094320" /><trkpt lat="53.077202342" lon="-3.812102288" /><trkpt lat="53.077193260" lon="-3.812109509" /><trkpt lat="53.077184376" lon="-3.812116003" /><trkpt lat="53.077175690" lon="-3.812121789" /><trkpt lat="53.077167200" lon="-3.812126886" /><trkpt lat="53.077158906" lon="-3.812131313" /><trkpt lat="53.077150806" lon="-3.812135089" /><trkpt lat="53.077142900" lon="-3.812138234" /><trkpt lat="53.077135186" lon="-3.812140765" /><trkpt lat="53.077127663" lon="-3.812142703" /><trkpt lat="53.077120330" lon="-3.812144067" /><trkpt lat="53.077113187" lon="-3.812144875" /><trkpt lat="53.077106231" lon="-3.812145146" /><trkpt lat="53.077099462" lon="-3.812144900" /><trkpt lat="53.077092879" lon="-3.812144156" /><trkpt lat="53.077086481" lon="-3.812142932" /><trkpt lat="53.077080267" lon="-3.812141249" /><trkpt lat="53.077074235" lon="-3.812139124" /><trkpt lat="53.077068385" lon="-3.812136577" /><trkpt lat="53.077062715" lon="-3.812133628" /><trkpt lat="53.077057224" lon="-3.812130294" /><trkpt lat="53.077051912" lon="-3.812126596" /><trkpt lat="53.077046777" lon="-3.812122552" /><trkpt lat="53.077041818" lon="-3.812118181" /><trkpt lat="53.077037035" lon="-3.812113503" /><trkpt lat="53.077032425" lon="-3.812108537" /><trkpt lat="53.077027988" lon="-3.812103300" /><trkpt lat="53.077023683" lon="-3.812097885" /><trkpt lat="53.077019479" lon="-3.812092343" /><trkpt lat="53.077015390" lon="-3.812086636" /><trkpt lat="53.077011430" lon="-3.812080727" /><trkpt lat="53.077007616" lon="-3.812074578" /><trkpt lat="53.077003961" lon="-3.812068153" /><trkpt lat="53.077000479" lon="-3.812061412" /><trkpt lat="53.076997187" lon="-3.812054320" /><trkpt lat="53.076994098" lon="-3.812046837" /><trkpt lat="53.076991227" lon="-3.812038927" /><trkpt lat="53.076988588" lon="-3.812030553" /><trkpt lat="53.076986197" lon="-3.812021675" /><trkpt lat="53.076984069" lon="-3.812012258" /><trkpt lat="53.076982217" lon="-3.812002263" /><trkpt lat="53.076980656" lon="-3.811991654" /><trkpt lat="53.076979402" lon="-3.811980391" /><trkpt lat="53.076978468" lon="-3.811968438" /><trkpt lat="53.076977870" lon="-3.811955758" /><trkpt lat="53.076977622" lon="-3.811942312" /><trkpt lat="53.076977739" lon="-3.811928063" /><trkpt lat="53.076978236" lon="-3.811912974" /><trkpt lat="53.076979127" lon="-3.811897007" /><trkpt lat="53.076980427" lon="-3.811880124" /><trkpt lat="53.076982150" lon="-3.811862288" /><trkpt lat="53.076984312" lon="-3.811843462" /><trkpt lat="53.076986926" lon="-3.811823607" /><trkpt lat="53.076990008" lon="-3.811802687" /><trkpt lat="53.076993573" lon="-3.811780663" /><trkpt lat="53.076997634" lon="-3.811757499" /><trkpt lat="53.077002208" lon="-3.811733156" /><trkpt lat="53.077005895" lon="-3.811713805" /><trkpt lat="53.077009327" lon="-3.811695107" /><trkpt lat="53.077012503" lon="-3.811677016" /><trkpt lat="53.077015427" lon="-3.811659485" /><trkpt lat="53.077018100" lon="-3.811642469" /><trkpt lat="53.077020522" lon="-3.811625922" /><trkpt lat="53.077022697" lon="-3.811609796" /><trkpt lat="53.077024624" lon="-3.811594047" /><trkpt lat="53.077026307" lon="-3.811578627" /><trkpt lat="53.077027746" lon="-3.811563491" /><trkpt lat="53.077028943" lon="-3.811548592" /><trkpt lat="53.077029900" lon="-3.811533885" /><trkpt lat="53.077030618" lon="-3.811519322" /><trkpt lat="53.077031099" lon="-3.811504859" /><trkpt lat="53.077031344" lon="-3.811490448" /><trkpt lat="53.077031356" lon="-3.811476043" /><trkpt lat="53.077031135" lon="-3.811461599" /><trkpt lat="53.077030683" lon="-3.811447068" /><trkpt lat="53.077030002" lon="-3.811432406" /><trkpt lat="53.077029093" lon="-3.811417565" /><trkpt lat="53.077027959" lon="-3.811402500" /><trkpt lat="53.077026599" lon="-3.811387164" /><trkpt lat="53.077025017" lon="-3.811371511" /><trkpt lat="53.077023214" lon="-3.811355495" /><trkpt lat="53.077021191" lon="-3.811339070" /><trkpt lat="53.077018950" lon="-3.811322189" /><trkpt lat="53.077016492" lon="-3.811304807" /><trkpt lat="53.077013819" lon="-3.811286877" /><trkpt lat="53.077010933" lon="-3.811268353" /><trkpt lat="53.077007836" lon="-3.811249189" /><trkpt lat="53.077004528" lon="-3.811229338" /><trkpt lat="53.077001011" lon="-3.811208754" /><trkpt lat="53.076997287" lon="-3.811187392" /><trkpt lat="53.076993358" lon="-3.811165205" /><trkpt lat="53.076989225" lon="-3.811142147" /><trkpt lat="53.076984890" lon="-3.811118171" /><trkpt lat="53.076980354" lon="-3.811093232" /><trkpt lat="53.076975619" lon="-3.811067283" /><trkpt lat="53.076971952" lon="-3.811046534" /><trkpt lat="53.076968600" lon="-3.811026184" /><trkpt lat="53.076965558" lon="-3.811006218" /><trkpt lat="53.076962820" lon="-3.810986619" /><trkpt lat="53.076960380" lon="-3.810967373" /><trkpt lat="53.076958232" lon="-3.810948462" /><trkpt lat="53.076956372" lon="-3.810929870" /><trkpt lat="53.076954792" lon="-3.810911583" /><trkpt lat="53.076953489" lon="-3.810893583" /><trkpt lat="53.076952455" lon="-3.810875854" /><trkpt lat="53.076951685" lon="-3.810858382" /><trkpt lat="53.076951174" lon="-3.810841149" /><trkpt lat="53.076950916" lon="-3.810824139" /><trkpt lat="53.076950904" lon="-3.810807337" /><trkpt lat="53.076951135" lon="-3.810790727" /><trkpt lat="53.076951601" lon="-3.810774292" /><trkpt lat="53.076952297" lon="-3.810758017" /><trkpt lat="53.076953218" lon="-3.810741885" /><trkpt lat="53.076954357" lon="-3.810725881" /><trkpt lat="53.076955709" lon="-3.810709988" /><trkpt lat="53.076957269" lon="-3.810694191" /><trkpt lat="53.076959030" lon="-3.810678473" /><trkpt lat="53.076960988" lon="-3.810662819" /><trkpt lat="53.076963135" lon="-3.810647212" /><trkpt lat="53.076965468" lon="-3.810631637" /><trkpt lat="53.076967979" lon="-3.810616077" /><trkpt lat="53.076970664" lon="-3.810600516" /><trkpt lat="53.076973516" lon="-3.810584939" /><trkpt lat="53.076976530" lon="-3.810569329" /><trkpt lat="53.076979700" lon="-3.810553671" /><trkpt lat="53.076983021" lon="-3.810537948" /><trkpt lat="53.076986486" lon="-3.810522144" /><trkpt lat="53.076990091" lon="-3.810506244" /><trkpt lat="53.076993829" lon="-3.810490231" /><trkpt lat="53.076997695" lon="-3.810474089" /><trkpt lat="53.077001684" lon="-3.810457802" /><trkpt lat="53.077005788" lon="-3.810441355" /><trkpt lat="53.077010004" lon="-3.810424731" /><trkpt lat="53.077014324" lon="-3.810407914" /><trkpt lat="53.077018744" lon="-3.810390889" /><trkpt lat="53.077023257" lon="-3.810373638" /><trkpt lat="53.077027859" lon="-3.810356147" /><trkpt lat="53.077032543" lon="-3.810338399" /><trkpt lat="53.077037303" lon="-3.810320379" /><trkpt lat="53.077042135" lon="-3.810302069" /><trkpt lat="53.077047031" lon="-3.810283454" /><trkpt lat="53.077051988" lon="-3.810264519" /><trkpt lat="53.077056998" lon="-3.810245247" /><trkpt lat="53.077063265" lon="-3.810221031" /><trkpt lat="53.077069343" lon="-3.810197492" /><trkpt lat="53.077075232" lon="-3.810174606" /><trkpt lat="53.077080931" lon="-3.810152348" /><trkpt lat="53.077086439" lon="-3.810130693" /><trkpt lat="53.077091755" lon="-3.810109618" /><trkpt lat="53.077096878" lon="-3.810089097" /><trkpt lat="53.077101808" lon="-3.810069106" /><trkpt lat="53.077106543" lon="-3.810049620" /><trkpt lat="53.077111082" lon="-3.810030614" /><trkpt lat="53.077115426" lon="-3.810012064" /><trkpt lat="53.077119572" lon="-3.809993945" /><trkpt lat="53.077123520" lon="-3.809976232" /><trkpt lat="53.077127270" lon="-3.809958901" /><trkpt lat="53.077130819" lon="-3.809941928" /><trkpt lat="53.077134168" lon="-3.809925287" /><trkpt lat="53.077137315" lon="-3.809908954" /><trkpt lat="53.077140260" lon="-3.809892905" /><trkpt lat="53.077143002" lon="-3.809877114" /><trkpt lat="53.077145539" lon="-3.809861557" /><trkpt lat="53.077147871" lon="-3.809846209" /><trkpt lat="53.077149998" lon="-3.809831047" /><trkpt lat="53.077151917" lon="-3.809816044" /><trkpt lat="53.077153629" lon="-3.809801177" /><trkpt lat="53.077155132" lon="-3.809786421" /><trkpt lat="53.077156425" lon="-3.809771751" /><trkpt lat="53.077157509" lon="-3.809757143" /><trkpt lat="53.077158381" lon="-3.809742571" /><trkpt lat="53.077159041" lon="-3.809728012" /><trkpt lat="53.077159487" lon="-3.809713441" /><trkpt lat="53.077159720" lon="-3.809698833" /><trkpt lat="53.077159738" lon="-3.809684163" /><trkpt lat="53.077159541" lon="-3.809669406" /><trkpt lat="53.077159127" lon="-3.809654539" /><trkpt lat="53.077158496" lon="-3.809639537" /><trkpt lat="53.077157646" lon="-3.809624374" /><trkpt lat="53.077156577" lon="-3.809609027" /><trkpt lat="53.077155288" lon="-3.809593470" /><trkpt lat="53.077153275" lon="-3.809574166" /><trkpt lat="53.077150789" lon="-3.809555942" /><trkpt lat="53.077147839" lon="-3.809538788" /><trkpt lat="53.077144434" lon="-3.809522695" /><trkpt lat="53.077140585" lon="-3.809507652" /><trkpt lat="53.077136300" lon="-3.809493649" /><trkpt lat="53.077131591" lon="-3.809480676" /><trkpt lat="53.077126465" lon="-3.809468723" /><trkpt lat="53.077120933" lon="-3.809457780" /><trkpt lat="53.077115005" lon="-3.809447836" /><trkpt lat="53.077108691" lon="-3.809438882" /><trkpt lat="53.077101999" lon="-3.809430907" /><trkpt lat="53.077094940" lon="-3.809423901" /><trkpt lat="53.077087523" lon="-3.809417854" /><trkpt lat="53.077079758" lon="-3.809412756" /><trkpt lat="53.077071655" lon="-3.809408597" /><trkpt lat="53.077063223" lon="-3.809405367" /><trkpt lat="53.077054472" lon="-3.809403055" /><trkpt lat="53.077045411" lon="-3.809401651" /><trkpt lat="53.077036051" lon="-3.809401146" /><trkpt lat="53.077026401" lon="-3.809401528" /><trkpt lat="53.077016470" lon="-3.809402789" /><trkpt lat="53.077006269" lon="-3.809404918" /><trkpt lat="53.076995807" lon="-3.809407904" /><trkpt lat="53.076985093" lon="-3.809411738" /><trkpt lat="53.076974138" lon="-3.809416409" /><trkpt lat="53.076962951" lon="-3.809421908" /><trkpt lat="53.076951541" lon="-3.809428224" /><trkpt lat="53.076939919" lon="-3.809435347" /><trkpt lat="53.076928093" lon="-3.809443266" /><trkpt lat="53.076917771" lon="-3.809450714" /><trkpt lat="53.076907254" lon="-3.809458787" /><trkpt lat="53.076896557" lon="-3.809467463" /><trkpt lat="53.076885695" lon="-3.809476716" /><trkpt lat="53.076874680" lon="-3.809486525" /><trkpt lat="53.076863527" lon="-3.809496864" /><trkpt lat="53.076852251" lon="-3.809507712" /><trkpt lat="53.076840866" lon="-3.809519043" /><trkpt lat="53.076829386" lon="-3.809530835" /><trkpt lat="53.076817824" lon="-3.809543064" /><trkpt lat="53.076806196" lon="-3.809555706" /><trkpt lat="53.076794515" lon="-3.809568738" /><trkpt lat="53.076782795" lon="-3.809582136" /><trkpt lat="53.076771051" lon="-3.809595877" /><trkpt lat="53.076759297" lon="-3.809609936" /><trkpt lat="53.076747547" lon="-3.809624291" /><trkpt lat="53.076735816" lon="-3.809638918" /><trkpt lat="53.076724116" lon="-3.809653794" /><trkpt lat="53.076712463" lon="-3.809668893" /><trkpt lat="53.076700871" lon="-3.809684194" /><trkpt lat="53.076689354" lon="-3.809699673" /><trkpt lat="53.076677926" lon="-3.809715305" /><trkpt lat="53.076666601" lon="-3.809731068" /><trkpt lat="53.076655393" lon="-3.809746938" /><trkpt lat="53.076644317" lon="-3.809762890" /><trkpt lat="53.076633387" lon="-3.809778903" /><trkpt lat="53.076622617" lon="-3.809794951" /><trkpt lat="53.076612021" lon="-3.809811012" /><trkpt lat="53.076601613" lon="-3.809827062" /><trkpt lat="53.076591407" lon="-3.809843077" /><trkpt lat="53.076581419" lon="-3.809859033" /><trkpt lat="53.076571661" lon="-3.809874908" /><trkpt lat="53.076562148" lon="-3.809890677" /><trkpt lat="53.076552894" lon="-3.809906318" /><trkpt lat="53.076543913" lon="-3.809921805" /><trkpt lat="53.076533509" lon="-3.809939163" /><trkpt lat="53.076522920" lon="-3.809955310" /><trkpt lat="53.076512149" lon="-3.809970273" /><trkpt lat="53.076501195" lon="-3.809984078" /><trkpt lat="53.076490059" lon="-3.809996750" /><trkpt lat="53.076478741" lon="-3.810008316" /><trkpt lat="53.076467241" lon="-3.810018800" /><trkpt lat="53.076455561" lon="-3.810028229" /><trkpt lat="53.076443700" lon="-3.810036628" /><trkpt lat="53.076431659" lon="-3.810044023" /><trkpt lat="53.076419439" lon="-3.810050440" /><trkpt lat="53.076407039" lon="-3.810055905" /><trkpt lat="53.076394461" lon="-3.810060444" /><trkpt lat="53.076381705" lon="-3.810064081" /><trkpt lat="53.076368771" lon="-3.810066843" /><trkpt lat="53.076355660" lon="-3.810068756" /><trkpt lat="53.076342372" lon="-3.810069845" /><trkpt lat="53.076328907" lon="-3.810070137" /><trkpt lat="53.076315267" lon="-3.810069656" /><trkpt lat="53.076301451" lon="-3.810068429" /><trkpt lat="53.076287461" lon="-3.810066481" /><trkpt lat="53.076273295" lon="-3.810063839" /><trkpt lat="53.076258956" lon="-3.810060527" /><trkpt lat="53.076244443" lon="-3.810056572" /><trkpt lat="53.076229758" lon="-3.810052000" /><trkpt lat="53.076214899" lon="-3.810046835" /><trkpt lat="53.076199868" lon="-3.810041105" /><trkpt lat="53.076184665" lon="-3.810034834" /><trkpt lat="53.076169292" lon="-3.810028049" /><trkpt lat="53.076153747" lon="-3.810020774" /><trkpt lat="53.076138614" lon="-3.810013971" /><trkpt lat="53.076123464" lon="-3.810008070" /><trkpt lat="53.076108289" lon="-3.810003026" /><trkpt lat="53.076093083" lon="-3.809998798" /><trkpt lat="53.076077840" lon="-3.809995341" /><trkpt lat="53.076062554" lon="-3.809992613" /><trkpt lat="53.076047218" lon="-3.809990571" /><trkpt lat="53.076031825" lon="-3.809989171" /><trkpt lat="53.076016370" lon="-3.809988371" /><trkpt lat="53.076000845" lon="-3.809988128" /><trkpt lat="53.075985246" lon="-3.809988398" /><trkpt lat="53.075969564" lon="-3.809989138" /><trkpt lat="53.075953794" lon="-3.809990305" /><trkpt lat="53.075937929" lon="-3.809991856" /><trkpt lat="53.075921963" lon="-3.809993748" /><trkpt lat="53.075905890" lon="-3.809995938" /><trkpt lat="53.075889703" lon="-3.809998383" /><trkpt lat="53.075873396" lon="-3.810001040" /><trkpt lat="53.075856962" lon="-3.810003865" /><trkpt lat="53.075840394" lon="-3.810006815" /><trkpt lat="53.075823688" lon="-3.810009848" /><trkpt lat="53.075806836" lon="-3.810012920" /><trkpt lat="53.075789831" lon="-3.810015989" /><trkpt lat="53.075772668" lon="-3.810019010" /><trkpt lat="53.075755339" lon="-3.810021942" /><trkpt lat="53.075737840" lon="-3.810024740" /><trkpt lat="53.075720162" lon="-3.810027362" /><trkpt lat="53.075702300" lon="-3.810029765" /><trkpt lat="53.075684248" lon="-3.810031906" /><trkpt lat="53.075665999" lon="-3.810033741" /><trkpt lat="53.075647546" lon="-3.810035227" /><trkpt lat="53.075633989" lon="-3.810036493" /><trkpt lat="53.075620085" lon="-3.810038405" /><trkpt lat="53.075605854" lon="-3.810040939" /><trkpt lat="53.075591315" lon="-3.810044071" /><trkpt lat="53.075576486" lon="-3.810047778" /><trkpt lat="53.075561387" lon="-3.810052037" /><trkpt lat="53.075546035" lon="-3.810056824" /><trkpt lat="53.075530450" lon="-3.810062117" /><trkpt lat="53.075514650" lon="-3.810067890" /><trkpt lat="53.075498655" lon="-3.810074122" /><trkpt lat="53.075482482" lon="-3.810080789" /><trkpt lat="53.075466152" lon="-3.810087867" /><trkpt lat="53.075449682" lon="-3.810095332" /><trkpt lat="53.075433092" lon="-3.810103162" /><trkpt lat="53.075416399" lon="-3.810111333" /><trkpt lat="53.075399624" lon="-3.810119822" /><trkpt lat="53.075382785" lon="-3.810128604" /><trkpt lat="53.075365901" lon="-3.810137658" /><trkpt lat="53.075348990" lon="-3.810146959" /><trkpt lat="53.075332071" lon="-3.810156483" /><trkpt lat="53.075315163" lon="-3.810166209" /><trkpt lat="53.075298285" lon="-3.810176111" /><trkpt lat="53.075281455" lon="-3.810186167" /><trkpt lat="53.075264693" lon="-3.810196353" /><trkpt lat="53.075248017" lon="-3.810206646" /><trkpt lat="53.075231446" lon="-3.810217023" /><trkpt lat="53.075214999" lon="-3.810227459" /><trkpt lat="53.075198695" lon="-3.810237932" /><trkpt lat="53.075182552" lon="-3.810248418" /><trkpt lat="53.075166589" lon="-3.810258894" /><trkpt lat="53.075150825" lon="-3.810269336" /><trkpt lat="53.075135278" lon="-3.810279722" /><trkpt lat="53.075119969" lon="-3.810290026" /><trkpt lat="53.075104914" lon="-3.810300227" /><trkpt lat="53.075090134" lon="-3.810310300" /><trkpt lat="53.075075647" lon="-3.810320223" /><trkpt lat="53.075061471" lon="-3.810329971" /><trkpt lat="53.075047626" lon="-3.810339522" /><trkpt lat="53.075034131" lon="-3.810348852" /><trkpt lat="53.075021003" lon="-3.810357938" /><trkpt lat="53.075008263" lon="-3.810366755" /><trkpt lat="53.074995928" lon="-3.810375282" /><trkpt lat="53.074984017" lon="-3.810383494" /><trkpt lat="53.074967439" lon="-3.810394234" /><trkpt lat="53.074951211" lon="-3.810403434" /><trkpt lat="53.074935316" lon="-3.810411158" /><trkpt lat="53.074919737" lon="-3.810417475" /><trkpt lat="53.074904458" lon="-3.810422451" /><trkpt lat="53.074889463" lon="-3.810426152" /><trkpt lat="53.074874735" lon="-3.810428645" /><trkpt lat="53.074860257" lon="-3.810429997" /><trkpt lat="53.074846014" lon="-3.810430274" /><trkpt lat="53.074831987" lon="-3.810429544" /><trkpt lat="53.074818162" lon="-3.810427872" /><trkpt lat="53.074804521" lon="-3.810425325" /><trkpt lat="53.074791047" lon="-3.810421971" /><trkpt lat="53.074777725" lon="-3.810417875" /><trkpt lat="53.074764537" lon="-3.810413105" /><trkpt lat="53.074751468" lon="-3.810407726" /><trkpt lat="53.074738500" lon="-3.810401807" /><trkpt lat="53.074725618" lon="-3.810395412" /><trkpt lat="53.074712804" lon="-3.810388610" /><trkpt lat="53.074700042" lon="-3.810381467" /><trkpt lat="53.074687315" lon="-3.810374048" /><trkpt lat="53.074674608" lon="-3.810366422" /><trkpt lat="53.074661902" lon="-3.810358655" /><trkpt lat="53.074649183" lon="-3.810350812" /><trkpt lat="53.074636433" lon="-3.810342962" /><trkpt lat="53.074623636" lon="-3.810335171" /><trkpt lat="53.074610775" lon="-3.810327504" /><trkpt lat="53.074597834" lon="-3.810320030" /><trkpt lat="53.074584796" lon="-3.810312814" /><trkpt lat="53.074571645" lon="-3.810305924" /><trkpt lat="53.074558438" lon="-3.810299710" /><trkpt lat="53.074545247" lon="-3.810294461" /><trkpt lat="53.074532072" lon="-3.810290156" /><trkpt lat="53.074518912" lon="-3.810286769" /><trkpt lat="53.074505768" lon="-3.810284277" /><trkpt lat="53.074492642" lon="-3.810282657" /><trkpt lat="53.074479532" lon="-3.810281884" /><trkpt lat="53.074466441" lon="-3.810281936" /><trkpt lat="53.074453367" lon="-3.810282788" /><trkpt lat="53.074440313" lon="-3.810284417" /><trkpt lat="53.074427277" lon="-3.810286799" /><trkpt lat="53.074414262" lon="-3.810289911" /><trkpt lat="53.074401266" lon="-3.810293728" /><trkpt lat="53.074388291" lon="-3.810298228" /><trkpt lat="53.074375336" lon="-3.810303386" /><trkpt lat="53.074362404" lon="-3.810309179" /><trkpt lat="53.074349493" lon="-3.810315583" /><trkpt lat="53.074336605" lon="-3.810322574" /><trkpt lat="53.074323739" lon="-3.810330129" /><trkpt lat="53.074310897" lon="-3.810338224" /><trkpt lat="53.074298079" lon="-3.810346836" /><trkpt lat="53.074285285" lon="-3.810355940" /><trkpt lat="53.074272515" lon="-3.810365514" /><trkpt lat="53.074259771" lon="-3.810375533" /><trkpt lat="53.074247053" lon="-3.810385973" /><trkpt lat="53.074234360" lon="-3.810396812" /><trkpt lat="53.074221694" lon="-3.810408025" /><trkpt lat="53.074209056" lon="-3.810419589" /><trkpt lat="53.074196445" lon="-3.810431480" /><trkpt lat="53.074183861" lon="-3.810443674" /><trkpt lat="53.074174162" lon="-3.810453301" /><trkpt lat="53.074163940" lon="-3.810463645" /><trkpt lat="53.074153228" lon="-3.810474666" /><trkpt lat="53.074142061" lon="-3.810486322" /><trkpt lat="53.074130472" lon="-3.810498572" /><trkpt lat="53.074118494" lon="-3.810511373" /><trkpt lat="53.074106162" lon="-3.810524686" /><trkpt lat="53.074093508" lon="-3.810538467" /><trkpt lat="53.074080566" lon="-3.810552675" /><trkpt lat="53.074067369" lon="-3.810567270" /><trkpt lat="53.074053952" lon="-3.810582210" /><trkpt lat="53.074040348" lon="-3.810597452" /><trkpt lat="53.074026590" lon="-3.810612956" /><trkpt lat="53.074012712" lon="-3.810628680" /><trkpt lat="53.073998748" lon="-3.810644583" /><trkpt lat="53.073984730" lon="-3.810660622" /><trkpt lat="53.073970693" lon="-3.810676758" /><trkpt lat="53.073956670" lon="-3.810692947" /><trkpt lat="53.073942695" lon="-3.810709149" /><trkpt lat="53.073928801" lon="-3.810725322" /><trkpt lat="53.073915022" lon="-3.810741425" /><trkpt lat="53.073901392" lon="-3.810757415" /><trkpt lat="53.073887943" lon="-3.810773253" /><trkpt lat="53.073874710" lon="-3.810788895" /><trkpt lat="53.073861726" lon="-3.810804301" /><trkpt lat="53.073849024" lon="-3.810819429" /><trkpt lat="53.073836639" lon="-3.810834238" /><trkpt lat="53.073824603" lon="-3.810848686" /><trkpt lat="53.073812950" lon="-3.810862732" /><trkpt lat="53.073801715" lon="-3.810876333" /><trkpt lat="53.073790930" lon="-3.810889449" /><trkpt lat="53.073780628" lon="-3.810902039" /><trkpt lat="53.073770844" lon="-3.810914060" /><trkpt lat="53.073761612" lon="-3.810925471" /><trkpt lat="53.073752964" lon="-3.810936231" /><trkpt lat="53.073744934" lon="-3.810946298" /><trkpt lat="53.073737555" lon="-3.810955630" /><trkpt lat="53.073730862" lon="-3.810964187" /><trkpt lat="53.073724888" lon="-3.810971927" /><trkpt lat="53.073719667" lon="-3.810978807" /><trkpt lat="53.073713399" lon="-3.810987133" /><trkpt lat="53.073707470" lon="-3.810994954" /><trkpt lat="53.073701854" lon="-3.811002285" /><trkpt lat="53.073696523" lon="-3.811009137" /><trkpt lat="53.073691452" lon="-3.811015526" /><trkpt lat="53.073686613" lon="-3.811021465" /><trkpt lat="53.073681980" lon="-3.811026968" /><trkpt lat="53.073677528" lon="-3.811032048" /><trkpt lat="53.073673228" lon="-3.811036719" /><trkpt lat="53.073669056" lon="-3.811040995" /><trkpt lat="53.073664983" lon="-3.811044889" /><trkpt lat="53.073660985" lon="-3.811048416" /><trkpt lat="53.073657033" lon="-3.811051588" /><trkpt lat="53.073653103" lon="-3.811054421" /><trkpt lat="53.073649166" lon="-3.811056926" /><trkpt lat="53.073645198" lon="-3.811059119" /><trkpt lat="53.073641170" lon="-3.811061013" /><trkpt lat="53.073637058" lon="-3.811062621" /><trkpt lat="53.073632834" lon="-3.811063957" /><trkpt lat="53.073628471" lon="-3.811065035" /><trkpt lat="53.073623944" lon="-3.811065869" /><trkpt lat="53.073619226" lon="-3.811066472" /><trkpt lat="53.073614289" lon="-3.811066858" /><trkpt lat="53.073609109" lon="-3.811067041" /><trkpt lat="53.073603658" lon="-3.811067034" /><trkpt lat="53.073597910" lon="-3.811066852" /><trkpt lat="53.073591838" lon="-3.811066507" /><trkpt lat="53.073585415" lon="-3.811066014" /><trkpt lat="53.073578616" lon="-3.811065387" /><trkpt lat="53.073571414" lon="-3.811064638" /><trkpt lat="53.073563849" lon="-3.811063306" /><trkpt lat="53.073555987" lon="-3.811060940" /><trkpt lat="53.073547843" lon="-3.811057568" /><trkpt lat="53.073539429" lon="-3.811053220" /><trkpt lat="53.073530759" lon="-3.811047926" /><trkpt lat="53.073521846" lon="-3.811041713" /><trkpt lat="53.073512705" lon="-3.811034612" /><trkpt lat="53.073503348" lon="-3.811026651" /><trkpt lat="53.073493790" lon="-3.811017860" /><trkpt lat="53.073484043" lon="-3.811008269" /><trkpt lat="53.073474121" lon="-3.810997905" /><trkpt lat="53.073464038" lon="-3.810986799" /><trkpt lat="53.073453806" lon="-3.810974979" /><trkpt lat="53.073443441" lon="-3.810962475" /><trkpt lat="53.073432954" lon="-3.810949316" /><trkpt lat="53.073422360" lon="-3.810935531" /><trkpt lat="53.073411672" lon="-3.810921150" /><trkpt lat="53.073400903" lon="-3.810906201" /><trkpt lat="53.073390068" lon="-3.810890713" /><trkpt lat="53.073379179" lon="-3.810874717" /><trkpt lat="53.073368251" lon="-3.810858241" /><trkpt lat="53.073357295" lon="-3.810841314" /><trkpt lat="53.073346327" lon="-3.810823966" /><trkpt lat="53.073335360" lon="-3.810806225" /><trkpt lat="53.073324406" lon="-3.810788121" /><trkpt lat="53.073313480" lon="-3.810769683" /><trkpt lat="53.073302595" lon="-3.810750941" /><trkpt lat="53.073291765" lon="-3.810731923" /><trkpt lat="53.073281002" lon="-3.810712659" /><trkpt lat="53.073270322" lon="-3.810693178" /><trkpt lat="53.073261998" lon="-3.810677573" /><trkpt lat="53.073253816" lon="-3.810661688" /><trkpt lat="53.073245772" lon="-3.810645545" /><trkpt lat="53.073237860" lon="-3.810629164" /><trkpt lat="53.073230074" lon="-3.810612566" /><trkpt lat="53.073222410" lon="-3.810595773" /><trkpt lat="53.073214863" lon="-3.810578807" /><trkpt lat="53.073207427" lon="-3.810561686" /><trkpt lat="53.073200098" lon="-3.810544434" /><trkpt lat="53.073192870" lon="-3.810527072" /><trkpt lat="53.073185739" lon="-3.810509619" /><trkpt lat="53.073178698" lon="-3.810492098" /><trkpt lat="53.073171743" lon="-3.810474529" /><trkpt lat="53.073164870" lon="-3.810456934" /><trkpt lat="53.073158072" lon="-3.810439333" /><trkpt lat="53.073151344" lon="-3.810421749" /><trkpt lat="53.073144683" lon="-3.810404201" /><trkpt lat="53.073138081" lon="-3.810386711" /><trkpt lat="53.073131535" lon="-3.810369301" /><trkpt lat="53.073125040" lon="-3.810351991" /><trkpt lat="53.073118589" lon="-3.810334802" /><trkpt lat="53.073112178" lon="-3.810317756" /><trkpt lat="53.073105803" lon="-3.810300874" /><trkpt lat="53.073099457" lon="-3.810284176" /><trkpt lat="53.073093135" lon="-3.810267684" /><trkpt lat="53.073086833" lon="-3.810251420" /><trkpt lat="53.073080546" lon="-3.810235403" /><trkpt lat="53.073074268" lon="-3.810219655" /><trkpt lat="53.073067994" lon="-3.810204198" /><trkpt lat="53.073061720" lon="-3.810189053" /><trkpt lat="53.073055439" lon="-3.810174240" /><trkpt lat="53.073049147" lon="-3.810159780" /><trkpt lat="53.073042839" lon="-3.810145696" /><trkpt lat="53.073036510" lon="-3.810132007" /><trkpt lat="53.073030154" lon="-3.810118736" /><trkpt lat="53.073023767" lon="-3.810105903" /><trkpt lat="53.073017343" lon="-3.810093529" /><trkpt lat="53.073010878" lon="-3.810081635" /><trkpt lat="53.073002424" lon="-3.810067252" /><trkpt lat="53.072993520" lon="-3.810053595" /><trkpt lat="53.072984197" lon="-3.810040646" /><trkpt lat="53.072974487" lon="-3.810028388" /><trkpt lat="53.072964419" lon="-3.810016801" /><trkpt lat="53.072954025" lon="-3.810005869" /><trkpt lat="53.072943336" lon="-3.809995572" /><trkpt lat="53.072932383" lon="-3.809985894" /><trkpt lat="53.072921197" lon="-3.809976815" /><trkpt lat="53.072909809" lon="-3.809968319" /><trkpt lat="53.072898250" lon="-3.809960387" /><trkpt lat="53.072886551" lon="-3.809953000" /><trkpt lat="53.072874742" lon="-3.809946141" /><trkpt lat="53.072862856" lon="-3.809939793" /><trkpt lat="53.072850922" lon="-3.809933936" /><trkpt lat="53.072838973" lon="-3.809928553" /><trkpt lat="53.072827038" lon="-3.809923626" /><trkpt lat="53.072815149" lon="-3.809919136" /><trkpt lat="53.072803337" lon="-3.809915067" /><trkpt lat="53.072791633" lon="-3.809911399" /><trkpt lat="53.072780067" lon="-3.809908115" /><trkpt lat="53.072768672" lon="-3.809905197" /><trkpt lat="53.072757477" lon="-3.809902626" /><trkpt lat="53.072746514" lon="-3.809900385" /><trkpt lat="53.072735814" lon="-3.809898456" /><trkpt lat="53.072725408" lon="-3.809896820" /><trkpt lat="53.072715326" lon="-3.809895460" /><trkpt lat="53.072705600" lon="-3.809894358" /><trkpt lat="53.072696262" lon="-3.809893495" /><trkpt lat="53.072687340" lon="-3.809892854" /><trkpt lat="53.072678634" lon="-3.809892253" /><trkpt lat="53.072669920" lon="-3.809891516" /><trkpt lat="53.072661204" lon="-3.809890633" /><trkpt lat="53.072652489" lon="-3.809889592" /><trkpt lat="53.072643778" lon="-3.809888383" /><trkpt lat="53.072635077" lon="-3.809886995" /><trkpt lat="53.072626389" lon="-3.809885418" /><trkpt lat="53.072617717" lon="-3.809883641" /><trkpt lat="53.072609066" lon="-3.809881653" /><trkpt lat="53.072600440" lon="-3.809879442" /><trkpt lat="53.072591843" lon="-3.809877000" /><trkpt lat="53.072583278" lon="-3.809874314" /><trkpt lat="53.072574749" lon="-3.809871374" /><trkpt lat="53.072566261" lon="-3.809868170" /><trkpt lat="53.072557818" lon="-3.809864690" /><trkpt lat="53.072549423" lon="-3.809860925" /><trkpt lat="53.072541080" lon="-3.809856862" /><trkpt lat="53.072532793" lon="-3.809852492" /><trkpt lat="53.072524567" lon="-3.809847803" /><trkpt lat="53.072516404" lon="-3.809842786" /><trkpt lat="53.072508310" lon="-3.809837429" /><trkpt lat="53.072500288" lon="-3.809831721" /><trkpt lat="53.072492341" lon="-3.809825652" /><trkpt lat="53.072484475" lon="-3.809819211" /><trkpt lat="53.072476692" lon="-3.809812387" /><trkpt lat="53.072468997" lon="-3.809805171" /><trkpt lat="53.072461393" lon="-3.809797549" /><trkpt lat="53.072453886" lon="-3.809789514" /><trkpt lat="53.072446477" lon="-3.809781052" /><trkpt lat="53.072439173" lon="-3.809772154" /><trkpt lat="53.072432077" lon="-3.809762830" /><trkpt lat="53.072425294" lon="-3.809753097" /><trkpt lat="53.072418826" lon="-3.809742958" /><trkpt lat="53.072412673" lon="-3.809732418" /><trkpt lat="53.072406838" lon="-3.809721478" /><trkpt lat="53.072401322" lon="-3.809710141" /><trkpt lat="53.072396126" lon="-3.809698412" /><trkpt lat="53.072391251" lon="-3.809686292" /><trkpt lat="53.072386699" lon="-3.809673784" /><trkpt lat="53.072382472" lon="-3.809660892" /><trkpt lat="53.072378571" lon="-3.809647619" /><trkpt lat="53.072374997" lon="-3.809633967" /><trkpt lat="53.072371751" lon="-3.809619939" /><trkpt lat="53.072368836" lon="-3.809605539" /><trkpt lat="53.072366253" lon="-3.809590770" /><trkpt lat="53.072364002" lon="-3.809575634" /><trkpt lat="53.072362086" lon="-3.809560134" /><trkpt lat="53.072360506" lon="-3.809544274" /><trkpt lat="53.072359264" lon="-3.809528056" /><trkpt lat="53.072358360" lon="-3.809511483" /><trkpt lat="53.072357796" lon="-3.809494559" /><trkpt lat="53.072357574" lon="-3.809477286" /><trkpt lat="53.072357695" lon="-3.809459668" /><trkpt lat="53.072358160" lon="-3.809441706" /><trkpt lat="53.072358971" lon="-3.809423405" /><trkpt lat="53.072360130" lon="-3.809404767" /><trkpt lat="53.072361638" lon="-3.809385796" /><trkpt lat="53.072363495" lon="-3.809366493" /><trkpt lat="53.072365705" lon="-3.809346863" /><trkpt lat="53.072368267" lon="-3.809326908" /><trkpt lat="53.072370596" lon="-3.809310107" /><trkpt lat="53.072373015" lon="-3.809293235" /><trkpt lat="53.072375521" lon="-3.809276294" /><trkpt lat="53.072378109" lon="-3.809259286" /><trkpt lat="53.072380776" lon="-3.809242216" /><trkpt lat="53.072383519" lon="-3.809225084" /><trkpt lat="53.072386335" lon="-3.809207895" /><trkpt lat="53.072389219" lon="-3.809190651" /><trkpt lat="53.072392168" lon="-3.809173354" /><trkpt lat="53.072395179" lon="-3.809156008" /><trkpt lat="53.072398249" lon="-3.809138614" /><trkpt lat="53.072401372" lon="-3.809121177" /><trkpt lat="53.072404547" lon="-3.809103698" /><trkpt lat="53.072407769" lon="-3.809086181" /><trkpt lat="53.072411035" lon="-3.809068628" /><trkpt lat="53.072414342" lon="-3.809051042" /><trkpt lat="53.072417686" lon="-3.809033425" /><trkpt lat="53.072421063" lon="-3.809015781" /><trkpt lat="53.072424469" lon="-3.808998112" /><trkpt lat="53.072427902" lon="-3.808980421" /><trkpt lat="53.072431358" lon="-3.808962711" /><trkpt lat="53.072434833" lon="-3.808944984" /><trkpt lat="53.072438324" lon="-3.808927243" /><trkpt lat="53.072441827" lon="-3.808909491" /><trkpt lat="53.072445339" lon="-3.808891731" /><trkpt lat="53.072448856" lon="-3.808873965" /><trkpt lat="53.072452374" lon="-3.808856197" /><trkpt lat="53.072455890" lon="-3.808838428" /><trkpt lat="53.072459401" lon="-3.808820662" /><trkpt lat="53.072462903" lon="-3.808802902" /><trkpt lat="53.072466392" lon="-3.808785150" /><trkpt lat="53.072469865" lon="-3.808767409" /><trkpt lat="53.072473319" lon="-3.808749681" /><trkpt lat="53.072476749" lon="-3.808731970" /><trkpt lat="53.072480153" lon="-3.808714278" /><trkpt lat="53.072483527" lon="-3.808696608" /><trkpt lat="53.072487308" lon="-3.808676898" /><trkpt lat="53.072491094" lon="-3.808657486" /><trkpt lat="53.072494883" lon="-3.808638357" /><trkpt lat="53.072498669" lon="-3.808619495" /><trkpt lat="53.072502449" lon="-3.808600884" /><trkpt lat="53.072506220" lon="-3.808582510" /><trkpt lat="53.072509977" lon="-3.808564355" /><trkpt lat="53.072513717" lon="-3.808546405" /><trkpt lat="53.072517435" lon="-3.808528643" /><trkpt lat="53.072521129" lon="-3.808511054" /><trkpt lat="53.072524793" lon="-3.808493622" /><trkpt lat="53.072528425" lon="-3.808476332" /><trkpt lat="53.072532020" lon="-3.808459167" /><trkpt lat="53.072535574" lon="-3.808442113" /><trkpt lat="53.072539085" lon="-3.808425153" /><trkpt lat="53.072542547" lon="-3.808408271" /><trkpt lat="53.072545958" lon="-3.808391452" /><trkpt lat="53.072549312" lon="-3.808374680" /><trkpt lat="53.072552607" lon="-3.808357940" /><trkpt lat="53.072555839" lon="-3.808341216" /><trkpt lat="53.072559003" lon="-3.808324491" /><trkpt lat="53.072562096" lon="-3.808307751" /><trkpt lat="53.072565115" lon="-3.808290979" /><trkpt lat="53.072568054" lon="-3.808274161" /><trkpt lat="53.072570911" lon="-3.808257279" /><trkpt lat="53.072573681" lon="-3.808240319" /><trkpt lat="53.072576361" lon="-3.808223264" /><trkpt lat="53.072578947" lon="-3.808206099" /><trkpt lat="53.072581435" lon="-3.808188809" /><trkpt lat="53.072583821" lon="-3.808171377" /><trkpt lat="53.072586102" lon="-3.808153789" /><trkpt lat="53.072588273" lon="-3.808136027" /><trkpt lat="53.072589962" lon="-3.808120836" /><trkpt lat="53.072591470" lon="-3.808105342" /><trkpt lat="53.072592806" lon="-3.808089558" /><trkpt lat="53.072593976" lon="-3.808073497" /><trkpt lat="53.072594989" lon="-3.808057173" /><trkpt lat="53.072595851" lon="-3.808040600" /><trkpt lat="53.072596570" lon="-3.808023790" /><trkpt lat="53.072597154" lon="-3.808006758" /><trkpt lat="53.072597609" lon="-3.807989516" /><trkpt lat="53.072597943" lon="-3.807972079" /><trkpt lat="53.072598164" lon="-3.807954459" /><trkpt lat="53.072598279" lon="-3.807936670" /><trkpt lat="53.072598295" lon="-3.807918726" /><trkpt lat="53.072598219" lon="-3.807900640" /><trkpt lat="53.072598060" lon="-3.807882425" /><trkpt lat="53.072597825" lon="-3.807864095" /><trkpt lat="53.072597520" lon="-3.807845664" /><trkpt lat="53.072597154" lon="-3.807827144" /><trkpt lat="53.072596733" lon="-3.807808550" /><trkpt lat="53.072596266" lon="-3.807789894" /><trkpt lat="53.072595759" lon="-3.807771190" /><trkpt lat="53.072595220" lon="-3.807752452" /><trkpt lat="53.072594656" lon="-3.807733693" /><trkpt lat="53.072594075" lon="-3.807714927" /><trkpt lat="53.072593484" lon="-3.807696167" /><trkpt lat="53.072592891" lon="-3.807677426" /><trkpt lat="53.072592303" lon="-3.807658717" /><trkpt lat="53.072591727" lon="-3.807640056" /><trkpt lat="53.072591170" lon="-3.807621453" /><trkpt lat="53.072590641" lon="-3.807602925" /><trkpt lat="53.072590147" lon="-3.807584483" /><trkpt lat="53.072589694" lon="-3.807566141" /><trkpt lat="53.072589291" lon="-3.807547912" /><trkpt lat="53.072588944" lon="-3.807529811" /><trkpt lat="53.072588662" lon="-3.807511850" /><trkpt lat="53.072588451" lon="-3.807494043" /><trkpt lat="53.072588319" lon="-3.807476403" /><trkpt lat="53.072588273" lon="-3.807458945" /><trkpt lat="53.072588212" lon="-3.807441243" /><trkpt lat="53.072588041" lon="-3.807423793" /><trkpt lat="53.072587776" lon="-3.807406572" /><trkpt lat="53.072587433" lon="-3.807389562" /><trkpt lat="53.072587030" lon="-3.807372742" /><trkpt lat="53.072586582" lon="-3.807356093" /><trkpt lat="53.072586108" lon="-3.807339593" /><trkpt lat="53.072585622" lon="-3.807323224" /><trkpt lat="53.072585142" lon="-3.807306965" /><trkpt lat="53.072584684" lon="-3.807290797" /><trkpt lat="53.072584266" lon="-3.807274699" /><trkpt lat="53.072583902" lon="-3.807258650" /><trkpt lat="53.072583611" lon="-3.807242632" /><trkpt lat="53.072583409" lon="-3.807226625" /><trkpt lat="53.072583312" lon="-3.807210607" /><trkpt lat="53.072583337" lon="-3.807194559" /><trkpt lat="53.072583501" lon="-3.807178462" /><trkpt lat="53.072583820" lon="-3.807162295" /><trkpt lat="53.072584311" lon="-3.807146038" /><trkpt lat="53.072584990" lon="-3.807129670" /><trkpt lat="53.072585874" lon="-3.807113173" /><trkpt lat="53.072586980" lon="-3.807096526" /><trkpt lat="53.072588323" lon="-3.807079709" /><trkpt lat="53.072589922" lon="-3.807062702" /><trkpt lat="53.072591792" lon="-3.807045485" /><trkpt lat="53.072593951" lon="-3.807028038" /><trkpt lat="53.072596414" lon="-3.807010341" /><trkpt lat="53.072599198" lon="-3.806992374" /><trkpt lat="53.072602320" lon="-3.806974117" /><trkpt lat="53.072605796" lon="-3.806955550" /><trkpt lat="53.072609644" lon="-3.806936652" /><trkpt lat="53.072613879" lon="-3.806917405" /><trkpt lat="53.072618519" lon="-3.806897787" /><trkpt lat="53.072623579" lon="-3.806877779" /><trkpt lat="53.072629077" lon="-3.806857361" /><trkpt lat="53.072635029" lon="-3.806836513" /><trkpt lat="53.072641452" lon="-3.806815215" /><trkpt lat="53.072648088" lon="-3.806794139" /><trkpt lat="53.072654681" lon="-3.806773941" /><trkpt lat="53.072661246" lon="-3.806754574" /><trkpt lat="53.072667798" lon="-3.806735993" /><trkpt lat="53.072674353" lon="-3.806718152" /><trkpt lat="53.072680927" lon="-3.806701004" /><trkpt lat="53.072687535" lon="-3.806684503" /><trkpt lat="53.072694193" lon="-3.806668603" /><trkpt lat="53.072700917" lon="-3.806653258" /><trkpt lat="53.072707722" lon="-3.806638422" /><trkpt lat="53.072714624" lon="-3.806624049" /><trkpt lat="53.072721638" lon="-3.806610092" /><trkpt lat="53.072728780" lon="-3.806596505" /><trkpt lat="53.072736065" lon="-3.806583243" /><trkpt lat="53.072743510" lon="-3.806570258" /><trkpt lat="53.072751130" lon="-3.806557506" /><trkpt lat="53.072758941" lon="-3.806544940" /><trkpt lat="53.072766957" lon="-3.806532513" /><trkpt lat="53.072775195" lon="-3.806520180" /><trkpt lat="53.072783671" lon="-3.806507894" /><trkpt lat="53.072792399" lon="-3.806495610" /><trkpt lat="53.072801396" lon="-3.806483281" /><trkpt lat="53.072810678" lon="-3.806470861" /><trkpt lat="53.072820259" lon="-3.806458304" /><trkpt lat="53.072830155" lon="-3.806445564" /><trkpt lat="53.072840383" lon="-3.806432594" /><trkpt lat="53.072850957" lon="-3.806419349" /><trkpt lat="53.072861894" lon="-3.806405783" /><trkpt lat="53.072873208" lon="-3.806391848" /><trkpt lat="53.072884916" lon="-3.806377500" /><trkpt lat="53.072897033" lon="-3.806362692" /><trkpt lat="53.072909575" lon="-3.806347378" /><trkpt lat="53.072922557" lon="-3.806331511" /><trkpt lat="53.072935996" lon="-3.806315047" /><trkpt lat="53.072949905" lon="-3.806297937" /><trkpt lat="53.072964302" lon="-3.806280138" /><trkpt lat="53.072979202" lon="-3.806261601" /><trkpt lat="53.072997551" lon="-3.806238858" /><trkpt lat="53.073015234" lon="-3.806217269" /><trkpt lat="53.073032281" lon="-3.806196793" /><trkpt lat="53.073048724" lon="-3.806177387" /><trkpt lat="53.073064595" lon="-3.806159007" /><trkpt lat="53.073079925" lon="-3.806141610" /><trkpt lat="53.073094746" lon="-3.806125153" /><trkpt lat="53.073109090" lon="-3.806109595" /><trkpt lat="53.073122987" lon="-3.806094891" /><trkpt lat="53.073136469" lon="-3.806080999" /><trkpt lat="53.073149568" lon="-3.806067876" /><trkpt lat="53.073162316" lon="-3.806055479" /><trkpt lat="53.073174743" lon="-3.806043764" /><trkpt lat="53.073186882" lon="-3.806032690" /><trkpt lat="53.073198764" lon="-3.806022214" /><trkpt lat="53.073210420" lon="-3.806012291" /><trkpt lat="53.073221882" lon="-3.806002880" /><trkpt lat="53.073233181" lon="-3.805993938" /><trkpt lat="53.073244350" lon="-3.805985421" /><trkpt lat="53.073255418" lon="-3.805977287" /><trkpt lat="53.073266419" lon="-3.805969492" /><trkpt lat="53.073277383" lon="-3.805961994" /><trkpt lat="53.073288342" lon="-3.805954751" /><trkpt lat="53.073299328" lon="-3.805947718" /><trkpt lat="53.073310372" lon="-3.805940853" /><trkpt lat="53.073321505" lon="-3.805934114" /><trkpt lat="53.073332759" lon="-3.805927456" /><trkpt lat="53.073344166" lon="-3.805920839" /><trkpt lat="53.073355757" lon="-3.805914217" /><trkpt lat="53.073367563" lon="-3.805907549" /><trkpt lat="53.073379725" lon="-3.805900980" /><trkpt lat="53.073392337" lon="-3.805894672" /><trkpt lat="53.073405364" lon="-3.805888607" /><trkpt lat="53.073418772" lon="-3.805882765" /><trkpt lat="53.073432525" lon="-3.805877127" /><trkpt lat="53.073446590" lon="-3.805871677" /><trkpt lat="53.073460930" lon="-3.805866394" /><trkpt lat="53.073475512" lon="-3.805861259" /><trkpt lat="53.073490300" lon="-3.805856256" /><trkpt lat="53.073505259" lon="-3.805851364" /><trkpt lat="53.073520356" lon="-3.805846565" /><trkpt lat="53.073535554" lon="-3.805841841" /><trkpt lat="53.073550819" lon="-3.805837173" /><trkpt lat="53.073566116" lon="-3.805832542" /><trkpt lat="53.073581410" lon="-3.805827930" /><trkpt lat="53.073596666" lon="-3.805823317" /><trkpt lat="53.073611851" lon="-3.805818686" /><trkpt lat="53.073626927" lon="-3.805814018" /><trkpt lat="53.073641862" lon="-3.805809294" /><trkpt lat="53.073656620" lon="-3.805804495" /><trkpt lat="53.073671166" lon="-3.805799603" /><trkpt lat="53.073685465" lon="-3.805794600" /><trkpt lat="53.073699483" lon="-3.805789466" /><trkpt lat="53.073713184" lon="-3.805784183" /><trkpt lat="53.073726534" lon="-3.805778732" /><trkpt lat="53.073739498" lon="-3.805773095" /><trkpt lat="53.073752040" lon="-3.805767252" /><trkpt lat="53.073764128" lon="-3.805761187" /><trkpt lat="53.073775724" lon="-3.805754879" /><trkpt lat="53.073786795" lon="-3.805748310" /><trkpt lat="53.073797107" lon="-3.805741160" /><trkpt lat="53.073806468" lon="-3.805733165" /><trkpt lat="53.073814905" lon="-3.805724393" /><trkpt lat="53.073822443" lon="-3.805714911" /><trkpt lat="53.073829110" lon="-3.805704786" /><trkpt lat="53.073834932" lon="-3.805694086" /><trkpt lat="53.073839935" lon="-3.805682879" /><trkpt lat="53.073844146" lon="-3.805671231" /><trkpt lat="53.073847591" lon="-3.805659210" /><trkpt lat="53.073850297" lon="-3.805646883" /><trkpt lat="53.073852291" lon="-3.805634317" /><trkpt lat="53.073853599" lon="-3.805621581" /><trkpt lat="53.073854247" lon="-3.805608741" /><trkpt lat="53.073854261" lon="-3.805595864" /><trkpt lat="53.073853670" lon="-3.805583019" /><trkpt lat="53.073852498" lon="-3.805570272" /><trkpt lat="53.073850772" lon="-3.805557690" /><trkpt lat="53.073848519" lon="-3.805545342" /><trkpt lat="53.073845766" lon="-3.805533294" /><trkpt lat="53.073842539" lon="-3.805521613" /><trkpt lat="53.073838864" lon="-3.805510368" /><trkpt lat="53.073834768" lon="-3.805499626" /><trkpt lat="53.073830277" lon="-3.805489453" /><trkpt lat="53.073825418" lon="-3.805479917" /><trkpt lat="53.073820218" lon="-3.805471086" /><trkpt lat="53.073814702" lon="-3.805463027" /><trkpt lat="53.073808898" lon="-3.805455807" /><trkpt lat="53.073802831" lon="-3.805449493" /><trkpt lat="53.073796529" lon="-3.805444154" /><trkpt lat="53.073790018" lon="-3.805439856" /><trkpt lat="53.073783023" lon="-3.805436713" /><trkpt lat="53.073775283" lon="-3.805434758" /><trkpt lat="53.073766842" lon="-3.805433933" /><trkpt lat="53.073757745" lon="-3.805434182" /><trkpt lat="53.073748038" lon="-3.805435448" /><trkpt lat="53.073737767" lon="-3.805437674" /><trkpt lat="53.073726976" lon="-3.805440804" /><trkpt lat="53.073715710" lon="-3.805444781" /><trkpt lat="53.073704015" lon="-3.805449548" /><trkpt lat="53.073691936" lon="-3.805455049" /><trkpt lat="53.073679518" lon="-3.805461226" /><trkpt lat="53.073666807" lon="-3.805468024" /><trkpt lat="53.073653847" lon="-3.805475386" /><trkpt lat="53.073640683" lon="-3.805483254" /><trkpt lat="53.073627362" lon="-3.805491572" /><trkpt lat="53.073613928" lon="-3.805500284" /><trkpt lat="53.073600426" lon="-3.805509332" /><trkpt lat="53.073586902" lon="-3.805518660" /><trkpt lat="53.073573401" lon="-3.805528212" /><trkpt lat="53.073559968" lon="-3.805537930" /><trkpt lat="53.073546648" lon="-3.805547758" /><trkpt lat="53.073533487" lon="-3.805557639" /><trkpt lat="53.073520529" lon="-3.805567517" /><trkpt lat="53.073507820" lon="-3.805577335" /><trkpt lat="53.073495406" lon="-3.805587035" /><trkpt lat="53.073483330" lon="-3.805596562" /><trkpt lat="53.073471639" lon="-3.805605859" /><trkpt lat="53.073460378" lon="-3.805614869" /><trkpt lat="53.073449592" lon="-3.805623535" /><trkpt lat="53.073439326" lon="-3.805631801" /><trkpt lat="53.073429365" lon="-3.805639575" /><trkpt lat="53.073419458" lon="-3.805646823" /><trkpt lat="53.073409593" lon="-3.805653575" /><trkpt lat="53.073399759" lon="-3.805659858" /><trkpt lat="53.073389945" lon="-3.805665701" /><trkpt lat="53.073380141" lon="-3.805671133" /><trkpt lat="53.073370334" lon="-3.805676182" /><trkpt lat="53.073360513" lon="-3.805680877" /><trkpt lat="53.073350669" lon="-3.805685246" /><trkpt lat="53.073340789" lon="-3.805689319" /><trkpt lat="53.073330862" lon="-3.805693124" /><trkpt lat="53.073320878" lon="-3.805696689" /><trkpt lat="53.073310825" lon="-3.805700043" /><trkpt lat="53.073300692" lon="-3.805703214" /><trkpt lat="53.073290468" lon="-3.805706232" /><trkpt lat="53.073280142" lon="-3.805709125" /><trkpt lat="53.073269703" lon="-3.805711921" /><trkpt lat="53.073259140" lon="-3.805714649" /><trkpt lat="53.073248441" lon="-3.805717338" /><trkpt lat="53.073237596" lon="-3.805720016" /><trkpt lat="53.073226593" lon="-3.805722712" /><trkpt lat="53.073215422" lon="-3.805725454" /><trkpt lat="53.073204071" lon="-3.805728272" /><trkpt lat="53.073192529" lon="-3.805731193" /><trkpt lat="53.073180785" lon="-3.805734246" /><trkpt lat="53.073168828" lon="-3.805737461" /><trkpt lat="53.073156646" lon="-3.805740865" /><trkpt lat="53.073144230" lon="-3.805744487" /><trkpt lat="53.073131567" lon="-3.805748356" /><trkpt lat="53.073118647" lon="-3.805752500" /><trkpt lat="53.073105288" lon="-3.805756629" /><trkpt lat="53.073091346" lon="-3.805760443" /><trkpt lat="53.073076869" lon="-3.805763954" /><trkpt lat="53.073061903" lon="-3.805767177" /><trkpt lat="53.073046493" lon="-3.805770125" /><trkpt lat="53.073030686" lon="-3.805772811" /><trkpt lat="53.073014527" lon="-3.805775250" /><trkpt lat="53.072998064" lon="-3.805777455" /><trkpt lat="53.072981342" lon="-3.805779440" /><trkpt lat="53.072964407" lon="-3.805781217" /><trkpt lat="53.072947306" lon="-3.805782802" /><trkpt lat="53.072930085" lon="-3.805784207" /><trkpt lat="53.072912790" lon="-3.805785445" /><trkpt lat="53.072895467" lon="-3.805786532" /><trkpt lat="53.072878162" lon="-3.805787480" /><trkpt lat="53.072860921" lon="-3.805788302" /><trkpt lat="53.072843791" lon="-3.805789013" /><trkpt lat="53.072826818" lon="-3.805789626" /><trkpt lat="53.072810048" lon="-3.805790155" /><trkpt lat="53.072793527" lon="-3.805790613" /><trkpt lat="53.072777301" lon="-3.805791013" /><trkpt lat="53.072761417" lon="-3.805791371" /><trkpt lat="53.072745921" lon="-3.805791698" /><trkpt lat="53.072730858" lon="-3.805792009" /><trkpt lat="53.072716275" lon="-3.805792318" /><trkpt lat="53.072702219" lon="-3.805792637" /><trkpt lat="53.072688735" lon="-3.805792981" /><trkpt lat="53.072675869" lon="-3.805793363" /><trkpt lat="53.072663668" lon="-3.805793797" /><trkpt lat="53.072652178" lon="-3.805794296" /><trkpt lat="53.072640703" lon="-3.805795050" /><trkpt lat="53.072628543" lon="-3.805796215" /><trkpt lat="53.072615740" lon="-3.805797763" /><trkpt lat="53.072602335" lon="-3.805799663" /><trkpt lat="53.072588371" lon="-3.805801882" /><trkpt lat="53.072573888" lon="-3.805804392" /><trkpt lat="53.072558929" lon="-3.805807160" /><trkpt lat="53.072543534" lon="-3.805810157" /><trkpt lat="53.072527747" lon="-3.805813351" /><trkpt lat="53.072511607" lon="-3.805816712" /><trkpt lat="53.072495158" lon="-3.805820209" /><trkpt lat="53.072478439" lon="-3.805823811" /><trkpt lat="53.072461494" lon="-3.805827487" /><trkpt lat="53.072444364" lon="-3.805831207" /><trkpt lat="53.072427090" lon="-3.805834940" /><trkpt lat="53.072409714" lon="-3.805838655" /><trkpt lat="53.072392277" lon="-3.805842321" /><trkpt lat="53.072374822" lon="-3.805845908" /><trkpt lat="53.072357389" lon="-3.805849385" /><trkpt lat="53.072340021" lon="-3.805852721" /><trkpt lat="53.072322759" lon="-3.805855885" /><trkpt lat="53.072305645" lon="-3.805858847" /><trkpt lat="53.072288719" lon="-3.805861575" /><trkpt lat="53.072272025" lon="-3.805864039" /><trkpt lat="53.072255603" lon="-3.805866209" /><trkpt lat="53.072239495" lon="-3.805868053" /><trkpt lat="53.072223743" lon="-3.805869541" /><trkpt lat="53.072208388" lon="-3.805870642" /><trkpt lat="53.072193472" lon="-3.805871325" /><trkpt lat="53.072179037" lon="-3.805871560" /><trkpt lat="53.072167242" lon="-3.805870839" /><trkpt lat="53.072155495" lon="-3.805868719" /><trkpt lat="53.072143803" lon="-3.805865264" /><trkpt lat="53.072132172" lon="-3.805860538" /><trkpt lat="53.072120607" lon="-3.805854605" /><trkpt lat="53.072109114" lon="-3.805847529" /><trkpt lat="53.072097700" lon="-3.805839375" /><trkpt lat="53.072086369" lon="-3.805830205" /><trkpt lat="53.072075129" lon="-3.805820085" /><trkpt lat="53.072063985" lon="-3.805809078" /><trkpt lat="53.072052942" lon="-3.805797249" /><trkpt lat="53.072042008" lon="-3.805784660" /><trkpt lat="53.072031187" lon="-3.805771377" /><trkpt lat="53.072020486" lon="-3.805757464" /><trkpt lat="53.072009910" lon="-3.805742984" /><trkpt lat="53.071999466" lon="-3.805728001" /><trkpt lat="53.071989159" lon="-3.805712580" /><trkpt lat="53.071978996" lon="-3.805696784" /><trkpt lat="53.071968981" lon="-3.805680678" /><trkpt lat="53.071959122" lon="-3.805664325" /><trkpt lat="53.071949424" lon="-3.805647790" /><trkpt lat="53.071939893" lon="-3.805631137" /><trkpt lat="53.071930534" lon="-3.805614429" /><trkpt lat="53.071921355" lon="-3.805597732" /><trkpt lat="53.071912360" lon="-3.805581108" /><trkpt lat="53.071903556" lon="-3.805564621" /><trkpt lat="53.071894948" lon="-3.805548337" /><trkpt lat="53.071886543" lon="-3.805532318" /><trkpt lat="53.071878346" lon="-3.805516630" /><trkpt lat="53.071870363" lon="-3.805501335" /><trkpt lat="53.071862601" lon="-3.805486498" /><trkpt lat="53.071855064" lon="-3.805472183" /><trkpt lat="53.071847760" lon="-3.805458455" /><trkpt lat="53.071840693" lon="-3.805445376" /><trkpt lat="53.071833871" lon="-3.805433012" /><trkpt lat="53.071827298" lon="-3.805421425" /><trkpt lat="53.071820616" lon="-3.805410175" /><trkpt lat="53.071813472" lon="-3.805398775" /><trkpt lat="53.071805883" lon="-3.805387229" /><trkpt lat="53.071797864" lon="-3.805375538" /><trkpt lat="53.071789431" lon="-3.805363704" /><trkpt lat="53.071780599" lon="-3.805351728" /><trkpt lat="53.071771384" lon="-3.805339613" /><trkpt lat="53.071761802" lon="-3.805327360" /><trkpt lat="53.071751869" lon="-3.805314971" /><trkpt lat="53.071741600" lon="-3.805302448" /><trkpt lat="53.071731011" lon="-3.805289793" /><trkpt lat="53.071720119" lon="-3.805277007" /><trkpt lat="53.071708938" lon="-3.805264092" /><trkpt lat="53.071697484" lon="-3.805251050" /><trkpt lat="53.071685773" lon="-3.805237883" /><trkpt lat="53.071673821" lon="-3.805224593" /><trkpt lat="53.071661644" lon="-3.805211181" /><trkpt lat="53.071649257" lon="-3.805197650" /><trkpt lat="53.071636676" lon="-3.805184000" /><trkpt lat="53.071623917" lon="-3.805170234" /><trkpt lat="53.071610995" lon="-3.805156354" /><trkpt lat="53.071597926" lon="-3.805142362" /><trkpt lat="53.071584727" lon="-3.805128258" /><trkpt lat="53.071571412" lon="-3.805114046" /><trkpt lat="53.071557997" lon="-3.805099726" /><trkpt lat="53.071544499" lon="-3.805085301" /><trkpt lat="53.071530933" lon="-3.805070773" /><trkpt lat="53.071517314" lon="-3.805056143" /><trkpt lat="53.071503658" lon="-3.805041412" /><trkpt lat="53.071489982" lon="-3.805026584" /><trkpt lat="53.071476301" lon="-3.805011659" /><trkpt lat="53.071462630" lon="-3.804996640" /><trkpt lat="53.071448985" lon="-3.804981528" /><trkpt lat="53.071435382" lon="-3.804966325" /><trkpt lat="53.071421838" lon="-3.804951032" /><trkpt lat="53.071408366" lon="-3.804935653" /><trkpt lat="53.071396134" lon="-3.804921261" /><trkpt lat="53.071384227" lon="-3.804906569" /><trkpt lat="53.071372639" lon="-3.804891595" /><trkpt lat="53.071361363" lon="-3.804876356" /><trkpt lat="53.071350395" lon="-3.804860871" /><trkpt lat="53.071339728" lon="-3.804845156" /><trkpt lat="53.071329356" lon="-3.804829230" /><trkpt lat="53.071319273" lon="-3.804813109" /><trkpt lat="53.071309475" lon="-3.804796813" /><trkpt lat="53.071299954" lon="-3.804780357" /><trkpt lat="53.071290704" lon="-3.804763761" /><trkpt lat="53.071281721" lon="-3.804747041" /><trkpt lat="53.071272998" lon="-3.804730215" /><trkpt lat="53.071264530" lon="-3.804713302" /><trkpt lat="53.071256310" lon="-3.804696317" /><trkpt lat="53.071248332" lon="-3.804679280" /><trkpt lat="53.071240591" lon="-3.804662207" /><trkpt lat="53.071233081" lon="-3.804645117" /><trkpt lat="53.071225795" lon="-3.804628027" /><trkpt lat="53.071218729" lon="-3.804610954" /><trkpt lat="53.071211876" lon="-3.804593917" /><trkpt lat="53.071205230" lon="-3.804576933" /><trkpt lat="53.071198786" lon="-3.804560019" /><trkpt lat="53.071192538" lon="-3.804543193" /><trkpt lat="53.071186479" lon="-3.804526473" /><trkpt lat="53.071180604" lon="-3.804509877" /><trkpt lat="53.071174907" lon="-3.804493422" /><trkpt lat="53.071169382" lon="-3.804477125" /><trkpt lat="53.071164023" lon="-3.804461005" /><trkpt lat="53.071158825" lon="-3.804445078" /><trkpt lat="53.071153782" lon="-3.804429364" /><trkpt lat="53.071148887" lon="-3.804413878" /><trkpt lat="53.071144134" lon="-3.804398640" /><trkpt lat="53.071139519" lon="-3.804383666" /><trkpt lat="53.071135035" lon="-3.804368974" /><trkpt lat="53.071130676" lon="-3.804354582" /><trkpt lat="53.071126436" lon="-3.804340507" /><trkpt lat="53.071122310" lon="-3.804326767" /><trkpt lat="53.071118291" lon="-3.804313380" /><trkpt lat="53.071113311" lon="-3.804296309" /><trkpt lat="53.071108682" lon="-3.804279414" /><trkpt lat="53.071104399" lon="-3.804262679" /><trkpt lat="53.071100461" lon="-3.804246085" /><trkpt lat="53.071096863" lon="-3.804229615" /><trkpt lat="53.071093601" lon="-3.804213251" /><trkpt lat="53.071090672" lon="-3.804196975" /><trkpt lat="53.071088072" lon="-3.804180770" /><trkpt lat="53.071085799" lon="-3.804164617" /><trkpt lat="53.071083847" lon="-3.804148499" /><trkpt lat="53.071082214" lon="-3.804132399" /><trkpt lat="53.071080897" lon="-3.804116298" /><trkpt lat="53.071079891" lon="-3.804100179" /><trkpt lat="53.071079193" lon="-3.804084024" /><trkpt lat="53.071078799" lon="-3.804067815" /><trkpt lat="53.071078706" lon="-3.804051535" /><trkpt lat="53.071078910" lon="-3.804035165" /><trkpt lat="53.071079408" lon="-3.804018689" /><trkpt lat="53.071080196" lon="-3.804002087" /><trkpt lat="53.071081271" lon="-3.803985343" /><trkpt lat="53.071082628" lon="-3.803968439" /><trkpt lat="53.071084265" lon="-3.803951356" /><trkpt lat="53.071086178" lon="-3.803934078" /><trkpt lat="53.071088363" lon="-3.803916586" /><trkpt lat="53.071090817" lon="-3.803898863" /><trkpt lat="53.071093536" lon="-3.803880891" /><trkpt lat="53.071096516" lon="-3.803862652" /><trkpt lat="53.071099754" lon="-3.803844129" /><trkpt lat="53.071103247" lon="-3.803825303" /><trkpt lat="53.071106990" lon="-3.803806157" /><trkpt lat="53.071110214" lon="-3.803790135" /><trkpt lat="53.071113438" lon="-3.803774245" /><trkpt lat="53.071116665" lon="-3.803758470" /><trkpt lat="53.071119896" lon="-3.803742792" /><trkpt lat="53.071123132" lon="-3.803727194" /><trkpt lat="53.071126373" lon="-3.803711658" /><trkpt lat="53.071129623" lon="-3.803696169" /><trkpt lat="53.071132881" lon="-3.803680707" /><trkpt lat="53.071136149" lon="-3.803665257" /><trkpt lat="53.071139428" lon="-3.803649800" /><trkpt lat="53.071142720" lon="-3.803634320" /><trkpt lat="53.071146025" lon="-3.803618799" /><trkpt lat="53.071149345" lon="-3.803603221" /><trkpt lat="53.071152682" lon="-3.803587567" /><trkpt lat="53.071156036" lon="-3.803571820" /><trkpt lat="53.071159408" lon="-3.803555964" /><trkpt lat="53.071162801" lon="-3.803539981" /><trkpt lat="53.071166214" lon="-3.803523854" /><trkpt lat="53.071169650" lon="-3.803507566" /><trkpt lat="53.071173110" lon="-3.803491098" /><trkpt lat="53.071176594" lon="-3.803474435" /><trkpt lat="53.071180105" lon="-3.803457559" /><trkpt lat="53.071183642" lon="-3.803440452" /><trkpt lat="53.071187209" lon="-3.803423098" /><trkpt lat="53.071190805" lon="-3.803405478" /><trkpt lat="53.071194433" lon="-3.803387577" /><trkpt lat="53.071198092" lon="-3.803369376" /><trkpt lat="53.071201786" lon="-3.803350858" /><trkpt lat="53.071205514" lon="-3.803332007" /><trkpt lat="53.071209278" lon="-3.803312804" /><trkpt lat="53.071213079" lon="-3.803293233" /><trkpt lat="53.071216919" lon="-3.803273277" /><trkpt lat="53.071220799" lon="-3.803252917" /><trkpt lat="53.071224720" lon="-3.803232137" /><trkpt lat="53.071228683" lon="-3.803210920" /><trkpt lat="53.071232690" lon="-3.803189249" /><trkpt lat="53.071235940" lon="-3.803172108" /><trkpt lat="53.071239383" lon="-3.803154974" /><trkpt lat="53.071243012" lon="-3.803137845" /><trkpt lat="53.071246824" lon="-3.803120724" /><trkpt lat="53.071250815" lon="-3.803103611" /><trkpt lat="53.071254979" lon="-3.803086506" /><trkpt lat="53.071259312" lon="-3.803069411" /><trkpt lat="53.071263810" lon="-3.803052326" /><trkpt lat="53.071268467" lon="-3.803035253" /><trkpt lat="53.071273280" lon="-3.803018191" /><trkpt lat="53.071278244" lon="-3.803001141" /><trkpt lat="53.071283353" lon="-3.802984106" /><trkpt lat="53.071288605" lon="-3.802967084" /><trkpt lat="53.071293993" lon="-3.802950077" /><trkpt lat="53.071299514" lon="-3.802933087" /><trkpt lat="53.071305163" lon="-3.802916112" /><trkpt lat="53.071310935" lon="-3.802899155" /><trkpt lat="53.071316826" lon="-3.802882216" /><trkpt lat="53.071322832" lon="-3.802865296" /><trkpt lat="53.071328947" lon="-3.802848396" /><trkpt lat="53.071335167" lon="-3.802831516" /><trkpt lat="53.071341487" lon="-3.802814658" /><trkpt lat="53.071347904" lon="-3.802797821" /><trkpt lat="53.071354412" lon="-3.802781007" /><trkpt lat="53.071361006" lon="-3.802764217" /><trkpt lat="53.071367683" lon="-3.802747451" /><trkpt lat="53.071374438" lon="-3.802730711" /><trkpt lat="53.071381266" lon="-3.802713996" /><trkpt lat="53.071388162" lon="-3.802697308" /><trkpt lat="53.071395122" lon="-3.802680648" /><trkpt lat="53.071402142" lon="-3.802664016" /><trkpt lat="53.071409217" lon="-3.802647413" /><trkpt lat="53.071416342" lon="-3.802630840" /><trkpt lat="53.071423512" lon="-3.802614297" /><trkpt lat="53.071430724" lon="-3.802597786" /><trkpt lat="53.071437972" lon="-3.802581308" /><trkpt lat="53.071445253" lon="-3.802564862" /><trkpt lat="53.071452560" lon="-3.802548450" /><trkpt lat="53.071459891" lon="-3.802532072" /><trkpt lat="53.071467240" lon="-3.802515730" /><trkpt lat="53.071474603" lon="-3.802499424" /><trkpt lat="53.071481975" lon="-3.802483155" /><trkpt lat="53.071489351" lon="-3.802466924" /><trkpt lat="53.071496728" lon="-3.802450731" /><trkpt lat="53.071504100" lon="-3.802434578" /><trkpt lat="53.071511463" lon="-3.802418464" /><trkpt lat="53.071520708" lon="-3.802398677" /><trkpt lat="53.071530142" lon="-3.802379326" /><trkpt lat="53.071539756" lon="-3.802360402" /><trkpt lat="53.071549539" lon="-3.802341898" /><trkpt lat="53.071559483" lon="-3.802323804" /><trkpt lat="53.071569578" lon="-3.802306112" /><trkpt lat="53.071579812" lon="-3.802288814" /><trkpt lat="53.071590178" lon="-3.802271901" /><trkpt lat="53.071600664" lon="-3.802255365" /><trkpt lat="53.071611261" lon="-3.802239197" /><trkpt lat="53.071621959" lon="-3.802223389" /><trkpt lat="53.071632749" lon="-3.802207933" /><trkpt lat="53.071643620" lon="-3.802192819" /><trkpt lat="53.071654563" lon="-3.802178040" /><trkpt lat="53.071665568" lon="-3.802163587" /><trkpt lat="53.071676625" lon="-3.802149452" /><trkpt lat="53.071687724" lon="-3.802135625" /><trkpt lat="53.071698855" lon="-3.802122100" /><trkpt lat="53.071710009" lon="-3.802108866" /><trkpt lat="53.071721176" lon="-3.802095917" /><trkpt lat="53.071732346" lon="-3.802083243" /><trkpt lat="53.071743509" lon="-3.802070835" /><trkpt lat="53.071754655" lon="-3.802058686" /><trkpt lat="53.071765774" lon="-3.802046787" /><trkpt lat="53.071776857" lon="-3.802035130" /><trkpt lat="53.071787894" lon="-3.802023705" /><trkpt lat="53.071798875" lon="-3.802012505" /><trkpt lat="53.071809790" lon="-3.802001522" /><trkpt lat="53.071820629" lon="-3.801990746" /><trkpt lat="53.071831383" lon="-3.801980169" /><trkpt lat="53.071842041" lon="-3.801969783" /><trkpt lat="53.071852594" lon="-3.801959579" /><trkpt lat="53.071863033" lon="-3.801949550" /><trkpt lat="53.071873346" lon="-3.801939685" /><trkpt lat="53.071883525" lon="-3.801929978" /><trkpt lat="53.071893560" lon="-3.801920419" /><trkpt lat="53.071903440" lon="-3.801911001" /><trkpt lat="53.071915531" lon="-3.801899624" /><trkpt lat="53.071927627" lon="-3.801888542" /><trkpt lat="53.071939726" lon="-3.801877730" /><trkpt lat="53.071951821" lon="-3.801867162" /><trkpt lat="53.071963908" lon="-3.801856810" /><trkpt lat="53.071975983" lon="-3.801846649" /><trkpt lat="53.071988041" lon="-3.801836652" /><trkpt lat="53.072000076" lon="-3.801826794" /><trkpt lat="53.072012085" lon="-3.801817048" /><trkpt lat="53.072024064" lon="-3.801807388" /><trkpt lat="53.072036006" lon="-3.801797787" /><trkpt lat="53.072047908" lon="-3.801788220" /><trkpt lat="53.072059764" lon="-3.801778660" /><trkpt lat="53.072071571" lon="-3.801769080" /><trkpt lat="53.072083323" lon="-3.801759456" /><trkpt lat="53.072095017" lon="-3.801749760" /><trkpt lat="53.072106646" lon="-3.801739966" /><trkpt lat="53.072118207" lon="-3.801730048" /><trkpt lat="53.072129696" lon="-3.801719980" /><trkpt lat="53.072141106" lon="-3.801709736" /><trkpt lat="53.072152434" lon="-3.801699289" /><trkpt lat="53.072163675" lon="-3.801688613" /><trkpt lat="53.072174824" lon="-3.801677681" /><trkpt lat="53.072185877" lon="-3.801666469" /><trkpt lat="53.072196829" lon="-3.801654949" /><trkpt lat="53.072207676" lon="-3.801643095" /><trkpt lat="53.072218412" lon="-3.801630881" /><trkpt lat="53.072229033" lon="-3.801618281" /><trkpt lat="53.072239534" lon="-3.801605269" /><trkpt lat="53.072249912" lon="-3.801591818" /><trkpt lat="53.072260158" lon="-3.801578140" /><trkpt lat="53.072270276" lon="-3.801564466" /><trkpt lat="53.072280276" lon="-3.801550795" /><trkpt lat="53.072290168" lon="-3.801537129" /><trkpt lat="53.072299961" lon="-3.801523468" /><trkpt lat="53.072309667" lon="-3.801509811" /><trkpt lat="53.072319293" lon="-3.801496160" /><trkpt lat="53.072328851" lon="-3.801482515" /><trkpt lat="53.072338351" lon="-3.801468876" /><trkpt lat="53.072347802" lon="-3.801455243" /><trkpt lat="53.072357214" lon="-3.801441618" /><trkpt lat="53.072366597" lon="-3.801428000" /><trkpt lat="53.072375961" lon="-3.801414390" /><trkpt lat="53.072385316" lon="-3.801400787" /><trkpt lat="53.072394671" lon="-3.801387194" /><trkpt lat="53.072404038" lon="-3.801373609" /><trkpt lat="53.072413425" lon="-3.801360034" /><trkpt lat="53.072422843" lon="-3.801346468" /><trkpt lat="53.072432301" lon="-3.801332913" /><trkpt lat="53.072441810" lon="-3.801319368" /><trkpt lat="53.072451379" lon="-3.801305834" /><trkpt lat="53.072461018" lon="-3.801292311" /><trkpt lat="53.072470737" lon="-3.801278800" /><trkpt lat="53.072480546" lon="-3.801265301" /><trkpt lat="53.072490456" lon="-3.801251814" /><trkpt lat="53.072500475" lon="-3.801238340" /><trkpt lat="53.072510614" lon="-3.801224880" /><trkpt lat="53.072520882" lon="-3.801211433" /><trkpt lat="53.072531290" lon="-3.801198000" /><trkpt lat="53.072541848" lon="-3.801184582" /><trkpt lat="53.072550667" lon="-3.801173598" /><trkpt lat="53.072559863" lon="-3.801162401" /><trkpt lat="53.072569421" lon="-3.801151001" /><trkpt lat="53.072579323" lon="-3.801139408" /><trkpt lat="53.072589552" lon="-3.801127632" /><trkpt lat="53.072600090" lon="-3.801115684" /><trkpt lat="53.072610921" lon="-3.801103574" /><trkpt lat="53.072622027" lon="-3.801091311" /><trkpt lat="53.072633391" lon="-3.801078907" /><trkpt lat="53.072644996" lon="-3.801066370" /><trkpt lat="53.072656825" lon="-3.801053712" /><trkpt lat="53.072668860" lon="-3.801040942" /><trkpt lat="53.072681085" lon="-3.801028071" /><trkpt lat="53.072693482" lon="-3.801015109" /><trkpt lat="53.072706033" lon="-3.801002066" /><trkpt lat="53.072718723" lon="-3.800988952" /><trkpt lat="53.072731533" lon="-3.800975777" /><trkpt lat="53.072744447" lon="-3.800962552" /><trkpt lat="53.072757447" lon="-3.800949286" /><trkpt lat="53.072770516" lon="-3.800935990" /><trkpt lat="53.072783637" lon="-3.800922674" /><trkpt lat="53.072796792" lon="-3.800909349" /><trkpt lat="53.072809966" lon="-3.800896023" /><trkpt lat="53.072823139" lon="-3.800882709" /><trkpt lat="53.072836296" lon="-3.800869414" /><trkpt lat="53.072849419" lon="-3.800856151" /><trkpt lat="53.072862491" lon="-3.800842929" /><trkpt lat="53.072875494" lon="-3.800829757" /><trkpt lat="53.072888412" lon="-3.800816647" /><trkpt lat="53.072901227" lon="-3.800803609" /><trkpt lat="53.072913922" lon="-3.800790652" /><trkpt lat="53.072926480" lon="-3.800777787" /><trkpt lat="53.072938884" lon="-3.800765024" /><trkpt lat="53.072951117" lon="-3.800752373" /><trkpt lat="53.072963161" lon="-3.800739845" /><trkpt lat="53.072974999" lon="-3.800727448" /><trkpt lat="53.072986614" lon="-3.800715195" /><trkpt lat="53.073000447" lon="-3.800700232" /><trkpt lat="53.073013599" lon="-3.800685385" /><trkpt lat="53.073026095" lon="-3.800670654" /><trkpt lat="53.073037960" lon="-3.800656042" /><trkpt lat="53.073049218" lon="-3.800641549" /><trkpt lat="53.073059893" lon="-3.800627177" /><trkpt lat="53.073070010" lon="-3.800612928" /><trkpt lat="53.073079592" lon="-3.800598802" /><trkpt lat="53.073088666" lon="-3.800584800" /><trkpt lat="53.073097255" lon="-3.800570925" /><trkpt lat="53.073105383" lon="-3.800557178" /><trkpt lat="53.073113075" lon="-3.800543559" /><trkpt lat="53.073120355" lon="-3.800530071" /><trkpt lat="53.073127248" lon="-3.800516714" /><trkpt lat="53.073133778" lon="-3.800503489" /><trkpt lat="53.073139970" lon="-3.800490399" /><trkpt lat="53.073145847" lon="-3.800477444" /><trkpt lat="53.073151436" lon="-3.800464626" /><trkpt lat="53.073156759" lon="-3.800451946" /><trkpt lat="53.073161841" lon="-3.800439406" /><trkpt lat="53.073166707" lon="-3.800427006" /><trkpt lat="53.073171381" lon="-3.800414748" /><trkpt lat="53.073175888" lon="-3.800402634" /><trkpt lat="53.073180252" lon="-3.800390664" /><trkpt lat="53.073184497" lon="-3.800378841" /><trkpt lat="53.073188648" lon="-3.800367164" /><trkpt lat="53.073192730" lon="-3.800355637" /><trkpt lat="53.073196766" lon="-3.800344259" /><trkpt lat="53.073200781" lon="-3.800333032" /><trkpt lat="53.073204799" lon="-3.800321959" /><trkpt lat="53.073208250" lon="-3.800312039" /><trkpt lat="53.073211693" lon="-3.800301165" /><trkpt lat="53.073215130" lon="-3.800289383" /><trkpt lat="53.073218559" lon="-3.800276738" /><trkpt lat="53.073221979" lon="-3.800263279" /><trkpt lat="53.073225391" lon="-3.800249052" /><trkpt lat="53.073228794" lon="-3.800234103" /><trkpt lat="53.073232187" lon="-3.800218480" /><trkpt lat="53.073235569" lon="-3.800202228" /><trkpt lat="53.073238941" lon="-3.800185396" /><trkpt lat="53.073242300" lon="-3.800168029" /><trkpt lat="53.073245648" lon="-3.800150174" /><trkpt lat="53.073248983" lon="-3.800131879" /><trkpt lat="53.073252305" lon="-3.800113189" /><trkpt lat="53.073255613" lon="-3.800094151" /><trkpt lat="53.073258906" lon="-3.800074813" /><trkpt lat="53.073262185" lon="-3.800055221" /><trkpt lat="53.073265448" lon="-3.800035421" /><trkpt lat="53.073268695" lon="-3.800015461" /><trkpt lat="53.073271926" lon="-3.799995387" /><trkpt lat="53.073275139" lon="-3.799975246" /><trkpt lat="53.073278334" lon="-3.799955085" /><trkpt lat="53.073281512" lon="-3.799934950" /><trkpt lat="53.073284670" lon="-3.799914888" /><trkpt lat="53.073287809" lon="-3.799894946" /><trkpt lat="53.073290927" lon="-3.799875171" /><trkpt lat="53.073294026" lon="-3.799855609" /><trkpt lat="53.073297103" lon="-3.799836307" /><trkpt lat="53.073300158" lon="-3.799817312" /><trkpt lat="53.073303191" lon="-3.799798671" /><trkpt lat="53.073306202" lon="-3.799780430" /><trkpt lat="53.073309188" lon="-3.799762636" /><trkpt lat="53.073312151" lon="-3.799745335" /><trkpt lat="53.073315090" lon="-3.799728575" /><trkpt lat="53.073318003" lon="-3.799712403" /><trkpt lat="53.073321647" lon="-3.799694119" /><trkpt lat="53.073325793" lon="-3.799676279" /><trkpt lat="53.073330421" lon="-3.799658882" /><trkpt lat="53.073335506" lon="-3.799641925" /><trkpt lat="53.073341026" lon="-3.799625405" /><trkpt lat="53.073346958" lon="-3.799609320" /><trkpt lat="53.073353278" lon="-3.799593668" /><trkpt lat="53.073359965" lon="-3.799578447" /><trkpt lat="53.073366994" lon="-3.799563653" /><trkpt lat="53.073374344" lon="-3.799549285" /><trkpt lat="53.073381991" lon="-3.799535340" /><trkpt lat="53.073389912" lon="-3.799521816" /><trkpt lat="53.073398085" lon="-3.799508710" /><trkpt lat="53.073406486" lon="-3.799496021" /><trkpt lat="53.073415093" lon="-3.799483745" /><trkpt lat="53.073423882" lon="-3.799471880" /><trkpt lat="53.073432831" lon="-3.799460424" /><trkpt lat="53.073441917" lon="-3.799449375" /><trkpt lat="53.073451117" lon="-3.799438730" /><trkpt lat="53.073460407" lon="-3.799428486" /><trkpt lat="53.073469766" lon="-3.799418642" /><trkpt lat="53.073479170" lon="-3.799409195" /><trkpt lat="53.073488596" lon="-3.799400142" /><trkpt lat="53.073498021" lon="-3.799391482" /><trkpt lat="53.073507423" lon="-3.799383211" /><trkpt lat="53.073516778" lon="-3.799375328" /><trkpt lat="53.073526064" lon="-3.799367830" /><trkpt lat="53.073535257" lon="-3.799360715" /><trkpt lat="53.073544335" lon="-3.799353980" /><trkpt lat="53.073553274" lon="-3.799347622" /><trkpt lat="53.073562225" lon="-3.799341735" /><trkpt lat="53.073571346" lon="-3.799336402" /><trkpt lat="53.073580631" lon="-3.799331610" /><trkpt lat="53.073590073" lon="-3.799327345" /><trkpt lat="53.073599665" lon="-3.799323594" /><trkpt lat="53.073609401" lon="-3.799320344" /><trkpt lat="53.073619273" lon="-3.799317582" /><trkpt lat="53.073629274" lon="-3.799315293" /><trkpt lat="53.073639399" lon="-3.799313464" /><trkpt lat="53.073649640" lon="-3.799312083" /><trkpt lat="53.073659990" lon="-3.799311135" /><trkpt lat="53.073670442" lon="-3.799310608" /><trkpt lat="53.073680991" lon="-3.799310487" /><trkpt lat="53.073691628" lon="-3.799310759" /><trkpt lat="53.073702347" lon="-3.799311412" /><trkpt lat="53.073713141" lon="-3.799312431" /><trkpt lat="53.073724003" lon="-3.799313804" /><trkpt lat="53.073734928" lon="-3.799315516" /><trkpt lat="53.073745907" lon="-3.799317554" /><trkpt lat="53.073756933" lon="-3.799319905" /><trkpt lat="53.073768001" lon="-3.799322556" /><trkpt lat="53.073779104" lon="-3.799325493" /><trkpt lat="53.073790233" lon="-3.799328703" /><trkpt lat="53.073801384" lon="-3.799332172" /><trkpt lat="53.073812548" lon="-3.799335887" /><trkpt lat="53.073823719" lon="-3.799339834" /><trkpt lat="53.073834891" lon="-3.799344000" /><trkpt lat="53.073846056" lon="-3.799348372" /><trkpt lat="53.073857207" lon="-3.799352937" /><trkpt lat="53.073868339" lon="-3.799357680" /><trkpt lat="53.073879215" lon="-3.799362339" /><trkpt lat="53.073889625" lon="-3.799366669" /><trkpt lat="53.073899597" lon="-3.799370678" /><trkpt lat="53.073909159" lon="-3.799374375" /><trkpt lat="53.073918338" lon="-3.799377772" /><trkpt lat="53.073927162" lon="-3.799380876" /><trkpt lat="53.073935660" lon="-3.799383697" /><trkpt lat="53.073943859" lon="-3.799386246" /><trkpt lat="53.073951788" lon="-3.799388531" /><trkpt lat="53.073959474" lon="-3.799390562" /><trkpt lat="53.073966945" lon="-3.799392348" /><trkpt lat="53.073974229" lon="-3.799393900" /><trkpt lat="53.073981354" lon="-3.799395227" /><trkpt lat="53.073988348" lon="-3.799396338" /><trkpt lat="53.073995239" lon="-3.799397242" /><trkpt lat="53.074002054" lon="-3.799397950" /><trkpt lat="53.074008823" lon="-3.799398471" /><trkpt lat="53.074015572" lon="-3.799398814" /><trkpt lat="53.074022329" lon="-3.799398989" /><trkpt lat="53.074029123" lon="-3.799399006" /><trkpt lat="53.074035982" lon="-3.799398873" /><trkpt lat="53.074042933" lon="-3.799398601" /><trkpt lat="53.074050004" lon="-3.799398199" /><trkpt lat="53.074057224" lon="-3.799397677" /><trkpt lat="53.074064619" lon="-3.799397044" /><trkpt lat="53.074072219" lon="-3.799396309" /><trkpt lat="53.074080051" lon="-3.799395483" /><trkpt lat="53.074088143" lon="-3.799394574" /><trkpt lat="53.074096522" lon="-3.799393593" /><trkpt lat="53.074105218" lon="-3.799392548" /><trkpt lat="53.074114084" lon="-3.799391359" /><trkpt lat="53.074122958" lon="-3.799389947" /><trkpt lat="53.074131839" lon="-3.799388330" /><trkpt lat="53.074140728" lon="-3.799386523" /><trkpt lat="53.074149625" lon="-3.799384544" /><trkpt lat="53.074158530" lon="-3.799382408" /><trkpt lat="53.074167444" lon="-3.799380133" /><trkpt lat="53.074176366" lon="-3.799377734" /><trkpt lat="53.074185298" lon="-3.799375229" /><trkpt lat="53.074194239" lon="-3.799372634" /><trkpt lat="53.074203189" lon="-3.799369965" /><trkpt lat="53.074212149" lon="-3.799367239" /><trkpt lat="53.074221119" lon="-3.799364472" /><trkpt lat="53.074230099" lon="-3.799361682" /><trkpt lat="53.074239090" lon="-3.799358883" /><trkpt lat="53.074248092" lon="-3.799356094" /><trkpt lat="53.074257104" lon="-3.799353330" /><trkpt lat="53.074266128" lon="-3.799350608" /><trkpt lat="53.074275163" lon="-3.799347945" /><trkpt lat="53.074284210" lon="-3.799345356" /><trkpt lat="53.074293269" lon="-3.799342859" /><trkpt lat="53.074302340" lon="-3.799340470" /><trkpt lat="53.074311424" lon="-3.799338206" /><trkpt lat="53.074320520" lon="-3.799336083" /><trkpt lat="53.074329630" lon="-3.799334117" /><trkpt lat="53.074338752" lon="-3.799332325" /><trkpt lat="53.074347888" lon="-3.799330724" /><trkpt lat="53.074357038" lon="-3.799329330" /><trkpt lat="53.074366202" lon="-3.799328160" /><trkpt lat="53.074375379" lon="-3.799327229" /><trkpt lat="53.074384466" lon="-3.799326357" /><trkpt lat="53.074393364" lon="-3.799325352" /><trkpt lat="53.074402085" lon="-3.799324214" /><trkpt lat="53.074410640" lon="-3.799322947" /><trkpt lat="53.074419041" lon="-3.799321552" /><trkpt lat="53.074427299" lon="-3.799320030" /><trkpt lat="53.074435427" lon="-3.799318385" /><trkpt lat="53.074443435" lon="-3.799316617" /><trkpt lat="53.074451335" lon="-3.799314728" /><trkpt lat="53.074459138" lon="-3.799312722" /><trkpt lat="53.074466858" lon="-3.799310598" /><trkpt lat="53.074474504" lon="-3.799308360" /><trkpt lat="53.074482088" lon="-3.799306008" /><trkpt lat="53.074489622" lon="-3.799303546" /><trkpt lat="53.074497118" lon="-3.799300974" /><trkpt lat="53.074504587" lon="-3.799298296" /><trkpt lat="53.074512041" lon="-3.799295511" /><trkpt lat="53.074519491" lon="-3.799292624" /><trkpt lat="53.074526949" lon="-3.799289634" /><trkpt lat="53.074534427" lon="-3.799286545" /><trkpt lat="53.074541935" lon="-3.799283358" /><trkpt lat="53.074549486" lon="-3.799280075" /><trkpt lat="53.074557091" lon="-3.799276698" /><trkpt lat="53.074564762" lon="-3.799273228" /><trkpt lat="53.074572510" lon="-3.799269669" /><trkpt lat="53.074580347" lon="-3.799266020" /><trkpt lat="53.074588284" lon="-3.799262285" /><trkpt lat="53.074596333" lon="-3.799258466" /><trkpt lat="53.074604506" lon="-3.799254563" /><trkpt lat="53.074612814" lon="-3.799250580" /><trkpt lat="53.074620488" lon="-3.799246644" /><trkpt lat="53.074628697" lon="-3.799241998" /><trkpt lat="53.074637398" lon="-3.799236729" /><trkpt lat="53.074646551" lon="-3.799230929" /><trkpt lat="53.074656114" lon="-3.799224686" /><trkpt lat="53.074666046" lon="-3.799218091" /><trkpt lat="53.074676307" lon="-3.799211233" /><trkpt lat="53.074686854" lon="-3.799204202" /><trkpt lat="53.074697647" lon="-3.799197088" /><trkpt lat="53.074708644" lon="-3.799189980" /><trkpt lat="53.074719804" lon="-3.799182968" /><trkpt lat="53.074731086" lon="-3.799176141" /><trkpt lat="53.074742448" lon="-3.799169590" /><trkpt lat="53.074753850" lon="-3.799163404" /><trkpt lat="53.074765250" lon="-3.799157673" /><trkpt lat="53.074776608" lon="-3.799152487" /><trkpt lat="53.074787881" lon="-3.799147934" /><trkpt lat="53.074799028" lon="-3.799144106" /><trkpt lat="53.074810009" lon="-3.799141091" /><trkpt lat="53.074820782" lon="-3.799138980" /><trkpt lat="53.074831306" lon="-3.799137861" /><trkpt lat="53.074841539" lon="-3.799137826" /><trkpt lat="53.074851441" lon="-3.799138962" /><trkpt lat="53.074860970" lon="-3.799141361" /><trkpt lat="53.074870085" lon="-3.799145112" /><trkpt lat="53.074878745" lon="-3.799150304" /><trkpt lat="53.074886909" lon="-3.799157027" /><trkpt lat="53.074894535" lon="-3.799165372" /><trkpt lat="53.074901582" lon="-3.799175427" /><trkpt lat="53.074908008" lon="-3.799187282" /><trkpt lat="53.074913774" lon="-3.799201028" /><trkpt lat="53.074918837" lon="-3.799216753" /><trkpt lat="53.074923156" lon="-3.799234548" /><trkpt lat="53.074926691" lon="-3.799254501" /><trkpt lat="53.074929711" lon="-3.799274940" /><trkpt lat="53.074932705" lon="-3.799295320" /><trkpt lat="53.074935684" lon="-3.799315624" /><trkpt lat="53.074938659" lon="-3.799335832" /><trkpt lat="53.074941644" lon="-3.799355925" /><trkpt lat="53.074944650" lon="-3.799375885" /><trkpt lat="53.074947690" lon="-3.799395693" /><trkpt lat="53.074950776" lon="-3.799415330" /><trkpt lat="53.074953920" lon="-3.799434778" /><trkpt lat="53.074957133" lon="-3.799454017" /><trkpt lat="53.074960429" lon="-3.799473029" /><trkpt lat="53.074963820" lon="-3.799491796" /><trkpt lat="53.074967317" lon="-3.799510298" /><trkpt lat="53.074970933" lon="-3.799528516" /><trkpt lat="53.074974680" lon="-3.799546432" /><trkpt lat="53.074978570" lon="-3.799564027" /><trkpt lat="53.074982616" lon="-3.799581283" /><trkpt lat="53.074986829" lon="-3.799598180" /><trkpt lat="53.074991222" lon="-3.799614700" /><trkpt lat="53.074995806" lon="-3.799630824" /><trkpt lat="53.075000595" lon="-3.799646533" /><trkpt lat="53.075005600" lon="-3.799661809" /><trkpt lat="53.075010834" lon="-3.799676632" /><trkpt lat="53.075016308" lon="-3.799690984" /><trkpt lat="53.075022035" lon="-3.799704846" /><trkpt lat="53.075028027" lon="-3.799718200" /><trkpt lat="53.075034296" lon="-3.799731027" /><trkpt lat="53.075040854" lon="-3.799743307" /><trkpt lat="53.075047714" lon="-3.799755022" /><trkpt lat="53.075054887" lon="-3.799766154" /><trkpt lat="53.075062387" lon="-3.799776683" /><trkpt lat="53.075070224" lon="-3.799786591" /><trkpt lat="53.075078412" lon="-3.799795860" /><trkpt lat="53.075086962" lon="-3.799804469" /><trkpt lat="53.075095886" lon="-3.799812401" /><trkpt lat="53.075106181" lon="-3.799820852" /><trkpt lat="53.075117099" lon="-3.799829600" /><trkpt lat="53.075128606" lon="-3.799838627" /><trkpt lat="53.075140666" lon="-3.799847920" /><trkpt lat="53.075153243" lon="-3.799857463" /><trkpt lat="53.075166302" lon="-3.799867239" /><trkpt lat="53.075179807" lon="-3.799877233" /><trkpt lat="53.075193722" lon="-3.799887430" /><trkpt lat="53.075208012" lon="-3.799897815" /><trkpt lat="53.075222641" lon="-3.799908371" /><trkpt lat="53.075237573" lon="-3.799919083" /><trkpt lat="53.075252773" lon="-3.799929936" /><trkpt lat="53.075268206" lon="-3.799940914" /><trkpt lat="53.075283835" lon="-3.799952001" /><trkpt lat="53.075299625" lon="-3.799963182" /><trkpt lat="53.075315540" lon="-3.799974442" /><trkpt lat="53.075331545" lon="-3.799985765" /><trkpt lat="53.075347604" lon="-3.799997134" /><trkpt lat="53.075363682" lon="-3.800008536" /><trkpt lat="53.075379742" lon="-3.800019954" /><trkpt lat="53.075395749" lon="-3.800031373" /><trkpt lat="53.075411668" lon="-3.800042776" /><trkpt lat="53.075427463" lon="-3.800054150" /><trkpt lat="53.075443098" lon="-3.800065477" /><trkpt lat="53.075458538" lon="-3.800076743" /><trkpt lat="53.075473747" lon="-3.800087932" /><trkpt lat="53.075488689" lon="-3.800099028" /><trkpt lat="53.075503329" lon="-3.800110016" /><trkpt lat="53.075517632" lon="-3.800120881" /><trkpt lat="53.075531560" lon="-3.800131606" /><trkpt lat="53.075545080" lon="-3.800142176" /><trkpt lat="53.075558155" lon="-3.800152576" /><trkpt lat="53.075570670" lon="-3.800162725" /><trkpt lat="53.075583299" lon="-3.800173169" /><trkpt lat="53.075596025" lon="-3.800183897" /><trkpt lat="53.075608828" lon="-3.800194897" /><trkpt lat="53.075621690" lon="-3.800206158" /><trkpt lat="53.075634592" lon="-3.800217668" /><trkpt lat="53.075647516" lon="-3.800229417" /><trkpt lat="53.075660444" lon="-3.800241392" /><trkpt lat="53.075673356" lon="-3.800253582" /><trkpt lat="53.075686234" lon="-3.800265977" /><trkpt lat="53.075699060" lon="-3.800278564" /><trkpt lat="53.075711814" lon="-3.800291331" /><trkpt lat="53.075724479" lon="-3.800304269" /><trkpt lat="53.075737036" lon="-3.800317364" /><trkpt lat="53.075749466" lon="-3.800330607" /><trkpt lat="53.075761751" lon="-3.800343984" /><trkpt lat="53.075773872" lon="-3.800357486" /><trkpt lat="53.075785811" lon="-3.800371100" /><trkpt lat="53.075797549" lon="-3.800384815" /><trkpt lat="53.075809067" lon="-3.800398620" /><trkpt lat="53.075820347" lon="-3.800412504" /><trkpt lat="53.075831370" lon="-3.800426454" /><trkpt lat="53.075842118" lon="-3.800440459" /><trkpt lat="53.075852573" lon="-3.800454509" /><trkpt lat="53.075862715" lon="-3.800468591" /><trkpt lat="53.075872526" lon="-3.800482694" /><trkpt lat="53.075881988" lon="-3.800496807" /><trkpt lat="53.075891081" lon="-3.800510918" /><trkpt lat="53.075899788" lon="-3.800525017" /><trkpt lat="53.075908090" lon="-3.800539090" /><trkpt lat="53.075915968" lon="-3.800553128" /><trkpt lat="53.075923404" lon="-3.800567119" /><trkpt lat="53.075930379" lon="-3.800581051" /><trkpt lat="53.075937748" lon="-3.800596491" /><trkpt lat="53.075945036" lon="-3.800612201" /><trkpt lat="53.075952252" lon="-3.800628136" /><trkpt lat="53.075959407" lon="-3.800644248" /><trkpt lat="53.075966511" lon="-3.800660490" /><trkpt lat="53.075973572" lon="-3.800676816" /><trkpt lat="53.075980600" lon="-3.800693179" /><trkpt lat="53.075987605" lon="-3.800709532" /><trkpt lat="53.075994597" lon="-3.800725829" /><trkpt lat="53.076001584" lon="-3.800742022" /><trkpt lat="53.076008578" lon="-3.800758064" /><trkpt lat="53.076015586" lon="-3.800773909" /><trkpt lat="53.076022620" lon="-3.800789510" /><trkpt lat="53.076029688" lon="-3.800804820" /><trkpt lat="53.076036800" lon="-3.800819793" /><trkpt lat="53.076043966" lon="-3.800834381" /><trkpt lat="53.076051195" lon="-3.800848538" /><trkpt lat="53.076058497" lon="-3.800862217" /><trkpt lat="53.076065882" lon="-3.800875371" /><trkpt lat="53.076073359" lon="-3.800887953" /><trkpt lat="53.076080937" lon="-3.800899917" /><trkpt lat="53.076088627" lon="-3.800911216" /><trkpt lat="53.076096438" lon="-3.800921802" /><trkpt lat="53.076104379" lon="-3.800931629" /><trkpt lat="53.076112461" lon="-3.800940651" /><trkpt lat="53.076120692" lon="-3.800948820" /><trkpt lat="53.076129083" lon="-3.800956090" /><trkpt lat="53.076137642" lon="-3.800962413" /><trkpt lat="53.076146380" lon="-3.800967743" /><trkpt lat="53.076155306" lon="-3.800972034" /><trkpt lat="53.076164328" lon="-3.800975638" /><trkpt lat="53.076173349" lon="-3.800978942" /><trkpt lat="53.076182368" lon="-3.800981947" /><trkpt lat="53.076191390" lon="-3.800984656" /><trkpt lat="53.076200414" lon="-3.800987071" /><trkpt lat="53.076209443" lon="-3.800989196" /><trkpt lat="53.076218479" lon="-3.800991031" /><trkpt lat="53.076227523" lon="-3.800992579" /><trkpt lat="53.076236576" lon="-3.800993843" /><trkpt lat="53.076245641" lon="-3.800994825" /><trkpt lat="53.076254719" lon="-3.800995527" /><trkpt lat="53.076263812" lon="-3.800995952" /><trkpt lat="53.076272921" lon="-3.800996101" /><trkpt lat="53.076282049" lon="-3.800995978" /><trkpt lat="53.076291196" lon="-3.800995584" /><trkpt lat="53.076300365" lon="-3.800994922" /><trkpt lat="53.076309557" lon="-3.800993994" /><trkpt lat="53.076318774" lon="-3.800992802" /><trkpt lat="53.076328017" lon="-3.800991349" /><trkpt lat="53.076337288" lon="-3.800989637" /><trkpt lat="53.076346590" lon="-3.800987669" /><trkpt lat="53.076355922" lon="-3.800985446" /><trkpt lat="53.076365288" lon="-3.800982971" /><trkpt lat="53.076374689" lon="-3.800980246" /><trkpt lat="53.076384126" lon="-3.800977274" /><trkpt lat="53.076393602" lon="-3.800974057" /><trkpt lat="53.076403117" lon="-3.800970597" /><trkpt lat="53.076412674" lon="-3.800966897" /><trkpt lat="53.076422275" lon="-3.800962958" /><trkpt lat="53.076431920" lon="-3.800958784" /><trkpt lat="53.076441892" lon="-3.800954301" /><trkpt lat="53.076452446" lon="-3.800949465" /><trkpt lat="53.076463539" lon="-3.800944319" /><trkpt lat="53.076475132" lon="-3.800938905" /><trkpt lat="53.076487183" lon="-3.800933268" /><trkpt lat="53.076499651" lon="-3.800927450" /><trkpt lat="53.076512494" lon="-3.800921494" /><trkpt lat="53.076525671" lon="-3.800915443" /><trkpt lat="53.076539142" lon="-3.800909341" /><trkpt lat="53.076552865" lon="-3.800903231" /><trkpt lat="53.076566799" lon="-3.800897155" /><trkpt lat="53.076580904" lon="-3.800891157" /><trkpt lat="53.076595136" lon="-3.800885281" /><trkpt lat="53.076609457" lon="-3.800879568" /><trkpt lat="53.076623824" lon="-3.800874062" /><trkpt lat="53.076638196" lon="-3.800868807" /><trkpt lat="53.076652533" lon="-3.800863845" /><trkpt lat="53.076666793" lon="-3.800859220" /><trkpt lat="53.076680934" lon="-3.800854975" /><trkpt lat="53.076694917" lon="-3.800851152" /><trkpt lat="53.076708699" lon="-3.800847795" /><trkpt lat="53.076722240" lon="-3.800844948" /><trkpt lat="53.076735498" lon="-3.800842652" /><trkpt lat="53.076748432" lon="-3.800840952" /><trkpt lat="53.076761001" lon="-3.800839891" /><trkpt lat="53.076773165" lon="-3.800839511" /><trkpt lat="53.076784881" lon="-3.800839855" /><trkpt lat="53.076796109" lon="-3.800840967" /><trkpt lat="53.076806808" lon="-3.800842891" /><trkpt lat="53.076816936" lon="-3.800845668" /><trkpt lat="53.076827029" lon="-3.800848965" /><trkpt lat="53.076837629" lon="-3.800852404" /><trkpt lat="53.076848703" lon="-3.800855968" /><trkpt lat="53.076860217" lon="-3.800859636" /><trkpt lat="53.076872141" lon="-3.800863390" /><trkpt lat="53.076884439" lon="-3.800867210" /><trkpt lat="53.076897081" lon="-3.800871077" /><trkpt lat="53.076910033" lon="-3.800874973" /><trkpt lat="53.076923263" lon="-3.800878877" /><trkpt lat="53.076936737" lon="-3.800882771" /><trkpt lat="53.076950423" lon="-3.800886636" /><trkpt lat="53.076964288" lon="-3.800890452" /><trkpt lat="53.076978300" lon="-3.800894201" /><trkpt lat="53.076992426" lon="-3.800897862" /><trkpt lat="53.077006633" lon="-3.800901418" /><trkpt lat="53.077020888" lon="-3.800904849" /><trkpt lat="53.077035159" lon="-3.800908135" /><trkpt lat="53.077049413" lon="-3.800911257" /><trkpt lat="53.077063616" lon="-3.800914197" /><trkpt lat="53.077077738" lon="-3.800916936" /><trkpt lat="53.077091744" lon="-3.800919453" /><trkpt lat="53.077105601" lon="-3.800921730" /><trkpt lat="53.077119278" lon="-3.800923748" /><trkpt lat="53.077132742" lon="-3.800925487" /><trkpt lat="53.077145959" lon="-3.800926929" /><trkpt lat="53.077158898" lon="-3.800928054" /><trkpt lat="53.077171524" lon="-3.800928843" /><trkpt lat="53.077183806" lon="-3.800929278" /><trkpt lat="53.077195711" lon="-3.800929337" /><trkpt lat="53.077207206" lon="-3.800929004" /><trkpt lat="53.077218583" lon="-3.800928330" /><trkpt lat="53.077230143" lon="-3.800927385" /><trkpt lat="53.077241871" lon="-3.800926174" /><trkpt lat="53.077253752" lon="-3.800924704" /><trkpt lat="53.077265769" lon="-3.800922981" /><trkpt lat="53.077277906" lon="-3.800921010" /><trkpt lat="53.077290149" lon="-3.800918798" /><trkpt lat="53.077302480" lon="-3.800916351" /><trkpt lat="53.077314884" lon="-3.800913674" /><trkpt lat="53.077327346" lon="-3.800910773" /><trkpt lat="53.077339849" lon="-3.800907655" /><trkpt lat="53.077352378" lon="-3.800904325" /><trkpt lat="53.077364917" lon="-3.800900790" /><trkpt lat="53.077377450" lon="-3.800897055" /><trkpt lat="53.077389961" lon="-3.800893126" /><trkpt lat="53.077402434" lon="-3.800889010" /><trkpt lat="53.077414854" lon="-3.800884712" /><trkpt lat="53.077427205" lon="-3.800880238" /><trkpt lat="53.077439471" lon="-3.800875594" /><trkpt lat="53.077451636" lon="-3.800870786" /><trkpt lat="53.077463684" lon="-3.800865820" /><trkpt lat="53.077475599" lon="-3.800860702" /><trkpt lat="53.077487367" lon="-3.800855439" /><trkpt lat="53.077498970" lon="-3.800850035" /><trkpt lat="53.077510393" lon="-3.800844497" /><trkpt lat="53.077521620" lon="-3.800838831" /><trkpt lat="53.077532636" lon="-3.800833043" /><trkpt lat="53.077543424" lon="-3.800827138" /><trkpt lat="53.077553969" lon="-3.800821124" /><trkpt lat="53.077564255" lon="-3.800815005" /><trkpt lat="53.077574706" lon="-3.800808617" /><trkpt lat="53.077585733" lon="-3.800801818" /><trkpt lat="53.077597297" lon="-3.800794643" /><trkpt lat="53.077609364" lon="-3.800787130" /><trkpt lat="53.077621894" lon="-3.800779316" /><trkpt lat="53.077634853" lon="-3.800771238" /><trkpt lat="53.077648203" lon="-3.800762934" /><trkpt lat="53.077661906" lon="-3.800754440" /><trkpt lat="53.077675927" lon="-3.800745793" /><trkpt lat="53.077690228" lon="-3.800737032" /><trkpt lat="53.077704773" lon="-3.800728191" /><trkpt lat="53.077719524" lon="-3.800719310" /><trkpt lat="53.077734445" lon="-3.800710425" /><trkpt lat="53.077749498" lon="-3.800701573" /><trkpt lat="53.077764648" lon="-3.800692791" /><trkpt lat="53.077779856" lon="-3.800684116" /><trkpt lat="53.077795087" lon="-3.800675586" /><trkpt lat="53.077810303" lon="-3.800667237" /><trkpt lat="53.077825468" lon="-3.800659107" /><trkpt lat="53.077840544" lon="-3.800651232" /><trkpt lat="53.077855495" lon="-3.800643650" /><trkpt lat="53.077870284" lon="-3.800636399" /><trkpt lat="53.077884874" lon="-3.800629514" /><trkpt lat="53.077899228" lon="-3.800623034" /><trkpt lat="53.077913309" lon="-3.800616994" /><trkpt lat="53.077927080" lon="-3.800611433" /><trkpt lat="53.077940505" lon="-3.800606388" /><trkpt lat="53.077953547" lon="-3.800601895" /><trkpt lat="53.077966168" lon="-3.800597992" /><trkpt lat="53.077978333" lon="-3.800594716" /><trkpt lat="53.077990247" lon="-3.800591810" /><trkpt lat="53.078002139" lon="-3.800588993" /><trkpt lat="53.078014005" lon="-3.800586265" /><trkpt lat="53.078025838" lon="-3.800583628" /><trkpt lat="53.078037635" lon="-3.800581082" /><trkpt lat="53.078049391" lon="-3.800578627" /><trkpt lat="53.078061099" lon="-3.800576264" /><trkpt lat="53.078072756" lon="-3.800573995" /><trkpt lat="53.078084357" lon="-3.800571819" /><trkpt lat="53.078095896" lon="-3.800569738" /><trkpt lat="53.078107368" lon="-3.800567751" /><trkpt lat="53.078118769" lon="-3.800565860" /><trkpt lat="53.078130093" lon="-3.800564066" /><trkpt lat="53.078141336" lon="-3.800562369" /><trkpt lat="53.078152493" lon="-3.800560769" /><trkpt lat="53.078163558" lon="-3.800559267" /><trkpt lat="53.078174528" lon="-3.800557865" /><trkpt lat="53.078185395" lon="-3.800556562" /><trkpt lat="53.078196157" lon="-3.800555360" /><trkpt lat="53.078206808" lon="-3.800554258" /><trkpt lat="53.078217342" lon="-3.800553259" /><trkpt lat="53.078227756" lon="-3.800552362" /><trkpt lat="53.078238043" lon="-3.800551567" /><trkpt lat="53.078248199" lon="-3.800550877" /><trkpt lat="53.078258220" lon="-3.800550291" /><trkpt lat="53.078268099" lon="-3.800549810" /><trkpt lat="53.078277833" lon="-3.800549434" /><trkpt lat="53.078287416" lon="-3.800549166" /><trkpt lat="53.078296843" lon="-3.800549004" /><trkpt lat="53.078306109" lon="-3.800548950" /><trkpt lat="53.078315135" lon="-3.800548941" /><trkpt lat="53.078323853" lon="-3.800548915" /><trkpt lat="53.078332281" lon="-3.800548872" /><trkpt lat="53.078340432" lon="-3.800548813" /><trkpt lat="53.078348323" lon="-3.800548739" /><trkpt lat="53.078355968" lon="-3.800548649" /><trkpt lat="53.078363383" lon="-3.800548546" /><trkpt lat="53.078370584" lon="-3.800548428" /><trkpt lat="53.078377586" lon="-3.800548298" /><trkpt lat="53.078384404" lon="-3.800548155" /><trkpt lat="53.078391054" lon="-3.800548000" /><trkpt lat="53.078397551" lon="-3.800547834" /><trkpt lat="53.078403911" lon="-3.800547657" /><trkpt lat="53.078410148" lon="-3.800547470" /><trkpt lat="53.078416279" lon="-3.800547273" /><trkpt lat="53.078422318" lon="-3.800547068" /><trkpt lat="53.078428282" lon="-3.800546854" /><trkpt lat="53.078434185" lon="-3.800546632" /><trkpt lat="53.078440043" lon="-3.800546403" /><trkpt lat="53.078445871" lon="-3.800546168" /><trkpt lat="53.078451685" lon="-3.800545927" /><trkpt lat="53.078457500" lon="-3.800545680" /><trkpt lat="53.078463331" lon="-3.800545429" /><trkpt lat="53.078469194" lon="-3.800545173" /><trkpt lat="53.078475105" lon="-3.800544914" /><trkpt lat="53.078481078" lon="-3.800544652" /><trkpt lat="53.078487129" lon="-3.800544387" /><trkpt lat="53.078493274" lon="-3.800544121" /><trkpt lat="53.078499527" lon="-3.800543853" /><trkpt lat="53.078505905" lon="-3.800543585" /></trkseg></trk></gpx>